# Blender 4.4.0
# www.blender.org
mtllib Meshy_AI_Sunburst_Skull_0606013808_texture.mtl
o Meshy_AI_Sunburst_Skull_0606013808_texture
v 0.596329 0.113351 0.218944
v 0.623592 0.133618 0.223848
v 0.552370 0.076673 0.220914
v 0.488658 0.110560 0.233015
v 0.490603 0.096420 0.236017
v 0.610372 0.114890 0.189815
v 0.509225 0.057832 0.229656
v 0.506810 0.060906 0.235852
v 0.533452 0.241100 0.247280
v 0.673264 0.198410 0.180626
v 0.636242 0.161119 0.155348
v 0.576404 0.176169 0.094879
v 0.613260 0.161759 0.107094
v 0.435679 0.212805 0.304132
v 0.710182 0.243425 0.166735
v 0.688120 0.243881 0.164591
v 0.523950 0.259565 0.036295
v 0.382736 0.001712 0.110293
v 0.320629 0.189052 0.431456
v 0.509202 0.292566 0.023662
v 0.324226 0.042766 0.151497
v 0.493328 0.374880 -0.013386
v 0.527549 0.289977 -0.188621
v 0.347809 -0.234782 0.391622
v 0.244808 0.386954 0.458300
v 0.302032 -0.058208 0.518448
v 0.217615 0.384308 0.489402
v 0.273372 0.586926 0.380987
v 0.179306 0.310360 0.530674
v 0.520266 0.341794 -0.249643
v 0.502952 0.318489 -0.290189
v 0.492168 0.395887 -0.141726
v 0.294113 -0.210776 0.174846
v 0.271519 0.541497 0.418123
v 0.478903 0.354360 -0.231496
v 0.496920 0.402129 -0.177213
v 0.253843 0.528897 0.431551
v 0.488201 0.371148 -0.221338
v 0.182822 0.471980 0.491946
v 0.108852 0.065931 0.598569
v 0.468755 0.324936 -0.271781
v 0.285153 -0.206153 0.456653
v 0.239744 0.669573 0.385941
v 0.464117 0.306263 -0.286726
v 0.499444 0.285259 -0.320160
v 0.084521 0.287706 0.571711
v 0.485747 0.276361 -0.335430
v 0.266539 -0.221765 0.214452
v 0.475478 0.280113 -0.343644
v 0.131008 -0.000545 0.608744
v 0.276623 -0.256103 0.286941
v 0.273510 -0.259882 0.256052
v 0.144094 -0.020940 0.621224
v 0.070214 0.242306 0.586176
v 0.469376 0.270894 -0.365759
v 0.090428 -0.045357 0.607331
v 0.216147 0.661976 0.489465
v 0.113120 0.674105 0.465718
v -0.034094 0.259440 0.589323
v 0.177720 0.621732 0.542756
v 0.283256 0.616919 0.601732
v 0.331349 -0.561697 0.318091
v 0.337345 -0.601314 0.313729
v -0.108782 0.313772 0.554448
v -0.083179 -0.014636 0.609883
v 0.051272 -0.125304 0.509630
v 0.000901 -0.212901 0.627296
v 0.291251 0.192059 -0.526826
v 0.367769 -0.722736 0.309759
v 0.375301 -0.828549 0.193852
v 0.350087 -0.724584 0.304302
v 0.348154 -0.839507 0.182311
v 0.368432 -0.867852 0.118430
v -0.126894 0.655291 0.479529
v 0.237054 0.248655 -0.565201
v 0.282201 -0.731760 0.166325
v 0.031194 -0.286624 0.626901
v -0.200509 0.400665 0.499054
v 0.358007 -0.867862 0.113319
v 0.370652 0.946672 0.632142
v 0.387537 0.918493 0.636206
v -0.238361 0.389770 0.491075
v 0.309819 0.614321 -0.507313
v 0.211999 0.234386 -0.571803
v 0.391557 0.942593 0.631929
v -0.281950 0.173966 0.496506
v 0.311737 -0.765760 0.184135
v 0.390552 -0.900825 0.257094
v -0.223698 0.638937 0.493870
v -0.217677 0.576562 0.575505
v -0.244109 0.649884 0.402141
v 0.344474 0.802966 -0.350250
v 0.118254 0.198557 -0.583218
v -0.371090 0.168552 0.358774
v -0.370911 0.181443 0.356099
v -0.344498 -0.014910 0.417269
v -0.351272 -0.010219 0.397910
v -0.357506 0.000720 0.390430
v -0.294106 0.584020 0.612368
v -0.311358 0.497271 0.347226
v -0.357865 -0.024210 0.402740
v -0.384889 0.282294 0.344781
v -0.423172 0.191447 0.352284
v -0.429679 0.182239 0.365345
v -0.311569 -0.206962 0.209269
v -0.298150 -0.135876 0.213817
v -0.010470 0.197320 -0.601935
v -0.311670 -0.185484 0.393172
v -0.481337 0.186792 0.338381
v -0.324663 -0.181552 0.354107
v -0.118405 0.186523 -0.589112
v -0.339276 -0.197994 0.364102
v -0.321820 -0.180665 0.340187
v -0.334669 0.108859 0.181703
v -0.516485 0.239298 0.278774
v -0.495816 0.106725 0.311819
v -0.573908 0.214066 0.313694
v -0.588434 0.210744 0.313247
v -0.439283 0.369798 0.177138
v -0.446230 0.372701 0.159973
v -0.354230 0.922327 0.601330
v -0.533774 0.156109 0.264742
v -0.523512 0.151061 0.264317
v -0.448808 0.373389 0.155002
v -0.195864 0.197066 -0.552764
v -0.616874 0.207477 0.300811
v -0.522856 0.109964 0.244704
v -0.524575 0.119781 0.262030
v -0.549679 0.158563 0.266169
v -0.370828 0.944303 0.635400
v -0.632895 0.200618 0.296846
v -0.396554 0.009839 0.141577
v -0.602945 0.241813 0.236447
v -0.219760 0.187715 -0.541577
v -0.266932 0.215765 -0.524449
v -0.406886 0.942540 0.640819
v -0.250231 0.249700 -0.554501
v -0.414509 0.002270 0.138281
v -0.578245 0.131258 0.238644
v -0.556880 0.109433 0.228820
v -0.685275 0.198611 0.231785
v -0.462937 0.040678 0.186410
v -0.693378 0.211524 0.214784
v -0.633524 0.128433 0.222410
v -0.550529 0.278699 0.071373
v -0.616092 0.125742 0.195053
v -0.667853 0.165293 0.189868
v -0.473353 0.092994 0.097502
v -0.685081 0.242918 0.157249
v -0.620968 0.105698 0.194081
v -0.623585 0.090086 0.189892
v -0.632408 0.144545 0.164905
v -0.702710 0.206728 0.149293
v -0.495150 0.404430 -0.055489
v -0.353019 0.224003 -0.449894
v -0.496009 0.408413 -0.094249
v -0.299832 0.676853 -0.497305
v -0.377841 0.223282 -0.420267
v -0.362238 0.212376 -0.437795
v -0.352340 0.206568 -0.438974
v -0.334282 -0.675690 0.228897
v -0.445060 -0.487473 0.175947
v -0.271185 0.827499 -0.437859
v -0.360899 -0.704400 0.234163
v -0.436276 -0.559544 0.328565
v -0.499053 0.246261 -0.322637
v -0.413154 0.242456 -0.371437
v -0.422744 0.259473 -0.355776
v -0.339240 -0.738065 0.191620
v -0.399845 -0.702812 0.238561
v -0.462456 -0.581934 0.298944
v -0.453253 -0.582082 0.235676
v -0.530466 0.277263 -0.221805
v -0.500452 -0.557938 0.267967
v -0.395400 -0.691642 0.196747
v -0.353907 -0.764610 0.156879
v -0.351718 -0.771925 0.170583
v -0.514474 0.357423 -0.224434
v -0.443190 -0.581287 0.267642
v -0.458092 -0.591198 0.268910
v -0.379245 -0.736864 0.172968
v -0.512376 0.355936 -0.247221
v -0.475784 0.343614 -0.259122
v -0.507300 -0.615157 0.287827
v -0.387141 -0.761990 0.307416
v -0.521680 0.353085 -0.250521
v -0.471710 -0.602533 0.269637
v -0.512328 -0.609001 0.282902
v -0.394575 -0.771728 0.308006
v -0.483592 0.337988 -0.251554
v -0.409342 -0.805044 0.265683
v -0.419987 -0.834164 0.288132
v -0.427685 -0.819486 0.303260
v -0.434026 -0.822626 0.289454
v 0.578216 0.109055 0.239695
v 0.560059 0.099415 0.234694
v 0.573807 0.096003 0.224520
v 0.577317 0.095200 0.213544
v 0.600256 0.114066 0.204309
v 0.609008 0.123711 0.222868
v 0.593111 0.121876 0.241677
v 0.620382 0.104002 0.199060
v 0.621980 0.107292 0.209546
v 0.628944 0.110724 0.217729
v 0.641702 0.112962 0.221487
v 0.657683 0.115165 0.216884
v 0.645879 0.138020 0.215829
v 0.640649 0.159465 0.213461
v 0.626057 0.155714 0.230581
v 0.611253 0.150874 0.249992
v 0.602616 0.134100 0.244172
v 0.557976 0.080636 0.229583
v 0.566502 0.067644 0.230424
v 0.560890 0.056959 0.223741
v 0.531654 0.055528 0.223815
v 0.545947 0.078377 0.214390
v 0.550025 0.041986 0.224927
v 0.578050 0.097325 0.200897
v 0.495053 0.116430 0.243376
v 0.495795 0.140844 0.243320
v 0.482252 0.137877 0.247378
v 0.470544 0.131636 0.258118
v 0.479014 0.111199 0.243934
v 0.504951 0.096209 0.262072
v 0.507625 0.119315 0.256785
v 0.483003 0.086338 0.238274
v 0.509034 0.058761 0.246699
v 0.510967 0.060912 0.258258
v 0.470070 0.104048 0.251848
v 0.629816 0.118609 0.173419
v 0.638443 0.100532 0.176637
v 0.625277 0.100215 0.186513
v 0.601466 0.121467 0.178456
v 0.621773 0.132441 0.168770
v 0.574651 0.100857 0.189437
v 0.473941 0.050816 0.243088
v 0.489720 0.045388 0.213786
v 0.536167 0.074720 0.202502
v 0.473529 0.076333 0.246981
v 0.459043 0.057178 0.266096
v 0.574895 0.233693 0.230298
v 0.560045 0.239503 0.215205
v 0.507701 0.245956 0.247938
v 0.537254 0.235425 0.267511
v 0.584674 0.229683 0.246729
v 0.498485 0.242514 0.278371
v 0.652682 0.180630 0.189023
v 0.651964 0.177838 0.178212
v 0.670011 0.192068 0.165677
v 0.662994 0.195083 0.204633
v 0.648667 0.180200 0.208512
v 0.689157 0.206642 0.149364
v 0.695387 0.218132 0.160850
v 0.690799 0.218870 0.183630
v 0.676329 0.209927 0.204295
v 0.638585 0.144098 0.169200
v 0.616841 0.145022 0.158335
v 0.610901 0.149316 0.136821
v 0.629019 0.159711 0.125498
v 0.647204 0.172345 0.168398
v 0.646020 0.152402 0.176780
v 0.657006 0.176602 0.133235
v 0.665899 0.185881 0.151471
v 0.588767 0.164031 0.105645
v 0.570258 0.152663 0.121707
v 0.552223 0.159333 0.113437
v 0.575706 0.199136 0.076817
v 0.608817 0.191537 0.077538
v 0.611123 0.177037 0.086979
v 0.612292 0.170357 0.094176
v 0.600252 0.155210 0.117558
v 0.641255 0.168569 0.108418
v 0.453559 0.225814 0.301146
v 0.460635 0.234625 0.276137
v 0.446468 0.231105 0.273950
v 0.439048 0.209078 0.317411
v 0.452996 0.222416 0.315647
v 0.431920 0.236172 0.271200
v 0.414798 0.221108 0.302682
v 0.401268 0.206491 0.331574
v 0.411882 0.197808 0.323848
v 0.424502 0.192757 0.325237
v 0.703337 0.234125 0.151080
v 0.703116 0.243237 0.167268
v 0.699118 0.231104 0.186008
v 0.684151 0.242719 0.175194
v 0.694183 0.238811 0.182398
v 0.696699 0.243616 0.165266
v 0.697479 0.243033 0.150336
v 0.686172 0.244300 0.155458
v 0.676605 0.243711 0.167054
v 0.533971 0.257400 0.056874
v 0.539603 0.246029 0.048914
v 0.531848 0.244375 0.030649
v 0.511942 0.268296 0.069837
v 0.521885 0.266643 0.078462
v 0.536127 0.248994 -0.006062
v 0.529680 0.264910 -0.008572
v 0.523084 0.285660 -0.006331
v 0.516456 0.275305 0.027286
v 0.505546 0.279296 0.063088
v 0.407758 0.022122 0.093367
v 0.405319 0.019593 0.119358
v 0.390177 -0.015322 0.120776
v 0.401235 0.008370 0.017154
v 0.418039 0.021997 0.013173
v 0.369041 -0.078151 0.111413
v 0.358310 -0.075354 0.111442
v 0.348201 -0.079104 0.120517
v 0.381000 -0.015797 0.114499
v 0.386829 0.003663 0.026486
v 0.344064 0.181351 0.388661
v 0.369706 0.224031 0.348738
v 0.344768 0.238424 0.372729
v 0.322834 0.122501 0.445425
v 0.338535 0.127255 0.413787
v 0.291546 0.156294 0.483772
v 0.297941 0.104298 0.489277
v 0.300198 0.228988 0.450908
v 0.281729 0.195501 0.483913
v 0.322366 0.267300 0.406877
v 0.498946 0.296512 0.051464
v 0.506732 0.314769 -0.000852
v 0.491467 0.325810 0.030056
v 0.331330 0.011672 0.159166
v 0.304637 0.061574 0.269105
v 0.324683 0.122155 0.225383
v 0.337461 0.100830 0.086640
v 0.327263 0.045229 0.083606
v 0.340555 0.008755 0.141425
v 0.470678 0.352082 0.086762
v 0.472462 0.320251 0.097386
v 0.505142 0.355632 -0.044851
v 0.484815 0.411798 -0.040416
v 0.465070 0.393818 0.072290
v 0.534949 0.265269 -0.179962
v 0.497554 0.232016 -0.304972
v 0.498595 0.246104 -0.311204
v 0.491812 0.258294 -0.329150
v 0.517460 0.311893 -0.237701
v 0.517368 0.350570 -0.184729
v 0.522876 0.330845 -0.144681
v 0.364476 -0.158182 0.405061
v 0.351789 -0.149711 0.399686
v 0.337407 -0.204849 0.388916
v 0.371942 -0.240468 0.402288
v 0.384111 -0.163492 0.406431
v 0.323601 -0.243945 0.370376
v 0.329445 -0.268498 0.371387
v 0.223872 0.471117 0.456359
v 0.209990 0.464875 0.480827
v 0.259797 0.308459 0.469380
v 0.283855 0.290213 0.472531
v 0.278479 0.343680 0.438867
v 0.307193 -0.065576 0.483772
v 0.314029 -0.021493 0.477119
v 0.293188 -0.021099 0.510566
v 0.277958 -0.096089 0.524777
v 0.298746 -0.109927 0.487941
v 0.258099 -0.029496 0.544723
v 0.260039 -0.055829 0.555910
v 0.244526 -0.080606 0.553937
v 0.199636 0.388352 0.498220
v 0.276178 0.590793 0.390458
v 0.281871 0.560325 0.407542
v 0.271494 0.553553 0.405960
v 0.265873 0.556504 0.390687
v 0.308664 0.568985 0.333366
v 0.311017 0.617705 0.332974
v 0.259532 0.550746 0.406299
v 0.205580 0.285751 0.538249
v 0.209853 0.328574 0.523445
v 0.179597 0.332274 0.523927
v 0.148185 0.324750 0.544265
v 0.160191 0.299730 0.547782
v 0.522138 0.329434 -0.277741
v 0.499445 0.343198 -0.269153
v 0.499980 0.349538 -0.237473
v 0.517758 0.355772 -0.209360
v 0.511227 0.366767 -0.210563
v 0.515678 0.373994 -0.164676
v 0.500147 0.400682 -0.110382
v 0.513526 0.385273 -0.112364
v 0.512403 0.387615 -0.166225
v 0.469210 0.365426 -0.277911
v 0.470568 0.385906 -0.284492
v 0.489593 0.419318 -0.157660
v 0.310556 -0.189497 0.144026
v 0.300361 -0.262403 0.147058
v 0.290497 -0.265924 0.171907
v 0.280571 -0.281561 0.200148
v 0.279302 -0.262247 0.213485
v 0.276022 -0.255394 0.228851
v 0.287028 -0.209383 0.190331
v 0.261641 0.540534 0.413671
v 0.280160 0.541491 0.426979
v 0.274716 0.530546 0.437442
v 0.491090 0.353195 -0.236432
v 0.486579 0.340625 -0.267881
v 0.478564 0.359025 -0.235206
v 0.498277 0.369301 -0.216390
v 0.463548 0.336562 -0.282336
v 0.464713 0.346466 -0.285029
v 0.263093 0.519503 0.448656
v 0.227537 0.517910 0.459361
v 0.218981 0.506639 0.450766
v 0.248177 0.536425 0.417953
v 0.239592 0.511084 0.469709
v 0.200144 0.500718 0.473052
v 0.185041 0.507658 0.485163
v 0.172564 0.534734 0.496341
v 0.163300 0.522587 0.493987
v 0.149836 0.513133 0.501794
v 0.161534 0.455144 0.508807
v 0.107322 0.094120 0.599314
v 0.072468 0.083192 0.602350
v 0.092186 0.042899 0.616360
v 0.143927 0.041072 0.592816
v 0.154167 0.077830 0.597911
v 0.480846 0.311095 -0.286523
v 0.438837 0.266668 -0.327289
v 0.433557 0.278855 -0.332471
v 0.274343 -0.256045 0.411529
v 0.281714 -0.243976 0.399856
v 0.297539 -0.191893 0.432016
v 0.249123 -0.279321 0.482534
v 0.247872 -0.294552 0.431494
v 0.274718 -0.181245 0.496371
v 0.236898 -0.261213 0.523250
v 0.309292 -0.121653 0.459887
v 0.315199 -0.124618 0.440709
v 0.227601 0.687062 0.378213
v 0.185172 0.681352 0.420415
v 0.198354 0.665586 0.424652
v 0.208858 0.657545 0.429531
v 0.236776 0.660260 0.407446
v 0.250658 0.648662 0.394774
v 0.257218 0.656981 0.380756
v 0.121276 0.293975 0.559695
v 0.111428 0.322409 0.557426
v 0.090455 0.324918 0.571401
v 0.096339 0.272782 0.576145
v 0.135783 0.283951 0.570994
v 0.046727 0.246046 0.591535
v 0.054956 0.242945 0.586683
v 0.440976 0.209961 -0.416852
v 0.434068 0.224182 -0.422965
v 0.260909 -0.265472 0.233379
v 0.208828 -0.306233 0.218298
v 0.202560 -0.286997 0.216028
v 0.191865 -0.267785 0.224717
v 0.248908 -0.209426 0.212118
v 0.459947 0.274645 -0.342003
v 0.492318 0.314587 -0.290763
v 0.184668 -0.004663 0.588823
v 0.193901 0.041131 0.580447
v 0.183282 -0.025585 0.602665
v 0.074415 0.021552 0.616450
v 0.107344 -0.025071 0.616996
v 0.140273 -0.041960 0.616105
v 0.278217 -0.255472 0.308424
v 0.268876 -0.263301 0.312946
v 0.268632 -0.261487 0.295379
v 0.279778 -0.261464 0.278828
v 0.285831 -0.261418 0.306880
v 0.257424 -0.271573 0.272843
v 0.262061 -0.265202 0.264282
v 0.263456 -0.265748 0.284996
v 0.281952 -0.272130 0.278281
v 0.274336 -0.261823 0.243297
v 0.276563 -0.277048 0.236139
v 0.278450 -0.282387 0.253043
v 0.247214 -0.287293 0.258032
v 0.252246 -0.280081 0.249677
v 0.256547 -0.274654 0.241414
v 0.183122 -0.046309 0.604316
v 0.260734 -0.270788 0.293766
v 0.101346 0.264449 0.588999
v 0.050105 0.223118 0.592676
v 0.078561 0.228559 0.591876
v 0.423696 0.226800 -0.424315
v 0.416282 0.228692 -0.418866
v 0.142732 -0.058392 0.601819
v 0.057537 0.006091 0.606580
v 0.035742 -0.048409 0.614836
v 0.032303 -0.099228 0.620256
v 0.093410 -0.097655 0.610196
v 0.145544 -0.109767 0.598961
v 0.197603 0.655402 0.471237
v 0.171356 0.632724 0.481293
v 0.179793 0.638519 0.495267
v 0.243337 0.671819 0.460497
v 0.228359 0.667341 0.446806
v 0.215948 0.663406 0.509574
v 0.254238 0.681269 0.516303
v 0.260878 0.681267 0.496925
v 0.183299 0.642752 0.506391
v 0.155867 0.655792 0.458064
v 0.173525 0.696623 0.413183
v 0.096863 0.693846 0.453667
v 0.097561 0.653387 0.489624
v 0.139820 0.640361 0.474254
v -0.022139 0.253539 0.583124
v -0.035236 0.289672 0.577957
v -0.047113 0.287096 0.588899
v 0.175933 0.596823 0.545791
v 0.198050 0.600409 0.557368
v 0.196775 0.624644 0.546370
v 0.169749 0.626309 0.532222
v 0.161666 0.594811 0.535389
v 0.190671 0.642682 0.535727
v -0.077949 0.287375 0.575783
v -0.083017 0.266837 0.575693
v -0.053455 0.253687 0.593964
v -0.061999 0.283817 0.594538
v -0.119332 0.024151 0.608663
v -0.096266 0.015750 0.618266
v -0.072015 0.078485 0.605478
v -0.115083 0.059306 0.597303
v 0.244244 0.589120 0.586307
v 0.257886 0.573036 0.582957
v 0.301270 0.608507 0.606895
v 0.329550 0.660128 0.611861
v 0.313243 0.668991 0.607092
v 0.272810 0.633577 0.587011
v 0.235705 0.611771 0.581072
v 0.299101 0.677314 0.595284
v 0.316677 -0.550596 0.303573
v 0.306748 -0.617568 0.283333
v 0.324378 -0.622206 0.291707
v 0.345636 -0.601023 0.326860
v 0.350851 -0.553501 0.332419
v 0.339469 -0.630637 0.299806
v 0.340840 -0.637094 0.315063
v -0.127665 0.284312 0.567330
v -0.089927 0.325308 0.577382
v -0.094341 0.368683 0.565641
v -0.112870 0.360279 0.546985
v -0.148937 0.351153 0.542361
v -0.149911 0.306398 0.543077
v -0.176329 0.280826 0.559028
v -0.162936 -0.030185 0.611081
v -0.158872 -0.051766 0.602355
v -0.161893 -0.097385 0.596482
v -0.087943 -0.068712 0.610259
v -0.023697 -0.055350 0.614403
v -0.031369 -0.010019 0.613206
v -0.175559 0.350551 0.523263
v -0.196159 0.316784 0.521931
v 0.079251 -0.050578 0.507469
v 0.178468 -0.100669 0.484262
v 0.116281 -0.195993 0.490610
v -0.033107 -0.139208 0.511268
v -0.059828 -0.037072 0.509342
v 0.026931 -0.232383 0.507825
v 0.036119 -0.231888 0.622047
v 0.043545 -0.160808 0.626978
v -0.002968 -0.162102 0.630529
v -0.044434 -0.181848 0.631479
v -0.024363 -0.249737 0.622726
v 0.005208 -0.286489 0.623236
v 0.276996 0.190515 -0.517456
v 0.339047 0.198167 -0.466829
v 0.351640 0.199210 -0.471149
v 0.209467 0.197680 -0.572566
v 0.206286 0.199693 -0.563245
v 0.297034 0.187932 -0.539307
v 0.215120 0.187295 -0.583078
v 0.363282 0.198308 -0.479350
v 0.348268 -0.698838 0.312980
v 0.355780 -0.740314 0.293219
v 0.383250 -0.795514 0.306222
v 0.388396 -0.794603 0.294434
v 0.388516 -0.727320 0.312866
v 0.360862 -0.796004 0.289619
v 0.376867 -0.821312 0.170199
v 0.382825 -0.784678 0.166697
v 0.384529 -0.791211 0.192147
v 0.361320 -0.833129 0.181673
v 0.363794 -0.833904 0.170296
v 0.383653 -0.877836 0.224742
v 0.374169 -0.880510 0.213625
v 0.389998 -0.794328 0.217728
v 0.388654 -0.836370 0.223722
v 0.346363 -0.717681 0.286061
v 0.347023 -0.746554 0.278200
v 0.341352 -0.684956 0.298311
v 0.362637 -0.885006 0.209013
v 0.330857 -0.846345 0.190801
v 0.323761 -0.810607 0.187481
v 0.332137 -0.817635 0.172266
v 0.348520 -0.891145 0.209166
v 0.351652 -0.835032 0.167377
v 0.337376 -0.823439 0.160800
v 0.369379 -0.865466 0.126879
v 0.351581 -0.862730 0.119812
v 0.370212 -0.846944 0.104518
v 0.376906 -0.845898 0.113890
v 0.357510 -0.846889 0.099764
v -0.120239 0.679895 0.462423
v -0.192401 0.689923 0.411776
v -0.201001 0.673679 0.421302
v -0.214770 0.659721 0.421339
v -0.157171 0.639213 0.472310
v -0.128689 0.614235 0.495826
v -0.102231 0.624169 0.504445
v 0.205328 0.296478 -0.599446
v 0.229072 0.300611 -0.598264
v 0.246242 0.302385 -0.572674
v 0.262031 0.239868 -0.537548
v 0.262443 0.225011 -0.529412
v 0.280887 -0.700609 0.163684
v 0.279023 -0.701666 0.141437
v 0.282499 -0.743896 0.150730
v 0.295604 -0.774396 0.162368
v 0.290798 -0.750817 0.179000
v 0.285550 -0.705175 0.185023
v 0.069498 -0.246811 0.617402
v -0.004234 -0.316246 0.625383
v 0.039021 -0.309177 0.622819
v -0.187904 0.407352 0.510311
v -0.169837 0.467288 0.507235
v -0.181022 0.467984 0.516371
v -0.212104 0.445035 0.509699
v -0.227012 0.441385 0.489117
v -0.221740 0.417840 0.477990
v -0.222932 0.357969 0.507484
v -0.217286 0.304411 0.536122
v 0.348889 -0.842669 0.106167
v 0.338261 0.926791 0.619746
v 0.338914 0.922807 0.625960
v 0.366635 0.940527 0.632736
v 0.366971 0.942827 0.627409
v 0.342068 0.925496 0.613580
v 0.373400 0.945682 0.632778
v -0.185587 0.472493 0.531734
v 0.391471 0.922071 0.631818
v 0.392492 0.930015 0.636282
v 0.386451 0.922375 0.638641
v 0.376182 0.898958 0.628855
v 0.379465 0.899282 0.621825
v 0.373176 0.898558 0.635939
v -0.243919 0.429424 0.454336
v -0.251969 0.411795 0.449960
v -0.227186 0.322500 0.504371
v 0.271878 0.634239 -0.532888
v 0.296105 0.718738 -0.477732
v 0.337092 0.664332 -0.458349
v 0.325725 0.520891 -0.521630
v 0.279200 0.531762 -0.554948
v 0.393254 0.530093 -0.448308
v 0.260999 0.213409 -0.523076
v 0.205123 0.216540 -0.561209
v 0.125960 0.216464 -0.587407
v 0.134007 0.233613 -0.591826
v 0.391642 0.943702 0.627975
v 0.391909 0.946339 0.628963
v 0.391184 0.946282 0.632441
v 0.393224 0.938156 0.628098
v 0.391197 0.940227 0.625731
v 0.386954 0.948157 0.633774
v 0.385522 0.944184 0.634019
v 0.389627 0.939384 0.632767
v 0.388371 0.949705 0.631929
v 0.392950 0.936302 0.631313
v -0.274589 0.200169 0.508253
v -0.299940 0.259062 0.472790
v -0.297867 0.244507 0.458373
v -0.313810 0.231347 0.438908
v -0.314795 0.169454 0.455418
v -0.317799 0.108979 0.465967
v -0.280419 0.109844 0.516701
v 0.317914 -0.805736 0.205017
v 0.312102 -0.761738 0.209023
v 0.320952 -0.791077 0.166348
v -0.236003 0.318047 0.491292
v -0.256764 0.356694 0.460898
v -0.255280 0.296363 0.481080
v -0.267921 0.391382 0.439191
v 0.387874 -0.909406 0.249769
v 0.390339 -0.877859 0.243407
v 0.392922 -0.879807 0.259946
v 0.389430 -0.907156 0.267956
v 0.385572 -0.919060 0.263391
v -0.210747 0.637000 0.483480
v -0.246371 0.645930 0.449110
v -0.255497 0.649213 0.457745
v -0.175304 0.608189 0.519193
v -0.171385 0.605832 0.508036
v -0.220025 0.636373 0.514882
v -0.177987 0.608990 0.534276
v -0.265322 0.657586 0.489259
v -0.257865 0.654875 0.509555
v -0.206002 0.585126 0.561183
v -0.237360 0.604207 0.562228
v -0.244229 0.588626 0.581943
v -0.254294 0.568115 0.593182
v -0.212994 0.554407 0.580607
v -0.190945 0.556725 0.564891
v 0.349744 -0.910402 0.255666
v 0.348979 -0.923017 0.249858
v 0.355113 -0.936491 0.264578
v 0.355433 -0.912841 0.265693
v 0.370082 -0.944342 0.271915
v 0.373363 -0.939335 0.274143
v 0.370960 -0.940913 0.282496
v 0.364144 -0.944062 0.275975
v -0.253942 0.640393 0.398323
v -0.248617 0.634124 0.407727
v -0.223320 0.644011 0.426593
v -0.256340 0.673816 0.374579
v -0.268775 0.659786 0.375234
v 0.221944 0.200528 -0.550392
v 0.201563 0.206899 -0.560977
v 0.363852 0.772229 -0.345828
v 0.290088 0.739946 -0.484624
v 0.265274 0.747766 -0.497417
v 0.289876 0.817234 -0.418729
v 0.292446 0.856791 -0.377735
v 0.352371 0.839156 -0.286880
v 0.111116 0.188449 -0.599561
v 0.001448 0.181159 -0.608435
v 0.043267 0.210046 -0.604444
v -0.369205 0.145696 0.373793
v -0.365778 0.145596 0.374891
v -0.357849 0.150736 0.381048
v -0.358920 0.191310 0.370584
v -0.159157 -0.255371 0.464225
v -0.191492 -0.215440 0.456958
v -0.139031 -0.207453 0.483009
v -0.110005 -0.278681 0.481795
v -0.379769 0.194055 0.371627
v -0.387102 0.161409 0.381160
v -0.335350 -0.072818 0.423154
v -0.323277 -0.067512 0.461060
v -0.331776 -0.010851 0.452426
v -0.336216 0.055270 0.442237
v -0.346248 0.053409 0.419145
v -0.351806 0.052949 0.405840
v -0.344225 -0.077951 0.399932
v -0.358126 0.054761 0.395312
v -0.360966 -0.010558 0.402439
v -0.363301 0.012113 0.400762
v -0.364788 0.057380 0.391444
v -0.266724 0.549732 0.596574
v -0.286085 0.598488 0.597929
v -0.313760 0.575245 0.608215
v -0.284615 0.536366 0.598271
v -0.326487 0.631136 0.609548
v -0.343800 0.623175 0.607552
v -0.300748 0.448314 0.380537
v -0.288252 0.463196 0.390654
v -0.293591 0.507241 0.368358
v -0.292982 0.565481 0.363786
v -0.303075 0.570397 0.350392
v -0.338288 0.445813 0.328768
v -0.319474 0.424180 0.365244
v -0.340277 0.518521 0.300944
v -0.368266 0.455001 0.275889
v -0.328326 0.587791 0.317462
v -0.354049 0.248319 0.363769
v -0.362457 0.242542 0.354098
v -0.373519 0.243224 0.356476
v -0.364311 -0.035368 0.407189
v -0.351814 -0.086958 0.400501
v -0.370575 -0.011597 0.407936
v -0.312083 0.638753 0.603696
v -0.371451 0.295107 0.343219
v -0.382890 0.306281 0.331115
v -0.394798 0.285903 0.334006
v -0.395714 0.241353 0.352791
v -0.382457 0.243746 0.360126
v -0.416241 0.162989 0.362805
v -0.405242 0.157635 0.370221
v -0.403841 0.193962 0.362568
v -0.410641 0.239814 0.343168
v -0.438119 0.241239 0.327053
v -0.450138 0.201410 0.334249
v -0.452330 0.172785 0.344774
v -0.436837 0.171792 0.357226
v -0.440408 0.125324 0.368831
v -0.429022 0.121826 0.365609
v -0.304611 -0.221424 0.235981
v -0.312417 -0.230757 0.221627
v -0.323125 -0.211079 0.185432
v -0.336953 -0.152656 0.160996
v -0.315805 -0.168572 0.190764
v -0.301168 -0.218094 0.236353
v -0.252817 -0.207219 0.213302
v -0.257004 -0.233936 0.216238
v -0.285332 -0.196525 0.216921
v -0.293063 -0.109793 0.216634
v -0.245471 -0.185969 0.221198
v -0.308997 -0.174567 0.207342
v -0.325891 -0.101223 0.179092
v -0.102851 0.192561 -0.605670
v -0.121735 0.221178 -0.592378
v -0.040238 0.218894 -0.608389
v 0.040649 0.224801 -0.610001
v -0.307163 -0.200828 0.372167
v -0.297052 -0.225456 0.386363
v -0.297576 -0.207471 0.429566
v -0.319929 -0.146833 0.420066
v -0.323730 -0.150272 0.389569
v -0.313108 -0.187023 0.364336
v -0.336818 -0.037609 0.181786
v -0.330640 -0.022967 0.192069
v -0.358038 -0.024095 0.166367
v -0.482291 0.218505 0.321848
v -0.513262 0.219374 0.312375
v -0.515485 0.211335 0.320726
v -0.489400 0.181098 0.337399
v -0.472371 0.137701 0.355248
v -0.464396 0.133601 0.353936
v -0.336102 -0.146408 0.376365
v -0.348433 -0.153348 0.384277
v -0.310053 -0.191587 0.331755
v -0.304369 -0.205351 0.341020
v -0.329881 -0.206801 0.346138
v -0.320715 -0.194518 0.326029
v -0.195169 0.187805 -0.576005
v -0.209220 0.195970 -0.561028
v -0.192810 0.184561 -0.586742
v -0.364881 -0.156244 0.392562
v -0.355888 -0.202453 0.372083
v -0.342757 -0.246835 0.363198
v -0.333880 -0.246135 0.352039
v -0.354939 -0.249694 0.369585
v -0.325733 -0.215084 0.333107
v -0.329256 0.079645 0.177833
v -0.346231 0.104776 0.058640
v -0.361699 0.168160 0.079251
v -0.334189 0.168456 0.231972
v -0.308309 0.104044 0.269037
v -0.317784 0.061867 0.228674
v -0.471256 0.248024 0.298354
v -0.504663 0.261267 0.256591
v -0.540926 0.246130 0.267243
v -0.537576 0.236731 0.298397
v -0.495695 0.105635 0.333202
v -0.498003 0.136239 0.321583
v -0.503600 0.136887 0.304540
v -0.507252 0.065994 0.325198
v -0.512367 0.064634 0.337613
v -0.496247 0.097045 0.297573
v -0.501448 0.065635 0.313380
v -0.509882 0.139676 0.283078
v -0.504949 0.122033 0.281794
v -0.504909 0.111172 0.273433
v -0.547542 0.209013 0.316993
v -0.544440 0.219755 0.317259
v -0.569575 0.226648 0.305581
v -0.585228 0.205741 0.301752
v -0.566813 0.206329 0.304829
v -0.547574 0.202357 0.308625
v -0.598689 0.228007 0.290437
v -0.606479 0.218281 0.297219
v -0.608629 0.199981 0.295624
v -0.417696 0.358017 0.223240
v -0.408834 0.367579 0.227794
v -0.405497 0.379400 0.229927
v -0.454408 0.365552 0.178969
v -0.366284 0.927826 0.589887
v -0.379575 0.936313 0.612888
v -0.373423 0.937332 0.620236
v -0.368884 0.939478 0.628029
v -0.347866 0.922622 0.618900
v -0.517209 0.155534 0.280973
v -0.526878 0.170184 0.278439
v -0.545789 0.169580 0.264718
v -0.544935 0.149252 0.269520
v -0.543901 0.182595 0.275042
v -0.530220 0.137906 0.267150
v -0.518731 0.139912 0.264492
v -0.540743 0.135461 0.271745
v -0.398483 0.395852 0.239576
v -0.436611 0.394093 0.162144
v -0.468435 0.406868 0.083164
v -0.475713 0.392419 0.084396
v -0.248836 0.190163 -0.544922
v -0.236376 0.190229 -0.540375
v -0.192186 0.227666 -0.569916
v -0.626956 0.193121 0.289408
v -0.634389 0.218363 0.276417
v -0.643329 0.208964 0.280238
v -0.649410 0.198918 0.280203
v -0.505158 0.101237 0.262940
v -0.521928 0.113402 0.254681
v -0.536171 0.090526 0.248947
v -0.542640 0.096197 0.236612
v -0.512509 0.105731 0.239252
v -0.504724 0.093053 0.252458
v -0.536821 0.117729 0.229593
v -0.520814 0.120078 0.225345
v -0.531997 0.118050 0.268645
v -0.543903 0.092173 0.270084
v -0.537383 0.090293 0.260679
v -0.560292 0.174830 0.263955
v -0.559244 0.159043 0.265365
v -0.555851 0.145531 0.269572
v -0.226464 0.207568 -0.545295
v -0.223242 0.229573 -0.569495
v -0.386575 0.000294 0.154639
v -0.384551 -0.019079 0.151710
v -0.399039 -0.016261 0.145483
v -0.377574 0.945720 0.633817
v -0.369994 0.938580 0.635824
v -0.342657 0.923782 0.625867
v -0.346594 0.918462 0.630915
v -0.647987 0.186605 0.277684
v -0.396761 0.008910 0.095964
v -0.382342 0.005257 0.106607
v -0.401071 0.015641 0.128267
v -0.407984 0.016059 0.091527
v -0.403696 -0.008371 0.139021
v -0.584108 0.245214 0.246113
v -0.602848 0.242137 0.205382
v -0.619152 0.239434 0.212072
v -0.609702 0.239122 0.249820
v -0.586116 0.242115 0.268113
v -0.632263 0.237485 0.222371
v -0.284988 0.189407 -0.497995
v -0.299006 0.190549 -0.498797
v -0.404489 0.950665 0.633376
v -0.406493 0.950024 0.636222
v -0.403875 0.951680 0.636079
v -0.402075 0.952582 0.634235
v -0.276090 0.240915 -0.531531
v -0.239073 0.234344 -0.567026
v -0.403526 0.942157 0.639833
v -0.405835 0.945252 0.639362
v -0.405450 0.941549 0.637816
v -0.401013 0.929913 0.636626
v -0.398791 0.930687 0.638587
v -0.400595 0.931421 0.633016
v -0.245598 0.289511 -0.570031
v -0.232878 0.289778 -0.590317
v -0.280951 0.277373 -0.544633
v -0.395129 -0.068152 0.134209
v -0.401581 -0.062876 0.123920
v -0.412427 -0.060181 0.121792
v -0.422364 0.001318 0.139193
v -0.425133 0.045082 0.153484
v -0.425869 0.051969 0.140810
v -0.412213 0.027986 0.122644
v -0.573096 0.130247 0.256342
v -0.576839 0.141381 0.256612
v -0.591006 0.139791 0.242476
v -0.577728 0.131490 0.223536
v -0.570556 0.121090 0.232961
v -0.575745 0.120663 0.244586
v -0.572896 0.120777 0.256713
v -0.559411 0.079971 0.228577
v -0.569947 0.093486 0.225823
v -0.579457 0.102009 0.231334
v -0.571857 0.111941 0.233288
v -0.560313 0.123538 0.225407
v -0.546960 0.127576 0.220329
v -0.672215 0.189050 0.256048
v -0.674892 0.202621 0.255152
v -0.695577 0.207549 0.222647
v -0.687518 0.192896 0.214483
v -0.680413 0.185587 0.228388
v -0.456051 0.048381 0.186881
v -0.447808 0.027459 0.178057
v -0.461320 0.025818 0.181283
v -0.476263 0.045409 0.197211
v -0.473847 0.058321 0.197873
v -0.476867 0.026075 0.193749
v -0.670913 0.212907 0.253274
v -0.662281 0.221591 0.247669
v -0.682821 0.226467 0.209303
v -0.692020 0.234704 0.178751
v -0.701135 0.226248 0.181046
v -0.703999 0.215333 0.178001
v -0.694109 0.199255 0.202361
v -0.616084 0.137645 0.236394
v -0.624221 0.145609 0.246531
v -0.638351 0.144878 0.229824
v -0.652127 0.140366 0.219330
v -0.650776 0.121655 0.221048
v -0.623109 0.127114 0.217026
v -0.609750 0.132963 0.227526
v -0.647987 0.103697 0.227022
v -0.634596 0.110519 0.225295
v -0.625273 0.112995 0.218524
v -0.565638 0.259578 0.087791
v -0.552578 0.268401 0.132359
v -0.537485 0.284852 0.131666
v -0.546924 0.297563 0.003392
v -0.554062 0.280240 0.001157
v -0.560933 0.259831 0.055568
v -0.567502 0.249494 0.071934
v -0.618037 0.126390 0.209281
v -0.619990 0.112047 0.209254
v -0.596010 0.126922 0.209791
v -0.601154 0.129630 0.220676
v -0.607220 0.132260 0.181693
v -0.587247 0.128548 0.198201
v -0.636290 0.125931 0.173119
v -0.637995 0.105001 0.178247
v -0.664263 0.160589 0.206373
v -0.676798 0.178863 0.209732
v -0.684702 0.186285 0.195516
v -0.667291 0.136851 0.194660
v -0.663120 0.137845 0.208101
v -0.699475 0.202527 0.173509
v -0.688505 0.189093 0.168990
v -0.678318 0.179115 0.161519
v -0.661739 0.158783 0.178669
v -0.664140 0.134521 0.182827
v -0.456359 0.092558 0.134302
v -0.470538 0.120809 0.149455
v -0.482286 0.126225 0.126176
v -0.504844 0.144217 0.091489
v -0.502688 0.127629 0.072359
v -0.438422 0.054291 0.092237
v -0.431362 0.055428 0.123220
v -0.681531 0.239840 0.173822
v -0.671301 0.242302 0.167841
v -0.679251 0.243925 0.148465
v -0.687916 0.242631 0.138640
v -0.693580 0.242660 0.153338
v -0.613122 0.102103 0.213819
v -0.611527 0.093607 0.203129
v -0.615093 0.080391 0.197569
v -0.635013 0.084512 0.185361
v -0.623382 0.069035 0.198170
v -0.613572 0.143231 0.147771
v -0.592658 0.134616 0.167863
v -0.651950 0.152326 0.170128
v -0.665821 0.170302 0.152505
v -0.649938 0.162147 0.142057
v -0.629855 0.155142 0.126800
v -0.652809 0.130169 0.173825
v -0.706186 0.220646 0.147230
v -0.702557 0.216055 0.131919
v -0.695437 0.196420 0.142017
v -0.495019 0.407385 0.001534
v -0.489724 0.414275 -0.006626
v -0.504939 0.398670 -0.063960
v -0.505387 0.397296 0.001537
v -0.501087 0.397272 -0.119703
v -0.357634 0.246224 -0.459379
v -0.416119 0.265323 -0.373383
v -0.422421 0.284791 -0.373430
v -0.488812 0.428463 -0.013330
v -0.492548 0.422189 -0.116017
v -0.277586 0.702875 -0.509099
v -0.269777 0.602386 -0.548737
v -0.299472 0.592888 -0.527698
v -0.357460 0.589787 -0.472660
v -0.323508 0.710205 -0.458226
v -0.308846 0.756502 -0.457982
v -0.321280 0.193501 -0.491511
v -0.323661 -0.613906 0.237081
v -0.329148 -0.613315 0.255298
v -0.333925 -0.668584 0.250980
v -0.347480 -0.701780 0.252225
v -0.332187 -0.668785 0.212790
v -0.327511 -0.612125 0.221819
v -0.364042 -0.714899 0.218436
v -0.346971 -0.708409 0.214572
v -0.339209 -0.702798 0.205468
v -0.426946 -0.474774 0.159289
v -0.424705 -0.526974 0.158958
v -0.436070 -0.536027 0.173234
v -0.446373 -0.559865 0.204997
v -0.460480 -0.541123 0.207404
v -0.468660 -0.527906 0.214579
v -0.453409 -0.474746 0.190593
v -0.295754 0.788084 -0.441780
v -0.338604 0.838175 -0.328842
v -0.333901 0.851921 -0.319313
v -0.245390 0.739282 -0.515662
v -0.262032 0.729751 -0.521481
v -0.194004 0.848450 -0.492663
v -0.194246 0.770184 -0.531853
v -0.329025 0.867355 -0.306670
v -0.265487 0.874090 -0.404338
v -0.192255 0.880870 -0.475285
v -0.364544 -0.728172 0.259231
v -0.381508 -0.718692 0.250603
v -0.389187 -0.700148 0.222174
v -0.383245 -0.709516 0.211828
v -0.419716 -0.506398 0.339448
v -0.430738 -0.506168 0.335262
v -0.449943 -0.553785 0.323823
v -0.420360 -0.558207 0.332878
v -0.408960 -0.508014 0.343708
v -0.431637 -0.598680 0.320983
v -0.419819 -0.598266 0.329487
v -0.453074 -0.577259 0.299882
v -0.444304 -0.582307 0.303421
v -0.445222 0.201094 -0.408577
v -0.446965 0.191300 -0.397627
v -0.501319 0.227223 -0.306171
v -0.496126 0.257584 -0.334105
v -0.443632 0.209989 -0.418578
v -0.538647 0.257905 -0.201487
v -0.512627 0.392731 -0.115348
v -0.518913 0.387054 -0.175054
v -0.520794 0.376133 -0.135126
v -0.411420 0.229855 -0.404759
v -0.443201 0.259072 -0.352557
v -0.544544 0.240394 -0.189179
v -0.482494 0.309803 -0.286727
v -0.469108 0.327089 -0.276388
v -0.336680 -0.741206 0.184657
v -0.331713 -0.720636 0.183677
v -0.336456 -0.723065 0.192770
v -0.342361 -0.727046 0.201005
v -0.345059 -0.743482 0.194803
v -0.342972 -0.751386 0.187739
v -0.417171 -0.702293 0.251568
v -0.418042 -0.669104 0.247918
v -0.410498 -0.674223 0.227655
v -0.403141 -0.681064 0.211119
v -0.457160 -0.551583 0.323883
v -0.468817 -0.547309 0.325184
v -0.476891 -0.578554 0.310156
v -0.483073 -0.596464 0.296957
v -0.474735 -0.601370 0.285816
v -0.448107 -0.584220 0.279119
v -0.431564 -0.592247 0.230973
v -0.434428 -0.594768 0.252494
v -0.446162 -0.586392 0.257001
v -0.468547 -0.596702 0.249245
v -0.429964 -0.582284 0.201970
v -0.473826 -0.574734 0.227325
v -0.483467 -0.594511 0.240459
v -0.533350 0.300229 -0.188401
v -0.525334 0.323570 -0.249312
v -0.529339 0.299328 -0.288794
v -0.503031 -0.562467 0.276852
v -0.489402 -0.537513 0.279596
v -0.490393 -0.539905 0.266313
v -0.491172 -0.544907 0.253483
v -0.503093 -0.566507 0.260434
v -0.508870 -0.575536 0.269319
v -0.410170 -0.647921 0.201834
v -0.405880 -0.651537 0.185046
v -0.383299 -0.724289 0.192614
v -0.375975 -0.730689 0.203433
v -0.400789 -0.653209 0.170716
v -0.392022 -0.692131 0.179766
v -0.383867 -0.722355 0.181632
v -0.351922 -0.756025 0.153531
v -0.345198 -0.756226 0.157474
v -0.349835 -0.767242 0.160990
v -0.355718 -0.770740 0.166283
v -0.359599 -0.766119 0.159873
v -0.359577 -0.755708 0.154873
v -0.353145 -0.770082 0.176627
v -0.360618 -0.768883 0.172665
v -0.346348 -0.766751 0.167672
v -0.345083 -0.765641 0.175626
v -0.526029 0.349853 -0.155987
v -0.505454 0.396282 -0.186681
v -0.521238 0.340257 -0.232574
v -0.532918 0.324213 -0.172957
v -0.437054 -0.593703 0.268744
v -0.440166 -0.590539 0.284799
v -0.481915 -0.606203 0.260599
v -0.378151 -0.742519 0.179220
v -0.382754 -0.720696 0.170819
v -0.375980 -0.741228 0.167316
v -0.374474 -0.750085 0.173752
v -0.379238 -0.721342 0.160574
v -0.494262 0.340329 -0.263447
v -0.505441 0.340751 -0.266411
v -0.520050 0.336827 -0.266242
v -0.489874 0.391629 -0.206397
v -0.470537 0.355504 -0.287230
v -0.502525 -0.605456 0.293808
v -0.512095 -0.599742 0.290050
v -0.503147 -0.613322 0.278122
v -0.493629 -0.608500 0.287434
v -0.511212 -0.607476 0.274958
v -0.374090 -0.753482 0.316075
v -0.384127 -0.749086 0.316723
v -0.386671 -0.764369 0.300922
v -0.367549 -0.758650 0.308295
v -0.392610 -0.779185 0.298245
v -0.488168 -0.610708 0.276495
v -0.514978 -0.595289 0.280669
v -0.401723 -0.796701 0.303928
v -0.398042 -0.799723 0.296086
v -0.395887 -0.744530 0.317682
v -0.404108 -0.770713 0.314748
v -0.409186 -0.795051 0.310817
v -0.416440 -0.809680 0.265004
v -0.413169 -0.791056 0.260080
v -0.404757 -0.789818 0.263980
v -0.398355 -0.788186 0.271272
v -0.404937 -0.806879 0.270951
v -0.413026 -0.818424 0.270898
v -0.413704 -0.828498 0.290105
v -0.416219 -0.827734 0.295749
v -0.423439 -0.834559 0.291851
v -0.427505 -0.832995 0.286306
v -0.422282 -0.832961 0.283047
v -0.413874 -0.828536 0.283519
v -0.426341 -0.809360 0.307261
v -0.432328 -0.807346 0.301957
v -0.431713 -0.819248 0.299400
v -0.429245 -0.826696 0.297721
v -0.423996 -0.824410 0.301657
v -0.419189 -0.811882 0.308644
v -0.436146 -0.815643 0.288298
v -0.435061 -0.817047 0.281907
v -0.432575 -0.825602 0.285621
v -0.430116 -0.829834 0.290277
v -0.431940 -0.825091 0.293450
v -0.434461 -0.816621 0.294612
v -0.436324 -0.805751 0.295683
v -0.438988 -0.805023 0.287643
v -0.438130 -0.805252 0.279766
v -0.437274 -0.790164 0.297182
v -0.440182 -0.789602 0.288265
v -0.439852 -0.789715 0.278813
v -0.436074 -0.790215 0.269573
v -0.434484 -0.806687 0.272576
v -0.440699 -0.766779 0.289509
v -0.440405 -0.766557 0.278723
v -0.436789 -0.767105 0.268521
v -0.429347 -0.768017 0.260732
v -0.430118 -0.790708 0.263393
v -0.436411 -0.735100 0.280278
v -0.432933 -0.735508 0.268308
v -0.424379 -0.737908 0.257698
v -0.411086 -0.740411 0.252497
v -0.418614 -0.768898 0.256445
v -0.425805 -0.701077 0.266390
v -0.429724 -0.700297 0.281608
v -0.424913 -0.665760 0.283309
v -0.421535 -0.666559 0.266294
v -0.427602 -0.632311 0.285436
v -0.423616 -0.633787 0.268313
v -0.420828 -0.637098 0.248543
v -0.416731 -0.642003 0.224141
v -0.430674 -0.610157 0.268793
v -0.427898 -0.611162 0.250749
v -0.422500 -0.611540 0.226310
v -0.415812 -0.611543 0.200214
v -0.411944 -0.610867 0.178351
v -0.425500 -0.574369 0.175157
v -0.418624 -0.568851 0.158584
v -0.408651 -0.609757 0.161678
v -0.403606 -0.608883 0.148081
v -0.394604 -0.653748 0.156967
v -0.410837 -0.564528 0.145630
v -0.405801 -0.562152 0.132989
v -0.398872 -0.608185 0.135257
v -0.416455 -0.521661 0.145838
v -0.408943 -0.517248 0.131123
v -0.394144 -0.513099 0.126620
v -0.392499 -0.559610 0.127689
v -0.419322 -0.466725 0.144697
v -0.409139 -0.461811 0.131475
v -0.394250 -0.457812 0.127477
v -0.379482 -0.454245 0.124903
v -0.379798 -0.509123 0.121137
v -0.406543 -0.392252 0.132676
v -0.394254 -0.391116 0.123950
v -0.381740 -0.389662 0.120136
v -0.366787 -0.387058 0.126827
v -0.364624 -0.450856 0.129593
v -0.397493 -0.320851 0.118392
v -0.387370 -0.319659 0.112500
v -0.375376 -0.317720 0.117517
v -0.366297 -0.316329 0.127167
v -0.354357 -0.384667 0.132841
v -0.394267 -0.255608 0.105804
v -0.382630 -0.254305 0.111258
v -0.375235 -0.253410 0.121780
v -0.363757 -0.252832 0.130646
v -0.355792 -0.314039 0.137281
v -0.394489 -0.193305 0.109756
v -0.383968 -0.193441 0.118738
v -0.372900 -0.194392 0.127040
v -0.358098 -0.195280 0.134424
v -0.352162 -0.252407 0.141629
v -0.394083 -0.131612 0.116581
v -0.386337 -0.134628 0.128430
v -0.372390 -0.137660 0.132664
v -0.355069 -0.143399 0.142639
v -0.342966 -0.201194 0.153076
v -0.380207 -0.072633 0.139779
v -0.363699 -0.076573 0.147611
v -0.345640 -0.085931 0.159484
v -0.371257 -0.021854 0.157858
v -0.376089 -0.001350 0.158661
v -0.364745 -0.000614 0.165214
v -0.354577 0.001098 0.172619
v -0.369064 0.005564 0.115171
v -0.357347 0.008923 0.124191
v -0.346936 0.014803 0.132679
v -0.356043 0.013250 0.018012
v -0.344231 0.023315 0.024697
v -0.338019 0.036429 0.031637
v -0.337530 0.024262 0.138178
v -0.344706 0.011110 0.178280
v -0.336809 0.018174 0.187560
v -0.323276 -0.012770 0.205553
v -0.331596 0.035932 0.144980
v -0.335795 0.050874 0.038500
v -0.337155 0.066383 0.045220
v -0.328817 0.048627 0.154692
v -0.329726 0.032524 0.197957
v -0.325765 0.041524 0.208754
v -0.304898 0.003482 0.241727
v -0.314859 -0.005523 0.221626
v -0.328208 0.061873 0.163034
v -0.340625 0.083363 0.051167
v -0.344495 0.089538 -0.087621
v -0.350329 0.107439 -0.085208
v -0.361657 0.130706 -0.086378
v -0.357333 0.127317 -0.201468
v -0.376412 0.151816 -0.203457
v -0.411771 0.214074 -0.202517
v -0.396343 0.186239 -0.087693
v -0.426697 0.344353 -0.198008
v -0.419789 0.320216 -0.076289
v -0.393681 0.312016 0.057791
v -0.344885 0.318931 0.190588
v -0.423196 0.504838 -0.050168
v -0.392565 0.492978 0.066737
v -0.342539 0.487872 0.183254
v -0.290776 0.485794 0.283870
v -0.297654 0.344843 0.300482
v -0.381805 0.594315 0.084340
v -0.338128 0.574655 0.187474
v -0.285160 0.569154 0.278116
v -0.237475 0.568851 0.339735
v -0.248410 0.486249 0.346982
v -0.329329 0.614322 0.189378
v -0.276768 0.610611 0.274068
v -0.227192 0.610660 0.333370
v -0.174196 0.612288 0.375381
v -0.186094 0.570102 0.384767
v -0.264717 0.639196 0.266652
v -0.213778 0.638397 0.322747
v -0.162203 0.637623 0.361226
v -0.097626 0.637766 0.386801
v -0.106514 0.611605 0.404635
v -0.203291 0.650908 0.312673
v -0.154073 0.647375 0.350462
v -0.092064 0.646624 0.375553
v -0.017269 0.647658 0.387259
v -0.019821 0.638304 0.400978
v -0.148311 0.653836 0.341480
v -0.088064 0.652634 0.365867
v -0.015439 0.653551 0.376556
v 0.057929 0.654654 0.368667
v 0.060016 0.647877 0.380324
v -0.084648 0.658381 0.356970
v -0.014471 0.659804 0.366462
v 0.055589 0.661667 0.358169
v 0.118007 0.661821 0.340154
v 0.121538 0.654389 0.349387
v -0.013772 0.668613 0.358570
v 0.053916 0.671959 0.350661
v 0.115233 0.671589 0.333676
v 0.168186 0.673641 0.302135
v 0.172786 0.664732 0.307599
v 0.054147 0.681202 0.352167
v 0.114562 0.682442 0.333462
v 0.165489 0.684494 0.299930
v 0.207809 0.689006 0.243635
v 0.212173 0.677894 0.246679
v 0.115155 0.692630 0.336175
v 0.165178 0.695666 0.300660
v 0.206693 0.701111 0.243658
v 0.250908 0.706874 0.169345
v 0.253212 0.695055 0.169749
v 0.166808 0.706172 0.303881
v 0.208057 0.712881 0.245810
v 0.251909 0.718239 0.170814
v 0.296673 0.733968 0.086626
v 0.295673 0.724345 0.085068
v 0.211000 0.724131 0.249725
v 0.255183 0.728982 0.173714
v 0.301174 0.741966 0.089208
v 0.323208 0.779106 -0.005395
v 0.315854 0.771662 -0.006523
v 0.260688 0.736427 0.177514
v 0.306998 0.748402 0.091180
v 0.332785 0.784364 -0.004842
v 0.338244 0.822245 -0.101693
v 0.329084 0.816799 -0.100113
v 0.316635 0.752949 0.094425
v 0.344194 0.787770 -0.004548
v 0.348484 0.827104 -0.104207
v 0.314279 0.862855 -0.196470
v 0.307091 0.855796 -0.191183
v 0.355798 0.790016 -0.004510
v 0.359022 0.832148 -0.107358
v 0.322107 0.869540 -0.203293
v 0.260632 0.893804 -0.291807
v 0.254266 0.886841 -0.281615
v 0.369069 0.837130 -0.111160
v 0.329804 0.874199 -0.211808
v 0.267788 0.899104 -0.303520
v 0.208181 0.915970 -0.372378
v 0.199402 0.911539 -0.360606
v 0.337960 0.876138 -0.222491
v 0.275453 0.900877 -0.316769
v 0.217193 0.916964 -0.384867
v 0.153411 0.927107 -0.446460
v 0.145728 0.924691 -0.433482
v 0.282004 0.895369 -0.330698
v 0.225808 0.912315 -0.397652
v 0.160488 0.921740 -0.459563
v 0.081439 0.928585 -0.512699
v 0.077264 0.931568 -0.497610
v 0.232403 0.901121 -0.410135
v 0.164500 0.910059 -0.470866
v 0.083765 0.918897 -0.525495
v -0.012557 0.920277 -0.541917
v -0.012193 0.931515 -0.529591
v 0.167475 0.896264 -0.481206
v 0.084467 0.903728 -0.535441
v -0.012547 0.905745 -0.551477
v -0.109106 0.902286 -0.524737
v -0.108293 0.916788 -0.515199
v 0.083551 0.885751 -0.541452
v -0.012901 0.886426 -0.557952
v -0.108721 0.883685 -0.532192
v -0.191136 0.896949 -0.464427
v -0.014214 0.856738 -0.563393
v -0.103997 0.855319 -0.541746
v -0.017512 0.792609 -0.576037
v -0.103613 0.790060 -0.562875
v -0.026057 0.682054 -0.605583
v -0.110386 0.678627 -0.597374
v -0.192828 0.658453 -0.577327
v -0.233093 0.636906 -0.565384
v -0.143107 0.535309 -0.622257
v -0.211302 0.512416 -0.601038
v -0.235777 0.507666 -0.591062
v -0.253400 0.501309 -0.598690
v -0.251008 0.627284 -0.574392
v -0.204123 0.391093 -0.607790
v -0.224433 0.386917 -0.611344
v -0.246132 0.382201 -0.609031
v -0.257655 0.375629 -0.587884
v -0.266971 0.491455 -0.583923
v -0.218071 0.288674 -0.600310
v -0.195524 0.286935 -0.595494
v -0.154224 0.394124 -0.624147
v -0.140848 0.280209 -0.607174
v -0.044549 0.396799 -0.643209
v -0.044331 0.274773 -0.626158
v 0.076342 0.396592 -0.638747
v 0.056762 0.277895 -0.624707
v 0.171917 0.395901 -0.617352
v 0.152362 0.286243 -0.603429
v 0.212099 0.402635 -0.609994
v 0.173727 0.540583 -0.609700
v 0.221810 0.531061 -0.590149
v 0.245586 0.528481 -0.587987
v 0.234329 0.405912 -0.610592
v 0.267752 0.527241 -0.574698
v 0.250137 0.408550 -0.589512
v 0.288249 0.404920 -0.565717
v 0.298144 0.297768 -0.537488
v 0.354557 0.397577 -0.511140
v 0.371629 0.304101 -0.467675
v 0.377960 0.271852 -0.440294
v 0.311435 0.246785 -0.503065
v 0.378785 0.257619 -0.428997
v 0.316072 0.232645 -0.490121
v 0.380431 0.246525 -0.417908
v 0.319198 0.222225 -0.480518
v 0.382251 0.234924 -0.406683
v 0.321933 0.211992 -0.471493
v 0.262162 0.204106 -0.517164
v 0.325373 0.203035 -0.464841
v 0.270446 0.192321 -0.514402
v 0.384596 0.224911 -0.399648
v 0.392191 0.225355 -0.407547
v 0.448682 0.269988 -0.335743
v 0.406134 0.228642 -0.412114
v 0.431896 0.289509 -0.342198
v 0.431406 0.301052 -0.351591
v 0.431476 0.315306 -0.361041
v 0.430878 0.342069 -0.378038
v 0.421446 0.409776 -0.420683
v 0.471016 0.444459 -0.310130
v 0.450042 0.557191 -0.336017
v 0.475698 0.586215 -0.204413
v 0.492953 0.474479 -0.181607
v 0.480698 0.596301 -0.049399
v 0.489640 0.481658 -0.050634
v 0.451194 0.578109 0.090546
v 0.462458 0.467601 0.073812
v 0.385043 0.537780 0.224394
v 0.405246 0.449532 0.207702
v 0.417519 0.398579 0.190674
v 0.357222 0.430835 0.296319
v 0.369848 0.403647 0.285737
v 0.386477 0.357345 0.260452
v 0.438389 0.347958 0.176135
v 0.418233 0.314539 0.244541
v 0.449580 0.315750 0.173023
v 0.429015 0.289545 0.235877
v 0.456731 0.293607 0.171097
v 0.482517 0.299394 0.105208
v 0.465015 0.277587 0.170945
v 0.491108 0.283775 0.108542
v 0.473076 0.264241 0.171034
v 0.496838 0.271145 0.112337
v 0.484565 0.252554 0.172884
v 0.507266 0.265132 0.118188
v 0.498231 0.251545 0.177849
v 0.522836 0.264930 0.124706
v 0.535545 0.269347 0.091595
v 0.547154 0.263162 0.071400
v 0.538800 0.263865 0.134994
v 0.554731 0.267552 0.108328
v 0.567154 0.263762 0.088812
v 0.575090 0.252028 0.075561
v 0.554408 0.250927 0.061478
v 0.585776 0.255094 0.131758
v 0.598096 0.252099 0.110955
v 0.606472 0.242992 0.091823
v 0.609381 0.228014 0.078087
v 0.578552 0.236422 0.067649
v 0.626973 0.240554 0.128977
v 0.636147 0.235500 0.106839
v 0.642927 0.223379 0.088050
v 0.646528 0.205327 0.079013
v 0.608565 0.209342 0.073433
v 0.653790 0.237734 0.121726
v 0.665995 0.230758 0.101261
v 0.677727 0.215926 0.089599
v 0.679563 0.198093 0.098964
v 0.648826 0.187528 0.082357
v 0.678811 0.240595 0.123331
v 0.693485 0.231263 0.113508
v 0.694949 0.212317 0.119739
v 0.682687 0.197673 0.134438
v 0.671054 0.186096 0.115171
v 0.697464 0.241020 0.135359
v 0.701874 0.223841 0.137520
v 0.683846 0.244287 0.142957
v 0.665254 0.242115 0.140408
v 0.671676 0.243976 0.155783
v 0.653682 0.240880 0.160586
v 0.661266 0.241718 0.173444
v 0.668972 0.241673 0.183468
v 0.648938 0.239236 0.199324
v 0.657580 0.238704 0.212397
v 0.666284 0.236637 0.223873
v 0.678264 0.239036 0.192744
v 0.674264 0.230115 0.234273
v 0.687090 0.233396 0.200960
v 0.671029 0.218939 0.236531
v 0.688367 0.221440 0.205408
v 0.661390 0.204632 0.235203
v 0.646143 0.213266 0.272031
v 0.640493 0.198342 0.267053
v 0.632367 0.183019 0.261503
v 0.650283 0.190432 0.234194
v 0.621195 0.167635 0.256312
v 0.637237 0.175137 0.233516
v 0.603732 0.178659 0.275187
v 0.597282 0.164647 0.269670
v 0.589485 0.150964 0.262952
v 0.560229 0.169781 0.277949
v 0.558860 0.159511 0.266668
v 0.556453 0.149014 0.256286
v 0.581358 0.137861 0.257241
v 0.550391 0.136084 0.251642
v 0.571687 0.127390 0.250426
v 0.543281 0.120475 0.259132
v 0.557880 0.116237 0.246213
v 0.539551 0.100151 0.266239
v 0.551330 0.100773 0.252214
v 0.546459 0.079394 0.268624
v 0.555461 0.083751 0.255834
v 0.558974 0.084344 0.240538
v 0.569471 0.069206 0.256545
v 0.569294 0.071183 0.242442
v 0.587683 0.060398 0.252707
v 0.584731 0.064072 0.239174
v 0.580261 0.059760 0.226102
v 0.575597 0.047468 0.219067
v 0.600154 0.063681 0.232562
v 0.595992 0.058171 0.220231
v 0.594843 0.046240 0.212180
v 0.596893 0.032018 0.211136
v 0.572013 0.032354 0.219925
v 0.609772 0.063537 0.212810
v 0.611681 0.052773 0.203981
v 0.618586 0.040120 0.201375
v 0.626921 0.030466 0.205583
v 0.601662 0.021225 0.217766
v 0.623569 0.064661 0.194191
v 0.634055 0.054941 0.189139
v 0.646189 0.048112 0.191501
v 0.656570 0.046319 0.200685
v 0.635702 0.025973 0.214920
v 0.640857 0.077362 0.179194
v 0.655293 0.075675 0.180629
v 0.666187 0.076999 0.189315
v 0.653532 0.103818 0.175445
v 0.665366 0.108129 0.181273
v 0.670221 0.112253 0.193357
v 0.672507 0.080229 0.201108
v 0.662385 0.049663 0.212980
v 0.671781 0.084574 0.214286
v 0.661712 0.056878 0.224846
v 0.641835 0.036789 0.237509
v 0.640825 0.028843 0.226794
v 0.614996 0.026020 0.251339
v 0.612190 0.017344 0.241049
v 0.607222 0.015929 0.228989
v 0.579062 0.018440 0.253927
v 0.574299 0.016628 0.241493
v 0.572098 0.022180 0.228892
v 0.541053 0.031418 0.249905
v 0.540614 0.035033 0.234972
v 0.544043 0.033734 0.261014
v 0.549913 0.039932 0.269766
v 0.520673 0.065420 0.269712
v 0.583535 0.026576 0.262573
v 0.587184 0.037980 0.266417
v 0.557521 0.049921 0.272340
v 0.614774 0.037691 0.255080
v 0.611805 0.050486 0.253403
v 0.588637 0.050463 0.262927
v 0.638546 0.047239 0.243865
v 0.630601 0.058795 0.243953
v 0.620971 0.067391 0.237674
v 0.606362 0.059877 0.245209
v 0.654454 0.065556 0.232467
v 0.643303 0.073709 0.235130
v 0.630510 0.079082 0.229553
v 0.622227 0.078631 0.218207
v 0.612913 0.069261 0.225581
v 0.648169 0.092177 0.227271
v 0.634224 0.093070 0.222925
v 0.626462 0.091332 0.212278
v 0.623099 0.087354 0.200429
v 0.619824 0.073561 0.205226
v 0.628162 0.081744 0.186827
v 0.662349 0.089015 0.224333
v 0.667562 0.114706 0.206042
v 0.659709 0.138350 0.189176
v 0.656938 0.139976 0.203221
v 0.648184 0.157471 0.186182
v 0.647093 0.159915 0.197570
v 0.656229 0.133744 0.177881
v 0.646243 0.126647 0.170541
v 0.564749 0.060621 0.268686
v 0.533412 0.072288 0.273843
v 0.522633 0.097965 0.270232
v 0.524475 0.122424 0.263963
v 0.529154 0.140541 0.253325
v 0.512196 0.139457 0.249134
v 0.531265 0.159310 0.253493
v 0.510162 0.164124 0.251733
v 0.492081 0.163734 0.255244
v 0.503446 0.179321 0.270475
v 0.485719 0.176178 0.274902
v 0.471193 0.168686 0.281900
v 0.476879 0.157462 0.264313
v 0.458917 0.156915 0.291308
v 0.464307 0.146856 0.274859
v 0.448989 0.140840 0.304032
v 0.454338 0.132077 0.288130
v 0.461154 0.120326 0.270205
v 0.445611 0.112557 0.304648
v 0.451618 0.102821 0.287208
v 0.459914 0.090700 0.267462
v 0.444293 0.073289 0.309011
v 0.450139 0.065768 0.287929
v 0.446120 0.027001 0.327761
v 0.450830 0.024625 0.308242
v 0.449365 0.022462 0.288268
v 0.446175 -0.026313 0.323776
v 0.445160 -0.024468 0.306099
v 0.442376 -0.025296 0.277954
v 0.454635 0.016960 0.263869
v 0.440097 -0.028562 0.239976
v 0.461725 0.013564 0.238508
v 0.437137 -0.032216 0.208897
v 0.457396 0.006391 0.217736
v 0.435703 -0.034073 0.190232
v 0.452324 0.003782 0.201035
v 0.481613 0.038871 0.202500
v 0.473740 0.037838 0.191982
v 0.517366 0.077573 0.184384
v 0.527152 0.074908 0.193032
v 0.448370 0.003123 0.188075
v 0.433669 -0.034163 0.176495
v 0.426383 -0.032007 0.166546
v 0.443567 0.004215 0.176929
v 0.464027 0.037941 0.181661
v 0.454549 0.040662 0.171034
v 0.492005 0.084280 0.167162
v 0.505531 0.081050 0.176308
v 0.433552 0.006693 0.167192
v 0.415742 -0.029132 0.160833
v 0.408474 -0.027203 0.150228
v 0.424640 0.009454 0.156274
v 0.443969 0.044142 0.159624
v 0.434560 0.046459 0.146755
v 0.468035 0.090115 0.144417
v 0.479050 0.087906 0.157095
v 0.416592 0.012278 0.144211
v 0.401876 -0.024788 0.139238
v 0.395609 -0.021525 0.129240
v 0.410789 0.014763 0.131252
v 0.428386 0.047319 0.131461
v 0.423928 0.049104 0.111624
v 0.456398 0.084388 0.105398
v 0.458678 0.090944 0.127535
v 0.489342 0.120446 0.087906
v 0.494794 0.130357 0.108994
v 0.504920 0.136085 0.126524
v 0.516247 0.160251 0.082160
v 0.530327 0.163485 0.099327
v 0.521429 0.135080 0.140680
v 0.537908 0.130148 0.151172
v 0.583256 0.144635 0.132861
v 0.550996 0.122925 0.159969
v 0.591290 0.136651 0.149269
v 0.562299 0.115402 0.167917
v 0.596960 0.129554 0.165000
v 0.569302 0.107195 0.178227
v 0.529073 0.184221 0.062188
v 0.544718 0.185718 0.081258
v 0.538300 0.203899 0.050653
v 0.551413 0.204750 0.066017
v 0.542016 0.219422 0.046318
v 0.556104 0.219981 0.058611
v 0.576945 0.217876 0.068161
v 0.557347 0.235745 0.057187
v 0.542347 0.233474 0.045773
v 0.535652 0.231739 0.027899
v 0.536229 0.218406 0.028298
v 0.535941 0.218630 0.000555
v 0.540803 0.233712 -0.002934
v 0.530722 0.202297 0.032214
v 0.529282 0.201531 0.005889
v 0.529989 0.205668 -0.040072
v 0.540592 0.226279 -0.052597
v 0.522340 0.178896 0.042414
v 0.523287 0.174039 0.018562
v 0.525413 0.167769 -0.022374
v 0.520884 0.160362 -0.138967
v 0.528902 0.211411 -0.145077
v 0.510707 0.140614 0.040721
v 0.512886 0.122015 -0.000471
v 0.497480 0.107824 -0.131303
v 0.460542 0.100625 -0.242664
v 0.486801 0.140080 -0.254750
v 0.485280 0.088560 0.009063
v 0.474423 0.073615 -0.126410
v 0.443643 0.075515 -0.242556
v 0.402897 0.073411 -0.337946
v 0.410452 0.091428 -0.347249
v 0.452306 0.055260 -0.119195
v 0.431278 0.059774 -0.234583
v 0.393822 0.060129 -0.332956
v 0.346795 0.055380 -0.420897
v 0.354280 0.067234 -0.426832
v 0.418814 0.047018 -0.229234
v 0.384261 0.048245 -0.327723
v 0.338633 0.046302 -0.414266
v 0.270507 0.044401 -0.490334
v 0.279420 0.045679 -0.500314
v 0.372706 0.040947 -0.321835
v 0.327604 0.044281 -0.406208
v 0.261938 0.046331 -0.480760
v 0.179280 0.055331 -0.534371
v 0.183576 0.054090 -0.545262
v 0.316559 0.048010 -0.398538
v 0.253613 0.049721 -0.471092
v 0.174845 0.057891 -0.523355
v 0.087579 0.059427 -0.550138
v 0.088839 0.057026 -0.561110
v 0.245132 0.055159 -0.461578
v 0.170779 0.062221 -0.513278
v 0.086213 0.062634 -0.539762
v -0.002886 0.056929 -0.548379
v -0.003110 0.056735 -0.558645
v 0.168189 0.070268 -0.506694
v 0.085669 0.071226 -0.534021
v -0.002772 0.067870 -0.542938
v -0.089590 0.070642 -0.534925
v -0.090141 0.062841 -0.540988
v 0.085756 0.082500 -0.530667
v -0.002644 0.080175 -0.541173
v -0.089424 0.081931 -0.531183
v -0.167818 0.081686 -0.505197
v -0.168366 0.070370 -0.509477
v -0.002496 0.092374 -0.539878
v -0.089816 0.094092 -0.529203
v -0.168107 0.094195 -0.502438
v -0.234583 0.092975 -0.453842
v -0.235616 0.079140 -0.456617
v -0.090435 0.106827 -0.528287
v -0.168504 0.107047 -0.500645
v -0.233863 0.107568 -0.451481
v -0.287793 0.109952 -0.381864
v -0.289698 0.094048 -0.384804
v -0.169528 0.121440 -0.500058
v -0.234862 0.123763 -0.450051
v -0.290496 0.127187 -0.380569
v -0.331469 0.121931 -0.297590
v -0.326794 0.105707 -0.299318
v -0.240604 0.145180 -0.451947
v -0.297719 0.146520 -0.384320
v -0.342011 0.138738 -0.298450
v -0.347924 0.109956 -0.202505
v -0.314425 0.180736 -0.393867
v -0.361802 0.168955 -0.302919
v -0.344073 0.263133 -0.409366
v -0.389660 0.240396 -0.308762
v -0.367674 0.398454 -0.414118
v -0.410014 0.374052 -0.308071
v -0.367761 0.554785 -0.391435
v -0.416223 0.537535 -0.285923
v -0.434268 0.521126 -0.172137
v -0.388024 0.687111 -0.246136
v -0.411675 0.662323 -0.133891
v -0.407373 0.628104 -0.021074
v -0.395928 0.718344 -0.115254
v -0.395431 0.674578 -0.011357
v -0.372293 0.634137 0.089735
v -0.382007 0.703152 -0.003322
v -0.357930 0.662846 0.095259
v -0.315249 0.643120 0.187525
v -0.339331 0.683261 0.094571
v -0.298371 0.662463 0.180823
v -0.250558 0.656323 0.256312
v -0.285480 0.673192 0.172491
v -0.241142 0.664638 0.246287
v -0.197789 0.658005 0.303530
v -0.232891 0.670709 0.240000
v -0.191055 0.664276 0.297105
v -0.143257 0.660007 0.334481
v -0.184957 0.671430 0.291765
v -0.138874 0.667228 0.328987
v -0.081270 0.665398 0.349193
v -0.135610 0.676890 0.325268
v -0.079247 0.675746 0.345290
v -0.013288 0.677914 0.357060
v -0.078464 0.687037 0.348520
v -0.012845 0.687539 0.361105
v 0.054591 0.690654 0.356073
v -0.012192 0.696700 0.367841
v 0.055945 0.699773 0.362536
v 0.117217 0.702011 0.341454
v 0.058034 0.706243 0.371401
v 0.120786 0.709614 0.349134
v 0.170427 0.714802 0.309588
v 0.126315 0.714567 0.358265
v 0.176900 0.719224 0.317003
v 0.217222 0.733666 0.256013
v 0.185093 0.719248 0.325421
v 0.225905 0.734373 0.262397
v 0.270120 0.737197 0.182900
v 0.235835 0.732415 0.270060
v 0.280259 0.735411 0.188699
v 0.326637 0.754743 0.097979
v 0.290259 0.733003 0.194625
v 0.337785 0.754671 0.101564
v 0.368561 0.792160 -0.004568
v 0.349606 0.753890 0.105360
v 0.381633 0.794220 -0.004833
v 0.379957 0.841486 -0.116131
v 0.394862 0.795574 -0.005495
v 0.392314 0.843104 -0.122713
v 0.346206 0.873478 -0.235119
v 0.404373 0.839496 -0.131274
v 0.351554 0.865341 -0.247922
v 0.287497 0.885416 -0.344367
v 0.353702 0.853983 -0.262697
v 0.291563 0.872670 -0.358995
v 0.238138 0.886024 -0.420116
v 0.243302 0.868950 -0.429776
v 0.169668 0.880283 -0.489921
v 0.248451 0.833249 -0.451388
v 0.172064 0.854159 -0.501698
v 0.079336 0.857901 -0.548936
v 0.168706 0.787913 -0.535412
v 0.075748 0.795609 -0.566821
v 0.158213 0.677556 -0.582709
v 0.066631 0.684799 -0.608261
v 0.076946 0.550514 -0.630366
v -0.041711 0.549837 -0.633216
v 0.236741 0.755402 -0.508782
v 0.217832 0.654594 -0.563027
v 0.238412 0.654073 -0.566364
v 0.257237 0.645758 -0.551588
v 0.413099 0.830155 -0.141343
v 0.417571 0.817907 -0.151752
v 0.422012 0.788063 -0.010907
v 0.432671 0.775594 -0.017948
v 0.438568 0.758586 -0.023772
v 0.421475 0.799187 -0.168658
v 0.444197 0.736690 -0.025323
v 0.431455 0.775025 -0.166792
v 0.455530 0.694091 -0.034527
v 0.444714 0.710918 -0.190355
v 0.396298 0.701818 -0.343856
v 0.430031 0.688462 0.109049
v 0.434715 0.655198 0.107489
v 0.372669 0.645552 0.238443
v 0.376894 0.610221 0.236804
v 0.326347 0.499393 0.316167
v 0.296040 0.469011 0.369545
v 0.328301 0.411647 0.350828
v 0.270231 0.437030 0.413499
v 0.301004 0.383133 0.398366
v 0.324061 0.364870 0.396554
v 0.346609 0.389561 0.345597
v 0.327757 0.342315 0.381768
v 0.354571 0.356911 0.327775
v 0.349186 0.294322 0.350674
v 0.374063 0.307652 0.294436
v 0.376224 0.264329 0.329418
v 0.400244 0.279607 0.284239
v 0.394651 0.247766 0.318441
v 0.411047 0.262249 0.279044
v 0.435595 0.271776 0.231158
v 0.420533 0.247251 0.274430
v 0.443606 0.256836 0.229156
v 0.453499 0.244195 0.229900
v 0.466588 0.240625 0.233651
v 0.479443 0.243226 0.238724
v 0.514311 0.251547 0.184768
v 0.492459 0.245585 0.244360
v 0.536889 0.248163 0.196346
v 0.567911 0.253171 0.157989
v 0.594115 0.239521 0.185632
v 0.615027 0.241265 0.154375
v 0.608846 0.235897 0.203325
v 0.629529 0.238452 0.170909
v 0.643017 0.239302 0.144458
v 0.640308 0.238652 0.185945
v 0.619727 0.236026 0.220314
v 0.627841 0.237063 0.235186
v 0.591481 0.226562 0.260029
v 0.596627 0.222943 0.271743
v 0.634884 0.237605 0.250842
v 0.601586 0.219029 0.284107
v 0.642704 0.235711 0.264763
v 0.607027 0.213286 0.291563
v 0.651210 0.231248 0.275656
v 0.607844 0.201634 0.288414
v 0.562482 0.202977 0.303925
v 0.565914 0.193356 0.304767
v 0.564491 0.183725 0.296998
v 0.606064 0.190412 0.281078
v 0.562070 0.177212 0.286979
v 0.520409 0.197686 0.312718
v 0.520278 0.192081 0.299596
v 0.522185 0.184329 0.285253
v 0.491427 0.198555 0.302252
v 0.495592 0.189815 0.288617
v 0.527947 0.173769 0.268002
v 0.472894 0.193192 0.304670
v 0.478089 0.185581 0.292073
v 0.460493 0.183557 0.308933
v 0.464819 0.176742 0.297386
v 0.450076 0.170831 0.315900
v 0.454028 0.164339 0.305530
v 0.440477 0.154049 0.326938
v 0.444445 0.147846 0.317186
v 0.431345 0.128547 0.344543
v 0.436104 0.123930 0.332751
v 0.440709 0.118659 0.320093
v 0.430949 0.083161 0.352328
v 0.435276 0.080381 0.339345
v 0.439039 0.076994 0.325707
v 0.431534 0.029511 0.354271
v 0.436440 0.027767 0.340030
v 0.428503 -0.024253 0.367213
v 0.431537 -0.025332 0.350831
v 0.438583 -0.026686 0.335613
v 0.429559 -0.091804 0.363673
v 0.432757 -0.091756 0.346424
v 0.443942 -0.091030 0.332481
v 0.428400 -0.167106 0.352034
v 0.438112 -0.166940 0.336984
v 0.438605 -0.167598 0.319957
v 0.443881 -0.088672 0.315534
v 0.430023 -0.162807 0.292595
v 0.438050 -0.082305 0.289262
v 0.422938 -0.161861 0.225372
v 0.429535 -0.081407 0.233631
v 0.411807 -0.163422 0.188466
v 0.422799 -0.082938 0.197500
v 0.410328 -0.166005 0.168122
v 0.422294 -0.085940 0.178939
v 0.404733 -0.167448 0.152674
v 0.418331 -0.086944 0.165555
v 0.389832 -0.168689 0.145625
v 0.406492 -0.087394 0.160124
v 0.382337 -0.170034 0.132915
v 0.398089 -0.086853 0.148784
v 0.373447 -0.170925 0.121125
v 0.392265 -0.085711 0.137022
v 0.362228 -0.171761 0.111377
v 0.384912 -0.083409 0.126819
v 0.348725 -0.172951 0.101862
v 0.376330 -0.080265 0.118528
v 0.334734 -0.173944 0.109528
v 0.328361 -0.256443 0.098804
v 0.323345 -0.258461 0.112514
v 0.310757 -0.259512 0.126812
v 0.324454 -0.178085 0.123257
v 0.322246 -0.329921 0.105037
v 0.311317 -0.329077 0.119724
v 0.301685 -0.326169 0.136079
v 0.305072 -0.406603 0.108416
v 0.297884 -0.406351 0.122774
v 0.292925 -0.405924 0.138908
v 0.294537 -0.323130 0.155587
v 0.289341 -0.408716 0.156000
v 0.288845 -0.326449 0.177523
v 0.286273 -0.408420 0.178776
v 0.283758 -0.331151 0.202399
v 0.279200 -0.294205 0.224261
v 0.282182 -0.335171 0.230662
v 0.281114 -0.301426 0.245521
v 0.284372 -0.339168 0.265427
v 0.285719 -0.306408 0.272948
v 0.283193 -0.289185 0.276338
v 0.295238 -0.304861 0.307660
v 0.291780 -0.288344 0.308272
v 0.289483 -0.273772 0.307582
v 0.304190 -0.274450 0.343650
v 0.300880 -0.260754 0.339837
v 0.292925 -0.249720 0.338300
v 0.315358 -0.231058 0.367078
v 0.305193 -0.221545 0.363926
v 0.293624 -0.224327 0.374117
v 0.283475 -0.248704 0.342120
v 0.288119 -0.233237 0.386857
v 0.275485 -0.258705 0.349717
v 0.267799 -0.272424 0.356699
v 0.260562 -0.276309 0.316956
v 0.258022 -0.289674 0.363327
v 0.250134 -0.294094 0.320282
v 0.249760 -0.287707 0.295168
v 0.235350 -0.316092 0.322349
v 0.234857 -0.310634 0.294512
v 0.236181 -0.304695 0.278042
v 0.253644 -0.278149 0.280665
v 0.241759 -0.295071 0.267265
v 0.195138 -0.359626 0.274244
v 0.203526 -0.355199 0.261432
v 0.210639 -0.351597 0.247500
v 0.118910 -0.419710 0.259234
v 0.121922 -0.415372 0.240398
v 0.121662 -0.401550 0.228814
v 0.212040 -0.339581 0.232613
v 0.120692 -0.384600 0.220677
v 0.210253 -0.323994 0.224116
v 0.119109 -0.365058 0.220417
v 0.021423 -0.407606 0.224470
v 0.023083 -0.390597 0.226107
v 0.024644 -0.376337 0.236939
v 0.116861 -0.347381 0.228791
v 0.026531 -0.366160 0.253861
v 0.116424 -0.334445 0.244962
v 0.028791 -0.359237 0.272595
v 0.117559 -0.325438 0.265313
v 0.184021 -0.257308 0.248366
v 0.121730 -0.320806 0.292699
v 0.185526 -0.255254 0.277853
v 0.226595 -0.184894 0.252968
v 0.236326 -0.193658 0.219798
v 0.291436 -0.083229 0.205105
v 0.303189 -0.089695 0.183927
v 0.312270 -0.094781 0.170897
v 0.319900 -0.094003 0.159664
v 0.346594 -0.002335 0.142332
v 0.352272 -0.006074 0.137324
v 0.362877 -0.007043 0.128410
v 0.368617 -0.007836 0.123776
v 0.328369 -0.087257 0.142341
v 0.338370 0.016820 0.069219
v 0.346356 0.011140 0.056743
v 0.355513 0.007588 0.045444
v 0.351231 0.030282 -0.086271
v 0.367108 0.022636 -0.094057
v 0.368877 0.004465 0.036501
v 0.373162 -0.010483 0.122066
v 0.339352 0.043043 -0.077802
v 0.342401 0.072702 -0.200066
v 0.349432 0.056851 -0.205093
v 0.335570 0.059979 -0.070019
v 0.338721 0.089821 -0.196247
v 0.323451 0.104973 -0.293283
v 0.326144 0.087536 -0.297175
v 0.336767 0.078867 -0.063388
v 0.342685 0.109683 -0.193446
v 0.329277 0.123249 -0.292074
v 0.288793 0.129224 -0.375397
v 0.285333 0.110587 -0.375921
v 0.354524 0.129987 -0.192304
v 0.342015 0.142823 -0.293648
v 0.297170 0.150287 -0.380900
v 0.238852 0.148245 -0.449688
v 0.233264 0.125616 -0.446265
v 0.363040 0.176453 -0.298831
v 0.315960 0.189351 -0.391953
v 0.257148 0.196431 -0.464833
v 0.188473 0.196925 -0.511038
v 0.174874 0.145054 -0.498146
v 0.346245 0.285996 -0.408468
v 0.288484 0.298786 -0.489531
v 0.213060 0.305127 -0.539968
v 0.114718 0.307640 -0.573849
v 0.099284 0.194198 -0.544104
v 0.301282 0.440913 -0.494376
v 0.222443 0.450355 -0.551072
v 0.123814 0.454584 -0.585137
v -0.000729 0.453653 -0.598734
v -0.001272 0.305945 -0.589668
v 0.213533 0.605288 -0.534422
v 0.119453 0.609962 -0.569661
v -0.001589 0.608672 -0.580893
v -0.124940 0.601377 -0.571334
v -0.127406 0.447231 -0.585347
v 0.108580 0.739574 -0.544114
v -0.003506 0.741323 -0.554386
v -0.116538 0.734263 -0.545132
v -0.207390 0.724239 -0.504951
v -0.220330 0.588319 -0.537067
v -0.004867 0.798656 -0.537855
v -0.108782 0.795987 -0.524251
v -0.197005 0.786340 -0.480746
v -0.270399 0.775043 -0.416627
v -0.283555 0.714876 -0.441213
v -0.105415 0.824804 -0.508624
v -0.190988 0.815143 -0.463999
v -0.260822 0.803877 -0.399730
v -0.315385 0.792943 -0.316499
v -0.328617 0.762294 -0.331978
v -0.182897 0.836737 -0.445856
v -0.249803 0.824615 -0.381780
v -0.301806 0.811834 -0.299642
v -0.344007 0.793099 -0.203851
v -0.357289 0.778292 -0.214691
v -0.236128 0.836144 -0.359188
v -0.290298 0.819886 -0.284702
v -0.336033 0.798914 -0.198523
v -0.363332 0.766880 -0.099944
v -0.371186 0.759988 -0.103090
v -0.280467 0.823892 -0.274998
v -0.329532 0.803594 -0.192655
v -0.357261 0.772708 -0.098448
v -0.349542 0.734919 -0.002869
v -0.357538 0.728275 -0.000346
v -0.324426 0.808404 -0.187138
v -0.351364 0.778751 -0.097031
v -0.341743 0.741538 -0.004905
v -0.313452 0.706479 0.083044
v -0.320778 0.699314 0.086377
v -0.347137 0.786020 -0.095415
v -0.334798 0.748495 -0.006070
v -0.307139 0.714504 0.081205
v -0.264209 0.694563 0.160316
v -0.270290 0.686332 0.162947
v -0.330805 0.756561 -0.005464
v -0.305678 0.722824 0.082143
v -0.262320 0.704597 0.160845
v -0.219575 0.697254 0.232635
v -0.220199 0.686593 0.231865
v -0.306432 0.731565 0.084121
v -0.263391 0.714666 0.163177
v -0.220081 0.708164 0.234681
v -0.182145 0.700378 0.292744
v -0.180442 0.690543 0.289513
v -0.265957 0.724242 0.166319
v -0.221895 0.718676 0.237895
v -0.185094 0.708977 0.297509
v -0.138705 0.705962 0.337772
v -0.136157 0.697248 0.331135
v -0.225270 0.728351 0.242258
v -0.190020 0.715099 0.303979
v -0.142955 0.711796 0.346496
v -0.082322 0.710238 0.374302
v -0.079997 0.705264 0.363180
v -0.196704 0.718398 0.311300
v -0.148655 0.714785 0.356297
v -0.085582 0.711437 0.387111
v -0.010981 0.708617 0.402378
v -0.011288 0.707744 0.388461
v -0.155462 0.714944 0.366463
v -0.089721 0.710095 0.400632
v -0.010852 0.706428 0.418031
v 0.069842 0.708270 0.408882
v 0.065340 0.710356 0.395275
v -0.095335 0.707263 0.414877
v -0.010432 0.704004 0.434922
v 0.075857 0.705385 0.422967
v 0.150268 0.712389 0.390408
v 0.141204 0.714523 0.379293
v -0.010368 0.703538 0.454309
v 0.083435 0.701741 0.439014
v 0.161250 0.707499 0.401738
v 0.210985 0.708378 0.353164
v 0.201818 0.713760 0.343109
v 0.220585 0.700342 0.365143
v 0.265057 0.720336 0.295884
v 0.255312 0.725606 0.286479
v 0.273546 0.712036 0.308349
v 0.324119 0.719354 0.213174
v 0.311148 0.725381 0.207429
v 0.286798 0.698001 0.317535
v 0.338366 0.710615 0.220599
v 0.390661 0.742878 0.114683
v 0.375772 0.749229 0.112411
v 0.294443 0.683407 0.326857
v 0.352611 0.696380 0.229657
v 0.405959 0.729335 0.113143
v 0.364129 0.674182 0.237074
v 0.420635 0.710837 0.111315
v 0.304819 0.657362 0.331934
v 0.272524 0.635296 0.374312
v 0.266063 0.629290 0.385832
v 0.256915 0.649961 0.408707
v 0.273878 0.628037 0.400439
v 0.286820 0.597947 0.401012
v 0.300065 0.608706 0.417958
v 0.301917 0.582943 0.432348
v 0.292920 0.569470 0.415212
v 0.287084 0.636988 0.413176
v 0.302624 0.648328 0.436210
v 0.318812 0.626152 0.444609
v 0.268051 0.656947 0.418133
v 0.282870 0.666029 0.434787
v 0.306266 0.686849 0.456185
v 0.330533 0.675122 0.457772
v 0.249052 0.669166 0.428132
v 0.263058 0.677077 0.440347
v 0.286350 0.695122 0.458214
v 0.301480 0.727062 0.482662
v 0.324174 0.721577 0.481328
v 0.271467 0.690312 0.474488
v 0.285928 0.725055 0.492310
v 0.295234 0.767765 0.510491
v 0.309233 0.766957 0.506684
v 0.285073 0.716232 0.509401
v 0.294788 0.759857 0.525506
v 0.298675 0.806308 0.543015
v 0.299880 0.813129 0.528468
v 0.274100 0.713125 0.524304
v 0.290793 0.752064 0.542238
v 0.295648 0.799687 0.557831
v 0.300008 0.845462 0.576524
v 0.305090 0.850398 0.563741
v 0.283134 0.747071 0.554815
v 0.286984 0.795312 0.568098
v 0.292106 0.842318 0.587075
v 0.310448 0.889035 0.607134
v 0.316245 0.889729 0.596382
v 0.290096 0.789437 0.581528
v 0.291591 0.838132 0.597704
v 0.306540 0.887074 0.615597
v 0.301205 0.833508 0.605877
v 0.313862 0.880843 0.622242
v 0.342735 0.917980 0.631560
v 0.367235 0.936781 0.634499
v 0.323318 0.876000 0.625387
v 0.347903 0.913146 0.634096
v 0.369491 0.932741 0.636126
v 0.377546 0.939478 0.634997
v 0.376066 0.943501 0.633584
v 0.355003 0.908346 0.635158
v 0.372953 0.928861 0.637306
v 0.380325 0.936097 0.636109
v 0.383936 0.940429 0.634471
v 0.381028 0.944165 0.634511
v 0.377019 0.925198 0.638016
v 0.384171 0.933524 0.636579
v 0.387715 0.937366 0.634577
v 0.388141 0.931654 0.636674
v 0.391148 0.934843 0.633776
v 0.393476 0.930696 0.631349
v 0.393657 0.931561 0.627379
v 0.390950 0.921138 0.625577
v 0.391392 0.922000 0.620205
v 0.390873 0.924570 0.615356
v 0.392686 0.933613 0.623627
v 0.387920 0.928554 0.611856
v 0.389889 0.935959 0.621176
v 0.383253 0.932671 0.610283
v 0.386279 0.938873 0.620638
v 0.388102 0.942180 0.626136
v 0.389433 0.945405 0.628263
v 0.382742 0.940575 0.621912
v 0.385086 0.944606 0.627297
v 0.386712 0.947619 0.629949
v 0.390377 0.947657 0.629212
v 0.382707 0.946282 0.629453
v 0.384586 0.949448 0.632964
v 0.380711 0.948205 0.632263
v 0.382754 0.948207 0.634790
v 0.378609 0.947424 0.633889
v 0.378032 0.944572 0.627505
v 0.376182 0.946628 0.631080
v 0.369016 0.938255 0.618043
v 0.367138 0.939863 0.622175
v 0.351258 0.925308 0.600635
v 0.346447 0.925218 0.606484
v 0.327935 0.895395 0.575440
v 0.320445 0.892923 0.585689
v 0.311873 0.854716 0.551834
v 0.336913 0.896046 0.568029
v 0.322517 0.855892 0.544354
v 0.315254 0.812316 0.524732
v 0.336174 0.852510 0.544098
v 0.331686 0.809051 0.525997
v 0.329949 0.764540 0.505794
v 0.347963 0.805981 0.527764
v 0.349737 0.760775 0.508999
v 0.346629 0.713036 0.484697
v 0.365275 0.754353 0.520596
v 0.363930 0.701893 0.496915
v 0.350599 0.659205 0.469519
v 0.377668 0.689349 0.515814
v 0.361980 0.638891 0.486695
v 0.327947 0.604867 0.458004
v 0.363238 0.624718 0.510550
v 0.330879 0.584683 0.478444
v 0.299615 0.561724 0.449435
v 0.326641 0.570399 0.500584
v 0.293973 0.545169 0.466673
v 0.282883 0.532659 0.448879
v 0.289376 0.548659 0.433687
v 0.283600 0.533094 0.484774
v 0.271501 0.521184 0.463864
v 0.269201 0.525134 0.504241
v 0.253425 0.512617 0.484560
v 0.251222 0.524762 0.523054
v 0.233776 0.513526 0.504455
v 0.220076 0.509321 0.490037
v 0.213807 0.526107 0.519276
v 0.201249 0.519855 0.506847
v 0.192419 0.518437 0.494635
v 0.208334 0.511931 0.479728
v 0.183201 0.537438 0.520261
v 0.174811 0.536198 0.507845
v 0.168443 0.562923 0.531616
v 0.161224 0.564591 0.518471
v 0.160535 0.565603 0.504100
v 0.157581 0.594110 0.521775
v 0.158040 0.593314 0.508597
v 0.156922 0.591742 0.495259
v 0.160557 0.561538 0.493047
v 0.149820 0.590105 0.486334
v 0.147533 0.558311 0.493279
v 0.139916 0.590254 0.489667
v 0.134820 0.554764 0.498910
v 0.129105 0.505359 0.515746
v 0.117325 0.553187 0.506161
v 0.099830 0.496133 0.531250
v 0.090758 0.434264 0.542934
v 0.128556 0.444588 0.528213
v 0.101630 0.371526 0.552525
v 0.138176 0.373550 0.543057
v 0.174953 0.376529 0.517238
v 0.072062 0.431962 0.557191
v 0.085221 0.375952 0.568655
v 0.054369 0.428153 0.560910
v 0.067020 0.376366 0.576321
v 0.075172 0.329736 0.588365
v 0.049371 0.373179 0.562997
v 0.053780 0.330132 0.576464
v 0.035090 0.291476 0.585289
v 0.056502 0.289771 0.590871
v 0.022473 0.252498 0.587191
v 0.032652 0.249685 0.592324
v 0.013682 0.229010 0.595727
v 0.024752 0.226450 0.594868
v 0.036031 0.223867 0.593712
v 0.023629 0.212521 0.604101
v 0.037497 0.211406 0.600519
v 0.054473 0.212336 0.596217
v 0.040437 0.198347 0.605603
v 0.059147 0.199456 0.594197
v 0.096437 0.201792 0.580615
v 0.088209 0.217045 0.583156
v 0.138723 0.199754 0.576925
v 0.127049 0.220036 0.570167
v 0.116523 0.240938 0.579247
v 0.166048 0.213157 0.558405
v 0.155111 0.235830 0.557280
v 0.146047 0.263077 0.568565
v 0.194728 0.229427 0.540624
v 0.184018 0.254301 0.541775
v 0.177395 0.278502 0.554098
v 0.213962 0.259534 0.522290
v 0.227411 0.236137 0.518159
v 0.245123 0.271095 0.494939
v 0.226723 0.300472 0.503719
v 0.242229 0.324283 0.480447
v 0.240011 0.220033 0.521227
v 0.265130 0.249077 0.491491
v 0.252276 0.213890 0.534635
v 0.276771 0.243313 0.504647
v 0.259081 0.197451 0.531725
v 0.284475 0.228259 0.501557
v 0.298984 0.274454 0.470867
v 0.277655 0.214035 0.490945
v 0.293944 0.255612 0.461204
v 0.309152 0.301804 0.427924
v 0.306509 0.326043 0.438523
v 0.254632 0.184384 0.520626
v 0.258985 0.159122 0.518643
v 0.224664 0.138600 0.544114
v 0.231107 0.108149 0.550383
v 0.264681 0.121958 0.522916
v 0.219271 0.163735 0.541851
v 0.185161 0.155561 0.562872
v 0.190603 0.129926 0.565481
v 0.222458 0.182261 0.554712
v 0.185129 0.177547 0.574680
v 0.145740 0.178648 0.587678
v 0.148608 0.157426 0.575883
v 0.218365 0.201786 0.557090
v 0.178054 0.200653 0.572903
v 0.205295 0.208498 0.544035
v 0.107515 0.166784 0.586313
v 0.110204 0.140708 0.587479
v 0.152325 0.130459 0.578694
v 0.103680 0.187375 0.588442
v 0.065941 0.186158 0.596783
v 0.069484 0.165346 0.597034
v 0.045132 0.160972 0.611853
v 0.046272 0.133357 0.610249
v 0.071971 0.138857 0.598820
v 0.043137 0.182368 0.609727
v 0.023418 0.197481 0.610587
v 0.023676 0.179891 0.615641
v 0.024278 0.157499 0.618140
v 0.004855 0.179184 0.617610
v 0.003777 0.156400 0.620342
v 0.005138 0.123436 0.619101
v 0.026109 0.127099 0.616456
v 0.008434 0.088103 0.610860
v 0.029846 0.093138 0.609956
v 0.047639 0.101824 0.606565
v 0.072860 0.111326 0.600428
v 0.036065 0.053019 0.607145
v 0.049205 0.065118 0.614035
v 0.014621 0.045919 0.610355
v 0.025873 -0.001568 0.609963
v -0.007258 0.046889 0.617892
v 0.000354 -0.002826 0.630885
v 0.004979 -0.051546 0.631632
v -0.034751 -0.112029 0.620083
v -0.000717 -0.107701 0.633891
v -0.095665 -0.136440 0.612901
v -0.092986 -0.213687 0.619064
v -0.154637 -0.170231 0.602878
v -0.120584 -0.237649 0.605999
v -0.063558 -0.304432 0.616340
v -0.049373 -0.283960 0.625117
v -0.003207 -0.333277 0.613805
v -0.072908 -0.324247 0.609761
v -0.001979 -0.350353 0.601772
v 0.062015 -0.335848 0.608092
v 0.050651 -0.321868 0.612152
v 0.125661 -0.280081 0.594611
v 0.112135 -0.269890 0.603311
v 0.096701 -0.261219 0.610097
v 0.156048 -0.198472 0.609357
v 0.133541 -0.186561 0.604198
v 0.096984 -0.173639 0.615826
v 0.175627 -0.120209 0.598474
v 0.178201 -0.211468 0.600404
v 0.197897 -0.132289 0.587345
v 0.213144 -0.072700 0.579078
v 0.178581 -0.066004 0.594006
v 0.223330 -0.049715 0.583981
v 0.222098 -0.030386 0.574996
v 0.263862 0.015095 0.537569
v 0.224534 0.001333 0.563579
v 0.268666 0.061520 0.533428
v 0.233094 0.050673 0.558426
v 0.277284 0.089754 0.538526
v 0.241251 0.089948 0.565293
v 0.200051 0.078805 0.585413
v 0.196191 0.102540 0.574791
v 0.155627 0.104678 0.591078
v 0.110539 0.114672 0.596699
v 0.299282 0.069684 0.495019
v 0.321689 0.077754 0.456517
v 0.296804 0.029314 0.503202
v 0.318954 0.033657 0.467214
v 0.330876 0.033011 0.444138
v 0.334032 0.078723 0.432542
v 0.338428 0.032046 0.426275
v 0.342487 0.078032 0.413655
v 0.348558 0.127672 0.391674
v 0.349164 0.077561 0.397761
v 0.356278 0.127182 0.376288
v 0.380029 0.176497 0.359008
v 0.357749 0.178289 0.364810
v 0.388673 0.217005 0.341728
v 0.405491 0.232992 0.309159
v 0.368854 0.128498 0.372572
v 0.393933 0.175783 0.353655
v 0.382294 0.131895 0.376153
v 0.403396 0.172744 0.348377
v 0.397015 0.133122 0.371551
v 0.412513 0.169581 0.343784
v 0.428799 0.191933 0.329894
v 0.421349 0.167322 0.341813
v 0.435127 0.187545 0.332775
v 0.447081 0.201834 0.328123
v 0.441759 0.206906 0.325633
v 0.454751 0.220370 0.325426
v 0.460082 0.213118 0.326719
v 0.482899 0.221449 0.326982
v 0.478507 0.229201 0.322771
v 0.452597 0.195694 0.324262
v 0.465953 0.205351 0.322652
v 0.485979 0.212108 0.322828
v 0.520259 0.205278 0.322892
v 0.518333 0.215138 0.322995
v 0.469457 0.199873 0.314655
v 0.489183 0.205988 0.313330
v 0.456694 0.189821 0.317497
v 0.441769 0.181795 0.329673
v 0.446294 0.176487 0.323446
v 0.430742 0.163915 0.339684
v 0.437067 0.159130 0.334146
v 0.419737 0.132333 0.359428
v 0.430945 0.131104 0.353599
v 0.409943 0.084678 0.376650
v 0.422439 0.086241 0.373861
v 0.426910 0.085202 0.364399
v 0.415656 0.033687 0.389389
v 0.424075 0.033027 0.381911
v 0.427382 0.031089 0.367925
v 0.420458 -0.022399 0.397818
v 0.424676 -0.023441 0.382848
v 0.412950 -0.089984 0.406662
v 0.420684 -0.090594 0.396802
v 0.425591 -0.091410 0.380641
v 0.416484 -0.167240 0.407176
v 0.421902 -0.168256 0.389876
v 0.426479 -0.167955 0.371306
v 0.421176 -0.252947 0.387738
v 0.425612 -0.254049 0.367653
v 0.428002 -0.255318 0.345801
v 0.423074 -0.348695 0.353198
v 0.425145 -0.354920 0.328211
v 0.435073 -0.358755 0.307631
v 0.437382 -0.257610 0.329870
v 0.431500 -0.359047 0.286590
v 0.437272 -0.259237 0.309860
v 0.421233 -0.364649 0.249264
v 0.426785 -0.262847 0.279496
v 0.414216 -0.361214 0.204909
v 0.416247 -0.262219 0.216065
v 0.403440 -0.356696 0.177114
v 0.404794 -0.261365 0.180103
v 0.400394 -0.351914 0.155685
v 0.404319 -0.260706 0.159212
v 0.390739 -0.347699 0.138927
v 0.393763 -0.260180 0.144274
v 0.375571 -0.344346 0.130040
v 0.380597 -0.259613 0.135321
v 0.366131 -0.340777 0.114880
v 0.371879 -0.259527 0.120843
v 0.354564 -0.337633 0.102737
v 0.360408 -0.258410 0.109649
v 0.339925 -0.334468 0.094266
v 0.345409 -0.257188 0.101395
v 0.324169 -0.331423 0.092290
v 0.335851 -0.410911 0.091270
v 0.323696 -0.407762 0.083723
v 0.315645 -0.407067 0.094830
v 0.315577 -0.484727 0.078469
v 0.306511 -0.486467 0.088657
v 0.297723 -0.488940 0.101691
v 0.300800 -0.560569 0.083319
v 0.294406 -0.563581 0.097584
v 0.291314 -0.567251 0.114239
v 0.291137 -0.491930 0.115596
v 0.276269 -0.570185 0.124090
v 0.282099 -0.494144 0.128266
v 0.274315 -0.575052 0.142118
v 0.276558 -0.498103 0.145001
v 0.277141 -0.582087 0.162559
v 0.279275 -0.507664 0.165898
v 0.277003 -0.589541 0.186870
v 0.278502 -0.518814 0.188986
v 0.288586 -0.411366 0.205344
v 0.284212 -0.530815 0.218997
v 0.294230 -0.416652 0.241903
v 0.297981 -0.539687 0.249340
v 0.300222 -0.424758 0.280868
v 0.296014 -0.341256 0.303703
v 0.316849 -0.431114 0.309236
v 0.316517 -0.339721 0.334563
v 0.308205 -0.293783 0.344669
v 0.334820 -0.335690 0.356582
v 0.333372 -0.436252 0.328155
v 0.345786 -0.443468 0.343506
v 0.348533 -0.333599 0.371444
v 0.360266 -0.442712 0.359112
v 0.365125 -0.336163 0.384456
v 0.376443 -0.443604 0.365938
v 0.383707 -0.339712 0.388684
v 0.391862 -0.246087 0.402669
v 0.401990 -0.341742 0.386393
v 0.409961 -0.251096 0.403868
v 0.401477 -0.165347 0.405902
v 0.395959 -0.090006 0.402253
v 0.380190 -0.088660 0.404888
v 0.408028 -0.023340 0.397277
v 0.394107 -0.024790 0.397318
v 0.379924 -0.024823 0.398978
v 0.366353 -0.085771 0.402103
v 0.402625 0.031433 0.389187
v 0.388870 0.030950 0.392813
v 0.375161 0.030549 0.393100
v 0.366628 -0.023429 0.397466
v 0.397672 0.083552 0.381417
v 0.384984 0.082068 0.383515
v 0.371842 0.079814 0.381926
v 0.362413 0.030010 0.390973
v 0.407710 0.133016 0.365540
v 0.350502 0.030551 0.396667
v 0.343784 -0.021193 0.404686
v 0.353975 -0.021983 0.396516
v 0.357832 0.077970 0.385435
v 0.344469 0.031406 0.410725
v 0.333254 -0.021007 0.434124
v 0.338260 -0.021002 0.418911
v 0.325607 -0.071589 0.438920
v 0.330216 -0.071985 0.422743
v 0.334624 -0.072603 0.407368
v 0.319019 -0.126513 0.423504
v 0.322266 -0.128208 0.407501
v 0.326141 -0.131073 0.394223
v 0.341394 -0.075489 0.396495
v 0.339532 -0.140291 0.394107
v 0.354930 -0.081387 0.398555
v 0.315240 -0.183209 0.382853
v 0.327176 -0.191822 0.383180
v 0.307482 -0.183274 0.398498
v 0.303294 -0.185940 0.414882
v 0.319098 -0.070051 0.457759
v 0.326062 -0.021231 0.452557
v 0.416225 -0.345720 0.380736
v 0.393314 -0.445025 0.366058
v 0.407302 -0.446409 0.371907
v 0.418547 -0.442328 0.327334
v 0.395480 -0.545790 0.348285
v 0.406261 -0.532530 0.301320
v 0.410285 -0.523525 0.278830
v 0.420497 -0.443704 0.301299
v 0.414522 -0.519823 0.261146
v 0.426757 -0.446837 0.283214
v 0.404584 -0.517905 0.241964
v 0.418189 -0.445479 0.261811
v 0.399772 -0.511519 0.211434
v 0.411793 -0.442363 0.228913
v 0.397468 -0.507607 0.187993
v 0.407947 -0.438880 0.200296
v 0.383819 -0.502253 0.171791
v 0.394675 -0.433827 0.179126
v 0.379895 -0.498128 0.151575
v 0.392004 -0.430242 0.156350
v 0.375933 -0.494713 0.131840
v 0.386745 -0.426935 0.137051
v 0.361254 -0.492214 0.120867
v 0.370123 -0.421693 0.127609
v 0.350498 -0.489187 0.107117
v 0.360847 -0.417526 0.112431
v 0.340048 -0.487006 0.094248
v 0.349155 -0.413913 0.100220
v 0.328175 -0.485386 0.084020
v 0.329582 -0.557068 0.084745
v 0.319843 -0.556629 0.072573
v 0.306045 -0.557516 0.071127
v 0.318032 -0.630242 0.062613
v 0.304125 -0.632179 0.065818
v 0.301175 -0.634058 0.080106
v 0.310547 -0.706421 0.075658
v 0.300678 -0.707081 0.085439
v 0.293925 -0.707380 0.095472
v 0.294668 -0.635178 0.093602
v 0.282931 -0.707945 0.105981
v 0.283760 -0.636956 0.105919
v 0.278960 -0.704363 0.121528
v 0.274685 -0.638442 0.118749
v 0.275590 -0.640634 0.138238
v 0.278006 -0.643341 0.160843
v 0.279237 -0.647680 0.185091
v 0.301428 -0.707117 0.197183
v 0.291349 -0.651648 0.205715
v 0.289580 -0.595971 0.208958
v 0.299724 -0.656242 0.227024
v 0.299475 -0.603035 0.234829
v 0.303296 -0.661713 0.248679
v 0.304520 -0.609945 0.261695
v 0.309479 -0.544705 0.279486
v 0.304889 -0.666888 0.268162
v 0.307181 -0.710865 0.238171
v 0.308255 -0.713947 0.258301
v 0.318579 -0.715695 0.273791
v 0.319117 -0.672089 0.280039
v 0.335561 -0.714254 0.271638
v 0.339242 -0.675799 0.282118
v 0.320328 -0.756344 0.264433
v 0.335265 -0.751007 0.267287
v 0.324950 -0.800569 0.256918
v 0.339002 -0.797699 0.259753
v 0.349643 -0.796273 0.272450
v 0.345848 -0.845553 0.254427
v 0.356765 -0.844190 0.268571
v 0.368487 -0.845227 0.283025
v 0.360472 -0.881934 0.273275
v 0.370221 -0.882044 0.284417
v 0.381310 -0.883614 0.294465
v 0.379128 -0.846571 0.299106
v 0.387049 -0.882604 0.284030
v 0.389374 -0.844744 0.286216
v 0.391344 -0.881175 0.272548
v 0.394379 -0.841853 0.268094
v 0.394472 -0.793754 0.266723
v 0.393524 -0.839210 0.248012
v 0.393101 -0.794611 0.241320
v 0.393760 -0.720310 0.238820
v 0.394392 -0.723050 0.268388
v 0.395665 -0.643691 0.249188
v 0.395568 -0.647634 0.277285
v 0.389683 -0.654797 0.325699
v 0.371670 -0.652524 0.321521
v 0.398677 -0.587444 0.286991
v 0.392033 -0.599368 0.334571
v 0.374179 -0.600389 0.334902
v 0.359572 -0.600068 0.330242
v 0.352915 -0.643964 0.324297
v 0.381653 -0.545582 0.344858
v 0.366153 -0.547863 0.340405
v 0.402883 -0.581499 0.261914
v 0.396571 -0.640888 0.230401
v 0.404352 -0.577733 0.244143
v 0.387481 -0.637757 0.213621
v 0.394472 -0.573707 0.226940
v 0.380217 -0.631952 0.183128
v 0.388139 -0.569946 0.196784
v 0.378908 -0.630632 0.161769
v 0.386174 -0.567250 0.174551
v 0.368946 -0.629998 0.147006
v 0.373504 -0.564583 0.159515
v 0.360523 -0.628691 0.129929
v 0.366439 -0.561712 0.140392
v 0.355986 -0.627821 0.111648
v 0.363510 -0.560472 0.121337
v 0.346838 -0.627144 0.097913
v 0.352334 -0.558926 0.109085
v 0.334750 -0.627824 0.087565
v 0.339164 -0.557605 0.097683
v 0.325923 -0.629395 0.074047
v 0.343552 -0.698336 0.085737
v 0.333175 -0.700607 0.076247
v 0.321721 -0.703617 0.071720
v 0.348673 -0.764334 0.081727
v 0.337282 -0.765783 0.082464
v 0.328708 -0.764575 0.092317
v 0.347283 -0.811715 0.096584
v 0.341124 -0.807361 0.103616
v 0.337882 -0.801781 0.113750
v 0.324257 -0.761155 0.105131
v 0.332270 -0.792268 0.125664
v 0.314518 -0.757057 0.116109
v 0.322429 -0.783794 0.136428
v 0.299018 -0.756280 0.123045
v 0.307162 -0.781934 0.145717
v 0.285456 -0.753058 0.134964
v 0.334106 -0.810535 0.142952
v 0.329397 -0.802422 0.153459
v 0.340233 -0.829891 0.152608
v 0.341630 -0.838241 0.144636
v 0.357746 -0.846911 0.154268
v 0.354200 -0.839548 0.160251
v 0.338019 -0.820624 0.133228
v 0.341137 -0.830532 0.124355
v 0.344105 -0.847496 0.137449
v 0.347086 -0.855965 0.129191
v 0.367307 -0.861384 0.137587
v 0.361821 -0.855110 0.147267
v 0.344144 -0.837363 0.115582
v 0.381204 -0.844798 0.125535
v 0.381640 -0.842880 0.139002
v 0.378215 -0.840301 0.151768
v 0.370832 -0.837438 0.162629
v 0.381718 -0.815575 0.126464
v 0.382842 -0.815637 0.139534
v 0.381947 -0.817505 0.154584
v 0.376231 -0.771404 0.132899
v 0.380087 -0.777647 0.147574
v 0.371135 -0.703215 0.136464
v 0.376895 -0.706379 0.150388
v 0.379401 -0.710492 0.169762
v 0.387137 -0.716923 0.200347
v 0.395766 -0.718832 0.216897
v 0.372269 -0.767370 0.120872
v 0.363923 -0.700838 0.123150
v 0.368677 -0.765819 0.109016
v 0.358834 -0.698843 0.108497
v 0.365915 -0.763977 0.096689
v 0.352732 -0.697917 0.095176
v 0.359641 -0.763364 0.085270
v 0.373448 -0.815072 0.103813
v 0.367225 -0.814824 0.095048
v 0.356651 -0.814626 0.091131
v 0.378655 -0.815949 0.115209
v 0.384651 -0.909378 0.282749
v 0.387337 -0.908310 0.275376
v 0.380389 -0.924917 0.279514
v 0.382945 -0.922413 0.271672
v 0.376417 -0.933652 0.276307
v 0.378946 -0.931858 0.268208
v 0.381064 -0.927103 0.257144
v 0.374999 -0.938137 0.266174
v 0.376467 -0.934288 0.254042
v 0.374469 -0.919720 0.234440
v 0.382852 -0.914662 0.240199
v 0.370812 -0.941640 0.253168
v 0.365278 -0.924458 0.232992
v 0.363624 -0.945932 0.255332
v 0.356673 -0.926948 0.236569
v 0.338620 -0.893483 0.216526
v 0.351450 -0.926761 0.243511
v 0.335612 -0.892033 0.229507
v 0.319015 -0.845328 0.222333
v 0.320637 -0.847309 0.205903
v 0.316448 -0.801371 0.223105
v 0.320425 -0.844027 0.236579
v 0.317653 -0.799786 0.242313
v 0.313543 -0.757141 0.248364
v 0.311990 -0.758193 0.229123
v 0.305176 -0.709260 0.218088
v 0.329040 -0.846433 0.250448
v 0.337716 -0.889867 0.238304
v 0.344558 -0.886675 0.249663
v 0.352465 -0.883580 0.261309
v 0.362051 -0.910087 0.274145
v 0.360039 -0.931899 0.272620
v 0.367086 -0.927296 0.280343
v 0.371180 -0.908738 0.282473
v 0.376816 -0.926290 0.287093
v 0.381537 -0.910341 0.290327
v 0.364504 -0.938356 0.277600
v 0.373809 -0.935528 0.284565
v 0.359523 -0.942679 0.270651
v 0.364072 -0.947582 0.267440
v 0.370080 -0.944065 0.265273
v 0.357053 -0.944339 0.260264
v 0.555874 0.209269 0.295051
v 0.513910 0.223662 0.314926
v 0.550975 0.219315 0.286885
v 0.508405 0.229357 0.304974
v 0.476103 0.231054 0.312449
v 0.502401 0.235749 0.293816
v 0.475119 0.234226 0.298130
v 0.477412 0.240282 0.277523
v 0.544658 0.227611 0.278709
v 0.218045 -0.143817 0.566569
v 0.185660 -0.220744 0.573858
v 0.209720 -0.237929 0.556916
v 0.247112 -0.161039 0.536630
v 0.139650 -0.289674 0.584615
v 0.155330 -0.303540 0.568744
v 0.173265 -0.324159 0.542741
v 0.080337 -0.358237 0.580541
v 0.087060 -0.370789 0.557151
v 0.099152 -0.391914 0.520747
v 0.185990 -0.346435 0.506611
v 0.106205 -0.408141 0.464400
v 0.189172 -0.356815 0.453147
v 0.110807 -0.416664 0.391587
v 0.194114 -0.365180 0.384503
v 0.243262 -0.311735 0.370967
v 0.193088 -0.363522 0.324167
v 0.109963 -0.415710 0.326897
v 0.110377 -0.414556 0.294275
v 0.193430 -0.359921 0.292401
v 0.113165 -0.415816 0.275161
v 0.010143 -0.434873 0.295903
v 0.012506 -0.436505 0.277878
v 0.015139 -0.440187 0.262242
v -0.088247 -0.426257 0.274443
v -0.087766 -0.431541 0.257520
v -0.084648 -0.426524 0.239997
v 0.017448 -0.435188 0.244315
v -0.079975 -0.414215 0.228874
v 0.019392 -0.423211 0.232482
v -0.074226 -0.398492 0.222542
v -0.166929 -0.371735 0.223955
v -0.157123 -0.357494 0.218060
v -0.147194 -0.341811 0.220896
v -0.068652 -0.382055 0.225052
v -0.139844 -0.328306 0.232936
v -0.064375 -0.369121 0.237424
v -0.136608 -0.318782 0.251127
v -0.061715 -0.359592 0.254643
v -0.137164 -0.313153 0.271923
v -0.060934 -0.353565 0.273938
v -0.141590 -0.310981 0.299524
v -0.062662 -0.350578 0.301609
v 0.030984 -0.355600 0.299903
v -0.068911 -0.351442 0.352141
v 0.033272 -0.356828 0.352794
v 0.128607 -0.323898 0.341538
v 0.029727 -0.358415 0.409240
v 0.131388 -0.329050 0.397627
v 0.201707 -0.269829 0.374817
v 0.193611 -0.261365 0.320011
v 0.248070 -0.183624 0.347521
v 0.233059 -0.183682 0.290465
v 0.282224 -0.052999 0.317776
v 0.277043 -0.071183 0.242274
v 0.249996 -0.168048 0.409729
v 0.280887 -0.026884 0.395856
v 0.290488 0.105438 0.368692
v 0.250890 0.001572 0.449866
v 0.251448 0.131629 0.424774
v 0.249574 0.226054 0.401444
v 0.295848 0.189613 0.338294
v 0.244393 0.326369 0.380370
v 0.290363 0.286809 0.317495
v 0.331165 0.237197 0.214491
v 0.371385 0.213266 0.070346
v 0.284733 0.425869 0.299540
v 0.334224 0.403279 0.197476
v 0.386298 0.389394 0.069049
v 0.416297 0.390327 -0.062294
v 0.403077 0.223073 -0.073394
v 0.328422 0.543801 0.199004
v 0.378428 0.552638 0.088781
v 0.412027 0.562352 -0.032023
v 0.422862 0.572171 -0.156445
v 0.425467 0.403286 -0.185773
v 0.369940 0.612056 0.093747
v 0.397519 0.646798 -0.014527
v 0.400982 0.684188 -0.124164
v 0.377458 0.708971 -0.235909
v 0.405743 0.580461 -0.272943
v 0.385424 0.686024 -0.006926
v 0.386516 0.729177 -0.112537
v 0.362333 0.758331 -0.224384
v 0.318958 0.770339 -0.331893
v 0.334292 0.724741 -0.347093
v 0.370817 0.755410 -0.104694
v 0.346063 0.785492 -0.214000
v 0.303525 0.799269 -0.318909
v 0.247533 0.810067 -0.402679
v 0.259647 0.781309 -0.418212
v 0.331283 0.798687 -0.203814
v 0.286671 0.817414 -0.301978
v 0.233435 0.831141 -0.384594
v 0.168213 0.840978 -0.447682
v 0.178284 0.820165 -0.465738
v 0.271957 0.824516 -0.291639
v 0.216683 0.839998 -0.366776
v 0.156361 0.850722 -0.426939
v 0.082043 0.857427 -0.470285
v 0.087985 0.848094 -0.491196
v 0.203860 0.842593 -0.355275
v 0.143703 0.852782 -0.414342
v 0.074764 0.860893 -0.458935
v -0.008182 0.863495 -0.474139
v -0.007358 0.860050 -0.486883
v 0.132180 0.854840 -0.403824
v 0.068271 0.865475 -0.449075
v -0.008578 0.867480 -0.465393
v -0.084003 0.863770 -0.444970
v -0.089674 0.859861 -0.455111
v 0.064064 0.873490 -0.443761
v -0.008675 0.876485 -0.458036
v -0.079920 0.871852 -0.438026
v -0.141628 0.860521 -0.385983
v -0.149484 0.853381 -0.395700
v -0.008760 0.889526 -0.455429
v -0.078876 0.884904 -0.435485
v -0.140117 0.874027 -0.382332
v -0.205453 0.859012 -0.319972
v -0.206797 0.846986 -0.324821
v -0.078618 0.898494 -0.434953
v -0.140164 0.888431 -0.380992
v -0.206417 0.872731 -0.317511
v -0.268520 0.853962 -0.248406
v -0.266988 0.842449 -0.251403
v -0.143786 0.901688 -0.384728
v -0.208686 0.885540 -0.317449
v -0.272342 0.864346 -0.248329
v -0.322275 0.839276 -0.174257
v -0.319870 0.831693 -0.175579
v -0.216526 0.896324 -0.323864
v -0.278523 0.873354 -0.251165
v -0.329470 0.846156 -0.175388
v -0.352246 0.812850 -0.087683
v -0.346071 0.808534 -0.088719
v -0.286158 0.880623 -0.256030
v -0.336853 0.851880 -0.177192
v -0.360907 0.816982 -0.087055
v -0.350153 0.781042 0.004542
v -0.341087 0.778138 0.001948
v -0.344712 0.857328 -0.179431
v -0.369719 0.820611 -0.086854
v -0.359758 0.782052 0.006734
v -0.328749 0.752838 0.098060
v -0.320049 0.751004 0.093623
v -0.378809 0.824214 -0.086618
v -0.369726 0.782788 0.009067
v -0.338218 0.752474 0.102423
v -0.293808 0.734200 0.185464
v -0.285030 0.735923 0.179737
v -0.379923 0.783407 0.011425
v -0.347959 0.751891 0.106869
v -0.303175 0.731857 0.190880
v -0.261053 0.728871 0.268693
v -0.251667 0.731817 0.261909
v -0.358629 0.750479 0.111706
v -0.312773 0.728846 0.196584
v -0.270505 0.725045 0.276299
v -0.229527 0.709185 0.343336
v -0.220512 0.714434 0.334380
v -0.323323 0.724671 0.202735
v -0.280550 0.719382 0.284366
v -0.238524 0.701907 0.353354
v -0.182742 0.703890 0.399532
v -0.290829 0.711385 0.293200
v -0.246659 0.691385 0.363745
v -0.301093 0.698520 0.304268
v -0.335144 0.718546 0.209487
v -0.348623 0.709537 0.216436
v -0.362066 0.694905 0.225340
v -0.310005 0.681555 0.313839
v -0.374445 0.673474 0.229163
v -0.318013 0.657975 0.319953
v -0.282024 0.641110 0.370346
v -0.267810 0.628123 0.388991
v -0.323237 0.629127 0.321986
v -0.294007 0.614202 0.361959
v -0.283474 0.606369 0.375420
v -0.275526 0.600529 0.386118
v -0.261646 0.621871 0.398204
v -0.284424 0.562972 0.375891
v -0.277961 0.561196 0.389226
v -0.271629 0.596364 0.395981
v -0.283369 0.512780 0.381110
v -0.276679 0.518176 0.394944
v -0.284321 0.523307 0.408511
v -0.282977 0.561102 0.400825
v -0.278907 0.474185 0.400199
v -0.273233 0.483519 0.411695
v -0.280761 0.489624 0.423873
v -0.294739 0.493433 0.435114
v -0.298856 0.526629 0.416945
v -0.259875 0.458463 0.434111
v -0.270162 0.464037 0.446344
v -0.285105 0.470096 0.461488
v -0.302660 0.488491 0.485511
v -0.307546 0.508546 0.458377
v -0.254638 0.449659 0.472806
v -0.269912 0.457998 0.488844
v -0.292807 0.477795 0.514341
v -0.330231 0.520879 0.545187
v -0.338144 0.523505 0.517401
v -0.254628 0.455110 0.513260
v -0.280676 0.475706 0.542379
v -0.318610 0.523100 0.568146
v -0.351663 0.567764 0.585770
v -0.359897 0.576519 0.563340
v -0.261382 0.482569 0.563116
v -0.302512 0.531612 0.583949
v -0.335270 0.571004 0.602246
v -0.362163 0.621839 0.604147
v -0.376350 0.625499 0.591112
v -0.389018 0.682662 0.599526
v -0.394193 0.686958 0.581367
v -0.383469 0.635075 0.573318
v -0.381349 0.680673 0.615468
v -0.380958 0.737134 0.619872
v -0.383668 0.737026 0.605141
v -0.365889 0.682347 0.614995
v -0.367424 0.738010 0.621990
v -0.359152 0.786291 0.627411
v -0.369934 0.787312 0.625136
v -0.348894 0.686057 0.615398
v -0.352359 0.739326 0.615602
v -0.345387 0.785966 0.620309
v -0.341449 0.829726 0.625670
v -0.355080 0.829696 0.630406
v -0.336950 0.740638 0.607189
v -0.331492 0.786445 0.611675
v -0.328581 0.831503 0.619674
v -0.338603 0.874742 0.628782
v -0.347373 0.871250 0.631024
v -0.319263 0.788129 0.601826
v -0.316498 0.834471 0.613508
v -0.329090 0.879819 0.625832
v -0.352395 0.912252 0.633967
v -0.358940 0.908295 0.634630
v -0.305676 0.838584 0.606537
v -0.319864 0.886413 0.621462
v -0.297652 0.844451 0.598058
v -0.316189 0.892639 0.613679
v -0.302729 0.846582 0.589381
v -0.323233 0.891261 0.607602
v -0.308921 0.850188 0.577158
v -0.327605 0.893628 0.594084
v -0.314611 0.854314 0.564478
v -0.327077 0.886598 0.579680
v -0.320988 0.858547 0.552218
v -0.338661 0.898868 0.575787
v -0.328955 0.859473 0.544198
v -0.344139 0.904121 0.565113
v -0.341364 0.855586 0.546638
v -0.353840 0.898516 0.564336
v -0.375073 0.925191 0.585269
v -0.384881 0.935187 0.610520
v -0.364640 0.891185 0.567275
v -0.381778 0.919413 0.588073
v -0.389617 0.931547 0.610621
v -0.394049 0.939507 0.622716
v -0.390538 0.942082 0.623140
v -0.386446 0.912481 0.593374
v -0.392661 0.927808 0.613480
v -0.396809 0.937210 0.623632
v -0.400293 0.943868 0.629394
v -0.397398 0.945062 0.628934
v -0.394944 0.924389 0.616856
v -0.398231 0.935087 0.626593
v -0.402345 0.942407 0.631525
v -0.405073 0.946759 0.633964
v -0.402904 0.947812 0.631733
v -0.399651 0.933052 0.629540
v -0.404084 0.941599 0.634286
v -0.406224 0.946216 0.637301
v -0.405683 0.949003 0.637765
v -0.403066 0.946705 0.637872
v -0.400080 0.942575 0.638506
v -0.396693 0.943267 0.637092
v -0.399988 0.947914 0.636384
v -0.402474 0.950474 0.636127
v -0.396807 0.949281 0.634787
v -0.399668 0.952231 0.634500
v -0.393543 0.950742 0.633272
v -0.396843 0.950865 0.632746
v -0.399912 0.949122 0.632051
v -0.394008 0.946787 0.628783
v -0.390001 0.948340 0.630240
v -0.386770 0.943611 0.625595
v -0.385734 0.948633 0.633581
v -0.382041 0.945227 0.629695
v -0.381607 0.944923 0.636815
v -0.385368 0.941136 0.636683
v -0.375735 0.928914 0.637063
v -0.372117 0.933228 0.636798
v -0.389734 0.946458 0.634780
v -0.393186 0.944505 0.635892
v -0.388816 0.938308 0.637622
v -0.391951 0.935551 0.638206
v -0.384353 0.921891 0.637511
v -0.379667 0.925192 0.637310
v -0.371940 0.900697 0.636997
v -0.365112 0.904864 0.635206
v -0.358944 0.868714 0.633454
v -0.377558 0.897392 0.638856
v -0.369721 0.866504 0.633382
v -0.365531 0.829696 0.629066
v -0.372054 0.867204 0.623377
v -0.367759 0.830155 0.616879
v -0.373662 0.788609 0.611527
v -0.372310 0.831609 0.604302
v -0.377703 0.790707 0.596841
v -0.387563 0.739066 0.588352
v -0.383049 0.793520 0.582298
v -0.390151 0.743532 0.572095
v -0.396946 0.688838 0.561928
v -0.390544 0.750231 0.555542
v -0.396808 0.694088 0.541010
v -0.391827 0.647795 0.528239
v -0.389214 0.642395 0.552942
v -0.371560 0.590219 0.512405
v -0.367660 0.581754 0.539494
v -0.339725 0.535567 0.487032
v -0.366589 0.603380 0.483538
v -0.332715 0.557697 0.459857
v -0.310360 0.535445 0.434752
v -0.321050 0.585087 0.439675
v -0.308251 0.569276 0.418383
v -0.295849 0.563619 0.407121
v -0.296079 0.603566 0.414767
v -0.285512 0.598218 0.408339
v -0.276574 0.595774 0.403303
v -0.271710 0.623289 0.415530
v -0.265362 0.619638 0.410941
v -0.260470 0.618057 0.407195
v -0.254304 0.636771 0.419076
v -0.251868 0.634399 0.412893
v -0.231938 0.642290 0.437732
v -0.227221 0.640815 0.431627
v -0.182532 0.631231 0.464707
v -0.172689 0.635363 0.466832
v -0.191752 0.632937 0.469738
v -0.158843 0.601109 0.491848
v -0.150601 0.603465 0.489844
v -0.238473 0.644067 0.443054
v -0.201283 0.635071 0.476238
v -0.165394 0.602883 0.498518
v -0.156006 0.567694 0.512869
v -0.153584 0.567793 0.503623
v -0.141356 0.569260 0.501746
v -0.129336 0.572002 0.504744
v -0.142024 0.522191 0.508941
v -0.128705 0.522626 0.514975
v -0.115868 0.524868 0.521321
v -0.100651 0.527397 0.525297
v -0.119045 0.575588 0.507319
v -0.108505 0.467511 0.535324
v -0.088142 0.471362 0.537670
v -0.071866 0.475034 0.544312
v -0.049944 0.473747 0.545991
v -0.079561 0.530978 0.526049
v -0.070814 0.421927 0.562279
v -0.056337 0.422001 0.557413
v -0.035693 0.420407 0.553635
v 0.000731 0.420002 0.557415
v -0.020528 0.474787 0.549723
v -0.061637 0.373042 0.565535
v -0.032652 0.373847 0.563076
v 0.015675 0.373104 0.568253
v 0.034791 0.422537 0.554807
v -0.025277 0.334359 0.568594
v 0.020180 0.332807 0.570551
v -0.013903 0.292956 0.576271
v 0.013886 0.293093 0.576605
v -0.009335 0.254442 0.587090
v 0.006867 0.254490 0.586730
v -0.014275 0.231344 0.595991
v 0.000420 0.230882 0.597029
v -0.022704 0.215978 0.604158
v -0.005565 0.214782 0.605903
v 0.009727 0.213815 0.605937
v -0.010775 0.198613 0.612790
v 0.007079 0.197684 0.613122
v -0.014721 0.180296 0.617057
v -0.030493 0.200279 0.609915
v -0.036458 0.182477 0.613604
v -0.040247 0.160554 0.615962
v -0.017171 0.157730 0.619917
v -0.041491 0.129678 0.614858
v -0.017869 0.124373 0.618367
v -0.036651 0.097965 0.610579
v -0.014866 0.091085 0.611312
v -0.029534 0.050298 0.605897
v -0.055015 0.103887 0.604373
v -0.050536 0.063445 0.609816
v -0.081911 0.105832 0.597533
v -0.064003 0.133616 0.605118
v -0.094099 0.132200 0.593168
v -0.141187 0.118976 0.585381
v -0.132430 0.090034 0.597098
v -0.183253 0.109537 0.573654
v -0.184069 0.077993 0.591137
v -0.169257 0.030918 0.589336
v -0.229301 0.093133 0.561920
v -0.228039 0.038174 0.565157
v -0.219186 -0.016552 0.572546
v -0.162474 -0.010241 0.600039
v -0.222253 -0.046031 0.589145
v -0.269871 -0.007765 0.535963
v -0.262976 -0.048788 0.552667
v -0.244173 -0.080832 0.557965
v -0.208411 -0.065031 0.583500
v -0.216311 -0.139160 0.575037
v -0.199312 -0.116306 0.595608
v -0.192924 -0.209988 0.584259
v -0.180773 -0.192901 0.608491
v -0.149710 -0.278059 0.583389
v -0.134527 -0.257803 0.596252
v -0.082621 -0.346051 0.599359
v -0.165746 -0.301742 0.566280
v -0.084907 -0.358761 0.579955
v 0.002409 -0.386755 0.581870
v -0.000486 -0.373683 0.594364
v 0.074169 -0.350397 0.599864
v -0.089053 -0.375700 0.553438
v 0.002711 -0.397057 0.559386
v -0.095460 -0.398784 0.515606
v 0.002818 -0.415734 0.522975
v -0.096704 -0.413416 0.459959
v 0.004793 -0.424774 0.466082
v -0.095734 -0.423817 0.386086
v 0.007269 -0.437709 0.390380
v -0.091865 -0.423476 0.323930
v 0.008792 -0.435371 0.327237
v -0.088076 -0.423736 0.292619
v -0.182144 -0.376764 0.321008
v -0.177716 -0.378608 0.288997
v -0.177739 -0.383432 0.270053
v -0.240051 -0.309896 0.290200
v -0.235437 -0.313545 0.270796
v -0.236321 -0.315957 0.254115
v -0.180528 -0.389052 0.253173
v -0.234911 -0.313079 0.237307
v -0.175796 -0.383798 0.234778
v -0.227905 -0.304333 0.224145
v -0.267687 -0.261834 0.240296
v -0.263527 -0.253005 0.225826
v -0.217351 -0.291035 0.216517
v -0.206422 -0.274955 0.217270
v -0.197957 -0.260897 0.228081
v -0.239958 -0.174518 0.236928
v -0.193544 -0.251704 0.245409
v -0.238991 -0.171364 0.257818
v -0.194932 -0.247748 0.267109
v -0.242173 -0.172208 0.282038
v -0.200803 -0.247000 0.293422
v -0.251172 -0.174904 0.319581
v -0.211480 -0.251134 0.333206
v -0.151957 -0.313093 0.345034
v -0.221607 -0.250266 0.381277
v -0.164938 -0.311526 0.394744
v -0.078705 -0.351471 0.405544
v -0.168172 -0.289719 0.438768
v -0.093943 -0.326716 0.453069
v 0.010667 -0.338071 0.459561
v -0.024402 -0.297547 0.495960
v 0.077104 -0.284966 0.489711
v 0.114766 -0.315638 0.451015
v 0.159276 -0.239078 0.465735
v 0.192885 -0.262996 0.429204
v 0.224233 -0.141102 0.454523
v 0.196561 0.024094 0.482691
v 0.099067 0.049603 0.501944
v 0.099577 0.155580 0.490458
v 0.190759 0.143734 0.467771
v 0.095783 0.263388 0.467728
v 0.184504 0.248223 0.443593
v 0.090336 0.375807 0.446883
v 0.177763 0.355068 0.421783
v 0.081980 0.493825 0.433911
v 0.168805 0.472407 0.409023
v 0.234591 0.448640 0.364491
v 0.156345 0.559178 0.402611
v 0.220793 0.550781 0.356698
v 0.273234 0.543368 0.292886
v 0.209877 0.602083 0.349601
v 0.264245 0.596890 0.290097
v 0.322705 0.596960 0.199586
v 0.252695 0.630674 0.283721
v 0.311468 0.629918 0.199786
v 0.359066 0.646523 0.097825
v 0.294809 0.653601 0.194126
v 0.343200 0.670750 0.100299
v 0.370769 0.711675 -0.001006
v 0.325840 0.687252 0.095904
v 0.353756 0.727813 -0.000867
v 0.355746 0.768623 -0.100839
v 0.342651 0.734624 -0.002068
v 0.346563 0.775976 -0.102403
v 0.320285 0.805815 -0.201406
v 0.338136 0.782716 -0.102666
v 0.312971 0.811146 -0.197532
v 0.261646 0.828259 -0.282628
v 0.306305 0.819233 -0.193085
v 0.252276 0.833872 -0.274400
v 0.192473 0.845644 -0.345528
v 0.245942 0.842757 -0.268744
v 0.183940 0.853352 -0.338305
v 0.123651 0.863128 -0.395790
v 0.182033 0.867127 -0.336860
v 0.122124 0.877129 -0.394324
v 0.062636 0.886791 -0.441898
v 0.122326 0.891503 -0.395162
v 0.061835 0.899946 -0.442113
v -0.009115 0.902693 -0.455748
v 0.062334 0.911380 -0.446660
v -0.009837 0.913271 -0.462409
v -0.080702 0.909104 -0.439795
v -0.010265 0.921129 -0.473559
v -0.085085 0.917277 -0.450108
v -0.151146 0.911645 -0.393678
v -0.089703 0.923210 -0.462157
v -0.159521 0.917916 -0.404902
v -0.225654 0.903202 -0.332662
v -0.167896 0.923038 -0.416882
v -0.234992 0.908295 -0.342672
v -0.294748 0.886266 -0.262217
v -0.244295 0.911753 -0.353530
v -0.303723 0.890837 -0.269263
v -0.353144 0.862700 -0.182129
v -0.312907 0.892427 -0.277700
v -0.362703 0.867191 -0.185882
v -0.388402 0.826915 -0.087167
v -0.371413 0.865146 -0.192148
v -0.398528 0.828146 -0.088969
v -0.390724 0.783783 0.013524
v -0.409815 0.827209 -0.092027
v -0.402192 0.782999 0.015073
v -0.370025 0.747992 0.116310
v -0.414107 0.779882 0.015681
v -0.382509 0.743968 0.120738
v -0.426269 0.773401 0.015061
v -0.395851 0.736195 0.123299
v -0.436910 0.761935 0.011581
v -0.409622 0.722659 0.123810
v -0.443884 0.745851 0.007199
v -0.422400 0.704839 0.125122
v -0.449782 0.726249 0.004827
v -0.430765 0.683070 0.122992
v -0.382881 0.647937 0.229958
v -0.436348 0.654586 0.118082
v -0.387453 0.615839 0.227324
v -0.450660 0.584841 0.104058
v -0.395634 0.550008 0.216039
v -0.460519 0.481684 0.090868
v -0.414907 0.469815 0.196674
v -0.464546 0.443330 0.085414
v -0.423915 0.436185 0.179465
v -0.386690 0.430193 0.263286
v -0.355341 0.419894 0.315153
v -0.431606 0.411151 0.169207
v -0.391391 0.412846 0.249757
v -0.366634 0.407299 0.308505
v -0.347689 0.397639 0.352117
v -0.333479 0.404880 0.354190
v -0.369469 0.392950 0.298525
v -0.352070 0.383737 0.342793
v -0.336364 0.364967 0.379940
v -0.329410 0.376646 0.388416
v -0.375399 0.378724 0.290336
v -0.354960 0.371162 0.333227
v -0.338890 0.353279 0.368751
v -0.326568 0.326674 0.395910
v -0.322307 0.338963 0.408621
v -0.360505 0.359785 0.325392
v -0.345329 0.342337 0.358537
v -0.335747 0.314500 0.382117
v -0.331974 0.269428 0.399823
v -0.318126 0.282745 0.418168
v -0.351404 0.333303 0.349344
v -0.342855 0.305866 0.371316
v -0.341569 0.259108 0.384325
v -0.345899 0.205505 0.389744
v -0.334417 0.214849 0.409451
v -0.348854 0.299393 0.361349
v -0.348116 0.252867 0.373135
v -0.351977 0.199808 0.379846
v -0.352009 0.153587 0.391023
v -0.346146 0.156215 0.402543
v -0.336806 0.159664 0.420204
v -0.351539 0.106308 0.401246
v -0.345533 0.106527 0.414455
v -0.337367 0.107129 0.431857
v -0.316933 0.057458 0.476948
v -0.279668 0.054925 0.528213
v -0.310748 -0.006183 0.492295
v -0.301089 -0.058970 0.508657
v -0.310429 -0.127742 0.466438
v -0.283955 -0.103378 0.521236
v -0.283363 -0.190872 0.483625
v -0.249480 -0.167408 0.537362
v -0.243425 -0.267685 0.516979
v -0.214474 -0.238499 0.557335
v -0.179570 -0.330119 0.537516
v -0.255641 -0.283918 0.467553
v -0.187635 -0.354625 0.498641
v -0.258295 -0.291493 0.415435
v -0.185837 -0.365739 0.444154
v -0.256796 -0.299330 0.360785
v -0.185917 -0.376231 0.375691
v -0.246967 -0.306809 0.320055
v -0.287354 -0.246196 0.352284
v -0.276368 -0.259028 0.319435
v -0.268989 -0.263689 0.292474
v -0.287970 -0.236385 0.318523
v -0.280369 -0.242682 0.292674
v -0.278785 -0.240680 0.272880
v -0.265759 -0.264358 0.272690
v -0.280114 -0.238371 0.257515
v -0.266109 -0.263753 0.256117
v -0.281616 -0.236358 0.244311
v -0.288422 -0.224405 0.257764
v -0.289980 -0.223786 0.246546
v -0.293369 -0.221056 0.234688
v -0.282597 -0.227967 0.230521
v -0.298423 -0.217937 0.246635
v -0.299148 -0.214144 0.256841
v -0.311794 -0.225239 0.259225
v -0.308789 -0.223843 0.245570
v -0.317715 -0.243837 0.262268
v -0.315344 -0.240067 0.242974
v -0.318313 -0.265311 0.265558
v -0.316672 -0.262238 0.239419
v -0.319379 -0.258529 0.214072
v -0.322760 -0.299879 0.237055
v -0.324810 -0.304557 0.210546
v -0.328613 -0.306444 0.186903
v -0.326614 -0.257259 0.184179
v -0.337400 -0.308710 0.165802
v -0.341471 -0.253309 0.158624
v -0.346044 -0.311427 0.150116
v -0.329356 -0.377694 0.177352
v -0.338864 -0.379974 0.161565
v -0.346138 -0.382093 0.146767
v -0.334412 -0.441922 0.166190
v -0.344095 -0.444355 0.153190
v -0.352628 -0.447411 0.139294
v -0.344948 -0.500508 0.149838
v -0.354226 -0.502955 0.136473
v -0.366380 -0.505845 0.128558
v -0.353346 -0.554330 0.131562
v -0.367055 -0.555735 0.126943
v -0.380603 -0.557765 0.121222
v -0.365099 -0.604747 0.124324
v -0.377743 -0.605864 0.121723
v -0.389715 -0.607075 0.127575
v -0.375899 -0.655261 0.124688
v -0.386891 -0.655667 0.129219
v -0.391034 -0.654856 0.142612
v -0.379151 -0.695552 0.144120
v -0.384354 -0.693694 0.153191
v -0.388115 -0.692270 0.165926
v -0.374896 -0.722837 0.153615
v -0.367274 -0.723474 0.147562
v -0.366612 -0.741699 0.153643
v -0.372411 -0.741852 0.160065
v -0.370188 -0.695719 0.139037
v -0.359595 -0.695056 0.136562
v -0.358140 -0.723367 0.144813
v -0.362464 -0.653956 0.125692
v -0.351432 -0.652783 0.130801
v -0.348237 -0.693935 0.137506
v -0.352197 -0.604083 0.129579
v -0.344563 -0.604033 0.141032
v -0.342053 -0.651845 0.140259
v -0.344538 -0.553256 0.143652
v -0.335715 -0.552762 0.155951
v -0.337405 -0.604114 0.154399
v -0.334452 -0.498503 0.162073
v -0.323639 -0.497391 0.173026
v -0.326394 -0.552569 0.167148
v -0.321894 -0.440830 0.177290
v -0.317140 -0.440595 0.192660
v -0.322696 -0.497144 0.188733
v -0.317524 -0.374899 0.191706
v -0.315513 -0.373685 0.212504
v -0.322050 -0.440395 0.212544
v -0.320478 -0.441924 0.233632
v -0.324096 -0.498789 0.224809
v -0.326169 -0.497397 0.206241
v -0.313892 -0.371390 0.236668
v -0.313859 -0.368383 0.269718
v -0.311242 -0.444109 0.257529
v -0.324162 -0.297650 0.268528
v -0.326903 -0.298871 0.297599
v -0.319518 -0.367641 0.300160
v -0.323712 -0.262242 0.289723
v -0.325782 -0.255940 0.309210
v -0.327827 -0.300477 0.316667
v -0.320111 -0.241699 0.282646
v -0.321612 -0.234303 0.301749
v -0.323027 -0.224225 0.318046
v -0.326924 -0.250720 0.324980
v -0.314038 -0.223274 0.275607
v -0.315167 -0.217000 0.293273
v -0.316966 -0.206357 0.311124
v -0.300308 -0.210617 0.289441
v -0.304618 -0.202773 0.311056
v -0.289415 -0.224647 0.291167
v -0.296062 -0.218048 0.315711
v -0.298060 -0.221783 0.347548
v -0.299397 -0.212061 0.271528
v -0.287437 -0.224854 0.272337
v -0.329193 -0.247621 0.339576
v -0.329470 -0.302316 0.344697
v -0.327799 -0.301401 0.331089
v -0.323143 -0.373183 0.348211
v -0.320961 -0.371387 0.334265
v -0.320532 -0.368483 0.319632
v -0.322660 -0.445395 0.323143
v -0.324035 -0.444706 0.306472
v -0.321001 -0.444646 0.283533
v -0.325514 -0.505461 0.283145
v -0.320435 -0.502646 0.265340
v -0.317774 -0.500767 0.244688
v -0.320013 -0.557411 0.248276
v -0.322966 -0.556197 0.232066
v -0.327312 -0.554575 0.215333
v -0.330612 -0.609251 0.206951
v -0.330232 -0.606892 0.192077
v -0.328298 -0.553279 0.198223
v -0.325832 -0.605372 0.177989
v -0.325572 -0.552764 0.182283
v -0.327583 -0.604215 0.163820
v -0.325276 -0.653715 0.174459
v -0.326446 -0.651805 0.161922
v -0.334674 -0.651457 0.151768
v -0.327833 -0.691273 0.163029
v -0.332934 -0.691329 0.153667
v -0.339754 -0.692315 0.144399
v -0.333500 -0.721204 0.157130
v -0.339598 -0.722075 0.150034
v -0.347842 -0.723020 0.145071
v -0.341842 -0.741349 0.154134
v -0.349983 -0.741304 0.150383
v -0.358556 -0.741299 0.150418
v -0.365509 -0.754872 0.160291
v -0.365124 -0.764267 0.166513
v -0.367867 -0.759985 0.173241
v -0.370303 -0.753503 0.166822
v -0.371989 -0.754381 0.180378
v -0.363249 -0.763648 0.179322
v -0.366315 -0.756662 0.186747
v -0.370839 -0.747218 0.194967
v -0.377104 -0.745101 0.187008
v -0.358301 -0.757487 0.191001
v -0.361546 -0.747906 0.199914
v -0.363683 -0.732133 0.208551
v -0.351374 -0.745681 0.198545
v -0.350905 -0.730141 0.206622
v -0.349797 -0.755176 0.190347
v -0.355628 -0.764535 0.183313
v -0.346887 -0.761680 0.183027
v -0.339337 -0.754974 0.180018
v -0.338565 -0.756233 0.171868
v -0.333764 -0.741194 0.168534
v -0.334241 -0.741285 0.176647
v -0.329012 -0.720394 0.165615
v -0.328402 -0.719942 0.174783
v -0.325397 -0.691954 0.173368
v -0.330106 -0.693884 0.183722
v -0.334670 -0.697699 0.195031
v -0.329894 -0.657459 0.186896
v -0.331235 -0.662289 0.199435
v -0.336635 -0.741202 0.160657
v -0.340546 -0.756217 0.163843
v -0.328766 -0.558337 0.264386
v -0.331829 -0.559678 0.282538
v -0.332317 -0.611526 0.273110
v -0.327391 -0.508312 0.300427
v -0.329996 -0.510348 0.316549
v -0.334217 -0.561359 0.299509
v -0.322951 -0.448372 0.337570
v -0.327384 -0.450647 0.350852
v -0.335798 -0.512267 0.330142
v -0.327890 -0.374781 0.360166
v -0.332528 -0.376252 0.371480
v -0.329417 -0.453121 0.362778
v -0.334069 -0.303519 0.356777
v -0.341666 -0.305383 0.367140
v -0.351524 -0.308754 0.374511
v -0.342925 -0.377701 0.377021
v -0.353821 -0.379050 0.371249
v -0.353113 -0.450931 0.364791
v -0.341753 -0.453105 0.369822
v -0.364708 -0.312716 0.371400
v -0.375766 -0.315606 0.363502
v -0.364140 -0.380014 0.362172
v -0.368708 -0.252244 0.369532
v -0.381961 -0.254575 0.366203
v -0.393480 -0.256317 0.363285
v -0.389825 -0.318320 0.358328
v -0.369589 -0.202337 0.369556
v -0.380962 -0.201276 0.362788
v -0.390818 -0.200724 0.354589
v -0.402747 -0.200629 0.349800
v -0.404341 -0.258363 0.360454
v -0.382751 -0.148942 0.366935
v -0.393158 -0.145116 0.354519
v -0.407590 -0.145231 0.351090
v -0.419091 -0.145490 0.342019
v -0.415213 -0.201045 0.345895
v -0.395919 -0.095091 0.360465
v -0.410775 -0.094722 0.352544
v -0.424516 -0.093859 0.341702
v -0.440395 -0.093633 0.334726
v -0.432283 -0.145069 0.336792
v -0.419881 -0.048574 0.358210
v -0.430497 -0.047189 0.343804
v -0.447233 -0.046011 0.333233
v -0.466103 -0.045368 0.326801
v -0.456203 -0.094767 0.331103
v -0.438543 -0.004576 0.346509
v -0.453481 -0.001865 0.339898
v -0.470631 0.000027 0.344051
v -0.484050 0.005081 0.335852
v -0.481188 -0.045912 0.322907
v -0.453817 0.038133 0.355664
v -0.468767 0.043413 0.355288
v -0.477725 0.050152 0.347677
v -0.490941 0.054609 0.349318
v -0.496803 0.007885 0.331948
v -0.463006 0.086353 0.360803
v -0.472867 0.091656 0.358384
v -0.484881 0.097150 0.358875
v -0.494244 0.101690 0.359324
v -0.504274 0.058881 0.351958
v -0.482205 0.139447 0.356302
v -0.490232 0.139152 0.345938
v -0.493273 0.137597 0.334110
v -0.497489 0.104312 0.346718
v -0.493278 0.176192 0.335951
v -0.499265 0.170048 0.330686
v -0.505120 0.164881 0.323460
v -0.524007 0.194259 0.324540
v -0.525757 0.187487 0.315579
v -0.526713 0.181605 0.304981
v -0.510042 0.160834 0.312136
v -0.526684 0.176172 0.292422
v -0.513809 0.157862 0.297943
v -0.546598 0.196205 0.298463
v -0.545044 0.190017 0.287327
v -0.564587 0.199993 0.294904
v -0.563195 0.193825 0.284139
v -0.561792 0.186221 0.273113
v -0.581569 0.191021 0.281508
v -0.579726 0.183205 0.271135
v -0.575372 0.172386 0.262893
v -0.596145 0.174585 0.269028
v -0.589893 0.164578 0.260046
v -0.583365 0.152279 0.256986
v -0.570448 0.157239 0.262995
v -0.566639 0.143260 0.264821
v -0.563797 0.131821 0.265341
v -0.552862 0.133632 0.271541
v -0.565478 0.119668 0.266227
v -0.553802 0.119150 0.272194
v -0.542135 0.118455 0.272665
v -0.562298 0.100858 0.273021
v -0.553183 0.095982 0.274202
v -0.579181 0.083165 0.269863
v -0.572282 0.074432 0.269464
v -0.563823 0.067824 0.262387
v -0.557185 0.066687 0.251509
v -0.595829 0.062323 0.256182
v -0.590226 0.054998 0.248341
v -0.584662 0.053175 0.236583
v -0.617635 0.054022 0.232744
v -0.611426 0.054031 0.221657
v -0.604709 0.059989 0.212522
v -0.580193 0.059388 0.225525
v -0.554507 0.069818 0.238854
v -0.579722 0.071380 0.218762
v -0.584024 0.085890 0.219154
v -0.599950 0.072561 0.208307
v -0.599281 0.086802 0.211073
v -0.602316 0.097437 0.219621
v -0.590528 0.097461 0.225979
v -0.597105 0.099733 0.237806
v -0.585900 0.104264 0.242421
v -0.608687 0.100044 0.232009
v -0.618831 0.104311 0.224756
v -0.627714 0.099927 0.233496
v -0.615635 0.093580 0.242167
v -0.600910 0.094418 0.249341
v -0.602096 0.084311 0.257691
v -0.584707 0.092489 0.264748
v -0.587028 0.100453 0.254392
v -0.622010 0.083629 0.248838
v -0.637385 0.090726 0.237070
v -0.644256 0.078785 0.233641
v -0.624633 0.070732 0.249138
v -0.600556 0.072959 0.260496
v -0.622819 0.059437 0.243106
v -0.645579 0.068381 0.226010
v -0.640977 0.062073 0.215354
v -0.660625 0.086761 0.210584
v -0.656856 0.082040 0.199121
v -0.647690 0.081391 0.190334
v -0.632999 0.062022 0.204938
v -0.664869 0.107419 0.187963
v -0.654343 0.105235 0.178800
v -0.669128 0.111259 0.199820
v -0.663714 0.115909 0.212904
v -0.657710 0.094716 0.221776
v -0.571682 0.105708 0.266643
v -0.577128 0.109691 0.256411
v -0.578003 0.111915 0.244986
v -0.606860 0.153272 0.256803
v -0.598857 0.145279 0.248413
v -0.613296 0.163670 0.266424
v -0.631789 0.155587 0.257277
v -0.618607 0.173947 0.275048
v -0.638539 0.165456 0.265923
v -0.657537 0.164740 0.246468
v -0.647350 0.156220 0.238783
v -0.669345 0.172012 0.225688
v -0.657747 0.158242 0.221246
v -0.665882 0.174963 0.252710
v -0.643913 0.175636 0.272716
v -0.622867 0.184329 0.282446
v -0.603687 0.191716 0.287629
v -0.600292 0.182993 0.278958
v -0.583152 0.198183 0.291620
v -0.519850 0.203654 0.326132
v -0.540253 0.227992 0.309667
v -0.562095 0.243720 0.282093
v -0.565616 0.235103 0.296859
v -0.592803 0.236034 0.281198
v -0.618800 0.234051 0.260753
v -0.627382 0.227068 0.269882
v -0.643058 0.234413 0.232044
v -0.653309 0.228759 0.240988
v -0.661978 0.238470 0.195547
v -0.672754 0.234386 0.202878
v -0.651032 0.239827 0.187553
v -0.661504 0.242479 0.159584
v -0.638663 0.240186 0.177307
v -0.650222 0.241746 0.149474
v -0.658804 0.240318 0.129803
v -0.670428 0.242736 0.140406
v -0.667670 0.234568 0.113571
v -0.679072 0.239869 0.126750
v -0.675842 0.223785 0.103336
v -0.687415 0.231722 0.118449
v -0.695595 0.237548 0.132434
v -0.702562 0.238582 0.152460
v -0.692540 0.218708 0.115754
v -0.700911 0.228199 0.129942
v -0.707547 0.229016 0.150128
v -0.691873 0.201346 0.119923
v -0.679376 0.207709 0.101464
v -0.675486 0.190224 0.107876
v -0.665152 0.174495 0.122378
v -0.681967 0.183516 0.133789
v -0.650680 0.183132 0.093296
v -0.642153 0.168811 0.108262
v -0.615633 0.186884 0.082929
v -0.609666 0.173187 0.095522
v -0.600691 0.160107 0.111986
v -0.580199 0.184913 0.086841
v -0.571447 0.173066 0.101971
v -0.559043 0.161600 0.124962
v -0.586894 0.149611 0.132605
v -0.544350 0.152261 0.153644
v -0.570761 0.143843 0.158455
v -0.531946 0.144243 0.177924
v -0.554892 0.140634 0.182630
v -0.573620 0.132880 0.188692
v -0.541585 0.136729 0.200946
v -0.559264 0.134814 0.205912
v -0.570704 0.132084 0.213919
v -0.530334 0.129362 0.214444
v -0.522733 0.134518 0.195205
v -0.515482 0.124153 0.207313
v -0.509951 0.112318 0.218479
v -0.500839 0.119685 0.200498
v -0.498775 0.106800 0.210477
v -0.497108 0.093498 0.219179
v -0.505630 0.099452 0.229955
v -0.496262 0.079735 0.226134
v -0.502211 0.085761 0.240359
v -0.495335 0.065663 0.231736
v -0.497525 0.070818 0.249170
v -0.497535 0.077478 0.265129
v -0.495110 0.051915 0.258115
v -0.496092 0.056738 0.278926
v -0.498076 0.061310 0.296955
v -0.496472 0.086074 0.280767
v -0.507906 0.025938 0.283945
v -0.513962 0.023952 0.297331
v -0.520683 0.020809 0.307143
v -0.518710 -0.031750 0.280424
v -0.523294 -0.037798 0.289939
v -0.529217 -0.043062 0.299442
v -0.525382 0.017543 0.316131
v -0.527480 -0.047272 0.310480
v -0.526054 0.012789 0.326568
v -0.517748 -0.048657 0.316992
v -0.520899 0.009466 0.333604
v -0.513280 0.062178 0.347957
v -0.509860 0.008228 0.332719
v -0.505628 -0.047375 0.317653
v -0.493233 -0.046594 0.320359
v -0.490520 -0.101205 0.309634
v -0.478555 -0.098524 0.315855
v -0.467595 -0.096585 0.322797
v -0.460158 -0.147057 0.316926
v -0.453718 -0.145098 0.330303
v -0.445638 -0.144505 0.337528
v -0.451001 -0.201479 0.339544
v -0.439489 -0.201010 0.341142
v -0.424782 -0.201162 0.339146
v -0.433270 -0.259609 0.337983
v -0.423707 -0.260313 0.345134
v -0.414768 -0.259919 0.353952
v -0.422923 -0.321606 0.351906
v -0.413368 -0.320747 0.360874
v -0.399980 -0.319973 0.363669
v -0.401953 -0.383854 0.362495
v -0.388833 -0.382605 0.364145
v -0.375521 -0.381041 0.355892
v -0.384340 -0.448469 0.359962
v -0.372222 -0.447917 0.353991
v -0.362427 -0.448497 0.355165
v -0.384725 -0.507115 0.337257
v -0.374262 -0.508775 0.339408
v -0.364984 -0.512713 0.349154
v -0.380234 -0.559042 0.326516
v -0.370563 -0.561285 0.336538
v -0.357415 -0.563179 0.336250
v -0.352205 -0.515104 0.350304
v -0.346940 -0.563252 0.327225
v -0.342713 -0.514436 0.342387
v -0.339075 -0.562648 0.314991
v -0.345155 -0.606944 0.320681
v -0.338799 -0.608312 0.306135
v -0.334826 -0.609680 0.290011
v -0.339305 -0.649919 0.303348
v -0.337903 -0.654544 0.286556
v -0.336206 -0.660813 0.269337
v -0.339245 -0.690507 0.285682
v -0.341348 -0.696329 0.269065
v -0.341031 -0.731678 0.286228
v -0.349808 -0.730808 0.271980
v -0.366717 -0.757018 0.286412
v -0.373547 -0.751528 0.276622
v -0.385758 -0.746917 0.267128
v -0.391326 -0.768508 0.274526
v -0.397340 -0.769571 0.264237
v -0.407191 -0.769534 0.257571
v -0.396496 -0.745097 0.255996
v -0.422015 -0.791139 0.259537
v -0.422434 -0.809341 0.264742
v -0.429443 -0.808616 0.266966
v -0.420119 -0.820867 0.270428
v -0.427403 -0.820368 0.272412
v -0.432424 -0.818538 0.277062
v -0.424674 -0.828187 0.277776
v -0.430265 -0.827773 0.281091
v -0.416244 -0.826437 0.276609
v -0.408056 -0.819803 0.277668
v -0.405905 -0.818667 0.285064
v -0.406135 -0.816876 0.292781
v -0.400587 -0.804614 0.278668
v -0.397749 -0.802320 0.287099
v -0.393527 -0.785984 0.280155
v -0.392439 -0.782796 0.289797
v -0.388962 -0.766568 0.284250
v -0.387825 -0.765412 0.293469
v -0.364901 -0.759574 0.297806
v -0.338911 -0.730899 0.301900
v -0.345502 -0.731412 0.314695
v -0.355826 -0.730326 0.325911
v -0.338082 -0.687459 0.302584
v -0.342385 -0.686599 0.316870
v -0.350139 -0.686048 0.328636
v -0.364301 -0.683774 0.330770
v -0.371837 -0.724440 0.327640
v -0.342888 -0.646946 0.319072
v -0.350380 -0.644947 0.331567
v -0.365079 -0.643171 0.332848
v -0.378434 -0.640790 0.326277
v -0.378872 -0.680430 0.323035
v -0.354482 -0.605160 0.332643
v -0.368718 -0.603457 0.333391
v -0.380601 -0.601735 0.326705
v -0.393258 -0.600396 0.327580
v -0.391938 -0.638781 0.326108
v -0.394397 -0.558389 0.326035
v -0.405422 -0.558469 0.334227
v -0.406164 -0.599010 0.331577
v -0.395246 -0.508693 0.344971
v -0.396874 -0.448355 0.359709
v -0.407694 -0.447138 0.351723
v -0.413235 -0.384750 0.357085
v -0.419022 -0.383316 0.344405
v -0.418594 -0.445542 0.343997
v -0.428501 -0.321878 0.339896
v -0.436220 -0.322527 0.329446
v -0.428150 -0.382944 0.333829
v -0.444335 -0.261904 0.339125
v -0.456968 -0.263337 0.333733
v -0.448569 -0.324134 0.322428
v -0.458198 -0.201628 0.329763
v -0.466026 -0.203250 0.320970
v -0.465814 -0.264390 0.325484
v -0.470644 -0.150370 0.307396
v -0.483250 -0.154623 0.303046
v -0.474723 -0.205033 0.314712
v -0.502037 -0.104098 0.304408
v -0.512586 -0.105677 0.297042
v -0.493703 -0.158355 0.296681
v -0.496226 -0.159633 0.283760
v -0.476423 -0.206775 0.293092
v -0.478476 -0.206710 0.304496
v -0.515963 -0.103968 0.286000
v -0.512162 -0.099440 0.274731
v -0.493778 -0.158267 0.271704
v -0.492772 -0.157396 0.258741
v -0.473767 -0.208307 0.264518
v -0.472558 -0.206988 0.278701
v -0.507725 -0.094335 0.264125
v -0.507682 -0.089735 0.252308
v -0.494646 -0.157567 0.243978
v -0.514222 -0.026063 0.270006
v -0.509284 -0.018923 0.256699
v -0.505865 -0.085022 0.238825
v -0.501745 0.026629 0.263760
v -0.496135 0.026104 0.239967
v -0.503510 -0.012514 0.234251
v -0.493629 0.049445 0.236717
v -0.488158 0.047625 0.215014
v -0.490014 0.026293 0.214641
v -0.486166 0.062095 0.213576
v -0.484586 0.075099 0.210839
v -0.470359 0.070188 0.196836
v -0.483051 0.088788 0.207393
v -0.467275 0.083468 0.194432
v -0.447285 0.067308 0.181573
v -0.451914 0.057605 0.185850
v -0.431924 0.034471 0.168773
v -0.438273 0.030413 0.174116
v -0.432998 -0.004550 0.152839
v -0.438978 -0.005678 0.160675
v -0.447754 -0.004713 0.166281
v -0.436124 -0.061384 0.143649
v -0.446246 -0.061822 0.149500
v -0.458221 -0.061776 0.156093
v -0.461522 -0.003819 0.172035
v -0.473174 -0.061882 0.169280
v -0.477429 -0.004166 0.185353
v -0.491292 -0.067241 0.191270
v -0.493577 -0.007287 0.208011
v -0.500762 -0.076345 0.217871
v -0.472609 -0.144463 0.171627
v -0.488383 -0.151173 0.194079
v -0.494700 -0.156053 0.222094
v -0.464054 -0.208583 0.186201
v -0.471493 -0.210609 0.218835
v -0.475125 -0.210230 0.246520
v -0.465756 -0.260848 0.218650
v -0.469214 -0.262259 0.248690
v -0.469218 -0.264648 0.267763
v -0.473135 -0.328391 0.246611
v -0.470896 -0.327032 0.265122
v -0.469939 -0.328059 0.278697
v -0.468650 -0.265172 0.281944
v -0.474034 -0.328711 0.289240
v -0.474760 -0.265057 0.292880
v -0.478456 -0.328987 0.301849
v -0.479201 -0.265134 0.305614
v -0.473579 -0.327887 0.312622
v -0.474582 -0.265261 0.316725
v -0.460870 -0.325906 0.319244
v -0.462106 -0.387414 0.317436
v -0.451492 -0.385044 0.322517
v -0.439216 -0.384068 0.326252
v -0.449229 -0.443076 0.327859
v -0.438972 -0.443459 0.332654
v -0.428888 -0.444150 0.337914
v -0.451701 -0.500978 0.330659
v -0.440940 -0.503873 0.332469
v -0.462223 -0.498554 0.327328
v -0.477776 -0.544053 0.323372
v -0.481863 -0.541607 0.314019
v -0.496827 -0.569703 0.305113
v -0.489335 -0.574919 0.311651
v -0.467201 -0.497568 0.317534
v -0.468810 -0.497553 0.305434
v -0.485237 -0.539487 0.302981
v -0.457306 -0.444042 0.320055
v -0.457665 -0.446127 0.307670
v -0.455794 -0.448039 0.293908
v -0.471216 -0.497590 0.292812
v -0.462255 -0.389430 0.305597
v -0.456407 -0.389028 0.292459
v -0.458071 -0.391077 0.278752
v -0.458106 -0.449674 0.279217
v -0.459987 -0.452154 0.261264
v -0.475668 -0.501090 0.262196
v -0.473659 -0.498458 0.278835
v -0.458731 -0.394127 0.262324
v -0.459465 -0.396614 0.241584
v -0.461943 -0.455930 0.239566
v -0.458705 -0.463658 0.213787
v -0.474243 -0.515818 0.228516
v -0.475835 -0.507076 0.245295
v -0.454736 -0.397830 0.210748
v -0.449297 -0.397281 0.184302
v -0.466115 -0.326688 0.216829
v -0.454633 -0.325089 0.184636
v -0.439852 -0.323987 0.165353
v -0.437782 -0.397406 0.170107
v -0.454508 -0.259996 0.184593
v -0.440256 -0.259703 0.161856
v -0.429380 -0.258751 0.147797
v -0.429119 -0.323925 0.149531
v -0.452508 -0.204305 0.161188
v -0.441562 -0.200969 0.146266
v -0.432371 -0.198359 0.136577
v -0.421636 -0.257875 0.136440
v -0.458315 -0.137897 0.153563
v -0.446975 -0.133036 0.144106
v -0.434518 -0.131595 0.138039
v -0.422507 -0.196325 0.129036
v -0.415523 -0.195198 0.118478
v -0.405349 -0.256835 0.113856
v -0.413801 -0.257278 0.125204
v -0.424080 -0.130804 0.129879
v -0.419127 -0.130366 0.117392
v -0.406759 -0.194043 0.109943
v -0.430672 -0.061587 0.134419
v -0.423861 -0.060051 0.125507
v -0.408453 -0.130433 0.112518
v -0.431514 -0.001291 0.144754
v -0.430118 0.038230 0.161783
v -0.444789 0.074960 0.175238
v -0.443945 0.081624 0.166052
v -0.465676 0.095459 0.188653
v -0.465091 0.105992 0.179801
v -0.466115 0.114631 0.166824
v -0.447456 0.087680 0.151737
v -0.484855 0.126292 0.179907
v -0.489225 0.135060 0.163034
v -0.483852 0.115135 0.191979
v -0.503941 0.131632 0.189160
v -0.483255 0.102556 0.201176
v -0.509109 0.143112 0.172491
v -0.519646 0.152375 0.147888
v -0.498618 0.143548 0.139144
v -0.535431 0.163261 0.116425
v -0.517276 0.156658 0.104965
v -0.548210 0.177958 0.090556
v -0.532944 0.174567 0.076210
v -0.523820 0.167412 0.060463
v -0.544779 0.195421 0.058919
v -0.534987 0.195924 0.041818
v -0.531754 0.193289 0.019034
v -0.522087 0.158017 0.041271
v -0.534472 0.190062 -0.030519
v -0.526398 0.140260 -0.009428
v -0.500325 0.099189 0.006529
v -0.515721 0.130065 -0.144713
v -0.487570 0.087556 -0.137518
v -0.466635 0.062538 -0.131431
v -0.472543 0.068799 0.006688
v -0.450242 0.048945 -0.126246
v -0.446904 0.044989 0.004940
v -0.436713 0.035914 -0.123050
v -0.431814 0.030045 0.003145
v -0.420543 0.030519 0.089756
v -0.418837 0.017119 0.001771
v -0.422679 0.024212 -0.120892
v -0.406140 0.019192 -0.117916
v -0.404067 0.008289 0.003631
v -0.389932 0.020285 -0.114459
v -0.387436 0.005189 0.007368
v -0.373841 0.024612 -0.110405
v -0.370813 0.007463 0.012289
v -0.359598 0.031669 -0.106280
v -0.367912 0.042878 -0.220355
v -0.357873 0.052058 -0.216100
v -0.351127 0.064324 -0.212076
v -0.348308 0.042592 -0.101863
v -0.346123 0.078287 -0.208063
v -0.342278 0.056869 -0.096622
v -0.343950 0.093528 -0.204584
v -0.341293 0.072841 -0.091513
v -0.328968 0.089871 -0.302717
v -0.333287 0.075698 -0.306305
v -0.293411 0.079913 -0.388207
v -0.338038 0.063002 -0.310242
v -0.297476 0.067588 -0.392151
v -0.237095 0.066339 -0.460231
v -0.303102 0.057507 -0.397760
v -0.241766 0.056696 -0.467475
v -0.170128 0.062794 -0.516179
v -0.248385 0.051268 -0.477214
v -0.173499 0.058437 -0.526625
v -0.091371 0.058949 -0.551229
v -0.176838 0.055972 -0.537428
v -0.092758 0.056713 -0.562410
v -0.003480 0.055566 -0.569879
v -0.094118 0.055151 -0.573939
v -0.003858 0.054882 -0.581360
v 0.089880 0.055741 -0.572512
v -0.004362 0.057852 -0.591936
v 0.090903 0.057139 -0.584724
v 0.187910 0.054621 -0.556644
v 0.090961 0.066118 -0.590706
v 0.192039 0.059961 -0.567840
v 0.286779 0.057159 -0.509404
v 0.193649 0.070266 -0.571689
v 0.290092 0.068577 -0.514908
v 0.359454 0.080946 -0.434224
v 0.291206 0.081532 -0.520065
v 0.362916 0.097420 -0.444184
v 0.426670 0.119934 -0.356457
v 0.370245 0.120763 -0.451929
v 0.436217 0.155491 -0.373094
v 0.500676 0.187306 -0.273492
v 0.440930 0.179335 -0.388220
v 0.500362 0.214627 -0.291029
v 0.535695 0.241496 -0.162754
v 0.547026 0.246967 -0.062503
v 0.541090 0.266683 -0.072335
v 0.533089 0.290077 -0.067388
v 0.516963 0.362201 -0.125892
v 0.515521 0.323966 -0.057641
v 0.442847 0.192846 -0.396601
v 0.374378 0.154085 -0.466916
v 0.375451 0.164390 -0.474027
v 0.443020 0.201633 -0.405401
v 0.372922 0.140463 -0.460568
v 0.294099 0.109631 -0.525561
v 0.295665 0.124085 -0.528871
v 0.288041 0.094766 -0.525353
v 0.195362 0.094065 -0.575011
v 0.197366 0.105880 -0.576003
v 0.194653 0.082192 -0.573698
v 0.090772 0.088639 -0.597830
v 0.091631 0.099726 -0.601686
v 0.090724 0.077151 -0.594562
v -0.005814 0.079835 -0.601041
v -0.006632 0.092389 -0.603505
v -0.005067 0.068072 -0.597823
v -0.096212 0.066078 -0.592061
v -0.096465 0.077780 -0.595500
v -0.095451 0.056560 -0.586017
v -0.183115 0.054363 -0.559705
v -0.185444 0.059127 -0.569059
v -0.180174 0.054415 -0.548608
v -0.261831 0.045774 -0.497391
v -0.269211 0.045739 -0.508477
v -0.255057 0.048008 -0.487219
v -0.319784 0.046354 -0.411578
v -0.329757 0.046816 -0.419736
v -0.311061 0.050190 -0.404328
v -0.353370 0.043530 -0.319110
v -0.364929 0.040368 -0.324829
v -0.344311 0.051969 -0.314327
v -0.380391 0.037076 -0.224928
v -0.393819 0.034863 -0.229382
v -0.407323 0.037528 -0.233720
v -0.377153 0.042153 -0.330638
v -0.419991 0.046263 -0.237737
v -0.387802 0.049626 -0.336249
v -0.338599 0.051468 -0.427732
v -0.396445 0.060449 -0.341063
v -0.346464 0.059518 -0.435568
v -0.276147 0.052596 -0.519244
v -0.352960 0.070292 -0.442478
v -0.278635 0.062893 -0.526511
v -0.186828 0.070089 -0.574807
v -0.280215 0.074967 -0.532558
v -0.187289 0.081830 -0.577731
v -0.096645 0.089960 -0.598069
v -0.187286 0.093645 -0.580025
v -0.097543 0.101902 -0.602039
v -0.007169 0.105048 -0.606613
v -0.098638 0.114606 -0.606950
v -0.007175 0.117578 -0.611182
v 0.093459 0.111273 -0.605567
v -0.006306 0.129277 -0.616096
v 0.095592 0.124793 -0.607465
v 0.199900 0.119230 -0.577077
v 0.098658 0.137958 -0.608154
v 0.202336 0.134104 -0.576702
v 0.295930 0.140408 -0.530941
v 0.206464 0.148234 -0.576040
v 0.296956 0.153903 -0.533030
v 0.377631 0.173445 -0.482949
v 0.298291 0.167695 -0.536759
v 0.375945 0.187824 -0.488599
v 0.298459 0.179926 -0.538820
v 0.369073 0.196740 -0.485224
v 0.215330 0.173678 -0.584440
v 0.211448 0.161408 -0.577025
v 0.107456 0.161517 -0.613110
v 0.111670 0.172395 -0.615930
v 0.102882 0.150023 -0.610082
v -0.001512 0.151562 -0.625479
v 0.001097 0.163321 -0.627599
v -0.004227 0.139519 -0.620660
v -0.098108 0.140867 -0.608594
v -0.098652 0.152164 -0.611237
v -0.098317 0.127914 -0.608084
v -0.187183 0.118761 -0.582611
v -0.187581 0.131613 -0.582507
v -0.187183 0.105923 -0.581657
v -0.276399 0.102789 -0.538866
v -0.277570 0.115919 -0.541371
v -0.277799 0.089137 -0.535238
v -0.355569 0.098366 -0.460577
v -0.359125 0.118495 -0.468639
v -0.356774 0.082904 -0.449273
v -0.410765 0.088553 -0.353180
v -0.427539 0.113571 -0.359712
v -0.404647 0.072725 -0.345967
v -0.442248 0.069473 -0.247555
v -0.453761 0.089401 -0.251033
v -0.431351 0.057284 -0.241565
v -0.477708 0.123391 -0.259889
v -0.530700 0.188181 -0.153951
v -0.498241 0.171742 -0.277007
v -0.436826 0.151461 -0.377487
v -0.502432 0.204016 -0.291187
v -0.444492 0.176534 -0.389159
v -0.365503 0.137185 -0.471513
v -0.364644 0.148839 -0.478897
v -0.275546 0.128957 -0.543724
v -0.362510 0.157607 -0.487512
v -0.272976 0.141108 -0.546670
v -0.189076 0.143909 -0.582433
v -0.270562 0.153380 -0.551081
v -0.190122 0.155440 -0.584069
v -0.099509 0.161996 -0.615204
v -0.191202 0.166687 -0.587455
v -0.101302 0.171527 -0.619223
v 0.003006 0.172222 -0.624482
v -0.102519 0.188969 -0.617317
v 0.004711 0.177065 -0.617685
v 0.113756 0.184036 -0.611029
v -0.191751 0.179196 -0.589092
v -0.269272 0.177288 -0.562184
v -0.263849 0.185218 -0.559119
v -0.269369 0.164881 -0.556993
v -0.358002 0.171055 -0.504404
v -0.352577 0.185921 -0.508513
v -0.360516 0.165438 -0.496974
v -0.440353 0.220211 -0.425231
v -0.494602 0.269177 -0.353987
v -0.477094 0.275566 -0.360741
v -0.432374 0.226445 -0.425052
v -0.458043 0.268861 -0.356361
v -0.420571 0.229410 -0.417998
v -0.342904 0.192696 -0.505368
v -0.333194 0.194543 -0.500229
v -0.257717 0.188573 -0.553427
v -0.495093 0.305564 -0.295752
v -0.510751 0.304462 -0.298682
v -0.539054 0.221382 -0.174125
v -0.544471 0.226973 -0.051766
v -0.555215 0.244781 -0.062251
v -0.549940 0.241090 0.005738
v -0.560357 0.251677 0.003474
v -0.561422 0.258982 -0.072284
v -0.541483 0.222603 0.010653
v -0.540958 0.218974 0.035746
v -0.547256 0.234181 0.037320
v -0.554735 0.224467 0.053477
v -0.559667 0.233475 0.057730
v -0.553269 0.243658 0.042049
v -0.550730 0.212249 0.053342
v -0.565849 0.205559 0.065927
v -0.571064 0.216858 0.063642
v -0.559042 0.192950 0.073749
v -0.586911 0.197086 0.076174
v -0.620260 0.201349 0.075138
v -0.592177 0.210033 0.070958
v -0.623656 0.217350 0.077408
v -0.596256 0.223647 0.071460
v -0.575209 0.227581 0.064963
v -0.598538 0.235766 0.077335
v -0.578117 0.237866 0.069876
v -0.564919 0.241818 0.064206
v -0.579412 0.247181 0.078521
v -0.559686 0.251130 0.047912
v -0.560584 0.265883 0.000312
v -0.549590 0.290697 -0.082318
v -0.556145 0.274971 -0.084916
v -0.541817 0.312512 -0.079424
v -0.529712 0.330550 0.003585
v -0.529239 0.342071 -0.076860
v -0.515816 0.363361 0.002778
v -0.521328 0.370397 -0.070478
v -0.510559 0.381647 0.003590
v -0.515709 0.388484 -0.065816
v -0.496083 0.373462 0.081972
v -0.485628 0.383114 0.083256
v -0.507983 0.351534 0.080486
v -0.503100 0.342900 0.139394
v -0.487978 0.359087 0.143472
v -0.530187 0.320542 0.076318
v -0.521527 0.317380 0.135906
v -0.507269 0.313955 0.189165
v -0.490523 0.334118 0.189002
v -0.519054 0.287500 0.187504
v -0.487882 0.283273 0.243263
v -0.474694 0.307135 0.239327
v -0.535866 0.271043 0.191223
v -0.568293 0.258324 0.137721
v -0.549038 0.253132 0.199501
v -0.585815 0.252193 0.143604
v -0.565656 0.248604 0.197237
v -0.605057 0.246172 0.152210
v -0.582329 0.245844 0.202098
v -0.564035 0.246971 0.255766
v -0.623795 0.241475 0.164028
v -0.616259 0.245807 0.122395
v -0.634838 0.241409 0.137563
v -0.622283 0.241054 0.101972
v -0.643185 0.238259 0.116954
v -0.625012 0.231196 0.086557
v -0.650218 0.230470 0.098745
v -0.654714 0.217405 0.086446
v -0.655661 0.199554 0.084251
v -0.598882 0.246204 0.088678
v -0.595747 0.252713 0.108540
v -0.577757 0.256345 0.097315
v -0.439578 0.306339 0.281424
v -0.430689 0.322542 0.281310
v -0.463995 0.325929 0.238088
v -0.455432 0.283377 0.287602
v -0.420541 0.280811 0.315846
v -0.406004 0.307159 0.311646
v -0.375263 0.311246 0.329520
v -0.396829 0.317965 0.309406
v -0.367182 0.315072 0.329613
v -0.386787 0.323933 0.307561
v -0.420472 0.334584 0.279405
v -0.377204 0.331329 0.308607
v -0.406753 0.336220 0.273795
v -0.442641 0.350431 0.236610
v -0.455262 0.340944 0.238349
v -0.468222 0.359392 0.187680
v -0.477516 0.348272 0.188888
v -0.479680 0.371463 0.148878
v -0.427147 0.351048 0.229205
v -0.391178 0.340454 0.270203
v -0.385699 0.352842 0.274757
v -0.365659 0.348957 0.317970
v -0.380502 0.365396 0.282469
v -0.370533 0.339939 0.312217
v -0.356362 0.326115 0.341288
v -0.361393 0.320252 0.334523
v -0.354355 0.295144 0.352446
v -0.360361 0.292778 0.345231
v -0.365395 0.292207 0.340073
v -0.407365 -0.321792 0.128989
v -0.418691 -0.323273 0.137842
v -0.418374 -0.393700 0.141021
v -0.425352 -0.394844 0.155625
v -0.489946 -0.552152 0.240712
v -0.485017 -0.562650 0.230307
v -0.494724 -0.583940 0.243296
v -0.501098 -0.574015 0.251076
v -0.503370 -0.595222 0.254375
v -0.508467 -0.584629 0.260895
v -0.509264 -0.602545 0.265276
v -0.513119 -0.590894 0.271068
v -0.510258 -0.578977 0.278847
v -0.510243 -0.581729 0.288440
v -0.500942 -0.565067 0.296216
v -0.502642 -0.562961 0.286228
v -0.487996 -0.537487 0.291107
v -0.505395 -0.586239 0.296780
v -0.495029 -0.591736 0.300488
v -0.499799 -0.610810 0.267506
v -0.492779 -0.604370 0.254212
v -0.417619 -0.634694 0.326980
v -0.405125 -0.636943 0.328823
v -0.419750 -0.671964 0.325357
v -0.406598 -0.674904 0.326640
v -0.394138 -0.677437 0.320200
v -0.411461 -0.711636 0.325945
v -0.398188 -0.714451 0.321961
v -0.385199 -0.718399 0.321153
v -0.405997 -0.743579 0.321243
v -0.417311 -0.742566 0.320542
v -0.422771 -0.769416 0.315517
v -0.413434 -0.770001 0.317133
v -0.425209 -0.792565 0.310827
v -0.417119 -0.794015 0.312834
v -0.413135 -0.813574 0.305339
v -0.419353 -0.826774 0.299902
v -0.408579 -0.815346 0.299692
v -0.426273 -0.831247 0.295135
v -0.432532 -0.791245 0.304874
v -0.431273 -0.768377 0.308926
v -0.437142 -0.767363 0.299619
v -0.427379 -0.740692 0.313951
v -0.434200 -0.738064 0.303929
v -0.436808 -0.735954 0.292234
v -0.424302 -0.708971 0.321155
v -0.431596 -0.705335 0.310164
v -0.432490 -0.701798 0.296264
v -0.427025 -0.668872 0.314357
v -0.427654 -0.666485 0.299491
v -0.427120 -0.632977 0.316735
v -0.429619 -0.632212 0.301650
v -0.436080 -0.603384 0.304235
v -0.433705 -0.607665 0.285610
v -0.452093 0.081130 0.367300
v -0.449334 0.127772 0.359920
v -0.440150 0.077696 0.365315
v -0.438858 0.035098 0.353375
v -0.431134 0.031344 0.362256
v -0.428664 0.073354 0.365053
v -0.425604 0.027011 0.373953
v -0.422931 0.069167 0.375563
v -0.416135 0.114906 0.369889
v -0.416808 0.064779 0.389489
v -0.408291 0.112112 0.378632
v -0.402587 0.063621 0.389273
v -0.401200 0.110781 0.385446
v -0.396253 0.156233 0.377049
v -0.393272 0.110981 0.393112
v -0.391484 0.197018 0.369997
v -0.393914 0.063448 0.396466
v -0.383550 0.063845 0.403794
v -0.380584 0.114112 0.391032
v -0.374065 0.061002 0.397867
v -0.373999 0.107602 0.384653
v -0.364053 0.106401 0.380267
v -0.357368 0.106110 0.390330
v -0.383978 0.018578 0.406888
v -0.372160 0.016303 0.407904
v -0.382196 -0.012785 0.404360
v -0.384857 -0.011569 0.392797
v -0.380155 -0.043555 0.392076
v -0.374880 -0.041211 0.404211
v -0.388441 0.020493 0.396520
v -0.395870 0.023015 0.383273
v -0.390668 -0.008851 0.378234
v -0.403848 -0.008466 0.370555
v -0.392581 -0.045612 0.370098
v -0.383592 -0.044237 0.378369
v -0.410657 0.024847 0.378870
v -0.418780 -0.008954 0.368617
v -0.430193 -0.007738 0.359032
v -0.406276 -0.047616 0.369130
v -0.380057 -0.094854 0.367885
v -0.378365 -0.154518 0.381370
v -0.375684 -0.094394 0.381061
v -0.372898 -0.093362 0.392380
v -0.363642 -0.092413 0.400374
v -0.310585 0.297614 0.433681
v -0.310139 0.312550 0.445904
v -0.314421 0.352961 0.419797
v -0.295062 0.321704 0.448387
v -0.298375 0.356904 0.418441
v -0.314307 0.382857 0.389633
v -0.284844 0.371825 0.427484
v -0.301248 0.398735 0.398818
v -0.286722 0.418176 0.409270
v -0.274158 0.434584 0.418039
v -0.264666 0.447019 0.426135
v -0.243700 0.444647 0.461085
v -0.238821 0.440678 0.498381
v -0.223197 0.453844 0.523141
v -0.235281 0.467440 0.532398
v -0.199105 0.478909 0.539934
v -0.212951 0.487905 0.547469
v -0.237491 0.498242 0.578117
v -0.195726 0.520275 0.557650
v -0.218723 0.522872 0.584615
v -0.180161 0.517507 0.552342
v -0.176969 0.560281 0.559770
v -0.164362 0.564307 0.555331
v -0.184231 0.606631 0.547564
v -0.194294 0.597597 0.553047
v -0.167025 0.516631 0.547228
v -0.159521 0.518831 0.533946
v -0.157218 0.567229 0.541645
v -0.156275 0.567491 0.525905
v -0.158990 0.522186 0.519294
v -0.158256 0.525170 0.510142
v -0.153256 0.466795 0.513876
v -0.132427 0.466702 0.526017
v -0.155554 0.410118 0.521303
v -0.118019 0.413953 0.535244
v -0.089451 0.417551 0.548908
v -0.075590 0.373998 0.579477
v -0.071328 0.330659 0.585751
v -0.057329 0.330757 0.571426
v -0.223977 0.631533 0.532341
v -0.230214 0.619346 0.546222
v -0.261413 0.636725 0.546677
v -0.267984 0.625667 0.566500
v -0.255489 0.648553 0.529202
v -0.274720 0.678127 0.533424
v -0.283852 0.666940 0.550602
v -0.280862 0.683748 0.514995
v -0.296659 0.720086 0.528501
v -0.288227 0.715406 0.543719
v -0.290580 0.687820 0.497717
v -0.303532 0.725589 0.512044
v -0.309502 0.766097 0.528405
v -0.304703 0.760179 0.543549
v -0.290828 0.697788 0.479705
v -0.303142 0.732455 0.496512
v -0.308389 0.772207 0.512706
v -0.310983 0.815245 0.530517
v -0.309628 0.809112 0.545499
v -0.319073 0.730540 0.492511
v -0.323040 0.771538 0.509747
v -0.324094 0.815099 0.526989
v -0.340648 0.769232 0.511102
v -0.339269 0.812387 0.529277
v -0.359332 0.767108 0.513427
v -0.356176 0.810196 0.530261
v -0.355187 0.851130 0.550111
v -0.371338 0.806343 0.537324
v -0.366957 0.846334 0.556556
v -0.374301 0.884794 0.572995
v -0.374442 0.841642 0.566823
v -0.380290 0.879079 0.581918
v -0.388986 0.906808 0.600574
v -0.382020 0.874103 0.592403
v -0.390053 0.902261 0.608486
v -0.395464 0.921772 0.621633
v -0.388189 0.899480 0.616133
v -0.395338 0.919411 0.627173
v -0.384828 0.898267 0.623406
v -0.394503 0.917904 0.632148
v -0.381659 0.897339 0.631333
v -0.393299 0.916432 0.636822
v -0.388961 0.918752 0.637855
v -0.395437 0.933106 0.638441
v -0.377107 0.868099 0.613599
v -0.380645 0.870434 0.602946
v -0.375854 0.833912 0.591685
v -0.376710 0.837772 0.578664
v -0.385001 0.797020 0.566448
v -0.381619 0.801731 0.550555
v -0.387315 0.756839 0.537368
v -0.376026 0.763115 0.522267
v -0.379566 0.713091 0.501503
v -0.391971 0.703048 0.519634
v -0.374352 0.668707 0.480996
v -0.388099 0.656841 0.502308
v -0.351467 0.621246 0.461588
v -0.352757 0.681694 0.469861
v -0.329845 0.640974 0.451478
v -0.307617 0.613895 0.429755
v -0.308626 0.656342 0.451552
v -0.289721 0.638166 0.432541
v -0.279491 0.629645 0.421142
v -0.271523 0.655288 0.437845
v -0.263589 0.646261 0.429211
v -0.258403 0.640726 0.422781
v -0.289266 0.668789 0.451785
v -0.276302 0.665731 0.465512
v -0.307230 0.695731 0.474341
v -0.329178 0.690066 0.470563
v -0.339047 0.726674 0.490971
v -0.360780 0.721333 0.491901
v -0.304135 0.803556 0.559305
v -0.296760 0.798631 0.571492
v -0.294762 0.755639 0.555333
v -0.293928 0.793955 0.582654
v -0.299234 0.750257 0.569401
v -0.297026 0.708165 0.559273
v -0.312179 0.746496 0.581026
v -0.307101 0.702365 0.575785
v -0.291059 0.657113 0.570873
v -0.316777 0.697465 0.594341
v -0.299595 0.648272 0.589006
v -0.276668 0.613292 0.585506
v -0.331842 0.692038 0.608695
v -0.323771 0.743094 0.595145
v -0.306385 0.790344 0.592556
v -0.276340 0.334190 0.449122
v -0.275344 0.276136 0.476340
v -0.294260 0.272311 0.484799
v -0.274757 0.216044 0.520775
v -0.260508 0.227429 0.515572
v -0.220438 0.203728 0.552433
v -0.205686 0.214033 0.536560
v -0.243277 0.240490 0.509282
v -0.225967 0.181313 0.549606
v -0.181762 0.167719 0.570404
v -0.181710 0.193058 0.580143
v -0.223385 0.157444 0.540804
v -0.182042 0.139685 0.565374
v -0.142317 0.145977 0.576232
v -0.141013 0.170766 0.583942
v -0.227973 0.128881 0.545986
v -0.095515 0.180441 0.589415
v -0.087973 0.198262 0.580090
v -0.134656 0.194282 0.579345
v -0.097530 0.158675 0.586925
v -0.065998 0.162104 0.603579
v -0.062756 0.183281 0.601829
v -0.056070 0.200976 0.600347
v -0.046031 0.216814 0.597354
v -0.083631 0.215073 0.585613
v -0.038272 0.237093 0.592842
v -0.072335 0.234572 0.589230
v -0.114571 0.234175 0.577079
v -0.123152 0.213613 0.566459
v -0.152520 0.235403 0.553349
v -0.165220 0.210804 0.556911
v -0.194569 0.237836 0.533523
v -0.145305 0.257575 0.569028
v -0.184558 0.263160 0.537569
v -0.217261 0.281488 0.520503
v -0.227289 0.261899 0.512460
v -0.099068 0.257932 0.587696
v -0.068332 0.249255 0.584807
v -0.466468 0.421663 0.083022
v -0.490046 0.447882 -0.014234
v -0.491338 0.497231 -0.020800
v -0.498307 0.506251 -0.140778
v -0.496324 0.447562 -0.121634
v -0.489579 0.492646 -0.258828
v -0.489697 0.413904 -0.226264
v -0.457564 0.470908 -0.362325
v -0.465569 0.383184 -0.319901
v -0.396032 0.461001 -0.468077
v -0.418655 0.357394 -0.421678
v -0.423287 0.308268 -0.387144
v -0.345105 0.351267 -0.518646
v -0.356058 0.277541 -0.480449
v -0.283277 0.365033 -0.566887
v -0.321875 0.466576 -0.543113
v -0.277916 0.487576 -0.569413
v -0.264794 0.614373 -0.563975
v -0.273653 0.717181 -0.518619
v -0.304107 0.775939 -0.451213
v -0.343920 0.819299 -0.342704
v -0.353705 0.790450 -0.356008
v -0.407505 0.793248 -0.232043
v -0.400231 0.814922 -0.220131
v -0.374541 0.734399 -0.371246
v -0.425857 0.737614 -0.253646
v -0.454404 0.722048 -0.131504
v -0.444434 0.764662 -0.111781
v -0.420213 0.596596 -0.381671
v -0.458834 0.608927 -0.277246
v -0.478153 0.618719 -0.149726
v -0.476918 0.611811 -0.015395
v -0.457771 0.692384 0.000622
v -0.439000 0.786243 -0.109952
v -0.434491 0.800915 -0.106097
v -0.393560 0.828755 -0.217190
v -0.429358 0.812733 -0.100741
v -0.388950 0.840012 -0.212428
v -0.420952 0.822212 -0.096099
v -0.384944 0.850425 -0.206129
v -0.379194 0.859464 -0.199377
v -0.324411 0.877828 -0.296782
v -0.319108 0.886257 -0.287016
v -0.258782 0.901896 -0.377478
v -0.262569 0.890316 -0.389904
v -0.188669 0.910865 -0.453879
v -0.253173 0.910923 -0.365404
v -0.184678 0.923239 -0.443103
v -0.104725 0.927502 -0.502897
v -0.176405 0.927451 -0.429562
v -0.099368 0.930330 -0.488729
v -0.011638 0.935253 -0.514920
v -0.094486 0.928261 -0.474927
v -0.011157 0.933156 -0.500016
v 0.073292 0.929593 -0.483552
v -0.010712 0.927903 -0.486332
v 0.069285 0.924409 -0.470472
v 0.138597 0.919894 -0.421411
v 0.065555 0.918322 -0.457849
v 0.131691 0.913933 -0.409942
v 0.191014 0.905439 -0.349564
v 0.125635 0.904315 -0.400414
v 0.184292 0.894914 -0.340959
v 0.248807 0.877960 -0.273400
v 0.181833 0.881233 -0.337497
v 0.244024 0.867990 -0.267459
v 0.300652 0.847246 -0.187645
v 0.244651 0.855399 -0.267285
v 0.299889 0.838135 -0.187811
v 0.325570 0.808142 -0.100518
v 0.302301 0.828286 -0.190194
v 0.326956 0.800103 -0.101367
v 0.317933 0.760791 -0.007520
v 0.331316 0.790865 -0.102212
v 0.324324 0.750828 -0.006855
v 0.299181 0.713962 0.085755
v 0.332608 0.742356 -0.004951
v 0.305991 0.704375 0.087932
v 0.259130 0.684617 0.172539
v 0.314832 0.695671 0.091850
v 0.267475 0.675843 0.177677
v 0.219442 0.669055 0.252449
v 0.277942 0.667126 0.186523
v 0.228643 0.661733 0.260615
v 0.178742 0.656852 0.315192
v 0.239339 0.651286 0.272834
v 0.186311 0.648114 0.325860
v 0.127254 0.647034 0.360695
v 0.196756 0.634333 0.337292
v 0.136060 0.635080 0.374168
v 0.063123 0.637141 0.394851
v 0.145542 0.607962 0.391099
v 0.067246 0.610412 0.413074
v -0.022420 0.612394 0.418588
v 0.070548 0.568243 0.425199
v -0.026159 0.573288 0.429475
v -0.116308 0.572431 0.415187
v -0.034076 0.505552 0.436598
v -0.134024 0.499998 0.419362
v -0.199243 0.491388 0.390328
v -0.149874 0.382446 0.427298
v -0.212168 0.374629 0.401160
v -0.258741 0.363434 0.363364
v -0.219869 0.264591 0.420289
v -0.262820 0.252797 0.383573
v -0.300554 0.224958 0.328366
v -0.265035 0.162761 0.406713
v -0.299892 0.148708 0.350943
v -0.264635 0.062515 0.433454
v -0.291020 0.050599 0.389582
v -0.300333 0.033924 0.332745
v -0.277322 -0.065544 0.412008
v -0.284155 -0.078900 0.360053
v -0.279163 -0.085636 0.303857
v -0.300998 0.014265 0.275796
v -0.274520 -0.086376 0.267528
v -0.275303 -0.090602 0.244430
v -0.284651 -0.095044 0.226506
v -0.259489 -0.172716 0.370930
v -0.254163 -0.162174 0.417140
v -0.216394 -0.238043 0.425159
v -0.228037 -0.151426 0.452516
v -0.182821 -0.141219 0.477679
v -0.253863 -0.057151 0.450990
v -0.215278 -0.047487 0.477620
v -0.158619 -0.042046 0.496116
v -0.122222 -0.141252 0.496284
v -0.225033 0.062109 0.467486
v -0.169723 0.062486 0.489770
v -0.064383 0.061885 0.503476
v -0.222969 0.167235 0.444881
v -0.167456 0.166488 0.471131
v -0.059275 0.162916 0.490004
v -0.161346 0.269409 0.445088
v -0.050802 0.270520 0.468113
v -0.042606 0.385762 0.449582
v -0.069092 -0.229700 0.503038
v 0.046311 0.482402 0.547494
v 0.020137 0.477555 0.547353
v 0.055770 0.547402 0.524856
v 0.005443 0.545093 0.530859
v -0.051483 0.540192 0.534259
v -0.003960 0.601265 0.521544
v -0.074390 0.589549 0.516441
v -0.103516 0.580885 0.511007
v -0.141484 0.608297 0.492192
v -0.010130 0.636427 0.520133
v 0.084589 0.631118 0.503696
v -0.013303 0.664756 0.512531
v 0.069408 0.599420 0.511901
v 0.108980 0.594730 0.500883
v 0.125072 0.621707 0.488110
v 0.091911 0.549546 0.517693
v 0.129511 0.591894 0.493513
v 0.070366 0.487360 0.536176
v 0.148878 0.612466 0.480086
v 0.139636 0.616419 0.483004
v 0.164529 0.628788 0.471813
v 0.152696 0.634116 0.471089
v 0.185511 0.648986 0.459543
v 0.172565 0.648543 0.454098
v 0.217067 0.662525 0.435870
v 0.239640 0.664141 0.418372
v 0.157235 0.613241 0.486627
v 0.162094 0.615319 0.496488
v 0.164835 0.619345 0.508196
v 0.165823 0.623480 0.519857
v 0.185609 0.646768 0.520158
v 0.228150 0.648758 0.541168
v 0.219407 0.661952 0.526572
v 0.253468 0.677351 0.533231
v 0.261001 0.664294 0.548214
v 0.281947 0.695614 0.557306
v 0.271713 0.706228 0.542320
v 0.234393 0.631482 0.559991
v 0.266364 0.649711 0.568790
v 0.290162 0.685737 0.576785
v 0.302269 0.734346 0.583951
v 0.291731 0.740359 0.568267
v 0.312973 0.730264 0.600231
v 0.315352 0.782481 0.603176
v 0.303283 0.785212 0.591929
v 0.327753 0.726602 0.611675
v 0.327323 0.780268 0.612596
v 0.323867 0.827056 0.619454
v 0.312259 0.829690 0.612920
v 0.343373 0.723266 0.617068
v 0.341222 0.779289 0.620737
v 0.337132 0.825461 0.625525
v 0.342149 0.868171 0.630877
v 0.333159 0.871435 0.628161
v 0.354763 0.779056 0.627379
v 0.350014 0.825332 0.630889
v 0.353800 0.866206 0.633732
v 0.367396 0.900752 0.637754
v 0.360772 0.904499 0.636082
v 0.360148 0.825456 0.628208
v 0.362552 0.864924 0.631461
v 0.361021 0.825444 0.617291
v 0.365745 0.865169 0.621956
v 0.365591 0.826778 0.603480
v 0.369368 0.866096 0.611738
v 0.369014 0.828971 0.590421
v 0.372210 0.867876 0.601831
v 0.381960 0.900120 0.615099
v 0.373382 0.871150 0.591139
v 0.383368 0.902353 0.607547
v 0.371728 0.875731 0.581205
v 0.382359 0.906169 0.600795
v 0.366606 0.881508 0.572399
v 0.378723 0.911601 0.595004
v 0.358093 0.887554 0.566801
v 0.374008 0.917420 0.591160
v 0.347785 0.893630 0.564101
v 0.366608 0.923525 0.590093
v 0.378683 0.935449 0.611069
v 0.358861 0.925736 0.593860
v 0.373243 0.937611 0.613906
v 0.379517 0.942655 0.623880
v 0.349834 0.847757 0.546612
v 0.360399 0.842043 0.554519
v 0.361136 0.800518 0.537738
v 0.367378 0.836950 0.565075
v 0.369271 0.794976 0.551137
v 0.375749 0.746461 0.537177
v 0.371910 0.789928 0.566234
v 0.380503 0.739326 0.556340
v 0.383564 0.677424 0.538448
v 0.379903 0.732778 0.574524
v 0.379079 0.667894 0.559689
v 0.357836 0.614003 0.534294
v 0.372979 0.661655 0.577689
v 0.350513 0.605465 0.555477
v 0.317242 0.560499 0.522720
v 0.342962 0.596266 0.573779
v 0.305346 0.553218 0.542564
v 0.332382 0.596646 0.587704
v 0.287792 0.553720 0.558191
v 0.316886 0.597392 0.600901
v 0.271972 0.560639 0.571969
v 0.230895 0.533939 0.537728
v 0.213175 0.549451 0.551006
v 0.195917 0.543462 0.529804
v 0.201700 0.573515 0.557644
v 0.182467 0.568255 0.538733
v 0.346400 0.655760 0.609273
v 0.362791 0.653198 0.605491
v 0.374370 0.720044 0.618761
v 0.359834 0.720409 0.620848
v 0.371095 0.654747 0.593772
v 0.374985 0.722565 0.604647
v 0.364787 0.781056 0.611798
v 0.364773 0.779345 0.624556
v 0.376919 0.726691 0.590644
v 0.367559 0.783957 0.596660
v 0.370754 0.786393 0.581642
v 0.369962 0.832309 0.577329
v 0.381549 0.922713 0.638472
v -0.010033 0.685558 0.496359
v -0.010510 0.700421 0.477679
v -0.111105 0.695813 0.447064
v -0.101562 0.702214 0.430508
v -0.172428 0.711070 0.388306
v -0.163299 0.713637 0.376716
v -0.211976 0.717883 0.326297
v -0.203824 0.719252 0.318436
v -0.242774 0.734003 0.255106
v -0.233529 0.734490 0.248842
v -0.276295 0.735584 0.174225
v -0.270233 0.732362 0.170042
v -0.313134 0.747794 0.090102
v -0.309076 0.740113 0.087005
v -0.333907 0.773737 -0.000447
v -0.330093 0.765937 -0.003225
v -0.344040 0.800967 -0.090692
v -0.344641 0.793094 -0.093403
v -0.318798 0.822908 -0.178503
v -0.319326 0.814595 -0.181745
v -0.267507 0.832640 -0.255980
v -0.273437 0.827339 -0.264718
v -0.214247 0.841725 -0.334652
v -0.223089 0.839458 -0.346135
v -0.159277 0.851389 -0.407483
v -0.169697 0.849005 -0.424406
v -0.094371 0.856275 -0.470294
v -0.101606 0.845702 -0.491117
v -0.006947 0.850724 -0.507705
v -0.005866 0.829212 -0.524212
v 0.093586 0.827623 -0.509035
v 0.098817 0.798001 -0.524816
v 0.186493 0.791100 -0.482047
v 0.198548 0.736064 -0.503133
v 0.273047 0.731995 -0.437933
v 0.291527 0.598538 -0.473637
v 0.358051 0.589042 -0.382969
v 0.366688 0.431659 -0.409365
v 0.411381 0.418652 -0.300083
v 0.391383 0.266517 -0.304265
v 0.413304 0.244821 -0.194089
v 0.378869 0.161662 -0.196145
v 0.361281 0.139549 -0.069389
v 0.342567 0.100896 -0.061182
v 0.333370 0.023762 0.080472
v 0.408656 0.793975 -0.007237
v 0.362146 0.752158 0.109336
v 0.300435 0.729893 0.200805
v 0.245447 0.729470 0.278008
v 0.193177 0.717338 0.333754
v 0.133372 0.715603 0.368871
v 0.061360 0.710133 0.382861
v -0.011556 0.703609 0.376690
v -0.078776 0.697203 0.354209
v -0.135140 0.687355 0.327253
v -0.180804 0.680364 0.288413
v -0.225576 0.677812 0.235003
v -0.277433 0.679614 0.167207
v -0.328376 0.692428 0.090379
v -0.368205 0.719977 -0.000226
v -0.382443 0.745524 -0.106213
v -0.371588 0.747675 -0.227239
v -0.344711 0.704481 -0.352650
v -0.298717 0.572133 -0.477565
v -0.305294 0.417670 -0.496438
v -0.226440 0.434838 -0.551919
v -0.287606 0.280823 -0.488556
v -0.214087 0.293544 -0.539084
v -0.117389 0.302100 -0.573296
v -0.189236 0.191026 -0.510628
v -0.102123 0.190732 -0.543439
v -0.001965 0.190980 -0.558217
v -0.094231 0.141256 -0.531199
v -0.002801 0.138285 -0.542754
v 0.091153 0.141329 -0.530475
v -0.002319 0.118253 -0.539741
v 0.087734 0.120652 -0.528260
v 0.167684 0.122545 -0.498074
v 0.087026 0.107262 -0.527822
v 0.166751 0.107727 -0.498565
v 0.232065 0.108572 -0.447408
v 0.166630 0.094713 -0.500202
v 0.233577 0.093030 -0.449152
v 0.288104 0.093421 -0.378938
v 0.235596 0.078379 -0.451335
v 0.292760 0.078486 -0.382655
v 0.331100 0.071765 -0.301106
v 0.298759 0.065503 -0.387149
v 0.337250 0.057901 -0.305453
v 0.359878 0.044669 -0.210209
v 0.346885 0.047069 -0.310063
v 0.373812 0.036184 -0.215108
v 0.385265 0.017900 -0.100741
v 0.389472 0.032806 -0.220063
v 0.403950 0.017832 -0.106485
v 0.405195 0.036849 -0.224850
v 0.422647 0.026427 -0.111053
v 0.436921 0.041053 -0.114173
v 0.433753 0.038436 0.011018
v 0.456647 0.058512 0.010029
v 0.456136 0.073215 0.078490
v 0.427014 0.045096 0.084505
v 0.488757 0.107353 0.064021
v 0.510029 0.151612 0.062483
v 0.358956 0.041000 -0.315739
v 0.306794 0.054970 -0.392145
v 0.238773 0.064736 -0.454567
v 0.167093 0.081825 -0.502742
v 0.086294 0.094762 -0.528742
v -0.002397 0.104842 -0.539188
v -0.091608 0.120568 -0.528628
v -0.176449 0.143139 -0.499849
v -0.256421 0.187040 -0.464026
v 0.335757 -0.084459 0.131571
v 0.259811 0.544632 0.394908
v 0.258467 0.555904 0.402576
v 0.647778 0.175774 0.094303
v 0.247201 0.535441 0.417020
vn 0.4888 -0.7265 0.4829
vn 0.6489 -0.7365 0.1910
vn 0.5540 -0.7507 0.3599
vn -0.3119 -0.9476 0.0682
vn -0.0230 -0.6408 0.7674
vn -0.0476 -0.2683 0.9622
vn 0.2829 0.1661 0.9447
vn 0.5696 -0.0461 0.8206
vn 0.7046 -0.3922 0.5914
vn 0.5487 -0.6747 0.4937
vn 0.6471 0.2568 -0.7179
vn -0.0288 -0.3657 -0.9303
vn 0.0031 -0.1151 -0.9933
vn 0.6551 -0.7473 0.1114
vn 0.4445 -0.8439 -0.3005
vn -0.1743 -0.2802 0.9440
vn 0.7234 -0.1741 0.6681
vn -0.0323 0.2033 0.9786
vn -0.8246 0.1096 0.5550
vn -0.6328 -0.0916 0.7689
vn 0.5872 -0.0889 0.8045
vn -0.5474 -0.3914 -0.7396
vn -0.5985 -0.7615 -0.2488
vn -0.1928 -0.6997 -0.6880
vn 0.5813 -0.8006 0.1454
vn 0.3167 -0.7922 -0.5217
vn 0.2362 -0.8307 0.5042
vn 0.5060 -0.8619 -0.0339
vn -0.0719 -0.1610 0.9843
vn 0.5378 -0.1187 0.8347
vn 0.2100 0.9696 0.1258
vn 0.2160 0.9608 0.1738
vn 0.2121 0.9576 0.1950
vn 0.6779 -0.7196 0.1506
vn 0.7046 -0.6884 0.1719
vn 0.7208 -0.6664 0.1909
vn 0.7255 -0.6512 0.2229
vn 0.3584 -0.5379 -0.7630
vn 0.5205 -0.8346 -0.1803
vn 0.8310 -0.2674 -0.4879
vn 0.6452 -0.7589 0.0880
vn -0.0457 -0.7461 -0.6642
vn -0.1427 -0.5931 -0.7924
vn -0.1317 -0.7324 -0.6680
vn -0.0437 -0.8281 -0.5589
vn 0.2401 -0.9021 -0.3585
vn 0.2331 -0.8760 -0.4222
vn -0.4346 0.8561 0.2799
vn -0.5935 0.7631 0.2557
vn 0.2392 0.8046 0.5436
vn 0.4453 0.5709 0.6898
vn -0.1643 0.7572 0.6322
vn 0.9352 -0.2162 -0.2805
vn 0.8989 -0.1890 0.3952
vn 0.1169 0.9650 0.2349
vn 0.0745 0.9972 -0.0104
vn 0.0024 0.9968 0.0801
vn 0.7567 0.5591 -0.3389
vn 0.3740 0.9175 -0.1357
vn 0.9025 0.4001 0.1596
vn 0.8961 0.3865 0.2184
vn 0.8275 0.5333 0.1756
vn 0.6607 -0.6200 -0.4231
vn 0.6529 -0.7532 0.0800
vn 0.4251 -0.0855 -0.9011
vn -0.9041 0.3565 -0.2356
vn 0.8163 -0.5770 0.0264
vn 0.8234 0.1431 0.5491
vn 0.8803 0.1241 0.4579
vn 0.8265 0.1491 0.5429
vn 0.8019 0.1643 0.5745
vn 0.8530 0.1391 0.5031
vn 0.8631 0.4491 0.2312
vn 0.8553 0.4235 0.2984
vn 0.8696 0.4114 0.2730
vn -0.9843 0.0432 -0.1709
vn -0.9083 -0.3982 -0.1280
vn -0.9880 0.1277 -0.0873
vn 0.9478 0.1766 0.2656
vn 0.9251 0.2634 0.2737
vn 0.9254 0.2930 0.2404
vn 0.9604 0.0524 -0.2737
vn 0.9693 -0.0034 -0.2457
vn 0.9810 0.1707 -0.0919
vn -0.4252 -0.0657 0.9027
vn -0.2781 -0.0575 0.9588
vn -0.6246 -0.1338 0.7694
vn 0.7785 0.1735 0.6032
vn 0.5735 0.3411 0.7448
vn 0.9341 0.0852 0.3468
vn 0.8680 -0.2920 0.4016
vn 0.6314 0.3197 0.7065
vn 0.5845 -0.3173 0.7468
vn 0.4294 0.1445 0.8915
vn 0.7490 -0.3327 -0.5730
vn 0.7991 -0.0229 0.6008
vn 0.7435 -0.5503 -0.3800
vn 0.0378 0.3132 0.9489
vn 0.4953 0.3018 0.8146
vn 0.3200 0.9062 -0.2763
vn 0.9980 -0.0390 0.0498
vn 0.3930 0.8134 -0.4289
vn 0.9624 0.2644 -0.0630
vn 0.5306 0.8437 -0.0810
vn 0.9339 0.2394 -0.2656
vn 0.9959 0.0779 -0.0464
vn -0.9160 0.0985 -0.3890
vn -0.9598 0.0885 -0.2663
vn -0.9480 -0.0009 -0.3183
vn 0.2473 -0.6255 -0.7400
vn 0.5357 -0.6179 -0.5755
vn 0.3998 -0.7674 -0.5012
vn -0.4110 0.8209 -0.3966
vn 0.1862 0.5686 -0.8012
vn 0.9503 0.0553 -0.3064
vn 0.9421 0.0839 -0.3247
vn 0.2099 -0.8341 -0.5101
vn 0.4698 -0.8692 -0.1545
vn -0.0958 -0.8878 -0.4502
vn 0.3907 0.7667 -0.5094
vn 0.9160 -0.3669 -0.1622
vn 0.5254 0.2232 0.8211
vn 0.3738 -0.0039 0.9275
vn 0.4774 0.1766 0.8608
vn 0.2167 0.2500 0.9437
vn 0.0393 -0.0947 0.9947
vn -0.2590 0.5891 -0.7655
vn 0.7480 0.2143 -0.6281
vn 0.8975 -0.3901 0.2055
vn 0.8880 -0.4247 0.1762
vn 0.8726 -0.2838 0.3976
vn 0.8752 -0.2569 0.4098
vn 0.9104 -0.2750 0.3092
vn 0.5135 0.6087 0.6049
vn 0.3192 0.8311 0.4555
vn 0.6915 0.5558 0.4614
vn 0.6459 0.4944 -0.5817
vn 0.3667 0.6014 -0.7098
vn 0.2777 -0.7879 0.5497
vn 0.4065 0.0601 0.9117
vn 0.0534 0.5723 0.8183
vn 0.1940 0.1935 0.9617
vn 0.8254 0.1199 -0.5516
vn 0.9550 -0.0464 -0.2930
vn 0.3702 -0.2931 -0.8815
vn -0.3687 -0.4518 -0.8124
vn -0.1659 0.0495 -0.9849
vn -0.3180 0.8374 -0.4446
vn 0.2989 0.1846 0.9363
vn 0.4067 0.2692 0.8730
vn 0.3596 0.5717 0.7375
vn 0.1512 0.0430 0.9876
vn -0.1292 0.1454 0.9809
vn 0.5806 -0.8125 -0.0519
vn -0.6693 -0.7343 0.1134
vn 0.3815 -0.9162 0.1228
vn -0.3479 -0.9370 0.0307
vn -0.9817 -0.1901 0.0133
vn 0.7139 -0.6702 0.2030
vn 0.6419 -0.7663 0.0295
vn 0.3343 -0.1096 0.9361
vn -0.2749 0.5050 0.8182
vn -0.0078 0.3282 0.9446
vn -0.3258 0.8714 -0.3668
vn -0.1152 -0.5105 0.8521
vn -0.3204 -0.2028 0.9253
vn 0.1464 0.0786 0.9861
vn 0.1604 0.0090 0.9870
vn -0.5599 0.8136 0.1566
vn -0.3329 0.9427 0.0232
vn -0.3920 0.9144 -0.1010
vn -0.5387 0.8371 -0.0947
vn 0.3990 0.5839 0.7070
vn 0.3468 0.6492 0.6770
vn 0.3943 0.5061 0.7671
vn 0.5838 0.3050 0.7525
vn -0.3700 0.2586 0.8923
vn -0.6602 0.1953 0.7252
vn -0.3785 0.4961 0.7814
vn -0.6420 -0.0541 0.7648
vn -0.2935 0.3086 0.9048
vn -0.2506 -0.2547 0.9340
vn -0.2556 0.0474 0.9656
vn -0.4085 0.2486 0.8783
vn -0.5908 0.2373 0.7711
vn -0.6281 -0.1925 0.7540
vn -0.6863 -0.0883 0.7219
vn -0.7053 -0.2582 0.6602
vn -0.9488 -0.0813 0.3053
vn -0.1779 0.3231 0.9295
vn -0.7578 0.0670 0.6490
vn -0.7180 -0.2540 0.6480
vn -0.2186 0.0797 0.9726
vn -0.2399 0.5981 0.7647
vn 0.0710 -0.2907 0.9542
vn -0.1213 -0.0452 0.9916
vn -0.0663 0.0138 0.9977
vn -0.4673 0.1215 0.8757
vn -0.2065 0.0606 -0.9766
vn -0.0157 -0.0230 -0.9996
vn -0.1204 0.0441 -0.9917
vn 0.0920 -0.0692 0.9934
vn 0.0267 -0.0951 0.9951
vn 0.0270 -0.0535 0.9982
vn -0.1048 0.9943 -0.0177
vn 0.0716 0.9966 0.0418
vn 0.2568 0.8698 -0.4212
vn 0.0463 0.9789 -0.1990
vn -0.2196 -0.4518 0.8647
vn 0.3010 -0.1155 0.9466
vn -0.6462 -0.1451 0.7493
vn 0.9770 -0.2048 -0.0602
vn 0.5613 -0.8230 -0.0871
vn 0.7196 -0.2606 -0.6437
vn 0.9254 -0.1567 -0.3450
vn -0.9032 -0.2703 0.3335
vn -0.9634 -0.1827 0.1961
vn 0.3263 -0.4342 -0.8396
vn -0.6219 -0.4050 -0.6703
vn -0.0533 -0.4610 -0.8858
vn 0.2893 -0.9548 -0.0686
vn -0.6794 -0.7090 -0.1892
vn -0.2436 -0.8993 0.3632
vn 0.8689 -0.3966 -0.2962
vn 0.3333 -0.5242 -0.7837
vn -0.3990 0.6007 0.6928
vn -0.4605 0.4999 0.7335
vn -0.3983 0.3534 0.8464
vn 0.2950 -0.4191 -0.8587
vn 0.7517 -0.2152 -0.6234
vn 0.5297 -0.4848 -0.6960
vn -0.9966 -0.0552 0.0605
vn -0.9299 -0.3106 0.1969
vn -0.9480 -0.0944 0.3040
vn 0.0380 0.0849 0.9957
vn -0.0122 -0.0366 0.9993
vn -0.0654 -0.0919 0.9936
vn -0.7591 -0.3620 0.5411
vn -0.5097 0.1550 0.8463
vn 0.0389 0.3532 0.9347
vn -0.3024 0.4261 0.8527
vn -0.7268 -0.4178 -0.5451
vn -0.5542 0.5832 0.5939
vn -0.3628 0.8412 -0.4009
vn 0.2280 0.8886 0.3980
vn 0.1278 -0.4326 0.8925
vn 0.7539 -0.3280 0.5693
vn 0.7768 -0.5526 0.3021
vn 0.7039 -0.5137 0.4905
vn -0.6501 0.4654 0.6007
vn 0.6621 0.2835 -0.6937
vn 0.6100 0.2140 -0.7630
vn 0.7089 0.2369 -0.6643
vn 0.4687 -0.5361 -0.7021
vn 0.2514 -0.4701 -0.8460
vn 0.9942 -0.0087 0.1070
vn 0.9506 0.2677 -0.1574
vn 0.3250 -0.0095 0.9457
vn 0.3611 0.1618 0.9184
vn 0.8015 0.1201 0.5859
vn -0.9329 -0.1009 0.3457
vn -0.7909 0.1551 0.5920
vn -0.7890 0.1560 0.5943
vn -0.9770 -0.1955 -0.0853
vn -0.5223 -0.5859 0.6196
vn -0.9291 -0.3249 -0.1768
vn -0.7772 0.0739 0.6249
vn -0.8536 0.1719 0.4917
vn 0.9456 -0.1337 -0.2967
vn 0.9914 -0.1005 -0.0832
vn 0.9593 -0.2784 -0.0476
vn 0.2500 0.9679 0.0246
vn 0.4822 0.8510 0.2080
vn 0.5311 0.8469 0.0268
vn 0.4234 0.9060 0.0016
vn 0.4182 0.6177 0.6660
vn 0.3597 0.2938 0.8856
vn 0.5580 0.3491 0.7529
vn -0.9133 -0.0499 0.4043
vn -0.6437 0.4126 0.6445
vn -0.5708 0.4479 0.6881
vn -0.5870 0.4832 0.6495
vn 0.8156 0.2897 -0.5008
vn 0.6919 0.4695 -0.5485
vn 0.7478 0.4994 -0.4375
vn 0.0628 0.6614 -0.7474
vn 0.1614 -0.5087 -0.8457
vn -0.7793 0.1736 0.6021
vn 0.4107 0.1780 -0.8942
vn 0.8244 -0.1055 0.5560
vn -0.9379 -0.1025 0.3314
vn -0.9306 -0.0202 0.3656
vn -0.9365 -0.0422 0.3481
vn -0.8246 -0.1533 0.5445
vn -0.8402 -0.0671 0.5382
vn 0.7662 0.3433 0.5432
vn 0.5031 0.0492 0.8628
vn 0.4814 0.1673 0.8604
vn 0.0936 -0.2652 0.9596
vn -0.1394 -0.0553 0.9887
vn -0.7816 0.2159 0.5852
vn -0.7811 0.0595 0.6216
vn -0.7936 0.2273 0.5645
vn -0.8188 0.1855 0.5433
vn -0.8165 0.0364 0.5761
vn -0.7984 0.1338 0.5871
vn 0.6466 0.0445 0.7616
vn 0.3379 -0.0010 0.9412
vn 0.4644 0.1057 0.8793
vn 0.4717 0.2870 0.8337
vn -0.4775 0.4647 0.7457
vn -0.3721 0.3229 0.8702
vn -0.4800 0.1987 0.8544
vn -0.5074 0.2709 0.8180
vn -0.4660 0.2846 0.8378
vn -0.4622 0.4046 0.7891
vn 0.1599 0.7675 0.6208
vn -0.2932 0.1134 0.9493
vn 0.8985 -0.2271 -0.3756
vn 0.8972 -0.1616 -0.4110
vn 0.8433 -0.0785 -0.5317
vn -0.1368 -0.0818 -0.9872
vn 0.2706 0.1443 -0.9518
vn 0.6238 -0.0443 -0.7803
vn -0.0291 0.9021 -0.4306
vn -0.1351 -0.2455 -0.9599
vn 0.0128 -0.3035 -0.9527
vn -0.9267 -0.3582 0.1133
vn -0.9415 -0.3308 0.0646
vn -0.9354 -0.3135 0.1633
vn 0.6727 0.0514 -0.7382
vn 0.7785 0.1594 -0.6070
vn -0.0713 0.4094 0.9096
vn -0.0730 0.5135 0.8550
vn -0.1986 0.6744 0.7112
vn -0.0126 0.3229 0.9464
vn 0.6617 -0.2117 0.7192
vn -0.6884 -0.5348 0.4899
vn -0.7550 -0.6554 0.0210
vn 0.8608 -0.3062 0.4065
vn -0.5289 -0.7963 0.2934
vn -0.0235 0.9960 0.0865
vn 0.4732 -0.2793 0.8355
vn 0.8412 -0.0408 0.5391
vn 0.4549 -0.0435 0.8895
vn 0.9318 -0.1717 0.3198
vn 0.9648 0.2437 -0.0987
vn 0.9638 0.0987 -0.2477
vn 0.9619 0.1716 -0.2126
vn -0.3927 0.7017 0.5945
vn 0.2443 0.8924 0.3793
vn -0.9828 -0.1194 0.1408
vn -0.9466 0.2998 -0.1181
vn -0.9616 0.1225 -0.2454
vn -0.9519 -0.2275 0.2050
vn -0.9574 -0.2052 0.2030
vn -0.1809 0.3649 0.9133
vn 0.0411 -0.8375 0.5449
vn -0.2438 -0.7912 0.5609
vn -0.3049 0.6379 0.7072
vn -0.3038 0.6837 0.6635
vn -0.0619 -0.8187 0.5709
vn -0.8014 0.3701 0.4698
vn -0.8295 0.2880 0.4785
vn -0.2333 0.9394 0.2510
vn 0.4094 0.8937 -0.1836
vn 0.4675 0.8379 -0.2816
vn -0.5978 -0.5416 0.5909
vn 0.1225 0.2330 0.9647
vn -0.5072 -0.4739 0.7199
vn 0.1570 0.1307 0.9789
vn 0.3109 0.2095 0.9271
vn -0.8464 -0.3452 0.4054
vn -0.8606 0.2427 0.4477
vn -0.8262 0.3893 0.4072
vn -0.1091 0.9854 0.1305
vn -0.3824 -0.2741 -0.8824
vn 0.0225 -0.6314 0.7751
vn -0.4470 0.6524 0.6121
vn -0.5430 0.5623 0.6237
vn -0.6592 -0.6117 0.4375
vn 0.7523 -0.5825 -0.3077
vn -0.6982 -0.7112 0.0818
vn -0.2337 -0.8515 -0.4695
vn 0.3962 -0.3796 -0.8360
vn 0.4548 -0.1081 0.8840
vn -0.8012 -0.0399 0.5970
vn -0.5819 -0.5955 0.5539
vn 0.7138 -0.3176 0.6242
vn 0.8242 -0.4688 0.3177
vn -0.0385 0.1101 0.9932
vn -0.0805 0.2874 0.9544
vn -0.2178 -0.5854 -0.7810
vn 0.6117 -0.0232 -0.7908
vn 0.1727 0.9754 0.1370
vn 0.4374 0.7901 -0.4294
vn 0.4610 0.2866 0.8398
vn -0.4353 -0.5282 0.7291
vn -0.4179 -0.0189 -0.9083
vn -0.4313 -0.9004 -0.0573
vn -0.6755 -0.7347 0.0630
vn 0.8063 -0.2403 -0.5405
vn -0.1719 0.9851 0.0097
vn -0.2158 0.9707 0.1054
vn -0.1696 0.9842 0.0506
vn -0.5070 -0.3804 -0.7734
vn 0.1191 0.9806 0.1556
vn -0.6923 -0.2566 -0.6745
vn -0.4081 -0.6834 -0.6053
vn -0.6870 0.5321 0.4949
vn -0.1463 -0.2786 0.9492
vn -0.9064 -0.3171 -0.2789
vn -0.8290 -0.1277 -0.5445
vn -0.5261 -0.3003 -0.7957
vn 0.6628 0.2237 -0.7146
vn 0.0865 0.2570 -0.9625
vn -0.8739 -0.0450 -0.4839
vn -0.2100 -0.4420 -0.8721
vn -0.6552 -0.6351 0.4091
vn -0.8313 -0.5223 -0.1903
vn -0.9651 -0.0489 0.2573
vn 0.3694 -0.0241 -0.9290
vn -0.2157 0.3469 -0.9128
vn -0.4235 -0.1816 -0.8875
vn 0.0492 -0.4453 -0.8940
vn -0.8518 -0.2995 0.4299
vn -0.8237 -0.4979 0.2712
vn -0.2569 0.2888 -0.9223
vn -0.4695 0.2583 -0.8443
vn -0.5985 0.1784 -0.7810
vn -0.6748 0.5927 0.4397
vn -0.6229 0.6840 0.3796
vn -0.6300 0.6637 0.4032
vn -0.9611 -0.0338 0.2740
vn -0.9523 -0.3004 0.0539
vn -0.4018 -0.6656 0.6289
vn -0.2846 -0.2019 0.9371
vn 0.0707 -0.8869 0.4566
vn -0.0926 0.2346 0.9677
vn 0.5206 0.0639 0.8514
vn -0.7380 0.6690 0.0882
vn -0.9090 0.4133 0.0548
vn -0.8592 0.4970 -0.1216
vn 0.9773 -0.1964 0.0789
vn 0.0207 -0.9902 0.1382
vn 0.1191 -0.9656 -0.2310
vn 0.3374 -0.7059 -0.6228
vn 0.7015 -0.1825 -0.6889
vn -0.7930 -0.6065 0.0573
vn -0.9680 -0.0003 0.2508
vn -0.7708 -0.6356 0.0432
vn -0.7399 -0.6706 -0.0538
vn -0.9312 -0.0292 -0.3634
vn -0.7857 -0.5267 0.3246
vn -0.8276 -0.4734 0.3014
vn -0.7280 -0.6324 0.2649
vn -0.0730 0.9856 0.1522
vn -0.0886 0.9961 -0.0019
vn -0.2491 0.9288 0.2744
vn 0.8457 0.4713 -0.2503
vn 0.7272 0.0748 -0.6823
vn 0.5896 -0.0593 -0.8055
vn 0.4447 -0.3241 -0.8350
vn -0.2152 -0.9403 -0.2638
vn -0.5023 -0.8044 -0.3174
vn -0.4107 -0.8710 -0.2697
vn -0.2368 -0.2470 -0.9396
vn -0.9106 -0.3607 -0.2016
vn -0.7526 -0.6583 0.0146
vn -0.8823 -0.4693 0.0365
vn -0.9033 0.4287 0.0139
vn -0.6150 0.7884 -0.0118
vn -0.7455 0.6665 -0.0054
vn -0.6508 -0.3267 -0.6854
vn -0.6183 -0.4135 -0.6683
vn -0.6656 -0.2158 -0.7145
vn -0.8143 -0.3234 -0.4820
vn -0.9803 0.1933 0.0393
vn -0.6337 0.2499 -0.7321
vn -0.6858 0.2617 -0.6791
vn -0.7004 0.2507 -0.6683
vn 0.3870 0.9216 -0.0287
vn -0.8206 -0.0657 -0.5677
vn 0.2789 0.9603 -0.0085
vn 0.9777 -0.1449 0.1521
vn 0.8222 -0.5493 -0.1491
vn 0.9895 -0.1151 -0.0872
vn 0.5927 -0.5948 0.5431
vn 0.9219 -0.3353 0.1940
vn -0.7025 -0.0569 -0.7094
vn -0.7774 -0.2220 -0.5885
vn -0.8259 -0.0542 -0.5612
vn -0.7069 0.5126 -0.4874
vn -0.4824 0.5429 -0.6874
vn -0.5631 0.4155 -0.7143
vn -0.7412 0.4775 -0.4718
vn -0.6163 0.4667 -0.6343
vn 0.3764 -0.6990 -0.6081
vn -0.0939 -0.8453 -0.5260
vn -0.3651 -0.7590 0.5391
vn -0.3561 -0.0799 0.9310
vn -0.3050 -0.1161 0.9452
vn -0.4068 -0.1514 0.9009
vn -0.5111 -0.5646 0.6480
vn -0.8721 -0.2680 -0.4094
vn -0.8768 -0.2440 -0.4143
vn -0.9518 0.0284 -0.3053
vn -0.7362 0.6767 0.0132
vn 0.1741 0.8600 -0.4797
vn -0.9450 -0.0441 -0.3241
vn -0.0865 0.7680 -0.6346
vn -0.8953 -0.1059 -0.4327
vn 0.8893 -0.1958 0.4132
vn 0.7740 -0.2690 0.5733
vn 0.7555 -0.3693 0.5411
vn -0.7917 -0.2761 -0.5450
vn -0.7594 -0.5512 -0.3456
vn 0.0619 -0.6763 0.7340
vn 0.2167 -0.5640 0.7968
vn 0.3971 -0.6518 0.6461
vn 0.3322 -0.8791 0.3418
vn 0.6834 -0.6811 0.2629
vn -0.5016 -0.8606 -0.0877
vn 0.4606 -0.8708 -0.1718
vn -0.6347 -0.6389 -0.4347
vn -0.3041 -0.5769 -0.7581
vn 0.1647 -0.6766 -0.7177
vn -0.9954 0.0862 -0.0405
vn -0.8755 0.4829 -0.0162
vn -0.8779 0.4533 -0.1546
vn -0.9005 0.4230 -0.1007
vn -0.9302 -0.2877 -0.2281
vn -0.8196 -0.5729 0.0086
vn -0.8741 -0.3839 0.2976
vn -0.9295 -0.2872 -0.2316
vn -0.9471 -0.3012 -0.1107
vn 0.4654 -0.4284 -0.7745
vn -0.0330 -0.8344 -0.5502
vn -0.2579 -0.3658 -0.8943
vn -0.2925 -0.9470 0.1330
vn 0.4107 -0.8485 -0.3336
vn 0.6059 -0.7769 0.1709
vn -0.9855 0.1380 -0.0986
vn -0.4580 0.6719 -0.5821
vn -0.8078 0.5756 0.1274
vn -0.9286 0.3565 -0.1028
vn -0.7431 -0.6349 -0.2114
vn 0.5567 -0.8205 0.1295
vn -0.7354 -0.6583 0.1605
vn 0.5631 -0.8135 -0.1453
vn -0.9640 -0.2440 -0.1057
vn -0.9168 -0.3430 -0.2044
vn -0.9167 -0.2491 -0.3125
vn 0.5183 0.8272 -0.2170
vn -0.1160 0.7237 -0.6803
vn -0.0291 0.8519 -0.5228
vn -0.9150 0.1450 -0.3765
vn -0.6573 -0.3039 0.6896
vn 0.4113 -0.8212 0.3955
vn -0.5319 -0.7884 -0.3089
vn 0.2386 -0.6041 0.7603
vn 0.1222 -0.8513 0.5102
vn 0.7904 -0.4644 0.3994
vn -0.9915 0.1208 -0.0473
vn 0.4578 -0.8882 0.0399
vn -0.9823 -0.1838 0.0367
vn 0.8449 -0.2947 0.4464
vn 0.2492 -0.3139 0.9162
vn 0.5768 -0.2683 0.7716
vn 0.3625 -0.2594 -0.8952
vn 0.7287 -0.2656 -0.6313
vn 0.4950 -0.4305 -0.7548
vn 0.5377 -0.7564 0.3725
vn -0.1054 -0.9759 -0.1910
vn 0.5771 -0.7915 -0.2009
vn -0.6857 -0.1867 0.7035
vn -0.5144 -0.4497 0.7302
vn -0.2367 -0.3712 0.8979
vn -0.9448 -0.3117 -0.1008
vn -0.8793 -0.4653 0.1017
vn -0.9282 -0.2789 0.2464
vn -0.8682 -0.3371 0.3642
vn -0.8689 -0.1687 0.4654
vn -0.9421 -0.2113 0.2603
vn -0.9589 -0.2654 -0.1002
vn -0.9484 -0.0864 0.3051
vn -0.9933 -0.0943 -0.0662
vn -0.9082 -0.1426 -0.3936
vn -0.9993 -0.0225 -0.0309
vn -0.9347 -0.0343 -0.3536
vn -0.7234 -0.0549 -0.6883
vn -0.9435 0.1240 -0.3072
vn -0.7463 0.0719 -0.6617
vn -0.3710 -0.0315 -0.9281
vn -0.8174 0.1022 -0.5670
vn -0.5159 -0.1031 -0.8504
vn -0.9459 0.1865 -0.2655
vn -0.9653 0.1322 -0.2250
vn -0.9379 0.0280 -0.3458
vn -0.9767 -0.0574 -0.2069
vn -0.9861 -0.0679 -0.1519
vn -0.9649 -0.1453 -0.2189
vn -0.9574 -0.2669 -0.1104
vn -0.9644 -0.2067 -0.1651
vn -0.9567 -0.1613 -0.2421
vn -0.9127 -0.3663 -0.1811
vn -0.8931 -0.3997 -0.2066
vn -0.9671 -0.1676 -0.1914
vn -0.8970 -0.3828 -0.2211
vn -0.8943 -0.2989 -0.3331
vn -0.8370 -0.3642 -0.4084
vn -0.8077 -0.1785 -0.5619
vn -0.8955 -0.2462 -0.3708
vn -0.9460 -0.2038 -0.2521
vn -0.8651 -0.2044 -0.4581
vn -0.9145 -0.1626 -0.3705
vn -0.8278 -0.1105 -0.5500
vn -0.8952 -0.0976 -0.4348
vn -0.3190 -0.0471 -0.9466
vn -0.8404 -0.0272 -0.5414
vn -0.2777 0.0097 -0.9606
vn -0.2763 0.0408 -0.9602
vn -0.4228 -0.0074 -0.9062
vn -0.2161 -0.0653 -0.9742
vn 0.3637 -0.0421 -0.9306
vn -0.3807 -0.1104 -0.9181
vn 0.4073 -0.0692 -0.9107
vn 0.5887 -0.0002 -0.8083
vn 0.4101 -0.0471 -0.9108
vn 0.7716 0.0404 -0.6348
vn 0.6523 0.0154 -0.7578
vn 0.7309 0.0991 -0.6753
vn 0.6056 0.0468 -0.7944
vn 0.5711 -0.0023 -0.8209
vn 0.7373 0.1387 -0.6611
vn 0.3835 0.0877 -0.9194
vn 0.6749 0.0768 -0.7339
vn 0.6130 0.1485 -0.7760
vn 0.4678 0.1515 -0.8707
vn 0.6304 0.1382 -0.7638
vn 0.6055 0.2123 -0.7670
vn 0.4431 0.2290 -0.8667
vn 0.7502 0.0828 -0.6561
vn 0.5498 0.2265 -0.8040
vn 0.6975 0.2159 -0.6832
vn 0.4127 0.1550 -0.8976
vn 0.5241 0.1308 -0.8416
vn 0.6113 0.1105 -0.7836
vn 0.2644 -0.9541 -0.1406
vn 0.4524 -0.8759 -0.1674
vn 0.5990 -0.7999 -0.0367
vn 0.8329 -0.5517 -0.0446
vn 0.7332 -0.6740 -0.0904
vn 0.8087 0.0571 -0.5854
vn 0.6614 0.0533 -0.7481
vn 0.8334 -0.5469 -0.0796
vn 0.9609 -0.2711 -0.0556
vn 0.9981 -0.0151 -0.0602
vn 0.9503 -0.3069 -0.0533
vn 0.8895 0.0833 -0.4493
vn 0.8505 0.0331 -0.5250
vn 0.9875 -0.1392 -0.0740
vn 0.9894 0.1269 -0.0703
vn 0.9740 0.2116 -0.0812
vn 0.9870 -0.0368 -0.1567
vn 0.9652 0.2611 -0.0153
vn 0.9340 0.3568 -0.0200
vn 0.8430 0.5377 0.0158
vn 0.8595 0.5111 -0.0040
vn 0.9123 0.3994 -0.0901
vn 0.9873 0.1470 -0.0609
vn 0.9661 0.1863 -0.1787
vn 0.9621 0.0842 -0.2593
vn 0.9755 0.0271 -0.2184
vn 0.9296 -0.0075 -0.3684
vn 0.9059 -0.0594 -0.4193
vn 0.9183 -0.0282 -0.3949
vn 0.8748 -0.0559 -0.4812
vn 0.8044 -0.1257 -0.5806
vn 0.8366 -0.1909 -0.5135
vn 0.7551 -0.2454 -0.6079
vn 0.6159 -0.2993 -0.7287
vn 0.6588 -0.4827 -0.5770
vn 0.5113 -0.5522 -0.6585
vn 0.3074 -0.5889 -0.7474
vn 0.3562 -0.7798 -0.5148
vn 0.2157 -0.8077 -0.5487
vn 0.1041 -0.8193 -0.5638
vn 0.1803 -0.8588 -0.4795
vn 0.0851 -0.8709 -0.4841
vn -0.0408 -0.8695 -0.4922
vn 0.0871 -0.8511 -0.5177
vn -0.0434 -0.8412 -0.5390
vn -0.1637 -0.8186 -0.5506
vn -0.0674 -0.6283 -0.7750
vn -0.2207 -0.5903 -0.7765
vn -0.3883 -0.6003 -0.6991
vn -0.2813 0.0554 -0.9580
vn -0.5179 -0.1737 -0.8376
vn -0.7205 -0.3715 -0.5856
vn -0.5638 0.1387 -0.8142
vn -0.8022 -0.0299 -0.5963
vn -0.8440 -0.1289 -0.5206
vn -0.7999 0.2402 -0.5500
vn -0.8549 0.1644 -0.4920
vn -0.8851 0.1480 -0.4412
vn -0.8135 0.3692 -0.4493
vn -0.8178 0.4458 -0.3641
vn -0.7989 0.5982 0.0630
vn -0.6868 0.6738 -0.2726
vn -0.6133 0.7766 0.1440
vn -0.4603 0.8348 0.3021
vn -0.3772 0.8989 0.2231
vn -0.3059 0.8912 0.3350
vn -0.3625 0.8200 0.4430
vn -0.2473 0.9021 0.3537
vn -0.2999 0.8454 0.4419
vn -0.2905 0.8500 0.4394
vn -0.1965 0.8893 0.4130
vn -0.1431 0.9255 0.3506
vn -0.0986 0.9412 0.3231
vn 0.0820 0.9752 0.2054
vn 0.0867 0.9830 0.1619
vn 0.0117 0.9901 0.1402
vn 0.4011 0.9085 -0.1177
vn 0.3087 0.9350 -0.1746
vn 0.2053 0.9577 -0.2017
vn 0.5217 0.7192 -0.4590
vn 0.4308 0.7285 -0.5327
vn 0.1277 0.7669 -0.6289
vn 0.5033 0.5377 -0.6765
vn 0.1481 0.5454 -0.8250
vn -0.2438 0.5377 -0.8071
vn 0.1619 0.3083 -0.9374
vn -0.2582 0.3329 -0.9069
vn -0.5423 0.4013 -0.7381
vn -0.2457 0.2289 -0.9419
vn -0.5056 0.3287 -0.7977
vn -0.1933 0.2519 -0.9483
vn -0.4225 0.3508 -0.8357
vn -0.1291 0.2831 -0.9504
vn -0.3360 0.3249 -0.8840
vn -0.4489 0.3389 -0.8268
vn -0.3139 0.2110 -0.9257
vn -0.3837 0.1916 -0.9034
vn 0.3527 0.1731 -0.9196
vn -0.1603 0.0974 -0.9823
vn 0.0958 0.1334 -0.9864
vn -0.8147 -0.0222 -0.5794
vn -0.2986 -0.1770 -0.9378
vn -0.8248 -0.2233 -0.5195
vn 0.1961 -0.0980 -0.9757
vn 0.0447 -0.4302 -0.9016
vn -0.4099 -0.3560 -0.8398
vn -0.2609 -0.1542 -0.9530
vn -0.2808 -0.3573 -0.8908
vn -0.1813 -0.1506 -0.9718
vn -0.1964 -0.3039 -0.9322
vn 0.0281 -0.1303 -0.9911
vn 0.0134 -0.2869 -0.9579
vn 0.2211 -0.1558 -0.9627
vn 0.2211 -0.3028 -0.9271
vn 0.1429 -0.1287 -0.9813
vn 0.1971 -0.3352 -0.9213
vn 0.2930 0.0835 -0.9525
vn 0.0310 0.1642 -0.9859
vn 0.0302 -0.1092 -0.9936
vn 0.6699 0.0349 -0.7416
vn 0.8164 -0.1134 -0.5662
vn 0.6585 0.0552 -0.7506
vn 0.5306 -0.1609 -0.8322
vn 0.6538 -0.1752 -0.7361
vn 0.6882 -0.3209 -0.6507
vn 0.5390 -0.3354 -0.7727
vn 0.7135 -0.3706 -0.5946
vn 0.5673 -0.4173 -0.7099
vn 0.7238 -0.3881 -0.5705
vn 0.5689 -0.4532 -0.6862
vn 0.7368 -0.3707 -0.5654
vn 0.5813 -0.4178 -0.6982
vn 0.5339 -0.3212 -0.7821
vn 0.6377 0.0109 -0.7702
vn 0.5732 0.3660 -0.7332
vn 0.1976 0.8971 -0.3951
vn 0.3679 0.8601 -0.3534
vn 0.7547 -0.2167 -0.6193
vn 0.0161 0.9252 -0.3792
vn -0.4015 0.8881 -0.2238
vn -0.3902 0.8830 -0.2607
vn -0.2337 0.9426 -0.2385
vn -0.3058 0.8836 -0.3546
vn -0.1759 0.9345 -0.3095
vn -0.3885 0.7949 -0.4660
vn -0.4579 0.8123 -0.3612
vn 0.8200 -0.0328 -0.5714
vn 0.8600 -0.2720 -0.4318
vn 0.8593 -0.2962 -0.4170
vn 0.9235 -0.2099 -0.3210
vn 0.9017 -0.1041 -0.4196
vn 0.8595 -0.2858 -0.4238
vn 0.9270 -0.1516 -0.3432
vn 0.8568 -0.2419 -0.4554
vn 0.9326 -0.1730 -0.3167
vn 0.8290 -0.1513 -0.5384
vn 0.9258 -0.1267 -0.3561
vn 0.8899 0.0848 -0.4482
vn 0.9712 0.1209 -0.2051
vn 0.9865 -0.0921 -0.1354
vn 0.9934 0.1137 -0.0127
vn 0.9979 -0.0565 0.0324
vn 0.9736 0.0700 0.2173
vn 0.9811 -0.0034 0.1937
vn 0.9001 0.0702 0.4300
vn 0.9213 0.0526 0.3854
vn 0.8774 0.1151 0.4657
vn 0.8702 0.1429 0.4716
vn 0.9020 0.2584 0.3459
vn 0.8284 0.3669 0.4233
vn 0.9207 0.2240 0.3195
vn 0.8852 0.2484 0.3932
vn 0.8619 0.3894 0.3247
vn 0.8543 0.4502 0.2600
vn 0.8043 0.4660 0.3687
vn 0.8411 0.4917 0.2252
vn 0.7931 0.4776 0.3781
vn 0.8196 0.5240 0.2316
vn 0.5132 0.7857 0.3453
vn 0.2937 0.9516 0.0907
vn -0.0442 0.9755 0.2155
vn -0.1113 0.9930 0.0391
vn 0.0388 0.9443 -0.3267
vn -0.0166 0.9918 0.1265
vn 0.1593 0.9760 -0.1487
vn 0.3806 0.7560 -0.5325
vn 0.3329 0.9419 0.0458
vn 0.4632 0.8329 -0.3027
vn 0.4534 0.5759 -0.6802
vn 0.3815 0.9120 -0.1507
vn 0.3576 0.7671 -0.5326
vn 0.2394 0.3551 -0.9037
vn 0.0680 0.9097 -0.4097
vn 0.1594 0.5781 -0.8003
vn 0.4597 -0.2506 -0.8520
vn 0.2430 0.7792 -0.5777
vn 0.8529 -0.1371 -0.5038
vn 0.7435 -0.6647 -0.0733
vn 0.9485 0.0832 -0.3057
vn 0.8033 -0.5941 0.0432
vn 0.9200 0.3405 -0.1944
vn 0.8776 -0.4610 0.1312
vn 0.1990 0.9187 -0.3411
vn 0.1365 0.9870 -0.0844
vn -0.0983 0.9873 -0.1245
vn -0.0220 0.9996 0.0173
vn -0.1719 0.9851 -0.0089
vn -0.0986 0.9925 0.0729
vn -0.0650 0.9954 0.0709
vn 0.1077 0.9856 0.1300
vn 0.0288 0.9838 0.1772
vn 0.3912 0.8913 0.2291
vn 0.2149 0.9260 0.3105
vn 0.9030 0.0473 0.4270
vn 0.7303 0.4436 0.5195
vn 0.7181 -0.6307 0.2944
vn 0.7377 -0.6559 0.1598
vn 0.7591 -0.4896 0.4290
vn 0.7442 -0.5642 0.3575
vn 0.7409 -0.6290 0.2353
vn 0.7195 -0.6257 0.3014
vn 0.7351 -0.6444 0.2105
vn 0.7483 -0.5366 0.3900
vn 0.8226 -0.3717 0.4304
vn 0.4455 -0.5299 0.7216
vn 0.4406 -0.5579 0.7033
vn 0.0187 -0.6052 0.7959
vn -0.1404 -0.5143 0.8461
vn 0.4080 -0.5189 0.7512
vn -0.1467 -0.3537 0.9238
vn 0.2790 -0.5567 0.7825
vn 0.3203 -0.1356 0.9375
vn 0.1842 -0.4468 0.8755
vn 0.7170 0.0487 0.6954
vn 0.4871 -0.4496 0.7487
vn 0.7230 0.3094 0.6177
vn 0.9217 0.1876 0.3395
vn 0.7932 -0.2403 0.5596
vn 0.7372 0.6607 0.1414
vn 0.7887 0.5369 -0.2995
vn 0.4464 0.8853 0.1305
vn 0.3465 0.8620 -0.3700
vn 0.0329 0.5015 -0.8646
vn -0.0755 0.9384 -0.3372
vn -0.2455 0.5542 -0.7953
vn -0.3339 0.0234 -0.9423
vn -0.5397 0.4907 -0.6841
vn -0.4175 -0.0157 -0.9085
vn -0.1794 -0.5480 -0.8170
vn -0.5387 -0.1341 -0.8317
vn -0.1498 -0.5209 -0.8403
vn 0.3092 -0.7563 -0.5765
vn 0.0079 -0.3866 -0.9222
vn 0.5697 -0.4466 -0.6899
vn 0.5589 -0.1573 -0.8142
vn 0.9109 -0.0574 -0.4086
vn 0.8580 -0.3992 -0.3233
vn 0.9493 -0.2620 0.1740
vn 0.7618 -0.5430 0.3532
vn 0.6560 -0.7475 -0.1047
vn 0.5230 -0.7121 0.4685
vn 0.3596 -0.9330 0.0154
vn 0.0202 -0.9922 0.1227
vn -0.1622 -0.9169 -0.3647
vn 0.0825 -0.8762 -0.4748
vn -0.4269 -0.8695 -0.2485
vn -0.3918 -0.5797 -0.7144
vn -0.2840 -0.6137 -0.7367
vn -0.6226 -0.7749 -0.1088
vn -0.4268 -0.5692 -0.7027
vn -0.6314 -0.7233 0.2797
vn -0.3366 -0.9024 0.2691
vn -0.4950 -0.5498 0.6729
vn -0.1564 -0.7146 0.6818
vn 0.0682 -0.3194 0.9452
vn 0.2059 -0.7697 0.6043
vn 0.3317 -0.3387 0.8805
vn 0.3728 0.2072 0.9045
vn 0.5149 -0.2870 0.8078
vn 0.3512 0.2168 0.9108
vn 0.0682 0.6595 0.7486
vn 0.3682 0.2310 0.9006
vn -0.0706 0.5772 0.8136
vn -0.5136 0.7570 0.4039
vn -0.2180 0.4453 0.8685
vn -0.7408 0.4537 0.4953
vn -0.7750 -0.0771 0.6273
vn -0.9474 -0.1755 0.2676
vn -0.9446 0.3107 0.1061
vn -0.7670 0.3333 -0.5483
vn -0.7457 0.6563 -0.1145
vn -0.9212 0.0853 -0.3796
vn -0.9400 -0.1643 -0.2989
vn -0.5698 -0.1285 -0.8117
vn -0.5586 -0.1924 -0.8068
vn -0.2940 0.1784 0.9390
vn 0.2396 0.3157 0.9181
vn 0.3152 0.2530 0.9147
vn 0.7360 0.2871 0.6131
vn 0.7257 -0.0034 0.6880
vn 0.9114 0.3921 0.1253
vn 0.6816 0.3686 0.6321
vn 0.9872 0.1279 0.0956
vn 0.8709 0.4885 0.0541
vn 0.7735 0.3800 0.5072
vn 0.9782 -0.1977 0.0631
vn 0.9371 -0.2192 0.2716
vn 0.9510 -0.2094 -0.2276
vn 0.8070 0.4192 -0.4160
vn 0.5261 0.2045 -0.8254
vn 0.8704 0.2705 -0.4113
vn 0.5071 0.0244 -0.8615
vn 0.0302 -0.1733 -0.9844
vn -0.0495 -0.2130 -0.9758
vn -0.4783 0.8451 -0.2390
vn -0.2469 0.9037 0.3497
vn 0.6659 -0.1646 0.7277
vn 0.1221 0.9648 0.2328
vn 0.2728 0.7095 0.6498
vn 0.4359 0.6557 0.6165
vn 0.2816 0.1847 0.9416
vn 0.5656 0.5623 0.6032
vn 0.2336 0.2074 0.9500
vn 0.2274 0.2094 0.9510
vn -0.3765 0.0079 0.9264
vn -0.1532 -0.2000 0.9677
vn 0.2305 0.2520 0.9399
vn -0.4223 0.2517 0.8708
vn 0.2096 0.4051 0.8899
vn -0.3331 0.4710 0.8168
vn -0.1601 -0.0625 0.9851
vn -0.0722 -0.2993 0.9514
vn -0.5484 0.2056 0.8105
vn 0.2116 -0.7576 0.6174
vn 0.5778 -0.5912 0.5626
vn 0.4851 -0.4181 0.7680
vn 0.7656 -0.4032 0.5013
vn 0.7406 -0.3230 0.5892
vn 0.8821 -0.2162 0.4186
vn 0.8636 -0.1849 0.4690
vn 0.9152 -0.0974 0.3910
vn 0.8849 -0.0795 0.4590
vn 0.7933 -0.1479 0.5907
vn 0.9398 -0.0309 0.3404
vn 0.8722 -0.0425 0.4873
vn 0.7834 -0.0113 0.6214
vn 0.9671 0.1264 0.2206
vn 0.9837 -0.0162 0.1792
vn 0.9917 -0.1117 -0.0644
vn 0.9852 -0.1584 0.0657
vn 0.9020 -0.1218 0.4142
vn 0.9293 -0.3533 0.1077
vn 0.6579 -0.3006 0.6905
vn 0.8883 -0.4582 -0.0292
vn 0.7119 -0.6964 -0.0903
vn 0.9060 -0.4074 -0.1152
vn 0.7577 -0.6352 -0.1497
vn 0.4953 -0.6990 -0.5159
vn 0.5387 -0.8198 -0.1944
vn 0.7533 -0.5637 -0.3388
vn 0.9243 -0.3263 -0.1982
vn 0.8341 -0.2094 -0.5103
vn 0.7375 -0.4279 -0.5225
vn 0.4797 -0.5125 -0.7123
vn 0.4683 -0.5848 -0.6623
vn 0.6469 -0.3078 -0.6978
vn 0.5806 -0.0940 -0.8088
vn 0.7485 -0.2454 -0.6161
vn 0.6670 -0.3214 -0.6721
vn 0.6203 -0.5192 -0.5879
vn 0.5101 -0.4759 -0.7164
vn 0.7331 -0.3470 -0.5849
vn 0.7912 -0.2479 -0.5590
vn 0.8171 -0.2853 -0.5010
vn 0.8170 -0.4191 -0.3960
vn 0.7781 -0.6258 -0.0538
vn 0.7325 -0.5627 -0.3831
vn 0.7893 -0.5031 -0.3519
vn 0.7587 -0.6422 0.1090
vn 0.6675 -0.6901 -0.2797
vn 0.6248 -0.7415 -0.2444
vn 0.2631 -0.8207 -0.5072
vn 0.4973 -0.6392 -0.5866
vn 0.0559 -0.7999 -0.5975
vn 0.3444 -0.5831 -0.7358
vn 0.0056 -0.7909 -0.6119
vn 0.2867 -0.5796 -0.7628
vn 0.1127 -0.7952 -0.5958
vn 0.2469 -0.5949 -0.7649
vn 0.2652 -0.7693 -0.5812
vn 0.3094 -0.6805 -0.6642
vn 0.3361 -0.7483 -0.5719
vn 0.3827 -0.7710 -0.5091
vn 0.4071 -0.8302 -0.3808
vn 0.1860 -0.7055 -0.6838
vn 0.2113 -0.8684 -0.4485
vn -0.0114 -0.8132 -0.5819
vn 0.6026 -0.6880 -0.4045
vn 0.1436 -0.7486 -0.6473
vn 0.6342 -0.5990 -0.4888
vn 0.1624 -0.6272 -0.7617
vn 0.6580 -0.4188 -0.6258
vn 0.3019 -0.4501 -0.8404
vn 0.4258 -0.0862 -0.9007
vn 0.2658 0.0895 -0.9599
vn 0.0052 -0.3298 -0.9440
vn 0.6344 -0.0842 -0.7684
vn 0.5462 0.3194 -0.7744
vn 0.4485 0.4084 -0.7950
vn 0.8708 0.3147 -0.3777
vn 0.9446 -0.0028 -0.3283
vn 0.9874 -0.1384 0.0768
vn 0.8910 -0.3387 -0.3023
vn 0.9362 -0.3504 -0.0264
vn 0.9092 -0.4164 -0.0004
vn 0.9645 -0.2634 0.0200
vn 0.9890 -0.1433 0.0358
vn 0.9889 -0.1464 -0.0240
vn 0.9637 -0.2374 0.1224
vn 0.9339 -0.3547 -0.0443
vn 0.8427 -0.4986 -0.2032
vn 0.7991 -0.6011 -0.0130
vn 0.7993 -0.5573 -0.2249
vn 0.7889 -0.5191 -0.3290
vn 0.6551 -0.7369 -0.1670
vn 0.7082 -0.6482 -0.2800
vn 0.7080 -0.6163 -0.3449
vn 0.6663 -0.7027 -0.2494
vn 0.6329 -0.7099 -0.3089
vn 0.3361 -0.9146 -0.2247
vn 0.2896 -0.9434 -0.1614
vn 0.0021 -1.0000 -0.0028
vn -0.1474 -0.9872 0.0603
vn -0.2112 -0.9643 0.1600
vn -0.2031 -0.9671 0.1529
vn -0.0780 -0.9767 0.2001
vn -0.2804 -0.9186 0.2784
vn -0.1093 -0.9418 0.3180
vn 0.0304 -0.9860 0.1641
vn -0.2483 -0.6063 0.7555
vn -0.0601 -0.4969 0.8657
vn 0.0491 -0.5238 0.8504
vn -0.1001 -0.2102 0.9725
vn 0.0946 -0.2274 0.9692
vn 0.2948 -0.3278 0.8976
vn 0.1143 -0.1312 0.9847
vn 0.3145 -0.1707 0.9338
vn 0.5797 -0.1832 0.7940
vn 0.3272 -0.0866 0.9410
vn 0.5912 -0.1275 0.7964
vn 0.7721 -0.1728 0.6115
vn 0.6043 -0.0126 0.7967
vn 0.7858 0.0367 0.6174
vn 0.8859 0.1559 0.4370
vn 0.7378 0.3173 0.5957
vn 0.7867 0.4417 0.4313
vn 0.8465 0.4933 0.2001
vn 0.7374 0.5132 0.4391
vn 0.7864 0.5828 0.2046
vn 0.8095 0.3663 0.4589
vn 0.8730 0.4218 0.2449
vn 0.8963 0.1528 0.4162
vn 0.9703 0.1256 0.2066
vn 0.9209 -0.0363 0.3881
vn 0.9875 0.0179 0.1569
vn 0.9970 0.0399 -0.0669
vn 0.9682 -0.2069 0.1409
vn 0.9886 -0.1205 -0.0907
vn 0.9647 -0.0609 -0.2564
vn 0.9670 -0.2322 -0.1050
vn 0.9400 -0.1833 -0.2876
vn 0.8943 -0.1679 -0.4148
vn 0.8739 -0.3423 -0.3451
vn 0.8153 -0.3751 -0.4411
vn 0.7571 -0.4249 -0.4963
vn 0.6279 -0.6420 -0.4399
vn 0.5861 -0.6941 -0.4180
vn 0.4919 -0.7328 -0.4701
vn 0.4278 -0.8349 -0.3463
vn 0.3734 -0.8430 -0.3872
vn 0.2835 -0.8441 -0.4552
vn 0.3767 -0.8460 -0.3773
vn 0.3069 -0.8172 -0.4879
vn 0.1868 -0.8312 -0.5237
vn 0.3917 -0.7186 -0.5746
vn 0.2179 -0.7264 -0.6519
vn 0.1186 -0.7139 -0.6902
vn 0.2945 -0.4071 -0.8646
vn 0.1612 -0.2812 -0.9460
vn -0.0945 0.0034 -0.9955
vn 0.1665 0.3152 -0.9343
vn -0.0859 0.3867 -0.9182
vn -0.2958 0.3191 -0.9004
vn -0.0881 0.5895 -0.8030
vn -0.2832 0.5507 -0.7852
vn -0.5583 0.4115 -0.7204
vn -0.2382 0.7785 -0.5807
vn -0.4923 0.6731 -0.5519
vn -0.7536 0.4708 -0.4588
vn -0.3170 0.9052 -0.2829
vn -0.5879 0.7720 -0.2417
vn -0.6644 0.6634 -0.3442
vn -0.1570 0.9789 0.1307
vn -0.0766 0.9970 -0.0073
vn -0.2720 0.9623 0.0082
vn 0.1171 0.9880 0.1003
vn -0.0725 0.9852 0.1553
vn -0.2196 0.9389 0.2649
vn 0.0134 0.9744 0.2242
vn -0.1255 0.9474 0.2944
vn -0.2190 0.9023 0.3713
vn -0.0930 0.9452 0.3130
vn -0.1591 0.9089 0.3856
vn -0.0325 0.9404 0.3386
vn 0.0012 0.9237 0.3832
vn 0.2274 0.9546 0.1922
vn 0.4111 0.9102 -0.0509
vn 0.5376 0.8428 -0.0253
vn 0.6210 0.7419 -0.2527
vn 0.5968 0.7361 -0.3194
vn 0.7154 0.6069 -0.3463
vn 0.6646 0.6124 -0.4281
vn 0.5826 0.5777 -0.5717
vn 0.6778 0.5474 -0.4909
vn 0.6037 0.4858 -0.6321
vn 0.5147 0.3573 -0.7794
vn 0.5922 0.4377 -0.6766
vn 0.4750 0.2815 -0.8338
vn 0.1570 0.2021 -0.9667
vn 0.3857 0.3257 -0.8632
vn 0.1175 0.2271 -0.9668
vn 0.3027 0.3317 -0.8935
vn 0.0241 0.3035 -0.9525
vn 0.2505 0.1955 -0.9482
vn -0.0022 0.1835 -0.9830
vn -0.1202 0.2062 -0.9711
vn 0.0303 0.0594 -0.9978
vn -0.1444 0.0468 -0.9884
vn 0.2160 0.0506 -0.9751
vn 0.4469 0.3364 -0.8289
vn 0.3909 0.2151 -0.8949
vn 0.2189 0.4848 -0.8468
vn -0.0126 0.1915 -0.9814
vn 0.5890 0.3423 -0.7320
vn 0.5843 0.1871 -0.7897
vn 0.8344 0.1034 -0.5413
vn 0.8292 0.1754 -0.5307
vn 0.5422 0.4078 -0.7346
vn 0.5783 0.4721 -0.6654
vn 0.6727 0.4867 -0.5574
vn 0.7530 0.5314 -0.3880
vn 0.7362 0.6424 -0.2130
vn 0.8148 0.4902 -0.3097
vn 0.8731 0.4818 0.0746
vn 0.9594 0.2806 -0.0273
vn 0.8334 0.4360 -0.3397
vn 0.9471 0.3209 -0.0102
vn 0.8455 0.4134 -0.3379
vn 0.9716 0.2342 -0.0335
vn 0.8803 0.3504 -0.3197
vn 0.7679 0.3612 -0.5290
vn 0.9147 0.2942 -0.2770
vn 0.8162 0.2896 -0.4999
vn 0.9673 0.2498 -0.0438
vn 0.9675 0.1789 0.1788
vn 0.9591 0.1903 0.2097
vn 0.8967 0.0963 0.4320
vn 0.8952 0.0608 0.4414
vn 0.8253 0.0100 0.5646
vn 0.8227 0.0313 0.5677
vn 0.8027 0.2345 0.5484
vn 0.8307 0.1454 0.5374
vn 0.7586 0.2463 0.6032
vn 0.6119 0.5238 0.5926
vn 0.8071 0.3554 0.4715
vn 0.9108 -0.0497 0.4098
vn 0.9129 0.0642 0.4031
vn 0.8938 0.0843 0.4405
vn 0.8223 0.1667 0.5441
vn 0.7589 0.4316 0.4876
vn 0.7400 0.3020 0.6010
vn 0.7577 0.4113 0.5068
vn 0.8205 0.2627 0.5077
vn 0.8533 0.3156 0.4150
vn 0.7986 0.3602 0.4821
vn 0.7927 0.4205 0.4414
vn 0.6822 0.5631 0.4664
vn 0.6551 0.6216 0.4295
vn 0.2165 0.9259 0.3097
vn 0.0950 0.9712 0.2187
vn -0.2457 0.9640 0.1017
vn -0.1283 0.9871 0.0953
vn -0.0784 0.9754 0.2062
vn -0.0166 0.9955 0.0935
vn 0.0955 0.9636 0.2496
vn 0.1938 0.9549 0.2251
vn 0.1906 0.9486 0.2528
vn 0.2550 0.9387 0.2319
vn 0.3372 0.9359 0.1020
vn 0.0792 0.9898 0.1185
vn 0.0856 0.9953 0.0447
vn 0.0735 0.9908 -0.1136
vn -0.0961 0.9953 0.0093
vn -0.1395 0.9870 -0.0803
vn -0.0677 0.9971 0.0355
vn -0.1054 0.9944 0.0054
vn -0.1294 0.9912 0.0262
vn -0.1300 0.9814 0.1414
vn -0.2022 0.9592 0.1979
vn -0.0391 0.9990 0.0210
vn -0.2106 0.9280 0.3074
vn 0.1047 0.9907 0.0864
vn -0.1114 0.8301 0.5464
vn 0.3534 0.9143 0.1980
vn 0.4313 -0.2594 0.8641
vn 0.8264 -0.2588 0.5000
vn 0.3223 -0.0382 0.9459
vn 0.3820 -0.5799 0.7196
vn 0.4452 -0.4819 0.7547
vn 0.2926 -0.6702 0.6821
vn 0.4291 -0.4871 0.7606
vn -0.1370 -0.8712 0.4713
vn -0.1707 -0.8265 0.5364
vn 0.1717 -0.5977 0.7831
vn -0.1346 -0.8661 0.4813
vn -0.1353 -0.8735 0.4676
vn -0.2654 -0.7977 0.5415
vn -0.1630 -0.7602 0.6289
vn -0.3133 -0.6763 0.6666
vn 0.2966 -0.7593 0.5792
vn 0.2882 -0.7747 0.5629
vn 0.6094 -0.5514 0.5698
vn 0.5896 -0.5795 0.5626
vn 0.7834 -0.3540 0.5108
vn 0.7792 -0.3838 0.4954
vn 0.8682 -0.1870 0.4597
vn 0.8825 -0.2159 0.4179
vn 0.9153 -0.0559 0.3989
vn 0.9265 -0.0820 0.3674
vn 0.9468 0.0305 0.3203
vn 0.9584 0.0001 0.2855
vn 0.9299 -0.1034 0.3531
vn 0.9559 0.0250 0.2926
vn 0.8884 0.1437 0.4359
vn 0.9500 0.0028 0.3123
vn 0.9675 -0.0158 0.2523
vn 0.8539 -0.0086 0.5203
vn 0.9536 -0.0025 0.3010
vn 0.8069 0.0385 0.5894
vn 0.9300 -0.0264 0.3666
vn 0.8114 -0.0156 0.5843
vn 0.9974 -0.0710 0.0091
vn 0.9989 -0.0321 -0.0349
vn 0.9565 -0.0933 -0.2764
vn 0.9839 -0.0734 -0.1632
vn 0.9882 -0.0859 -0.1268
vn 0.9843 -0.1384 -0.1100
vn 0.9690 -0.0808 -0.2336
vn 0.9695 -0.2119 -0.1235
vn 0.9900 -0.1378 -0.0307
vn 0.9661 -0.2576 -0.0167
vn 0.9465 -0.1057 -0.3048
vn 0.9545 -0.2192 -0.2022
vn 0.4178 0.0751 -0.9054
vn 0.6207 -0.0769 -0.7803
vn 0.8335 -0.0629 -0.5489
vn 0.6546 -0.0948 -0.7500
vn 0.8454 -0.0738 -0.5290
vn 0.8469 -0.1350 -0.5143
vn 0.7291 -0.0511 -0.6825
vn 0.8190 -0.1087 -0.5634
vn 0.6254 -0.0355 -0.7795
vn 0.7538 -0.1049 -0.6487
vn -0.0202 0.1045 -0.9943
vn 0.7318 -0.1329 -0.6685
vn -0.7496 0.1419 -0.6465
vn -0.7798 0.0935 -0.6190
vn -0.5484 0.1471 -0.8232
vn -0.8717 0.1146 -0.4764
vn -0.8090 0.1786 -0.5600
vn -0.7750 0.0679 -0.6283
vn -0.8760 0.0526 -0.4794
vn -0.8638 0.1310 -0.4865
vn -0.9401 0.0916 -0.3283
vn -0.9331 0.0393 -0.3574
vn -0.9733 0.0580 -0.2222
vn -0.9546 -0.0016 -0.2977
vn -0.9857 0.0284 -0.1661
vn -0.9854 -0.0704 -0.1548
vn -0.9972 -0.0742 -0.0100
vn -0.9850 -0.1673 0.0430
vn -0.9938 -0.0328 -0.1066
vn -0.9941 -0.0309 0.1042
vn -0.9739 -0.1808 0.1375
vn -0.9440 -0.1987 0.2636
vn -0.9607 -0.1174 0.2513
vn -0.9628 -0.1761 0.2052
vn -0.9197 -0.1231 0.3727
vn -0.8389 -0.3789 0.3907
vn -0.9466 -0.2381 0.2176
vn -0.6017 -0.3690 0.7083
vn 0.4107 -0.7476 0.5220
vn -0.2739 -0.9104 0.3101
vn 0.8535 -0.5134 0.0889
vn 0.7145 -0.6996 -0.0075
vn 0.8771 -0.4793 0.0318
vn 0.8373 -0.5390 -0.0918
vn 0.8487 -0.5187 -0.1030
vn 0.8350 -0.5334 -0.1350
vn 0.7987 -0.5920 -0.1080
vn 0.8245 -0.5491 -0.1363
vn 0.8338 -0.5370 -0.1285
vn 0.8153 -0.5657 -0.1234
vn 0.8367 -0.5450 -0.0538
vn 0.6919 -0.7220 0.0026
vn 0.8098 -0.5697 0.1401
vn 0.8296 -0.5241 0.1926
vn 0.8279 -0.5603 0.0240
vn 0.5952 -0.8035 -0.0108
vn 0.4836 -0.6367 -0.6006
vn 0.8540 -0.4916 -0.1704
vn 0.3143 -0.4109 -0.8558
vn 0.7599 -0.4584 -0.4608
vn 0.1081 -0.1514 -0.9825
vn 0.6043 -0.4154 -0.6799
vn -0.0578 0.0377 -0.9976
vn -0.2068 0.5009 -0.8404
vn -0.1668 0.1233 -0.9783
vn -0.3117 0.7853 -0.5348
vn -0.4888 0.4215 -0.7639
vn -0.3513 0.8773 -0.3270
vn -0.6876 0.6193 -0.3791
vn -0.7174 0.6966 -0.0103
vn -0.8395 0.5061 -0.1976
vn -0.6358 0.3352 -0.6953
vn -0.8300 0.3573 -0.4282
vn -0.6321 0.1058 -0.7677
vn -0.3949 -0.1676 -0.9033
vn -0.7527 0.0775 -0.6538
vn -0.7371 0.1016 -0.6681
vn -0.8388 0.2798 -0.4670
vn -0.4808 -0.8640 -0.1493
vn -0.3986 -0.9086 -0.1249
vn -0.4079 -0.9035 -0.1314
vn -0.3735 -0.9184 -0.1306
vn -0.6765 -0.7266 -0.1203
vn -0.8536 -0.5063 -0.1225
vn -0.9113 -0.4042 -0.0782
vn -0.9791 -0.1907 -0.0701
vn -0.9703 -0.2070 0.1256
vn -0.9911 0.1329 -0.0036
vn -0.9581 0.2277 0.1738
vn -0.8798 0.2011 0.4307
vn -0.8370 0.5178 0.1768
vn -0.7716 0.4747 0.4234
vn -0.7321 0.3530 0.5825
vn -0.7445 0.5052 0.4364
vn -0.6761 0.4602 0.5754
vn -0.5419 0.3824 0.7484
vn -0.7253 0.3477 0.5941
vn -0.5133 0.3373 0.7892
vn -0.3214 0.2961 0.8994
vn -0.5620 0.0890 0.8223
vn -0.3219 0.0926 0.9422
vn -0.1219 0.0724 0.9899
vn -0.3409 -0.1112 0.9335
vn -0.0990 -0.1078 0.9892
vn 0.0965 -0.1025 0.9900
vn -0.0904 -0.1981 0.9760
vn 0.0896 -0.1960 0.9765
vn 0.3856 -0.2248 0.8949
vn 0.1133 -0.3034 0.9461
vn 0.4269 -0.3640 0.8278
vn 0.6290 -0.3896 0.6728
vn 0.4363 -0.4937 0.7523
vn 0.6158 -0.5148 0.5965
vn 0.7427 -0.5167 0.4260
vn 0.5671 -0.6675 0.4826
vn 0.6518 -0.6869 0.3215
vn 0.6935 -0.6984 0.1772
vn 0.4591 -0.8758 0.1489
vn 0.5285 -0.8460 0.0708
vn 0.6473 -0.7589 -0.0711
vn 0.4457 -0.8946 0.0316
vn 0.6595 -0.7496 -0.0564
vn 0.6142 -0.7195 -0.3241
vn 0.7089 -0.7050 -0.0213
vn 0.6308 -0.6988 -0.3375
vn 0.5061 -0.7326 -0.4551
vn 0.7479 -0.5770 -0.3281
vn 0.6216 -0.6405 -0.4509
vn 0.6226 -0.6096 -0.4907
vn 0.8912 -0.2617 -0.3704
vn 0.8592 -0.1170 -0.4981
vn 0.8500 -0.0705 -0.5220
vn 0.8786 0.1860 -0.4398
vn 0.8522 0.1675 -0.4956
vn 0.8227 0.2208 -0.5238
vn 0.8183 0.3278 -0.4721
vn 0.8028 0.3888 -0.4521
vn 0.5528 0.5736 -0.6045
vn 0.7307 0.6032 -0.3198
vn 0.4089 0.8208 -0.3989
vn 0.2022 0.8867 -0.4159
vn 0.2354 0.9550 -0.1804
vn 0.1056 0.9844 -0.1405
vn 0.0508 0.9961 -0.0716
vn 0.0311 0.9975 0.0642
vn 0.0159 0.9924 0.1223
vn -0.0075 0.9893 0.1457
vn 0.0035 0.9859 0.1670
vn 0.0023 0.9857 0.1685
vn -0.0047 0.9802 0.1980
vn 0.0191 0.9936 0.1111
vn 0.0434 0.9618 0.2704
vn 0.2158 0.9439 0.2501
vn 0.1792 0.8738 0.4520
vn 0.3380 0.8612 0.3796
vn 0.2020 0.9030 0.3792
vn 0.4732 0.6946 0.5418
vn 0.3363 0.8100 0.4804
vn 0.3757 0.8902 0.2577
vn 0.4610 0.6784 0.5721
vn 0.4723 0.8151 0.3357
vn 0.3070 0.8578 0.4123
vn 0.5753 0.7032 0.4178
vn 0.5418 0.7015 0.4630
vn 0.7155 0.5911 0.3724
vn 0.7103 0.5221 0.4721
vn 0.8529 0.4306 0.2951
vn 0.8384 0.2867 0.4636
vn 0.9300 0.2970 0.2166
vn 0.7232 0.4613 0.5139
vn 0.8055 0.1936 0.5601
vn 0.6714 0.3424 0.6573
vn 0.7512 0.1171 0.6497
vn 0.7450 0.3429 0.5722
vn 0.9719 0.1466 0.1842
vn 0.6704 0.6637 -0.3316
vn 0.7640 0.2106 -0.6098
vn 0.8692 -0.1248 -0.4785
vn 0.7165 -0.2097 -0.6653
vn 0.6501 0.2220 -0.7267
vn 0.7232 0.2499 -0.6438
vn 0.3457 0.5395 -0.7677
vn 0.4885 0.5654 -0.6646
vn 0.3318 0.4094 -0.8499
vn 0.1942 0.7482 -0.6344
vn 0.1477 0.6095 -0.7789
vn 0.1145 0.5558 -0.8234
vn -0.4741 0.8540 -0.2143
vn -0.5915 0.6023 -0.5361
vn -0.3792 0.4819 -0.7899
vn -0.8689 0.4941 -0.0282
vn -0.9796 0.1919 0.0603
vn -0.9954 0.0956 -0.0080
vn -0.8756 0.3948 -0.2783
vn -0.9778 0.1443 -0.1517
vn -0.9594 0.2016 -0.1974
vn -0.8340 0.2272 -0.5028
vn -0.7967 0.2955 -0.5272
vn -0.7761 0.4763 -0.4133
vn -0.9927 0.0254 0.1178
vn -0.9271 0.3617 -0.0983
vn -0.7830 0.6174 0.0764
vn -0.6803 -0.0647 0.7301
vn -0.5746 0.2747 0.7710
vn -0.4503 0.4367 0.7788
vn -0.3485 0.0234 0.9370
vn -0.2757 0.2095 0.9382
vn -0.1240 0.2993 0.9461
vn -0.1621 0.0572 0.9851
vn -0.0735 0.2422 0.9674
vn 0.0525 0.1896 0.9805
vn -0.0089 0.1750 0.9845
vn 0.1455 0.2934 0.9449
vn 0.3119 0.1767 0.9335
vn 0.2919 0.3487 0.8906
vn 0.5457 0.3518 0.7606
vn 0.6607 0.4824 0.5751
vn 0.9420 0.0905 0.3231
vn 0.9670 -0.2542 0.0175
vn 0.9791 -0.0510 -0.1970
vn 0.9956 0.0718 -0.0593
vn 0.8270 0.3108 -0.4684
vn 0.8017 0.3374 -0.4934
vn 0.6186 0.5640 -0.5471
vn 0.4689 0.6290 -0.6200
vn 0.2271 0.4892 -0.8421
vn 0.2509 0.7554 -0.6054
vn 0.0721 0.5848 -0.8080
vn -0.1613 0.6169 -0.7703
vn -0.1674 0.7422 -0.6489
vn -0.1031 0.9859 -0.1321
vn -0.2342 0.9152 -0.3280
vn 0.2314 0.2306 0.9451
vn -0.2702 0.4519 0.8502
vn 0.1089 -0.0242 0.9938
vn -0.2132 0.8991 -0.3824
vn -0.3527 0.5928 0.7240
vn -0.2021 0.1617 0.9659
vn -0.1399 0.8663 -0.4795
vn -0.2293 0.9040 -0.3607
vn -0.3264 0.8772 -0.3521
vn -0.3675 0.8572 -0.3609
vn -0.5974 0.7258 -0.3410
vn -0.7073 0.6679 -0.2316
vn -0.7916 0.4950 -0.3582
vn -0.8842 0.4202 -0.2041
vn -0.5305 0.5680 -0.6293
vn -0.3521 0.4840 -0.8011
vn -0.9437 0.2872 -0.1640
vn 0.1151 0.3819 -0.9170
vn 0.0683 0.3857 -0.9201
vn -0.2100 0.3821 -0.9000
vn 0.1980 0.3906 -0.8990
vn 0.2613 0.4371 -0.8606
vn 0.0465 0.4989 -0.8654
vn 0.6600 0.3004 -0.6886
vn 0.6448 0.2511 -0.7219
vn 0.2901 0.4641 -0.8369
vn 0.8441 0.0603 -0.5328
vn 0.7126 -0.1519 -0.6849
vn 0.5542 0.0898 -0.8275
vn 0.8211 -0.4108 -0.3963
vn 0.7769 -0.4163 -0.4724
vn 0.8043 -0.1515 -0.5745
vn 0.7411 -0.6061 -0.2888
vn 0.8553 -0.4891 -0.1709
vn 0.9050 -0.3410 -0.2542
vn 0.6946 -0.6330 -0.3417
vn 0.7315 -0.5194 -0.4417
vn 0.7301 -0.6833 -0.0063
vn 0.5416 -0.8109 -0.2214
vn 0.5574 -0.8226 0.1122
vn 0.2822 -0.9534 -0.1069
vn 0.2984 -0.9052 0.3027
vn 0.1123 -0.9897 0.0884
vn -0.1349 -0.8715 0.4714
vn -0.2760 -0.9396 0.2024
vn -0.1201 -0.9480 -0.2947
vn 0.2821 -0.6895 0.6671
vn 0.6178 -0.7015 0.3553
vn -0.4679 -0.7821 0.4116
vn -0.4783 -0.6451 0.5960
vn -0.7161 -0.5514 0.4280
vn -0.8996 -0.4228 0.1095
vn -0.9942 -0.1076 0.0075
vn -0.9911 -0.1131 0.0707
vn -0.6669 -0.2109 0.7147
vn -0.4081 0.0607 0.9109
vn 0.2341 0.1224 0.9645
vn 0.3380 0.1849 0.9228
vn 0.4371 0.2181 0.8726
vn 0.3703 0.2694 0.8890
vn 0.3690 0.1516 0.9170
vn 0.4719 0.1857 0.8619
vn 0.2702 0.2129 0.9390
vn 0.5034 0.2079 0.8387
vn 0.5358 0.1747 0.8261
vn 0.5373 0.1550 0.8290
vn 0.2751 0.3177 0.9074
vn 0.2866 0.1173 0.9509
vn 0.6412 0.2579 0.7227
vn 0.6369 0.1533 0.7555
vn 0.2639 0.2923 0.9192
vn 0.6007 0.1996 0.7742
vn -0.5438 0.1583 0.8241
vn -0.3490 0.2941 0.8898
vn 0.6156 -0.1682 0.7699
vn -0.2937 0.1753 0.9397
vn 0.4181 -0.0797 0.9049
vn -0.1236 0.2706 0.9547
vn 0.0923 0.0655 0.9936
vn 0.2683 0.0873 0.9594
vn 0.2310 0.5075 0.8301
vn 0.1502 0.4333 0.8886
vn 0.3827 0.2184 0.8977
vn 0.3504 0.0089 0.9365
vn 0.2294 -0.0811 0.9699
vn 0.1939 0.2220 0.9556
vn 0.3530 -0.2719 0.8952
vn 0.4025 0.0313 0.9149
vn 0.4383 -0.1575 0.8849
vn 0.1475 -0.0144 0.9890
vn 0.4847 -0.0247 0.8743
vn 0.4622 -0.1146 0.8793
vn 0.2172 0.4269 0.8778
vn 0.5418 -0.2827 0.7915
vn 0.3299 0.5463 0.7699
vn 0.2519 0.6564 0.7111
vn 0.5254 0.1718 0.8333
vn 0.6104 0.1797 0.7714
vn 0.8442 0.0413 0.5345
vn 0.7050 0.2045 0.6790
vn 0.7463 0.2682 0.6092
vn 0.4465 0.3738 0.8129
vn 0.5842 0.2893 0.7583
vn -0.2410 0.7860 0.5693
vn -0.0995 0.4535 0.8857
vn 0.6682 0.1699 0.7243
vn 0.6096 0.3413 0.7155
vn 0.9424 -0.3345 -0.0056
vn 0.9803 -0.1260 0.1519
vn 0.4075 0.4799 0.7770
vn 0.4167 0.5495 0.7241
vn 0.9402 -0.0550 0.3362
vn 0.8818 0.0399 0.4699
vn 0.8879 0.0874 0.4517
vn 0.8698 0.0096 0.4933
vn 0.7998 0.0305 0.5995
vn 0.8481 -0.4968 0.1843
vn 0.5270 0.2225 0.8202
vn 0.7259 0.1833 0.6629
vn 0.5108 0.1035 0.8535
vn 0.4854 0.1856 0.8544
vn 0.6175 -0.5646 0.5477
vn 0.5004 -0.4784 0.7216
vn 0.2742 -0.4468 0.8516
vn 0.4108 0.0948 0.9068
vn 0.2006 0.3258 0.9239
vn 0.2021 0.8800 0.4298
vn 0.1993 0.6304 0.7503
vn -0.0132 0.8944 0.4471
vn 0.4297 0.4096 0.8047
vn 0.3852 0.2814 0.8789
vn 0.5312 0.0365 0.8465
vn 0.2466 0.1020 0.9637
vn 0.3312 0.1536 0.9310
vn 0.0612 -0.3065 0.9499
vn 0.2440 -0.0005 0.9698
vn 0.1087 0.4946 0.8623
vn 0.2321 0.4429 0.8660
vn 0.4589 0.0338 0.8878
vn 0.2738 0.0808 0.9584
vn 0.4895 0.1129 0.8647
vn 0.4470 0.3350 0.8294
vn 0.2518 0.2758 0.9276
vn 0.2718 0.1170 0.9552
vn 0.0997 0.1134 0.9885
vn 0.1205 -0.0397 0.9919
vn 0.2996 -0.0387 0.9533
vn 0.1215 -0.1947 0.9733
vn 0.2892 -0.1250 0.9491
vn 0.3314 -0.0205 0.9433
vn -0.1424 0.0455 0.9888
vn 0.2689 0.1428 0.9525
vn -0.3595 -0.1667 0.9181
vn 0.0634 0.2244 0.9724
vn 0.1024 -0.0246 0.9944
vn 0.1150 0.0298 0.9929
vn 0.5028 0.2064 0.8394
vn 0.5448 0.1313 0.8282
vn 0.1116 0.1051 0.9882
vn -0.4935 -0.0466 0.8685
vn -0.4533 0.1293 0.8819
vn 0.4262 0.0285 0.9042
vn -0.1926 0.0817 0.9779
vn 0.2058 0.0443 0.9776
vn -0.1148 0.0835 0.9899
vn -0.2373 0.1263 0.9632
vn -0.2559 -0.0029 0.9667
vn -0.3396 -0.1380 0.9304
vn -0.0835 -0.0579 0.9948
vn -0.2162 -0.4061 0.8879
vn 0.0368 0.0510 0.9980
vn -0.1076 -0.4288 0.8970
vn 0.0612 -0.4396 0.8961
vn 0.1410 -0.5540 0.8205
vn 0.3134 -0.1704 0.9342
vn 0.3745 -0.2541 0.8917
vn 0.2648 -0.0458 0.9632
vn 0.0325 -0.0190 0.9993
vn 0.2588 -0.0639 0.9638
vn 0.1596 -0.0615 0.9853
vn 0.2635 0.0540 0.9631
vn 0.1913 0.1082 0.9756
vn -0.0408 0.1115 0.9929
vn 0.4263 0.0311 0.9041
vn 0.4256 0.0331 0.9043
vn 0.1289 0.0149 0.9915
vn 0.3408 -0.4178 0.8422
vn 0.1180 -0.5635 0.8177
vn 0.5166 -0.3879 0.7633
vn 0.5999 0.3578 0.7156
vn 0.5225 0.2319 0.8205
vn 0.5762 0.1343 0.8062
vn 0.5217 0.3380 0.7833
vn 0.5625 0.0017 0.8268
vn 0.5090 0.0271 0.8603
vn 0.5894 -0.2807 0.7575
vn 0.4968 -0.2214 0.8391
vn 0.2487 -0.1833 0.9511
vn 0.3187 0.5683 0.7586
vn 0.3028 0.3237 0.8964
vn 0.1265 0.1819 0.9751
vn 0.3326 0.4034 0.8524
vn 0.2372 0.3880 0.8906
vn 0.0755 0.0870 0.9933
vn 0.1777 0.1989 0.9638
vn 0.4771 0.3197 0.8186
vn 0.4148 0.6009 0.6833
vn 0.8698 -0.0958 0.4840
vn 0.7524 0.3149 0.5786
vn 0.8457 0.1127 0.5217
vn 0.8517 0.0637 0.5201
vn 0.8872 0.0555 0.4579
vn 0.8852 0.0923 0.4559
vn 0.9169 0.0329 0.3979
vn 0.9095 0.0719 0.4094
vn 0.9074 0.0615 0.4158
vn 0.5774 0.1631 0.8000
vn 0.8866 0.0996 0.4516
vn 0.4756 0.2573 0.8412
vn 0.6964 0.0689 0.7143
vn 0.6418 0.3797 0.6663
vn 0.7643 0.3411 0.5472
vn 0.8141 0.3342 0.4749
vn 0.7257 0.4253 0.5409
vn 0.3143 0.1897 0.9302
vn 0.5459 0.3992 0.7366
vn 0.0594 0.4429 0.8946
vn 0.3455 0.5940 0.7265
vn 0.3552 0.4286 0.8307
vn 0.1636 0.5634 0.8098
vn 0.1220 0.4025 0.9073
vn -0.1160 0.3785 0.9183
vn -0.5672 0.6787 0.4665
vn -0.6556 0.6827 0.3226
vn -0.1230 0.1925 0.9736
vn -0.0643 0.3067 0.9496
vn 0.3136 -0.2633 0.9123
vn 0.1233 -0.3767 0.9181
vn 0.0149 -0.2127 0.9770
vn 0.2619 -0.7551 0.6010
vn -0.1851 -0.8207 0.5405
vn 0.2850 -0.7590 0.5854
vn -0.1896 -0.8712 0.4528
vn 0.5151 -0.5306 0.6732
vn 0.5898 -0.5359 0.6041
vn 0.6899 -0.2552 0.6774
vn 0.7507 -0.3106 0.5831
vn 0.7282 -0.0158 0.6852
vn 0.8464 -0.1394 0.5140
vn 0.5902 0.3183 0.7419
vn 0.9597 -0.0889 0.2666
vn 0.3222 0.3000 0.8979
vn 0.9657 -0.0240 0.2587
vn 0.7961 0.1144 0.5943
vn 0.9632 0.0258 0.2676
vn 0.9415 0.0490 0.3335
vn 0.9681 0.0145 0.2501
vn 0.9650 0.0162 0.2616
vn 0.9537 0.0213 0.3001
vn 0.9010 -0.0035 0.4339
vn 0.9643 0.0044 0.2647
vn 0.9553 -0.0114 0.2954
vn 0.9721 -0.0172 0.2338
vn 0.9787 0.0045 0.2053
vn 0.9737 -0.0168 0.2274
vn 0.9945 -0.0131 0.1044
vn 0.9898 -0.0365 0.1378
vn 0.9938 -0.0444 0.1018
vn 0.8696 -0.1175 0.4796
vn 0.8491 -0.0446 0.5263
vn 0.9959 -0.0200 -0.0884
vn 0.9999 -0.0124 0.0111
vn 0.9548 0.0250 -0.2961
vn 0.9495 0.0153 -0.3133
vn 0.9870 -0.0041 -0.1609
vn 0.9904 -0.0341 -0.1340
vn 0.9444 0.0075 -0.3286
vn 0.9545 -0.0396 -0.2955
vn 0.9960 -0.0252 -0.0861
vn 0.9970 -0.0634 -0.0443
vn 0.8427 -0.0060 -0.5383
vn 0.8829 -0.0367 -0.4682
vn 0.5353 0.0271 -0.8442
vn 0.4944 0.0341 -0.8686
vn 0.8514 -0.0198 -0.5241
vn 0.8591 -0.0304 -0.5109
vn 0.7121 0.0049 -0.7021
vn 0.7484 -0.0111 -0.6631
vn 0.4957 0.0419 -0.8675
vn 0.5661 0.0045 -0.8243
vn 0.1464 0.0790 -0.9861
vn 0.3685 -0.0094 -0.9296
vn 0.3345 0.0612 -0.9404
vn -0.9159 0.0901 -0.3912
vn -0.9659 0.0590 -0.2522
vn -0.7759 0.1307 -0.6172
vn -0.8066 0.1282 -0.5770
vn -0.7838 0.1490 -0.6029
vn -0.8779 0.0832 -0.4715
vn -0.9548 0.0308 -0.2957
vn -0.8976 0.1107 -0.4267
vn -0.6880 0.0522 -0.7238
vn -0.8945 0.1342 -0.4264
vn -0.9788 0.0607 -0.1956
vn -0.9611 0.1556 -0.2282
vn -0.9896 0.0228 0.1418
vn -0.9946 0.1026 0.0138
vn -0.9996 0.0254 -0.0093
vn -0.9958 0.0749 0.0522
vn -0.9816 0.0568 0.1822
vn -0.9869 -0.1334 0.0910
vn -0.9982 -0.0599 0.0058
vn -0.9624 -0.0129 0.2712
vn -0.9688 -0.1429 0.2023
vn -0.8418 -0.1635 0.5144
vn -0.8698 -0.1748 0.4614
vn -0.9598 -0.0382 0.2780
vn -0.6807 -0.2351 0.6938
vn -0.7191 -0.1300 0.6826
vn -0.9059 -0.1845 0.3812
vn -0.7524 -0.1736 0.6354
vn -0.7602 -0.1539 0.6312
vn -0.6257 -0.1828 0.7583
vn -0.6742 -0.1541 0.7223
vn -0.5193 -0.1482 0.8416
vn -0.3197 -0.1935 0.9275
vn -0.1531 -0.1520 0.9765
vn -0.0029 -0.1680 0.9858
vn -0.0810 -0.0316 0.9962
vn -0.0053 -0.0460 0.9989
vn 0.3553 0.0225 0.9345
vn -0.1100 0.0400 0.9931
vn 0.0400 0.0227 0.9989
vn -0.1686 0.1252 0.9777
vn 0.0892 0.0777 0.9930
vn -0.0306 0.0920 0.9953
vn -0.0256 0.1436 0.9893
vn 0.1833 0.0963 0.9783
vn -0.0413 0.1020 0.9939
vn 0.2931 0.1682 0.9412
vn 0.0754 0.1840 0.9800
vn -0.1609 0.2080 0.9648
vn 0.3117 0.1894 0.9311
vn 0.0877 0.1502 0.9848
vn 0.3949 0.2231 0.8912
vn 0.3946 0.3986 0.8279
vn 0.3854 0.4339 0.8144
vn 0.5325 0.0328 0.8458
vn -0.1156 0.1108 0.9871
vn 0.3251 0.1391 0.9354
vn 0.8736 0.0135 0.4865
vn -0.0381 0.1863 0.9818
vn 0.5856 0.1660 0.7934
vn 0.9397 -0.0500 0.3385
vn 0.9235 -0.0556 0.3794
vn 0.9271 0.0159 0.3744
vn 0.9486 -0.1217 0.2921
vn 0.9379 -0.1373 0.3185
vn 0.9482 -0.2008 0.2461
vn 0.8708 -0.2247 0.4373
vn 0.7271 -0.1336 0.6734
vn -0.0910 -0.0341 0.9953
vn -0.1051 0.0324 0.9939
vn -0.3435 0.0313 0.9386
vn -0.1834 0.0737 0.9803
vn -0.1345 -0.1794 0.9745
vn -0.4911 -0.0537 0.8694
vn -0.3770 -0.2908 0.8794
vn -0.5982 -0.1522 0.7867
vn 0.7250 -0.4850 0.4889
vn 0.8800 -0.2833 0.3813
vn 0.9099 -0.3873 0.1489
vn 0.9370 -0.2815 0.2067
vn 0.9116 -0.3797 0.1575
vn 0.9335 -0.2771 0.2276
vn 0.9498 -0.1848 0.2525
vn 0.9311 -0.1678 0.3240
vn 0.9325 -0.1022 0.3464
vn 0.8985 -0.0784 0.4318
vn 0.9259 -0.0291 0.3767
vn 0.8934 -0.0043 0.4493
vn 0.8980 -0.1435 0.4159
vn 0.0608 0.2483 0.9668
vn -0.2755 0.0464 0.9602
vn 0.3092 0.1672 0.9362
vn 0.6238 -0.1464 0.7678
vn 0.8922 -0.0529 0.4485
vn -0.0331 -0.1387 0.9898
vn 0.9645 -0.1097 0.2403
vn 0.9697 -0.0657 0.2354
vn 0.9643 -0.1747 0.1989
vn 0.9828 -0.1575 0.0962
vn 0.9931 -0.0759 0.0896
vn 0.9376 -0.2169 0.2717
vn 0.8945 -0.1839 0.4076
vn 0.9079 -0.0410 -0.4173
vn 0.9603 -0.0413 -0.2757
vn 0.9735 -0.1259 -0.1909
vn 0.9710 -0.0719 -0.2279
vn 0.9822 -0.1312 -0.1347
vn 0.9853 -0.0749 -0.1538
vn 0.8053 -0.0406 -0.5914
vn 0.8886 -0.0787 -0.4518
vn 0.9732 -0.1483 -0.1759
vn 0.9827 -0.1110 -0.1481
vn 0.9574 -0.1433 -0.2508
vn 0.9167 -0.0690 -0.3936
vn 0.5454 -0.0052 -0.8382
vn 0.4982 -0.0062 -0.8670
vn 0.8134 -0.0609 -0.5784
vn 0.8455 -0.0420 -0.5323
vn 0.7433 -0.0479 -0.6673
vn 0.7190 -0.0277 -0.6944
vn 0.6062 0.0023 -0.7953
vn 0.5287 -0.0022 -0.8488
vn 0.7200 0.0071 -0.6940
vn 0.2543 0.0940 -0.9625
vn 0.4704 0.0238 -0.8821
vn -0.0736 0.1040 -0.9919
vn -0.9564 0.0267 -0.2910
vn -0.8477 0.1323 -0.5137
vn -0.8758 -0.0842 -0.4753
vn -0.8706 -0.0170 -0.4917
vn -0.9077 0.0168 -0.4193
vn -0.7215 -0.0014 -0.6924
vn -0.9033 0.0833 -0.4208
vn -0.9090 -0.0315 -0.4156
vn -0.6916 0.1164 -0.7128
vn -0.9979 -0.0594 0.0253
vn -0.9996 0.0042 -0.0272
vn -0.9945 -0.0483 0.0931
vn -0.9930 -0.0219 0.1160
vn -0.9906 -0.0766 0.1131
vn -0.9995 -0.0264 0.0161
vn -0.7648 -0.1585 0.6244
vn -0.8700 -0.0522 0.4902
vn -0.9355 -0.0528 0.3492
vn -0.9268 -0.1176 0.3568
vn -0.9481 -0.0550 0.3133
vn -0.9854 -0.0243 0.1688
vn -0.9619 -0.0420 0.2703
vn -0.9754 0.0479 0.2152
vn -0.8777 -0.0214 0.4786
vn -0.9044 -0.0746 0.4202
vn -0.9956 0.0042 0.0938
vn -0.9951 -0.0854 0.0492
vn -0.7544 -0.1376 0.6419
vn -0.5664 -0.1771 0.8049
vn -0.0102 -0.1992 0.9799
vn -0.3493 -0.2580 0.9008
vn -0.9316 -0.1263 0.3410
vn -0.9951 -0.0370 0.0918
vn 0.0153 -0.1741 0.9846
vn -0.7382 -0.1274 0.6625
vn -0.1419 -0.1743 0.9744
vn -0.7001 -0.1426 0.6997
vn -0.7594 -0.1711 0.6277
vn -0.7979 -0.1831 0.5744
vn -0.8346 -0.1089 0.5400
vn -0.7662 -0.0034 0.6426
vn -0.7708 -0.0687 0.6334
vn -0.6998 -0.1207 0.7041
vn 0.8267 -0.0526 0.5602
vn 0.8490 -0.1049 0.5179
vn 0.9548 -0.0577 0.2915
vn 0.9721 -0.0076 0.2344
vn 0.9988 -0.0007 -0.0489
vn 0.9993 -0.0042 -0.0366
vn 0.9866 -0.0238 0.1617
vn 0.9998 -0.0188 -0.0115
vn 0.9920 -0.0336 0.1215
vn -0.2094 -0.1588 0.9648
vn 0.9910 -0.0655 0.1163
vn -0.1113 -0.1965 0.9742
vn -0.1048 -0.1866 0.9768
vn -0.0900 -0.2038 0.9749
vn -0.2783 -0.1420 0.9499
vn -0.3392 -0.1072 0.9346
vn -0.1314 -0.2071 0.9694
vn -0.3960 -0.1823 0.9000
vn -0.3205 -0.1712 0.9316
vn -0.8248 -0.1179 0.5530
vn 0.0002 -0.1815 0.9834
vn -0.4565 -0.1299 0.8802
vn 0.9800 -0.1369 0.1442
vn 0.9935 -0.0953 0.0627
vn 0.9795 -0.1628 0.1183
vn 0.9910 -0.1273 0.0415
vn 0.9760 -0.1827 0.1186
vn 0.8734 0.0022 -0.4871
vn 0.8766 -0.0209 -0.4809
vn 0.9714 -0.0661 -0.2282
vn 0.9707 -0.1327 -0.2005
vn 0.9912 -0.1024 -0.0839
vn 0.9799 -0.1629 -0.1152
vn 0.7979 0.0448 -0.6011
vn 0.7648 0.0004 -0.6443
vn 0.9192 -0.0044 -0.3938
vn 0.9495 -0.1257 -0.2876
vn 0.9776 -0.0679 -0.1993
vn 0.9681 -0.1616 -0.1914
vn 0.7883 0.0189 -0.6149
vn 0.6696 0.0170 -0.7425
vn 0.6520 0.0695 -0.7551
vn 0.7245 -0.0004 -0.6893
vn 0.8196 0.0371 -0.5717
vn 0.7873 -0.0398 -0.6153
vn 0.7580 0.0842 -0.6468
vn 0.6378 -0.0120 -0.7701
vn 0.7996 0.0547 -0.5981
vn 0.1787 -0.0823 -0.9805
vn -0.5234 -0.3260 -0.7872
vn -0.2466 -0.1400 -0.9589
vn -0.7600 -0.3491 -0.5482
vn -0.9259 -0.3321 -0.1802
vn -0.7836 -0.4351 -0.4435
vn -0.8479 -0.4263 -0.3151
vn -0.7247 -0.4949 -0.4794
vn -0.5959 -0.5902 -0.5446
vn -0.4890 -0.4665 -0.7370
vn -0.5204 -0.6523 -0.5511
vn -0.8299 -0.3337 -0.4471
vn -0.8408 -0.5316 -0.1026
vn -0.9920 -0.1190 -0.0409
vn -0.6894 -0.6121 -0.3874
vn -0.6251 -0.7771 0.0734
vn -0.9272 -0.3629 -0.0925
vn -0.8864 -0.4145 -0.2062
vn -0.6397 -0.6130 0.4637
vn -0.6617 -0.7002 0.2679
vn -0.9647 -0.2629 -0.0155
vn -0.9711 -0.2300 -0.0638
vn -0.8928 -0.3537 -0.2789
vn -0.9558 -0.2146 -0.2009
vn -0.4683 -0.7782 0.4185
vn -0.5921 -0.6303 0.5021
vn -0.9620 -0.2471 -0.1162
vn -0.9167 -0.3107 -0.2512
vn -0.9631 -0.1798 -0.2003
vn -0.8677 -0.2229 -0.4443
vn 0.7222 -0.5873 0.3654
vn 0.4696 -0.6880 0.5533
vn 0.1857 -0.7819 0.5952
vn 0.9946 -0.0457 0.0930
vn 0.9330 -0.1905 0.3054
vn 0.7804 -0.4801 0.4006
vn 0.9933 0.0879 -0.0750
vn 0.9975 -0.0462 0.0528
vn 0.9523 0.0702 -0.2971
vn 0.9914 0.0500 -0.1206
vn 0.9866 0.0177 -0.1621
vn 0.9956 -0.0032 -0.0937
vn 0.9721 0.0321 -0.2323
vn 0.9463 -0.0371 -0.3211
vn 0.8852 0.0719 -0.4597
vn 0.9987 -0.0434 -0.0258
vn 0.9973 -0.0280 0.0684
vn 0.8787 0.0705 -0.4722
vn 0.9194 0.1081 -0.3781
vn 0.8901 0.0875 -0.4473
vn 0.9470 0.1329 -0.2924
vn 0.9595 0.0610 -0.2751
vn 0.9384 0.1577 -0.3073
vn 0.8706 0.0739 -0.4864
vn 0.7922 0.1722 -0.5854
vn 0.6755 0.0939 -0.7313
vn 0.8503 0.0388 -0.5248
vn 0.3287 -0.1262 -0.9360
vn 0.5088 0.0915 -0.8560
vn 0.3370 -0.2361 -0.9114
vn -0.5991 -0.2432 -0.7628
vn -0.2924 -0.2783 -0.9149
vn 0.8128 -0.0952 -0.5747
vn 0.9239 -0.0372 -0.3808
vn 0.9449 0.1236 -0.3032
vn 0.9902 -0.0130 -0.1389
vn 0.9513 0.1561 -0.2660
vn 0.9739 0.1463 -0.1735
vn 0.0097 -0.8757 0.4828
vn 0.8684 -0.4950 0.0283
vn -0.3337 -0.8708 0.3611
vn 0.9854 -0.0348 -0.1664
vn 0.9990 -0.0420 0.0169
vn 0.9808 -0.0587 -0.1859
vn 0.9372 -0.1018 0.3335
vn 0.9807 -0.1018 0.1670
vn 0.9155 -0.3233 0.2395
vn 0.9206 -0.3482 0.1768
vn 0.8808 -0.4452 0.1609
vn 0.8922 -0.4506 0.0300
vn 0.8531 -0.5183 -0.0604
vn 0.7586 -0.5219 -0.3901
vn 0.8893 -0.4188 -0.1837
vn 0.5646 -0.3836 -0.7308
vn 0.8361 -0.2277 -0.4990
vn 0.5684 -0.5872 -0.5763
vn 0.2730 -0.4862 -0.8301
vn 0.0593 -0.7219 -0.6895
vn -0.2710 -0.6232 -0.7336
vn -0.7945 -0.5367 -0.2841
vn -0.9255 -0.3644 -0.1032
vn -0.6318 -0.4489 -0.6319
vn -0.9951 -0.0616 -0.0777
vn -0.8951 -0.1368 -0.4243
vn -0.9943 -0.0663 0.0834
vn -0.9908 -0.1100 0.0786
vn -0.9932 -0.1150 -0.0172
vn -0.9906 -0.1230 0.0598
vn -0.9906 -0.1260 0.0528
vn -0.9807 -0.1710 0.0951
vn -0.9873 -0.1117 0.1130
vn -0.9532 -0.1760 0.2457
vn -0.8978 -0.1546 0.4123
vn -0.8671 -0.1797 0.4646
vn -0.8716 -0.1304 0.4725
vn -0.8085 -0.3026 0.5048
vn -0.5231 -0.0819 0.8483
vn -0.1965 -0.1450 0.9697
vn -0.8465 -0.0260 0.5318
vn -0.8118 -0.0109 0.5838
vn -0.8084 -0.0202 0.5883
vn -0.8211 0.0090 0.5707
vn -0.7118 0.0442 0.7010
vn -0.7157 -0.0468 0.6969
vn -0.5874 0.0243 0.8089
vn -0.6463 -0.1005 0.7564
vn 0.8835 -0.3219 0.3402
vn 0.8980 -0.0803 0.4326
vn -0.5767 -0.0529 0.8152
vn 0.8715 -0.4195 0.2541
vn -0.6221 -0.0794 0.7789
vn 0.8475 -0.5093 0.1498
vn -0.7128 -0.5039 0.4878
vn -0.7637 -0.0308 0.6448
vn 0.3496 -0.9166 0.1941
vn -0.4696 -0.8807 0.0613
vn 0.4695 -0.8716 -0.1412
vn -0.8805 -0.2106 0.4248
vn -0.9350 -0.3547 -0.0012
vn -0.5793 -0.6615 -0.4762
vn 0.7959 -0.6048 0.0280
vn 0.7850 -0.6133 -0.0875
vn -0.8706 -0.1033 0.4809
vn -0.9366 -0.3335 0.1074
vn -0.9277 -0.3215 0.1898
vn 0.8384 -0.5322 0.1182
vn -0.4975 -0.2273 0.8371
vn 0.0401 -0.2064 0.9776
vn -0.6414 -0.1061 0.7598
vn -0.7524 -0.0406 0.6574
vn 0.4000 0.1880 0.8970
vn 0.4571 -0.0525 0.8878
vn 0.4344 0.7990 0.4158
vn 0.2299 0.6624 0.7130
vn 0.4120 0.1474 0.8992
vn 0.4264 0.7896 0.4412
vn 0.1657 0.9436 0.2867
vn 0.0688 0.9401 0.3340
vn -0.3220 0.9220 0.2149
vn -0.3121 0.9185 0.2427
vn -0.0489 0.9404 0.3366
vn -0.3265 0.9164 0.2316
vn -0.0837 0.9910 0.1043
vn -0.2722 0.9604 0.0586
vn 0.2836 0.8869 0.3648
vn 0.3441 0.8402 0.4191
vn 0.1943 0.9328 0.3036
vn 0.1394 0.8828 0.4485
vn 0.0349 0.8341 0.5504
vn -0.0215 0.7972 0.6034
vn 0.0518 -0.7223 0.6896
vn 0.8496 0.0175 0.5271
vn 0.7026 0.0392 0.7105
vn 0.7480 0.0314 0.6629
vn 0.6436 -0.0893 0.7601
vn 0.8068 -0.1966 0.5571
vn 0.6055 -0.1340 0.7845
vn 0.6399 -0.1419 0.7552
vn 0.7447 -0.1624 0.6474
vn 0.7772 -0.2255 0.5875
vn 0.5027 -0.2355 0.8317
vn 0.5912 -0.3679 0.7177
vn 0.4803 -0.5982 0.6415
vn 0.4581 -0.6850 0.5666
vn 0.6987 -0.5144 0.4972
vn 0.5075 -0.8254 0.2473
vn 0.7468 -0.6427 0.1713
vn 0.5318 -0.8359 0.1357
vn 0.7448 -0.6543 0.1313
vn 0.7370 -0.6745 -0.0437
vn 0.8185 -0.5679 -0.0867
vn 0.8415 -0.5331 0.0872
vn 0.5275 -0.8492 -0.0256
vn 0.5388 -0.8406 -0.0557
vn 0.7525 -0.6508 -0.1008
vn 0.5564 -0.8262 0.0885
vn 0.7846 -0.6185 -0.0426
vn 0.2011 -0.9741 0.1037
vn 0.1971 -0.9401 0.2780
vn 0.5647 -0.7822 0.2632
vn -0.0994 -0.9617 0.2553
vn -0.0684 -0.9573 -0.2809
vn 0.1784 -0.9595 -0.2179
vn -0.0311 -0.6821 -0.7306
vn 0.1079 -0.6720 -0.7326
vn -0.0126 -0.4137 -0.9103
vn 0.0656 -0.4451 -0.8931
vn -0.1086 -0.3267 -0.9389
vn 0.1091 0.1117 -0.9877
vn 0.0269 0.1173 -0.9927
vn 0.3350 0.5554 -0.7611
vn 0.0583 0.6407 -0.7656
vn 0.4378 0.7593 -0.4814
vn 0.0633 0.8607 -0.5052
vn 0.4655 0.8491 -0.2495
vn 0.0610 0.9434 -0.3261
vn 0.4587 0.8880 -0.0318
vn 0.0558 0.9912 -0.1199
vn 0.0532 0.9983 0.0222
vn -0.3350 0.9396 0.0701
vn -0.3621 0.9270 -0.0980
vn -0.2952 0.9538 0.0551
vn -0.6322 0.7591 0.1552
vn -0.6668 0.7225 0.1827
vn -0.8341 0.5098 0.2106
vn -0.8334 0.5210 0.1843
vn -0.9380 0.3326 0.0971
vn -0.9072 0.3870 -0.1650
vn -0.9511 0.2376 -0.1976
vn -0.8885 0.1665 -0.4276
vn -0.9729 0.2229 -0.0621
vn -0.9884 0.0907 -0.1219
vn -0.8600 -0.0674 -0.5058
vn -0.8388 -0.1418 -0.5257
vn -0.9726 0.0552 -0.2256
vn -0.8395 -0.1557 -0.5206
vn -0.9569 -0.0385 -0.2878
vn -0.9676 0.1474 -0.2049
vn -0.9206 -0.0521 -0.3870
vn -0.9453 0.0323 -0.3246
vn -0.9729 0.0858 -0.2148
vn -0.9194 -0.0139 -0.3930
vn -0.9696 0.0014 -0.2445
vn -0.9967 -0.0059 -0.0810
vn -0.9548 -0.1095 -0.2762
vn -0.9830 -0.1587 -0.0921
vn -0.9612 -0.2398 0.1364
vn -0.9542 -0.2730 -0.1224
vn -0.9381 -0.3242 0.1220
vn -0.8799 -0.3671 0.3016
vn -0.8498 -0.5250 0.0474
vn -0.7931 -0.5539 0.2535
vn -0.7216 -0.5515 0.4186
vn -0.6292 -0.7631 0.1479
vn -0.6080 -0.7390 0.2902
vn -0.5368 -0.7070 0.4605
vn -0.3828 -0.9191 0.0931
vn -0.3395 -0.9207 0.1923
vn -0.2561 -0.9156 0.3099
vn -0.1755 -0.9845 0.0046
vn -0.1594 -0.9827 0.0941
vn -0.0756 -0.9649 0.2513
vn -0.2190 -0.9681 0.1218
vn -0.1023 -0.9174 0.3845
vn 0.1316 -0.9272 0.3508
vn -0.1775 -0.6162 0.7674
vn 0.2351 -0.6555 0.7177
vn 0.4549 -0.7953 0.4006
vn 0.2786 -0.1957 0.9403
vn 0.6563 -0.2306 0.7184
vn 0.6899 -0.2969 0.6602
vn 0.6617 -0.0550 0.7478
vn 0.6980 -0.0712 0.7125
vn 0.7509 -0.0678 0.6569
vn 0.6530 0.2484 0.7155
vn 0.7011 0.1800 0.6899
vn 0.7687 0.2196 0.6008
vn 0.4765 0.6261 0.6172
vn 0.5467 0.6048 0.5790
vn 0.5824 0.6990 0.4150
vn 0.4046 0.7420 0.5345
vn 0.4523 0.7864 0.4207
vn 0.3982 0.8699 0.2910
vn 0.3922 0.8158 0.4251
vn 0.2708 0.9032 0.3331
vn 0.2309 0.9449 0.2321
vn 0.2528 0.9001 0.3549
vn 0.1115 0.9562 0.2705
vn 0.0028 0.9782 0.2075
vn 0.0973 0.9550 0.2801
vn -0.0265 0.9712 0.2368
vn -0.1862 0.9731 0.1356
vn -0.0675 0.9597 0.2730
vn -0.2295 0.9593 0.1643
vn -0.1723 0.9321 0.3186
vn -0.2994 0.9307 0.2103
vn -0.2526 0.8928 0.3729
vn -0.3933 0.8070 0.4405
vn -0.3616 0.8200 0.4436
vn -0.4647 0.6970 0.5462
vn -0.4850 0.6975 0.5275
vn -0.5170 0.5963 0.6141
vn -0.4820 0.8061 0.3435
vn -0.5982 0.6754 0.4312
vn -0.5703 0.5835 0.5782
vn -0.7324 0.4454 0.5149
vn -0.6998 0.3698 0.6112
vn -0.6747 0.2767 0.6843
vn -0.7705 0.1677 0.6150
vn -0.7442 0.1268 0.6558
vn -0.7624 0.1476 0.6300
vn -0.7916 0.0063 0.6110
vn -0.8056 0.0241 0.5920
vn -0.9007 0.0894 0.4251
vn -0.7998 0.0507 0.5981
vn -0.9012 0.0282 0.4325
vn -0.8967 -0.0717 -0.4367
vn -0.9150 0.0932 0.3924
vn -0.8760 -0.2758 -0.3958
vn -0.5846 -0.4163 -0.6964
vn -0.7573 -0.5956 -0.2678
vn -0.6114 -0.6713 -0.4191
vn -0.8427 -0.5066 -0.1821
vn -0.5229 -0.8443 -0.1169
vn -0.6818 -0.7315 0.0072
vn -0.7070 -0.7050 0.0560
vn -0.4987 -0.8479 0.1802
vn -0.6340 -0.7140 0.2971
vn -0.7758 -0.5765 0.2564
vn -0.3974 -0.6424 0.6552
vn -0.4302 -0.6180 0.6580
vn -0.6519 -0.3544 0.6704
vn -0.2936 -0.5213 0.8013
vn -0.2092 -0.1327 0.9688
vn -0.9436 -0.2373 0.2311
vn -0.9033 -0.3965 0.1641
vn -0.7876 -0.3072 0.5342
vn -0.9467 0.0200 0.3216
vn -0.0690 -0.1802 0.9812
vn -0.0474 -0.1015 0.9937
vn -0.1777 -0.0717 0.9815
vn 0.1917 -0.0560 0.9799
vn 0.4227 -0.1630 0.8915
vn 0.3925 -0.1234 0.9114
vn 0.5039 -0.1523 0.8502
vn 0.4837 -0.1665 0.8592
vn 0.3730 -0.0874 0.9237
vn 0.5655 -0.2070 0.7983
vn 0.4211 -0.1103 0.9003
vn 0.2431 -0.0446 0.9690
vn 0.5281 -0.0950 0.8439
vn 0.3999 0.0608 0.9145
vn 0.7839 0.0710 0.6168
vn 0.6587 0.3216 0.6802
vn 0.6874 0.4857 -0.5399
vn 0.5001 0.6315 -0.5926
vn 0.8484 0.4725 -0.2386
vn 0.7134 0.6711 -0.2016
vn 0.8683 0.4478 -0.2135
vn 0.7847 0.5122 -0.3492
vn 0.7721 0.5024 -0.3893
vn 0.6675 0.7232 -0.1776
vn -0.2136 0.3369 -0.9170
vn -0.0622 0.6407 -0.7653
vn -0.0574 0.9228 -0.3810
vn -0.4861 0.2875 -0.8253
vn -0.6211 0.5983 -0.5063
vn -0.4721 0.6571 -0.5877
vn -0.8503 0.2682 -0.4528
vn -0.7418 0.3591 -0.5663
vn -0.4713 0.4690 -0.7469
vn -0.8946 0.1000 -0.4355
vn -0.8222 -0.0116 -0.5691
vn -0.7046 -0.0456 -0.7081
vn -0.8389 -0.1294 -0.5287
vn -0.8689 -0.1949 -0.4550
vn -0.9900 -0.0985 -0.1008
vn -0.9625 -0.1818 -0.2012
vn -0.2219 0.3896 0.8939
vn 0.2961 0.3528 0.8876
vn 0.2967 0.3483 0.8892
vn 0.2848 0.3655 0.8862
vn 0.2863 0.3653 0.8857
vn 0.1977 0.6338 0.7479
vn -0.0422 0.5527 0.8323
vn 0.3004 0.7561 0.5815
vn -0.0200 0.6196 -0.7846
vn -0.2275 0.5497 -0.8038
vn -0.2136 0.4532 -0.8655
vn -0.0931 0.4751 -0.8750
vn 0.0334 0.7482 -0.6626
vn 0.0366 0.7483 -0.6623
vn -0.3465 0.6017 -0.7197
vn 0.2751 0.7974 -0.5371
vn 0.2386 0.8720 -0.4275
vn 0.0036 0.8731 -0.4875
vn 0.3356 0.9418 0.0198
vn 0.3162 0.8473 -0.4267
vn 0.0007 0.0158 0.9999
vn 0.2573 0.3292 0.9085
vn -0.1591 0.3708 0.9150
vn 0.0486 0.3337 0.9414
vn 0.2298 0.9038 0.3611
vn 0.1566 0.3901 0.9074
vn 0.1003 0.2619 0.9599
vn 0.0869 0.0169 0.9961
vn 0.0948 0.0729 0.9928
vn 0.1487 0.0343 0.9883
vn 0.1031 -0.0312 0.9942
vn 0.2266 -0.0085 0.9740
vn 0.1999 -0.0329 0.9793
vn 0.1394 -0.0952 0.9856
vn -0.0554 -0.1023 0.9932
vn 0.2791 -0.0660 0.9580
vn -0.9713 -0.1398 0.1923
vn -0.9687 0.0935 0.2300
vn -0.1704 -0.0625 0.9834
vn -0.9475 0.0818 0.3092
vn -0.9545 0.1462 0.2599
vn -0.9590 0.1724 0.2251
vn -0.9560 0.1095 0.2721
vn -0.9817 0.0970 0.1641
vn -0.9616 0.0770 0.2635
vn -0.9933 0.1079 0.0412
vn -0.9898 -0.1406 0.0209
vn -0.9652 -0.2085 0.1578
vn -0.9402 -0.3394 0.0274
vn -0.9099 -0.3780 0.1706
vn -0.8892 -0.4511 -0.0763
vn -0.8454 -0.5029 0.1801
vn -0.8433 -0.3549 -0.4037
vn -0.8008 -0.3965 -0.4489
vn -0.7654 -0.5947 -0.2461
vn -0.8382 -0.1279 -0.5301
vn -0.7997 -0.1566 -0.5797
vn -0.8838 -0.3315 -0.3301
vn -0.5559 0.1532 -0.8170
vn -0.4285 0.1511 -0.8908
vn -0.4944 -0.1708 -0.8523
vn -0.3512 0.4314 -0.8310
vn -0.6048 0.5394 -0.5858
vn -0.8669 0.2174 -0.4485
vn -0.5350 0.5714 -0.6223
vn -0.8048 0.5927 0.0302
vn -0.8765 0.3110 0.3675
vn -0.0032 0.9538 -0.3005
vn -0.3341 0.9419 0.0354
vn -0.2901 0.7698 0.5686
vn 0.2201 0.9755 -0.0032
vn 0.2256 0.7441 0.6288
vn 0.2338 0.9723 -0.0039
vn 0.4939 0.7871 0.3696
vn 0.5276 0.8117 0.2503
vn 0.8682 0.3676 0.3334
vn 0.3912 0.3610 0.8466
vn -0.1212 0.2968 0.9472
vn -0.1697 0.1513 0.9738
vn -0.3779 0.1832 0.9075
vn -0.2946 0.2371 0.9257
vn -0.2815 0.1933 0.9399
vn -0.3396 0.1299 0.9315
vn -0.0698 0.3009 0.9511
vn -0.0932 0.3174 0.9437
vn 0.0622 0.2078 0.9762
vn -0.1137 0.1028 0.9882
vn 0.1255 0.1765 0.9763
vn -0.1006 0.1925 0.9761
vn 0.1039 0.2234 0.9692
vn -0.0735 0.0864 0.9935
vn -0.0024 0.1856 0.9826
vn -0.0276 0.1652 0.9859
vn -0.2306 0.2520 0.9399
vn -0.0005 0.2621 0.9650
vn -0.2173 0.2030 0.9548
vn -0.0151 0.3833 0.9235
vn 0.0740 0.3496 0.9340
vn -0.0502 0.4933 0.8684
vn 0.0878 0.4981 0.8626
vn 0.1711 0.5262 0.8329
vn 0.0126 0.3968 0.9178
vn 0.1507 0.3854 0.9103
vn -0.0103 0.2330 0.9724
vn 0.1196 0.2477 0.9614
vn -0.1239 0.2458 0.9614
vn -0.1468 0.1355 0.9798
vn -0.0165 0.1236 0.9922
vn -0.1638 -0.0358 0.9858
vn -0.0285 -0.0423 0.9987
vn -0.1409 -0.1865 0.9723
vn -0.0245 -0.2196 0.9753
vn -0.2829 -0.0255 0.9588
vn 0.1816 0.0978 0.9785
vn -0.0575 0.0011 0.9983
vn 0.0140 0.0497 0.9987
vn -0.4845 0.1341 0.8645
vn -0.1700 0.1561 0.9730
vn 0.1529 0.0284 0.9878
vn -0.3131 -0.0570 0.9480
vn -0.1478 0.2241 0.9633
vn -0.1216 0.0818 0.9892
vn -0.2567 0.3926 0.8831
vn -0.1061 -0.0642 0.9923
vn -0.4662 -0.0610 0.8826
vn -0.4054 0.1052 0.9081
vn -0.3192 0.2534 0.9132
vn -0.4206 0.4655 0.7787
vn -0.3702 0.3356 0.8662
vn -0.5779 0.3227 0.7496
vn -0.5376 -0.3491 0.7675
vn -0.2215 -0.4109 0.8844
vn -0.6507 -0.0173 0.7591
vn -0.2377 0.0475 0.9702
vn -0.7754 -0.1278 0.6184
vn -0.0088 0.1265 0.9919
vn -0.4909 -0.4062 0.7707
vn -0.0178 -0.0795 0.9967
vn -0.4347 -0.2250 0.8720
vn -0.3655 -0.1614 0.9167
vn -0.5278 -0.4543 0.7177
vn -0.2377 -0.7577 0.6078
vn -0.0471 -0.3592 0.9321
vn 0.2475 -0.7758 0.5804
vn 0.0230 -0.3744 0.9270
vn 0.5494 -0.5144 0.6584
vn 0.4045 -0.2301 0.8851
vn -0.2520 -0.8373 0.4852
vn 0.2928 -0.8372 0.4619
vn -0.2050 -0.8455 0.4930
vn 0.2433 -0.8334 0.4963
vn -0.1508 -0.9676 0.2025
vn 0.1995 -0.9529 0.2285
vn -0.1287 -0.9803 0.1500
vn 0.1791 -0.9725 0.1490
vn -0.1246 -0.9919 -0.0266
vn 0.1951 -0.9805 -0.0242
vn -0.1146 -0.9933 -0.0132
vn 0.1945 -0.9807 -0.0200
vn -0.4536 -0.8907 -0.0293
vn -0.4402 -0.8804 0.1765
vn -0.1098 -0.9882 0.1067
vn -0.7544 -0.6541 0.0542
vn -0.7612 -0.6069 0.2286
vn -0.4157 -0.8569 0.3048
vn -0.7555 -0.5971 -0.2697
vn -0.3826 -0.8628 -0.3304
vn -0.5236 -0.4409 -0.7290
vn -0.2314 -0.5769 -0.7834
vn -0.6993 -0.4407 -0.5629
vn -0.3931 -0.2615 -0.8815
vn -0.2714 -0.2551 -0.9281
vn -0.0163 -0.0452 -0.9988
vn 0.0972 0.0485 -0.9941
vn 0.4661 0.2421 -0.8509
vn 0.4863 0.3752 -0.7891
vn 0.7622 0.4210 -0.4918
vn 0.6972 0.5613 -0.4459
vn 0.8629 0.4997 -0.0749
vn 0.7557 0.6455 -0.1110
vn 0.8512 0.5020 0.1534
vn 0.7334 0.6718 0.1037
vn 0.8336 0.4897 0.2554
vn 0.6936 0.6855 0.2213
vn 0.7040 0.6944 0.1491
vn 0.4118 0.9080 0.0774
vn 0.4267 0.8987 0.1017
vn 0.4496 0.8296 -0.3312
vn 0.0973 0.9164 -0.3883
vn 0.0580 0.9981 0.0217
vn 0.1833 0.6489 -0.7385
vn -0.1622 0.6328 -0.7571
vn -0.2607 0.8880 -0.3787
vn -0.4811 0.4269 -0.7657
vn -0.6300 0.7226 -0.2845
vn -0.6638 0.3119 -0.6797
vn -0.8749 0.4634 -0.1408
vn -0.3911 0.1752 -0.9035
vn -0.4999 0.0635 -0.8637
vn -0.8295 0.1328 -0.5425
vn -0.2094 0.0044 -0.9778
vn -0.2377 -0.1184 -0.9641
vn -0.5742 -0.1413 -0.8065
vn -0.2765 -0.2198 -0.9355
vn -0.5868 -0.2107 -0.7818
vn -0.3011 -0.1982 -0.9328
vn -0.5784 -0.1971 -0.7916
vn -0.3015 -0.1255 -0.9452
vn -0.5778 -0.1413 -0.8039
vn -0.8208 -0.1208 -0.5583
vn -0.5880 -0.1416 -0.7964
vn -0.7901 -0.1304 -0.5989
vn -0.8832 -0.0684 -0.4641
vn -0.7504 -0.2019 -0.6294
vn -0.8442 -0.1271 -0.5207
vn -0.9040 -0.0935 -0.4172
vn -0.7876 -0.3177 -0.5280
vn -0.8641 -0.2559 -0.4334
vn -0.9191 -0.2365 -0.3151
vn -0.7263 -0.5228 -0.4462
vn -0.8153 -0.4344 -0.3829
vn -0.8683 -0.4565 -0.1942
vn -0.5878 -0.6768 -0.4431
vn -0.6651 -0.6873 -0.2920
vn -0.6753 -0.7357 -0.0519
vn -0.5068 -0.7922 -0.3399
vn -0.5830 -0.8071 -0.0929
vn -0.4634 -0.8846 0.0529
vn -0.6173 -0.7835 -0.0717
vn -0.4241 -0.9039 0.0564
vn -0.2605 -0.9655 0.0045
vn -0.5464 -0.8156 0.1903
vn -0.3176 -0.9441 0.0883
vn -0.1898 -0.9813 0.0328
vn -0.5453 -0.7611 0.3511
vn -0.4595 -0.8187 0.3444
vn -0.4755 -0.7491 0.4612
vn -0.6959 -0.1594 0.7002
vn -0.6340 -0.1609 0.7564
vn -0.1932 -0.1749 0.9654
vn -0.6172 0.0167 0.7866
vn -0.1870 0.0117 0.9823
vn 0.2805 -0.0066 0.9598
vn -0.1661 0.4461 0.8794
vn 0.2313 0.4877 0.8418
vn 0.5729 0.3951 0.7182
vn 0.1367 0.8081 0.5730
vn 0.3630 0.7787 0.5116
vn 0.4147 0.7180 0.5590
vn 0.2220 0.9090 0.3527
vn 0.2208 0.8926 0.3931
vn 0.2928 0.8207 0.4906
vn 0.1438 0.9367 0.3193
vn 0.1822 0.9004 0.3952
vn 0.3057 0.8204 0.4832
vn 0.1014 0.9423 0.3190
vn 0.2496 0.8645 0.4363
vn 0.3634 0.8272 0.4286
vn 0.0901 0.9396 0.3302
vn 0.2356 0.8773 0.4181
vn 0.1867 0.9062 0.3793
vn -0.1740 0.9340 0.3120
vn 0.0759 0.9159 0.3941
vn 0.0515 0.9520 0.3017
vn -0.0952 0.9144 0.3934
vn -0.0440 0.9407 0.3364
vn -0.1300 0.9396 0.3168
vn -0.1895 0.9091 0.3711
vn -0.2106 0.9067 0.3654
vn -0.4233 0.8121 0.4015
vn -0.3659 0.8269 0.4271
vn -0.6809 0.6182 0.3927
vn -0.5549 0.6910 0.4633
vn -0.8275 0.4520 0.3330
vn -0.7095 0.5174 0.4784
vn -0.9210 0.2891 0.2611
vn -0.8362 0.2838 0.4692
vn -0.8015 0.2300 0.5520
vn -0.8958 0.0961 0.4338
vn -0.8299 0.0551 0.5552
vn -0.8945 0.0659 0.4421
vn -0.8351 0.0113 0.5500
vn -0.9002 0.0666 0.4303
vn -0.8312 0.1046 0.5461
vn -0.9160 0.0402 0.3991
vn -0.8676 0.1686 0.4678
vn -0.8014 0.2901 0.5231
vn -0.9041 0.0249 0.4266
vn -0.8723 0.1530 0.4644
vn -0.6332 0.5981 0.4912
vn -0.9089 0.0198 0.4166
vn -0.9255 -0.0219 0.3781
vn -0.8880 0.0781 0.4532
vn -0.9144 0.0337 0.4034
vn -0.9290 -0.0979 0.3569
vn -0.9306 -0.0901 0.3547
vn -0.8836 0.1054 0.4563
vn -0.8734 0.0939 0.4778
vn -0.8485 0.1154 0.5164
vn -0.8713 0.1086 0.4786
vn -0.8731 0.1107 0.4748
vn -0.8798 0.1191 0.4602
vn -0.8815 0.1033 0.4607
vn -0.8802 0.1198 0.4592
vn -0.8860 0.1153 0.4491
vn -0.8558 0.1294 0.5009
vn -0.8573 0.1149 0.5019
vn -0.8842 0.1238 0.4503
vn -0.9020 0.0865 0.4230
vn -0.8948 0.0999 0.4352
vn -0.8600 0.1244 0.4949
vn -0.9120 0.0546 0.4065
vn -0.8699 0.0835 0.4862
vn -0.8010 0.1121 0.5880
vn -0.8803 0.0212 0.4739
vn -0.7716 0.0187 0.6359
vn -0.8928 -0.0458 0.4481
vn -0.7441 0.1015 0.6604
vn -0.8681 -0.1686 0.4668
vn -0.6799 -0.1518 0.7175
vn -0.7987 -0.2422 0.5509
vn -0.6596 -0.1355 0.7393
vn -0.7725 -0.1710 0.6115
vn -0.6920 -0.1390 0.7083
vn -0.6088 -0.3823 0.6951
vn -0.5112 -0.3086 0.8021
vn -0.7210 -0.5512 0.4199
vn -0.4487 -0.7190 0.5307
vn -0.4713 -0.6008 0.6457
vn -0.7375 -0.6642 0.1224
vn -0.4712 -0.8594 0.1985
vn -0.7356 -0.6712 0.0915
vn -0.4796 -0.8686 0.1245
vn -0.7311 -0.6806 -0.0471
vn -0.4613 -0.8868 -0.0287
vn -0.8516 -0.5149 -0.0988
vn -0.8423 -0.5203 -0.1410
vn -0.7347 -0.6736 -0.0810
vn -0.8736 -0.4624 -0.1518
vn -0.8715 -0.4749 -0.1220
vn -0.8463 -0.5208 -0.1120
vn -0.8758 -0.4826 0.0020
vn -0.8577 -0.5108 0.0596
vn -0.8749 -0.4835 0.0273
vn -0.8550 -0.5137 -0.0711
vn -0.8438 -0.5346 0.0481
vn -0.7302 -0.6635 -0.1633
vn -0.8052 -0.4619 -0.3720
vn -0.2887 -0.4977 -0.8179
vn -0.5175 -0.3246 -0.7917
vn -0.4742 -0.8799 0.0291
vn 0.5175 -0.4082 -0.7520
vn 0.5917 -0.7876 0.1716
vn 0.5590 -0.8274 -0.0539
vn -0.6408 -0.7554 0.1368
vn 0.9370 -0.3344 0.1005
vn 0.8684 -0.4956 0.0115
vn 0.9957 -0.0444 0.0812
vn 0.9871 -0.1553 -0.0386
vn 0.9876 -0.1298 -0.0882
vn 0.9768 -0.0745 -0.2005
vn 0.9518 -0.1000 -0.2901
vn 0.8913 -0.0252 -0.4526
vn 0.8529 -0.0400 -0.5206
vn 0.8605 0.0069 -0.5095
vn 0.8085 -0.0137 -0.5883
vn 0.8654 0.0120 -0.5010
vn 0.8494 0.0239 -0.5273
vn 0.7445 0.0032 -0.6676
vn 0.8538 -0.0017 -0.5206
vn 0.8588 -0.0268 -0.5117
vn 0.7823 0.0549 -0.6204
vn 0.8360 0.0120 -0.5486
vn 0.5875 0.0104 -0.8092
vn 0.5480 -0.0440 -0.8353
vn 0.4274 0.0590 -0.9021
vn 0.4369 0.0074 -0.8995
vn 0.3869 0.0330 -0.9215
vn 0.2987 0.0356 -0.9537
vn -0.4553 -0.0305 -0.8898
vn -0.4117 -0.0147 -0.9112
vn -0.4075 -0.0623 -0.9111
vn -0.8360 -0.1436 -0.5296
vn -0.4905 -0.0710 -0.8685
vn -0.8988 -0.2751 -0.3413
vn -0.9465 -0.2206 -0.2355
vn -0.9335 -0.2217 -0.2819
vn -0.9327 -0.2343 -0.2742
vn -0.9477 -0.2423 -0.2079
vn -0.9100 -0.2552 -0.3266
vn -0.8491 -0.2821 -0.4466
vn -0.6572 -0.2897 -0.6958
vn -0.8570 -0.2744 -0.4362
vn -0.5380 -0.3247 -0.7779
vn -0.2338 -0.2954 -0.9263
vn -0.3993 -0.3719 -0.8380
vn -0.0339 -0.2985 -0.9538
vn 0.2739 -0.1816 -0.9444
vn 0.1402 -0.0371 -0.9894
vn 0.3980 -0.0104 -0.9173
vn 0.7749 0.0234 -0.6316
vn 0.3436 0.0545 -0.9375
vn 0.8185 0.0354 -0.5733
vn 0.8488 0.0073 -0.5286
vn 0.8083 0.0723 -0.5843
vn 0.7807 0.0653 -0.6214
vn 0.7378 0.0468 -0.6734
vn 0.7775 0.0354 -0.6279
vn 0.6841 0.0431 -0.7281
vn 0.9825 -0.0504 -0.1793
vn 0.7695 0.0501 -0.6367
vn 0.8700 0.0496 -0.4905
vn 0.9963 -0.0458 0.0726
vn 0.8592 0.0592 -0.5081
vn 0.9807 0.1385 -0.1380
vn 0.9939 -0.0549 -0.0954
vn 0.9707 -0.1023 0.2175
vn 0.9933 -0.0935 -0.0685
vn 0.9870 -0.0101 -0.1605
vn 0.9880 0.1266 -0.0890
vn 0.9910 0.1336 0.0102
vn 0.9819 0.1282 0.1396
vn 0.9846 -0.1675 0.0496
vn 0.9825 -0.1046 0.1539
vn 0.9954 -0.0485 0.0832
vn 0.9825 -0.0542 0.1783
vn 0.9814 -0.1332 0.1381
vn 0.9828 -0.1236 0.1373
vn 0.9510 -0.2614 0.1652
vn 0.9442 -0.2345 0.2312
vn 0.9372 -0.1567 0.3116
vn 0.3638 -0.8206 0.4407
vn 0.0962 -0.8243 0.5579
vn -0.8307 -0.5563 -0.0231
vn -0.8914 -0.4522 -0.0315
vn -0.8892 -0.4356 -0.1399
vn -0.9086 -0.4044 -0.1045
vn -0.9220 -0.3863 -0.0266
vn -0.8929 -0.4366 -0.1106
vn -0.9185 -0.3951 -0.0135
vn -0.7594 -0.6499 -0.0305
vn -0.8790 -0.4656 -0.1027
vn -0.7138 -0.6981 0.0569
vn -0.8689 -0.4945 0.0216
vn 0.5416 -0.8146 0.2078
vn 0.6468 -0.7479 0.1493
vn 0.9518 -0.2675 0.1500
vn 0.9904 0.0039 0.1381
vn 0.9989 -0.0249 0.0404
vn 0.9776 -0.0773 0.1959
vn 0.9841 0.0990 0.1474
vn 0.9943 0.1031 0.0273
vn 0.9990 -0.0292 -0.0335
vn 0.9943 -0.0506 0.0938
vn 0.9924 0.1088 0.0568
vn 0.9791 -0.0739 0.1897
vn 0.9611 -0.1176 0.2498
vn 0.9637 -0.0425 0.2634
vn 0.9991 -0.0402 -0.0113
vn 0.9595 -0.0167 -0.2812
vn 0.9415 -0.0200 -0.3365
vn 0.9720 -0.0297 -0.2333
vn 0.9987 -0.0450 -0.0241
vn 0.9956 -0.0339 -0.0879
vn 0.9727 -0.0425 0.2280
vn 0.9813 -0.0674 0.1803
vn 0.9961 -0.0074 -0.0878
vn 0.9974 -0.0443 -0.0570
vn 0.9941 0.0235 -0.1060
vn 0.7345 0.0622 -0.6758
vn 0.7328 0.0118 -0.6804
vn 0.8255 -0.0177 -0.5641
vn 0.8256 -0.0009 -0.5642
vn 0.8612 0.0655 -0.5041
vn 0.7865 -0.0984 -0.6097
vn 0.5871 -0.1720 -0.7911
vn 0.6783 -0.0517 -0.7329
vn 0.4640 -0.2659 -0.8450
vn 0.0166 -0.2896 -0.9570
vn 0.0712 -0.2628 -0.9622
vn -0.0868 -0.2433 -0.9661
vn -0.5046 -0.3237 -0.8004
vn -0.3059 -0.2947 -0.9053
vn -0.7161 -0.3540 -0.6015
vn -0.8585 -0.4040 -0.3158
vn -0.7287 -0.3960 -0.5588
vn -0.8271 -0.5448 -0.1382
vn -0.8531 -0.3802 -0.3573
vn -0.6908 -0.6797 0.2466
vn -0.6759 -0.6391 0.3671
vn -0.8873 -0.4612 -0.0026
vn -0.8185 -0.4028 0.4097
vn -0.9594 -0.2818 0.0148
vn -0.3821 -0.6997 0.6037
vn -0.4065 -0.4973 0.7664
vn 0.2077 -0.4520 0.8675
vn 0.2865 -0.4203 0.8609
vn -0.3957 -0.4576 0.7963
vn 0.5861 -0.3781 0.7166
vn 0.7215 -0.2819 0.6324
vn 0.2313 -0.6166 0.7526
vn 0.5495 -0.4825 0.6820
vn 0.2401 -0.6744 0.6983
vn 0.6095 -0.5097 0.6072
vn 0.7767 -0.5470 0.3123
vn 0.9478 -0.3044 0.0947
vn 0.8633 -0.3027 0.4039
vn 0.9698 -0.2440 -0.0024
vn 0.9264 -0.2180 0.3072
vn 0.9845 -0.0830 -0.1547
vn 0.9242 -0.0685 0.3757
vn 0.9158 -0.0771 0.3942
vn 0.9274 -0.0255 0.3732
vn 0.9739 -0.0721 0.2150
vn 0.9750 -0.1708 0.1418
vn 0.9981 -0.0101 0.0600
vn 0.9956 -0.0349 -0.0874
vn 0.9478 -0.0195 0.3184
vn 0.8920 -0.1467 0.4276
vn 0.9873 -0.0192 -0.1578
vn 0.8911 -0.2337 -0.3891
vn 0.8800 -0.0741 -0.4692
vn 0.9053 -0.3224 -0.2764
vn 0.7571 -0.3096 -0.5752
vn 0.7582 -0.2229 -0.6127
vn 0.8210 -0.5562 -0.1287
vn 0.7392 -0.5086 -0.4415
vn 0.3581 -0.7198 0.5948
vn -0.3692 -0.7869 0.4944
vn -0.3726 -0.7463 0.5516
vn -0.7629 -0.6307 0.1421
vn -0.5569 -0.8016 -0.2176
vn 0.4395 -0.2666 -0.8577
vn 0.9764 -0.0304 -0.2139
vn 0.9192 -0.1024 0.3803
vn 0.9217 -0.1441 0.3600
vn 0.9845 -0.0377 0.1711
vn 0.9855 -0.1162 0.1237
vn 0.9826 -0.1288 0.1338
vn 0.9985 -0.0536 0.0092
vn 0.9901 -0.1194 0.0743
vn 0.9222 -0.2222 0.3165
vn 0.9963 -0.0222 0.0831
vn 0.9410 -0.0401 0.3361
vn 0.9616 -0.0096 0.2744
vn 0.9235 0.0993 0.3707
vn 0.8566 0.1196 0.5019
vn 0.5162 0.1071 0.8497
vn 0.7900 0.0519 0.6109
vn 0.5104 0.0841 0.8558
vn -0.4376 -0.0886 0.8948
vn 0.4866 -0.0772 0.8702
vn -0.3396 -0.0325 0.9400
vn -0.6053 -0.1132 0.7879
vn -0.1280 0.0484 0.9906
vn -0.4117 -0.0408 0.9104
vn -0.2875 -0.0824 0.9542
vn -0.3805 0.0308 0.9242
vn -0.4634 0.1133 0.8789
vn -0.3256 0.1710 0.9299
vn -0.7178 -0.0537 0.6942
vn -0.2975 -0.0297 0.9543
vn -0.4757 -0.0169 0.8795
vn -0.3606 -0.0897 0.9284
vn -0.6191 -0.0609 0.7829
vn -0.3874 -0.0296 0.9214
vn -0.7165 -0.1730 0.6758
vn -0.4750 -0.0702 0.8772
vn -0.2786 0.0093 0.9604
vn -0.4860 -0.1726 0.8568
vn -0.0795 -0.2661 0.9606
vn -0.4124 -0.3010 0.8598
vn 0.0429 -0.3085 0.9503
vn -0.6204 -0.1436 0.7710
vn -0.1607 -0.2797 0.9465
vn -0.5164 -0.0985 0.8507
vn -0.0098 -0.2332 0.9724
vn 0.0538 -0.2040 0.9775
vn 0.0905 0.0610 0.9940
vn -0.4446 0.2114 0.8704
vn -0.9462 0.2027 0.2523
vn -0.7620 0.1094 0.6382
vn -0.8838 -0.1154 0.4533
vn -0.6452 -0.4378 0.6261
vn -0.7532 -0.4994 0.4281
vn -0.8781 -0.2451 0.4109
vn -0.8076 -0.5209 0.2765
vn -0.8957 -0.3340 0.2934
vn -0.8283 -0.5096 0.2331
vn -0.8997 -0.3758 0.2221
vn -0.6262 -0.7157 0.3092
vn -0.6115 -0.7134 0.3421
vn -0.2631 -0.8550 0.4470
vn -0.2426 -0.8273 0.5067
vn 0.0544 -0.8062 0.5892
vn 0.0284 -0.6118 0.7905
vn -0.2291 -0.6050 0.7625
vn 0.1759 -0.5727 0.8007
vn -0.2183 -0.1942 0.9564
vn -0.1331 0.0227 0.9908
vn -0.4850 -0.1512 0.8613
vn -0.3259 0.1204 0.9377
vn -0.6335 -0.1765 0.7533
vn -0.4476 -0.0165 0.8941
vn -0.0425 0.1494 0.9879
vn -0.4759 0.0973 0.8741
vn -0.0308 0.0521 0.9982
vn 0.3824 0.0276 0.9236
vn -0.0564 0.0847 0.9948
vn 0.3626 -0.1152 0.9248
vn -0.1222 -0.0869 0.9887
vn 0.2671 -0.4569 0.8484
vn 0.5866 -0.6539 0.4778
vn -0.0057 -0.7335 0.6797
vn 0.2964 -0.9134 0.2792
vn -0.0329 -0.9975 0.0623
vn 0.2037 -0.8843 -0.4201
vn 0.4853 -0.8534 -0.1900
vn 0.7018 -0.3676 -0.6102
vn 0.7514 -0.6592 0.0289
vn 0.5423 -0.4415 -0.7149
vn 0.3807 0.1243 -0.9163
vn 0.4022 -0.4436 -0.8009
vn 0.4646 0.1545 -0.8720
vn 0.6087 0.1428 -0.7805
vn 0.6038 0.6331 -0.4843
vn 0.3813 0.6313 -0.6753
vn -0.2341 0.9199 -0.3147
vn 0.1059 0.5802 -0.8076
vn 0.0902 0.9845 -0.1501
vn 0.3869 0.9221 0.0100
vn 0.0354 0.8537 0.5196
vn -0.2079 0.8991 0.3852
vn -0.5112 0.6024 0.6130
vn -0.4535 0.8588 0.2383
vn -0.3448 0.6425 0.6843
vn -0.2556 0.6137 0.7470
vn -0.5776 0.1190 0.8076
vn -0.4210 0.1337 0.8971
vn -0.2626 -0.3741 0.8894
vn -0.4545 0.1789 0.8726
vn -0.3384 -0.4821 0.8081
vn -0.6534 -0.4139 0.6338
vn -0.4888 -0.8387 0.2402
vn -0.1939 -0.8540 0.4828
vn -0.7836 -0.6211 0.0131
vn -0.5151 -0.7397 -0.4329
vn -0.2298 -0.9617 -0.1497
vn -0.0940 -0.6584 -0.7467
vn 0.0940 -0.8166 -0.5695
vn -0.6300 -0.4720 -0.6167
vn -0.1313 -0.4085 -0.9033
vn -0.6552 -0.1165 -0.7464
vn -0.0660 -0.2102 -0.9754
vn -0.9552 -0.0113 -0.2958
vn -0.9093 -0.3778 -0.1744
vn -0.9418 0.1144 0.3160
vn -0.9160 -0.1274 0.3804
vn -0.5813 0.1711 0.7955
vn -0.8235 -0.3022 0.4801
vn -0.5804 0.1268 0.8044
vn -0.6479 0.1089 0.7539
vn -0.1701 0.5214 0.8362
vn -0.6290 0.5456 0.5539
vn -0.7010 0.6923 0.1710
vn -0.9354 0.3069 0.1754
vn -0.8891 0.1594 -0.4290
vn -0.6285 0.6598 -0.4118
vn -0.7551 0.3172 0.5737
vn -0.4458 0.2365 0.8633
vn -0.4192 0.2635 0.8688
vn 0.2961 0.6952 0.6550
vn 0.6986 0.6597 0.2770
vn 0.4144 -0.3913 -0.8217
vn -0.7403 0.0894 0.6663
vn -0.0281 -0.5064 0.8618
vn -0.3705 -0.5986 0.7103
vn -0.0564 -0.7803 0.6229
vn -0.0557 -0.8471 0.5285
vn 0.2365 -0.5702 0.7867
vn -0.0542 -0.7243 0.6874
vn -0.0621 -0.6708 0.7391
vn -0.4545 -0.7878 0.4157
vn -0.4906 -0.7657 0.4160
vn -0.6461 -0.7378 0.1955
vn -0.6201 -0.5267 0.5815
vn -0.7685 -0.6186 0.1636
vn -0.8219 -0.1394 0.5523
vn -0.7327 -0.6600 0.1660
vn -0.7723 -0.6305 0.0776
vn -0.6025 -0.4652 0.6486
vn -0.8509 -0.4273 0.3057
vn -0.4971 -0.6792 0.5400
vn -0.2028 -0.5661 0.7990
vn -0.1130 -0.5997 0.7922
vn 0.0184 -0.6537 0.7565
vn 0.0836 -0.6216 0.7789
vn 0.1601 -0.7324 0.6618
vn 0.2177 -0.6300 0.7454
vn 0.2540 -0.7176 0.6484
vn -0.0432 -0.8256 0.5626
vn 0.0526 -0.7421 0.6682
vn 0.0186 -0.8415 0.5400
vn -0.2687 -0.8366 0.4773
vn -0.6118 -0.6846 0.3963
vn -0.5749 -0.6171 0.5373
vn -0.4113 -0.1297 0.9022
vn -0.3092 0.0237 0.9507
vn -0.0861 0.3497 0.9329
vn 0.0807 0.6040 0.7929
vn 0.1660 0.7286 0.6645
vn -0.0783 0.8380 0.5400
vn -0.1276 0.7244 0.6775
vn -0.2346 0.8926 0.3850
vn -0.2764 0.7788 0.5631
vn -0.2838 0.9273 0.2441
vn -0.3523 0.8413 0.4100
vn -0.3122 0.9001 0.3040
vn -0.4119 0.7911 0.4521
vn -0.4120 0.7273 0.5488
vn -0.2433 0.9380 0.2469
vn -0.4295 0.8369 0.3395
vn -0.1666 0.9632 0.2107
vn -0.3792 0.8703 0.3142
vn -0.0903 0.9866 0.1362
vn 0.0134 0.9937 0.1110
vn 0.0601 0.9969 0.0515
vn 0.0780 0.9948 -0.0651
vn 0.0700 0.9974 0.0180
vn 0.0223 0.9571 -0.2890
vn 0.0126 0.9829 -0.1835
vn -0.2536 0.7806 -0.5712
vn -0.2773 0.8424 -0.4620
vn -0.4148 0.8923 -0.1782
vn -0.6451 0.4452 -0.6210
vn -0.8051 0.5140 -0.2960
vn -0.9593 0.0260 -0.2814
vn -0.9614 -0.2745 0.0209
vn -0.9289 0.2984 0.2194
vn -0.8409 -0.0835 -0.5348
vn -0.7471 -0.2807 -0.6025
vn -0.6513 -0.6791 -0.3387
vn -0.8120 -0.5281 -0.2487
vn -0.5272 -0.8400 -0.1286
vn -0.6543 -0.7555 -0.0338
vn -0.4762 -0.7496 -0.4596
vn -0.4367 -0.8582 -0.2698
vn -0.1408 -0.7303 -0.6684
vn -0.1230 -0.8232 -0.5543
vn 0.1077 -0.7502 -0.6523
vn 0.1953 -0.8238 -0.5322
vn -0.0555 -0.8952 -0.4422
vn 0.2460 -0.8893 -0.3854
vn 0.1066 -0.9211 -0.3743
vn 0.1672 -0.9346 -0.3141
vn 0.2655 -0.9142 -0.3063
vn 0.0610 -0.9766 -0.2062
vn 0.1932 -0.9598 -0.2036
vn 0.2332 -0.9707 -0.0576
vn 0.1932 -0.9803 0.0412
vn -0.0287 -0.8646 -0.5016
vn -0.3240 -0.8204 -0.4711
vn -0.0409 -0.8991 -0.4359
vn -0.3307 -0.8707 -0.3640
vn -0.5638 -0.7540 -0.3371
vn -0.0990 -0.7683 -0.6324
vn -0.5548 -0.6327 -0.5403
vn -0.7294 -0.5145 -0.4508
vn -0.7407 -0.6088 -0.2842
vn -0.8737 -0.3496 -0.3382
vn -0.8826 -0.4604 -0.0954
vn -0.9533 -0.2605 -0.1531
vn -0.9457 -0.3169 0.0725
vn -0.9955 -0.0952 0.0029
vn -0.9997 -0.0115 -0.0228
vn -0.9375 -0.2820 0.2038
vn -0.9916 0.0528 -0.1182
vn -0.9434 -0.2552 0.2118
vn -0.9017 0.3459 -0.2593
vn -0.8536 0.3895 -0.3459
vn -0.8841 0.1850 -0.4292
vn -0.8863 0.1703 -0.4306
vn -0.8404 0.3972 -0.3688
vn -0.9978 0.0270 0.0608
vn -0.9335 0.3261 -0.1492
vn -0.6934 -0.2015 0.6918
vn -0.9530 0.1274 0.2750
vn -0.2087 -0.2781 0.9376
vn -0.7581 0.1853 0.6253
vn -0.9315 0.3604 -0.0486
vn 0.0098 -0.2677 0.9634
vn -0.0695 -0.2394 0.9684
vn 0.0580 -0.3573 0.9322
vn -0.3123 -0.1980 0.9291
vn -0.3637 -0.1416 0.9207
vn -0.2635 -0.2338 0.9359
vn -0.7288 -0.1841 0.6595
vn -0.6197 -0.0431 0.7837
vn -0.4134 -0.0590 0.9086
vn -0.4128 0.0710 0.9081
vn 0.0983 0.0646 0.9931
vn -0.0996 0.0649 0.9929
vn -0.2074 0.0107 0.9782
vn -0.6428 0.0823 0.7616
vn -0.4656 0.0019 0.8850
vn -0.6940 0.0680 0.7168
vn -0.3681 0.0595 0.9279
vn -0.4198 0.1478 0.8955
vn -0.1644 -0.0130 0.9863
vn 0.4905 0.0860 0.8672
vn 0.1197 -0.0062 0.9928
vn 0.4889 -0.0113 0.8723
vn -0.3297 -0.0741 0.9412
vn -0.3950 -0.1076 0.9124
vn -0.1819 -0.2234 0.9576
vn -0.7268 -0.0353 0.6859
vn -0.6907 -0.0809 0.7186
vn -0.7327 -0.0885 0.6747
vn -0.0746 -0.2575 0.9634
vn -0.2802 -0.2152 0.9355
vn 0.6259 -0.2804 0.7278
vn 0.5364 -0.3516 0.7672
vn 0.8469 -0.2130 0.4872
vn 0.9208 -0.2599 0.2909
vn 0.8809 -0.0606 0.4695
vn 0.9616 -0.0559 0.2688
vn 0.9310 -0.1712 0.3224
vn 0.9840 -0.0531 0.1703
vn 0.9864 -0.0838 0.1415
vn 0.9890 -0.0379 0.1432
vn 0.9957 -0.0906 0.0204
vn 0.9649 -0.2626 -0.0069
vn 0.9804 -0.0946 0.1727
vn 0.9405 -0.1415 -0.3088
vn 0.7656 -0.4028 -0.5016
vn 0.5506 -0.6462 -0.5285
vn 0.3778 -0.6422 -0.6669
vn 0.6407 -0.3915 -0.6605
vn 0.6155 -0.2705 -0.7403
vn 0.3506 -0.5119 -0.7842
vn 0.1429 -0.1513 -0.9781
vn 0.2054 -0.3591 -0.9104
vn 0.5002 -0.2057 -0.8411
vn 0.0774 -0.1429 -0.9867
vn 0.0475 -0.2693 -0.9619
vn -0.3785 -0.2212 -0.8988
vn -0.4002 -0.0797 -0.9129
vn -0.2870 -0.4564 -0.8422
vn -0.7275 -0.3696 -0.5780
vn -0.7377 -0.1734 -0.6525
vn -0.5818 -0.5139 -0.6304
vn -0.8743 -0.3667 -0.3181
vn -0.8741 -0.2973 -0.3841
vn -0.3584 -0.7573 -0.5458
vn -0.8143 -0.5690 -0.1145
vn 0.2673 -0.7908 -0.5507
vn -0.0928 -0.6761 -0.7310
vn 0.4391 -0.6317 -0.6389
vn 0.7092 -0.6521 -0.2680
vn 0.8004 -0.5942 0.0793
vn 0.8871 -0.4214 -0.1883
vn 0.8808 -0.4505 0.1459
vn 0.9484 -0.2947 -0.1166
vn 0.9549 -0.2708 0.1218
vn 0.9714 -0.2293 -0.0618
vn 0.9477 -0.3174 0.0343
vn 0.3348 -0.9357 -0.1115
vn 0.2304 -0.9650 0.1250
vn 0.7199 -0.6779 -0.1492
vn 0.6987 -0.6545 0.2888
vn 0.4918 -0.5975 0.6334
vn 0.9262 -0.0535 0.3733
vn 0.7773 -0.1109 0.6193
vn 0.1040 -0.0845 0.9910
vn 0.8452 -0.0261 0.5339
vn 0.1091 -0.0595 0.9923
vn -0.4649 -0.0605 0.8833
vn 0.0683 -0.0137 0.9976
vn -0.4703 -0.0455 0.8813
vn 0.0240 -0.0234 0.9994
vn -0.6166 -0.0381 0.7864
vn 0.0162 0.0206 0.9997
vn 0.4534 -0.0097 0.8912
vn -0.1235 -0.2112 0.9696
vn 0.5840 -0.2803 0.7618
vn -0.0953 -0.1903 0.9771
vn 0.5127 -0.3129 0.7995
vn -0.0632 -0.2384 0.9691
vn -0.5012 -0.1027 0.8592
vn -0.0713 -0.0585 0.9957
vn -0.5169 -0.0979 0.8504
vn -0.7772 -0.0662 0.6257
vn -0.5644 -0.0500 0.8240
vn -0.9051 -0.1072 0.4116
vn -0.7782 -0.0665 0.6244
vn -0.7845 0.0083 0.6201
vn -0.4289 -0.1017 0.8976
vn -0.4145 -0.2094 0.8856
vn -0.0163 -0.0318 0.9994
vn -0.6068 -0.0161 0.7947
vn -0.7173 0.0396 0.6956
vn -0.8625 0.0636 0.5021
vn -0.7183 0.1243 0.6845
vn -0.4747 0.1515 0.8670
vn -0.5220 -0.2143 0.8256
vn -0.3232 -0.1590 0.9329
vn -0.5011 -0.1970 0.8427
vn -0.1957 -0.2347 0.9522
vn -0.5325 -0.3221 0.7827
vn -0.9403 -0.3383 0.0368
vn -0.7502 -0.0504 0.6592
vn -0.9172 -0.3322 0.2199
vn -0.9048 -0.2868 -0.3149
vn -0.9539 -0.2592 0.1515
vn -0.8899 -0.0718 -0.4504
vn -0.9278 -0.3729 0.0131
vn -0.8804 -0.4156 -0.2283
vn -0.9320 -0.2359 -0.2751
vn -0.9767 -0.2122 0.0319
vn -0.9005 -0.0508 -0.4319
vn -0.9702 -0.0724 -0.2312
vn -0.9689 -0.0066 -0.2472
vn -0.9186 0.1931 -0.3447
vn -0.9441 0.1918 -0.2680
vn -0.9568 0.2014 -0.2099
vn -0.9425 0.2736 -0.1918
vn -0.9746 0.1534 -0.1631
vn -0.9673 0.0789 -0.2412
vn -0.9877 -0.1419 -0.0655
vn -0.9396 -0.0617 -0.3367
vn -0.7959 0.1113 -0.5951
vn -0.8555 -0.1335 -0.5003
vn -0.7378 0.0482 -0.6734
vn -0.6760 -0.0438 -0.7356
vn -0.5556 -0.0547 -0.8296
vn -0.4767 0.0866 -0.8748
vn -0.6541 -0.0069 -0.7564
vn -0.4618 0.1625 -0.8719
vn -0.7542 0.2546 -0.6053
vn -0.4658 0.3105 -0.8286
vn -0.4997 0.2309 -0.8349
vn -0.4136 0.2330 -0.8801
vn -0.3051 0.3073 -0.9014
vn -0.6440 0.1647 -0.7471
vn -0.6174 0.2296 -0.7524
vn -0.7984 0.1201 -0.5900
vn -0.8217 0.1804 -0.5407
vn -0.9419 0.0506 -0.3321
vn -0.9429 0.1897 -0.2736
vn -0.8821 -0.0463 -0.4688
vn -0.9646 -0.0866 -0.2489
vn -0.9712 0.0166 -0.2376
vn -0.9009 -0.3581 -0.2451
vn -0.9265 -0.3687 -0.0753
vn -0.9845 -0.1577 -0.0768
vn -0.9857 -0.1147 -0.1231
vn -0.9949 -0.0943 0.0352
vn -0.9341 -0.3383 0.1138
vn -0.9973 0.0412 0.0604
vn -0.9982 0.0210 0.0560
vn -0.9955 -0.0699 0.0643
vn -0.9032 0.0273 -0.4284
vn -0.9293 -0.0540 -0.3653
vn -0.9439 0.0083 -0.3300
vn -0.9656 -0.0098 -0.2598
vn -0.9161 -0.0375 0.3992
vn -0.9311 0.0142 0.3645
vn -0.5712 -0.0953 0.8153
vn -0.6549 0.0387 0.7548
vn -0.4458 -0.0173 0.8949
vn -0.2725 0.0145 0.9621
vn -0.4501 -0.1747 0.8757
vn -0.3547 0.0855 0.9311
vn -0.5185 0.0762 0.8517
vn -0.5273 -0.0184 0.8495
vn -0.3200 0.0075 0.9474
vn -0.4014 -0.0272 0.9155
vn -0.6496 0.0243 0.7599
vn -0.0627 -0.1258 0.9901
vn -0.1874 -0.1347 0.9730
vn -0.2573 -0.0077 0.9663
vn -0.3565 0.0603 0.9324
vn -0.7710 0.1286 0.6238
vn -0.1288 -0.3576 0.9249
vn -0.8566 0.2515 0.4506
vn -0.9207 0.3171 0.2275
vn -0.7939 0.1502 0.5891
vn -0.9791 0.1935 0.0623
vn -0.9671 0.2544 0.0008
vn -0.9961 -0.0811 0.0346
vn -0.9607 -0.0515 -0.2728
vn -0.9903 -0.0026 0.1390
vn -0.8917 -0.2707 -0.3628
vn -0.9687 -0.2339 -0.0836
vn -0.9506 0.3042 0.0619
vn -0.9461 0.2961 0.1311
vn -0.9973 0.0107 0.0720
vn -0.9978 0.0302 0.0588
vn -0.9810 -0.1826 0.0652
vn -0.9770 -0.1919 0.0928
vn -0.9523 0.2321 -0.1979
vn -0.9592 0.2822 -0.0186
vn -0.9879 0.0497 -0.1469
vn -0.9748 0.0407 -0.2194
vn -0.9690 -0.1591 -0.1891
vn -0.9551 -0.0989 -0.2792
vn -0.7842 -0.0586 -0.6177
vn -0.9459 0.0079 -0.3243
vn -0.8223 -0.0173 -0.5687
vn -0.8096 -0.0279 -0.5864
vn -0.8599 -0.1712 -0.4810
vn -0.7731 -0.1787 -0.6086
vn -0.7569 -0.1554 -0.6348
vn -0.7659 -0.1391 -0.6278
vn -0.6650 -0.0766 -0.7429
vn -0.5208 0.0019 -0.8537
vn -0.6552 0.0259 -0.7551
vn -0.4621 0.0717 -0.8839
vn -0.8116 -0.0851 -0.5780
vn -0.7180 -0.0931 -0.6898
vn -0.7315 -0.0088 -0.6818
vn -0.8343 -0.0556 -0.5486
vn -0.5645 0.0529 -0.8237
vn -0.9001 -0.0574 -0.4319
vn -0.6209 0.0485 -0.7824
vn -0.8267 0.1338 -0.5465
vn -0.9036 0.0601 -0.4241
vn -0.4226 0.2071 -0.8824
vn -0.9808 0.1010 -0.1670
vn -0.7541 0.2202 -0.6187
vn -0.8675 -0.2031 -0.4540
vn -0.8572 -0.2277 -0.4618
vn -0.7675 -0.4325 -0.4732
vn -0.8213 -0.5480 -0.1586
vn -0.8812 -0.4652 -0.0844
vn -0.8173 -0.5602 0.1350
vn -0.7991 -0.5694 0.1929
vn -0.6380 -0.7523 -0.1645
vn -0.6440 -0.6247 -0.4416
vn -0.4680 -0.6686 -0.5778
vn -0.6298 -0.4783 -0.6121
vn -0.5109 -0.5506 -0.6602
vn -0.6469 -0.2929 -0.7041
vn -0.6081 -0.4150 -0.6767
vn -0.2085 -0.8668 -0.4530
vn -0.4538 -0.8141 -0.3624
vn -0.3750 -0.7486 -0.5468
vn -0.0896 -0.9515 -0.2943
vn -0.4327 -0.8894 -0.1477
vn -0.4140 -0.9033 -0.1130
vn -0.6810 -0.7281 0.0787
vn -0.6418 -0.7643 0.0624
vn -0.4593 -0.8473 -0.2666
vn -0.7164 -0.6948 -0.0626
vn -0.7514 -0.5796 -0.3153
vn -0.9466 -0.3218 -0.0197
vn -0.8894 -0.4152 0.1913
vn -0.9830 -0.1535 0.1011
vn -0.8800 -0.4364 0.1877
vn -0.8352 -0.5493 -0.0271
vn -0.7505 -0.6608 -0.0077
vn -0.7730 -0.6059 0.1879
vn -0.6648 -0.7470 0.0001
vn -0.6997 -0.6960 0.1610
vn -0.6989 -0.7152 -0.0049
vn -0.7490 -0.6513 0.1217
vn -0.7923 -0.5835 0.1782
vn -0.7291 -0.6786 0.0892
vn -0.7606 -0.6340 0.1396
vn -0.6734 -0.7391 -0.0148
vn -0.3964 -0.9163 -0.0579
vn -0.5320 -0.8452 0.0510
vn -0.0376 -0.9937 -0.1054
vn -0.2203 -0.9753 0.0178
vn 0.2308 -0.9640 -0.1323
vn 0.0914 -0.9957 -0.0121
vn 0.4400 -0.8871 -0.1395
vn 0.3405 -0.9398 -0.0287
vn 0.5804 -0.8053 -0.1214
vn 0.8040 -0.5833 -0.1156
vn 0.6997 -0.7031 -0.1269
vn 0.9374 -0.3356 -0.0935
vn 0.9234 -0.3734 -0.0884
vn 0.9951 -0.0882 -0.0454
vn 0.9951 -0.0847 -0.0515
vn 0.9777 0.2097 0.0117
vn 0.9888 0.1476 -0.0230
vn 0.9731 -0.1704 0.1549
vn 0.9530 0.2294 0.1979
vn 0.9301 -0.3435 0.1306
vn 0.8537 -0.3397 0.3947
vn 0.8893 -0.1967 0.4128
vn 0.8264 -0.4120 0.3837
vn 0.7079 -0.3421 0.6180
vn 0.7440 -0.2620 0.6147
vn 0.5737 -0.6359 0.5163
vn 0.4633 -0.6558 0.5961
vn 0.5653 -0.2991 0.7688
vn 0.2839 -0.9104 0.3008
vn 0.1090 -0.9314 0.3472
vn 0.2326 -0.6417 0.7308
vn 0.0656 -0.9786 0.1952
vn -0.0061 -0.9886 0.1506
vn -0.0287 -0.9799 0.1973
vn 0.0002 -0.9953 0.0971
vn 0.0043 -0.9963 0.0859
vn 0.0074 -0.9872 0.1590
vn 0.0167 -0.9821 -0.1879
vn 0.0017 -0.9967 -0.0811
vn -0.0477 -0.9937 0.1012
vn 0.1247 -0.7769 -0.6172
vn 0.2692 -0.8108 -0.5198
vn -0.0370 -0.9936 -0.1071
vn 0.4567 -0.4371 -0.7748
vn 0.6964 -0.4996 -0.5152
vn 0.6119 -0.6650 -0.4283
vn 0.7146 -0.4044 -0.5709
vn 0.7618 -0.5058 -0.4048
vn 0.7677 -0.5113 -0.3864
vn 0.7811 -0.4164 -0.4653
vn 0.8207 -0.4046 -0.4035
vn 0.7544 -0.5723 -0.3216
vn 0.8441 -0.3382 -0.4161
vn 0.9552 -0.2254 -0.1918
vn 0.9459 -0.2598 -0.1941
vn 0.9621 -0.1068 -0.2509
vn 0.9774 -0.1862 -0.1003
vn 0.9325 -0.3561 -0.0606
vn 0.9626 0.2647 -0.0584
vn 0.9249 0.3420 0.1663
vn 0.9570 -0.2876 0.0390
vn 0.9731 0.2259 -0.0447
vn 0.9276 0.3301 0.1752
vn 0.9494 0.2964 0.1037
vn 0.9140 0.3655 0.1762
vn 0.9729 0.1707 0.1558
vn 0.9178 0.3442 0.1978
vn 0.9838 0.1794 0.0018
vn 0.9878 0.1538 -0.0236
vn 0.8669 -0.2752 -0.4155
vn 0.7482 -0.4529 -0.4848
vn 0.8737 -0.2987 -0.3840
vn 0.7630 -0.3791 -0.5236
vn 0.6662 -0.3057 -0.6802
vn 0.7739 -0.3995 -0.4914
vn 0.6792 -0.3383 -0.6513
vn 0.4630 -0.1789 -0.8681
vn 0.7043 -0.3081 -0.6396
vn 0.4712 -0.1809 -0.8633
vn 0.2188 -0.2285 -0.9486
vn 0.4740 -0.2807 -0.8346
vn 0.2023 -0.2240 -0.9534
vn 0.0533 -0.2300 -0.9717
vn 0.1844 -0.3443 -0.9206
vn 0.0603 -0.2935 -0.9541
vn -0.0536 -0.2746 -0.9601
vn 0.0564 -0.5236 -0.8501
vn -0.0453 -0.5192 -0.8534
vn -0.1449 -0.7398 -0.6571
vn -0.0084 -0.9819 -0.1891
vn -0.0005 -0.9983 -0.0584
vn 0.0817 -0.9961 -0.0341
vn 0.0460 -0.9909 0.1266
vn 0.1635 -0.9818 0.0969
vn 0.0564 -0.9974 0.0449
vn 0.2041 -0.9646 0.1672
vn 0.2344 -0.9547 0.1835
vn 0.2829 -0.9563 0.0736
vn 0.3830 -0.8622 0.3315
vn 0.5752 -0.7856 0.2280
vn 0.5281 -0.8461 0.0722
vn 0.7471 -0.5745 0.3343
vn 0.7524 -0.6503 0.1045
vn 0.1440 -0.9811 -0.1293
vn 0.2102 -0.9777 0.0003
vn 0.3640 -0.9235 -0.1213
vn -0.2104 -0.9659 -0.1508
vn -0.1339 -0.9866 -0.0931
vn -0.5041 -0.8413 -0.1953
vn -0.3870 -0.8905 -0.2391
vn -0.0472 -0.9953 -0.0851
vn -0.5956 -0.7363 -0.3212
vn -0.4469 -0.8372 -0.3153
vn -0.1628 -0.9817 -0.0991
vn -0.6304 -0.6001 -0.4924
vn -0.3691 -0.5332 -0.7612
vn -0.1713 -0.8853 -0.4324
vn -0.4009 -0.3528 -0.8454
vn -0.1967 -0.2244 -0.9544
vn -0.1892 -0.3806 -0.9052
vn -0.1987 -0.2569 -0.9458
vn -0.0446 -0.2786 -0.9594
vn -0.0544 -0.2012 -0.9780
vn -0.0334 -0.3528 -0.9351
vn 0.0304 -0.3330 -0.9424
vn 0.0388 -0.2817 -0.9587
vn 0.0535 -0.2663 -0.9624
vn 0.2661 -0.1515 -0.9520
vn 0.2423 -0.2360 -0.9410
vn 0.2816 -0.0660 -0.9573
vn 0.4469 -0.0871 -0.8903
vn 0.4537 -0.2037 -0.8676
vn 0.4375 -0.1276 -0.8901
vn 0.5800 -0.4225 -0.6965
vn 0.6358 -0.2799 -0.7193
vn 0.5552 -0.2565 -0.7912
vn 0.7474 -0.0480 -0.6626
vn 0.7382 -0.5156 -0.4350
vn 0.5156 0.2150 -0.8294
vn 0.3600 0.6549 -0.6645
vn 0.3983 0.6591 -0.6379
vn -0.0862 0.9202 -0.3818
vn 0.4727 0.0713 -0.8783
vn 0.4385 -0.3863 -0.8115
vn 0.2759 -0.4678 -0.8397
vn 0.4252 -0.2516 -0.8694
vn 0.3062 -0.2673 -0.9137
vn 0.1319 -0.2529 -0.9584
vn 0.2949 -0.1397 -0.9453
vn 0.1229 -0.3001 -0.9460
vn -0.1335 -0.2905 -0.9475
vn 0.0928 -0.2374 -0.9670
vn -0.1051 -0.2026 -0.9736
vn -0.2761 -0.0171 -0.9610
vn -0.0593 -0.2320 -0.9709
vn -0.2675 -0.0734 -0.9607
vn -0.4159 -0.1385 -0.8988
vn -0.2252 -0.2552 -0.9403
vn -0.4273 -0.1559 -0.8906
vn -0.6667 -0.2814 -0.6901
vn -0.4300 -0.1310 -0.8933
vn -0.7086 -0.2284 -0.6676
vn -0.7597 -0.4837 -0.4346
vn -0.6837 -0.4488 -0.5754
vn -0.7804 -0.4736 -0.4083
vn -0.8042 -0.4949 -0.3291
vn -0.6932 -0.6255 -0.3580
vn -0.6942 -0.6648 -0.2759
vn -0.6394 -0.7501 -0.1691
vn -0.6636 -0.7058 -0.2481
vn -0.6617 -0.7320 -0.1619
vn -0.7804 -0.5803 -0.2328
vn -0.7424 -0.5934 -0.3111
vn -0.7687 -0.6013 -0.2178
vn -0.9039 -0.3591 -0.2325
vn -0.8120 -0.4372 -0.3866
vn -0.8352 -0.3601 -0.4157
vn -0.7550 -0.4119 -0.5102
vn -0.7703 -0.3939 -0.5016
vn -0.7470 -0.3750 -0.5489
vn -0.6225 -0.2231 -0.7501
vn -0.6450 -0.2736 -0.7135
vn -0.5849 -0.2876 -0.7584
vn -0.3939 -0.0901 -0.9147
vn -0.4074 -0.0536 -0.9117
vn -0.3722 -0.2084 -0.9045
vn -0.2832 -0.2668 -0.9212
vn -0.2781 -0.1277 -0.9520
vn -0.2873 -0.3566 -0.8890
vn -0.0853 -0.0482 -0.9952
vn -0.1280 -0.2595 -0.9572
vn -0.0055 0.3639 -0.9314
vn 0.0384 0.5724 -0.8191
vn 0.1064 -0.0180 -0.9942
vn -0.0326 0.9213 -0.3876
vn 0.0936 0.8419 -0.5315
vn 0.2677 0.2131 -0.9396
vn 0.0986 0.9393 -0.3285
vn -0.2228 0.8109 -0.5411
vn -0.3168 -0.0102 -0.9484
vn -0.3120 0.4444 -0.8397
vn -0.3290 -0.2551 -0.9092
vn -0.5284 -0.1762 -0.8305
vn -0.3399 -0.3544 -0.8712
vn -0.4879 -0.4684 -0.7366
vn -0.7401 -0.2750 -0.6137
vn -0.5341 -0.3977 -0.7460
vn -0.7291 -0.4469 -0.5183
vn -0.4495 0.5350 -0.7153
vn -0.6132 0.2500 -0.7493
vn -0.8632 -0.3020 -0.4045
vn 0.2649 0.8616 -0.4330
vn -0.1407 0.8470 -0.5126
vn 0.1370 0.9559 -0.2598
vn -0.1159 0.9509 -0.2871
vn -0.3696 0.6569 -0.6571
vn 0.0213 0.9981 -0.0575
vn -0.2003 0.8884 -0.4131
vn -0.1202 0.9305 -0.3461
vn 0.1070 0.9517 -0.2876
vn 0.4841 0.8477 -0.2168
vn 0.3508 0.8559 -0.3800
vn 0.2217 0.9073 -0.3574
vn -0.0430 0.6674 -0.7434
vn -0.4761 0.6717 -0.5676
vn -0.7987 0.4428 -0.4073
vn 0.2536 0.6552 -0.7116
vn -0.8623 -0.4628 -0.2056
vn -0.7360 -0.4123 -0.5370
vn -0.8630 -0.2875 -0.4154
vn -0.9166 -0.2905 -0.2748
vn -0.9282 -0.2961 -0.2254
vn -0.9034 -0.4269 -0.0412
vn -0.9629 -0.2685 -0.0278
vn -0.8291 -0.5591 -0.0062
vn -0.9870 -0.0990 -0.1268
vn -0.8884 -0.4581 0.0280
vn -0.9149 -0.4030 -0.0231
vn -0.9628 -0.2661 0.0463
vn -0.9515 -0.3019 -0.0601
vn -0.8256 -0.2408 -0.5103
vn -0.7750 -0.6314 -0.0264
vn -0.7993 -0.2667 -0.5384
vn -0.4829 -0.2656 -0.8344
vn -0.7696 -0.3800 -0.5131
vn -0.4857 -0.5277 -0.6969
vn -0.1607 -0.6450 -0.7471
vn -0.4808 -0.7446 -0.4631
vn -0.1021 -0.7915 -0.6026
vn -0.0279 -0.4367 -0.8992
vn -0.2354 -0.3787 -0.8951
vn 0.0468 -0.6551 -0.7541
vn -0.1908 0.0436 -0.9807
vn -0.3040 -0.0314 -0.9522
vn -0.3441 0.3415 -0.8747
vn -0.4742 0.2987 -0.8282
vn -0.4865 0.0229 -0.8734
vn -0.4729 0.5531 -0.6859
vn -0.9503 0.0641 -0.3048
vn -0.8456 -0.2602 -0.4662
vn -0.9761 0.2168 0.0176
vn -0.9557 -0.2942 0.0108
vn -0.9170 0.3989 -0.0022
vn -0.9866 0.1629 -0.0041
vn -0.9598 0.2345 -0.1542
vn -0.9633 0.2041 -0.1745
vn -0.9345 0.3560 0.0006
vn -0.9717 0.2140 -0.0996
vn -0.9028 0.4283 0.0386
vn -0.9396 0.3411 -0.0274
vn -0.9415 0.3294 0.0706
vn -0.9719 0.2355 -0.0032
vn -0.9574 0.2715 0.0980
vn -0.9299 0.3677 0.0027
vn -0.8492 0.5245 0.0615
vn -0.5519 0.8338 -0.0138
vn -0.8210 0.5146 0.2474
vn -0.9087 0.3775 0.1783
vn -0.8136 0.5487 0.1926
vn -0.8673 0.4848 0.1128
vn -0.8123 0.5639 0.1490
vn -0.7724 0.5750 0.2697
vn -0.8955 0.4184 0.1517
vn -0.8820 0.3882 0.2671
vn -0.7652 0.4025 0.5025
vn -0.6940 0.6970 0.1805
vn -0.6009 0.6977 0.3901
vn -0.6300 0.7494 0.2036
vn -0.6206 0.6831 0.3851
vn -0.2777 0.9461 0.1668
vn 0.0222 0.9947 0.1002
vn -0.1941 0.9739 0.1173
vn -0.0530 0.9982 0.0293
vn 0.0372 0.9767 0.2115
vn -0.1347 0.9908 0.0087
vn -0.1438 0.9812 0.1287
vn -0.1784 0.9805 0.0818
vn -0.1899 0.9795 0.0675
vn -0.0064 0.9995 0.0301
vn -0.0944 0.9942 0.0514
vn -0.2502 0.9632 -0.0979
vn -0.0100 0.9940 -0.1088
vn -0.2896 0.8795 -0.3775
vn -0.0969 0.9407 -0.3251
vn -0.2840 0.6176 -0.7334
vn -0.3006 0.7345 -0.6084
vn -0.2646 0.1073 -0.9584
vn -0.5607 0.1712 -0.8102
vn -0.1906 -0.5149 -0.8358
vn -0.5834 -0.4583 -0.6705
vn -0.3878 0.7507 -0.5349
vn -0.3245 0.4393 -0.8377
vn -0.3596 0.9167 -0.1745
vn -0.2970 0.8972 -0.3269
vn -0.3477 0.6525 -0.6733
vn -0.4315 0.9021 -0.0003
vn -0.4512 0.7988 -0.3979
vn -0.2450 0.9685 0.0442
vn -0.2628 0.9608 0.0879
vn -0.7000 0.4143 0.5817
vn -0.7017 0.5122 0.4953
vn -0.6673 0.5275 0.5258
vn -0.5602 0.4864 0.6705
vn -0.6051 0.5751 0.5506
vn -0.5366 0.4487 0.7147
vn -0.4503 0.6329 0.6298
vn -0.5722 0.4429 0.6902
vn -0.5738 0.4305 0.6968
vn -0.3359 0.7284 0.5971
vn -0.4201 0.6120 0.6701
vn -0.2428 0.8566 0.4553
vn -0.2405 0.8630 0.4442
vn -0.6494 0.4902 0.5814
vn -0.5969 0.6927 0.4049
vn -0.7207 0.5349 0.4410
vn -0.7799 0.5223 0.3449
vn -0.7182 0.6262 0.3033
vn -0.1517 0.9380 0.3117
vn -0.3007 0.9123 0.2780
vn -0.7751 0.5967 0.2078
vn -0.0751 0.9607 0.2673
vn -0.6367 0.5318 0.5584
vn -0.2337 0.9078 0.3483
vn -0.0312 0.9441 0.3282
vn -0.8954 0.1185 0.4292
vn -0.8325 0.2570 0.4908
vn -0.8765 0.2171 0.4296
vn -0.8723 0.1269 0.4721
vn -0.4664 0.8073 0.3615
vn -0.7974 0.2514 0.5486
vn -0.8587 0.1236 0.4974
vn -0.6183 0.4508 0.6438
vn -0.7629 0.2097 0.6116
vn -0.7854 0.1399 0.6030
vn -0.4460 0.3433 0.8266
vn -0.1626 0.2592 0.9520
vn 0.1550 0.6603 0.7348
vn 0.4425 0.2054 0.8729
vn -0.8656 0.1112 0.4882
vn -0.8815 0.0973 0.4621
vn -0.8930 0.1070 0.4372
vn -0.8843 0.1171 0.4519
vn -0.8807 0.1132 0.4599
vn -0.5185 0.3840 0.7640
vn -0.8936 0.4440 0.0652
vn -0.6715 0.6858 0.2808
vn -0.9744 -0.2205 -0.0441
vn -0.5752 -0.8013 -0.1645
vn 0.8868 -0.2090 -0.4122
vn 0.8856 -0.4475 0.1241
vn -0.0646 -0.8932 -0.4450
vn -0.0521 -0.9542 -0.2945
vn -0.6823 -0.2754 -0.6772
vn 0.4660 0.0943 -0.8797
vn -0.2162 0.0337 -0.9758
vn 0.0201 0.1320 -0.9911
vn 0.2096 0.0626 -0.9758
vn -0.6356 -0.0622 -0.7695
vn -0.7576 -0.1257 -0.6405
vn -0.7172 -0.0794 -0.6923
vn -0.5921 -0.0440 -0.8047
vn -0.8304 -0.0603 -0.5539
vn -0.7837 -0.0341 -0.6202
vn -0.8935 -0.0067 -0.4490
vn -0.7134 -0.0019 -0.7007
vn -0.7888 -0.0777 -0.6097
vn -0.7005 0.0050 -0.7136
vn -0.6520 -0.0684 -0.7551
vn -0.5337 -0.1347 -0.8349
vn -0.7738 -0.0233 -0.6331
vn -0.8199 -0.2287 -0.5249
vn -0.9521 -0.1383 -0.2727
vn -0.8205 0.0144 -0.5715
vn -0.9847 0.0370 -0.1705
vn -0.9147 0.3124 -0.2563
vn -0.9317 0.3494 -0.0995
vn -0.8077 0.0738 -0.5850
vn -0.8786 0.3283 -0.3468
vn -0.8360 0.1724 -0.5210
vn -0.7879 -0.0114 -0.6157
vn -0.8967 0.2567 -0.3606
vn -0.8697 -0.0804 -0.4870
vn -0.9543 0.2444 -0.1722
vn -0.9602 0.2791 0.0117
vn -0.9051 0.3872 0.1754
vn -0.9139 0.4044 0.0359
vn -0.8551 0.4493 0.2588
vn -0.8745 0.4774 0.0858
vn -0.9077 0.3572 0.2200
vn -0.9179 0.3766 0.1254
vn -0.8270 0.1881 0.5298
vn -0.8319 0.3495 0.4310
vn -0.8827 0.1311 0.4514
vn -0.4407 -0.2011 0.8748
vn -0.5791 -0.2125 0.7871
vn 0.1499 -0.5996 0.7861
vn -0.0254 -0.5683 0.8224
vn -0.9472 -0.1724 -0.2704
vn -0.4920 -0.7680 -0.4100
vn -0.4809 -0.6267 -0.6132
vn 0.1295 -0.9464 -0.2960
vn -0.5027 -0.4441 -0.7417
vn 0.1647 -0.8475 -0.5047
vn 0.1778 -0.9823 0.0588
vn -0.4996 -0.2850 -0.8180
vn -0.6030 -0.1469 -0.7841
vn -0.9237 0.1387 -0.3572
vn -0.9301 0.3659 0.0318
vn -0.9498 -0.2020 0.2390
vn -0.5701 0.0219 0.8213
vn -0.7439 -0.2204 -0.6309
vn -0.8322 0.1017 -0.5450
vn -0.4803 -0.0566 0.8753
vn -0.1569 -0.0765 0.9847
vn 0.2435 -0.0461 0.9688
vn -0.1217 -0.0739 0.9898
vn -0.1296 -0.0439 0.9906
vn 0.3166 -0.1146 0.9416
vn 0.3697 -0.0313 0.9286
vn -0.0696 0.0080 0.9975
vn -0.1223 -0.1111 0.9863
vn 0.1582 -0.1272 0.9792
vn -0.2712 -0.1468 0.9513
vn -0.4477 0.0220 0.8939
vn -0.1210 -0.1392 0.9828
vn 0.2701 -0.2063 0.9405
vn 0.1120 -0.1259 0.9857
vn -0.2184 -0.1553 0.9634
vn 0.2227 -0.2027 0.9536
vn -0.2597 -0.1880 0.9472
vn 0.2903 -0.2903 0.9118
vn 0.2100 -0.4967 0.8421
vn 0.5833 -0.5387 0.6079
vn 0.6214 -0.3622 0.6947
vn 0.7254 -0.5671 0.3901
vn 0.7832 -0.4230 0.4557
vn -0.1684 -0.6504 0.7407
vn 0.2263 -0.7551 0.6153
vn -0.7373 -0.5873 0.3339
vn -0.5978 -0.7664 0.2352
vn -0.6589 -0.1275 0.7413
vn -0.6271 -0.0965 0.7730
vn -0.8500 -0.0486 0.5246
vn -0.5833 -0.0494 0.8108
vn -0.8350 0.0101 0.5501
vn -0.9570 0.0760 0.2800
vn -0.8350 -0.0408 0.5487
vn -0.9852 0.0786 0.1521
vn -0.9811 0.1645 -0.1020
vn -0.9895 0.1217 0.0774
vn -0.9756 0.1463 -0.1637
vn -0.9943 -0.0357 0.1001
vn -0.9875 -0.0586 -0.1462
vn -0.9539 -0.1910 0.2316
vn -0.9702 -0.2231 -0.0943
vn -0.9519 -0.2572 -0.1667
vn -0.9320 -0.3600 -0.0420
vn -0.9272 -0.3574 -0.1118
vn -0.8789 -0.2344 0.4154
vn -0.7861 -0.0119 0.6180
vn -0.6591 -0.1333 0.7402
vn -0.8275 0.0388 0.5601
vn -0.4598 -0.1118 0.8810
vn -0.2344 -0.0346 0.9715
vn -0.9916 0.1272 -0.0241
vn -0.9469 -0.0338 0.3197
vn -0.8520 -0.1026 0.5134
vn 0.0274 -0.0784 0.9965
vn 0.8264 0.0471 0.5611
vn 0.7249 -0.0416 0.6876
vn 0.9675 0.0119 0.2527
vn 0.9502 0.0037 0.3115
vn -0.0594 -0.3653 0.9290
vn 0.9948 -0.0306 -0.0967
vn 1.0000 -0.0018 0.0075
vn 0.9259 -0.2164 -0.3097
vn 0.5373 -0.7482 -0.3893
vn 0.8671 -0.2976 -0.3994
vn 0.7710 -0.4302 -0.4697
vn 0.1239 -0.4656 -0.8763
vn 0.8091 -0.2458 -0.5337
vn -0.0507 -0.9430 -0.3290
vn -0.6263 0.2994 -0.7198
vn -0.5211 0.7891 0.3253
vn -0.0378 0.9972 0.0651
vn -0.2232 0.9608 0.1642
vn -0.1169 0.3936 0.9118
vn -0.9911 0.0719 0.1116
vn -0.0055 0.1066 0.9943
vn -0.3135 -0.1595 0.9361
vn -0.3780 0.1443 0.9145
vn -0.3027 0.0470 0.9519
vn -0.6239 0.2230 0.7490
vn -0.1469 0.2679 0.9522
vn 0.0888 -0.2649 0.9602
vn -0.4557 -0.1466 0.8780
vn 0.1367 -0.0411 0.9898
vn -0.8868 0.0300 0.4613
vn -0.5886 0.0839 0.8040
vn -0.7941 0.2305 0.5623
vn -0.6060 0.1484 0.7815
vn 0.0012 0.0676 0.9977
vn -0.2724 0.1756 0.9460
vn -0.6150 0.1952 0.7640
vn -0.6006 0.2320 0.7651
vn -0.2816 0.2553 0.9250
vn -0.5549 0.1985 0.8079
vn 0.1331 0.2303 0.9640
vn -0.5232 0.2645 0.8101
vn -0.6653 0.0706 0.7432
vn -0.2430 0.1664 0.9556
vn 0.5539 0.2426 0.7964
vn 0.6608 0.1750 0.7299
vn 0.4248 0.3110 0.8502
vn 0.5185 0.2073 0.8296
vn 0.2518 0.1894 0.9491
vn -0.7534 0.0940 0.6508
vn -0.7036 0.1231 0.6998
vn -0.8750 0.0918 0.4753
vn -0.8671 0.0538 0.4953
vn 0.2550 0.1437 0.9562
vn 0.6384 0.1848 0.7471
vn -0.1943 -0.0523 0.9795
vn 0.5716 0.0719 0.8173
vn -0.9284 -0.1893 0.3199
vn -0.2578 -0.0836 0.9626
vn -0.9499 -0.1092 0.2930
vn -0.9011 -0.1780 0.3954
vn -0.7672 -0.0210 0.6410
vn -0.7857 -0.1572 0.5983
vn -0.5732 -0.1485 0.8059
vn -0.9406 -0.1670 0.2957
vn -0.4005 -0.2542 0.8804
vn -0.2299 -0.2315 0.9453
vn -0.1618 -0.2242 0.9610
vn -0.6836 -0.1358 0.7171
vn -0.6244 -0.1822 0.7596
vn -0.0984 -0.0301 0.9947
vn -0.7922 -0.1495 0.5917
vn -0.5331 -0.2352 0.8127
vn -0.2573 -0.1679 0.9516
vn -0.6064 -0.0529 0.7934
vn -0.9500 0.0430 0.3093
vn -0.8302 -0.1681 0.5316
vn -0.8105 -0.0328 0.5848
vn -0.9589 -0.1380 0.2479
vn 0.0295 -0.1220 0.9921
vn -0.7867 -0.1649 0.5949
vn 0.3918 -0.1995 0.8982
vn -0.0771 -0.1192 0.9899
vn -0.8157 -0.1740 0.5518
vn -0.4390 -0.3649 0.8210
vn -0.8164 -0.2025 0.5408
vn -0.8099 -0.0872 0.5800
vn -0.1884 -0.2698 0.9443
vn -0.0911 -0.0276 0.9955
vn 0.9351 0.0272 0.3535
vn 0.9394 -0.0389 0.3405
vn -0.8699 -0.4908 0.0483
vn -0.8882 -0.4384 0.1374
vn -0.8881 -0.3214 0.3288
vn -0.9024 -0.2920 0.3168
vn -0.9359 -0.1921 0.2952
vn -0.6026 0.0953 0.7924
vn -0.5815 0.0125 0.8135
vn -0.9162 0.0432 0.3985
vn -0.8521 0.1419 0.5038
vn -0.8418 0.1349 0.5226
vn -0.8566 0.0819 0.5095
vn -0.9217 -0.0027 0.3880
vn -0.9812 -0.1563 0.1130
vn -0.9475 0.0145 0.3195
vn -0.2631 0.5574 0.7875
vn -0.2228 0.6928 0.6858
vn -0.8566 0.1090 0.5044
vn -0.7275 0.2498 0.6391
vn -0.7678 0.2517 0.5892
vn -0.3851 0.6889 0.6141
vn -0.7313 0.2236 0.6444
vn -0.7657 0.2293 0.6009
vn -0.7257 0.2152 0.6535
vn -0.7523 0.2298 0.6175
vn -0.7456 0.1675 0.6450
vn -0.7807 0.1764 0.5994
vn -0.8746 -0.0136 0.4846
vn -0.8550 -0.1182 0.5049
vn -0.5445 -0.8308 -0.1153
vn -0.7967 -0.3356 0.5027
vn -0.2478 -0.9662 -0.0704
vn -0.5101 -0.8524 0.1150
vn 0.0078 -0.9393 0.3431
vn -0.2243 -0.7544 0.6169
vn -0.0552 -0.8777 0.4760
vn 0.0163 -0.5844 0.8113
vn 0.2644 -0.7939 0.5476
vn -0.2404 -0.6016 0.7617
vn 0.5828 -0.5445 0.6031
vn 0.1446 -0.2601 0.9547
vn 0.6806 -0.1394 0.7192
vn 0.2815 0.0397 0.9588
vn 0.3307 -0.2039 0.9214
vn 0.2282 -0.3990 0.8881
vn 0.2434 0.2825 0.9279
vn 0.2910 0.2882 0.9123
vn 0.3615 -0.1805 0.9147
vn 0.8818 -0.1206 0.4560
vn 0.3081 -0.4265 0.8504
vn 0.8002 -0.4680 0.3749
vn 0.8898 0.4460 0.0969
vn 0.7608 0.4516 0.4660
vn 0.9974 -0.0597 0.0413
vn 0.9975 -0.0603 0.0364
vn 0.8504 -0.3661 0.3779
vn 0.1544 -0.0803 0.9847
vn -0.2697 0.1396 0.9528
vn -0.3414 0.1433 0.9289
vn -0.4112 0.0925 0.9068
vn -0.4049 0.0706 0.9116
vn -0.2771 0.2418 0.9299
vn -0.5892 0.2148 0.7789
vn -0.4019 0.1966 0.8943
vn -0.6104 0.3156 0.7265
vn 0.5482 0.1576 0.8213
vn -0.5325 0.1208 0.8377
vn 0.7034 0.1685 0.6905
vn 0.0748 0.1483 0.9861
vn 0.6141 0.4129 0.6726
vn 0.0581 0.1923 0.9796
vn -0.1210 0.1597 0.9797
vn -0.4552 0.1815 0.8717
vn -0.3787 0.2035 0.9029
vn 0.4963 0.0779 0.8647
vn 0.9034 0.4118 0.1197
vn 0.1442 0.6043 0.7836
vn 0.2539 0.5326 0.8074
vn 0.4459 0.6326 0.6332
vn 0.3433 0.6767 0.6514
vn 0.7037 0.4116 0.5791
vn 0.4107 0.8682 0.2786
vn 0.8107 0.5854 0.0022
vn 0.8704 0.4262 -0.2465
vn 0.7305 0.6475 -0.2171
vn 0.8492 0.4394 -0.2929
vn 0.9326 0.2598 -0.2506
vn 0.9521 0.2717 0.1404
vn 0.9907 0.1019 0.0900
vn 0.9995 0.0299 0.0041
vn 0.1723 0.3935 -0.9030
vn 0.2005 0.3748 -0.9052
vn 0.4470 0.4251 -0.7871
vn -0.1588 0.3738 -0.9138
vn -0.2374 0.3403 -0.9099
vn -0.1311 0.3788 -0.9161
vn -0.2146 0.3927 -0.8943
vn -0.3642 0.2773 -0.8891
vn -0.5104 0.4012 -0.7606
vn -0.5657 0.2192 -0.7950
vn -0.6903 0.1584 -0.7060
vn -0.8357 0.0804 -0.5432
vn -0.8833 -0.0020 -0.4687
vn -0.9276 0.0639 -0.3681
vn -0.9632 -0.1493 -0.2237
vn -0.9700 -0.1389 -0.1997
vn -0.9521 -0.0888 -0.2926
vn -0.9490 -0.3147 0.0205
vn -0.9433 -0.2632 -0.2021
vn -0.8645 -0.4641 0.1931
vn -0.9097 -0.4037 -0.0976
vn -0.8297 -0.5256 0.1878
vn -0.8088 -0.4574 0.3695
vn -0.5888 -0.4125 0.6951
vn -0.0511 -0.1030 0.9934
vn 0.2003 0.0284 0.9793
vn 0.0763 -0.0072 0.9971
vn 0.1655 0.1499 0.9748
vn 0.1514 0.0960 0.9838
vn -0.8615 -0.3546 0.3635
vn -0.8918 -0.3243 0.3154
vn -0.8983 -0.3397 0.2785
vn -0.9485 -0.1949 0.2498
vn -0.9089 -0.1919 0.3703
vn -0.9873 -0.1523 0.0448
vn -0.9794 0.1513 0.1338
vn -0.9429 0.0790 0.3235
vn -0.9652 0.2294 -0.1256
vn -0.9781 0.1561 -0.1379
vn -0.9888 0.1063 0.1050
vn -0.8137 0.2622 -0.5188
vn -0.8423 0.2446 -0.4804
vn -0.9795 0.1398 -0.1447
vn -0.8572 0.1229 -0.5001
vn -0.9813 -0.0321 -0.1899
vn -0.7870 -0.1171 -0.6057
vn -0.9283 -0.2693 -0.2565
vn -0.5025 0.1067 -0.8580
vn -0.5766 0.0810 -0.8130
vn -0.7199 -0.1943 -0.6664
vn -0.3635 0.4187 -0.8322
vn -0.4878 0.4681 -0.7368
vn -0.7565 0.1716 -0.6311
vn -0.2780 0.5834 -0.7631
vn -0.2305 0.5568 -0.7980
vn -0.3039 0.4088 -0.8605
vn 0.2426 0.9246 -0.2936
vn 0.1635 0.9086 -0.3844
vn -0.2505 0.5355 -0.8065
vn 0.4225 0.8815 -0.2110
vn 0.5180 0.8260 -0.2223
vn -0.2846 0.5131 -0.8098
vn 0.8437 0.5367 0.0059
vn 0.4862 0.8702 -0.0796
vn 0.4356 0.6364 -0.6366
vn 0.1857 0.4926 -0.8502
vn -0.1361 0.4997 -0.8554
vn 0.0033 0.4761 -0.8794
vn -0.0619 0.4040 -0.9127
vn -0.1423 0.4558 -0.8786
vn -0.1499 0.4215 -0.8944
vn -0.5567 0.3038 -0.7731
vn -0.5255 0.3663 -0.7679
vn -0.1743 0.3589 -0.9170
vn -0.4858 0.3414 -0.8046
vn -0.8111 0.3315 -0.4820
vn -0.9769 -0.0687 -0.2022
vn -0.9537 -0.2934 0.0658
vn 0.9247 0.2223 -0.3091
vn 0.9494 0.1073 -0.2950
vn 0.9535 0.2433 -0.1780
vn 0.8806 0.2518 -0.4014
vn 0.8300 0.2053 -0.5185
vn 0.9976 -0.0529 0.0438
vn 0.9141 -0.0100 0.4053
vn 0.8326 0.3046 -0.4625
vn 0.7806 -0.0451 0.6233
vn 0.8476 0.2098 0.4874
vn 0.8285 0.1514 0.5391
vn 0.8315 0.2381 0.5019
vn 0.7064 0.4218 0.5685
vn 0.7291 0.4714 0.4961
vn 0.5960 0.2956 0.7466
vn 0.4047 0.3444 0.8471
vn 0.5084 0.5882 0.6289
vn 0.6703 0.1687 0.7227
vn 0.4131 0.0464 0.9095
vn 0.3538 0.0442 0.9343
vn 0.6663 0.0911 0.7401
vn 0.6591 -0.1626 0.7342
vn 0.8272 0.0737 0.5571
vn 0.6999 -0.2203 0.6794
vn 0.5912 -0.2313 0.7726
vn 0.6667 -0.2801 0.6907
vn 0.7022 -0.1833 0.6879
vn 0.9323 0.1949 -0.3048
vn 0.4036 0.8520 0.3333
vn 0.1843 -0.6929 0.6971
vn -0.6950 0.2211 0.6842
vn -0.5669 0.4129 0.7128
vn -0.6124 0.2828 0.7383
vn -0.0439 0.5085 0.8599
vn 0.0582 0.5939 0.8024
vn -0.7396 0.2935 0.6056
vn -0.9216 -0.1327 0.3647
vn -0.0758 0.7389 0.6696
vn -0.3579 0.4394 0.8239
vn -0.4257 0.3089 0.8505
vn -0.5324 -0.1567 0.8319
vn -0.6802 -0.3826 0.6253
vn -0.5222 -0.2412 0.8180
vn -0.2597 -0.2190 0.9405
vn -0.4251 0.2420 0.8722
vn -0.3050 0.2782 0.9108
vn -0.5968 0.0341 0.8017
vn -0.5440 0.2845 0.7894
vn -0.3625 0.4238 0.8301
vn -0.1147 0.3515 0.9291
vn -0.1390 -0.0856 0.9866
vn -0.1233 -0.2040 0.9712
vn -0.4146 0.0351 0.9093
vn -0.2576 0.2469 0.9342
vn -0.4250 0.0856 0.9011
vn -0.3611 0.2592 0.8958
vn -0.4381 0.4177 0.7960
vn -0.4104 0.1526 0.8990
vn -0.2796 0.4002 0.8727
vn -0.4215 0.1160 0.8994
vn -0.2149 0.1248 0.9686
vn -0.3502 -0.1545 0.9238
vn -0.2326 0.2910 0.9280
vn -0.3844 0.0370 0.9224
vn -0.0993 0.7318 0.6743
vn -0.3982 0.3135 0.8621
vn -0.1498 0.8562 0.4945
vn -0.5380 -0.1494 0.8296
vn -0.5065 -0.0061 0.8622
vn -0.4205 0.2494 0.8723
vn -0.7885 0.0827 0.6094
vn -0.5827 0.2351 0.7780
vn -0.6116 -0.4627 0.6418
vn -0.9580 -0.0224 0.2860
vn -0.4099 -0.1608 0.8979
vn -0.1641 0.4852 0.8589
vn -0.4346 -0.2759 0.8573
vn -0.0882 0.3993 0.9125
vn -0.1355 -0.0902 0.9867
vn -0.1379 0.3869 0.9117
vn -0.4166 0.0014 0.9091
vn -0.8886 0.1170 0.4436
vn -0.7976 0.2478 0.5499
vn -0.8927 0.0940 0.4407
vn -0.9163 0.0825 0.3919
vn -0.9152 0.1165 0.3859
vn -0.9713 0.0077 0.2376
vn -0.9598 0.1512 0.2365
vn -0.9649 0.0334 0.2603
vn -0.9982 -0.0166 0.0575
vn -0.9933 -0.1037 0.0506
vn -0.9975 -0.0365 -0.0610
vn -0.9961 -0.0856 -0.0193
vn -0.9642 -0.0684 -0.2564
vn -0.9735 -0.1103 -0.2003
vn -0.8890 -0.0679 -0.4529
vn -0.9138 -0.1967 -0.3554
vn -0.8037 -0.2243 -0.5512
vn -0.8199 -0.2992 -0.4881
vn -0.9181 -0.2499 -0.3075
vn -0.5989 -0.2527 -0.7600
vn -0.6151 -0.3785 -0.6916
vn -0.5704 -0.0246 -0.8210
vn -0.6951 -0.0072 -0.7188
vn -0.5328 -0.2319 -0.8139
vn -0.5857 0.1921 -0.7875
vn -0.8996 0.1112 -0.4224
vn -0.9543 0.0453 -0.2955
vn -0.6483 0.2768 -0.7093
vn -0.7288 0.1328 -0.6717
vn -0.8050 0.1603 -0.5712
vn -0.4851 0.5687 -0.6643
vn -0.5993 0.6325 -0.4906
vn -0.7735 0.4273 -0.4681
vn -0.8142 0.4549 -0.3607
vn -0.7875 0.3499 -0.5073
vn -0.8308 0.4142 -0.3718
vn -0.9205 0.3436 -0.1861
vn -0.8747 0.3061 -0.3758
vn -0.9485 0.2636 -0.1758
vn -0.9745 0.2231 0.0228
vn -0.9710 0.2005 -0.1300
vn -0.9877 0.1510 0.0413
vn -0.9584 0.1757 0.2249
vn -0.9750 0.2207 0.0263
vn -0.9571 0.1655 0.2379
vn -0.9635 0.0858 0.2537
vn -0.9163 0.2041 -0.3447
vn -0.7812 0.2939 -0.5507
vn -0.8217 0.1948 -0.5356
vn -0.9643 0.2607 0.0457
vn -0.9158 0.3380 -0.2169
vn -0.9407 0.3292 0.0820
vn -0.8898 0.4010 -0.2181
vn -0.8667 0.4553 -0.2038
vn -0.7939 0.4964 -0.3512
vn -0.8046 0.4768 -0.3541
vn -0.8061 0.5765 -0.1336
vn -0.7806 0.5212 -0.3451
vn -0.6448 0.7642 0.0150
vn -0.7201 0.6301 -0.2904
vn -0.6055 0.7757 -0.1780
vn -0.6597 0.6723 -0.3360
vn -0.7102 0.5730 -0.4090
vn -0.6095 0.6080 -0.5088
vn -0.6261 0.5277 -0.5740
vn -0.5735 0.7042 -0.4186
vn -0.4589 0.6988 -0.5487
vn -0.5320 0.5288 -0.6613
vn -0.1685 0.9720 -0.1640
vn -0.1069 0.9740 -0.1998
vn -0.2090 0.7464 -0.6319
vn -0.0130 0.9892 0.1460
vn 0.0139 0.9899 0.1409
vn 0.0749 0.9746 -0.2110
vn -0.0307 0.9326 0.3596
vn -0.1515 0.9399 0.3059
vn -0.0364 0.9888 0.1449
vn -0.2018 0.9087 0.3653
vn -0.2171 0.9142 0.3423
vn -0.1400 0.9513 0.2748
vn -0.4210 0.7397 0.5250
vn -0.3907 0.7306 0.5600
vn -0.1938 0.8899 0.4128
vn -0.6070 0.4471 0.6570
vn -0.5531 0.6200 0.5565
vn -0.4167 0.7570 0.5033
vn -0.8177 0.0053 0.5756
vn -0.9117 0.2081 0.3542
vn -0.5157 0.7355 0.4395
vn -0.9520 -0.2371 0.1937
vn -0.9732 -0.1625 -0.1626
vn -0.8264 0.5440 0.1455
vn -0.8417 -0.4688 -0.2678
vn -0.8221 -0.4251 -0.3787
vn -0.9737 -0.0230 -0.2265
vn -0.6404 -0.6334 -0.4343
vn -0.6718 -0.5501 -0.4961
vn -0.8312 -0.2422 -0.5005
vn -0.5082 -0.7335 -0.4513
vn -0.5405 -0.7339 -0.4114
vn -0.7252 -0.4797 -0.4939
vn -0.4048 -0.8511 -0.3343
vn -0.3926 -0.8210 -0.4144
vn -0.5424 -0.6773 -0.4970
vn -0.3638 -0.8361 -0.4106
vn -0.2520 -0.8471 -0.4679
vn -0.2900 -0.7835 -0.5495
vn -0.3250 -0.7719 -0.5464
vn -0.1810 -0.8003 -0.5716
vn -0.1502 -0.8640 -0.4806
vn -0.2384 -0.5724 -0.7845
vn -0.0658 -0.5628 -0.8240
vn -0.0519 -0.8143 -0.5781
vn -0.0607 -0.2716 -0.9605
vn 0.1559 -0.2859 -0.9455
vn 0.1442 -0.5784 -0.8029
vn 0.1662 -0.1094 -0.9800
vn 0.4086 -0.1415 -0.9017
vn 0.3811 -0.3147 -0.8693
vn 0.4074 -0.1225 -0.9050
vn 0.6540 -0.1478 -0.7419
vn 0.6576 -0.1567 -0.7369
vn 0.6557 -0.1663 -0.7365
vn 0.8543 -0.1308 -0.5031
vn 0.8424 -0.1207 -0.5252
vn 0.8523 -0.1461 -0.5023
vn 0.9616 0.0687 -0.2658
vn 0.9373 -0.0609 -0.3431
vn 0.8595 -0.1233 -0.4961
vn 0.9908 0.0175 -0.1343
vn 0.9811 0.0909 -0.1707
vn 0.9845 0.1751 -0.0032
vn 0.9867 0.0693 -0.1469
vn 0.9660 0.2568 -0.0318
vn 0.9459 0.1437 -0.2910
vn 0.9202 0.3480 0.1792
vn 0.9232 0.3837 0.0194
vn 0.9091 0.2770 -0.3110
vn 0.8669 0.3926 -0.3072
vn 0.8206 0.2489 -0.5144
vn 0.6538 0.3217 -0.6848
vn 0.7351 0.1535 -0.6604
vn 0.9531 0.2878 0.0941
vn 0.8869 0.4124 -0.2080
vn 0.8736 0.4637 0.1478
vn 0.9585 0.2261 -0.1738
vn 0.6808 0.3022 -0.6672
vn 0.5978 0.3627 -0.7149
vn 0.7380 0.6236 -0.2580
vn 0.4263 0.1967 -0.8829
vn 0.7953 0.1839 -0.5777
vn 0.4948 0.1462 -0.8566
vn 0.2956 0.1044 -0.9496
vn 0.6155 -0.0399 -0.7872
vn 0.3437 -0.0387 -0.9383
vn 0.1317 -0.0493 -0.9901
vn 0.3937 -0.1857 -0.9003
vn 0.1459 -0.1582 -0.9766
vn -0.0106 -0.1194 -0.9928
vn 0.1806 -0.2302 -0.9562
vn -0.0094 -0.2026 -0.9792
vn 0.2040 -0.1709 -0.9639
vn -0.0213 -0.1701 -0.9852
vn 0.1907 -0.1056 -0.9760
vn -0.0309 -0.1084 -0.9936
vn 0.4036 -0.2417 -0.8824
vn 0.3981 -0.1830 -0.8989
vn 0.6564 -0.1813 -0.7323
vn 0.6689 -0.2013 -0.7156
vn -0.0160 -0.0559 -0.9983
vn 0.1062 0.0481 -0.9932
vn 0.2998 0.1138 -0.9472
vn 0.1471 0.0358 -0.9885
vn 0.2592 0.1938 -0.9462
vn -0.0169 0.1920 -0.9813
vn 0.8567 0.0015 -0.5158
vn -0.0413 -0.1116 -0.9929
vn -0.2844 -0.1313 -0.9497
vn -0.2698 -0.2812 -0.9209
vn -0.5613 -0.2674 -0.7832
vn -0.4711 -0.5275 -0.7069
vn -0.6650 -0.4227 -0.6157
vn -0.5091 -0.6880 -0.5173
vn -0.6460 -0.6094 -0.4596
vn -0.4559 -0.8167 -0.3538
vn -0.5115 -0.7504 -0.4187
vn -0.4086 -0.8176 -0.4057
vn -0.4308 -0.7813 -0.4517
vn -0.4885 -0.7475 -0.4502
vn -0.5427 -0.7670 -0.3423
vn -0.6881 -0.6529 -0.3165
vn -0.7675 -0.6409 0.0113
vn -0.8950 -0.4320 0.1114
vn -0.7099 -0.5914 0.3825
vn -0.8166 -0.2252 0.5315
vn -0.7479 -0.1613 0.6440
vn -0.7458 -0.0029 0.6662
vn -0.6903 0.0375 0.7226
vn -0.6246 0.3634 0.6912
vn -0.5226 0.3887 0.7588
vn -0.2998 0.8062 0.5102
vn -0.0888 0.8354 0.5424
vn -0.0541 0.8936 0.4455
vn 0.0866 0.8939 0.4399
vn 0.0521 0.9340 0.3535
vn 0.1695 0.9400 0.2963
vn 0.0959 0.9770 0.1906
vn 0.0766 0.9616 0.2636
vn -0.2366 0.9710 -0.0330
vn -0.1191 0.9826 0.1427
vn -0.5756 0.7823 -0.2380
vn -0.4581 0.8884 -0.0300
vn -0.4087 0.8943 0.1821
vn -0.3574 0.8602 0.3637
vn -0.6320 0.7202 0.2860
vn -0.8447 0.5068 0.1724
vn -0.6945 0.1954 -0.6925
vn -0.7577 -0.0519 -0.6505
vn -0.2937 0.1389 -0.9457
vn 0.4425 0.5189 -0.7314
vn -0.3923 -0.1623 0.9054
vn -0.0838 0.3968 0.9141
vn -0.1075 0.4698 0.8762
vn -0.0885 0.1885 0.9781
vn -0.1675 0.1512 0.9742
vn 0.0548 0.1540 0.9865
vn -0.4754 0.0765 0.8764
vn 0.0468 0.2846 0.9575
vn 0.0379 0.2459 0.9686
vn -0.0438 0.2362 0.9707
vn -0.2810 0.1795 0.9428
vn -0.2286 0.1641 0.9596
vn -0.2897 0.1519 0.9450
vn -0.3178 0.1966 0.9276
vn -0.1751 0.2454 0.9535
vn -0.3940 0.3474 0.8510
vn -0.3720 0.3598 0.8557
vn -0.3250 0.2101 0.9221
vn -0.1432 0.1190 0.9825
vn 0.2034 0.3520 0.9136
vn -0.2508 0.3715 0.8939
vn 0.1572 0.1198 0.9803
vn 0.3358 0.1533 0.9294
vn 0.1223 0.1955 0.9730
vn 0.2348 0.2160 0.9477
vn 0.3707 0.1900 0.9091
vn 0.2590 0.2394 0.9357
vn 0.2199 0.2705 0.9373
vn 0.2638 0.3103 0.9133
vn 0.3120 0.2369 0.9201
vn 0.3751 0.2325 0.8973
vn 0.3714 0.2188 0.9023
vn 0.3636 0.1847 0.9131
vn 0.2425 0.3355 0.9103
vn 0.3923 0.3131 0.8649
vn -0.0490 0.6778 0.7336
vn 0.3925 0.4309 0.8126
vn 0.3431 0.6509 0.6772
vn -0.2778 0.9589 0.0574
vn -0.2461 0.9475 -0.2043
vn -0.2967 0.9135 -0.2785
vn -0.4029 0.9145 -0.0376
vn 0.1806 0.7350 -0.6536
vn 0.4454 0.8298 -0.3363
vn -0.6155 0.7687 0.1741
vn -0.6263 0.6714 0.3962
vn -0.7639 0.6043 0.2265
vn -0.1757 0.2580 0.9500
vn -0.8429 0.2110 0.4950
vn -0.7902 0.6128 -0.0055
vn -0.9679 0.2319 0.0973
vn -0.7712 0.6285 -0.1014
vn -0.9649 0.2606 -0.0312
vn -0.3201 0.7514 0.5770
vn -0.4764 0.8791 0.0161
vn -0.6873 0.6813 0.2518
vn -0.4378 0.8820 0.1744
vn -0.4069 0.5605 0.7213
vn -0.7172 0.2733 0.6411
vn -0.4735 0.6115 0.6339
vn -0.7746 0.3879 0.4995
vn -0.8575 0.1032 0.5040
vn -0.7510 0.3585 0.5544
vn -0.8365 0.1511 0.5268
vn -0.7748 -0.0413 0.6308
vn -0.6023 0.0862 0.7936
vn -0.6173 -0.0174 0.7866
vn -0.5764 -0.1809 0.7969
vn -0.4221 -0.0478 0.9053
vn -0.4694 -0.1472 0.8706
vn -0.3820 -0.0858 0.9202
vn -0.4120 -0.1205 0.9032
vn -0.3216 -0.0588 0.9450
vn -0.2448 -0.0149 0.9695
vn 0.2473 -0.0922 0.9646
vn 0.2212 -0.1976 0.9550
vn 0.9753 -0.1071 0.1930
vn 0.8880 -0.3312 0.3190
vn 0.9399 -0.1512 0.3062
vn 0.8776 -0.3517 0.3259
vn 0.9606 -0.1452 0.2369
vn 0.9041 -0.3577 0.2338
vn 0.8673 -0.4790 0.1355
vn 0.9487 -0.3136 0.0395
vn 0.9148 -0.4024 0.0346
vn 0.9539 -0.1779 -0.2417
vn 0.9405 -0.2297 -0.2503
vn 0.8652 0.0239 -0.5008
vn 0.8408 0.0571 -0.5384
vn 0.6892 0.2188 -0.6907
vn 0.7015 0.3134 -0.6401
vn 0.4497 0.4080 -0.7945
vn 0.4613 0.6010 -0.6526
vn 0.3050 0.7938 -0.5261
vn 0.0266 0.8571 -0.5144
vn 0.1471 0.8580 -0.4922
vn 0.0903 0.7943 -0.6007
vn -0.1506 0.9005 -0.4079
vn -0.0800 0.8364 -0.5423
vn -0.2957 0.8934 -0.3383
vn -0.1192 0.6968 -0.7073
vn -0.4555 0.7528 -0.4752
vn 0.3466 0.3476 -0.8712
vn -0.0354 0.4819 -0.8755
vn 0.6523 0.2281 -0.7228
vn 0.6590 0.2882 -0.6947
vn 0.2262 0.3732 -0.8998
vn 0.8663 0.1963 -0.4594
vn 0.8693 0.2395 -0.4323
vn 0.6500 0.3140 -0.6921
vn 0.9724 0.1827 -0.1449
vn 0.9741 0.1066 -0.1996
vn 0.8590 0.1985 -0.4719
vn 0.9924 -0.0141 0.1223
vn 0.9254 -0.3776 0.0335
vn 0.9483 -0.1911 -0.2532
vn 0.8954 -0.4197 0.1485
vn 0.7910 -0.6101 0.0457
vn 0.8334 -0.5397 -0.1189
vn 0.7421 -0.6641 0.0914
vn 0.5744 -0.8158 0.0679
vn 0.6688 -0.7397 -0.0753
vn 0.4578 -0.7617 0.4586
vn 0.3347 -0.8755 0.3486
vn 0.3054 -0.7620 0.5711
vn 0.0811 -0.8198 0.5669
vn -0.1078 -0.7194 0.6862
vn -0.3332 -0.7626 0.5544
vn -0.0827 -0.8526 0.5159
vn -0.5672 -0.4983 0.6557
vn -0.2976 -0.4960 0.8157
vn -0.2392 -0.7042 0.6685
vn -0.5533 -0.2005 0.8085
vn -0.4608 -0.2538 0.8505
vn -0.5372 -0.0384 0.8426
vn -0.3726 -0.4368 0.8188
vn -0.0032 -0.5881 0.8087
vn 0.1596 -0.2011 0.9665
vn 0.3991 -0.3963 0.8268
vn 0.1627 -0.2130 0.9634
vn 0.7000 -0.5178 0.4919
vn 0.9404 -0.1617 0.2992
vn 0.9859 0.1604 0.0483
vn 0.9923 -0.0761 0.0980
vn 0.9712 0.1423 0.1912
vn 0.9679 0.0284 0.2496
vn 0.9644 0.1340 0.2280
vn 0.9733 0.0003 0.2295
vn 0.9837 0.1516 0.0969
vn 0.9965 0.0247 0.0795
vn 0.9928 -0.1038 0.0596
vn 0.9836 0.0910 -0.1556
vn 0.9802 -0.0223 -0.1965
vn 0.9700 -0.0843 0.2278
vn 0.2642 -0.0479 0.9633
vn 0.1953 -0.0779 0.9776
vn 0.9952 0.0879 0.0436
vn 0.9064 -0.4192 0.0523
vn -0.3359 -0.1044 0.9361
vn -0.0609 -0.1172 0.9912
vn 0.8673 0.0953 -0.4885
vn -0.1464 0.0235 0.9890
vn -0.2499 -0.0232 0.9680
vn -0.1590 0.0520 0.9859
vn 0.0218 0.1673 0.9857
vn 0.1174 -0.1437 0.9826
vn 0.0654 0.1955 0.9785
vn -0.2470 -0.0504 0.9677
vn -0.4273 -0.1135 0.8969
vn -0.3052 -0.0056 0.9523
vn -0.4877 -0.1417 0.8614
vn -0.6427 -0.2171 0.7348
vn -0.6664 -0.2248 0.7109
vn -0.7592 -0.1398 0.6357
vn -0.9270 -0.0789 0.3668
vn -0.8196 0.0466 0.5711
vn -0.4829 0.5975 0.6402
vn -0.2931 0.5500 0.7820
vn -0.4788 0.4990 0.7223
vn -0.9126 0.3796 -0.1521
vn -0.8544 0.5131 0.0816
vn -0.9298 0.2703 0.2500
vn 0.4059 0.3114 0.8592
vn 0.2321 0.6190 0.7503
vn -0.2651 0.6070 0.7492
vn 0.2154 0.7046 0.6761
vn -0.2267 0.7504 0.6209
vn -0.0898 0.9735 0.2103
vn -0.1203 0.9231 0.3653
vn -0.3111 0.7430 0.5926
vn -0.0381 0.9677 0.2492
vn -0.1243 0.9746 0.1864
vn -0.2698 0.9136 0.3043
vn -0.0323 0.9925 0.1181
vn -0.0098 0.9743 0.2248
vn -0.1111 0.9545 0.2767
vn 0.1461 0.9776 0.1517
vn 0.0036 0.9998 0.0181
vn -0.1420 0.9841 0.1068
vn 0.4146 0.8838 -0.2170
vn 0.4187 0.9067 -0.0517
vn 0.1784 0.9790 0.0989
vn 0.7777 0.5452 -0.3129
vn 0.7375 0.6750 0.0242
vn 0.4086 0.8964 0.1716
vn 0.9132 0.3952 -0.0996
vn 0.9349 0.3549 0.0021
vn 0.5728 0.7862 0.2321
vn 0.9856 -0.0271 -0.1671
vn 0.9632 -0.0613 0.2616
vn 0.9226 0.1981 0.3311
vn 0.9439 -0.2565 0.2080
vn 0.8187 -0.2667 0.5085
vn 0.8227 -0.0594 0.5654
vn 0.5755 -0.7939 0.1964
vn 0.4317 -0.8817 0.1904
vn 0.7428 -0.3178 0.5893
vn 0.2918 -0.9557 0.0382
vn 0.1989 -0.9798 0.0201
vn 0.4017 -0.8823 0.2452
vn 0.2083 -0.9778 0.0228
vn 0.1718 -0.9799 0.1013
vn 0.2144 -0.9705 0.1100
vn 0.2915 -0.8934 0.3418
vn 0.1190 -0.9033 0.4121
vn 0.0915 -0.9686 0.2312
vn 0.1571 -0.6240 0.7654
vn -0.1371 -0.6402 0.7559
vn -0.0968 -0.9140 0.3939
vn -0.1280 -0.4463 0.8857
vn -0.4183 -0.5076 0.7532
vn -0.3861 -0.6844 0.6186
vn -0.4132 -0.3748 0.8299
vn -0.6212 -0.4122 0.6665
vn -0.6018 -0.5370 0.5911
vn -0.6252 -0.2653 0.7340
vn -0.7992 -0.2684 0.5378
vn -0.7726 -0.4117 0.4834
vn -0.7992 -0.1343 0.5858
vn -0.9202 -0.1044 0.3773
vn -0.9005 -0.2712 0.3400
vn -0.9086 0.1190 0.4004
vn -0.9804 0.0946 0.1729
vn -0.9905 -0.0467 0.1291
vn -0.9157 0.3362 0.2200
vn -0.9092 0.4155 -0.0286
vn -0.9944 0.0815 -0.0674
vn -0.8524 0.5229 0.0062
vn -0.9560 0.2915 -0.0329
vn -0.9305 0.3475 -0.1161
vn -0.9235 0.3828 0.0246
vn -0.9979 0.0009 -0.0643
vn -0.9923 -0.1166 -0.0426
vn -0.7642 -0.6397 -0.0816
vn -0.9361 -0.3509 0.0240
vn -0.7941 0.5778 0.1885
vn -0.8388 0.3155 0.4438
vn -0.7923 0.1035 0.6013
vn -0.6030 -0.1302 0.7870
vn -0.3809 -0.2331 0.8947
vn -0.1057 -0.3033 0.9470
vn 0.1424 -0.4422 0.8855
vn 0.4153 -0.6501 0.6363
vn 0.3963 -0.8869 0.2374
vn 0.2917 -0.9564 0.0145
vn 0.4808 -0.8725 0.0867
vn 0.8067 -0.5883 0.0562
vn 0.9002 -0.3384 -0.2743
vn 0.9673 0.0596 -0.2465
vn 0.8459 0.3707 -0.3835
vn 0.7443 0.5139 -0.4266
vn 0.4825 0.8728 -0.0738
vn 0.0778 0.9970 0.0043
vn -0.0057 0.9865 0.1636
vn -0.0267 0.9882 0.1509
vn 0.0887 0.9646 0.2484
vn 0.2250 0.9742 0.0160
vn -0.4496 0.5451 0.7077
vn 0.2415 0.3513 0.9046
vn 0.1126 -0.0269 0.9933
vn 0.2930 0.1291 0.9474
vn -0.8959 -0.2624 -0.3584
vn -0.7758 0.0211 -0.6306
vn -0.0265 -0.1259 0.9917
vn -0.8031 0.1879 0.5655
vn -0.7132 0.2926 0.6369
vn -0.7970 0.0184 0.6037
vn -0.3787 0.8864 0.2662
vn 0.6525 -0.4454 0.6130
vn 0.2799 -0.2706 0.9211
vn -0.2047 0.0635 0.9768
vn 0.2491 0.3893 0.8868
vn -0.9057 -0.1970 0.3755
vn 0.1370 0.3353 -0.9321
vn 0.9736 -0.2239 0.0454
vn -0.1805 0.3057 0.9348
vn -0.6578 0.6405 -0.3962
vn -0.7399 0.5880 -0.3269
vn -0.4580 0.8889 -0.0100
vn -0.2901 0.9483 -0.1290
vn 0.5255 0.5802 0.6223
vn 0.1326 0.9150 0.3811
vn 0.1891 0.9143 0.3581
vn 0.3810 0.8313 0.4046
vn -0.0301 0.9396 0.3410
vn 0.1139 0.9449 0.3068
vn 0.0524 0.9641 0.2604
vn 0.2178 0.9627 0.1604
vn 0.2894 0.9357 0.2017
vn 0.1728 0.9760 0.1323
vn 0.0765 0.9569 0.2800
vn 0.1375 0.9355 0.3256
vn 0.0019 0.9725 0.2330
vn 0.0428 0.9916 0.1218
vn 0.1156 0.9781 0.1730
vn -0.0763 0.9971 0.0056
vn -0.0789 0.9967 -0.0167
vn -0.0243 0.9895 0.1428
vn -0.1756 0.9297 -0.3238
vn -0.0578 0.9463 -0.3180
vn -0.0308 0.9989 -0.0366
vn -0.0788 0.8013 -0.5931
vn 0.1396 0.7604 -0.6342
vn 0.0990 0.9276 -0.3602
vn 0.1648 0.5313 -0.8310
vn 0.3293 0.4243 -0.8435
vn 0.2839 0.6866 -0.6693
vn 0.3384 0.2009 -0.9193
vn 0.6374 0.0887 -0.7654
vn 0.6159 0.3410 -0.7102
vn 0.5290 -0.4777 -0.7014
vn 0.6555 -0.5444 -0.5234
vn 0.8228 0.0121 -0.5682
vn 0.4787 -0.7640 -0.4326
vn 0.4898 -0.7771 -0.3953
vn 0.6499 -0.5972 -0.4701
vn 0.4038 -0.8470 -0.3457
vn 0.4310 -0.7991 -0.4191
vn 0.4856 -0.7509 -0.4475
vn 0.4468 -0.7944 -0.4114
vn 0.5065 -0.7374 -0.4469
vn 0.4690 -0.7586 -0.4522
vn 0.6974 -0.5795 -0.4218
vn 0.7801 -0.5763 -0.2437
vn 0.6334 -0.7117 -0.3038
vn 0.9071 -0.3871 -0.1654
vn 0.8883 -0.4537 0.0716
vn 0.7685 -0.6398 -0.0092
vn 0.9444 -0.3023 0.1292
vn 0.8855 -0.3467 0.3092
vn 0.8263 -0.4946 0.2695
vn 0.9034 -0.2468 0.3507
vn 0.7954 -0.2462 0.5538
vn 0.7840 -0.3821 0.4893
vn 0.7948 -0.0967 0.5991
vn 0.6019 -0.1114 0.7908
vn 0.6289 -0.2447 0.7380
vn 0.5508 0.1210 0.8258
vn 0.3146 0.1065 0.9432
vn 0.3386 -0.0973 0.9359
vn 0.3142 0.3041 0.8993
vn 0.1324 0.2671 0.9545
vn 0.1182 0.0752 0.9901
vn 0.1349 0.2680 0.9539
vn -0.1375 0.2740 0.9519
vn -0.1375 0.2654 0.9543
vn -0.1308 0.1356 0.9821
vn -0.3576 0.1368 0.9238
vn -0.3474 0.2973 0.8893
vn -0.3491 0.0185 0.9369
vn -0.6183 0.0011 0.7859
vn -0.6026 0.2298 0.7643
vn -0.6073 -0.1225 0.7849
vn -0.7800 -0.1890 0.5966
vn -0.7937 0.0754 0.6036
vn -0.7458 -0.2881 0.6007
vn -0.8553 -0.3604 0.3722
vn -0.8909 -0.2200 0.3973
vn -0.8100 -0.4783 0.3393
vn -0.8238 -0.5591 0.0941
vn -0.9194 -0.3786 0.1063
vn -0.6177 -0.7840 0.0615
vn -0.4159 -0.9009 -0.1239
vn -0.6370 -0.7594 -0.1326
vn -0.1383 -0.9821 -0.1276
vn 0.0965 -0.9910 -0.0932
vn -0.2043 -0.9716 -0.1195
vn 0.3052 -0.9407 -0.1479
vn 0.5247 -0.8507 -0.0322
vn 0.6333 -0.7587 -0.1527
vn 0.7197 -0.6943 0.0028
vn 0.6670 -0.7450 -0.0012
vn 0.6830 -0.7164 0.1427
vn 0.7587 -0.6417 0.1124
vn 0.7204 -0.6569 0.2223
vn 0.8217 -0.5609 0.1011
vn 0.7330 -0.6607 0.1617
vn 0.7619 -0.5893 0.2688
vn 0.8307 -0.5225 0.1920
vn 0.8819 -0.4162 0.2214
vn 0.9463 -0.2935 0.1357
vn 0.8584 -0.5023 -0.1040
vn 0.8295 -0.5583 0.0166
vn 0.6910 -0.7228 0.0100
vn 0.6597 -0.7373 -0.1456
vn 0.5039 -0.8413 -0.1957
vn 0.0988 -0.9905 -0.0955
vn -0.1433 -0.9896 0.0138
vn -0.3217 -0.9468 0.0022
vn -0.4472 -0.8828 0.1439
vn -0.3485 -0.8900 0.2939
vn -0.6822 -0.6823 0.2627
vn -0.5454 -0.6816 0.4877
vn -0.4668 -0.6765 0.5696
vn -0.6897 -0.4107 0.5963
vn -0.5801 -0.3128 0.7521
vn -0.3073 -0.3023 0.9023
vn -0.5971 -0.1876 0.7799
vn -0.3259 -0.1643 0.9310
vn -0.1170 -0.1264 0.9851
vn -0.3383 -0.0826 0.9374
vn -0.1235 -0.0598 0.9905
vn 0.1206 -0.0606 0.9908
vn -0.1272 0.0404 0.9910
vn 0.1240 0.0376 0.9916
vn 0.3391 0.0183 0.9406
vn 0.1273 0.1443 0.9813
vn 0.3494 0.1304 0.9278
vn 0.5947 0.2051 0.7774
vn 0.3429 0.2845 0.8953
vn 0.5401 0.3653 0.7582
vn 0.6757 0.4540 0.5809
vn 0.5019 0.3560 0.7883
vn 0.7039 0.3795 0.6005
vn 0.7804 0.1466 0.6078
vn 0.3123 0.8893 0.3342
vn 0.6432 0.7337 0.2192
vn -0.6544 0.2541 -0.7122
vn -0.7042 0.2338 -0.6705
vn -0.3447 -0.9202 -0.1855
vn -0.8553 0.1463 -0.4970
vn -0.8724 0.1170 -0.4746
vn -0.8360 0.0945 -0.5405
vn -0.7514 0.0003 -0.6598
vn 0.8734 -0.4854 0.0408
vn -0.7502 -0.1541 0.6430
vn -0.0228 0.9914 0.1292
vn 0.1154 0.9774 0.1772
vn 0.1409 0.9825 0.1218
vn 0.7009 0.2130 0.6807
vn 0.8137 0.1566 0.5598
vn 0.7156 0.2414 0.6555
vn 0.6502 -0.6627 0.3716
vn 0.9185 0.3944 0.0273
vn 0.8526 -0.4669 -0.2347
vn 0.9439 0.2889 0.1600
vn 0.7542 -0.3164 -0.5754
vn -0.0659 -0.1331 0.9889
vn -0.8147 -0.1978 0.5451
vn 0.0161 -0.1479 -0.9889
vn -0.2324 0.0456 -0.9715
vn -0.0914 0.9559 -0.2791
vn 0.5218 -0.8465 -0.1057
vn 0.5632 -0.7159 -0.4127
vn 0.6296 -0.7722 0.0848
vn 0.1309 -0.8454 -0.5179
vn 0.0796 -0.6273 -0.7747
vn 0.6664 -0.7325 0.1390
vn 0.1098 -0.1960 -0.9744
vn 0.3594 0.6802 -0.6389
vn 0.7655 0.0793 -0.6386
vn 0.6213 0.0949 -0.7778
vn -0.3102 0.0359 -0.9500
vn 0.1255 0.4558 -0.8812
vn 0.0116 -0.9918 -0.1273
vn 0.8117 0.0204 -0.5837
vn 0.8003 -0.0013 -0.5995
vn 0.6231 0.1499 -0.7676
vn -0.8574 -0.0448 -0.5127
vn -0.9257 -0.3574 -0.1242
vn -0.9362 -0.2402 -0.2566
vn 0.3458 -0.8083 0.4765
vn -0.9149 -0.1508 -0.3745
vn -0.6675 0.7302 -0.1458
vn -0.6132 -0.7742 0.1569
vn -0.9774 0.1869 -0.0987
vn -0.7522 0.6578 0.0393
vn 0.0894 0.9920 0.0890
vn -0.7788 0.5721 0.2573
vn -0.6608 -0.0799 -0.7463
vn -0.6611 -0.7193 -0.2135
vn -0.9100 -0.3510 -0.2207
vn -0.8558 -0.5072 0.1016
vn -0.7762 -0.6222 0.1016
vn -0.2200 -0.8410 0.4944
vn 0.0560 -0.9472 0.3158
vn 0.0655 -0.9919 0.1087
vn 0.8462 -0.0953 0.5243
vn -0.4473 0.7149 0.5375
vn -0.6224 0.3705 0.6895
vn -0.6865 -0.1533 0.7108
vn -0.3391 0.4727 0.8134
vn -0.4394 -0.3386 0.8320
vn -0.9319 -0.2526 0.2602
vn 0.2124 -0.3244 -0.9218
vn -0.5837 0.3256 0.7438
vn 0.0593 0.8991 -0.4338
vn 0.2881 -0.2655 -0.9201
vn 0.9107 -0.1196 -0.3953
vn -0.0945 0.6891 0.7185
vn 0.2630 0.0956 0.9601
vn 0.3262 0.0872 0.9413
vn -0.2539 0.0113 0.9672
vn 0.7335 0.2291 -0.6399
vn 0.5025 -0.7676 -0.3978
vn -0.9835 -0.0793 -0.1627
vn 0.2859 0.2179 0.9332
vn -0.3151 0.5863 -0.7463
vn 0.7552 0.2680 0.5982
vn 0.6833 0.1641 0.7115
vn 0.7380 0.6029 -0.3030
vn 0.3365 0.7004 -0.6294
vn 0.0171 0.9574 -0.2882
vn 0.8791 0.4614 0.1193
vn 0.8783 0.4226 0.2236
vn 0.7025 0.2113 0.6796
vn 0.6194 0.7550 -0.2153
vn 0.3591 0.8171 0.4510
vn 0.7871 -0.5907 0.1777
vn 0.5307 -0.8440 -0.0773
vn 0.6576 -0.7440 0.1189
vn 0.4523 -0.8559 -0.2507
vn 0.6713 -0.7406 -0.0307
vn -0.7740 -0.0034 0.6332
vn 0.4800 -0.8454 0.2341
vn 0.2630 0.4423 -0.8574
vn 0.8590 0.3288 0.3925
vn -0.0180 0.9286 -0.3706
vn -0.5523 0.8139 -0.1802
vn -0.8187 -0.1191 -0.5617
vn 0.7020 0.6736 -0.2313
vn 0.7302 0.6751 0.1050
vn 0.0091 0.6490 -0.7608
vn 0.7476 0.6228 -0.2308
vn 0.7204 -0.1532 -0.6765
vn 0.0973 -0.8530 -0.5128
vn 0.7337 0.1710 0.6576
vn 0.7990 0.1767 0.5748
vn 0.7908 0.1175 0.6007
vn 0.8046 -0.2138 0.5541
vn -0.7729 0.4994 0.3915
vn 0.4172 0.1146 0.9016
vt 0.431874 0.934383
vt 0.429404 0.929924
vt 0.432795 0.926145
vt 0.434610 0.929880
vt 0.286682 0.662808
vt 0.291391 0.660363
vt 0.291340 0.663296
vt 0.286168 0.666630
vt 0.428862 0.936784
vt 0.426278 0.932739
vt 0.318317 0.907241
vt 0.318617 0.910743
vt 0.313795 0.912648
vt 0.312732 0.910979
vt 0.433341 0.941201
vt 0.430857 0.942582
vt 0.426398 0.939723
vt 0.429127 0.945524
vt 0.510660 0.904720
vt 0.513002 0.899761
vt 0.515095 0.900613
vt 0.513930 0.906288
vt 0.513551 0.911713
vt 0.508536 0.910146
vt 0.502979 0.908240
vt 0.504328 0.904067
vt 0.423419 0.934261
vt 0.353673 0.969886
vt 0.351643 0.968626
vt 0.353630 0.965204
vt 0.357032 0.965574
vt 0.360302 0.971809
vt 0.361664 0.976659
vt 0.354376 0.971860
vt 0.361399 0.966151
vt 0.296406 0.660280
vt 0.295528 0.658433
vt 0.326664 0.898591
vt 0.328793 0.899524
vt 0.323282 0.907488
vt 0.322320 0.904550
vt 0.435037 0.907910
vt 0.431780 0.908966
vt 0.427983 0.907591
vt 0.428337 0.904397
vt 0.898330 0.627771
vt 0.901716 0.620544
vt 0.905238 0.621886
vt 0.901622 0.627369
vt 0.845798 0.341783
vt 0.845798 0.338386
vt 0.847346 0.340353
vt 0.848429 0.341699
vt 0.149954 0.961316
vt 0.155000 0.959802
vt 0.155000 0.965851
vt 0.152601 0.965837
vt 0.144419 0.919033
vt 0.146207 0.918236
vt 0.145248 0.926324
vt 0.142611 0.925763
vt 0.899222 0.631298
vt 0.904289 0.629004
vt 0.900475 0.633793
vt 0.974581 0.596212
vt 0.970027 0.599295
vt 0.968150 0.595018
vt 0.971205 0.593566
vt 0.317454 0.914818
vt 0.313471 0.915311
vt 0.320807 0.917059
vt 0.317363 0.922225
vt 0.314393 0.920499
vt 0.325192 0.909940
vt 0.309359 0.803608
vt 0.309674 0.809348
vt 0.307803 0.802723
vt 0.309674 0.795204
vt 0.335168 0.890574
vt 0.340426 0.890646
vt 0.331879 0.900664
vt 0.147225 0.926328
vt 0.147014 0.916586
vt 0.898837 0.640332
vt 0.903428 0.636134
vt 0.909443 0.640573
vt 0.902962 0.642681
vt 0.206413 0.919674
vt 0.214419 0.926647
vt 0.209334 0.928936
vt 0.200423 0.917454
vt 0.209455 0.915212
vt 0.218434 0.923752
vt 0.201449 0.909765
vt 0.522551 0.922788
vt 0.519685 0.917849
vt 0.522360 0.917429
vt 0.526175 0.921556
vt 0.516121 0.921188
vt 0.514678 0.917170
vt 0.530974 0.925884
vt 0.528239 0.928542
vt 0.522358 0.928063
vt 0.516635 0.925090
vt 0.316491 0.929564
vt 0.313955 0.925026
vt 0.320007 0.925315
vt 0.323372 0.929702
vt 0.320548 0.934936
vt 0.403682 0.950429
vt 0.408017 0.948253
vt 0.407283 0.952944
vt 0.404411 0.954572
vt 0.527412 0.913655
vt 0.533705 0.918387
vt 0.529558 0.920333
vt 0.524608 0.916255
vt 0.336262 0.938106
vt 0.331862 0.935706
vt 0.334344 0.929340
vt 0.339602 0.930076
vt 0.339052 0.944334
vt 0.330810 0.946506
vt 0.328768 0.943161
vt 0.327571 0.941037
vt 0.325860 0.937491
vt 0.327744 0.933348
vt 0.319500 0.940639
vt 0.189967 0.895067
vt 0.193608 0.898792
vt 0.192555 0.905664
vt 0.189096 0.904357
vt 0.192167 0.892225
vt 0.195015 0.895333
vt 0.185356 0.903996
vt 0.184838 0.894126
vt 0.184882 0.885205
vt 0.186694 0.887020
vt 0.189847 0.887478
vt 0.527026 0.934931
vt 0.530676 0.932931
vt 0.526445 0.934793
vt 0.521961 0.931178
vt 0.233834 0.952840
vt 0.234015 0.950090
vt 0.237144 0.949177
vt 0.235900 0.953527
vt 0.234563 0.956697
vt 0.232441 0.954616
vt 0.231414 0.951154
vt 0.134037 0.544409
vt 0.133343 0.540034
vt 0.136738 0.541505
vt 0.138246 0.545219
vt 0.182336 0.965113
vt 0.182839 0.957715
vt 0.186057 0.956721
vt 0.186802 0.961552
vt 0.139613 0.554490
vt 0.135788 0.555752
vt 0.130461 0.556208
vt 0.130672 0.547129
vt 0.127161 0.538233
vt 0.129499 0.536299
vt 0.793405 0.960195
vt 0.792430 0.969020
vt 0.789119 0.963832
vt 0.789119 0.957991
vt 0.190293 0.500391
vt 0.195110 0.524059
vt 0.192275 0.526999
vt 0.186772 0.507379
vt 0.273638 0.375912
vt 0.276801 0.379544
vt 0.273153 0.396088
vt 0.270481 0.395621
vt 0.440663 0.244860
vt 0.440313 0.225353
vt 0.443137 0.224094
vt 0.441247 0.240304
vt 0.194279 0.498098
vt 0.195439 0.520612
vt 0.122177 0.433152
vt 0.127240 0.444251
vt 0.119798 0.458228
vt 0.114324 0.451936
vt 0.137588 0.425473
vt 0.138747 0.434284
vt 0.126315 0.416695
vt 0.138781 0.412274
vt 0.110809 0.429954
vt 0.116560 0.418694
vt 0.104661 0.444385
vt 0.126580 0.548694
vt 0.123621 0.541729
vt 0.122732 0.555842
vt 0.117757 0.548303
vt 0.456283 0.253763
vt 0.456606 0.245683
vt 0.486678 0.254606
vt 0.476576 0.271349
vt 0.439782 0.256622
vt 0.451548 0.245545
vt 0.441521 0.270557
vt 0.108645 0.562028
vt 0.107258 0.535342
vt 0.114377 0.530783
vt 0.115619 0.568921
vt 0.101273 0.570383
vt 0.097913 0.541239
vt 0.141573 0.599912
vt 0.147157 0.596660
vt 0.163075 0.621590
vt 0.160052 0.624087
vt 0.158160 0.628726
vt 0.139319 0.612365
vt 0.126323 0.602451
vt 0.128575 0.591990
vt 0.516077 0.729690
vt 0.513036 0.714659
vt 0.516599 0.714101
vt 0.519426 0.725097
vt 0.509506 0.728939
vt 0.507951 0.715566
vt 0.522747 0.734936
vt 0.520718 0.738897
vt 0.070824 0.435382
vt 0.050033 0.440212
vt 0.049740 0.433114
vt 0.069020 0.426107
vt 0.089535 0.428393
vt 0.094139 0.427947
vt 0.083197 0.439195
vt 0.176720 0.394611
vt 0.180902 0.402645
vt 0.170640 0.407646
vt 0.168025 0.398428
vt 0.185239 0.389007
vt 0.191372 0.398110
vt 0.167315 0.387536
vt 0.173052 0.383227
vt 0.179033 0.381023
vt 0.046874 0.429230
vt 0.067187 0.423147
vt 0.969905 0.878129
vt 0.970569 0.876335
vt 0.976428 0.881305
vt 0.974909 0.884008
vt 0.027367 0.469061
vt 0.034070 0.464224
vt 0.035428 0.481365
vt 0.023549 0.484912
vt 0.027458 0.953482
vt 0.023232 0.944826
vt 0.025702 0.943028
vt 0.026251 0.947487
vt 0.754793 0.916748
vt 0.761972 0.918587
vt 0.757481 0.925154
vt 0.752332 0.919627
vt 0.083853 0.408880
vt 0.078935 0.411981
vt 0.078981 0.404653
vt 0.085049 0.402890
vt 0.754929 0.868634
vt 0.749603 0.869263
vt 0.749492 0.863926
vt 0.756308 0.863583
vt 0.132825 0.617398
vt 0.126689 0.608656
vt 0.821388 0.339089
vt 0.816726 0.338691
vt 0.818580 0.331870
vt 0.821388 0.333531
vt 0.123982 0.609269
vt 0.119227 0.599188
vt 0.097327 0.965944
vt 0.099368 0.958935
vt 0.102269 0.957694
vt 0.102269 0.970568
vt 0.112899 0.602864
vt 0.128185 0.622427
vt 0.123624 0.625460
vt 0.107285 0.598936
vt 0.112004 0.593741
vt 0.108861 0.587161
vt 0.456079 0.189024
vt 0.448102 0.195429
vt 0.447271 0.176932
vt 0.453884 0.175211
vt 0.460931 0.170324
vt 0.464855 0.174753
vt 0.469020 0.175970
vt 0.460384 0.188855
vt 0.021224 0.941161
vt 0.023836 0.940755
vt 0.021165 0.946466
vt 0.018374 0.940443
vt 0.017834 0.936573
vt 0.756489 0.858361
vt 0.755886 0.861478
vt 0.749567 0.860578
vt 0.749492 0.855594
vt 0.811903 0.339444
vt 0.811062 0.338699
vt 0.815142 0.333071
vt 0.814415 0.338750
vt 0.127952 0.611315
vt 0.137693 0.618201
vt 0.135471 0.621154
vt 0.127051 0.612487
vt 0.123297 0.610644
vt 0.133240 0.622538
vt 0.023015 0.935059
vt 0.018595 0.931800
vt 0.025354 0.925235
vt 0.027458 0.924737
vt 0.026154 0.937859
vt 0.021163 0.923922
vt 0.812460 0.334061
vt 0.818776 0.324129
vt 0.041333 0.436755
vt 0.038614 0.433396
vt 0.031059 0.431791
vt 0.034060 0.430932
vt 0.035666 0.427584
vt 0.049576 0.422739
vt 0.829914 0.338381
vt 0.827999 0.340187
vt 0.824117 0.331813
vt 0.832412 0.330865
vt 0.016826 0.958462
vt 0.019848 0.968793
vt 0.012654 0.968787
vt 0.012439 0.956211
vt 0.455192 0.468170
vt 0.451062 0.463779
vt 0.459199 0.466226
vt 0.460459 0.470211
vt 0.471992 0.478967
vt 0.469133 0.480820
vt 0.216834 0.398117
vt 0.231902 0.404718
vt 0.229825 0.408769
vt 0.215153 0.405704
vt 0.232531 0.384730
vt 0.239635 0.395691
vt 0.207945 0.389744
vt 0.225216 0.375544
vt 0.196259 0.404626
vt 0.198343 0.409339
vt 0.710021 0.096367
vt 0.707701 0.100173
vt 0.696232 0.090885
vt 0.698924 0.088033
vt 0.701209 0.085841
vt 0.708638 0.090522
vt 0.006308 0.471347
vt 0.007120 0.465438
vt 0.011001 0.468536
vt 0.009987 0.472836
vt 0.466917 0.464039
vt 0.469757 0.468427
vt 0.472305 0.474698
vt 0.469144 0.471606
vt 0.457429 0.461285
vt 0.454168 0.455824
vt 0.307333 0.730102
vt 0.306938 0.713692
vt 0.309356 0.706608
vt 0.309356 0.735411
vt 0.085329 0.391580
vt 0.085114 0.397196
vt 0.078158 0.399032
vt 0.076316 0.394557
vt 0.747907 0.890794
vt 0.751548 0.891147
vt 0.756503 0.900355
vt 0.751439 0.900079
vt 0.747688 0.877201
vt 0.748343 0.879218
vt 0.474052 0.466217
vt 0.489606 0.484743
vt 0.486274 0.487090
vt 0.154064 0.631050
vt 0.484729 0.761247
vt 0.484526 0.771566
vt 0.470388 0.781239
vt 0.468872 0.776341
vt 0.545713 0.855843
vt 0.542173 0.863725
vt 0.541600 0.849304
vt 0.544806 0.846279
vt 0.467192 0.771031
vt 0.480412 0.757860
vt 0.879944 0.861346
vt 0.877003 0.864276
vt 0.875380 0.851743
vt 0.877081 0.849515
vt 0.154160 0.366236
vt 0.157256 0.374097
vt 0.146723 0.379775
vt 0.145205 0.373652
vt 0.138232 0.371737
vt 0.142457 0.364901
vt 0.304060 0.647834
vt 0.309658 0.649108
vt 0.308892 0.659430
vt 0.304060 0.661751
vt 0.793246 0.207886
vt 0.803911 0.198991
vt 0.807794 0.202376
vt 0.798265 0.210178
vt 0.789579 0.213354
vt 0.789023 0.208922
vt 0.145166 0.969474
vt 0.144850 0.964746
vt 0.147205 0.962799
vt 0.147205 0.966946
vt 0.537404 0.752299
vt 0.536805 0.754794
vt 0.534231 0.749482
vt 0.536208 0.748087
vt 0.541603 0.866922
vt 0.545713 0.869636
vt 0.543756 0.871816
vt 0.540425 0.867757
vt 0.540214 0.873255
vt 0.540214 0.866455
vt 0.475617 0.173940
vt 0.472421 0.173872
vt 0.470044 0.170272
vt 0.473804 0.168373
vt 0.243156 0.441187
vt 0.243750 0.438147
vt 0.249366 0.437179
vt 0.248225 0.439966
vt 0.540796 0.842692
vt 0.545713 0.840517
vt 0.545212 0.843202
vt 0.541130 0.845300
vt 0.779083 0.216635
vt 0.779651 0.213537
vt 0.750820 0.882146
vt 0.755223 0.889528
vt 0.749787 0.875755
vt 0.754049 0.881753
vt 0.882484 0.865324
vt 0.883319 0.881553
vt 0.881454 0.882468
vt 0.802269 0.215281
vt 0.788971 0.218843
vt 0.811924 0.206723
vt 0.815671 0.213971
vt 0.815001 0.221281
vt 0.800029 0.223372
vt 0.786978 0.227888
vt 0.702345 0.072039
vt 0.697710 0.076175
vt 0.690163 0.072356
vt 0.692291 0.069413
vt 0.709943 0.079033
vt 0.706213 0.082211
vt 0.702060 0.067474
vt 0.712224 0.066581
vt 0.714169 0.070939
vt 0.693164 0.067119
vt 0.677218 0.081517
vt 0.687421 0.080413
vt 0.693950 0.094349
vt 0.674005 0.086661
vt 0.672230 0.074357
vt 0.682608 0.075578
vt 0.981097 0.892512
vt 0.983530 0.891272
vt 0.983072 0.900408
vt 0.979688 0.899397
vt 0.690496 0.056747
vt 0.689118 0.053703
vt 0.694640 0.050744
vt 0.695338 0.055669
vt 0.688806 0.059864
vt 0.685608 0.056328
vt 0.694597 0.060048
vt 0.839685 0.332677
vt 0.843069 0.333339
vt 0.838708 0.340548
vt 0.835142 0.335829
vt 0.955302 0.546633
vt 0.953085 0.540525
vt 0.963283 0.534362
vt 0.961640 0.545702
vt 0.655878 0.935059
vt 0.661178 0.945835
vt 0.656315 0.947213
vt 0.651254 0.933339
vt 0.650111 0.922414
vt 0.654413 0.923819
vt 0.716013 0.039655
vt 0.714190 0.044973
vt 0.704172 0.045273
vt 0.705438 0.041653
vt 0.725326 0.042575
vt 0.722236 0.046513
vt 0.515968 0.797760
vt 0.520430 0.798495
vt 0.522246 0.813338
vt 0.517413 0.812757
vt 0.513781 0.805252
vt 0.511215 0.802801
vt 0.510717 0.793935
vt 0.513146 0.812820
vt 0.246203 0.851574
vt 0.247959 0.859620
vt 0.244063 0.860443
vt 0.243692 0.851010
vt 0.607361 0.032246
vt 0.601384 0.026920
vt 0.611866 0.022096
vt 0.613869 0.023903
vt 0.104998 0.957694
vt 0.109477 0.959875
vt 0.108371 0.971191
vt 0.104998 0.969659
vt 0.842878 0.324129
vt 0.835142 0.326409
vt 0.972429 0.143793
vt 0.979139 0.144398
vt 0.979641 0.153591
vt 0.972429 0.154733
vt 0.596923 0.035305
vt 0.589146 0.029834
vt 0.846568 0.208571
vt 0.850402 0.201852
vt 0.866123 0.210376
vt 0.864799 0.215650
vt 0.864518 0.224289
vt 0.846301 0.217386
vt 0.830411 0.214806
vt 0.833589 0.207510
vt 0.978264 0.161587
vt 0.974050 0.167345
vt 0.856108 0.548018
vt 0.865536 0.530866
vt 0.884974 0.548684
vt 0.866997 0.569184
vt 0.835762 0.547270
vt 0.833394 0.520593
vt 0.845900 0.573473
vt 0.819609 0.238459
vt 0.810429 0.242839
vt 0.810317 0.230212
vt 0.821840 0.229430
vt 0.831684 0.232229
vt 0.825103 0.245251
vt 0.816683 0.251410
vt 0.881827 0.922516
vt 0.877952 0.924261
vt 0.877313 0.904451
vt 0.879944 0.902370
vt 0.880153 0.946308
vt 0.878125 0.945803
vt 0.884609 0.922822
vt 0.881931 0.946181
vt 0.883004 0.900950
vt 0.503706 0.826586
vt 0.508983 0.821718
vt 0.508303 0.827680
vt 0.506957 0.832502
vt 0.498401 0.839555
vt 0.497576 0.841747
vt 0.498293 0.827055
vt 0.504626 0.842498
vt 0.915059 0.866368
vt 0.909019 0.865018
vt 0.907034 0.855815
vt 0.913287 0.856957
vt 0.894738 0.324129
vt 0.893239 0.327958
vt 0.890709 0.327748
vt 0.888598 0.324826
vt 0.942774 0.976769
vt 0.944130 0.964504
vt 0.947385 0.965160
vt 0.947282 0.977559
vt 0.919256 0.857237
vt 0.921658 0.867767
vt 0.242208 0.882891
vt 0.246671 0.882058
vt 0.246912 0.889636
vt 0.244330 0.887512
vt 0.241510 0.876016
vt 0.245304 0.873188
vt 0.950714 0.977740
vt 0.950714 0.965606
vt 0.433775 0.030346
vt 0.436898 0.028315
vt 0.437771 0.037424
vt 0.433254 0.036165
vt 0.268941 0.988194
vt 0.268590 0.976092
vt 0.272218 0.976379
vt 0.273928 0.986857
vt 0.894740 0.331052
vt 0.890759 0.330862
vt 0.890680 0.336029
vt 0.888598 0.334994
vt 0.803964 0.341127
vt 0.803102 0.339247
vt 0.807923 0.339007
vt 0.806872 0.341432
vt 0.897831 0.877850
vt 0.893887 0.872837
vt 0.895723 0.872394
vt 0.899790 0.877075
vt 0.064131 0.959997
vt 0.066837 0.960959
vt 0.067411 0.966503
vt 0.064131 0.965653
vt 0.616022 0.082914
vt 0.618813 0.089092
vt 0.601752 0.103840
vt 0.598877 0.100287
vt 0.594919 0.099313
vt 0.607942 0.083878
vt 0.613878 0.075223
vt 0.620759 0.073446
vt 0.485884 0.546206
vt 0.489775 0.552575
vt 0.475211 0.557232
vt 0.474076 0.551467
vt 0.472633 0.545326
vt 0.487002 0.537872
vt 0.490433 0.536924
vt 0.438306 0.057934
vt 0.438761 0.065873
vt 0.433509 0.066335
vt 0.434140 0.055388
vt 0.434988 0.047336
vt 0.440106 0.052726
vt 0.443406 0.064027
vt 0.810044 0.250895
vt 0.801801 0.246420
vt 0.818186 0.255840
vt 0.807604 0.255456
vt 0.970785 0.132912
vt 0.966195 0.132375
vt 0.958408 0.126767
vt 0.959252 0.123676
vt 0.968086 0.123102
vt 0.974212 0.124091
vt 0.976593 0.129900
vt 0.588184 0.055976
vt 0.585968 0.042486
vt 0.592328 0.044850
vt 0.591430 0.053642
vt 0.580909 0.050522
vt 0.580016 0.038547
vt 0.583758 0.063117
vt 0.578395 0.057816
vt 0.415514 0.025482
vt 0.417724 0.026552
vt 0.415279 0.032054
vt 0.412956 0.031215
vt 0.279058 0.653606
vt 0.275904 0.661898
vt 0.274314 0.660944
vt 0.277866 0.654306
vt 0.279221 0.654897
vt 0.277469 0.661723
vt 0.279144 0.652891
vt 0.957618 0.120217
vt 0.604062 0.882199
vt 0.602450 0.882029
vt 0.602388 0.879756
vt 0.604180 0.881013
vt 0.605520 0.887110
vt 0.603772 0.887960
vt 0.607272 0.886277
vt 0.578932 0.070356
vt 0.576343 0.069910
vt 0.391599 0.529151
vt 0.387632 0.540604
vt 0.364261 0.531572
vt 0.377126 0.519395
vt 0.415596 0.525148
vt 0.414213 0.539158
vt 0.410385 0.503188
vt 0.486274 0.960733
vt 0.490961 0.944820
vt 0.493680 0.943998
vt 0.491100 0.960482
vt 0.493680 0.981204
vt 0.490086 0.980614
vt 0.599978 0.877434
vt 0.598986 0.877655
vt 0.598863 0.876957
vt 0.599663 0.876539
vt 0.599593 0.878924
vt 0.598951 0.878684
vt 0.545161 0.617122
vt 0.545161 0.615317
vt 0.545751 0.615581
vt 0.545674 0.617121
vt 0.599303 0.875755
vt 0.599972 0.875843
vt 0.600662 0.877997
vt 0.600527 0.878951
vt 0.036242 0.201200
vt 0.034256 0.194523
vt 0.041714 0.179615
vt 0.045191 0.183468
vt 0.048576 0.186807
vt 0.043733 0.202352
vt 0.040205 0.217570
vt 0.030662 0.217305
vt 0.439296 0.048822
vt 0.442588 0.038066
vt 0.445392 0.049018
vt 0.979432 0.558674
vt 0.984431 0.555294
vt 0.985461 0.562478
vt 0.979576 0.566725
vt 0.433514 0.043039
vt 0.976345 0.566093
vt 0.967646 0.560904
vt 0.966012 0.544865
vt 0.969067 0.549361
vt 0.970365 0.574956
vt 0.967074 0.570885
vt 0.931003 0.883428
vt 0.929557 0.885747
vt 0.923069 0.878247
vt 0.927203 0.877885
vt 0.931123 0.878048
vt 0.933864 0.884810
vt 0.933238 0.887912
vt 0.590903 0.080587
vt 0.594237 0.082487
vt 0.586090 0.092340
vt 0.583790 0.090877
vt 0.601613 0.070424
vt 0.602673 0.072705
vt 0.591436 0.075325
vt 0.600753 0.067042
vt 0.581169 0.084564
vt 0.582658 0.079354
vt 0.589036 0.055354
vt 0.592479 0.059212
vt 0.585260 0.061632
vt 0.582699 0.055711
vt 0.579279 0.051389
vt 0.589352 0.051916
vt 0.282435 0.957871
vt 0.284032 0.963335
vt 0.278690 0.963311
vt 0.277924 0.956184
vt 0.449063 0.010061
vt 0.447319 0.007070
vt 0.449975 0.003198
vt 0.450973 0.009125
vt 0.587468 0.103653
vt 0.584713 0.103902
vt 0.585695 0.100959
vt 0.592136 0.096810
vt 0.585637 0.112720
vt 0.582003 0.111558
vt 0.338194 0.510994
vt 0.345715 0.505543
vt 0.359199 0.533863
vt 0.357767 0.540969
vt 0.337293 0.529778
vt 0.325802 0.526467
vt 0.326699 0.504582
vt 0.304310 0.533835
vt 0.307364 0.536832
vt 0.308692 0.563966
vt 0.304310 0.566380
vt 0.545822 0.744143
vt 0.545822 0.777052
vt 0.542068 0.763813
vt 0.542510 0.742663
vt 0.063026 0.202839
vt 0.059222 0.208576
vt 0.058378 0.207305
vt 0.061338 0.197091
vt 0.797314 0.570846
vt 0.790664 0.559462
vt 0.805595 0.559557
vt 0.809482 0.578725
vt 0.544630 0.524641
vt 0.544412 0.521305
vt 0.539843 0.527205
vt 0.538177 0.518583
vt 0.048534 0.249166
vt 0.047072 0.263915
vt 0.038824 0.262353
vt 0.040987 0.247954
vt 0.043945 0.231214
vt 0.048788 0.231787
vt 0.051602 0.231964
vt 0.052792 0.248079
vt 0.050959 0.251510
vt 0.051992 0.265334
vt 0.053714 0.231530
vt 0.054282 0.245301
vt 0.542330 0.475244
vt 0.543373 0.478167
vt 0.540090 0.480630
vt 0.540615 0.474894
vt 0.540277 0.491613
vt 0.540700 0.492317
vt 0.720723 0.967543
vt 0.716709 0.977067
vt 0.714238 0.972730
vt 0.716051 0.964648
vt 0.958763 0.075838
vt 0.963892 0.074618
vt 0.962621 0.086271
vt 0.958309 0.087328
vt 0.961835 0.064188
vt 0.966135 0.062923
vt 0.074294 0.120191
vt 0.066388 0.132428
vt 0.065039 0.128699
vt 0.070601 0.117666
vt 0.072471 0.102932
vt 0.075037 0.101694
vt 0.076150 0.133116
vt 0.068419 0.138482
vt 0.083655 0.114897
vt 0.086886 0.130934
vt 0.081379 0.097297
vt 0.064055 0.182740
vt 0.065710 0.184200
vt 0.543551 0.540199
vt 0.542236 0.540159
vt 0.541213 0.471483
vt 0.540100 0.468449
vt 0.544315 0.455824
vt 0.544630 0.458204
vt 0.538694 0.474336
vt 0.717279 0.954096
vt 0.719977 0.955613
vt 0.803684 0.862800
vt 0.807292 0.860965
vt 0.808610 0.865579
vt 0.804315 0.866581
vt 0.796767 0.861906
vt 0.797827 0.858266
vt 0.787848 0.865215
vt 0.784486 0.860989
vt 0.784455 0.857445
vt 0.789376 0.859930
vt 0.795918 0.866268
vt 0.794470 0.874229
vt 0.787606 0.873744
vt 0.782770 0.871296
vt 0.782981 0.866272
vt 0.783674 0.864049
vt 0.275802 0.671786
vt 0.278129 0.674659
vt 0.278400 0.680095
vt 0.275828 0.681864
vt 0.917125 0.194850
vt 0.923545 0.197896
vt 0.920765 0.200578
vt 0.912148 0.196426
vt 0.911968 0.185559
vt 0.923332 0.197054
vt 0.345434 0.746140
vt 0.340659 0.747663
vt 0.335867 0.733417
vt 0.343250 0.736950
vt 0.349692 0.728379
vt 0.359890 0.747256
vt 0.358877 0.753808
vt 0.352468 0.743806
vt 0.351387 0.721831
vt 0.362502 0.741816
vt 0.346194 0.738096
vt 0.340489 0.720149
vt 0.970077 0.737215
vt 0.971140 0.739518
vt 0.960477 0.715748
vt 0.963060 0.710397
vt 0.500712 0.608117
vt 0.503182 0.632994
vt 0.494597 0.634537
vt 0.495594 0.616108
vt 0.493992 0.596802
vt 0.497489 0.595527
vt 0.054726 0.293065
vt 0.059974 0.297208
vt 0.056973 0.303442
vt 0.046660 0.298468
vt 0.055140 0.284023
vt 0.061605 0.293709
vt 0.048056 0.282908
vt 0.338671 0.703839
vt 0.341137 0.699967
vt 0.332427 0.700478
vt 0.780542 0.878576
vt 0.786211 0.882713
vt 0.782992 0.890295
vt 0.780435 0.889078
vt 0.778898 0.880063
vt 0.790189 0.897041
vt 0.774490 0.872072
vt 0.775615 0.870540
vt 0.952803 0.184944
vt 0.958164 0.175487
vt 0.961070 0.177022
vt 0.956592 0.188828
vt 0.542346 0.670584
vt 0.538878 0.671140
vt 0.536686 0.659977
vt 0.540746 0.660063
vt 0.063301 0.292283
vt 0.069690 0.295206
vt 0.067692 0.298679
vt 0.951793 0.191510
vt 0.949192 0.185057
vt 0.026389 0.956211
vt 0.026290 0.958786
vt 0.026385 0.963820
vt 0.023523 0.962467
vt 0.956359 0.692781
vt 0.958220 0.691552
vt 0.964240 0.177513
vt 0.959736 0.189721
vt 0.957754 0.201204
vt 0.954427 0.201316
vt 0.960180 0.201742
vt 0.948530 0.193927
vt 0.945985 0.188903
vt 0.668650 0.438537
vt 0.675808 0.436212
vt 0.683526 0.464020
vt 0.666473 0.466197
vt 0.660327 0.420609
vt 0.674219 0.423760
vt 0.649448 0.434785
vt 0.794810 0.885498
vt 0.797987 0.899142
vt 0.788926 0.903923
vt 0.783151 0.897988
vt 0.875296 0.828501
vt 0.880170 0.826689
vt 0.879885 0.834945
vt 0.876390 0.836258
vt 0.876260 0.817461
vt 0.879418 0.816160
vt 0.871313 0.827170
vt 0.873063 0.818310
vt 0.872077 0.838403
vt 0.870123 0.834271
vt 0.867384 0.832234
vt 0.772571 0.901732
vt 0.775744 0.895838
vt 0.777188 0.895651
vt 0.775845 0.902694
vt 0.306753 0.611261
vt 0.307440 0.614805
vt 0.304355 0.615288
vt 0.303319 0.610667
vt 0.301584 0.605921
vt 0.304112 0.604925
vt 0.773959 0.910822
vt 0.770629 0.910867
vt 0.767340 0.911875
vt 0.770018 0.904503
vt 0.307332 0.622736
vt 0.304465 0.621519
vt 0.104564 0.152670
vt 0.108255 0.152014
vt 0.094821 0.155478
vt 0.094489 0.153109
vt 0.094363 0.150127
vt 0.109280 0.151856
vt 0.832361 0.903442
vt 0.835037 0.908925
vt 0.829230 0.905934
vt 0.834517 0.907613
vt 0.884095 0.327394
vt 0.885869 0.331447
vt 0.880545 0.332326
vt 0.879707 0.330163
vt 0.878728 0.328347
vt 0.881046 0.324129
vt 0.285200 0.608212
vt 0.283372 0.606000
vt 0.286399 0.602818
vt 0.289244 0.604884
vt 0.141324 0.968985
vt 0.139217 0.966834
vt 0.140189 0.965207
vt 0.142120 0.965629
vt 0.292236 0.608820
vt 0.288494 0.610626
vt 0.282300 0.607697
vt 0.281138 0.605197
vt 0.004661 0.956211
vt 0.006869 0.957591
vt 0.007803 0.960965
vt 0.005895 0.960671
vt 0.869561 0.842341
vt 0.868433 0.839682
vt 0.873290 0.842312
vt 0.092741 0.145941
vt 0.108703 0.146674
vt 0.125686 0.143804
vt 0.124670 0.147377
vt 0.962507 0.690055
vt 0.959455 0.687560
vt 0.959533 0.676666
vt 0.961763 0.679194
vt 0.499337 0.648956
vt 0.492277 0.649849
vt 0.306968 0.627068
vt 0.303922 0.626603
vt 0.769806 0.919589
vt 0.766840 0.920337
vt 0.764944 0.921101
vt 0.764835 0.915337
vt 0.915264 0.966792
vt 0.909994 0.964881
vt 0.909827 0.961216
vt 0.914781 0.964307
vt 0.001365 0.968786
vt 0.003542 0.967459
vt 0.004194 0.973311
vt 0.001365 0.972426
vt 0.912746 0.968642
vt 0.910033 0.968260
vt 0.925558 0.535192
vt 0.926248 0.540738
vt 0.922150 0.539607
vt 0.922926 0.534362
vt 0.097938 0.916586
vt 0.102632 0.921029
vt 0.100447 0.925739
vt 0.097454 0.921426
vt 0.005175 0.965492
vt 0.004412 0.960404
vt 0.007335 0.965539
vt 0.866817 0.834880
vt 0.915357 0.961809
vt 0.909827 0.957807
vt 0.009710 0.971818
vt 0.007112 0.972797
vt 0.287282 0.611729
vt 0.290533 0.613937
vt 0.288086 0.614031
vt 0.139217 0.962984
vt 0.141598 0.962799
vt 0.052573 0.934521
vt 0.056027 0.927453
vt 0.062720 0.932036
vt 0.058775 0.938889
vt 0.321443 0.691914
vt 0.324827 0.694123
vt 0.324894 0.699127
vt 0.320925 0.698316
vt 0.114205 0.966872
vt 0.112977 0.967247
vt 0.113581 0.965224
vt 0.114873 0.966898
vt 0.545040 0.739933
vt 0.542277 0.732048
vt 0.544111 0.732452
vt 0.545822 0.738669
vt 0.714697 0.875755
vt 0.715008 0.877174
vt 0.713230 0.882627
vt 0.711510 0.881559
vt 0.305319 0.632557
vt 0.302734 0.632830
vt 0.832369 0.957991
vt 0.836921 0.965526
vt 0.836012 0.961630
vt 0.832369 0.965493
vt 0.009772 0.689557
vt 0.019846 0.690034
vt 0.016883 0.693575
vt 0.005599 0.691945
vt 0.543304 0.810257
vt 0.544487 0.812267
vt 0.545267 0.819796
vt 0.542138 0.819274
vt 0.319347 0.696432
vt 0.319317 0.690764
vt 0.783986 0.920696
vt 0.785625 0.915643
vt 0.789458 0.925552
vt 0.785432 0.927581
vt 0.780321 0.919811
vt 0.781175 0.912460
vt 0.781356 0.928452
vt 0.293184 0.208115
vt 0.277783 0.206531
vt 0.285871 0.200294
vt 0.293834 0.203033
vt 0.963351 0.683000
vt 0.964657 0.661236
vt 0.966316 0.664359
vt 0.287222 0.193872
vt 0.294826 0.192152
vt 0.298507 0.196295
vt 0.057845 0.916586
vt 0.064706 0.928499
vt 0.115032 0.957694
vt 0.114895 0.958534
vt 0.114445 0.958053
vt 0.114448 0.958040
vt 0.948855 0.001365
vt 0.949284 0.004717
vt 0.948510 0.004685
vt 0.948366 0.002081
vt 0.001365 0.003330
vt 0.002188 0.003626
vt 0.003590 0.006297
vt 0.002663 0.006642
vt 0.299431 0.182245
vt 0.305304 0.182512
vt 0.290492 0.184684
vt 0.316785 0.693560
vt 0.320459 0.711794
vt 0.318111 0.710647
vt 0.315353 0.709816
vt 0.314962 0.693615
vt 0.821380 0.816779
vt 0.822101 0.816372
vt 0.828828 0.825949
vt 0.826445 0.828532
vt 0.061402 0.961240
vt 0.061402 0.967869
vt 0.058324 0.965338
vt 0.058499 0.959997
vt 0.280642 0.621833
vt 0.283051 0.618988
vt 0.285265 0.619506
vt 0.283854 0.624205
vt 0.384323 0.962128
vt 0.385099 0.965758
vt 0.382099 0.964535
vt 0.381411 0.961395
vt 0.380884 0.958711
vt 0.383265 0.958340
vt 0.107787 0.924608
vt 0.105104 0.928101
vt 0.103173 0.930468
vt 0.100293 0.929119
vt 0.098010 0.929377
vt 0.097327 0.927632
vt 0.930963 0.542736
vt 0.930435 0.545326
vt 0.926704 0.544888
vt 0.488420 0.912550
vt 0.490361 0.907336
vt 0.492663 0.909935
vt 0.488920 0.915288
vt 0.484481 0.914205
vt 0.485307 0.910853
vt 0.304310 0.504023
vt 0.305872 0.502029
vt 0.307538 0.507579
vt 0.304561 0.507945
vt 0.838932 0.821965
vt 0.842767 0.822149
vt 0.843688 0.825276
vt 0.839098 0.823902
vt 0.836534 0.818743
vt 0.840591 0.817686
vt 0.770505 0.940486
vt 0.768412 0.939516
vt 0.765586 0.930168
vt 0.767502 0.930125
vt 0.770665 0.929686
vt 0.774533 0.939920
vt 0.779160 0.946855
vt 0.776519 0.947917
vt 0.488048 0.917426
vt 0.484958 0.925403
vt 0.482736 0.923710
vt 0.483783 0.917106
vt 0.282374 0.636396
vt 0.284718 0.630717
vt 0.288501 0.631428
vt 0.286786 0.636336
vt 0.285484 0.640687
vt 0.282581 0.640768
vt 0.280293 0.634504
vt 0.281854 0.630210
vt 0.479733 0.967947
vt 0.476799 0.971437
vt 0.474403 0.969330
vt 0.477342 0.967083
vt 0.947635 0.590990
vt 0.952239 0.590590
vt 0.951399 0.592801
vt 0.947774 0.593012
vt 0.824617 0.937852
vt 0.817564 0.937419
vt 0.812684 0.928268
vt 0.816740 0.926129
vt 0.120892 0.175508
vt 0.137904 0.171396
vt 0.137706 0.175732
vt 0.123729 0.180326
vt 0.119139 0.182721
vt 0.115549 0.180035
vt 0.947635 0.598879
vt 0.947763 0.595254
vt 0.951414 0.595434
vt 0.952737 0.599221
vt 0.275661 0.634975
vt 0.276576 0.628846
vt 0.279354 0.628943
vt 0.278387 0.634069
vt 0.938584 0.558825
vt 0.934656 0.560809
vt 0.932602 0.554611
vt 0.935996 0.553458
vt 0.940237 0.565699
vt 0.937280 0.568670
vt 0.100908 0.943127
vt 0.106088 0.943161
vt 0.107853 0.948275
vt 0.102914 0.949477
vt 0.474188 0.913874
vt 0.476136 0.910435
vt 0.480598 0.912796
vt 0.479784 0.916185
vt 0.470195 0.907727
vt 0.472523 0.905895
vt 0.479484 0.922219
vt 0.475729 0.920897
vt 0.472077 0.920678
vt 0.470702 0.914744
vt 0.467484 0.909363
vt 0.041539 0.936321
vt 0.034296 0.931310
vt 0.035684 0.922833
vt 0.040384 0.925072
vt 0.117985 0.223286
vt 0.110765 0.214481
vt 0.117740 0.209980
vt 0.122343 0.214393
vt 0.034599 0.946466
vt 0.030188 0.941414
vt 0.784786 0.949215
vt 0.782174 0.945794
vt 0.785082 0.944833
vt 0.787346 0.949491
vt 0.787556 0.952669
vt 0.784085 0.951479
vt 0.953962 0.594970
vt 0.955894 0.597870
vt 0.108150 0.939566
vt 0.111833 0.940020
vt 0.110244 0.943151
vt 0.112366 0.945849
vt 0.114963 0.941267
vt 0.931224 0.569183
vt 0.929700 0.561670
vt 0.941647 0.571165
vt 0.941395 0.578243
vt 0.937200 0.577185
vt 0.931447 0.576579
vt 0.098600 0.950245
vt 0.102600 0.953591
vt 0.097327 0.954965
vt 0.476045 0.926841
vt 0.478244 0.929663
vt 0.474497 0.931462
vt 0.472549 0.926401
vt 0.157357 0.145412
vt 0.143551 0.144131
vt 0.146011 0.142519
vt 0.166758 0.144753
vt 0.867264 0.952268
vt 0.866645 0.955262
vt 0.855005 0.945041
vt 0.857597 0.943446
vt 0.172427 0.147760
vt 0.158618 0.146841
vt 0.261482 0.196521
vt 0.258665 0.200853
vt 0.263716 0.190916
vt 0.257717 0.199254
vt 0.252436 0.196143
vt 0.238727 0.184595
vt 0.238510 0.179582
vt 0.147881 0.138990
vt 0.172471 0.141499
vt 0.282501 0.082624
vt 0.287335 0.076383
vt 0.296308 0.102351
vt 0.288880 0.104225
vt 0.271174 0.103834
vt 0.271663 0.073522
vt 0.273259 0.061936
vt 0.970016 0.642876
vt 0.963808 0.655642
vt 0.977105 0.627452
vt 0.238193 0.190416
vt 0.233887 0.185840
vt 0.971209 0.644915
vt 0.934494 0.312975
vt 0.934340 0.297170
vt 0.939140 0.296573
vt 0.939703 0.310653
vt 0.941679 0.318989
vt 0.938201 0.320044
vt 0.930254 0.311615
vt 0.930817 0.297071
vt 0.934808 0.323066
vt 0.932593 0.321562
vt 0.929727 0.320379
vt 0.796494 0.694450
vt 0.792224 0.698999
vt 0.788158 0.686352
vt 0.791645 0.682957
vt 0.798029 0.674713
vt 0.801000 0.678903
vt 0.804236 0.681485
vt 0.801441 0.696371
vt 0.272034 0.044158
vt 0.270682 0.053918
vt 0.240687 0.039657
vt 0.238890 0.036133
vt 0.291762 0.067572
vt 0.291825 0.069855
vt 0.291325 0.040235
vt 0.299865 0.060465
vt 0.236369 0.032153
vt 0.264886 0.032083
vt 0.287631 0.031864
vt 0.943369 0.166434
vt 0.940620 0.162254
vt 0.945503 0.158177
vt 0.949331 0.161869
vt 0.953297 0.167138
vt 0.949988 0.170669
vt 0.258038 0.956184
vt 0.265744 0.956679
vt 0.264774 0.960411
vt 0.259611 0.960779
vt 0.282359 0.802153
vt 0.277395 0.792124
vt 0.280377 0.792287
vt 0.286008 0.801359
vt 0.278162 0.801959
vt 0.274479 0.792165
vt 0.281852 0.810331
vt 0.278388 0.809305
vt 0.288433 0.809536
vt 0.286063 0.810181
vt 0.220019 0.188010
vt 0.244330 0.200894
vt 0.241421 0.203258
vt 0.215618 0.192663
vt 0.223161 0.185277
vt 0.246987 0.198748
vt 0.187799 0.183470
vt 0.193578 0.178840
vt 0.342881 0.964231
vt 0.345946 0.965524
vt 0.341297 0.977773
vt 0.340365 0.967376
vt 0.163480 0.953310
vt 0.160398 0.957073
vt 0.158891 0.947143
vt 0.163423 0.948290
vt 0.184157 0.187732
vt 0.157861 0.931238
vt 0.162023 0.923634
vt 0.205024 0.164240
vt 0.211997 0.167404
vt 0.927176 0.329635
vt 0.925380 0.330603
vt 0.924329 0.325433
vt 0.926920 0.325819
vt 0.929415 0.326614
vt 0.928463 0.330915
vt 0.926786 0.333089
vt 0.791918 0.638149
vt 0.796251 0.637091
vt 0.797899 0.645420
vt 0.792266 0.645746
vt 0.787385 0.645381
vt 0.787525 0.640132
vt 0.290814 0.810005
vt 0.287769 0.800606
vt 0.290531 0.799048
vt 0.293609 0.806623
vt 0.296057 0.811731
vt 0.294760 0.815038
vt 0.291752 0.817321
vt 0.288604 0.814788
vt 0.845742 0.957991
vt 0.849799 0.961780
vt 0.848854 0.965856
vt 0.845742 0.966013
vt 0.503883 0.958474
vt 0.499105 0.961364
vt 0.496969 0.956650
vt 0.499523 0.954999
vt 0.500306 0.950622
vt 0.504494 0.952349
vt 0.507643 0.967419
vt 0.502927 0.968051
vt 0.509783 0.957930
vt 0.511683 0.966860
vt 0.508878 0.952160
vt 0.185532 0.172665
vt 0.201209 0.167401
vt 0.210205 0.173877
vt 0.816768 0.669868
vt 0.818688 0.668087
vt 0.820149 0.674151
vt 0.816964 0.674517
vt 0.813678 0.674217
vt 0.814587 0.668292
vt 0.816413 0.665371
vt 0.782705 0.643955
vt 0.788177 0.654020
vt 0.783700 0.654415
vt 0.784000 0.638684
vt 0.778462 0.636479
vt 0.779965 0.634241
vt 0.779877 0.655117
vt 0.778479 0.645113
vt 0.776097 0.637737
vt 0.325794 0.887225
vt 0.326076 0.885204
vt 0.328015 0.885270
vt 0.327087 0.887845
vt 0.861667 0.962315
vt 0.860116 0.961864
vt 0.860460 0.959698
vt 0.862394 0.960801
vt 0.863748 0.962757
vt 0.862274 0.964061
vt 0.258801 0.979761
vt 0.258836 0.978263
vt 0.260915 0.978531
vt 0.260037 0.980223
vt 0.859005 0.959344
vt 0.858599 0.961154
vt 0.923647 0.338671
vt 0.922462 0.337445
vt 0.924298 0.336979
vt 0.925175 0.338057
vt 0.196386 0.158700
vt 0.178810 0.159850
vt 0.174454 0.153044
vt 0.184426 0.150667
vt 0.188361 0.148587
vt 0.207511 0.162972
vt 0.202059 0.159314
vt 0.202136 0.159962
vt 0.197652 0.163056
vt 0.182107 0.166438
vt 0.810763 0.665010
vt 0.809657 0.661995
vt 0.813844 0.661559
vt 0.813574 0.663397
vt 0.497979 0.953903
vt 0.497450 0.950763
vt 0.087651 0.964390
vt 0.090509 0.965400
vt 0.090509 0.969220
vt 0.087973 0.967045
vt 0.502324 0.947480
vt 0.505319 0.947414
vt 0.772683 0.634898
vt 0.773639 0.633085
vt 0.773628 0.638939
vt 0.770811 0.634291
vt 0.771545 0.631691
vt 0.770944 0.639572
vt 0.158205 0.964432
vt 0.160566 0.959802
vt 0.160566 0.968386
vt 0.157729 0.967611
vt 0.156546 0.917451
vt 0.155768 0.921922
vt 0.152168 0.922036
vt 0.153943 0.917667
vt 0.163480 0.922825
vt 0.162740 0.927580
vt 0.158619 0.922630
vt 0.158086 0.916586
vt 0.194248 0.150131
vt 0.214873 0.160277
vt 0.302671 0.815284
vt 0.301072 0.812807
vt 0.303650 0.812050
vt 0.304209 0.814904
vt 0.302284 0.816983
vt 0.299317 0.814952
vt 0.506850 0.937868
vt 0.508943 0.938710
vt 0.509761 0.940517
vt 0.507252 0.940459
vt 0.272372 0.842422
vt 0.268568 0.840078
vt 0.270975 0.838705
vt 0.274192 0.843555
vt 0.272692 0.844042
vt 0.267492 0.842716
vt 0.793137 0.324129
vt 0.793935 0.326580
vt 0.791542 0.328645
vt 0.791556 0.324846
vt 0.205876 0.164254
vt 0.501119 0.944117
vt 0.504438 0.943098
vt 0.817368 0.656196
vt 0.819688 0.657934
vt 0.818050 0.659657
vt 0.815554 0.657157
vt 0.793832 0.332979
vt 0.791721 0.333886
vt 0.273785 0.837157
vt 0.276085 0.841647
vt 0.796194 0.326195
vt 0.795981 0.332431
vt 0.425793 0.969682
vt 0.424826 0.971531
vt 0.422903 0.967454
vt 0.424753 0.965975
vt 0.426304 0.964399
vt 0.427249 0.969224
vt 0.426979 0.972644
vt 0.281953 0.856337
vt 0.280261 0.855352
vt 0.280504 0.854052
vt 0.282557 0.855538
vt 0.784882 0.958420
vt 0.786055 0.957991
vt 0.786390 0.959718
vt 0.784869 0.959825
vt 0.782770 0.959335
vt 0.783361 0.957991
vt 0.282797 0.850694
vt 0.282169 0.848334
vt 0.283982 0.848666
vt 0.284040 0.851158
vt 0.283569 0.852840
vt 0.282013 0.852004
vt 0.280330 0.848870
vt 0.797469 0.604831
vt 0.797869 0.606584
vt 0.796203 0.606721
vt 0.796255 0.604405
vt 0.796844 0.603072
vt 0.798062 0.603971
vt 0.799138 0.605913
vt 0.798737 0.603309
vt 0.799854 0.604966
vt 0.801365 0.607668
vt 0.800320 0.608455
vt 0.798704 0.609177
vt 0.796796 0.609703
vt 0.801880 0.612126
vt 0.800066 0.612867
vt 0.797840 0.613529
vt 0.795381 0.614129
vt 0.794754 0.609925
vt 0.802065 0.618324
vt 0.799557 0.619163
vt 0.796883 0.619818
vt 0.794460 0.620264
vt 0.793472 0.614539
vt 0.801928 0.626761
vt 0.798864 0.627577
vt 0.795595 0.627880
vt 0.413641 0.957304
vt 0.416524 0.956725
vt 0.418736 0.963492
vt 0.416557 0.964202
vt 0.800416 0.636194
vt 0.793226 0.627833
vt 0.804293 0.635227
vt 0.806864 0.643576
vt 0.802608 0.644660
vt 0.810006 0.651524
vt 0.805630 0.652460
vt 0.800594 0.653124
vt 0.794270 0.653754
vt 0.807993 0.658077
vt 0.803527 0.659177
vt 0.797431 0.660929
vt 0.790882 0.662911
vt 0.805615 0.662949
vt 0.800594 0.665160
vt 0.794475 0.669706
vt 0.785572 0.664712
vt 0.788504 0.673635
vt 0.784555 0.676274
vt 0.781542 0.666235
vt 0.778079 0.667502
vt 0.776191 0.656067
vt 0.781292 0.678372
vt 0.778162 0.679936
vt 0.774805 0.668666
vt 0.784895 0.688710
vt 0.781250 0.690954
vt 0.312732 0.824643
vt 0.315959 0.824030
vt 0.316012 0.835737
vt 0.313226 0.835952
vt 0.788866 0.702121
vt 0.785407 0.704416
vt 0.313226 0.810676
vt 0.316515 0.810087
vt 0.319887 0.809561
vt 0.318995 0.823480
vt 0.314592 0.793184
vt 0.316841 0.793406
vt 0.319550 0.793405
vt 0.323719 0.792846
vt 0.323877 0.808864
vt 0.316255 0.775824
vt 0.318216 0.775903
vt 0.321530 0.775504
vt 0.324519 0.775044
vt 0.327224 0.792312
vt 0.316600 0.759846
vt 0.319858 0.759586
vt 0.322509 0.759192
vt 0.326002 0.759009
vt 0.327897 0.774373
vt 0.317447 0.744042
vt 0.320713 0.744016
vt 0.324048 0.744226
vt 0.328206 0.744523
vt 0.329697 0.758803
vt 0.318676 0.728317
vt 0.321484 0.728874
vt 0.325157 0.729788
vt 0.330088 0.731278
vt 0.333322 0.745752
vt 0.324463 0.713052
vt 0.329040 0.714137
vt 0.334271 0.716496
vt 0.328570 0.699906
vt 0.327664 0.694625
vt 0.330936 0.694469
vt 0.334006 0.694018
vt 0.002911 0.697368
vt 0.004398 0.694563
vt 0.014877 0.696848
vt 0.013154 0.699718
vt 0.011868 0.702260
vt 0.001365 0.699864
vt 0.037373 0.701279
vt 0.036984 0.704195
vt 0.695117 0.437212
vt 0.705811 0.461776
vt 0.702234 0.462205
vt 0.692616 0.437706
vt 0.690717 0.427026
vt 0.693348 0.426473
vt 0.336937 0.691525
vt 0.339663 0.689625
vt 0.344109 0.697142
vt 0.689371 0.437976
vt 0.688273 0.426327
vt 0.698255 0.462573
vt 0.693956 0.462886
vt 0.685471 0.437552
vt 0.684041 0.426206
vt 0.680877 0.425176
vt 0.686171 0.414734
vt 0.690249 0.417424
vt 0.342353 0.685842
vt 0.347521 0.695002
vt 0.681545 0.437360
vt 0.689357 0.463417
vt 0.703968 0.493985
vt 0.699506 0.495252
vt 0.694104 0.497608
vt 0.708340 0.522389
vt 0.702541 0.524610
vt 0.687472 0.529735
vt 0.680826 0.502459
vt 0.657282 0.543410
vt 0.648769 0.514577
vt 0.635776 0.486105
vt 0.620166 0.461059
vt 0.604189 0.530734
vt 0.594136 0.505814
vt 0.583149 0.482934
vt 0.573375 0.463962
vt 0.602906 0.443147
vt 0.569638 0.514724
vt 0.563295 0.492631
vt 0.555481 0.475482
vt 0.784849 0.363286
vt 0.801350 0.364504
vt 0.796064 0.384358
vt 0.780661 0.383621
vt 0.764835 0.361087
vt 0.768670 0.351623
vt 0.788152 0.353474
vt 0.804917 0.354743
vt 0.821078 0.356131
vt 0.817372 0.365846
vt 0.791516 0.347109
vt 0.808294 0.348720
vt 0.646756 0.675006
vt 0.646835 0.681618
vt 0.631217 0.680739
vt 0.630593 0.673869
vt 0.614248 0.684137
vt 0.612480 0.676871
vt 0.646487 0.686199
vt 0.631279 0.684869
vt 0.614866 0.687937
vt 0.597261 0.695436
vt 0.595676 0.691494
vt 0.631444 0.688012
vt 0.615465 0.690944
vt 0.598440 0.698347
vt 0.583329 0.709470
vt 0.581128 0.706790
vt 0.616086 0.693695
vt 0.599764 0.701066
vt 0.585472 0.711917
vt 0.573822 0.723492
vt 0.571531 0.721402
vt 0.601071 0.703582
vt 0.587354 0.714203
vt 0.575795 0.725383
vt 0.567846 0.738552
vt 0.565642 0.737182
vt 0.759645 0.675909
vt 0.759042 0.689365
vt 0.756660 0.689317
vt 0.756925 0.676237
vt 0.973515 0.346055
vt 0.976192 0.346743
vt 0.973421 0.358369
vt 0.970807 0.357353
vt 0.970161 0.374918
vt 0.967488 0.373805
vt 0.978842 0.346787
vt 0.976222 0.358879
vt 0.973171 0.375598
vt 0.969124 0.396613
vt 0.966177 0.395933
vt 0.978953 0.358896
vt 0.976158 0.375928
vt 0.971981 0.397053
vt 0.969799 0.421066
vt 0.967366 0.420757
vt 0.979078 0.375921
vt 0.974708 0.397276
vt 0.971800 0.421278
vt 0.974880 0.447503
vt 0.973174 0.446783
vt 0.976617 0.397236
vt 0.973347 0.421628
vt 0.732262 0.171102
vt 0.733927 0.171100
vt 0.743055 0.196324
vt 0.740468 0.196207
vt 0.747153 0.222470
vt 0.744635 0.221825
vt 0.736465 0.170517
vt 0.746040 0.196275
vt 0.749936 0.223249
vt 0.743923 0.249180
vt 0.741790 0.247460
vt 0.749036 0.196170
vt 0.752809 0.224187
vt 0.746226 0.251207
vt 0.732896 0.275892
vt 0.730904 0.273011
vt 0.755566 0.225284
vt 0.748447 0.253439
vt 0.735050 0.278949
vt 0.721648 0.298277
vt 0.719116 0.295332
vt 0.750719 0.255907
vt 0.737229 0.282015
vt 0.724126 0.301054
vt 0.709332 0.318150
vt 0.707130 0.315086
vt 0.738878 0.284573
vt 0.726308 0.303371
vt 0.711106 0.320514
vt 0.692236 0.335724
vt 0.691078 0.332589
vt 0.312826 0.565674
vt 0.312732 0.544890
vt 0.316001 0.544130
vt 0.316179 0.565437
vt 0.316181 0.589357
vt 0.313270 0.589041
vt 0.316660 0.613913
vt 0.313371 0.613007
vt 0.320029 0.565345
vt 0.320367 0.589763
vt 0.320673 0.614465
vt 0.320752 0.635599
vt 0.316745 0.634851
vt 0.325115 0.590209
vt 0.325775 0.614794
vt 0.325708 0.635838
vt 0.307680 0.032637
vt 0.285274 0.027694
vt 0.306069 0.027842
vt 0.333448 0.615128
vt 0.333189 0.635059
vt 0.310003 0.039981
vt 0.350056 0.616033
vt 0.350392 0.635731
vt 0.354425 0.654869
vt 0.333273 0.652800
vt 0.378984 0.618895
vt 0.379723 0.638545
vt 0.384225 0.656571
vt 0.389283 0.665042
vt 0.361701 0.665500
vt 0.416768 0.646416
vt 0.421879 0.660874
vt 0.422753 0.665925
vt 0.424676 0.670691
vt 0.392080 0.669943
vt 0.452626 0.657992
vt 0.453854 0.663115
vt 0.455000 0.668102
vt 0.310003 0.159075
vt 0.303931 0.160414
vt 0.303701 0.130869
vt 0.308415 0.128661
vt 0.478132 0.659344
vt 0.477512 0.662142
vt 0.478339 0.653499
vt 0.074487 0.939787
vt 0.070589 0.944175
vt 0.074487 0.935446
vt 0.452368 0.647288
vt 0.480349 0.641137
vt 0.065402 0.957268
vt 0.053768 0.956697
vt 0.452170 0.622371
vt 0.482217 0.619276
vt 0.451791 0.592848
vt 0.481157 0.594814
vt 0.450953 0.568088
vt 0.478050 0.570183
vt 0.490891 0.572964
vt 0.448896 0.557906
vt 0.414279 0.569055
vt 0.415835 0.555777
vt 0.416351 0.549834
vt 0.448046 0.552635
vt 0.416116 0.543418
vt 0.446558 0.547191
vt 0.446495 0.536065
vt 0.472361 0.529959
vt 0.446150 0.515651
vt 0.467990 0.506799
vt 0.475059 0.502659
vt 0.483862 0.523323
vt 0.478213 0.501369
vt 0.486922 0.520985
vt 0.480583 0.499942
vt 0.489176 0.519327
vt 0.493116 0.536610
vt 0.483076 0.498454
vt 0.491405 0.517812
vt 0.495231 0.535733
vt 0.496304 0.553855
vt 0.493881 0.553149
vt 0.493400 0.516331
vt 0.498073 0.533352
vt 0.497465 0.548013
vt 0.876656 0.925309
vt 0.875560 0.907262
vt 0.877843 0.940759
vt 0.485325 0.497193
vt 0.873116 0.886551
vt 0.875704 0.885999
vt 0.870551 0.866570
vt 0.873828 0.865701
vt 0.878781 0.883732
vt 0.869993 0.856972
vt 0.872678 0.853519
vt 0.167475 0.638485
vt 0.165352 0.641811
vt 0.150525 0.630103
vt 0.152513 0.627185
vt 0.163347 0.645082
vt 0.148313 0.633077
vt 0.160598 0.648667
vt 0.145449 0.636284
vt 0.154425 0.656928
vt 0.140012 0.642082
vt 0.454951 0.485945
vt 0.439544 0.492532
vt 0.126120 0.656161
vt 0.110986 0.635526
vt 0.098072 0.669057
vt 0.084784 0.647957
vt 0.069298 0.620430
vt 0.095407 0.608558
vt 0.056603 0.584761
vt 0.084903 0.577848
vt 0.051347 0.548534
vt 0.079696 0.545717
vt 0.051398 0.509907
vt 0.074417 0.509161
vt 0.088207 0.510517
vt 0.072430 0.483860
vt 0.079974 0.485326
vt 0.093235 0.489229
vt 0.101873 0.511856
vt 0.105232 0.492118
vt 0.110131 0.511122
vt 0.112085 0.493161
vt 0.115787 0.510533
vt 0.119111 0.528161
vt 0.119840 0.510011
vt 0.122839 0.526861
vt 0.123219 0.509600
vt 0.125764 0.525473
vt 0.183633 0.947526
vt 0.184226 0.932071
vt 0.187269 0.931650
vt 0.186748 0.946726
vt 0.190967 0.931864
vt 0.191034 0.946884
vt 0.190530 0.955585
vt 0.191259 0.960382
vt 0.195811 0.946198
vt 0.196725 0.953787
vt 0.197675 0.958764
vt 0.077216 0.951559
vt 0.080526 0.950190
vt 0.081982 0.956162
vt 0.078680 0.957636
vt 0.206529 0.950686
vt 0.207310 0.956004
vt 0.207443 0.959960
vt 0.198348 0.961170
vt 0.081211 0.941093
vt 0.085482 0.940840
vt 0.084675 0.949343
vt 0.216043 0.953919
vt 0.215989 0.958997
vt 0.081613 0.932559
vt 0.085300 0.931867
vt 0.090105 0.930976
vt 0.090360 0.940655
vt 0.215834 0.962418
vt 0.221574 0.957841
vt 0.222426 0.962676
vt 0.082258 0.925633
vt 0.086167 0.923114
vt 0.090132 0.921276
vt 0.094322 0.929479
vt 0.078474 0.921291
vt 0.080853 0.918143
vt 0.085247 0.916586
vt 0.538419 0.928180
vt 0.534461 0.923952
vt 0.538750 0.921424
vt 0.542911 0.924984
vt 0.539299 0.933119
vt 0.533938 0.935035
vt 0.534191 0.930685
vt 0.530223 0.935139
vt 0.233060 0.959654
vt 0.230055 0.962885
vt 0.227504 0.960288
vt 0.230622 0.957021
vt 0.226078 0.955484
vt 0.229113 0.953068
vt 0.225474 0.949946
vt 0.228537 0.948074
vt 0.231352 0.946723
vt 0.228360 0.941132
vt 0.231712 0.939182
vt 0.234940 0.937420
vt 0.234501 0.945427
vt 0.237960 0.935365
vt 0.237480 0.944006
vt 0.517466 0.931224
vt 0.508597 0.929357
vt 0.508160 0.926438
vt 0.516808 0.928097
vt 0.522301 0.933170
vt 0.508275 0.922756
vt 0.498047 0.923778
vt 0.499329 0.920082
vt 0.500603 0.916274
vt 0.508215 0.919078
vt 0.501594 0.912409
vt 0.507980 0.915093
vt 0.414921 0.936522
vt 0.410962 0.938215
vt 0.410418 0.931270
vt 0.413989 0.930654
vt 0.417812 0.929702
vt 0.419251 0.935234
vt 0.413464 0.921108
vt 0.417325 0.921580
vt 0.421098 0.921800
vt 0.421366 0.928619
vt 0.424311 0.921198
vt 0.424807 0.927003
vt 0.425620 0.920345
vt 0.428056 0.924379
vt 0.286849 0.653574
vt 0.286168 0.649371
vt 0.291494 0.647835
vt 0.290946 0.652019
vt 0.429605 0.923675
vt 0.296738 0.648153
vt 0.295294 0.651774
vt 0.294802 0.655734
vt 0.290856 0.656905
vt 0.298868 0.652827
vt 0.298082 0.656225
vt 0.298759 0.659065
vt 0.315362 0.956144
vt 0.318632 0.954889
vt 0.320327 0.958885
vt 0.316767 0.959555
vt 0.313800 0.959335
vt 0.312732 0.956275
vt 0.354291 0.961521
vt 0.357979 0.961516
vt 0.316895 0.963659
vt 0.314218 0.963375
vt 0.353448 0.958223
vt 0.356768 0.957548
vt 0.359810 0.955509
vt 0.361664 0.960501
vt 0.973084 0.577685
vt 0.976062 0.579596
vt 0.974051 0.581961
vt 0.970813 0.580477
vt 0.354152 0.955081
vt 0.356457 0.952249
vt 0.758388 0.963790
vt 0.755755 0.965266
vt 0.753875 0.958035
vt 0.756904 0.957622
vt 0.968375 0.578022
vt 0.969128 0.584544
vt 0.966223 0.583111
vt 0.761638 0.968799
vt 0.759460 0.971404
vt 0.756542 0.973279
vt 0.752602 0.966662
vt 0.402396 0.978288
vt 0.399788 0.975827
vt 0.401835 0.970929
vt 0.405203 0.972300
vt 0.408556 0.972601
vt 0.405488 0.979310
vt 0.406019 0.965361
vt 0.409520 0.965031
vt 0.523479 0.891809
vt 0.524491 0.899881
vt 0.521734 0.900648
vt 0.520914 0.892374
vt 0.518244 0.884224
vt 0.520968 0.883649
vt 0.517523 0.893108
vt 0.515094 0.885718
vt 0.511299 0.880088
vt 0.514080 0.878360
vt 0.753892 0.973985
vt 0.750035 0.967213
vt 0.137541 0.960070
vt 0.134407 0.958760
vt 0.136385 0.952984
vt 0.139745 0.953942
vt 0.747688 0.958958
vt 0.750455 0.958499
vt 0.142731 0.953785
vt 0.141074 0.945601
vt 0.144156 0.945556
vt 0.750225 0.949667
vt 0.753729 0.950121
vt 0.752552 0.941435
vt 0.756199 0.942416
vt 0.758490 0.945574
vt 0.756849 0.950986
vt 0.758750 0.934632
vt 0.761480 0.934866
vt 0.761638 0.941560
vt 0.144526 0.936067
vt 0.141827 0.935755
vt 0.138720 0.935837
vt 0.138782 0.926695
vt 0.137894 0.945179
vt 0.135266 0.944555
vt 0.136052 0.936324
vt 0.134191 0.951477
vt 0.505234 0.879550
vt 0.505082 0.882796
vt 0.501261 0.882284
vt 0.500676 0.879021
vt 0.506499 0.876706
vt 0.509232 0.882520
vt 0.508364 0.885352
vt 0.322840 0.969472
vt 0.319804 0.968296
vt 0.320597 0.963811
vt 0.323698 0.963807
vt 0.512514 0.887626
vt 0.510908 0.889494
vt 0.320975 0.974084
vt 0.318036 0.971914
vt 0.314754 0.970907
vt 0.316193 0.967548
vt 0.318249 0.977018
vt 0.315826 0.974199
vt 0.312853 0.973175
vt 0.435044 0.943284
vt 0.432299 0.944936
vt 0.975784 0.588813
vt 0.977244 0.592656
vt 0.974706 0.592978
vt 0.972998 0.589078
vt 0.972775 0.585319
vt 0.975994 0.585161
vt 0.977244 0.581993
vt 0.969056 0.589364
vt 0.966012 0.589486
vt 0.314655 0.977294
vt 0.312732 0.974507
vt 0.319282 0.980356
vt 0.315070 0.981523
vt 0.322167 0.976384
vt 0.514332 0.893856
vt 0.518394 0.900896
vt 0.521323 0.907241
vt 0.517667 0.907242
vt 0.520757 0.912028
vt 0.517835 0.912326
vt 0.523060 0.910979
vt 0.408899 0.951728
vt 0.410690 0.957149
vt 0.408633 0.958188
vt 0.405264 0.959344
vt 0.523990 0.906345
vt 0.401231 0.960162
vt 0.399788 0.956293
vt 0.402432 0.965128
vt 0.313539 0.967524
vt 0.323465 0.957637
vt 0.321513 0.952249
vt 0.498019 0.884438
vt 0.496969 0.881559
vt 0.301331 0.649736
vt 0.771785 0.324129
vt 0.772908 0.328540
vt 0.770420 0.331577
vt 0.769544 0.325825
vt 0.775262 0.330221
vt 0.773386 0.334246
vt 0.135641 0.928544
vt 0.134191 0.923726
vt 0.137978 0.920516
vt 0.779119 0.329497
vt 0.777389 0.333918
vt 0.777978 0.338503
vt 0.774301 0.339078
vt 0.782732 0.327988
vt 0.781871 0.333155
vt 0.781978 0.337600
vt 0.426225 0.911631
vt 0.424375 0.915672
vt 0.421337 0.914991
vt 0.422012 0.909522
vt 0.422306 0.905055
vt 0.782732 0.341969
vt 0.780204 0.342340
vt 0.416343 0.906646
vt 0.416866 0.902430
vt 0.417395 0.899244
vt 0.422276 0.901596
vt 0.905820 0.615226
vt 0.910273 0.612013
vt 0.913617 0.614782
vt 0.909439 0.617676
vt 0.917706 0.618579
vt 0.913638 0.621133
vt 0.909040 0.624489
vt 0.918647 0.625728
vt 0.914179 0.628562
vt 0.909045 0.632051
vt 0.920592 0.635589
vt 0.915199 0.637935
vt 0.925996 0.646943
vt 0.920956 0.647951
vt 0.916204 0.648902
vt 0.926090 0.660536
vt 0.921790 0.660426
vt 0.915097 0.661203
vt 0.909995 0.650803
vt 0.906012 0.662799
vt 0.903389 0.652192
vt 0.897223 0.641242
vt 0.898668 0.664352
vt 0.898730 0.654425
vt 0.894863 0.644682
vt 0.894229 0.665199
vt 0.895025 0.655416
vt 0.892761 0.646548
vt 0.342924 0.891504
vt 0.345582 0.892829
vt 0.337925 0.902957
vt 0.334782 0.901796
vt 0.892123 0.655839
vt 0.890721 0.647009
vt 0.891000 0.665497
vt 0.295256 0.370741
vt 0.292116 0.380869
vt 0.289538 0.380924
vt 0.293220 0.371060
vt 0.297346 0.361995
vt 0.300466 0.361359
vt 0.348714 0.894063
vt 0.351948 0.895672
vt 0.345638 0.904863
vt 0.341545 0.903893
vt 0.289991 0.371083
vt 0.294171 0.361985
vt 0.286450 0.380686
vt 0.283834 0.380825
vt 0.286928 0.371064
vt 0.290645 0.361844
vt 0.355543 0.897422
vt 0.358923 0.899460
vt 0.353428 0.907956
vt 0.349691 0.906123
vt 0.297392 0.350276
vt 0.301392 0.350461
vt 0.283984 0.371061
vt 0.287330 0.362032
vt 0.281334 0.380846
vt 0.278959 0.380604
vt 0.281523 0.371133
vt 0.185934 0.495247
vt 0.186103 0.498110
vt 0.178362 0.501393
vt 0.177645 0.498111
vt 0.179179 0.505922
vt 0.171409 0.511863
vt 0.168365 0.507216
vt 0.361664 0.902151
vt 0.357046 0.910670
vt 0.185631 0.500902
vt 0.164204 0.520551
vt 0.160453 0.516583
vt 0.352031 0.922325
vt 0.348510 0.920272
vt 0.350666 0.933258
vt 0.346116 0.931383
vt 0.343419 0.918788
vt 0.338436 0.917632
vt 0.329971 0.927372
vt 0.334273 0.916253
vt 0.326342 0.923841
vt 0.330585 0.914847
vt 0.323370 0.920323
vt 0.327683 0.912463
vt 0.350476 0.941285
vt 0.345315 0.938971
vt 0.350232 0.946738
vt 0.345936 0.944883
vt 0.093345 0.954738
vt 0.094598 0.959000
vt 0.090834 0.959039
vt 0.089767 0.954762
vt 0.089309 0.948966
vt 0.093613 0.947884
vt 0.085876 0.955186
vt 0.094598 0.939592
vt 0.087353 0.959549
vt 0.084160 0.960462
vt 0.140062 0.541572
vt 0.141579 0.545255
vt 0.143464 0.540469
vt 0.144828 0.544293
vt 0.146611 0.550853
vt 0.143217 0.553012
vt 0.146927 0.538153
vt 0.148436 0.541922
vt 0.150352 0.548006
vt 0.152400 0.559205
vt 0.148333 0.564244
vt 0.153374 0.537386
vt 0.156161 0.542760
vt 0.160446 0.552155
vt 0.169940 0.578947
vt 0.157951 0.584367
vt 0.162700 0.534447
vt 0.170024 0.543070
vt 0.181971 0.572075
vt 0.190604 0.595573
vt 0.182113 0.602786
vt 0.177195 0.536782
vt 0.189700 0.567124
vt 0.196509 0.592764
vt 0.202779 0.612586
vt 0.199090 0.616492
vt 0.095170 0.907385
vt 0.068701 0.913857
vt 0.065084 0.908166
vt 0.091604 0.904161
vt 0.113983 0.895789
vt 0.116617 0.898144
vt 0.133509 0.884868
vt 0.136197 0.886831
vt 0.088986 0.900941
vt 0.111469 0.893307
vt 0.131009 0.882723
vt 0.148439 0.866303
vt 0.150734 0.868682
vt 0.109384 0.890308
vt 0.129074 0.879829
vt 0.146620 0.864014
vt 0.160501 0.843636
vt 0.162740 0.844854
vt 0.910990 0.385644
vt 0.923103 0.365750
vt 0.925475 0.368200
vt 0.913615 0.387317
vt 0.907109 0.409525
vt 0.904469 0.408897
vt 0.904573 0.432574
vt 0.902051 0.432739
vt 0.916555 0.389065
vt 0.909855 0.410129
vt 0.907118 0.432475
vt 0.906881 0.455036
vt 0.904901 0.455568
vt 0.912517 0.410579
vt 0.909655 0.432461
vt 0.909735 0.454904
vt 0.914015 0.476236
vt 0.911577 0.476549
vt 0.912169 0.432438
vt 0.912117 0.454958
vt 0.916603 0.476175
vt 0.923578 0.494525
vt 0.920894 0.494706
vt 0.914391 0.455028
vt 0.919015 0.476347
vt 0.926194 0.494640
vt 0.755947 0.594846
vt 0.748739 0.580234
vt 0.752139 0.579124
vt 0.759084 0.593969
vt 0.921327 0.476633
vt 0.928686 0.494831
vt 0.752842 0.595967
vt 0.745208 0.581505
vt 0.735099 0.563514
vt 0.738959 0.562141
vt 0.749514 0.597495
vt 0.741378 0.583068
vt 0.731004 0.565128
vt 0.721420 0.544099
vt 0.725393 0.542816
vt 0.736630 0.585692
vt 0.726898 0.567818
vt 0.717454 0.545665
vt 0.712619 0.521101
vt 0.719860 0.572976
vt 0.710639 0.549063
vt 0.702336 0.584402
vt 0.694503 0.557197
vt 0.671848 0.600169
vt 0.663848 0.571780
vt 0.634111 0.613894
vt 0.624398 0.586111
vt 0.614378 0.558438
vt 0.586977 0.597002
vt 0.578863 0.568332
vt 0.573574 0.540071
vt 0.564558 0.571910
vt 0.562343 0.544216
vt 0.560334 0.518869
vt 0.554412 0.497470
vt 0.555366 0.546679
vt 0.553645 0.521948
vt 0.548551 0.502141
vt 0.772996 0.345196
vt 0.684391 0.695218
vt 0.705295 0.709606
vt 0.702651 0.714217
vt 0.682721 0.700665
vt 0.663457 0.691575
vt 0.664274 0.685999
vt 0.681535 0.705037
vt 0.663061 0.695581
vt 0.646769 0.689404
vt 0.662355 0.698483
vt 0.646424 0.692158
vt 0.631523 0.690650
vt 0.646156 0.694709
vt 0.631652 0.693015
vt 0.616676 0.696353
vt 0.761024 0.722007
vt 0.761438 0.737528
vt 0.759141 0.737167
vt 0.758563 0.721970
vt 0.757442 0.705155
vt 0.759726 0.705025
vt 0.755601 0.721680
vt 0.754869 0.704861
vt 0.754136 0.689031
vt 0.754260 0.676019
vt 0.752312 0.704296
vt 0.751598 0.688319
vt 0.751699 0.675233
vt 0.981404 0.346278
vt 0.749635 0.687203
vt 0.749492 0.673870
vt 0.983628 0.345196
vt 0.981314 0.358348
vt 0.695293 0.120420
vt 0.682068 0.111997
vt 0.683504 0.110185
vt 0.696972 0.118934
vt 0.708489 0.133511
vt 0.706676 0.134238
vt 0.981627 0.375475
vt 0.698912 0.116746
vt 0.710606 0.131852
vt 0.722953 0.149546
vt 0.720631 0.150986
vt 0.712923 0.129605
vt 0.725355 0.147747
vt 0.738992 0.169588
vt 0.727699 0.145861
vt 0.741741 0.168444
vt 0.752321 0.196047
vt 0.744630 0.167164
vt 0.755684 0.195956
vt 0.758528 0.226572
vt 0.759067 0.195886
vt 0.761786 0.227936
vt 0.752876 0.258387
vt 0.764810 0.229273
vt 0.754114 0.260463
vt 0.316141 0.502455
vt 0.318655 0.502064
vt 0.317364 0.525421
vt 0.314360 0.525804
vt 0.322061 0.502555
vt 0.321108 0.525419
vt 0.320159 0.543325
vt 0.324804 0.542606
vt 0.324370 0.565283
vt 0.334581 0.542576
vt 0.331376 0.565273
vt 0.332409 0.591431
vt 0.349307 0.567829
vt 0.348752 0.592846
vt 0.378855 0.572567
vt 0.378192 0.596783
vt 0.412768 0.594177
vt 0.413304 0.623021
vt 0.356335 0.548858
vt 0.383761 0.556308
vt 0.383972 0.551599
vt 0.385468 0.545774
vt 0.005821 0.644589
vt 0.002027 0.641727
vt 0.001365 0.615751
vt 0.004446 0.618057
vt 0.008202 0.619974
vt 0.011041 0.649219
vt 0.006225 0.584913
vt 0.009899 0.586414
vt 0.014537 0.587015
vt 0.013968 0.622954
vt 0.024005 0.661252
vt 0.020085 0.586256
vt 0.019906 0.621511
vt 0.031518 0.659359
vt 0.031296 0.586268
vt 0.037367 0.623584
vt 0.049102 0.656189
vt 0.363277 0.496581
vt 0.399236 0.480987
vt 0.022777 0.550290
vt 0.031098 0.548702
vt 0.023882 0.513104
vt 0.032708 0.511365
vt 0.053873 0.481843
vt 0.057341 0.465218
vt 0.073099 0.467815
vt 0.061891 0.451001
vt 0.076540 0.452891
vt 0.081464 0.453554
vt 0.079119 0.468724
vt 0.088025 0.455758
vt 0.088416 0.471235
vt 0.102155 0.461228
vt 0.102977 0.477026
vt 0.111300 0.465949
vt 0.110899 0.479208
vt 0.116350 0.468600
vt 0.115651 0.479950
vt 0.116846 0.493493
vt 0.119767 0.480630
vt 0.120754 0.493465
vt 0.122859 0.481370
vt 0.123943 0.493063
vt 0.126123 0.509103
vt 0.186017 0.915674
vt 0.189497 0.915829
vt 0.192960 0.916304
vt 0.195409 0.932009
vt 0.196523 0.916651
vt 0.201890 0.931478
vt 0.205093 0.943173
vt 0.214222 0.938579
vt 0.215855 0.947438
vt 0.219510 0.935950
vt 0.220958 0.945113
vt 0.221372 0.952127
vt 0.224996 0.943035
vt 0.223773 0.933464
vt 0.227162 0.931239
vt 0.221424 0.921310
vt 0.223875 0.918986
vt 0.230390 0.928693
vt 0.226353 0.916478
vt 0.233660 0.926344
vt 0.228470 0.914868
vt 0.236820 0.924445
vt 0.399788 0.939575
vt 0.401702 0.929647
vt 0.404075 0.930634
vt 0.403531 0.939527
vt 0.496969 0.928276
vt 0.403146 0.919190
vt 0.404292 0.920636
vt 0.407370 0.921007
vt 0.407333 0.931013
vt 0.407097 0.939158
vt 0.410458 0.920963
vt 0.404386 0.909069
vt 0.407823 0.909573
vt 0.411727 0.910731
vt 0.407773 0.902033
vt 0.411576 0.903800
vt 0.416437 0.913055
vt 0.409073 0.897788
vt 0.412446 0.899722
vt 0.911973 0.607537
vt 0.915245 0.605342
vt 0.917294 0.607674
vt 0.914320 0.609644
vt 0.907458 0.610284
vt 0.919937 0.610739
vt 0.917270 0.612602
vt 0.923606 0.614750
vt 0.921083 0.616527
vt 0.929028 0.620838
vt 0.925922 0.622257
vt 0.922627 0.623859
vt 0.931874 0.632182
vt 0.928468 0.633158
vt 0.924950 0.634301
vt 0.933391 0.645740
vt 0.929618 0.646481
vt 0.937841 0.659098
vt 0.933653 0.659710
vt 0.929493 0.660376
vt 0.938265 0.676292
vt 0.933831 0.676637
vt 0.929670 0.676757
vt 0.937006 0.695611
vt 0.932682 0.695893
vt 0.928494 0.696407
vt 0.925477 0.676504
vt 0.922258 0.695734
vt 0.919297 0.675414
vt 0.906241 0.696848
vt 0.906213 0.676302
vt 0.897963 0.697973
vt 0.897836 0.677412
vt 0.893130 0.699039
vt 0.893385 0.678549
vt 0.889742 0.699708
vt 0.890387 0.679068
vt 0.289400 0.394850
vt 0.287899 0.415796
vt 0.283827 0.416736
vt 0.286159 0.395456
vt 0.281108 0.417789
vt 0.283262 0.395998
vt 0.278109 0.418719
vt 0.280932 0.396353
vt 0.274703 0.419597
vt 0.278314 0.396384
vt 0.270778 0.420601
vt 0.275516 0.396147
vt 0.268030 0.420816
vt 0.438476 0.200523
vt 0.435612 0.201047
vt 0.433740 0.180066
vt 0.437354 0.179098
vt 0.441708 0.178343
vt 0.442421 0.199011
vt 0.439412 0.224666
vt 0.433356 0.161326
vt 0.437740 0.161038
vt 0.442494 0.161218
vt 0.433012 0.141854
vt 0.437018 0.141434
vt 0.441289 0.141004
vt 0.447826 0.161332
vt 0.445585 0.139732
vt 0.453430 0.159764
vt 0.451311 0.139052
vt 0.459653 0.157753
vt 0.466439 0.166341
vt 0.466450 0.155807
vt 0.471185 0.163824
vt 0.474532 0.153659
vt 0.477287 0.161673
vt 0.478842 0.165900
vt 0.484983 0.160936
vt 0.485917 0.165075
vt 0.486388 0.168768
vt 0.479947 0.170134
vt 0.493950 0.167434
vt 0.493717 0.171007
vt 0.494295 0.173827
vt 0.486886 0.171900
vt 0.480582 0.172802
vt 0.531519 0.741607
vt 0.529231 0.743258
vt 0.525213 0.733313
vt 0.528082 0.732192
vt 0.530537 0.730523
vt 0.533764 0.740565
vt 0.234843 0.422220
vt 0.226889 0.416952
vt 0.228148 0.412982
vt 0.236675 0.419233
vt 0.240149 0.427199
vt 0.238664 0.429396
vt 0.239463 0.416160
vt 0.242952 0.424837
vt 0.243111 0.412797
vt 0.246940 0.422177
vt 0.247038 0.428528
vt 0.243141 0.430708
vt 0.240868 0.431462
vt 0.251982 0.419252
vt 0.252487 0.426176
vt 0.252144 0.430560
vt 0.245714 0.432856
vt 0.242528 0.433299
vt 0.250581 0.434119
vt 0.244676 0.435394
vt 0.240223 0.434334
vt 0.265272 0.425111
vt 0.265157 0.428978
vt 0.265301 0.432972
vt 0.728247 0.875826
vt 0.731894 0.877458
vt 0.740367 0.898183
vt 0.735594 0.897647
vt 0.731343 0.897987
vt 0.723453 0.875755
vt 0.263365 0.437399
vt 0.472028 0.789266
vt 0.449411 0.803173
vt 0.448666 0.799133
vt 0.471044 0.785563
vt 0.260085 0.440352
vt 0.247506 0.442564
vt 0.448445 0.794190
vt 0.484053 0.773548
vt 0.424896 0.802828
vt 0.425587 0.798531
vt 0.426984 0.794647
vt 0.448756 0.789445
vt 0.258350 0.930731
vt 0.261161 0.906468
vt 0.264184 0.907139
vt 0.260883 0.930915
vt 0.478006 0.152532
vt 0.482346 0.155261
vt 0.473939 0.172851
vt 0.470432 0.168310
vt 0.267953 0.907781
vt 0.264807 0.931328
vt 0.487450 0.156864
vt 0.480558 0.174702
vt 0.255628 0.950476
vt 0.270864 0.932303
vt 0.262371 0.950676
vt 0.487612 0.174252
vt 0.480783 0.192875
vt 0.471785 0.191771
vt 0.468489 0.188068
vt 0.467635 0.220182
vt 0.461447 0.219267
vt 0.457466 0.218428
vt 0.493321 0.731510
vt 0.494240 0.731804
vt 0.450960 0.242729
vt 0.449209 0.241960
vt 0.446236 0.242025
vt 0.454213 0.219005
vt 0.444664 0.241987
vt 0.449621 0.221289
vt 0.003132 0.882615
vt 0.001365 0.879817
vt 0.019485 0.877063
vt 0.021502 0.879239
vt 0.023504 0.881698
vt 0.004014 0.884127
vt 0.055707 0.882126
vt 0.056361 0.886253
vt 0.024989 0.885198
vt 0.004030 0.885303
vt 0.055481 0.879003
vt 0.399930 0.261400
vt 0.371199 0.272904
vt 0.368955 0.269084
vt 0.396592 0.258480
vt 0.430793 0.248941
vt 0.434578 0.249951
vt 0.402628 0.265408
vt 0.372941 0.277089
vt 0.351197 0.284078
vt 0.349502 0.279813
vt 0.404738 0.269954
vt 0.373951 0.282011
vt 0.351634 0.288655
vt 0.334791 0.292839
vt 0.334330 0.288152
vt 0.373986 0.287111
vt 0.350924 0.293661
vt 0.198770 0.693404
vt 0.202544 0.691230
vt 0.215525 0.711866
vt 0.211331 0.712561
vt 0.222237 0.733062
vt 0.218640 0.733346
vt 0.209426 0.687983
vt 0.223862 0.709954
vt 0.232243 0.731972
vt 0.233419 0.752831
vt 0.224062 0.753054
vt 0.240373 0.707535
vt 0.251095 0.730439
vt 0.252898 0.753452
vt 0.248254 0.779496
vt 0.229183 0.776609
vt 0.775107 0.042610
vt 0.782379 0.021583
vt 0.804809 0.021327
vt 0.796912 0.043521
vt 0.792845 0.069659
vt 0.770785 0.068636
vt 0.792310 0.101364
vt 0.769544 0.098273
vt 0.825978 0.048086
vt 0.821678 0.073141
vt 0.821475 0.103867
vt 0.824304 0.134221
vt 0.796078 0.132413
vt 0.848284 0.077350
vt 0.848609 0.105854
vt 0.851234 0.133642
vt 0.858902 0.154579
vt 0.830416 0.156472
vt 0.861319 0.106643
vt 0.865344 0.132059
vt 0.873665 0.152212
vt 0.597216 0.670976
vt 0.590278 0.651390
vt 0.606276 0.648760
vt 0.613681 0.668197
vt 0.873064 0.131147
vt 0.881550 0.150592
vt 0.588972 0.671140
vt 0.582108 0.651736
vt 0.573393 0.629170
vt 0.581704 0.628083
vt 0.893256 0.165277
vt 0.888469 0.148257
vt 0.899943 0.162200
vt 0.575674 0.650975
vt 0.567571 0.628577
vt 0.559493 0.603093
vt 0.563707 0.602887
vt 0.746763 0.808602
vt 0.745355 0.832554
vt 0.740613 0.831110
vt 0.743116 0.808009
vt 0.742160 0.783251
vt 0.744113 0.782663
vt 0.735059 0.757345
vt 0.736672 0.756241
vt 0.740150 0.807804
vt 0.740394 0.783428
vt 0.733949 0.758432
vt 0.719135 0.737048
vt 0.720165 0.734851
vt 0.977993 0.230961
vt 0.977225 0.257120
vt 0.975749 0.256475
vt 0.976505 0.231421
vt 0.732901 0.759533
vt 0.718092 0.739124
vt 0.699803 0.722156
vt 0.700563 0.719835
vt 0.979508 0.207699
vt 0.974679 0.231812
vt 0.977986 0.208899
vt 0.717161 0.740954
vt 0.699157 0.724144
vt 0.679646 0.712318
vt 0.680140 0.710186
vt 0.980793 0.187696
vt 0.976030 0.209569
vt 0.978715 0.188144
vt 0.759174 0.798366
vt 0.757044 0.798053
vt 0.758591 0.781119
vt 0.761138 0.781479
vt 0.757661 0.765029
vt 0.760372 0.765094
vt 0.978475 0.171059
vt 0.976432 0.188234
vt 0.975839 0.171137
vt 0.755974 0.781332
vt 0.754842 0.765139
vt 0.754548 0.751289
vt 0.757139 0.750998
vt 0.753453 0.781834
vt 0.752082 0.765467
vt 0.752213 0.751742
vt 0.751368 0.737325
vt 0.753803 0.737115
vt 0.309813 0.763692
vt 0.309813 0.776148
vt 0.307164 0.775328
vt 0.307941 0.762097
vt 0.750441 0.752503
vt 0.749583 0.737740
vt 0.615888 0.119887
vt 0.630678 0.111605
vt 0.631244 0.113671
vt 0.616873 0.121258
vt 0.604781 0.131416
vt 0.603114 0.130197
vt 0.614422 0.118031
vt 0.629719 0.108809
vt 0.648153 0.102967
vt 0.648243 0.106150
vt 0.612572 0.115849
vt 0.628438 0.105626
vt 0.647885 0.099090
vt 0.668364 0.099247
vt 0.667500 0.102752
vt 0.626723 0.102171
vt 0.647663 0.094893
vt 0.669573 0.095513
vt 0.688989 0.101811
vt 0.686945 0.104859
vt 0.647387 0.090309
vt 0.671119 0.091205
vt 0.691415 0.098397
vt 0.704639 0.108519
vt 0.702669 0.111633
vt 0.706596 0.104690
vt 0.719472 0.121622
vt 0.717343 0.124589
vt 0.721133 0.117684
vt 0.735460 0.139308
vt 0.732496 0.141576
vt 0.723834 0.113837
vt 0.738625 0.136353
vt 0.754425 0.162829
vt 0.750941 0.164367
vt 0.725104 0.110055
vt 0.741570 0.132490
vt 0.757811 0.161485
vt 0.012148 0.550556
vt 0.008509 0.550134
vt 0.011725 0.517349
vt 0.016836 0.514824
vt 0.017011 0.550672
vt 0.007621 0.489758
vt 0.013813 0.487453
vt 0.015946 0.473867
vt 0.016561 0.470322
vt 0.025830 0.467262
vt 0.963470 0.869213
vt 0.958282 0.865956
vt 0.960251 0.864060
vt 0.966121 0.867671
vt 0.972595 0.872911
vt 0.598233 0.978732
vt 0.599797 0.974702
vt 0.605916 0.978811
vt 0.604390 0.983590
vt 0.978142 0.877594
vt 0.968606 0.863430
vt 0.975102 0.867981
vt 0.971876 0.857715
vt 0.978529 0.860331
vt 0.962342 0.860698
vt 0.965376 0.855991
vt 0.969114 0.847461
vt 0.975880 0.847375
vt 0.957298 0.859330
vt 0.960053 0.855270
vt 0.963908 0.847604
vt 0.964679 0.837284
vt 0.970188 0.836184
vt 0.721616 0.080643
vt 0.715374 0.083724
vt 0.717472 0.076772
vt 0.397059 0.951361
vt 0.391916 0.952086
vt 0.389385 0.943175
vt 0.392912 0.943053
vt 0.962082 0.838719
vt 0.959943 0.827061
vt 0.962865 0.826016
vt 0.385507 0.953835
vt 0.384994 0.945098
vt 0.382716 0.933902
vt 0.386554 0.932169
vt 0.379726 0.921884
vt 0.383484 0.920428
vt 0.380508 0.945470
vt 0.378202 0.935526
vt 0.375773 0.923258
vt 0.372517 0.911398
vt 0.376094 0.910443
vt 0.374484 0.936463
vt 0.372554 0.924065
vt 0.369311 0.911898
vt 0.366774 0.899970
vt 0.369822 0.900064
vt 0.369404 0.925361
vt 0.366609 0.912765
vt 0.364393 0.900263
vt 0.365012 0.891483
vt 0.366553 0.890574
vt 0.677615 0.893283
vt 0.675237 0.904862
vt 0.673067 0.902947
vt 0.675724 0.892114
vt 0.269169 0.668646
vt 0.268030 0.666089
vt 0.273128 0.659329
vt 0.277202 0.653884
vt 0.673289 0.882281
vt 0.673280 0.891188
vt 0.671788 0.881919
vt 0.272720 0.657764
vt 0.276726 0.653098
vt 0.278548 0.651562
vt 0.279068 0.652148
vt 0.668890 0.876602
vt 0.669765 0.881625
vt 0.667792 0.876544
vt 0.276495 0.652095
vt 0.278302 0.650732
vt 0.279481 0.650204
vt 0.279512 0.650938
vt 0.276450 0.651015
vt 0.278390 0.649754
vt 0.279587 0.649271
vt 0.601410 0.878180
vt 0.600591 0.876661
vt 0.601238 0.877401
vt 0.278639 0.648806
vt 0.279892 0.648534
vt 0.601341 0.878935
vt 0.602530 0.879220
vt 0.601184 0.880214
vt 0.600213 0.880495
vt 0.601249 0.882960
vt 0.599961 0.883414
vt 0.598635 0.883398
vt 0.599212 0.880452
vt 0.967276 0.772414
vt 0.967519 0.775166
vt 0.966204 0.774836
vt 0.966251 0.772358
vt 0.966270 0.770967
vt 0.967091 0.771050
vt 0.964608 0.774527
vt 0.965087 0.772133
vt 0.965386 0.770836
vt 0.965402 0.769838
vt 0.966071 0.770000
vt 0.964184 0.772045
vt 0.964503 0.770540
vt 0.964638 0.769522
vt 0.964854 0.768751
vt 0.965387 0.769176
vt 0.963903 0.770276
vt 0.964122 0.769139
vt 0.281437 0.650260
vt 0.280761 0.650432
vt 0.280738 0.649776
vt 0.281430 0.649704
vt 0.280947 0.651190
vt 0.280337 0.651358
vt 0.280055 0.650606
vt 0.280128 0.649982
vt 0.279687 0.651627
vt 0.868590 0.341176
vt 0.869355 0.341347
vt 0.869355 0.342396
vt 0.868770 0.342300
vt 0.280640 0.652431
vt 0.279903 0.652481
vt 0.280911 0.655416
vt 0.280013 0.655398
vt 0.281144 0.661142
vt 0.279391 0.661549
vt 0.370339 0.891320
vt 0.372114 0.891467
vt 0.375880 0.899160
vt 0.372791 0.899501
vt 0.368302 0.891064
vt 0.379571 0.909653
vt 0.378352 0.899250
vt 0.382193 0.909635
vt 0.955326 0.803279
vt 0.957079 0.802400
vt 0.959686 0.814130
vt 0.956461 0.815324
vt 0.960434 0.801718
vt 0.963713 0.813026
vt 0.967599 0.824418
vt 0.967710 0.811861
vt 0.972521 0.822937
vt 0.976275 0.835465
vt 0.977306 0.821924
vt 0.982046 0.835266
vt 0.982802 0.847971
vt 0.987583 0.835301
vt 0.988672 0.850089
vt 0.983821 0.863159
vt 0.607247 0.971620
vt 0.607291 0.961593
vt 0.614078 0.961978
vt 0.613928 0.973798
vt 0.612309 0.981468
vt 0.979410 0.872501
vt 0.012953 0.940437
vt 0.004381 0.940836
vt 0.002159 0.934447
vt 0.011411 0.934615
vt 0.618366 0.982971
vt 0.616705 0.987554
vt 0.611106 0.985957
vt 0.016062 0.940968
vt 0.014956 0.935507
vt 0.018466 0.947226
vt 0.624345 0.983238
vt 0.621998 0.988025
vt 0.015246 0.929971
vt 0.011117 0.928520
vt 0.011838 0.922098
vt 0.016627 0.922800
vt 0.645801 0.974327
vt 0.644555 0.967278
vt 0.649697 0.965698
vt 0.651510 0.972546
vt 0.019030 0.916586
vt 0.023326 0.917359
vt 0.653394 0.977260
vt 0.658135 0.970161
vt 0.659673 0.974661
vt 0.660845 0.978071
vt 0.655729 0.980072
vt 0.027181 0.918264
vt 0.660933 0.982087
vt 0.656122 0.983710
vt 0.038259 0.436460
vt 0.041631 0.443633
vt 0.038420 0.442910
vt 0.666265 0.971658
vt 0.667341 0.975036
vt 0.667049 0.977626
vt 0.672756 0.967620
vt 0.673806 0.970615
vt 0.329071 0.952416
vt 0.333102 0.959482
vt 0.329684 0.959987
vt 0.326427 0.952249
vt 0.334630 0.966925
vt 0.331388 0.966947
vt 0.328213 0.966780
vt 0.326940 0.959144
vt 0.387828 0.960021
vt 0.389367 0.962381
vt 0.390791 0.968727
vt 0.387828 0.967602
vt 0.388240 0.956815
vt 0.390942 0.957571
vt 0.392351 0.961227
vt 0.393305 0.967325
vt 0.025129 0.432516
vt 0.017833 0.436462
vt 0.017434 0.435051
vt 0.025444 0.430131
vt 0.036350 0.422432
vt 0.025099 0.427191
vt 0.037164 0.416268
vt 0.051418 0.408728
vt 0.050404 0.415325
vt 0.856013 0.335657
vt 0.845798 0.332670
vt 0.845798 0.324129
vt 0.855244 0.325157
vt 0.066962 0.407609
vt 0.068470 0.416269
vt 0.747768 0.923432
vt 0.747688 0.931903
vt 0.066309 0.402898
vt 0.050769 0.404004
vt 0.063919 0.398334
vt 0.658136 0.029668
vt 0.656983 0.038058
vt 0.652347 0.037297
vt 0.653466 0.028400
vt 0.063050 0.395385
vt 0.073791 0.389894
vt 0.653685 0.020905
vt 0.649106 0.031687
vt 0.648492 0.024302
vt 0.642293 0.019042
vt 0.647535 0.016999
vt 0.083152 0.385397
vt 0.637709 0.015209
vt 0.640094 0.013465
vt 0.092538 0.380811
vt 0.093682 0.381650
vt 0.634542 0.011201
vt 0.637246 0.010860
vt 0.304124 0.664914
vt 0.307625 0.664480
vt 0.307625 0.667433
vt 0.304060 0.668615
vt 0.883570 0.336649
vt 0.884749 0.336757
vt 0.885424 0.342074
vt 0.883570 0.342454
vt 0.640005 0.010582
vt 0.636337 0.007398
vt 0.639834 0.007758
vt 0.644195 0.008399
vt 0.643531 0.010376
vt 0.963002 0.164064
vt 0.960853 0.163665
vt 0.959965 0.160310
vt 0.963968 0.160848
vt 0.969700 0.161846
vt 0.968343 0.165635
vt 0.971456 0.513860
vt 0.971479 0.522028
vt 0.968521 0.518773
vt 0.970723 0.512139
vt 0.890983 0.905682
vt 0.892722 0.906450
vt 0.898648 0.915262
vt 0.894273 0.915454
vt 0.971479 0.531559
vt 0.967054 0.527469
vt 0.096743 0.388669
vt 0.102618 0.390072
vt 0.105640 0.394879
vt 0.100003 0.395984
vt 0.092448 0.394584
vt 0.090119 0.386987
vt 0.962346 0.522057
vt 0.967967 0.515916
vt 0.103242 0.402021
vt 0.096919 0.402752
vt 0.090076 0.401055
vt 0.087026 0.394769
vt 0.758971 0.900914
vt 0.097357 0.409629
vt 0.089754 0.407097
vt 0.760624 0.910294
vt 0.755378 0.909717
vt 0.103555 0.409879
vt 0.096784 0.418875
vt 0.088741 0.417615
vt 0.080305 0.413777
vt 0.084673 0.425726
vt 0.107477 0.408866
vt 0.102693 0.419475
vt 0.898559 0.956031
vt 0.902244 0.944674
vt 0.907097 0.944843
vt 0.903244 0.956138
vt 0.895201 0.965628
vt 0.889743 0.962689
vt 0.103397 0.416715
vt 0.108266 0.406060
vt 0.112584 0.406068
vt 0.107400 0.416917
vt 0.098326 0.428238
vt 0.111493 0.418027
vt 0.103513 0.428924
vt 0.094621 0.440902
vt 0.087941 0.439870
vt 0.297129 0.956184
vt 0.296259 0.969149
vt 0.289424 0.968851
vt 0.293529 0.956332
vt 0.297129 0.983667
vt 0.291609 0.983467
vt 0.116460 0.407524
vt 0.122843 0.406557
vt 0.125692 0.396947
vt 0.132828 0.393810
vt 0.131747 0.403389
vt 0.119606 0.398843
vt 0.119728 0.391136
vt 0.125913 0.389128
vt 0.114258 0.397260
vt 0.541747 0.978079
vt 0.536264 0.977115
vt 0.535641 0.967903
vt 0.541217 0.969875
vt 0.535641 0.957951
vt 0.540907 0.960550
vt 0.113556 0.389832
vt 0.109258 0.397761
vt 0.107912 0.391368
vt 0.906757 0.923089
vt 0.903870 0.923762
vt 0.903126 0.913534
vt 0.906961 0.934058
vt 0.902015 0.933727
vt 0.898446 0.924302
vt 0.898700 0.943851
vt 0.898414 0.933744
vt 0.108294 0.400470
vt 0.540287 0.949641
vt 0.543776 0.952204
vt 0.544140 0.963383
vt 0.117886 0.385850
vt 0.124360 0.383593
vt 0.537057 0.947121
vt 0.538194 0.937868
vt 0.541016 0.940269
vt 0.896250 0.905697
vt 0.889743 0.896962
vt 0.892124 0.896912
vt 0.964385 0.152223
vt 0.959219 0.150779
vt 0.960043 0.143793
vt 0.964451 0.145493
vt 0.969700 0.146348
vt 0.969474 0.152965
vt 0.963947 0.157487
vt 0.959334 0.156223
vt 0.640088 0.002676
vt 0.640036 0.005241
vt 0.635656 0.004447
vt 0.635024 0.001576
vt 0.956648 0.155396
vt 0.956363 0.149686
vt 0.823965 0.179296
vt 0.824795 0.176082
vt 0.829436 0.175694
vt 0.829010 0.178916
vt 0.827823 0.184601
vt 0.822743 0.184648
vt 0.818048 0.184950
vt 0.819024 0.180077
vt 0.826308 0.192044
vt 0.821100 0.191531
vt 0.816975 0.190872
vt 0.811096 0.190659
vt 0.812107 0.186423
vt 0.818552 0.198732
vt 0.815363 0.195491
vt 0.796135 0.967471
vt 0.796135 0.957991
vt 0.799600 0.963377
vt 0.798782 0.970500
vt 0.824117 0.324129
vt 0.831174 0.325545
vt 0.823640 0.199140
vt 0.819556 0.207123
vt 0.984207 0.964265
vt 0.982817 0.976249
vt 0.979530 0.976277
vt 0.977424 0.963563
vt 0.978117 0.951211
vt 0.984207 0.952380
vt 0.822776 0.211036
vt 0.825267 0.203115
vt 0.831485 0.222982
vt 0.822629 0.219823
vt 0.977855 0.936889
vt 0.983253 0.939395
vt 0.846339 0.227994
vt 0.843401 0.239560
vt 0.860543 0.235115
vt 0.850094 0.245856
vt 0.833671 0.255248
vt 0.830385 0.250268
vt 0.817836 0.260895
vt 0.835692 0.259726
vt 0.817448 0.266046
vt 0.801584 0.262856
vt 0.804682 0.259689
vt 0.787536 0.256687
vt 0.790929 0.253234
vt 0.794820 0.250389
vt 0.781637 0.240577
vt 0.787765 0.239461
vt 0.796917 0.234839
vt 0.779166 0.229903
vt 0.184798 0.363399
vt 0.202973 0.354265
vt 0.207068 0.356916
vt 0.188814 0.366635
vt 0.174980 0.373606
vt 0.171855 0.368321
vt 0.780019 0.221847
vt 0.771637 0.226068
vt 0.769544 0.221396
vt 0.169167 0.374656
vt 0.165010 0.378014
vt 0.161444 0.369315
vt 0.166410 0.367508
vt 0.156946 0.392622
vt 0.158031 0.383023
vt 0.145914 0.397057
vt 0.146406 0.388135
vt 0.138780 0.398317
vt 0.136442 0.389696
vt 0.137250 0.381548
vt 0.012439 0.980168
vt 0.019525 0.981236
vt 0.762009 0.830711
vt 0.759871 0.842505
vt 0.754133 0.842062
vt 0.757274 0.831800
vt 0.757465 0.821147
vt 0.761180 0.818858
vt 0.754215 0.810544
vt 0.756299 0.808459
vt 0.752382 0.832594
vt 0.752204 0.822599
vt 0.749885 0.812514
vt 0.820910 0.957991
vt 0.820910 0.967246
vt 0.816681 0.966337
vt 0.818042 0.958035
vt 0.749492 0.802519
vt 0.752280 0.801095
vt 0.132085 0.385425
vt 0.756785 0.852865
vt 0.749492 0.852658
vt 0.146900 0.408653
vt 0.147799 0.419741
vt 0.156213 0.403821
vt 0.157855 0.414044
vt 0.159715 0.420221
vt 0.149329 0.426267
vt 0.161245 0.424864
vt 0.150873 0.431229
vt 0.140256 0.440184
vt 0.152139 0.435383
vt 0.141508 0.444284
vt 0.130910 0.453234
vt 0.129769 0.450560
vt 0.125685 0.463115
vt 0.122256 0.460622
vt 0.120741 0.470486
vt 0.124215 0.471806
vt 0.141612 0.446055
vt 0.131639 0.455340
vt 0.128477 0.465032
vt 0.185922 0.876719
vt 0.182781 0.865460
vt 0.186215 0.866388
vt 0.187628 0.878471
vt 0.189143 0.868951
vt 0.189326 0.880032
vt 0.191334 0.886841
vt 0.191212 0.881102
vt 0.193168 0.886422
vt 0.195242 0.890036
vt 0.193671 0.890542
vt 0.196455 0.893239
vt 0.197940 0.892767
vt 0.203134 0.895828
vt 0.201561 0.897060
vt 0.402338 0.893068
vt 0.404468 0.890574
vt 0.405890 0.892374
vt 0.404033 0.895062
vt 0.401936 0.899550
vt 0.399838 0.898140
vt 0.401233 0.908409
vt 0.399788 0.907305
vt 0.406264 0.896381
vt 0.404574 0.900857
vt 0.407911 0.893848
vt 0.917780 0.603440
vt 0.919513 0.605906
vt 0.921320 0.604272
vt 0.923633 0.607664
vt 0.921919 0.609145
vt 0.927166 0.611972
vt 0.925492 0.613309
vt 0.933356 0.619554
vt 0.931220 0.620005
vt 0.366742 0.977104
vt 0.364610 0.974981
vt 0.364393 0.965567
vt 0.367079 0.967431
vt 0.937642 0.630947
vt 0.935053 0.631411
vt 0.942946 0.643938
vt 0.940577 0.644273
vt 0.936975 0.645055
vt 0.945825 0.657990
vt 0.941904 0.658567
vt 0.949842 0.674926
vt 0.946934 0.675295
vt 0.942672 0.675840
vt 0.951292 0.694502
vt 0.946721 0.695121
vt 0.941869 0.695431
vt 0.947950 0.716628
vt 0.942764 0.717324
vt 0.937282 0.718094
vt 0.941295 0.741600
vt 0.935166 0.743690
vt 0.929554 0.745099
vt 0.932813 0.719016
vt 0.924641 0.745594
vt 0.927953 0.719836
vt 0.916286 0.747754
vt 0.921276 0.721348
vt 0.905814 0.747772
vt 0.906420 0.722460
vt 0.899621 0.747172
vt 0.898346 0.722953
vt 0.894477 0.746391
vt 0.893248 0.723210
vt 0.291473 0.438791
vt 0.293371 0.461790
vt 0.289637 0.461680
vt 0.287787 0.439541
vt 0.890270 0.723361
vt 0.285204 0.461559
vt 0.283925 0.440075
vt 0.281666 0.461536
vt 0.280730 0.440876
vt 0.277859 0.461532
vt 0.277087 0.441334
vt 0.273591 0.461429
vt 0.272816 0.441714
vt 0.269551 0.461096
vt 0.268497 0.442010
vt 0.274990 0.480724
vt 0.271390 0.480530
vt 0.430094 0.161369
vt 0.425632 0.142404
vt 0.428933 0.142201
vt 0.422520 0.123159
vt 0.425599 0.122371
vt 0.429318 0.121305
vt 0.422378 0.103855
vt 0.426197 0.102616
vt 0.430323 0.101138
vt 0.433065 0.120083
vt 0.433731 0.100051
vt 0.436724 0.119094
vt 0.438064 0.098228
vt 0.441044 0.117537
vt 0.442551 0.095786
vt 0.445569 0.114443
vt 0.448179 0.093107
vt 0.450832 0.110871
vt 0.457442 0.137439
vt 0.457249 0.106867
vt 0.465656 0.134913
vt 0.463242 0.103654
vt 0.474333 0.131596
vt 0.482812 0.151892
vt 0.479716 0.129087
vt 0.488756 0.151295
vt 0.493278 0.162532
vt 0.526506 0.747910
vt 0.523820 0.757589
vt 0.518490 0.752958
vt 0.527965 0.744843
vt 0.522734 0.777609
vt 0.517770 0.775066
vt 0.513926 0.773494
vt 0.514539 0.749956
vt 0.509726 0.770582
vt 0.509836 0.748124
vt 0.505396 0.769657
vt 0.504945 0.748174
vt 0.504381 0.730091
vt 0.500407 0.749222
vt 0.499694 0.730958
vt 0.499732 0.716522
vt 0.503581 0.716232
vt 0.951923 0.694020
vt 0.502293 0.703767
vt 0.506715 0.704367
vt 0.510596 0.703404
vt 0.502194 0.694379
vt 0.505309 0.694455
vt 0.508764 0.694481
vt 0.512254 0.693958
vt 0.514229 0.703256
vt 0.504917 0.686634
vt 0.508141 0.686854
vt 0.511440 0.686033
vt 0.514856 0.685842
vt 0.515672 0.693821
vt 0.544172 0.779781
vt 0.545822 0.780496
vt 0.544977 0.794481
vt 0.543203 0.793558
vt 0.191043 0.853357
vt 0.191090 0.861940
vt 0.188381 0.860082
vt 0.187895 0.851888
vt 0.185202 0.858879
vt 0.184725 0.851010
vt 0.542055 0.792742
vt 0.543604 0.806947
vt 0.541538 0.806265
vt 0.545822 0.807528
vt 0.191014 0.871277
vt 0.193193 0.873698
vt 0.193230 0.882145
vt 0.164430 0.434610
vt 0.163750 0.432539
vt 0.175800 0.426703
vt 0.176681 0.429233
vt 0.518118 0.686152
vt 0.518908 0.693577
vt 0.152962 0.440731
vt 0.152981 0.438881
vt 0.162521 0.428886
vt 0.182336 0.856554
vt 0.173650 0.419078
vt 0.174730 0.422997
vt 0.185616 0.414024
vt 0.186853 0.418119
vt 0.188088 0.421996
vt 0.200004 0.413525
vt 0.201528 0.417403
vt 0.203167 0.420598
vt 0.189614 0.424805
vt 0.520914 0.702262
vt 0.523630 0.711684
vt 0.520082 0.713432
vt 0.517319 0.703043
vt 0.525673 0.722349
vt 0.522485 0.723890
vt 0.216542 0.419055
vt 0.215408 0.414853
vt 0.227049 0.420290
vt 0.214914 0.410529
vt 0.183896 0.409256
vt 0.172378 0.414243
vt 0.364393 0.956815
vt 0.367473 0.958152
vt 0.946524 0.658217
vt 0.952596 0.715810
vt 0.950663 0.739124
vt 0.948427 0.740274
vt 0.496969 0.751179
vt 0.501134 0.770119
vt 0.497380 0.769430
vt 0.948875 0.765956
vt 0.937143 0.765849
vt 0.945865 0.791601
vt 0.933392 0.789216
vt 0.927440 0.787398
vt 0.930667 0.766730
vt 0.922758 0.786828
vt 0.925892 0.767904
vt 0.918672 0.786713
vt 0.921184 0.767979
vt 0.911382 0.785707
vt 0.913484 0.767846
vt 0.905714 0.785188
vt 0.906658 0.767538
vt 0.544630 0.542928
vt 0.544070 0.560868
vt 0.539372 0.560679
vt 0.539665 0.543031
vt 0.902240 0.766664
vt 0.902532 0.784135
vt 0.897755 0.783493
vt 0.896765 0.766213
vt 0.893112 0.783021
vt 0.892317 0.765758
vt 0.890920 0.745645
vt 0.291235 0.481621
vt 0.290552 0.498996
vt 0.286107 0.499169
vt 0.286347 0.481085
vt 0.282378 0.499247
vt 0.282825 0.480909
vt 0.278817 0.499492
vt 0.278967 0.480794
vt 0.275134 0.499791
vt 0.277969 0.517617
vt 0.274692 0.518250
vt 0.271296 0.518832
vt 0.271663 0.500142
vt 0.276010 0.537094
vt 0.272977 0.537738
vt 0.419145 0.105034
vt 0.415630 0.086381
vt 0.419232 0.085433
vt 0.415151 0.067349
vt 0.418225 0.066846
vt 0.421139 0.066430
vt 0.422935 0.084696
vt 0.424476 0.065925
vt 0.426663 0.083826
vt 0.428633 0.066310
vt 0.430386 0.083015
vt 0.434942 0.081823
vt 0.440119 0.080400
vt 0.445729 0.078511
vt 0.983794 0.536237
vt 0.983876 0.546272
vt 0.979074 0.545856
vt 0.979161 0.534362
vt 0.449662 0.076851
vt 0.452351 0.090779
vt 0.454020 0.075004
vt 0.457615 0.088162
vt 0.458793 0.072918
vt 0.463487 0.085544
vt 0.469481 0.101415
vt 0.468289 0.082914
vt 0.474555 0.099149
vt 0.482870 0.127195
vt 0.463201 0.070975
vt 0.454403 0.060878
vt 0.459073 0.059440
vt 0.522227 0.824400
vt 0.520747 0.834144
vt 0.517538 0.831608
vt 0.518102 0.823189
vt 0.513396 0.832034
vt 0.512902 0.823701
vt 0.249526 0.871728
vt 0.249526 0.881709
vt 0.516582 0.840169
vt 0.512846 0.838957
vt 0.509584 0.836295
vt 0.510072 0.829989
vt 0.514760 0.849011
vt 0.511194 0.848198
vt 0.508079 0.845678
vt 0.508654 0.857254
vt 0.505414 0.854470
vt 0.501910 0.852036
vt 0.245584 0.902309
vt 0.242321 0.901608
vt 0.456325 0.025622
vt 0.453756 0.026341
vt 0.453407 0.016676
vt 0.455356 0.016297
vt 0.500634 0.857895
vt 0.497443 0.856387
vt 0.498608 0.849324
vt 0.940946 0.868802
vt 0.940413 0.878289
vt 0.937462 0.878256
vt 0.937083 0.868620
vt 0.938150 0.855743
vt 0.941391 0.855725
vt 0.934340 0.878135
vt 0.932259 0.868265
vt 0.930949 0.856103
vt 0.927345 0.868002
vt 0.924836 0.856834
vt 0.922685 0.838055
vt 0.929939 0.838150
vt 0.941301 0.838316
vt 0.923557 0.818429
vt 0.930523 0.818857
vt 0.942908 0.819677
vt 0.499071 0.812587
vt 0.503790 0.812747
vt 0.931485 0.803411
vt 0.943811 0.805453
vt 0.499335 0.801730
vt 0.503774 0.801572
vt 0.507616 0.802199
vt 0.508568 0.810518
vt 0.499103 0.790266
vt 0.502701 0.790686
vt 0.506703 0.791691
vt 0.242330 0.861951
vt 0.512088 0.810976
vt 0.924949 0.802422
vt 0.918840 0.818103
vt 0.920425 0.801831
vt 0.545279 0.689374
vt 0.545822 0.705912
vt 0.542282 0.706340
vt 0.541473 0.689635
vt 0.541972 0.674750
vt 0.545822 0.673869
vt 0.916778 0.801143
vt 0.915263 0.817633
vt 0.908154 0.816769
vt 0.909732 0.800791
vt 0.902983 0.816866
vt 0.904362 0.800556
vt 0.542851 0.576628
vt 0.542801 0.593170
vt 0.539290 0.593980
vt 0.538586 0.577024
vt 0.901455 0.800162
vt 0.900007 0.816987
vt 0.896350 0.816988
vt 0.897176 0.799810
vt 0.892152 0.817130
vt 0.892677 0.799878
vt 0.289011 0.516133
vt 0.288764 0.533526
vt 0.285502 0.534155
vt 0.285344 0.516525
vt 0.281836 0.535039
vt 0.281270 0.516978
vt 0.278744 0.536212
vt 0.286215 0.552524
vt 0.283080 0.553730
vt 0.280087 0.554926
vt 0.289391 0.569058
vt 0.286759 0.569634
vt 0.413454 0.068203
vt 0.412892 0.052201
vt 0.415947 0.052168
vt 0.277796 0.555695
vt 0.414078 0.040171
vt 0.416373 0.041028
vt 0.419235 0.042097
vt 0.419476 0.052602
vt 0.422828 0.044094
vt 0.422981 0.053258
vt 0.931723 0.964099
vt 0.930974 0.956210
vt 0.933895 0.956339
vt 0.935876 0.964870
vt 0.934634 0.975378
vt 0.930974 0.976017
vt 0.938208 0.956747
vt 0.940045 0.964701
vt 0.425838 0.053202
vt 0.429829 0.053601
vt 0.429870 0.046001
vt 0.426429 0.045861
vt 0.426272 0.038923
vt 0.429415 0.040615
vt 0.984465 0.567603
vt 0.979074 0.571558
vt 0.427521 0.033735
vt 0.429914 0.035088
vt 0.808022 0.326870
vt 0.808333 0.329799
vt 0.803790 0.330461
vt 0.804156 0.327929
vt 0.804221 0.325724
vt 0.808068 0.324129
vt 0.423315 0.036705
vt 0.425230 0.031894
vt 0.420628 0.034504
vt 0.423018 0.029801
vt 0.808333 0.332802
vt 0.808280 0.335899
vt 0.802797 0.336490
vt 0.803378 0.333350
vt 0.418072 0.033075
vt 0.420536 0.027942
vt 0.905068 0.874022
vt 0.902465 0.875819
vt 0.898271 0.871886
vt 0.901501 0.871127
vt 0.799033 0.334008
vt 0.798923 0.331046
vt 0.799912 0.328145
vt 0.904800 0.870208
vt 0.897876 0.864462
vt 0.901005 0.864214
vt 0.904786 0.864380
vt 0.907885 0.869247
vt 0.910152 0.868183
vt 0.898922 0.853126
vt 0.902389 0.854417
vt 0.898756 0.835762
vt 0.901852 0.836291
vt 0.906516 0.836945
vt 0.913629 0.837967
vt 0.917155 0.838130
vt 0.544630 0.612566
vt 0.542082 0.612588
vt 0.896155 0.852341
vt 0.895919 0.835417
vt 0.893455 0.852182
vt 0.892624 0.835200
vt 0.890580 0.851961
vt 0.889742 0.835225
vt 0.291629 0.551325
vt 0.289122 0.551808
vt 0.294656 0.567942
vt 0.292262 0.568424
vt 0.298747 0.580219
vt 0.296579 0.580674
vt 0.293734 0.581025
vt 0.299109 0.588211
vt 0.295694 0.588679
vt 0.411970 0.039631
vt 0.291797 0.580262
vt 0.301392 0.587396
vt 0.892861 0.864780
vt 0.895328 0.864780
vt 0.801042 0.325735
vt 0.937844 0.885063
vt 0.935841 0.884947
vt 0.937643 0.889059
vt 0.935505 0.888589
vt 0.937294 0.891331
vt 0.935109 0.891045
vt 0.932165 0.890069
vt 0.934995 0.892671
vt 0.931851 0.891945
vt 0.926888 0.888648
vt 0.927648 0.887264
vt 0.947272 0.956264
vt 0.950111 0.956210
vt 0.944777 0.956741
vt 0.268473 0.965723
vt 0.269749 0.959687
vt 0.271287 0.959427
vt 0.270753 0.966153
vt 0.273311 0.958991
vt 0.273163 0.965732
vt 0.275195 0.975265
vt 0.441009 0.015597
vt 0.443416 0.006528
vt 0.445485 0.006339
vt 0.444407 0.015530
vt 0.445413 0.027516
vt 0.441271 0.027560
vt 0.438569 0.016444
vt 0.447194 0.038569
vt 0.448780 0.027378
vt 0.451780 0.038339
vt 0.454906 0.048885
vt 0.450354 0.049250
vt 0.449768 0.061940
vt 0.445082 0.063162
vt 0.454726 0.037672
vt 0.458293 0.048568
vt 0.461974 0.058506
vt 0.451398 0.026328
vt 0.512996 0.857916
vt 0.515729 0.860057
vt 0.510350 0.867577
vt 0.508275 0.864965
vt 0.505921 0.862330
vt 0.451073 0.016642
vt 0.448762 0.016232
vt 0.452601 0.009552
vt 0.451124 0.026445
vt 0.451689 0.004099
vt 0.502467 0.864396
vt 0.502561 0.868274
vt 0.500603 0.866130
vt 0.499895 0.862706
vt 0.503499 0.859875
vt 0.497932 0.864810
vt 0.496969 0.861615
vt 0.939923 0.885147
vt 0.939761 0.889246
vt 0.501116 0.868452
vt 0.498583 0.866782
vt 0.939524 0.891633
vt 0.501145 0.869705
vt 0.499259 0.868030
vt 0.939312 0.893035
vt 0.937078 0.892809
vt 0.502534 0.870431
vt 0.501410 0.871928
vt 0.500062 0.871851
vt 0.499805 0.870620
vt 0.503509 0.872667
vt 0.502015 0.873977
vt 0.274070 0.956184
vt 0.272356 0.956616
vt 0.448540 0.001365
vt 0.450909 0.001445
vt 0.275195 0.958612
vt 0.274897 0.964660
vt 0.935216 0.894182
vt 0.936848 0.894118
vt 0.932155 0.893815
vt 0.446438 0.015790
vt 0.924711 0.606132
vt 0.928233 0.611048
vt 0.922502 0.602627
vt 0.211056 0.899570
vt 0.219552 0.906775
vt 0.217010 0.908623
vt 0.209068 0.901690
vt 0.536470 0.673869
vt 0.538744 0.674921
vt 0.538731 0.682903
vt 0.536470 0.682000
vt 0.214878 0.910869
vt 0.206682 0.903815
vt 0.199917 0.899185
vt 0.204045 0.906215
vt 0.198174 0.902428
vt 0.196503 0.907616
vt 0.212443 0.912800
vt 0.193306 0.372055
vt 0.211210 0.363044
vt 0.216888 0.367423
vt 0.199927 0.379826
vt 0.226730 0.352884
vt 0.231405 0.356700
vt 0.238439 0.362599
vt 0.776042 0.274304
vt 0.780277 0.265755
vt 0.797253 0.271998
vt 0.795966 0.278636
vt 0.793511 0.289241
vt 0.773389 0.285050
vt 0.246478 0.370448
vt 0.793079 0.302862
vt 0.773994 0.297123
vt 0.252617 0.382596
vt 0.556038 0.969725
vt 0.548551 0.948397
vt 0.563686 0.950719
vt 0.570258 0.972066
vt 0.259296 0.398584
vt 0.247799 0.408551
vt 0.262882 0.412905
vt 0.583929 0.972778
vt 0.578241 0.951546
vt 0.585649 0.952177
vt 0.591445 0.973382
vt 0.264114 0.420686
vt 0.589717 0.953190
vt 0.595504 0.974108
vt 0.584326 0.926680
vt 0.588113 0.927566
vt 0.964486 0.906667
vt 0.960081 0.930984
vt 0.956471 0.930393
vt 0.960833 0.905291
vt 0.973039 0.886737
vt 0.974695 0.888474
vt 0.959481 0.956693
vt 0.955326 0.956592
vt 0.744959 0.924247
vt 0.744298 0.950513
vt 0.739735 0.949947
vt 0.740319 0.923890
vt 0.735700 0.949013
vt 0.736203 0.923651
vt 0.732308 0.947801
vt 0.732503 0.923397
vt 0.727493 0.898513
vt 0.401823 0.798683
vt 0.400815 0.802335
vt 0.379896 0.790056
vt 0.381901 0.786845
vt 0.384667 0.783010
vt 0.403521 0.794582
vt 0.387548 0.779396
vt 0.405686 0.791040
vt 0.389908 0.776516
vt 0.407828 0.788176
vt 0.428922 0.791614
vt 0.261924 0.885117
vt 0.255628 0.867630
vt 0.259947 0.867502
vt 0.265881 0.885351
vt 0.266116 0.866228
vt 0.272042 0.884783
vt 0.274047 0.908225
vt 0.283840 0.882755
vt 0.286609 0.908316
vt 0.282750 0.933523
vt 0.299918 0.906896
vt 0.296449 0.933582
vt 0.286834 0.953455
vt 0.273007 0.952156
vt 0.496965 0.171338
vt 0.509289 0.167413
vt 0.501987 0.190118
vt 0.489369 0.191957
vt 0.496428 0.224083
vt 0.478051 0.221974
vt 0.517323 0.192002
vt 0.516167 0.228097
vt 0.513124 0.262367
vt 0.532332 0.233448
vt 0.530394 0.267064
vt 0.527927 0.291636
vt 0.508085 0.284598
vt 0.526439 0.317613
vt 0.506586 0.309779
vt 0.477136 0.300723
vt 0.438639 0.299494
vt 0.507119 0.345421
vt 0.478105 0.343160
vt 0.442825 0.343966
vt 0.408971 0.348568
vt 0.401954 0.306744
vt 0.483389 0.378530
vt 0.453373 0.384462
vt 0.422068 0.390937
vt 0.391601 0.397523
vt 0.378956 0.355912
vt 0.457101 0.399266
vt 0.430062 0.411630
vt 0.404588 0.424669
vt 0.380228 0.434556
vt 0.365089 0.403418
vt 0.434051 0.421251
vt 0.409908 0.435606
vt 0.385712 0.446598
vt 0.363453 0.453095
vt 0.357188 0.442122
vt 0.413811 0.441938
vt 0.390299 0.453079
vt 0.908181 0.001365
vt 0.914971 0.005547
vt 0.897897 0.020671
vt 0.890330 0.016768
vt 0.884624 0.038258
vt 0.876656 0.035291
vt 0.919379 0.009094
vt 0.904458 0.024563
vt 0.891843 0.041470
vt 0.882542 0.060518
vt 0.875444 0.058318
vt 0.907883 0.027969
vt 0.897030 0.045120
vt 0.888349 0.062842
vt 0.882478 0.083315
vt 0.876812 0.082485
vt 0.525246 0.981963
vt 0.525681 0.960775
vt 0.529585 0.961659
vt 0.529349 0.982605
vt 0.891334 0.065545
vt 0.885360 0.084749
vt 0.884360 0.106173
vt 0.881329 0.106412
vt 0.893899 0.068048
vt 0.888128 0.086068
vt 0.886706 0.105999
vt 0.891356 0.123989
vt 0.888864 0.125740
vt 0.890553 0.087063
vt 0.889613 0.105902
vt 0.893956 0.122845
vt 0.903161 0.135985
vt 0.900253 0.138203
vt 0.892279 0.106072
vt 0.896591 0.122734
vt 0.980793 0.335725
vt 0.977443 0.336095
vt 0.975609 0.318880
vt 0.979138 0.318711
vt 0.974104 0.298943
vt 0.977355 0.299171
vt 0.974086 0.336926
vt 0.971994 0.319558
vt 0.970567 0.299250
vt 0.969570 0.277667
vt 0.972612 0.277675
vt 0.968951 0.321127
vt 0.967396 0.299977
vt 0.966969 0.278123
vt 0.967355 0.255707
vt 0.969335 0.255648
vt 0.597260 0.277174
vt 0.614999 0.293675
vt 0.613503 0.296418
vt 0.596067 0.278865
vt 0.581215 0.259891
vt 0.582762 0.258776
vt 0.573056 0.236787
vt 0.574470 0.236452
vt 0.594476 0.280903
vt 0.579588 0.261059
vt 0.571017 0.237267
vt 0.571138 0.212102
vt 0.573351 0.212189
vt 0.577838 0.262314
vt 0.568929 0.237803
vt 0.568728 0.211943
vt 0.574184 0.186942
vt 0.576368 0.187572
vt 0.566768 0.238336
vt 0.566216 0.211734
vt 0.571728 0.186139
vt 0.581059 0.163764
vt 0.583408 0.165035
vt 0.563641 0.211515
vt 0.569196 0.185304
vt 0.578544 0.162523
vt 0.587918 0.142895
vt 0.590479 0.144513
vt 0.566395 0.184322
vt 0.575943 0.161157
vt 0.585298 0.141002
vt 0.594079 0.122696
vt 0.596660 0.125053
vt 0.573055 0.159601
vt 0.582456 0.138841
vt 0.591416 0.119896
vt 0.604851 0.107782
vt 0.579463 0.136284
vt 0.588849 0.116676
vt 0.576267 0.132739
vt 0.569770 0.157752
vt 0.565963 0.155625
vt 0.561936 0.152502
vt 0.573288 0.129115
vt 0.558008 0.149890
vt 0.570349 0.125644
vt 0.578078 0.111272
vt 0.580923 0.105285
vt 0.072619 0.083799
vt 0.082400 0.079577
vt 0.081164 0.086820
vt 0.073438 0.090570
vt 0.070852 0.092554
vt 0.068984 0.087085
vt 0.068771 0.094027
vt 0.067126 0.088656
vt 0.070134 0.103554
vt 0.067352 0.103955
vt 0.066613 0.095037
vt 0.068329 0.116258
vt 0.065530 0.114836
vt 0.061731 0.113319
vt 0.064162 0.103813
vt 0.063548 0.125928
vt 0.061291 0.123516
vt 0.057850 0.121766
vt 0.054130 0.120534
vt 0.058646 0.112231
vt 0.056528 0.129820
vt 0.052863 0.128173
vt 0.301546 0.981098
vt 0.303209 0.972680
vt 0.307890 0.972318
vt 0.305695 0.981122
vt 0.048151 0.126322
vt 0.041240 0.121228
vt 0.047715 0.116334
vt 0.303616 0.964075
vt 0.308345 0.963829
vt 0.042483 0.129312
vt 0.034836 0.123786
vt 0.025098 0.112133
vt 0.031294 0.111636
vt 0.980697 0.104996
vt 0.981367 0.114956
vt 0.975134 0.114472
vt 0.974507 0.103411
vt 0.974594 0.086983
vt 0.980301 0.088598
vt 0.975091 0.072825
vt 0.979201 0.073277
vt 0.967248 0.102613
vt 0.968532 0.086109
vt 0.969288 0.072684
vt 0.970323 0.060706
vt 0.974667 0.059707
vt 0.011809 0.084620
vt 0.009528 0.069886
vt 0.013609 0.068906
vt 0.015721 0.082274
vt 0.019173 0.097501
vt 0.014227 0.099608
vt 0.967887 0.047478
vt 0.971496 0.048140
vt 0.006200 0.070330
vt 0.005852 0.055962
vt 0.009228 0.056096
vt 0.964792 0.049716
vt 0.959755 0.040306
vt 0.962778 0.038603
vt 0.953594 0.033736
vt 0.955952 0.032204
vt 0.961112 0.051775
vt 0.957603 0.043335
vt 0.720723 0.927975
vt 0.718143 0.928064
vt 0.716682 0.916248
vt 0.719276 0.915727
vt 0.715709 0.905097
vt 0.717739 0.904773
vt 0.715051 0.928249
vt 0.713674 0.916638
vt 0.713345 0.905034
vt 0.714206 0.893724
vt 0.715477 0.894421
vt 0.710424 0.916768
vt 0.710935 0.904675
vt 0.712643 0.892669
vt 0.940620 0.024840
vt 0.941505 0.015299
vt 0.943003 0.014769
vt 0.942464 0.023702
vt 0.708360 0.904055
vt 0.710686 0.891298
vt 0.714629 0.883992
vt 0.705522 0.903041
vt 0.708282 0.890125
vt 0.541309 0.721993
vt 0.544239 0.709069
vt 0.545822 0.710210
vt 0.543476 0.722560
vt 0.707334 0.890685
vt 0.703658 0.902857
vt 0.700942 0.902457
vt 0.704244 0.890668
vt 0.706402 0.882936
vt 0.710219 0.882120
vt 0.698059 0.901951
vt 0.701055 0.893083
vt 0.695317 0.901393
vt 0.700302 0.890092
vt 0.454718 0.899087
vt 0.456099 0.910380
vt 0.453543 0.910102
vt 0.452631 0.897872
vt 0.697838 0.889215
vt 0.704168 0.881976
vt 0.450695 0.910618
vt 0.450124 0.898989
vt 0.447375 0.891075
vt 0.449920 0.890574
vt 0.885705 0.333919
vt 0.880404 0.333783
vt 0.017003 0.008617
vt 0.023334 0.015827
vt 0.021730 0.017536
vt 0.015754 0.009981
vt 0.009845 0.006600
vt 0.010265 0.005731
vt 0.006676 0.004416
vt 0.006865 0.003799
vt 0.014035 0.011637
vt 0.008879 0.007488
vt 0.006221 0.004959
vt 0.004645 0.003175
vt 0.004986 0.002910
vt 0.007848 0.008298
vt 0.005370 0.005454
vt 0.003957 0.003503
vt 0.003216 0.002344
vt 0.003932 0.002122
vt 0.004524 0.005927
vt 0.003148 0.003662
vt 0.002313 0.002437
vt 0.002275 0.001732
vt 0.002602 0.001478
vt 0.001830 0.002667
vt 0.113862 0.957996
vt 0.114003 0.958805
vt 0.113710 0.958219
vt 0.114602 0.959424
vt 0.114261 0.960307
vt 0.113589 0.959628
vt 0.113238 0.959084
vt 0.113136 0.960482
vt 0.112734 0.959856
vt 0.112597 0.959261
vt 0.113086 0.958769
vt 0.113236 0.958055
vt 0.112695 0.961359
vt 0.112504 0.960534
vt 0.538927 0.617983
vt 0.539542 0.617667
vt 0.539610 0.618568
vt 0.538586 0.618490
vt 0.540777 0.617819
vt 0.540808 0.618714
vt 0.540771 0.619420
vt 0.539587 0.619375
vt 0.538764 0.619282
vt 0.539929 0.616921
vt 0.540856 0.616668
vt 0.542281 0.616861
vt 0.542219 0.618045
vt 0.542431 0.619103
vt 0.541259 0.615426
vt 0.542431 0.615317
vt 0.877881 0.332817
vt 0.877648 0.331326
vt 0.877871 0.333919
vt 0.112586 0.964103
vt 0.113105 0.963260
vt 0.114293 0.964166
vt 0.761090 0.871105
vt 0.759752 0.870614
vt 0.759218 0.868201
vt 0.761090 0.868373
vt 0.944279 0.005513
vt 0.945331 0.005501
vt 0.944342 0.008764
vt 0.943333 0.008729
vt 0.115583 0.966187
vt 0.113528 0.962176
vt 0.114565 0.963098
vt 0.113920 0.961237
vt 0.115000 0.962133
vt 0.112277 0.962192
vt 0.115351 0.961252
vt 0.946095 0.005252
vt 0.946842 0.005089
vt 0.946517 0.008391
vt 0.945369 0.008665
vt 0.945811 0.013535
vt 0.944400 0.014231
vt 0.946261 0.020775
vt 0.944138 0.022541
vt 0.946907 0.012892
vt 0.948558 0.019423
vt 0.951222 0.026101
vt 0.948982 0.027556
vt 0.946978 0.030327
vt 0.005899 0.032557
vt 0.004992 0.023126
vt 0.007258 0.023015
vt 0.008700 0.032529
vt 0.009052 0.043057
vt 0.006007 0.043302
vt 0.011436 0.032225
vt 0.012346 0.042616
vt 0.013043 0.055690
vt 0.015517 0.041976
vt 0.016855 0.054679
vt 0.018150 0.068579
vt 0.020929 0.053128
vt 0.023305 0.067443
vt 0.026208 0.079370
vt 0.020335 0.080540
vt 0.030850 0.094365
vt 0.024455 0.096306
vt 0.038702 0.108839
vt 0.038392 0.091351
vt 0.046094 0.103556
vt 0.053576 0.109695
vt 0.052197 0.096926
vt 0.058124 0.101284
vt 0.061709 0.102967
vt 0.060326 0.092753
vt 0.062605 0.094292
vt 0.443573 0.988952
vt 0.446899 0.980568
vt 0.448563 0.981597
vt 0.446070 0.990157
vt 0.451346 0.974531
vt 0.452402 0.975769
vt 0.064460 0.095062
vt 0.063729 0.089061
vt 0.064982 0.089554
vt 0.062783 0.084763
vt 0.064436 0.085451
vt 0.065929 0.085606
vt 0.584814 0.099863
vt 0.584198 0.098708
vt 0.589750 0.094269
vt 0.590970 0.095431
vt 0.601392 0.085574
vt 0.603983 0.085208
vt 0.599063 0.084807
vt 0.605888 0.075707
vt 0.608073 0.076181
vt 0.588095 0.093368
vt 0.596651 0.083744
vt 0.604210 0.074491
vt 0.179591 0.951148
vt 0.176827 0.951748
vt 0.177132 0.942110
vt 0.179558 0.942258
vt 0.605858 0.069625
vt 0.609010 0.069877
vt 0.612087 0.069116
vt 0.839650 0.960159
vt 0.841689 0.957991
vt 0.843013 0.965724
vt 0.839650 0.967275
vt 0.610343 0.061984
vt 0.613560 0.060369
vt 0.617418 0.059273
vt 0.614764 0.068580
vt 0.613171 0.051411
vt 0.618393 0.050685
vt 0.776972 0.957991
vt 0.777736 0.968616
vt 0.774136 0.971409
vt 0.774136 0.960845
vt 0.622520 0.049045
vt 0.627961 0.047942
vt 0.622836 0.058874
vt 0.620640 0.039734
vt 0.624351 0.040493
vt 0.629537 0.040672
vt 0.865861 0.333139
vt 0.858742 0.339088
vt 0.858742 0.328660
vt 0.864721 0.324129
vt 0.621162 0.034054
vt 0.628511 0.033930
vt 0.640559 0.031352
vt 0.638625 0.038773
vt 0.647313 0.038713
vt 0.874919 0.326127
vt 0.874919 0.338447
vt 0.869290 0.335616
vt 0.868590 0.324129
vt 0.640225 0.026842
vt 0.628882 0.028666
vt 0.630159 0.022606
vt 0.637145 0.021797
vt 0.629784 0.016270
vt 0.633863 0.015925
vt 0.627594 0.012111
vt 0.631256 0.011430
vt 0.624812 0.008956
vt 0.629053 0.007974
vt 0.632862 0.007464
vt 0.627070 0.004956
vt 0.631520 0.004311
vt 0.625366 0.002312
vt 0.630239 0.001552
vt 0.622214 0.006316
vt 0.620029 0.003911
vt 0.834395 0.175487
vt 0.840015 0.175652
vt 0.840304 0.178786
vt 0.834314 0.178640
vt 0.839822 0.184084
vt 0.833643 0.184436
vt 0.837892 0.190174
vt 0.832219 0.191311
vt 0.834976 0.198988
vt 0.828918 0.197378
vt 0.842854 0.190276
vt 0.840474 0.195923
vt 0.808897 0.957991
vt 0.813952 0.959496
vt 0.813952 0.966551
vt 0.810020 0.963556
vt 0.846403 0.194139
vt 0.849869 0.191100
vt 0.845882 0.185169
vt 0.853771 0.187514
vt 0.922481 0.896912
vt 0.924684 0.900703
vt 0.919811 0.912030
vt 0.915456 0.908152
vt 0.942010 0.899056
vt 0.944214 0.911348
vt 0.937553 0.908357
vt 0.937929 0.896912
vt 0.916681 0.922727
vt 0.909827 0.920337
vt 0.946204 0.924318
vt 0.936775 0.922671
vt 0.948089 0.937171
vt 0.939526 0.938436
vt 0.930974 0.937524
vt 0.931201 0.921448
vt 0.958608 0.559908
vt 0.952217 0.558173
vt 0.955827 0.573648
vt 0.948903 0.573989
vt 0.947635 0.558008
vt 0.963283 0.587860
vt 0.955528 0.585828
vt 0.881269 0.216839
vt 0.892560 0.224079
vt 0.886816 0.228464
vt 0.877465 0.221156
vt 0.877725 0.234966
vt 0.873426 0.227331
vt 0.869668 0.245019
vt 0.866316 0.237595
vt 0.857029 0.256700
vt 0.853358 0.250972
vt 0.837871 0.265270
vt 0.860955 0.263809
vt 0.838714 0.271104
vt 0.815997 0.275928
vt 0.816681 0.271337
vt 0.798403 0.266927
vt 0.784083 0.260295
vt 0.840135 0.278998
vt 0.816353 0.281978
vt 0.842313 0.290080
vt 0.816970 0.292101
vt 0.843983 0.303247
vt 0.818022 0.304609
vt 0.845785 0.319257
vt 0.819436 0.321400
vt 0.793986 0.318381
vt 0.562957 0.924427
vt 0.567143 0.898385
vt 0.580987 0.900366
vt 0.577299 0.925832
vt 0.587882 0.901830
vt 0.588655 0.877590
vt 0.595504 0.879224
vt 0.963444 0.956498
vt 0.968629 0.980870
vt 0.964145 0.980943
vt 0.963831 0.931389
vt 0.092129 0.345995
vt 0.087588 0.344594
vt 0.083520 0.326427
vt 0.088531 0.327587
vt 0.974695 0.998279
vt 0.971030 0.998635
vt 0.959892 0.981647
vt 0.095954 0.347547
vt 0.092487 0.328345
vt 0.096710 0.327788
vt 0.100838 0.346440
vt 0.739496 0.974607
vt 0.734687 0.973641
vt 0.727546 0.989468
vt 0.723453 0.987918
vt 0.730690 0.971637
vt 0.100534 0.325771
vt 0.094184 0.314377
vt 0.098116 0.312318
vt 0.365873 0.771869
vt 0.357920 0.758189
vt 0.367907 0.768962
vt 0.370745 0.765111
vt 0.373799 0.761416
vt 0.365225 0.738571
vt 0.376369 0.758669
vt 0.746130 0.390106
vt 0.728496 0.398396
vt 0.725390 0.394305
vt 0.742685 0.385795
vt 0.758414 0.380377
vt 0.762106 0.384243
vt 0.722681 0.388770
vt 0.739301 0.379837
vt 0.754601 0.374396
vt 0.718681 0.379783
vt 0.735317 0.370094
vt 0.749506 0.363672
vt 0.729263 0.359185
vt 0.743026 0.352322
vt 0.276773 0.863163
vt 0.288006 0.859527
vt 0.296158 0.879838
vt 0.296154 0.859066
vt 0.304596 0.876421
vt 0.309359 0.902346
vt 0.833696 0.599898
vt 0.808895 0.592029
vt 0.830146 0.587370
vt 0.854091 0.589385
vt 0.858453 0.599637
vt 0.307327 0.929390
vt 0.532700 0.153221
vt 0.545822 0.159623
vt 0.535349 0.172109
vt 0.523268 0.167333
vt 0.518167 0.151622
vt 0.530903 0.197282
vt 0.891621 0.561587
vt 0.873297 0.582513
vt 0.542786 0.206426
vt 0.545030 0.237961
vt 0.894130 0.518590
vt 0.873773 0.507047
vt 0.877175 0.480950
vt 0.896298 0.488852
vt 0.545687 0.268607
vt 0.878677 0.454407
vt 0.896962 0.463041
vt 0.543665 0.295737
vt 0.880134 0.426598
vt 0.897807 0.436573
vt 0.542324 0.323382
vt 0.881801 0.397098
vt 0.899322 0.407208
vt 0.543665 0.353372
vt 0.527248 0.348947
vt 0.545822 0.375440
vt 0.529663 0.374934
vt 0.510125 0.375246
vt 0.530408 0.388085
vt 0.511834 0.388818
vt 0.485653 0.391904
vt 0.512242 0.397527
vt 0.487595 0.400190
vt 0.459998 0.407805
vt 0.488236 0.406321
vt 0.462556 0.413807
vt 0.437394 0.427500
vt 0.559713 0.827399
vt 0.551780 0.800027
vt 0.557160 0.800313
vt 0.564489 0.826814
vt 0.577866 0.850611
vt 0.574122 0.851963
vt 0.596657 0.870480
vt 0.593681 0.873025
vt 0.567504 0.826304
vt 0.580537 0.850475
vt 0.599268 0.869316
vt 0.921221 0.011889
vt 0.582857 0.850121
vt 0.600791 0.868161
vt 0.922979 0.013668
vt 0.910416 0.030261
vt 0.532833 0.938757
vt 0.529874 0.937868
vt 0.925294 0.015315
vt 0.913094 0.032386
vt 0.902475 0.050438
vt 0.899896 0.047919
vt 0.532912 0.962578
vt 0.532912 0.983348
vt 0.915766 0.033917
vt 0.905292 0.052433
vt 0.896968 0.070021
vt 0.907890 0.053120
vt 0.899600 0.070616
vt 0.893143 0.087603
vt 0.901821 0.070878
vt 0.895300 0.088067
vt 0.894409 0.106429
vt 0.898944 0.122912
vt 0.667743 0.322343
vt 0.685285 0.316988
vt 0.685882 0.319133
vt 0.668032 0.324933
vt 0.649749 0.321139
vt 0.649827 0.318936
vt 0.971788 0.338671
vt 0.668363 0.328306
vt 0.649085 0.324452
vt 0.631476 0.312474
vt 0.632844 0.309230
vt 0.648307 0.327963
vt 0.629754 0.315925
vt 0.611578 0.299379
vt 0.628001 0.319443
vt 0.609555 0.302459
vt 0.592605 0.283121
vt 0.607494 0.305581
vt 0.590612 0.285448
vt 0.575948 0.263685
vt 0.588480 0.287821
vt 0.573759 0.265249
vt 0.564461 0.238979
vt 0.571586 0.266753
vt 0.561985 0.239790
vt 0.560910 0.211348
vt 0.559158 0.240719
vt 0.557977 0.211218
vt 0.563376 0.183312
vt 0.554863 0.211097
vt 0.560032 0.182225
vt 0.551584 0.210948
vt 0.556365 0.181240
vt 0.548551 0.210952
vt 0.552415 0.180195
vt 0.124050 0.063940
vt 0.149771 0.054705
vt 0.150122 0.058749
vt 0.122565 0.068304
vt 0.548551 0.178527
vt 0.150020 0.063679
vt 0.122195 0.073754
vt 0.099329 0.082222
vt 0.100461 0.075844
vt 0.122624 0.080966
vt 0.099236 0.090342
vt 0.124114 0.098637
vt 0.100563 0.107064
vt 0.125320 0.124832
vt 0.102854 0.127379
vt 0.125876 0.134572
vt 0.105953 0.135973
vt 0.088278 0.137138
vt 0.077875 0.139627
vt 0.107568 0.142336
vt 0.091002 0.141614
vt 0.078499 0.142757
vt 0.549375 0.105664
vt 0.553173 0.094025
vt 0.556973 0.093851
vt 0.552567 0.105010
vt 0.080537 0.146460
vt 0.070960 0.148584
vt 0.069190 0.145019
vt 0.062870 0.153182
vt 0.061470 0.150218
vt 0.081912 0.150080
vt 0.072915 0.151833
vt 0.065257 0.156224
vt 0.059246 0.162865
vt 0.056625 0.159676
vt 0.074267 0.154730
vt 0.067127 0.159023
vt 0.061767 0.165979
vt 0.057192 0.177298
vt 0.053926 0.173905
vt 0.068798 0.161333
vt 0.063758 0.168190
vt 0.060119 0.179952
vt 0.057823 0.193458
vt 0.054002 0.191034
vt 0.065655 0.169858
vt 0.062275 0.181566
vt 0.059707 0.194927
vt 0.056422 0.206555
vt 0.054091 0.205848
vt 0.050535 0.204914
vt 0.053393 0.218466
vt 0.050632 0.218356
vt 0.047018 0.218134
vt 0.036969 0.230555
vt 0.027247 0.231147
vt 0.032918 0.246637
vt 0.025321 0.247099
vt 0.029011 0.259994
vt 0.021271 0.257435
vt 0.037730 0.277738
vt 0.026680 0.271345
vt 0.903233 0.234018
vt 0.897348 0.239022
vt 0.905060 0.253464
vt 0.896036 0.260731
vt 0.886474 0.246692
vt 0.882907 0.267213
vt 0.875157 0.254786
vt 0.864567 0.273961
vt 0.887092 0.279369
vt 0.867156 0.285468
vt 0.889194 0.290680
vt 0.868121 0.297851
vt 0.049455 0.339786
vt 0.051973 0.320377
vt 0.065263 0.322894
vt 0.065951 0.343087
vt 0.870013 0.312822
vt 0.075793 0.325286
vt 0.079507 0.343776
vt 0.576582 0.875755
vt 0.065715 0.309136
vt 0.074351 0.312826
vt 0.081390 0.314345
vt 0.073991 0.306954
vt 0.080756 0.308881
vt 0.085706 0.308576
vt 0.086427 0.314737
vt 0.089369 0.308118
vt 0.090434 0.314734
vt 0.092489 0.307713
vt 0.088864 0.304475
vt 0.091481 0.304405
vt 0.094144 0.303784
vt 0.095869 0.305701
vt 0.919587 0.957807
vt 0.922247 0.958645
vt 0.922247 0.971098
vt 0.918086 0.964540
vt 0.099356 0.297815
vt 0.101163 0.307642
vt 0.081980 0.965363
vt 0.084922 0.964390
vt 0.084330 0.966596
vt 0.082082 0.967363
vt 0.351768 0.749286
vt 0.350057 0.748334
vt 0.925663 0.196778
vt 0.928117 0.195573
vt 0.929789 0.198290
vt 0.926220 0.198269
vt 0.084922 0.969173
vt 0.082440 0.968205
vt 0.853542 0.339434
vt 0.853542 0.341932
vt 0.851355 0.341769
vt 0.851158 0.338386
vt 0.931361 0.202909
vt 0.926398 0.202420
vt 0.932712 0.208266
vt 0.926139 0.208113
vt 0.920029 0.207768
vt 0.926849 0.217680
vt 0.920610 0.219488
vt 0.915121 0.220516
vt 0.913161 0.208136
vt 0.910589 0.221566
vt 0.907789 0.207701
vt 0.339290 0.759254
vt 0.333655 0.758732
vt 0.334711 0.772541
vt 0.331319 0.773524
vt 0.336957 0.789716
vt 0.333353 0.790576
vt 0.330368 0.791409
vt 0.334230 0.806117
vt 0.330812 0.806927
vt 0.327590 0.807944
vt 0.329812 0.821144
vt 0.326460 0.821977
vt 0.322861 0.822700
vt 0.325794 0.835073
vt 0.322105 0.835292
vt 0.318358 0.835704
vt 0.321907 0.847745
vt 0.318643 0.847852
vt 0.773896 0.682207
vt 0.770277 0.670506
vt 0.772429 0.669621
vt 0.776138 0.681124
vt 0.316233 0.847742
vt 0.318873 0.860233
vt 0.316598 0.859979
vt 0.769042 0.657717
vt 0.772515 0.656887
vt 0.769008 0.647040
vt 0.771633 0.646763
vt 0.774970 0.646135
vt 0.768899 0.639773
vt 0.766886 0.640163
vt 0.766914 0.635297
vt 0.768820 0.634714
vt 0.767156 0.647493
vt 0.321051 0.870098
vt 0.323401 0.870217
vt 0.324167 0.877123
vt 0.322195 0.876885
vt 0.925457 0.958306
vt 0.927959 0.957807
vt 0.927959 0.966245
vt 0.924976 0.966562
vt 0.322198 0.860142
vt 0.325281 0.859913
vt 0.326220 0.870133
vt 0.325447 0.847677
vt 0.328224 0.847473
vt 0.328322 0.859580
vt 0.328915 0.834614
vt 0.332051 0.834296
vt 0.331042 0.847234
vt 0.333359 0.820481
vt 0.336869 0.820087
vt 0.335214 0.834097
vt 0.338162 0.805758
vt 0.915508 0.254781
vt 0.918951 0.254370
vt 0.919691 0.268763
vt 0.915917 0.269196
vt 0.341007 0.788817
vt 0.340570 0.805331
vt 0.917189 0.237762
vt 0.922116 0.236966
vt 0.924131 0.253834
vt 0.338579 0.771511
vt 0.929222 0.253725
vt 0.928645 0.268319
vt 0.924206 0.268402
vt 0.927866 0.235816
vt 0.935875 0.234271
vt 0.934514 0.253737
vt 0.934586 0.216365
vt 0.941904 0.215977
vt 0.943673 0.233345
vt 0.938903 0.206900
vt 0.943655 0.204837
vt 0.946666 0.215928
vt 0.936451 0.201878
vt 0.941046 0.199548
vt 0.944886 0.196606
vt 0.947463 0.203138
vt 0.933896 0.197398
vt 0.938142 0.195387
vt 0.942374 0.192264
vt 0.025886 0.968718
vt 0.026020 0.973939
vt 0.022578 0.973930
vt 0.022862 0.968401
vt 0.074984 0.298301
vt 0.080457 0.300544
vt 0.080673 0.304213
vt 0.074300 0.302233
vt 0.066372 0.302861
vt 0.084858 0.301088
vt 0.085391 0.304464
vt 0.088419 0.301756
vt 0.023093 0.977614
vt 0.026389 0.978384
vt 0.931676 0.194697
vt 0.951108 0.202001
vt 0.953672 0.215724
vt 0.950213 0.215820
vt 0.955793 0.233597
vt 0.952197 0.233480
vt 0.948522 0.233093
vt 0.951338 0.252473
vt 0.947335 0.252691
vt 0.941525 0.253228
vt 0.943163 0.268620
vt 0.938409 0.268344
vt 0.933140 0.268366
vt 0.935503 0.282613
vt 0.931703 0.282682
vt 0.927857 0.282657
vt 0.927315 0.296687
vt 0.923597 0.296444
vt 0.923706 0.282732
vt 0.919828 0.296406
vt 0.919617 0.282988
vt 0.916449 0.296445
vt 0.915964 0.283295
vt 0.920071 0.308729
vt 0.917036 0.308540
vt 0.334177 0.847172
vt 0.333855 0.859229
vt 0.331045 0.859283
vt 0.333247 0.869102
vt 0.331251 0.869296
vt 0.328841 0.869687
vt 0.331123 0.876700
vt 0.329066 0.877011
vt 0.326667 0.877233
vt 0.328685 0.881694
vt 0.326420 0.881633
vt 0.324361 0.881459
vt 0.324349 0.884931
vt 0.765601 0.635740
vt 0.765654 0.631897
vt 0.767410 0.631625
vt 0.322686 0.881302
vt 0.766054 0.629001
vt 0.768137 0.628894
vt 0.770214 0.629411
vt 0.769379 0.631419
vt 0.772585 0.630200
vt 0.263410 0.974236
vt 0.262741 0.976668
vt 0.261238 0.976307
vt 0.261638 0.973629
vt 0.262372 0.970338
vt 0.264377 0.971249
vt 0.775180 0.631907
vt 0.263291 0.965795
vt 0.265744 0.966490
vt 0.259410 0.973264
vt 0.259790 0.969867
vt 0.259951 0.965530
vt 0.257355 0.970131
vt 0.256898 0.966034
vt 0.255628 0.961056
vt 0.931420 0.327241
vt 0.929843 0.331365
vt 0.257351 0.973317
vt 0.927959 0.333968
vt 0.259122 0.975987
vt 0.256987 0.975888
vt 0.926133 0.335796
vt 0.924744 0.334191
vt 0.922730 0.334705
vt 0.921245 0.330990
vt 0.923263 0.330820
vt 0.919729 0.325808
vt 0.921921 0.325477
vt 0.918331 0.318500
vt 0.920716 0.318434
vt 0.923602 0.318664
vt 0.926757 0.319349
vt 0.923503 0.309369
vt 0.926772 0.310290
vt 0.919507 0.331171
vt 0.917966 0.326201
vt 0.916376 0.318723
vt 0.920897 0.334886
vt 0.330474 0.881564
vt 0.329657 0.885169
vt 0.858599 0.963721
vt 0.860358 0.964255
vt 0.256918 0.978009
vt 0.771017 0.628144
vt 0.768895 0.627389
vt 0.862883 0.958956
vt 0.860848 0.957991
vt 0.940038 0.282441
vt 0.944709 0.282341
vt 0.943661 0.295688
vt 0.947580 0.268926
vt 0.951741 0.269052
vt 0.949056 0.282357
vt 0.954956 0.252884
vt 0.958548 0.253132
vt 0.955490 0.269199
vt 0.959065 0.233705
vt 0.962170 0.233796
vt 0.961656 0.253470
vt 0.956955 0.215729
vt 0.960031 0.215934
vt 0.962558 0.216585
vt 0.964240 0.234002
vt 0.255628 0.767667
vt 0.258688 0.768394
vt 0.259183 0.781631
vt 0.256070 0.781654
vt 0.964185 0.253264
vt 0.257671 0.756167
vt 0.261127 0.756720
vt 0.264372 0.758088
vt 0.261823 0.769695
vt 0.258633 0.747033
vt 0.262027 0.746755
vt 0.265508 0.747073
vt 0.268535 0.747306
vt 0.268174 0.758768
vt 0.262072 0.738368
vt 0.265307 0.738851
vt 0.268266 0.739761
vt 0.771407 0.966053
vt 0.768156 0.966366
vt 0.768555 0.957991
vt 0.771407 0.958265
vt 0.265296 0.729250
vt 0.268656 0.730363
vt 0.272426 0.730268
vt 0.271510 0.740011
vt 0.275849 0.731389
vt 0.274830 0.740156
vt 0.268773 0.720766
vt 0.272941 0.721396
vt 0.277027 0.722541
vt 0.281385 0.722969
vt 0.279431 0.731600
vt 0.274648 0.712170
vt 0.278199 0.714047
vt 0.283001 0.714934
vt 0.288056 0.715037
vt 0.285509 0.723008
vt 0.279852 0.706012
vt 0.283947 0.706006
vt 0.287878 0.704035
vt 0.291696 0.704009
vt 0.292019 0.715065
vt 0.282855 0.696397
vt 0.286533 0.694810
vt 0.289211 0.694625
vt 0.292334 0.692893
vt 0.295075 0.703600
vt 0.284610 0.686917
vt 0.287173 0.685967
vt 0.290072 0.684336
vt 0.292326 0.683010
vt 0.295419 0.691001
vt 0.287101 0.678879
vt 0.289441 0.677883
vt 0.072401 0.960243
vt 0.072831 0.965306
vt 0.070140 0.967073
vt 0.070140 0.959997
vt 0.885178 0.834000
vt 0.882543 0.834435
vt 0.883341 0.825364
vt 0.885836 0.823859
vt 0.887013 0.833434
vt 0.885798 0.843694
vt 0.884567 0.842496
vt 0.882944 0.841680
vt 0.294143 0.595699
vt 0.295705 0.593491
vt 0.300861 0.599142
vt 0.298366 0.600600
vt 0.295665 0.602000
vt 0.291976 0.598041
vt 0.880382 0.841446
vt 0.881471 0.846785
vt 0.878157 0.846373
vt 0.877148 0.841697
vt 0.874487 0.845925
vt 0.292613 0.603340
vt 0.298739 0.606835
vt 0.295669 0.607707
vt 0.300372 0.611271
vt 0.297384 0.612145
vt 0.294114 0.613084
vt 0.298128 0.616781
vt 0.294896 0.617561
vt 0.291309 0.617643
vt 0.294597 0.621863
vt 0.290846 0.621546
vt 0.287710 0.620673
vt 0.288392 0.616933
vt 0.286064 0.616286
vt 0.286281 0.613243
vt 0.284017 0.615914
vt 0.284393 0.612713
vt 0.283636 0.609801
vt 0.285899 0.610580
vt 0.282323 0.616587
vt 0.282210 0.613305
vt 0.281124 0.610549
vt 0.008941 0.965152
vt 0.280111 0.615764
vt 0.278690 0.613663
vt 0.276520 0.611992
vt 0.279453 0.608566
vt 0.278182 0.620545
vt 0.276056 0.619228
vt 0.272991 0.618112
vt 0.270337 0.617617
vt 0.274008 0.611409
vt 0.273907 0.626358
vt 0.270851 0.626005
vt 0.268030 0.625865
vt 0.464848 0.950354
vt 0.467630 0.949924
vt 0.469494 0.957388
vt 0.466559 0.957748
vt 0.463348 0.958220
vt 0.461648 0.951557
vt 0.458828 0.945523
vt 0.461736 0.943998
vt 0.109520 0.922115
vt 0.103091 0.918285
vt 0.003955 0.978792
vt 0.007331 0.978944
vt 0.113937 0.928525
vt 0.111327 0.929605
vt 0.107953 0.931457
vt 0.115584 0.935290
vt 0.112503 0.935207
vt 0.108845 0.935698
vt 0.105596 0.939689
vt 0.105944 0.936442
vt 0.105070 0.933200
vt 0.482468 0.957448
vt 0.479537 0.957166
vt 0.480768 0.954362
vt 0.483545 0.954565
vt 0.481900 0.960791
vt 0.478928 0.960398
vt 0.481820 0.964026
vt 0.479174 0.963693
vt 0.475839 0.964086
vt 0.475419 0.960111
vt 0.476347 0.956075
vt 0.473674 0.954732
vt 0.475713 0.950439
vt 0.478035 0.952714
vt 0.472306 0.960083
vt 0.472882 0.965213
vt 0.278509 0.632546
vt 0.279041 0.637045
vt 0.277108 0.639335
vt 0.276677 0.633517
vt 0.276823 0.626740
vt 0.278346 0.627026
vt 0.472306 0.953587
vt 0.474699 0.948215
vt 0.273620 0.633999
vt 0.274207 0.640676
vt 0.270925 0.640792
vt 0.270483 0.633925
vt 0.459638 0.891328
vt 0.462900 0.890574
vt 0.464160 0.895923
vt 0.461073 0.897073
vt 0.469576 0.965053
vt 0.467575 0.972078
vt 0.464614 0.971483
vt 0.466474 0.964969
vt 0.461404 0.969973
vt 0.463105 0.964628
vt 0.458828 0.898792
vt 0.463858 0.903356
vt 0.461202 0.904906
vt 0.461573 0.976363
vt 0.458828 0.973238
vt 0.464441 0.910511
vt 0.108519 0.952122
vt 0.466896 0.901954
vt 0.469704 0.900927
vt 0.467340 0.895723
vt 0.473083 0.971756
vt 0.475846 0.975064
vt 0.278903 0.643129
vt 0.275936 0.645105
vt 0.280404 0.640088
vt 0.281405 0.644738
vt 0.284132 0.644397
vt 0.478539 0.947978
vt 0.480000 0.950730
vt 0.482186 0.952651
vt 0.379194 0.961542
vt 0.378104 0.958987
vt 0.379791 0.964789
vt 0.377357 0.965153
vt 0.377357 0.961922
vt 0.480856 0.947282
vt 0.481621 0.950228
vt 0.478286 0.944945
vt 0.481428 0.943998
vt 0.480198 0.966243
vt 0.953664 0.591874
vt 0.380202 0.957049
vt 0.383289 0.956815
vt 0.289960 0.626164
vt 0.286483 0.625320
vt 0.293902 0.626453
vt 0.292670 0.631888
vt 0.297551 0.626575
vt 0.296385 0.632359
vt 0.294640 0.638665
vt 0.291001 0.637259
vt 0.293331 0.643174
vt 0.289259 0.641288
vt 0.478012 0.907839
vt 0.481849 0.909211
vt 0.474297 0.905015
vt 0.298145 0.639725
vt 0.297024 0.645105
vt 0.299710 0.632672
vt 0.301605 0.640472
vt 0.486990 0.905493
vt 0.300913 0.626565
vt 0.301288 0.621363
vt 0.298059 0.621647
vt 0.301185 0.615983
vt 0.297079 0.591409
vt 0.302304 0.597738
vt 0.305644 0.603853
vt 0.778082 0.888757
vt 0.778077 0.880838
vt 0.779945 0.896373
vt 0.782723 0.905639
vt 0.778784 0.903648
vt 0.777257 0.911460
vt 0.776487 0.919663
vt 0.772874 0.919614
vt 0.777655 0.928919
vt 0.773930 0.929283
vt 0.781379 0.938508
vt 0.777998 0.939295
vt 0.784652 0.937675
vt 0.788108 0.944215
vt 0.788454 0.936872
vt 0.791611 0.943557
vt 0.793542 0.948254
vt 0.790055 0.948974
vt 0.794428 0.952282
vt 0.790792 0.952680
vt 0.166209 0.976126
vt 0.168053 0.974387
vt 0.171103 0.977092
vt 0.168525 0.978738
vt 0.790154 0.955262
vt 0.786942 0.954925
vt 0.782425 0.953200
vt 0.477808 0.935753
vt 0.473812 0.937301
vt 0.471435 0.935053
vt 0.476099 0.934158
vt 0.480266 0.930713
vt 0.482002 0.932362
vt 0.469200 0.931111
vt 0.466204 0.935889
vt 0.464156 0.931698
vt 0.941149 0.591155
vt 0.936830 0.590016
vt 0.937325 0.584239
vt 0.941786 0.585335
vt 0.468066 0.925896
vt 0.944648 0.579179
vt 0.944905 0.586981
vt 0.930150 0.588632
vt 0.931006 0.583162
vt 0.921130 0.586208
vt 0.922209 0.581596
vt 0.923077 0.575915
vt 0.914114 0.580453
vt 0.914792 0.575182
vt 0.915621 0.567982
vt 0.923259 0.569072
vt 0.916525 0.559628
vt 0.923292 0.561429
vt 0.917304 0.552548
vt 0.923024 0.554404
vt 0.928254 0.554997
vt 0.922634 0.548753
vt 0.927153 0.550023
vt 0.930752 0.549789
vt 0.933469 0.548879
vt 0.933704 0.545044
vt 0.922307 0.543920
vt 0.918017 0.547035
vt 0.918560 0.542690
vt 0.919446 0.538601
vt 0.914853 0.541508
vt 0.916402 0.538001
vt 0.855086 0.836420
vt 0.852001 0.835813
vt 0.852924 0.831969
vt 0.856488 0.832519
vt 0.859613 0.833278
vt 0.858048 0.837660
vt 0.853467 0.828129
vt 0.857648 0.828482
vt 0.861175 0.829346
vt 0.853668 0.824312
vt 0.858253 0.824274
vt 0.862445 0.824739
vt 0.858766 0.819060
vt 0.864021 0.818714
vt 0.868686 0.818493
vt 0.866625 0.825714
vt 0.864239 0.830573
vt 0.863800 0.810690
vt 0.867207 0.809153
vt 0.869749 0.807584
vt 0.859553 0.796756
vt 0.861655 0.794532
vt 0.863912 0.792480
vt 0.871942 0.806073
vt 0.866037 0.790681
vt 0.874065 0.804152
vt 0.302596 0.702259
vt 0.304209 0.715188
vt 0.301395 0.714721
vt 0.300878 0.701783
vt 0.875075 0.802906
vt 0.881706 0.814801
vt 0.297883 0.690722
vt 0.298230 0.702724
vt 0.881729 0.813834
vt 0.298371 0.715013
vt 0.295147 0.715025
vt 0.295372 0.726268
vt 0.292015 0.725292
vt 0.288860 0.724255
vt 0.287591 0.734155
vt 0.285122 0.731693
vt 0.282660 0.730679
vt 0.284038 0.739547
vt 0.281104 0.739770
vt 0.277624 0.740925
vt 0.279983 0.750464
vt 0.277167 0.749758
vt 0.274390 0.748527
vt 0.276736 0.758788
vt 0.273796 0.757484
vt 0.270322 0.757532
vt 0.271396 0.747607
vt 0.765553 0.958616
vt 0.764835 0.966396
vt 0.271100 0.768319
vt 0.267766 0.768485
vt 0.306138 0.350477
vt 0.307502 0.366317
vt 0.304572 0.366245
vt 0.304121 0.350277
vt 0.308266 0.383085
vt 0.306003 0.383192
vt 0.265035 0.770436
vt 0.264577 0.782130
vt 0.262096 0.782518
vt 0.268950 0.794461
vt 0.266244 0.794883
vt 0.263337 0.794223
vt 0.268730 0.805350
vt 0.265703 0.804376
vt 0.262500 0.805427
vt 0.260132 0.795072
vt 0.961561 0.269393
vt 0.959602 0.281882
vt 0.956711 0.282143
vt 0.958989 0.269438
vt 0.953190 0.282303
vt 0.956027 0.293364
vt 0.952086 0.294073
vt 0.947915 0.294813
vt 0.952421 0.304670
vt 0.948332 0.306243
vt 0.944158 0.308244
vt 0.949057 0.315364
vt 0.945268 0.317226
vt 0.950280 0.325768
vt 0.947349 0.325862
vt 0.963192 0.590589
vt 0.963192 0.599272
vt 0.958623 0.599827
vt 0.960798 0.593001
vt 0.942296 0.154485
vt 0.940620 0.150903
vt 0.947408 0.148786
vt 0.948698 0.151867
vt 0.951363 0.154983
vt 0.423546 0.954297
vt 0.427249 0.953279
vt 0.425487 0.959105
vt 0.423786 0.960722
vt 0.421319 0.962276
vt 0.420425 0.955873
vt 0.953633 0.158067
vt 0.413419 0.948253
vt 0.419996 0.948826
vt 0.420992 0.968498
vt 0.423487 0.972145
vt 0.422015 0.972616
vt 0.419410 0.969042
vt 0.783867 0.966566
vt 0.782068 0.966190
vt 0.782606 0.963502
vt 0.784456 0.963931
vt 0.792939 0.609932
vt 0.793192 0.606707
vt 0.794775 0.606745
vt 0.785978 0.963730
vt 0.784698 0.961680
vt 0.786288 0.961650
vt 0.794874 0.604237
vt 0.795499 0.602627
vt 0.782559 0.961217
vt 0.780901 0.962929
vt 0.780466 0.960879
vt 0.780627 0.959285
vt 0.789859 0.338875
vt 0.791735 0.338286
vt 0.791773 0.341273
vt 0.790171 0.341397
vt 0.788206 0.339290
vt 0.787702 0.335428
vt 0.789544 0.334702
vt 0.787285 0.330684
vt 0.789522 0.329708
vt 0.787657 0.325693
vt 0.789822 0.325240
vt 0.953078 0.147021
vt 0.953043 0.148959
vt 0.947399 0.145895
vt 0.948434 0.143793
vt 0.953045 0.145458
vt 0.955333 0.332489
vt 0.952604 0.332107
vt 0.953956 0.325205
vt 0.957529 0.325013
vt 0.958049 0.331999
vt 0.261564 0.838127
vt 0.263357 0.835341
vt 0.953042 0.314194
vt 0.956797 0.313626
vt 0.960169 0.313186
vt 0.960921 0.324443
vt 0.261631 0.827735
vt 0.264960 0.826228
vt 0.267155 0.833209
vt 0.956431 0.303534
vt 0.959930 0.302711
vt 0.261358 0.820316
vt 0.264877 0.819021
vt 0.268581 0.819144
vt 0.269036 0.826342
vt 0.262159 0.813258
vt 0.265600 0.812098
vt 0.268953 0.812429
vt 0.271999 0.811388
vt 0.271901 0.818141
vt 0.272238 0.804597
vt 0.304121 0.411831
vt 0.306840 0.411542
vt 0.307521 0.421849
vt 0.305748 0.422386
vt 0.304608 0.398591
vt 0.307224 0.398696
vt 0.271031 0.792756
vt 0.274406 0.802527
vt 0.267161 0.780493
vt 0.270255 0.779871
vt 0.273434 0.780582
vt 0.274230 0.768883
vt 0.276481 0.770683
vt 0.276614 0.781176
vt 0.309573 0.671786
vt 0.309573 0.687931
vt 0.307071 0.688017
vt 0.306939 0.672314
vt 0.278898 0.760761
vt 0.281483 0.762398
vt 0.279418 0.772100
vt 0.308505 0.703574
vt 0.307489 0.703879
vt 0.282633 0.750064
vt 0.286095 0.750644
vt 0.284984 0.763322
vt 0.286450 0.741004
vt 0.288956 0.742492
vt 0.288814 0.751884
vt 0.372811 0.957116
vt 0.374627 0.956815
vt 0.374627 0.971332
vt 0.371825 0.971311
vt 0.370202 0.970798
vt 0.371226 0.957009
vt 0.855869 0.966397
vt 0.852528 0.966986
vt 0.853556 0.959275
vt 0.855869 0.957991
vt 0.290805 0.735924
vt 0.298554 0.727119
vt 0.294201 0.736785
vt 0.301635 0.728196
vt 0.297200 0.738041
vt 0.852208 0.765120
vt 0.849301 0.765709
vt 0.846554 0.753839
vt 0.849357 0.753001
vt 0.293110 0.745466
vt 0.291510 0.743495
vt 0.857542 0.777649
vt 0.855354 0.778817
vt 0.852790 0.780788
vt 0.846423 0.766949
vt 0.843405 0.768113
vt 0.839615 0.755571
vt 0.842914 0.754883
vt 0.850376 0.782860
vt 0.847967 0.784835
vt 0.840104 0.769114
vt 0.857221 0.798957
vt 0.854292 0.801726
vt 0.845050 0.786983
vt 0.858712 0.812406
vt 0.852739 0.814078
vt 0.849127 0.804992
vt 0.853510 0.820028
vt 0.847937 0.821233
vt 0.846424 0.816043
vt 0.848517 0.824886
vt 0.848718 0.828271
vt 0.844060 0.828288
vt 0.848808 0.831873
vt 0.844248 0.831737
vt 0.838607 0.829014
vt 0.839230 0.826279
vt 0.832099 0.822165
vt 0.833509 0.820702
vt 0.306626 0.499728
vt 0.309476 0.506934
vt 0.825622 0.813808
vt 0.827798 0.812882
vt 0.829816 0.812589
vt 0.834910 0.819565
vt 0.819556 0.800599
vt 0.821627 0.799928
vt 0.307196 0.516117
vt 0.307252 0.531106
vt 0.304880 0.530909
vt 0.304310 0.515750
vt 0.832232 0.812198
vt 0.824043 0.799294
vt 0.828197 0.798105
vt 0.836469 0.810927
vt 0.834243 0.794956
vt 0.842688 0.808302
vt 0.840447 0.790683
vt 0.822650 0.777847
vt 0.828531 0.774369
vt 0.835141 0.771065
vt 0.820705 0.761309
vt 0.828678 0.758350
vt 0.835398 0.756387
vt 0.824532 0.746218
vt 0.831654 0.743652
vt 0.835906 0.741690
vt 0.826616 0.727655
vt 0.830846 0.726677
vt 0.833851 0.725458
vt 0.839116 0.740544
vt 0.836551 0.724479
vt 0.842113 0.739695
vt 0.839783 0.723437
vt 0.845390 0.738692
vt 0.842004 0.722993
vt 0.847618 0.737922
vt 0.851574 0.752722
vt 0.291547 0.753192
vt 0.291784 0.764463
vt 0.288220 0.763569
vt 0.288851 0.774114
vt 0.285902 0.773330
vt 0.282638 0.773113
vt 0.285191 0.782156
vt 0.282358 0.781866
vt 0.279538 0.781533
vt 0.285810 0.791184
vt 0.283058 0.791891
vt 0.288605 0.790849
vt 0.292839 0.798374
vt 0.828972 0.669554
vt 0.827282 0.670769
vt 0.824260 0.664367
vt 0.824843 0.662730
vt 0.296554 0.805095
vt 0.832078 0.680557
vt 0.830244 0.681436
vt 0.827555 0.682293
vt 0.825124 0.672037
vt 0.835308 0.694200
vt 0.834021 0.694417
vt 0.831020 0.694801
vt 0.827549 0.695358
vt 0.824801 0.683164
vt 0.837915 0.708319
vt 0.835031 0.708684
vt 0.831581 0.709814
vt 0.828372 0.710285
vt 0.824190 0.695991
vt 0.819981 0.696661
vt 0.817768 0.684466
vt 0.821674 0.683930
vt 0.824385 0.710722
vt 0.819444 0.711608
vt 0.814813 0.697285
vt 0.808026 0.697316
vt 0.808768 0.683340
vt 0.813419 0.684230
vt 0.811851 0.713610
vt 0.805353 0.715734
vt 0.819312 0.730323
vt 0.811112 0.733203
vt 0.805629 0.735073
vt 0.801201 0.716892
vt 0.815862 0.749048
vt 0.809557 0.750964
vt 0.805562 0.752365
vt 0.801171 0.736383
vt 0.814363 0.764322
vt 0.810338 0.766367
vt 0.807603 0.767831
vt 0.802420 0.753509
vt 0.817886 0.780952
vt 0.815212 0.782978
vt 0.812992 0.783942
vt 0.805275 0.769010
vt 0.802393 0.770146
vt 0.796055 0.755624
vt 0.799279 0.754577
vt 0.810387 0.784871
vt 0.807156 0.785951
vt 0.799851 0.771167
vt 0.816997 0.801294
vt 0.814540 0.802408
vt 0.805234 0.786436
vt 0.823875 0.815207
vt 0.313195 0.693922
vt 0.312910 0.709443
vt 0.830619 0.823611
vt 0.837513 0.831370
vt 0.835808 0.833668
vt 0.843667 0.835095
vt 0.842342 0.838307
vt 0.840038 0.841335
vt 0.833188 0.836129
vt 0.836786 0.844033
vt 0.830155 0.838454
vt 0.823021 0.830570
vt 0.903591 0.542569
vt 0.908510 0.543890
vt 0.906863 0.548568
vt 0.902051 0.547075
vt 0.905474 0.539089
vt 0.910439 0.540317
vt 0.913417 0.545311
vt 0.847220 0.839389
vt 0.848389 0.835670
vt 0.912190 0.537189
vt 0.911803 0.550345
vt 0.910509 0.557362
vt 0.905457 0.555215
vt 0.909408 0.566548
vt 0.904508 0.565534
vt 0.042729 0.918614
vt 0.049844 0.920934
vt 0.048357 0.926359
vt 0.038607 0.916586
vt 0.908113 0.574679
vt 0.903289 0.574936
vt 0.113698 0.206553
vt 0.119742 0.202096
vt 0.124155 0.204164
vt 0.123321 0.196829
vt 0.128207 0.196973
vt 0.133949 0.197892
vt 0.128830 0.206748
vt 0.145745 0.199142
vt 0.140608 0.211679
vt 0.138160 0.222254
vt 0.174137 0.215653
vt 0.173954 0.226698
vt 0.173719 0.233232
vt 0.139807 0.230285
vt 0.047792 0.671786
vt 0.077813 0.674893
vt 0.074845 0.679005
vt 0.045041 0.678333
vt 0.049844 0.956318
vt 0.044458 0.962632
vt 0.795953 0.836374
vt 0.766045 0.846785
vt 0.764835 0.843572
vt 0.793330 0.833078
vt 0.812634 0.827082
vt 0.816268 0.832437
vt 0.819466 0.824201
vt 0.791108 0.830213
vt 0.811060 0.823610
vt 0.819046 0.820946
vt 0.042091 0.685515
vt 0.043480 0.682195
vt 0.072417 0.682412
vt 0.070378 0.685959
vt 0.068940 0.690128
vt 0.040459 0.689250
vt 0.545713 0.837788
vt 0.541538 0.837788
vt 0.068140 0.694204
vt 0.039084 0.693433
vt 0.067600 0.698241
vt 0.038096 0.697597
vt 0.067393 0.701807
vt 0.094305 0.701013
vt 0.094369 0.703508
vt 0.718708 0.490230
vt 0.726921 0.516551
vt 0.723887 0.517542
vt 0.716056 0.491246
vt 0.067619 0.704617
vt 0.720425 0.518634
vt 0.712409 0.492170
vt 0.716659 0.519827
vt 0.708257 0.493027
vt 0.729283 0.541535
vt 0.732762 0.540366
vt 0.742425 0.560972
vt 0.735938 0.539423
vt 0.745537 0.560116
vt 0.755391 0.578292
vt 0.931410 0.509507
vt 0.946170 0.521419
vt 0.943572 0.522947
vt 0.928549 0.510879
vt 0.918403 0.495354
vt 0.762106 0.593514
vt 0.925967 0.512910
vt 0.915779 0.496623
vt 0.909012 0.477280
vt 0.913400 0.497926
vt 0.906548 0.478117
vt 0.902578 0.456168
vt 0.170271 0.797627
vt 0.169628 0.774863
vt 0.172026 0.774652
vt 0.172755 0.797665
vt 0.169954 0.821371
vt 0.167574 0.820973
vt 0.175482 0.797658
vt 0.172840 0.821772
vt 0.165303 0.846087
vt 0.175264 0.821850
vt 0.168409 0.847262
vt 0.154082 0.870650
vt 0.531840 0.527140
vt 0.533534 0.554656
vt 0.531083 0.554715
vt 0.529168 0.526934
vt 0.156662 0.871548
vt 0.139459 0.888223
vt 0.522880 0.503994
vt 0.526101 0.527253
vt 0.519103 0.504174
vt 0.206709 0.633099
vt 0.203383 0.636794
vt 0.192948 0.621640
vt 0.209504 0.630090
vt 0.198282 0.640678
vt 0.185476 0.628597
vt 0.171984 0.611309
vt 0.180705 0.634094
vt 0.166450 0.617291
vt 0.151850 0.591024
vt 0.144013 0.568402
vt 0.139751 0.571686
vt 0.133576 0.571591
vt 0.119560 0.589294
vt 0.124375 0.570462
vt 0.112959 0.587439
vt 0.115946 0.600269
vt 0.177979 0.637116
vt 0.493147 0.482453
vt 0.505681 0.503993
vt 0.503353 0.504439
vt 0.491267 0.483229
vt 0.176413 0.639805
vt 0.496235 0.482066
vt 0.508871 0.503653
vt 0.519234 0.527380
vt 0.515720 0.527464
vt 0.501674 0.481676
vt 0.513507 0.503342
vt 0.522978 0.528618
vt 0.525219 0.554894
vt 0.522280 0.554653
vt 0.528157 0.554797
vt 0.527668 0.581857
vt 0.525022 0.582108
vt 0.530434 0.581451
vt 0.530213 0.605291
vt 0.527150 0.605858
vt 0.533064 0.580935
vt 0.533049 0.604694
vt 0.533534 0.626201
vt 0.530720 0.626696
vt 0.178042 0.797541
vt 0.174907 0.774453
vt 0.177418 0.774324
vt 0.169635 0.751882
vt 0.172324 0.751397
vt 0.167134 0.752501
vt 0.155461 0.731170
vt 0.158005 0.729425
vt 0.911101 0.499259
vt 0.904130 0.478973
vt 0.164794 0.753217
vt 0.153393 0.732772
vt 0.136946 0.715454
vt 0.138922 0.713015
vt 0.923696 0.514997
vt 0.941314 0.525139
vt 0.939526 0.527602
vt 0.135706 0.717583
vt 0.116290 0.705852
vt 0.117299 0.702984
vt 0.959617 0.529265
vt 0.957541 0.531633
vt 0.116156 0.708092
vt 0.094747 0.697899
vt 0.738715 0.538620
vt 0.748295 0.559795
vt 0.729198 0.515782
vt 0.095606 0.694542
vt 0.097032 0.691161
vt 0.118933 0.699946
vt 0.099113 0.687984
vt 0.121198 0.697302
vt 0.141359 0.710860
vt 0.123670 0.695156
vt 0.144163 0.708948
vt 0.161309 0.727784
vt 0.147076 0.707372
vt 0.164205 0.727230
vt 0.174950 0.751105
vt 0.167035 0.726892
vt 0.177031 0.751015
vt 0.532076 0.646755
vt 0.529234 0.647260
vt 0.527754 0.627112
vt 0.179607 0.774293
vt 0.526349 0.647605
vt 0.524902 0.627808
vt 0.524085 0.606409
vt 0.521894 0.628637
vt 0.521105 0.606945
vt 0.522260 0.582134
vt 0.518345 0.607287
vt 0.518927 0.581958
vt 0.518958 0.554312
vt 0.515635 0.581455
vt 0.515198 0.553901
vt 0.511692 0.527790
vt 0.511611 0.553049
vt 0.508375 0.527895
vt 0.501406 0.504744
vt 0.505043 0.528060
vt 0.498006 0.505797
vt 0.306939 0.759368
vt 0.306939 0.740547
vt 0.309627 0.738140
vt 0.309813 0.758111
vt 0.502044 0.528352
vt 0.495652 0.507312
vt 0.485689 0.489736
vt 0.500053 0.528845
vt 0.495050 0.508267
vt 0.884763 0.900449
vt 0.505508 0.551927
vt 0.502033 0.552059
vt 0.508324 0.552108
vt 0.509877 0.580051
vt 0.507238 0.579408
vt 0.512664 0.580756
vt 0.513083 0.607181
vt 0.510199 0.606882
vt 0.515936 0.607288
vt 0.515350 0.629003
vt 0.512609 0.629500
vt 0.518589 0.628834
vt 0.520130 0.648133
vt 0.516895 0.648400
vt 0.523322 0.647880
vt 0.522701 0.665979
vt 0.519495 0.666641
vt 0.526001 0.665840
vt 0.286132 0.232413
vt 0.262345 0.228483
vt 0.264287 0.223408
vt 0.287284 0.228998
vt 0.529469 0.666014
vt 0.285128 0.235957
vt 0.259320 0.232288
vt 0.232045 0.229339
vt 0.232696 0.222857
vt 0.283628 0.238984
vt 0.257797 0.235470
vt 0.230552 0.233359
vt 0.203820 0.232835
vt 0.204056 0.227677
vt 0.256468 0.238214
vt 0.229818 0.236523
vt 0.203023 0.235998
vt 0.101417 0.685137
vt 0.104340 0.682431
vt 0.204850 0.218858
vt 0.175984 0.200815
vt 0.208080 0.206509
vt 0.236791 0.213299
vt 0.211610 0.198401
vt 0.239366 0.206956
vt 0.264742 0.218617
vt 0.266742 0.215738
vt 0.288849 0.222411
vt 0.287967 0.225675
vt 0.269101 0.213617
vt 0.289904 0.219383
vt 0.516300 0.666520
vt 0.513350 0.666302
vt 0.513803 0.648925
vt 0.510424 0.666238
vt 0.510967 0.649467
vt 0.510288 0.630157
vt 0.304310 0.496714
vt 0.305474 0.472386
vt 0.307567 0.472854
vt 0.306403 0.496999
vt 0.508045 0.631040
vt 0.507840 0.606299
vt 0.503590 0.631425
vt 0.506363 0.605418
vt 0.504122 0.578679
vt 0.981479 0.766022
vt 0.969764 0.740783
vt 0.983379 0.764740
vt 0.502588 0.578471
vt 0.499040 0.552737
vt 0.958243 0.716559
vt 0.956382 0.692888
vt 0.508268 0.650151
vt 0.505185 0.650587
vt 0.504825 0.667137
vt 0.502704 0.665696
vt 0.503750 0.650731
vt 0.507750 0.666577
vt 0.292971 0.213486
vt 0.273703 0.210413
vt 0.275286 0.206740
vt 0.294392 0.210387
vt 0.308266 0.451715
vt 0.305831 0.450487
vt 0.304310 0.425115
vt 0.306263 0.426553
vt 0.271643 0.211741
vt 0.248971 0.196253
vt 0.291305 0.216337
vt 0.228246 0.182537
vt 0.231262 0.181179
vt 0.249596 0.194760
vt 0.897469 0.340126
vt 0.897469 0.324129
vt 0.901495 0.327497
vt 0.900967 0.340520
vt 0.964718 0.626395
vt 0.967198 0.628743
vt 0.958685 0.651703
vt 0.957583 0.649292
vt 0.970978 0.629811
vt 0.960627 0.653653
vt 0.956913 0.675202
vt 0.955326 0.674035
vt 0.498981 0.680624
vt 0.500823 0.683113
vt 0.973824 0.617413
vt 0.976925 0.619945
vt 0.980490 0.606095
vt 0.983379 0.608546
vt 0.970429 0.613759
vt 0.978382 0.602627
vt 0.149954 0.931106
vt 0.153926 0.931699
vt 0.214048 0.172879
vt 0.180673 0.192481
vt 0.150618 0.189857
vt 0.152587 0.185311
vt 0.136418 0.185674
vt 0.136325 0.182888
vt 0.154739 0.181729
vt 0.135623 0.190418
vt 0.129522 0.191110
vt 0.128860 0.187164
vt 0.124262 0.189393
vt 0.122974 0.187010
vt 0.127382 0.184645
vt 0.124441 0.192541
vt 0.120181 0.193949
vt 0.120489 0.191042
vt 0.902051 0.585603
vt 0.902467 0.581979
vt 0.907488 0.580877
vt 0.907237 0.584595
vt 0.913522 0.584645
vt 0.920303 0.589818
vt 0.913237 0.587700
vt 0.907398 0.586920
vt 0.176018 0.959388
vt 0.177954 0.965760
vt 0.173833 0.966524
vt 0.172559 0.960438
vt 0.171875 0.955911
vt 0.174637 0.954932
vt 0.169291 0.960614
vt 0.169101 0.956300
vt 0.119992 0.188261
vt 0.118710 0.185571
vt 0.121114 0.184772
vt 0.116628 0.183111
vt 0.125574 0.182620
vt 0.137251 0.179309
vt 0.158443 0.173908
vt 0.158395 0.177849
vt 0.158584 0.168433
vt 0.139538 0.163218
vt 0.159256 0.161050
vt 0.141167 0.155056
vt 0.158640 0.153891
vt 0.141584 0.150467
vt 0.158146 0.149320
vt 0.170459 0.148740
vt 0.142658 0.146573
vt 0.341823 0.952249
vt 0.344850 0.952645
vt 0.123517 0.151978
vt 0.124098 0.149636
vt 0.122726 0.157422
vt 0.108673 0.159120
vt 0.109002 0.155146
vt 0.121712 0.165073
vt 0.107841 0.165419
vt 0.821561 0.923740
vt 0.814221 0.912468
vt 0.818793 0.910082
vt 0.826259 0.920684
vt 0.107289 0.173532
vt 0.095123 0.172550
vt 0.095918 0.165954
vt 0.810180 0.913897
vt 0.805034 0.898889
vt 0.810038 0.897949
vt 0.805319 0.915899
vt 0.808301 0.930072
vt 0.800109 0.916412
vt 0.803904 0.932317
vt 0.797428 0.919825
vt 0.798766 0.934478
vt 0.793657 0.922209
vt 0.787312 0.910279
vt 0.793270 0.936095
vt 0.802149 0.941321
vt 0.796121 0.942395
vt 0.804313 0.945492
vt 0.798094 0.947119
vt 0.805658 0.948014
vt 0.799430 0.951010
vt 0.169676 0.971330
vt 0.170017 0.966228
vt 0.173386 0.973295
vt 0.177954 0.973558
vt 0.463651 0.941269
vt 0.460290 0.938206
vt 0.469050 0.938782
vt 0.929128 0.592732
vt 0.458828 0.933832
vt 0.810855 0.943212
vt 0.811926 0.944471
vt 0.808489 0.939771
vt 0.813663 0.938162
vt 0.815833 0.941033
vt 0.166258 0.959873
vt 0.166444 0.955995
vt 0.819103 0.939831
vt 0.808228 0.884453
vt 0.811168 0.883428
vt 0.813704 0.896856
vt 0.802489 0.885603
vt 0.802899 0.874243
vt 0.808395 0.873187
vt 0.810567 0.864549
vt 0.811253 0.872206
vt 0.812198 0.863117
vt 0.813733 0.870786
vt 0.814249 0.882243
vt 0.815768 0.869064
vt 0.817575 0.880506
vt 0.819644 0.893961
vt 0.816444 0.895751
vt 0.824929 0.907010
vt 0.822203 0.908162
vt 0.830990 0.915843
vt 0.829463 0.917781
vt 0.844827 0.926057
vt 0.842579 0.927777
vt 0.840239 0.929609
vt 0.823473 0.892113
vt 0.821085 0.878201
vt 0.822312 0.876949
vt 0.826671 0.891496
vt 0.084615 0.156677
vt 0.075555 0.157489
vt 0.083281 0.153478
vt 0.085163 0.159801
vt 0.076481 0.159776
vt 0.070300 0.163176
vt 0.817000 0.867564
vt 0.076757 0.161919
vt 0.071498 0.164670
vt 0.067358 0.170956
vt 0.812745 0.861438
vt 0.072198 0.165964
vt 0.068636 0.171555
vt 0.808498 0.858379
vt 0.808541 0.860147
vt 0.799846 0.857065
vt 0.801968 0.855243
vt 0.309633 0.853879
vt 0.308287 0.854145
vt 0.308287 0.840187
vt 0.309712 0.840605
vt 0.175103 0.642948
vt 0.314898 0.727856
vt 0.314505 0.743977
vt 0.312732 0.727479
vt 0.793460 0.756660
vt 0.791840 0.739827
vt 0.794957 0.738693
vt 0.797738 0.737534
vt 0.790590 0.721292
vt 0.793293 0.720170
vt 0.797112 0.718737
vt 0.787743 0.722372
vt 0.789814 0.740685
vt 0.810093 0.673396
vt 0.806546 0.671663
vt 0.808716 0.665407
vt 0.811718 0.667170
vt 0.811098 0.661739
vt 0.813762 0.663773
vt 0.813525 0.659085
vt 0.816007 0.661447
vt 0.818474 0.663824
vt 0.820498 0.662460
vt 0.822838 0.666082
vt 0.820799 0.667294
vt 0.822719 0.673344
vt 0.821746 0.660827
vt 0.301516 0.808899
vt 0.298745 0.809670
vt 0.298807 0.805043
vt 0.510849 0.943104
vt 0.507983 0.943177
vt 0.511409 0.946703
vt 0.508527 0.947298
vt 0.511683 0.951108
vt 0.504452 0.940492
vt 0.804144 0.669095
vt 0.806454 0.663197
vt 0.287692 0.783339
vt 0.274900 0.809750
vt 0.278137 0.815967
vt 0.274955 0.816649
vt 0.278893 0.822382
vt 0.275589 0.823318
vt 0.272962 0.825575
vt 0.761653 0.865043
vt 0.759218 0.865472
vt 0.759762 0.856131
vt 0.761653 0.855594
vt 0.273966 0.831224
vt 0.270843 0.832705
vt 0.276030 0.835818
vt 0.278851 0.835192
vt 0.280613 0.840322
vt 0.278216 0.840605
vt 0.276953 0.829331
vt 0.281599 0.844928
vt 0.279486 0.845219
vt 0.277674 0.846175
vt 0.279067 0.850076
vt 0.280997 0.852963
vt 0.795214 0.337221
vt 0.794515 0.340658
vt 0.793308 0.340977
vt 0.793562 0.337775
vt 0.283025 0.854231
vt 0.284507 0.853221
vt 0.284284 0.854693
vt 0.283915 0.856089
vt 0.283785 0.845427
vt 0.283132 0.840924
vt 0.805759 0.616661
vt 0.804106 0.617500
vt 0.803237 0.611372
vt 0.281751 0.835574
vt 0.808667 0.623089
vt 0.807036 0.624359
vt 0.804669 0.625682
vt 0.812436 0.630330
vt 0.810689 0.631908
vt 0.807788 0.633762
vt 0.813996 0.640542
vt 0.810768 0.642190
vt 0.817185 0.649103
vt 0.813924 0.650346
vt 0.821016 0.657078
vt 0.817112 0.657084
vt 0.812302 0.657423
vt 0.819073 0.662157
vt 0.825985 0.665988
vt 0.815787 0.639095
vt 0.818737 0.648076
vt 0.281139 0.817079
vt 0.280413 0.829104
vt 0.959520 0.292602
vt 0.785461 0.331393
vt 0.785461 0.326352
vt 0.953309 0.150960
vt 0.786134 0.336133
vt 0.786849 0.339053
vt 0.780724 0.965463
vt 0.772894 0.873907
vt 0.285243 0.680219
vt 0.281520 0.687155
vt 0.281170 0.680868
vt 0.278729 0.688714
vt 0.776440 0.866404
vt 0.776085 0.863157
vt 0.279343 0.698101
vt 0.276874 0.697489
vt 0.275941 0.690083
vt 0.309370 0.812078
vt 0.309674 0.822735
vt 0.307222 0.823864
vt 0.307222 0.813174
vt 0.273855 0.689139
vt 0.272405 0.682898
vt 0.308397 0.792475
vt 0.307164 0.780803
vt 0.309674 0.778877
vt 0.309674 0.791304
vt 0.778819 0.857793
vt 0.778288 0.854769
vt 0.272734 0.676167
vt 0.770651 0.852703
vt 0.772856 0.849903
vt 0.778108 0.852258
vt 0.784570 0.854557
vt 0.778056 0.849515
vt 0.785795 0.852345
vt 0.791652 0.853804
vt 0.790337 0.856480
vt 0.265274 0.680452
vt 0.267727 0.681489
vt 0.267975 0.688589
vt 0.265372 0.687740
vt 0.052601 0.966647
vt 0.052573 0.961006
vt 0.055595 0.959997
vt 0.055595 0.968174
vt 0.536611 0.505417
vt 0.537825 0.506428
vt 0.536263 0.493316
vt 0.538414 0.492908
vt 0.540027 0.505076
vt 0.541665 0.515082
vt 0.541777 0.505037
vt 0.077216 0.964390
vt 0.079251 0.966010
vt 0.078131 0.971043
vt 0.077216 0.971026
vt 0.057563 0.218495
vt 0.055610 0.218551
vt 0.136488 0.964271
vt 0.136073 0.970358
vt 0.134191 0.970419
vt 0.134191 0.962799
vt 0.537045 0.481808
vt 0.537636 0.481346
vt 0.537580 0.624783
vt 0.540225 0.623227
vt 0.541592 0.628865
vt 0.538540 0.629431
vt 0.241815 0.913728
vt 0.244452 0.913689
vt 0.243984 0.921857
vt 0.241510 0.921026
vt 0.541317 0.634283
vt 0.538347 0.634079
vt 0.242041 0.905718
vt 0.244279 0.905440
vt 0.247014 0.905038
vt 0.247629 0.913300
vt 0.264171 0.695190
vt 0.262398 0.693827
vt 0.262344 0.686858
vt 0.266859 0.696828
vt 0.266021 0.703351
vt 0.269762 0.704021
vt 0.267151 0.710895
vt 0.264395 0.709604
vt 0.247023 0.922342
vt 0.270774 0.696569
vt 0.274760 0.696341
vt 0.273558 0.703687
vt 0.271449 0.687620
vt 0.276988 0.704662
vt 0.270585 0.710699
vt 0.264388 0.720178
vt 0.248254 0.935454
vt 0.246620 0.949079
vt 0.243282 0.950168
vt 0.245405 0.935055
vt 0.248322 0.922762
vt 0.241510 0.950528
vt 0.242906 0.934535
vt 0.544663 0.644771
vt 0.545822 0.655739
vt 0.542941 0.658491
vt 0.541655 0.644394
vt 0.543966 0.636005
vt 0.538743 0.644854
vt 0.246140 0.962423
vt 0.245303 0.962699
vt 0.263287 0.727745
vt 0.258542 0.738631
vt 0.259245 0.726666
vt 0.307222 0.837458
vt 0.307222 0.827490
vt 0.308888 0.826593
vt 0.309712 0.836769
vt 0.039602 0.317998
vt 0.028701 0.313556
vt 0.034786 0.293913
vt 0.940982 0.953480
vt 0.948089 0.952915
vt 0.931097 0.952586
vt 0.050899 0.170072
vt 0.048146 0.166172
vt 0.054667 0.156109
vt 0.558982 0.073020
vt 0.558250 0.062931
vt 0.562330 0.062821
vt 0.563175 0.073284
vt 0.560504 0.082935
vt 0.556504 0.083031
vt 0.566978 0.072231
vt 0.564220 0.081953
vt 0.062370 0.148803
vt 0.061301 0.144837
vt 0.069829 0.143324
vt 0.571761 0.070907
vt 0.568414 0.080976
vt 0.060078 0.139970
vt 0.572031 0.080155
vt 0.059080 0.135868
vt 0.052691 0.141608
vt 0.052441 0.137185
vt 0.057970 0.132744
vt 0.051005 0.133260
vt 0.300150 0.964399
vt 0.299858 0.973125
vt 0.981203 0.124788
vt 0.983392 0.127916
vt 0.299858 0.956541
vt 0.303556 0.956184
vt 0.975270 0.121093
vt 0.981296 0.120749
vt 0.967668 0.118245
vt 0.967664 0.113091
vt 0.958606 0.116042
vt 0.959551 0.111526
vt 0.959213 0.102009
vt 0.286695 0.977483
vt 0.277924 0.981108
vt 0.278320 0.972708
vt 0.286322 0.971153
vt 0.952688 0.100431
vt 0.949670 0.097212
vt 0.954917 0.087018
vt 0.952202 0.108064
vt 0.950118 0.111628
vt 0.945099 0.104804
vt 0.947392 0.102448
vt 0.598913 0.056390
vt 0.602288 0.057477
vt 0.598910 0.063873
vt 0.595981 0.061995
vt 0.595201 0.055226
vt 0.948335 0.114507
vt 0.942942 0.106784
vt 0.168637 0.928675
vt 0.172357 0.929436
vt 0.169996 0.941652
vt 0.166209 0.940705
vt 0.171798 0.917523
vt 0.175924 0.916586
vt 0.173917 0.941906
vt 0.173803 0.952192
vt 0.169916 0.952203
vt 0.166278 0.951410
vt 0.175945 0.930461
vt 0.178201 0.931329
vt 0.178904 0.916589
vt 0.950285 0.118724
vt 0.954253 0.128537
vt 0.951205 0.119636
vt 0.948455 0.130170
vt 0.948425 0.122780
vt 0.958077 0.135545
vt 0.948440 0.138971
vt 0.940619 0.141064
vt 0.942381 0.132538
vt 0.608876 0.046565
vt 0.599503 0.050467
vt 0.598769 0.039724
vt 0.608094 0.038548
vt 0.612785 0.034488
vt 0.615990 0.042945
vt 0.617490 0.031255
vt 0.978047 0.921331
vt 0.982385 0.921536
vt 0.983530 0.934160
vt 0.981404 0.933894
vt 0.823639 0.957991
vt 0.829640 0.958838
vt 0.829461 0.964411
vt 0.824117 0.964411
vt 0.977836 0.910262
vt 0.982245 0.910743
vt 0.620657 0.028517
vt 0.624656 0.022469
vt 0.806167 0.965131
vt 0.803703 0.969630
vt 0.802329 0.959509
vt 0.806167 0.957991
vt 0.607262 0.054153
vt 0.607066 0.063712
vt 0.179591 0.930694
vt 0.590022 0.070881
vt 0.587823 0.066634
vt 0.580592 0.069024
vt 0.578265 0.063503
vt 0.582751 0.074087
vt 0.695165 0.955505
vt 0.696073 0.947755
vt 0.701328 0.949695
vt 0.700314 0.957620
vt 0.690284 0.954794
vt 0.691762 0.947132
vt 0.694378 0.937298
vt 0.697721 0.937851
vt 0.685741 0.954972
vt 0.688032 0.946813
vt 0.690596 0.936609
vt 0.693072 0.925688
vt 0.696690 0.926522
vt 0.683240 0.945135
vt 0.686504 0.935599
vt 0.688928 0.924881
vt 0.691418 0.913290
vt 0.695231 0.914156
vt 0.453932 0.933472
vt 0.452970 0.944034
vt 0.448784 0.944111
vt 0.450167 0.933249
vt 0.452303 0.921838
vt 0.455736 0.922128
vt 0.446019 0.933231
vt 0.448806 0.921975
vt 0.441698 0.933108
vt 0.444797 0.921960
vt 0.447582 0.911205
vt 0.447627 0.900407
vt 0.026108 0.027972
vt 0.030354 0.038537
vt 0.027467 0.039275
vt 0.023611 0.028995
vt 0.019546 0.018995
vt 0.020505 0.030004
vt 0.016864 0.020293
vt 0.012029 0.012981
vt 0.014128 0.021439
vt 0.009972 0.014049
vt 0.006617 0.008912
vt 0.008218 0.014705
vt 0.005251 0.009461
vt 0.006686 0.014983
vt 0.004086 0.009806
vt 0.004984 0.015181
vt 0.003022 0.010150
vt 0.949579 0.008116
vt 0.948796 0.007890
vt 0.948782 0.013276
vt 0.947617 0.008087
vt 0.947684 0.004873
vt 0.947846 0.002738
vt 0.115583 0.960293
vt 0.009270 0.022821
vt 0.003461 0.015144
vt 0.011624 0.022287
vt 0.014266 0.031718
vt 0.017413 0.030850
vt 0.019265 0.041213
vt 0.023434 0.040205
vt 0.025664 0.051658
vt 0.030246 0.050335
vt 0.034414 0.063186
vt 0.028967 0.065424
vt 0.039236 0.074703
vt 0.032895 0.077359
vt 0.045064 0.087194
vt 0.043701 0.071758
vt 0.049365 0.082528
vt 0.055957 0.089860
vt 0.443743 0.975374
vt 0.440831 0.967306
vt 0.446246 0.964125
vt 0.448784 0.969782
vt 0.056904 0.083878
vt 0.060327 0.086264
vt 0.450092 0.972542
vt 0.453951 0.965928
vt 0.454931 0.968671
vt 0.455514 0.970392
vt 0.445025 0.978722
vt 0.583255 0.098328
vt 0.582057 0.097491
vt 0.456099 0.971611
vt 0.580261 0.096546
vt 0.576082 0.095048
vt 0.579037 0.091195
vt 0.451166 0.961613
vt 0.680344 0.953918
vt 0.455347 0.962437
vt 0.449341 0.953694
vt 0.453756 0.953562
vt 0.443653 0.954514
vt 0.443794 0.944484
vt 0.437773 0.955881
vt 0.438558 0.945106
vt 0.038240 0.061399
vt 0.033680 0.049595
vt 0.698464 0.914967
vt 0.701155 0.915709
vt 0.431290 0.948253
vt 0.434063 0.949148
vt 0.433336 0.960539
vt 0.429978 0.959705
vt 0.699100 0.927209
vt 0.703882 0.916397
vt 0.703035 0.927879
vt 0.702381 0.938882
vt 0.434063 0.971123
vt 0.430791 0.970383
vt 0.706856 0.928182
vt 0.707290 0.939497
vt 0.707143 0.951172
vt 0.712624 0.939799
vt 0.712483 0.952488
vt 0.711759 0.961590
vt 0.706036 0.959431
vt 0.709928 0.968197
vt 0.575371 0.058104
vt 0.717318 0.940377
vt 0.720318 0.941423
vt 0.711174 0.928293
vt 0.707248 0.916745
vt 0.567469 0.063341
vt 0.573023 0.062211
vt 0.565268 0.051394
vt 0.570963 0.051680
vt 0.560256 0.049554
vt 0.562645 0.035232
vt 0.566706 0.037157
vt 0.558528 0.051251
vt 0.039381 0.176205
vt 0.031397 0.190375
vt 0.575410 0.025189
vt 0.579711 0.029495
vt 0.571591 0.039416
vt 0.573263 0.023856
vt 0.889542 0.186966
vt 0.877432 0.185479
vt 0.877793 0.179416
vt 0.888667 0.182759
vt 0.903620 0.186491
vt 0.903546 0.191532
vt 0.888531 0.192622
vt 0.876909 0.191073
vt 0.866770 0.188198
vt 0.866865 0.182628
vt 0.921538 0.923976
vt 0.923859 0.936482
vt 0.919430 0.936378
vt 0.924277 0.913846
vt 0.888753 0.196301
vt 0.905060 0.198077
vt 0.928244 0.955078
vt 0.917829 0.951197
vt 0.912420 0.934192
vt 0.593754 0.012535
vt 0.605456 0.010960
vt 0.608119 0.014645
vt 0.596253 0.015689
vt 0.866045 0.179680
vt 0.855538 0.184333
vt 0.855538 0.180275
vt 0.847195 0.180755
vt 0.847005 0.177622
vt 0.928244 0.902710
vt 0.613615 0.007448
vt 0.615946 0.009308
vt 0.612022 0.005101
vt 0.618263 0.001365
vt 0.619075 0.011253
vt 0.121785 0.920221
vt 0.123567 0.918055
vt 0.122129 0.927977
vt 0.118403 0.929123
vt 0.125867 0.916586
vt 0.125740 0.925223
vt 0.124581 0.936336
vt 0.119385 0.938740
vt 0.609729 0.014842
vt 0.600016 0.020245
vt 0.121371 0.946961
vt 0.118313 0.949656
vt 0.589478 0.023338
vt 0.584371 0.016645
vt 0.593596 0.026183
vt 0.583395 0.032183
vt 0.119220 0.958434
vt 0.127835 0.944673
vt 0.123921 0.956050
vt 0.124675 0.965252
vt 0.120172 0.967904
vt 0.576326 0.040290
vt 0.967552 0.534362
vt 0.970579 0.538377
vt 0.971791 0.549319
vt 0.576434 0.050846
vt 0.130703 0.953174
vt 0.131462 0.964781
vt 0.976345 0.542208
vt 0.975718 0.557398
vt 0.131462 0.940682
vt 0.595975 0.024439
vt 0.607344 0.018865
vt 0.130110 0.932246
vt 0.614802 0.017889
vt 0.618569 0.015770
vt 0.127232 0.924617
vt 0.621811 0.014040
vt 0.126048 0.140073
vt 0.148247 0.134055
vt 0.150353 0.121575
vt 0.179091 0.120326
vt 0.173867 0.135067
vt 0.208247 0.124982
vt 0.199361 0.144664
vt 0.235493 0.131833
vt 0.223518 0.153612
vt 0.265621 0.136040
vt 0.251401 0.161646
vt 0.242066 0.173741
vt 0.280332 0.164950
vt 0.269336 0.183182
vt 0.296802 0.162614
vt 0.289413 0.136175
vt 0.299317 0.131593
vt 0.300526 0.099507
vt 0.290114 0.072886
vt 0.304237 0.096485
vt 0.272205 0.056993
vt 0.243428 0.044517
vt 0.245581 0.051852
vt 0.211515 0.049368
vt 0.209426 0.043839
vt 0.247050 0.065984
vt 0.214719 0.063482
vt 0.182742 0.065966
vt 0.179214 0.055079
vt 0.244505 0.100537
vt 0.216427 0.095990
vt 0.184140 0.092092
vt 0.151516 0.092606
vt 0.150033 0.072223
vt 0.179437 0.049646
vt 0.179015 0.045937
vt 0.209376 0.040377
vt 0.178239 0.042946
vt 0.208700 0.037528
vt 0.177851 0.040593
vt 0.207594 0.034871
vt 0.567860 0.268981
vt 0.556239 0.241493
vt 0.569531 0.268111
vt 0.206491 0.032580
vt 0.234438 0.029455
vt 0.585341 0.291200
vt 0.586835 0.289578
vt 0.232562 0.027285
vt 0.259200 0.024851
vt 0.261795 0.027863
vt 0.283065 0.024091
vt 0.256793 0.022511
vt 0.280895 0.020895
vt 0.301398 0.021287
vt 0.303991 0.024081
vt 0.645263 0.338312
vt 0.624163 0.326050
vt 0.626200 0.323061
vt 0.646509 0.335123
vt 0.669109 0.339374
vt 0.669045 0.342466
vt 0.313582 0.633166
vt 0.647466 0.331563
vt 0.668943 0.335672
vt 0.689809 0.329216
vt 0.668673 0.331955
vt 0.688431 0.325766
vt 0.704995 0.311993
vt 0.687098 0.322329
vt 0.702883 0.308924
vt 0.716633 0.292389
vt 0.700883 0.305936
vt 0.714447 0.289549
vt 0.729098 0.270386
vt 0.713293 0.287497
vt 0.727457 0.268170
vt 0.739817 0.245987
vt 0.981671 0.493240
vt 0.983628 0.509409
vt 0.980522 0.508618
vt 0.979439 0.492650
vt 0.976448 0.471956
vt 0.978511 0.472654
vt 0.976813 0.492761
vt 0.974384 0.471747
vt 0.970386 0.446478
vt 0.971946 0.471670
vt 0.967805 0.446142
vt 0.964758 0.420186
vt 0.565891 0.801551
vt 0.573120 0.826511
vt 0.570535 0.826351
vt 0.563524 0.801034
vt 0.962346 0.419546
vt 0.963615 0.395032
vt 0.563070 0.776559
vt 0.560577 0.800532
vt 0.560091 0.775749
vt 0.561845 0.754348
vt 0.564663 0.755426
vt 0.556240 0.774500
vt 0.558439 0.753209
vt 0.562973 0.735678
vt 0.554048 0.751159
vt 0.559552 0.733698
vt 0.568536 0.719200
vt 0.555083 0.731430
vt 0.564320 0.716510
vt 0.578123 0.703282
vt 0.558568 0.711695
vt 0.573427 0.697564
vt 0.592573 0.685110
vt 0.860608 0.362758
vt 0.881233 0.367794
vt 0.881351 0.378202
vt 0.859080 0.372081
vt 0.836539 0.368118
vt 0.839528 0.359071
vt 0.855094 0.388390
vt 0.829799 0.385168
vt 0.811576 0.384656
vt 0.822005 0.413454
vt 0.804752 0.412833
vt 0.790082 0.414059
vt 0.800139 0.439433
vt 0.786393 0.440966
vt 0.771657 0.447110
vt 0.774785 0.417997
vt 0.784222 0.462785
vt 0.770671 0.465656
vt 0.626508 0.422638
vt 0.641028 0.408694
vt 0.782564 0.487201
vt 0.772115 0.489725
vt 0.658819 0.389151
vt 0.668901 0.398921
vt 0.682675 0.371255
vt 0.691513 0.380510
vt 0.699685 0.392175
vt 0.679905 0.408872
vt 0.704196 0.400231
vt 0.707803 0.404683
vt 0.710621 0.407482
vt 0.358119 0.716519
vt 0.354357 0.717990
vt 0.712000 0.368429
vt 0.704419 0.359993
vt 0.721571 0.351447
vt 0.781164 0.564478
vt 0.774612 0.543905
vt 0.784230 0.541827
vt 0.791634 0.579442
vt 0.732932 0.345196
vt 0.797463 0.541029
vt 0.772591 0.518836
vt 0.781791 0.517140
vt 0.793562 0.516120
vt 0.808737 0.517205
vt 0.813358 0.543667
vt 0.794801 0.488589
vt 0.809777 0.490791
vt 0.835798 0.495880
vt 0.797589 0.463000
vt 0.812906 0.465413
vt 0.839918 0.471279
vt 0.816267 0.440640
vt 0.844380 0.445377
vt 0.849370 0.417495
vt 0.822924 0.568152
vt 0.899322 0.385145
vt 0.897751 0.372709
vt 0.545415 0.388101
vt 0.548709 0.727461
vt 0.529456 0.396600
vt 0.548551 0.748679
vt 0.511279 0.403061
vt 0.550808 0.773830
vt 0.965613 0.445740
vt 0.969736 0.471743
vt 0.974312 0.493154
vt 0.971889 0.494162
vt 0.927422 0.016377
vt 0.929557 0.017076
vt 0.918168 0.034426
vt 0.920235 0.034834
vt 0.910112 0.053469
vt 0.699521 0.303571
vt 0.605402 0.308519
vt 0.603843 0.310632
vt 0.553855 0.241898
vt 0.149856 0.051884
vt 0.626590 0.017455
vt 0.309965 0.579774
vt 0.304809 0.581139
vt 0.304121 0.573672
vt 0.309682 0.570357
vt 0.645693 0.046110
vt 0.635339 0.046380
vt 0.309724 0.588239
vt 0.304121 0.588680
vt 0.652442 0.045839
vt 0.657454 0.057098
vt 0.644636 0.056820
vt 0.630104 0.057081
vt 0.644403 0.064622
vt 0.626355 0.066583
vt 0.618804 0.067807
vt 0.610503 0.075849
vt 0.514412 0.976218
vt 0.516964 0.958716
vt 0.522517 0.961283
vt 0.517939 0.984528
vt 0.644123 0.068479
vt 0.667977 0.069282
vt 0.644441 0.073051
vt 0.514412 0.940548
vt 0.517968 0.937868
vt 0.012708 0.425908
vt 0.015152 0.430725
vt 0.009619 0.436604
vt 0.005702 0.430969
vt 0.662917 0.064738
vt 0.666717 0.058012
vt 0.672854 0.065809
vt 0.024864 0.422593
vt 0.016629 0.433587
vt 0.658826 0.048318
vt 0.666615 0.049521
vt 0.673399 0.060379
vt 0.661968 0.041114
vt 0.012755 0.439397
vt 0.011461 0.438384
vt 0.681585 0.071246
vt 0.683809 0.071304
vt 0.688442 0.074382
vt 0.685667 0.075377
vt 0.008102 0.443237
vt 0.006179 0.442090
vt 0.694609 0.078623
vt 0.691416 0.080202
vt 0.703359 0.084613
vt 0.711746 0.086202
vt 0.709340 0.088259
vt 0.955326 0.862100
vt 0.713316 0.088703
vt 0.711895 0.092008
vt 0.685844 0.069623
vt 0.686999 0.067383
vt 0.680630 0.067178
vt 0.683162 0.067679
vt 0.326427 0.972381
vt 0.326556 0.966542
vt 0.328486 0.972723
vt 0.331182 0.973535
vt 0.329721 0.979442
vt 0.327221 0.978570
vt 0.333999 0.974381
vt 0.332948 0.980217
vt 0.693691 0.064219
vt 0.704156 0.058351
vt 0.702636 0.063264
vt 0.687894 0.062593
vt 0.711650 0.062264
vt 0.712866 0.057307
vt 0.719116 0.057612
vt 0.717134 0.062409
vt 0.704843 0.052127
vt 0.713403 0.050953
vt 0.720552 0.051888
vt 0.368395 0.951710
vt 0.368564 0.939442
vt 0.371716 0.938047
vt 0.372719 0.949435
vt 0.364393 0.953643
vt 0.365321 0.940339
vt 0.660032 0.916802
vt 0.664732 0.908901
vt 0.667100 0.911907
vt 0.661931 0.920424
vt 0.657764 0.926388
vt 0.656967 0.913601
vt 0.662332 0.906178
vt 0.668059 0.898896
vt 0.670583 0.900984
vt 0.653395 0.911400
vt 0.659538 0.903323
vt 0.665231 0.896579
vt 0.668545 0.889242
vt 0.670754 0.890253
vt 0.656813 0.900685
vt 0.662592 0.894236
vt 0.665864 0.887748
vt 0.666354 0.880866
vt 0.668131 0.881368
vt 0.660141 0.893654
vt 0.663615 0.887426
vt 0.664719 0.880896
vt 0.611017 0.894019
vt 0.615248 0.903153
vt 0.612846 0.904469
vt 0.608750 0.895177
vt 0.609438 0.905931
vt 0.606222 0.896280
vt 0.606156 0.907080
vt 0.603703 0.897132
vt 0.602073 0.888638
vt 0.600933 0.897696
vt 0.600092 0.889071
vt 0.598334 0.897799
vt 0.598233 0.888987
vt 0.967093 0.781122
vt 0.967385 0.790304
vt 0.965090 0.790167
vt 0.965329 0.780700
vt 0.962205 0.790112
vt 0.963391 0.780174
vt 0.959087 0.790044
vt 0.960990 0.779681
vt 0.963325 0.774343
vt 0.959252 0.779757
vt 0.962041 0.774249
vt 0.963342 0.771793
vt 0.281359 0.652473
vt 0.282175 0.654927
vt 0.962989 0.771281
vt 0.963393 0.769871
vt 0.283439 0.660221
vt 0.956655 0.790395
vt 0.283245 0.667492
vt 0.280641 0.668646
vt 0.964109 0.801152
vt 0.967526 0.800759
vt 0.971777 0.810997
vt 0.970237 0.800429
vt 0.974950 0.810450
vt 0.598722 0.919435
vt 0.601802 0.919321
vt 0.604300 0.931991
vt 0.600387 0.931890
vt 0.605512 0.918741
vt 0.609015 0.931456
vt 0.612492 0.947484
vt 0.606515 0.947326
vt 0.981446 0.821433
vt 0.613763 0.930755
vt 0.618491 0.946978
vt 0.620814 0.961415
vt 0.623487 0.946074
vt 0.626847 0.960614
vt 0.627210 0.973586
vt 0.620683 0.974254
vt 0.632353 0.960294
vt 0.633072 0.972533
vt 0.001365 0.927895
vt 0.001529 0.921771
vt 0.641253 0.952477
vt 0.638661 0.936818
vt 0.641909 0.935272
vt 0.646200 0.951330
vt 0.646271 0.934329
vt 0.651269 0.949474
vt 0.656064 0.963841
vt 0.662372 0.961111
vt 0.664502 0.967713
vt 0.667706 0.957804
vt 0.670488 0.964086
vt 0.671134 0.954583
vt 0.675158 0.959568
vt 0.677615 0.963291
vt 0.665022 0.944635
vt 0.645699 0.921719
vt 0.641498 0.921050
vt 0.646118 0.908258
vt 0.649585 0.909347
vt 0.631106 0.944392
vt 0.635932 0.958265
vt 0.627902 0.945664
vt 0.621784 0.929340
vt 0.625168 0.928219
vt 0.616827 0.915140
vt 0.619785 0.914016
vt 0.618152 0.930127
vt 0.613050 0.916358
vt 0.609329 0.917678
vt 0.602873 0.907907
vt 0.599822 0.908245
vt 0.654398 0.900120
vt 0.666551 0.876481
vt 0.665304 0.876256
vt 0.276628 0.649886
vt 0.664164 0.875755
vt 0.277120 0.648754
vt 0.279053 0.647834
vt 0.669916 0.914669
vt 0.664013 0.923653
vt 0.375820 0.946867
vt 0.380319 0.953402
vt 0.376076 0.954086
vt 0.337636 0.966856
vt 0.336747 0.974874
vt 0.001365 0.436638
vt 0.646233 0.078738
vt 0.646908 0.084544
vt 0.621894 0.093965
vt 0.624756 0.098196
vt 0.607859 0.110820
vt 0.610410 0.113534
vt 0.599043 0.127046
vt 0.601253 0.128799
vt 0.592889 0.146076
vt 0.595319 0.147342
vt 0.585670 0.166058
vt 0.597270 0.148075
vt 0.587139 0.166567
vt 0.578043 0.187904
vt 0.971959 0.187517
vt 0.970944 0.170304
vt 0.973246 0.170894
vt 0.974107 0.187975
vt 0.971443 0.209375
vt 0.970100 0.208656
vt 0.973595 0.209734
vt 0.970748 0.231929
vt 0.968733 0.231857
vt 0.575033 0.212137
vt 0.972849 0.231986
vt 0.971698 0.255799
vt 0.973943 0.255955
vt 0.975314 0.278044
vt 0.925720 0.161741
vt 0.937890 0.171385
vt 0.935920 0.172758
vt 0.923270 0.163473
vt 0.911186 0.151740
vt 0.913812 0.149583
vt 0.733465 0.829744
vt 0.737696 0.807068
vt 0.736527 0.830599
vt 0.730167 0.851958
vt 0.726846 0.851140
vt 0.734172 0.853652
vt 0.723265 0.873025
vt 0.720786 0.871051
vt 0.718676 0.870214
vt 0.885441 0.127455
vt 0.894383 0.144330
vt 0.879822 0.129897
vt 0.875780 0.106963
vt 0.869025 0.106938
vt 0.869893 0.081402
vt 0.861856 0.080152
vt 0.867346 0.056354
vt 0.853952 0.053116
vt 0.864449 0.031772
vt 0.835121 0.025992
vt 0.849745 0.005518
vt 0.879572 0.012656
vt 0.818408 0.001365
vt 0.342438 0.409127
vt 0.330414 0.370329
vt 0.352969 0.363524
vt 0.327518 0.333542
vt 0.348610 0.325274
vt 0.372811 0.316214
vt 0.349172 0.302344
vt 0.372246 0.295261
vt 0.403389 0.285489
vt 0.405537 0.275444
vt 0.437885 0.251323
vt 0.189150 0.671786
vt 0.182336 0.675981
vt 0.330684 0.308585
vt 0.315138 0.375356
vt 0.312732 0.339343
vt 0.905945 0.158094
vt 0.738982 0.783506
vt 0.751280 0.782683
vt 0.749492 0.766070
vt 0.715627 0.878450
vt 0.003450 0.001365
vt 0.582119 0.102366
vt 0.223516 0.350276
vt 0.776012 0.244598
vt 0.335723 0.958809
vt 0.965865 0.769322
vt 0.714039 0.095909
vt 0.762502 0.195771
vt 0.747664 0.165732
vt 0.765701 0.195708
vt 0.730058 0.143845
vt 0.715122 0.127205
vt 0.700758 0.114396
vt 0.685163 0.107612
vt 0.666668 0.105743
vt 0.665857 0.108143
vt 0.648196 0.108517
vt 0.750242 0.703538
vt 0.752832 0.721446
vt 0.750472 0.721142
vt 0.756434 0.737040
vt 0.759740 0.751033
vt 0.761870 0.751647
vt 0.646210 0.696803
vt 0.661779 0.701120
vt 0.661532 0.703315
vt 0.680786 0.707754
vt 0.701325 0.717377
vt 0.721938 0.732606
vt 0.724191 0.729714
vt 0.551612 0.548833
vt 0.557780 0.573992
vt 0.554482 0.575708
vt 0.571641 0.601106
vt 0.596638 0.624712
vt 0.642125 0.638712
vt 0.678815 0.623989
vt 0.683584 0.642729
vt 0.647568 0.658177
vt 0.709118 0.607011
vt 0.714163 0.623831
vt 0.718893 0.637994
vt 0.687426 0.657318
vt 0.802204 0.155624
vt 0.219925 0.831035
vt 0.200655 0.848281
vt 0.187727 0.836835
vt 0.204696 0.821342
vt 0.219639 0.800792
vt 0.237448 0.807207
vt 0.774123 0.126610
vt 0.198270 0.816911
vt 0.211204 0.797842
vt 0.220230 0.775501
vt 0.921860 0.431888
vt 0.921497 0.455868
vt 0.918722 0.455332
vt 0.918928 0.432355
vt 0.922877 0.411019
vt 0.926421 0.409537
vt 0.916800 0.432327
vt 0.920340 0.411072
vt 0.928492 0.392397
vt 0.931516 0.392278
vt 0.220961 0.754100
vt 0.917865 0.411000
vt 0.925532 0.391888
vt 0.937520 0.375011
vt 0.941026 0.375797
vt 0.321042 0.289912
vt 0.321771 0.294174
vt 0.922623 0.391285
vt 0.934202 0.373817
vt 0.332848 0.283928
vt 0.331128 0.280292
vt 0.347680 0.275974
vt 0.947590 0.360353
vt 0.931026 0.372352
vt 0.944292 0.358831
vt 0.345730 0.272631
vt 0.366551 0.266198
vt 0.959617 0.348561
vt 0.941356 0.356493
vt 0.956904 0.345196
vt 0.085038 0.885752
vt 0.084965 0.889353
vt 0.057099 0.890946
vt 0.085477 0.883032
vt 0.085507 0.893390
vt 0.058188 0.895758
vt 0.029462 0.893640
vt 0.026950 0.889875
vt 0.086910 0.897437
vt 0.060065 0.900555
vt 0.031836 0.897946
vt 0.062393 0.904208
vt 0.199505 0.556983
vt 0.196332 0.559625
vt 0.188614 0.529628
vt 0.193403 0.562759
vt 0.184086 0.532686
vt 0.175930 0.517454
vt 0.182006 0.512263
vt 0.168990 0.525277
vt 0.158551 0.530001
vt 0.150851 0.533500
vt 0.155216 0.526329
vt 0.108165 0.886745
vt 0.127923 0.876933
vt 0.107754 0.883609
vt 0.938946 0.353662
vt 0.928109 0.370435
vt 0.919652 0.390456
vt 0.915223 0.410826
vt 0.914563 0.432382
vt 0.916596 0.455142
vt 0.923581 0.477130
vt 0.755185 0.608199
vt 0.758263 0.606556
vt 0.196015 0.815514
vt 0.208670 0.796886
vt 0.750766 0.611067
vt 0.744425 0.599627
vt 0.182336 0.831526
vt 0.734569 0.606915
vt 0.728194 0.592363
vt 0.766815 0.230503
vt 0.443827 0.241383
vt 0.446562 0.222361
vt 0.004997 0.887384
vt 0.467336 0.184908
vt 0.036612 0.462033
vt 0.034354 0.459735
vt 0.033322 0.460897
vt 0.279142 0.370566
vt 0.312815 0.944009
vt 0.314177 0.937859
vt 0.319474 0.944996
vt 0.320791 0.948880
vt 0.312732 0.949520
vt 0.081119 0.961661
vt 0.364352 0.669843
vt 0.298704 0.817623
vt 0.348861 0.985141
vt 0.345014 0.981198
vt 0.347496 0.960563
vt 0.348861 0.966956
vt 0.286301 0.815207
vt 0.860507 0.943983
vt 0.847543 0.925447
vt 0.467479 0.915351
vt 0.944402 0.571573
vt 0.938265 0.552402
vt 0.935436 0.546094
vt 0.303923 0.640778
vt 0.536686 0.644372
vt 0.495055 0.574318
vt 0.871196 0.970666
vt 0.869993 0.967267
vt 0.499418 0.575597
vt 0.977424 0.898298
vt 0.978847 0.890767
vt 0.980506 0.886737
vt 0.129282 0.920519
vt 0.747740 0.900919
vt 0.751289 0.910042
vt 0.450434 0.460811
vt 0.458455 0.463842
vt 0.036927 0.455281
vt 0.037216 0.455372
vt 0.123564 0.609992
vt 0.237601 0.953707
vt 0.236141 0.956227
vt 0.238781 0.948131
vt 0.499006 0.869410
vt 0.498191 0.552795
vt 0.541621 0.515063
vt 0.112540 0.958596
vt 0.598848 0.876590
vt 0.878015 0.336649
vt 0.880841 0.341147
vt 0.877648 0.341147
s 0
usemtl Material
f 1/1/1 195/2/1 196/3/1 197/4/1
f 1/5/2 197/6/2 198/7/2 199/8/2
f 1/1/3 200/9/3 201/10/3 195/2/3
f 1/11/4 199/12/4 202/13/4 203/14/4
f 1/1/5 203/15/5 204/16/5 200/9/5
f 2/17/6 200/9/6 204/16/6 205/18/6
f 2/19/7 205/20/7 206/21/7 207/22/7
f 2/19/8 207/22/8 208/23/8 209/24/8
f 2/19/9 209/24/9 210/25/9 211/26/9
f 2/17/10 211/27/10 201/10/10 200/9/10
f 3/28/11 212/29/11 213/30/11 214/31/11
f 3/28/12 215/32/12 7/33/12 216/34/12
f 3/28/13 214/31/13 217/35/13 215/32/13
f 3/36/14 198/7/14 197/6/14 212/37/14
f 3/38/15 216/39/15 218/40/15 198/41/15
f 4/42/16 219/43/16 220/44/16 221/45/16
f 4/46/17 221/47/17 222/48/17 223/49/17
f 4/50/18 223/51/18 5/52/18 219/53/18
f 5/54/19 224/55/19 225/56/19 219/57/19
f 5/58/20 226/59/20 227/60/20 228/61/20
f 5/62/21 223/49/21 229/63/21 226/64/21
f 6/65/22 230/66/22 231/67/22 232/68/22
f 6/69/23 232/70/23 202/13/23 199/12/23
f 6/69/24 233/71/24 234/72/24 230/73/24
f 6/69/25 199/12/25 198/41/25 218/40/25
f 6/69/26 218/40/26 235/74/26 233/71/26
f 7/75/27 215/76/27 8/77/27 236/78/27
f 7/79/28 237/80/28 238/81/28 216/39/28
f 8/82/29 227/60/29 226/59/29 239/83/29
f 8/84/30 239/85/30 240/86/30 236/87/30
f 9/88/31 241/89/31 242/90/31 243/91/31
f 9/88/32 244/92/32 245/93/32 241/89/32
f 9/88/33 243/91/33 246/94/33 244/92/33
f 10/95/34 247/96/34 248/97/34 249/98/34
f 10/95/35 250/99/35 251/100/35 247/96/35
f 10/95/36 249/98/36 252/101/36 253/102/36
f 10/95/37 254/103/37 255/104/37 250/99/37
f 11/105/38 256/106/38 234/72/38 257/107/38
f 11/105/39 257/107/39 258/108/39 259/109/39
f 11/110/40 260/111/40 261/112/40 256/113/40
f 11/114/41 262/115/41 263/116/41 260/117/41
f 12/118/42 264/119/42 265/120/42 266/121/42
f 12/118/43 267/122/43 268/123/43 269/124/43
f 12/118/44 269/124/44 270/125/44 264/119/44
f 13/126/45 271/127/45 264/119/45 270/125/45
f 13/126/46 259/109/46 258/108/46 271/127/46
f 13/126/47 270/125/47 272/128/47 259/109/47
f 14/129/48 273/130/48 274/131/48 275/132/48
f 14/129/49 276/133/49 277/134/49 273/130/49
f 14/129/50 275/132/50 278/135/50 279/136/50
f 14/129/51 279/136/51 280/137/51 281/138/51
f 14/129/52 281/138/52 282/139/52 276/133/52
f 15/140/53 253/102/53 283/141/53 284/142/53
f 15/140/54 284/142/54 285/143/54 254/103/54
f 16/144/55 286/145/55 287/146/55 288/147/55
f 16/144/56 288/147/56 289/148/56 290/149/56
f 16/144/57 290/149/57 291/150/57 286/145/57
f 17/151/58 292/152/58 293/153/58 294/154/58
f 17/155/59 295/156/59 296/157/59 292/158/59
f 17/151/60 294/154/60 297/159/60 298/160/60
f 17/151/61 298/160/61 299/161/61 300/162/61
f 17/151/62 300/162/62 301/163/62 295/164/62
f 18/165/63 302/166/63 303/167/63 304/168/63
f 18/169/64 305/170/64 306/171/64 302/172/64
f 18/173/65 304/174/65 307/175/65 308/176/65
f 18/177/66 308/178/66 309/179/66 310/180/66
f 18/169/67 310/181/67 311/182/67 305/170/67
f 19/183/68 312/184/68 313/185/68 314/186/68
f 19/183/69 315/187/69 316/188/69 312/184/69
f 19/183/70 317/189/70 318/190/70 315/187/70
f 19/183/71 319/191/71 320/192/71 317/189/71
f 19/183/72 314/186/72 321/193/72 319/191/72
f 20/194/73 322/195/73 301/163/73 300/162/73
f 20/194/74 300/162/74 299/161/74 323/196/74
f 20/194/75 323/196/75 324/197/75 322/195/75
f 21/198/76 325/199/76 326/200/76 327/201/76
f 329/202/77 330/203/77 325/199/77 21/198/77
f 21/198/78 327/201/78 328/204/78 329/202/78
f 22/205/79 331/206/79 332/207/79 324/197/79
f 22/205/80 324/197/80 323/196/80 333/208/80
f 22/205/81 334/209/81 335/210/81 331/206/81
f 23/211/82 336/212/82 337/213/82 338/214/82
f 23/211/83 338/214/83 339/215/83 340/216/83
f 23/211/84 340/216/84 341/217/84 342/218/84
f 24/219/85 343/220/85 344/221/85 345/222/85
f 24/219/86 346/223/86 347/224/86 343/220/86
f 24/219/87 345/222/87 348/225/87 349/226/87
f 25/227/88 350/228/88 351/229/88 27/230/88
f 25/227/89 352/231/89 353/232/89 354/233/89
f 26/234/90 355/235/90 356/236/90 357/237/90
f 26/234/91 358/238/91 359/239/91 355/235/91
f 26/234/92 357/237/92 360/240/92 361/241/92
f 26/234/93 361/241/93 362/242/93 358/238/93
f 27/230/94 351/229/94 39/243/94 363/244/94
f 28/245/95 364/246/95 365/247/95 366/248/95
f 28/249/96 367/250/96 368/251/96 369/252/96
f 28/253/97 366/254/97 370/255/97 367/256/97
f 29/257/98 371/258/98 372/259/98 373/260/98
f 29/261/99 373/262/99 374/263/99 375/264/99
f 30/265/100 376/266/100 377/267/100 378/268/100
f 30/269/101 379/270/101 341/217/101 340/216/101
f 30/271/102 378/272/102 380/273/102 379/274/102
f 379/270/103 380/275/103 381/276/103 341/217/103
f 32/277/104 382/278/104 383/279/104 384/280/104
f 36/281/105 385/282/105 386/283/105 387/284/105
f 32/285/106 36/281/106 387/284/106 382/286/106
f 33/287/107 388/288/107 389/289/107 390/290/107
f 33/287/108 390/290/108 391/291/108 392/292/108
f 33/287/109 392/292/109 393/293/109 394/294/109
f 34/295/110 395/296/110 370/255/110 366/254/110
f 34/295/111 366/254/111 365/297/111 396/298/111
f 34/295/112 396/298/112 397/299/112 395/296/112
f 35/300/113 398/301/113 399/302/113 41/303/113
f 35/304/114 400/305/114 401/306/114 398/307/114
f 35/308/115 41/309/115 402/310/115 400/311/115
f 36/281/116 38/312/116 403/313/116 385/282/116
f 37/314/117 395/296/117 397/299/117 404/315/117
f 37/314/118 405/316/118 406/317/118 407/318/118
f 37/314/119 404/315/119 408/319/119 405/316/119
f 38/320/120 384/321/120 401/306/120 400/305/120
f 38/312/121 400/311/121 402/310/121 403/313/121
f 39/243/122 351/229/122 409/322/122 410/323/122
f 39/243/123 410/323/123 411/324/123 412/325/123
f 39/243/124 412/325/124 413/326/124 414/327/124
f 40/328/125 415/329/125 416/330/125 417/331/125
f 40/332/126 418/333/126 419/334/126 415/335/126
f 41/336/127 399/337/127 420/338/127 44/339/127
f 41/336/128 44/339/128 421/340/128 422/341/128
f 42/342/129 423/343/129 424/344/129 425/345/129
f 42/342/130 426/346/130 427/347/130 423/343/130
f 42/342/131 428/348/131 429/349/131 426/346/131
f 42/342/132 430/350/132 359/239/132 428/348/132
f 42/342/133 425/345/133 431/351/133 430/350/133
f 43/352/134 432/353/134 433/354/134 434/355/134
f 43/352/135 434/355/135 435/356/135 436/357/135
f 43/358/136 436/359/136 437/360/136 438/361/136
f 45/362/137 47/363/137 55/364/137 49/365/137
f 45/362/138 49/365/138 31/366/138 376/367/138
f 45/368/139 376/369/139 30/370/139 47/371/139
f 46/372/140 439/373/140 440/374/140 441/375/140
f 46/376/141 442/377/141 443/378/141 439/379/141
f 46/376/142 444/380/142 445/381/142 442/377/142
f 47/363/143 339/382/143 446/383/143 447/384/143
f 47/385/144 30/269/144 340/216/144 339/215/144
f 48/386/145 448/387/145 449/388/145 450/389/145
f 48/390/146 394/391/146 393/392/146 448/393/146
f 48/386/147 450/389/147 451/394/147 452/395/147
f 49/396/148 453/397/148 454/398/148 31/399/148
f 50/400/149 455/401/149 456/402/149 418/403/149
f 50/400/150 418/403/150 40/404/150 417/405/150
f 50/406/151 53/407/151 457/408/151 455/409/151
f 50/410/152 417/411/152 458/412/152 459/413/152
f 50/410/153 459/413/153 460/414/153 53/415/153
f 51/416/154 461/417/154 462/418/154 463/419/154
f 51/420/155 464/421/155 465/422/155 461/423/155
f 51/424/156 466/425/156 467/426/156 464/427/156
f 52/428/157 469/429/157 464/427/157 467/426/157
f 52/430/158 470/431/158 471/432/158 472/433/158
f 52/434/159 467/435/159 473/436/159 474/437/159
f 52/438/160 474/439/160 475/440/160 470/441/160
f 53/415/161 460/414/161 476/442/161 457/443/161
f 54/444/162 478/445/162 442/377/162 445/381/162
f 54/444/163 445/381/163 479/446/163 480/447/163
f 55/448/164 481/449/164 482/450/164 49/396/164
f 56/451/165 483/452/165 460/414/165 459/413/165
f 56/451/166 459/413/166 458/412/166 484/453/166
f 56/451/167 485/454/167 486/455/167 487/456/167
f 56/451/168 487/456/168 488/457/168 483/452/168
f 57/458/169 489/459/169 490/460/169 491/461/169
f 57/458/170 492/462/170 493/463/170 489/459/170
f 57/458/171 494/464/171 495/465/171 496/466/171
f 57/458/172 491/461/172 497/467/172 494/464/172
f 58/468/173 498/469/173 434/355/173 433/354/173
f 58/468/174 433/354/174 499/470/174 500/471/174
f 58/468/175 501/472/175 502/473/175 498/469/175
f 59/474/176 503/475/176 504/476/176 505/477/176
f 60/478/177 506/479/177 507/480/177 508/481/177
f 60/478/178 509/482/178 510/483/178 506/479/178
f 60/478/179 508/481/179 511/484/179 509/482/179
f 512/485/180 513/486/180 514/487/180 515/488/180
f 516/489/181 517/490/181 518/491/181 519/492/181
f 61/493/182 520/494/182 521/495/182 522/496/182
f 61/493/183 522/496/183 523/497/183 524/498/183
f 61/499/184 525/500/184 526/501/184 520/502/184
f 61/499/185 524/503/185 527/504/185 525/500/185
f 62/505/186 528/506/186 529/507/186 530/508/186
f 62/505/187 63/509/187 531/510/187 532/511/187
f 62/505/188 530/508/188 533/512/188 63/509/188
f 63/513/189 533/514/189 534/515/189 531/516/189
f 64/517/190 535/518/190 513/519/190 512/520/190
f 64/521/191 536/522/191 537/523/191 538/524/191
f 64/525/192 512/485/192 515/488/192 536/526/192
f 64/527/193 538/528/193 539/529/193 540/530/193
f 64/517/194 540/531/194 541/532/194 535/518/194
f 65/533/195 517/534/195 542/535/195 543/536/195
f 65/533/196 543/536/196 544/537/196 545/538/196
f 65/533/197 545/538/197 546/539/197 547/540/197
f 548/541/198 549/542/198 540/530/198 539/529/198
f 66/543/199 550/544/199 551/545/199 552/546/199
f 66/543/200 553/547/200 554/548/200 550/544/200
f 66/543/201 552/546/201 555/549/201 553/547/201
f 67/550/202 556/551/202 557/552/202 558/553/202
f 67/550/203 558/553/203 559/554/203 560/555/203
f 67/550/204 560/555/204 561/556/204 556/551/204
f 68/557/205 562/558/205 563/559/205 564/560/205
f 68/557/206 565/561/206 566/562/206 562/558/206
f 68/557/207 567/563/207 568/564/207 565/561/207
f 68/557/208 564/560/208 569/565/208 567/563/208
f 69/566/209 570/567/209 71/568/209 571/569/209
f 69/566/210 572/570/210 573/571/210 574/572/210
f 69/566/211 571/569/211 575/573/211 572/570/211
f 70/574/212 576/575/212 577/576/212 578/577/212
f 70/578/213 579/579/213 580/580/213 576/581/213
f 70/582/214 581/583/214 582/584/214 579/585/214
f 70/574/215 578/577/215 583/586/215 584/587/215
f 71/588/216 585/589/216 586/590/216 571/591/216
f 71/588/217 570/592/217 587/593/217 585/589/217
f 72/594/218 579/585/218 582/584/218 588/595/218
f 72/596/219 589/597/219 590/598/219 591/599/219
f 72/600/220 588/601/220 592/602/220 589/603/220
f 72/604/221 593/605/221 580/580/221 579/579/221
f 72/604/222 591/606/222 594/607/222 593/605/222
f 73/608/223 595/609/223 596/610/223 79/611/223
f 73/612/224 597/613/224 598/614/224 595/615/224
f 73/616/225 79/617/225 599/618/225 597/619/225
f 74/620/226 600/621/226 601/622/226 602/623/226
f 74/620/227 602/623/227 603/624/227 604/625/227
f 74/620/228 604/625/228 605/626/228 606/627/228
f 75/628/229 84/629/229 607/630/229 608/631/229
f 75/628/230 608/631/230 609/632/230 610/633/230
f 75/628/231 610/633/231 611/634/231 84/629/231
f 76/635/232 612/636/232 613/637/232 614/638/232
f 76/635/233 614/638/233 615/639/233 616/640/233
f 76/635/234 616/640/234 617/641/234 612/636/234
f 77/642/235 618/643/235 556/551/235 561/556/235
f 77/642/236 561/556/236 619/644/236 620/645/236
f 78/646/237 621/647/237 622/648/237 623/649/237
f 78/646/238 624/650/238 625/651/238 626/652/238
f 78/653/239 549/654/239 548/655/239 621/656/239
f 78/653/240 627/657/240 628/658/240 549/654/240
f 78/653/241 626/659/241 82/660/241 627/657/241
f 79/661/242 596/662/242 629/663/242 599/664/242
f 80/665/243 630/666/243 631/667/243 632/668/243
f 80/665/244 633/669/244 634/670/244 630/666/244
f 80/665/245 632/668/245 635/671/245 633/669/245
f 78/646/246 623/649/246 636/672/246 624/650/246
f 81/673/247 637/674/247 638/675/247 639/676/247
f 81/673/248 640/677/248 641/678/248 637/674/248
f 81/673/249 639/676/249 642/679/249 640/677/249
f 82/660/250 626/659/250 643/680/250 644/681/250
f 83/682/251 646/683/251 647/684/251 648/685/251
f 83/682/252 649/686/252 650/687/252 646/683/252
f 83/682/253 648/685/253 651/688/253 649/686/253
f 84/689/254 611/690/254 652/691/254 653/692/254
f 84/689/255 653/692/255 654/693/255 655/694/255
f 85/695/256 656/696/256 657/697/256 658/698/256
f 85/695/257 659/699/257 660/700/257 656/696/257
f 85/701/258 661/702/258 662/703/258 663/704/258
f 85/695/259 658/698/259 664/705/259 661/706/259
f 85/695/260 663/707/260 665/708/260 659/699/260
f 86/709/261 666/710/261 667/711/261 668/712/261
f 86/709/262 668/712/262 669/713/262 670/714/262
f 86/709/263 670/714/263 671/715/263 672/716/263
f 87/717/264 590/598/264 673/718/264 674/719/264
f 87/720/265 616/721/265 615/722/265 675/723/265
f 87/717/266 675/724/266 591/599/266 590/598/266
f 82/725/267 677/726/267 678/727/267 676/728/267
f 82/725/268 644/729/268 679/730/268 677/726/268
f 88/731/269 680/732/269 581/733/269 681/734/269
f 88/731/270 681/734/270 682/735/270 683/736/270
f 88/731/271 683/736/271 684/737/271 680/732/271
f 89/738/272 685/739/272 686/740/272 687/741/272
f 89/738/273 688/742/273 689/743/273 685/739/273
f 89/738/274 690/744/274 691/745/274 688/742/274
f 89/738/275 692/746/275 693/747/275 690/744/275
f 90/748/276 694/749/276 695/750/276 696/751/276
f 90/748/277 696/751/277 697/752/277 698/753/277
f 90/754/278 698/755/278 699/756/278 694/757/278
f 700/758/279 701/759/279 702/760/279 703/761/279
f 91/762/280 708/763/280 709/764/280 710/765/280
f 711/766/281 712/767/281 708/763/281 91/762/281
f 91/762/282 710/765/282 603/624/282 711/766/282
f 92/768/283 715/769/283 647/684/283 716/770/283
f 92/768/284 716/770/284 717/771/284 718/772/284
f 92/768/285 718/772/285 719/773/285 720/774/285
f 93/775/286 721/776/286 722/777/286 107/778/286
f 93/779/287 107/780/287 723/781/287 654/782/287
f 94/783/288 725/784/288 726/785/288 727/786/288
f 728/787/289 729/788/289 730/789/289 731/790/289
f 95/791/290 94/792/290 732/793/290 733/794/290
f 96/795/291 734/796/291 735/797/291 736/798/291
f 96/795/292 736/798/292 737/799/292 738/800/292
f 96/795/293 738/800/293 739/801/293 97/802/293
f 96/795/294 101/803/294 740/804/294 734/796/294
f 97/802/295 739/801/295 741/805/295 98/806/295
f 97/807/296 98/808/296 743/809/296 742/810/296
f 98/808/297 741/811/297 744/812/297 743/809/297
f 99/813/298 745/814/298 697/815/298 746/816/298
f 99/817/299 747/818/299 748/819/299 745/820/299
f 99/817/300 749/821/300 750/822/300 747/818/300
f 100/823/301 751/824/301 752/825/301 753/826/301
f 100/823/302 753/826/302 754/827/302 755/828/302
f 100/823/303 756/829/303 757/830/303 751/824/303
f 100/823/304 758/831/304 759/832/304 756/829/304
f 100/823/305 755/828/305 760/833/305 758/831/305
f 94/783/306 727/786/306 761/834/306 762/835/306
f 94/792/307 762/836/307 763/837/307 732/793/307
f 101/838/308 764/839/308 765/840/308 740/841/308
f 101/838/309 742/810/309 766/842/309 764/839/309
f 99/813/310 746/816/310 767/843/310 749/844/310
f 102/845/311 768/846/311 769/847/311 770/848/311
f 102/845/312 771/849/312 772/850/312 768/846/312
f 103/851/313 773/852/313 774/853/313 775/854/313
f 103/851/314 775/854/314 771/849/314 776/855/314
f 103/851/315 776/855/315 777/856/315 778/857/315
f 103/851/316 778/857/316 779/858/316 780/859/316
f 103/851/317 780/859/317 104/860/317 773/852/317
f 104/861/318 780/862/318 781/863/318 782/864/318
f 105/865/319 783/866/319 784/867/319 785/868/319
f 787/869/320 788/870/320 783/866/320 105/865/320
f 105/871/321 785/872/321 786/873/321 787/874/321
f 106/875/322 789/876/322 790/877/322 791/878/322
f 106/875/323 792/879/323 793/880/323 789/876/323
f 106/875/324 791/878/324 794/881/324 795/882/324
f 107/883/325 722/884/325 796/885/325 111/886/325
f 107/887/326 111/888/326 797/889/326 798/890/326
f 107/887/327 798/890/327 799/891/327 723/892/327
f 108/893/328 800/894/328 801/895/328 802/896/328
f 804/897/329 805/898/329 800/894/329 108/893/329
f 108/893/330 802/896/330 803/899/330 804/897/330
f 106/875/331 806/900/331 807/901/331 792/879/331
f 106/875/332 795/882/332 808/902/332 806/900/332
f 109/903/333 779/858/333 778/857/333 809/904/333
f 109/903/334 810/905/334 811/906/334 812/907/334
f 109/903/335 809/904/335 115/908/335 810/905/335
f 109/903/336 812/907/336 813/909/336 814/910/336
f 110/911/337 815/912/337 816/913/337 112/914/337
f 110/915/338 805/916/338 804/917/338 815/918/338
f 110/919/339 817/920/339 818/921/339 805/898/339
f 110/911/340 112/914/340 819/922/340 113/923/340
f 110/924/341 113/925/341 820/926/341 817/927/341
f 111/886/342 796/885/342 823/928/342 821/929/342
f 112/914/343 816/913/343 824/930/343 825/931/343
f 112/914/344 826/932/344 827/933/344 819/922/344
f 112/914/345 825/931/345 828/934/345 826/932/345
f 113/923/346 819/922/346 829/935/346 820/936/346
f 114/937/347 830/938/347 831/939/347 832/940/347
f 834/941/348 835/942/348 830/938/348 114/937/348
f 114/937/349 832/940/349 833/943/349 834/941/349
f 115/908/350 809/904/350 836/944/350 837/945/350
f 115/908/351 838/946/351 839/947/351 810/905/351
f 116/948/352 840/949/352 841/950/352 842/951/352
f 116/948/353 843/952/353 844/953/353 840/949/353
f 116/948/354 845/954/354 846/955/354 843/952/354
f 116/948/355 842/951/355 847/956/355 848/957/355
f 116/948/356 848/957/356 849/958/356 845/954/356
f 117/959/357 850/960/357 851/961/357 852/962/357
f 117/963/358 118/964/358 853/965/358 854/966/358
f 117/963/359 854/966/359 855/967/359 850/968/359
f 117/959/360 852/962/360 856/969/360 857/970/360
f 117/959/361 857/970/361 126/971/361 118/972/361
f 118/964/362 126/973/362 858/974/362 853/965/362
f 119/975/363 120/976/363 859/977/363 860/978/363
f 119/975/364 860/978/364 861/979/364 124/980/364
f 119/981/365 124/982/365 862/983/365 120/984/365
f 121/985/366 863/986/366 864/987/366 865/988/366
f 121/985/367 865/988/367 866/989/367 867/990/367
f 122/991/368 123/992/368 868/993/368 869/994/368
f 122/995/369 870/996/369 129/997/369 871/998/369
f 122/991/370 869/994/370 872/999/370 870/1000/370
f 122/991/371 873/1001/371 874/1002/371 123/992/371
f 122/1003/372 871/1004/372 875/1005/372 873/1006/372
f 123/1007/373 874/1008/373 847/956/373 868/1009/373
f 124/980/374 861/979/374 876/1010/374 877/1011/374
f 124/980/375 877/1011/375 878/1012/375 879/1013/375
f 125/1014/376 822/1015/376 880/1016/376 881/1017/376
f 125/1018/377 882/1019/377 797/889/377 111/888/377
f 126/973/378 131/1020/378 883/1021/378 858/974/378
f 126/971/379 857/970/379 884/1022/379 885/1023/379
f 126/971/380 885/1023/380 886/1024/380 131/1025/380
f 127/1026/381 887/1027/381 849/1028/381 888/1029/381
f 127/1030/382 888/1031/382 889/1032/382 890/1033/382
f 127/1026/383 891/1034/383 892/1035/383 887/1027/383
f 127/1036/384 893/1037/384 894/1038/384 891/1039/384
f 127/1040/385 890/1041/385 140/1042/385 893/1043/385
f 128/1044/386 874/1045/386 873/1006/386 895/1046/386
f 128/1047/387 848/957/387 847/956/387 874/1008/387
f 128/1048/388 888/1029/388 849/1028/388 848/1049/388
f 128/1044/389 895/1046/389 896/1050/389 897/1051/389
f 128/1044/390 897/1051/390 889/1032/390 888/1031/390
f 129/1052/391 870/1000/391 898/1053/391 899/1054/391
f 129/997/392 899/1055/392 900/1056/392 871/998/392
f 125/1057/393 901/1058/393 902/1059/393 882/1060/393
f 132/1061/394 903/1062/394 904/1063/394 905/1064/394
f 130/1065/395 866/1066/395 906/1067/395 907/1068/395
f 130/1069/396 908/1070/396 867/1071/396 866/1072/396
f 130/1073/397 907/1074/397 909/1075/397 908/1076/397
f 131/1020/398 886/1077/398 910/1078/398 883/1021/398
f 125/1079/399 881/1080/399 134/1081/399 901/1082/399
f 132/1083/400 911/1084/400 912/1085/400 903/1086/400
f 132/1087/401 913/1088/401 914/1089/401 911/1090/401
f 132/1061/402 905/1064/402 915/1091/402 913/1092/402
f 133/1093/403 916/1094/403 917/1095/403 918/1096/403
f 133/1093/404 919/1097/404 920/1098/404 916/1094/404
f 133/1093/405 918/1096/405 921/1099/405 919/1097/405
f 134/1100/406 922/1101/406 135/1102/406 901/1103/406
f 134/1104/407 881/1017/407 923/1105/407 922/1106/407
f 135/1102/408 928/1107/408 137/1108/408 929/1109/408
f 135/1110/409 929/1111/409 902/1059/409 901/1058/409
f 136/1112/410 930/1113/410 931/1114/410 932/1115/410
f 136/1116/411 933/1117/411 934/1118/411 930/1119/411
f 136/1120/412 932/1121/412 935/1122/412 933/1123/412
f 137/1108/413 936/1124/413 937/1125/413 929/1109/413
f 137/1108/414 928/1107/414 938/1126/414 936/1124/414
f 138/1127/415 915/1091/415 939/1128/415 940/1129/415
f 138/1127/416 940/1129/416 941/1130/416 942/1131/416
f 138/1132/417 942/1133/417 943/1134/417 944/1135/417
f 138/1136/418 945/1137/418 913/1138/418 915/1139/418
f 139/1140/419 946/1141/419 947/1142/419 948/1143/419
f 139/1144/420 949/1145/420 950/1146/420 951/1147/420
f 139/1144/421 951/1147/421 952/1148/421 946/1149/421
f 140/1042/422 890/1041/422 953/1150/422 954/1151/422
f 140/1042/423 954/1151/423 955/1152/423 956/1153/423
f 140/1042/424 956/1153/424 950/1154/424 957/1155/424
f 140/1156/425 957/1157/425 958/1158/425 893/1037/425
f 141/1159/426 959/1160/426 960/1161/426 961/1162/426
f 141/1159/427 961/1162/427 962/1163/427 963/1164/427
f 142/1165/428 964/1166/428 965/1167/428 966/1168/428
f 142/1169/429 967/1170/429 968/1171/429 964/1172/429
f 142/1169/430 966/1173/430 969/1174/430 967/1170/430
f 143/1175/431 961/1176/431 960/1177/431 970/1178/431
f 143/1175/432 970/1178/432 971/1179/432 972/1180/432
f 143/1175/433 972/1180/433 973/1181/433 974/1182/433
f 143/1183/434 974/1184/434 975/1185/434 976/1186/434
f 143/1183/435 976/1186/435 962/1163/435 961/1162/435
f 144/1187/436 977/1188/436 978/1189/436 979/1190/436
f 144/1187/437 979/1190/437 980/1191/437 981/1192/437
f 144/1187/438 982/1193/438 983/1194/438 977/1188/438
f 144/1195/439 981/1196/439 984/1197/439 985/1198/439
f 144/1199/440 985/1200/440 986/1201/440 982/1202/440
f 145/1203/441 987/1204/441 988/1205/441 989/1206/441
f 145/1207/442 990/1208/442 991/1209/442 992/1210/442
f 145/1207/443 992/1210/443 993/1211/443 987/1212/443
f 146/1213/444 994/1214/444 995/1215/444 150/1216/444
f 146/1217/445 996/1218/445 997/1219/445 994/1220/445
f 146/1221/446 998/1222/446 999/1223/446 996/1224/446
f 146/1221/447 1000/1225/447 152/1226/447 998/1222/447
f 146/1227/448 150/1228/448 1001/1229/448 1000/1230/448
f 147/1231/449 1002/1232/449 1003/1233/449 1004/1234/449
f 147/1231/450 1005/1235/450 1006/1236/450 1002/1232/450
f 147/1231/451 1004/1234/451 1007/1237/451 1008/1238/451
f 147/1231/452 1008/1238/452 1009/1239/452 1010/1240/452
f 147/1231/453 1010/1240/453 1011/1241/453 1005/1235/453
f 148/1242/454 1012/1243/454 1013/1244/454 1014/1245/454
f 148/1246/455 1014/1247/455 1015/1248/455 1016/1249/455
f 148/1242/456 1017/1250/456 1018/1251/456 1012/1243/456
f 149/1252/457 1019/1253/457 1020/1254/457 1021/1255/457
f 149/1252/458 1021/1255/458 1022/1256/458 1023/1257/458
f 149/1252/459 1023/1257/459 973/1181/459 1019/1253/459
f 150/1216/460 995/1215/460 1024/1258/460 1025/1259/460
f 150/1228/461 1025/1260/461 1026/1261/461 151/1262/461
f 150/1228/462 151/1262/462 1027/1263/462 1001/1229/462
f 151/1262/463 1026/1261/463 1028/1264/463 1027/1263/463
f 152/1226/464 1029/1265/464 1030/1266/464 998/1222/464
f 152/1226/465 1031/1267/465 1032/1268/465 1033/1269/465
f 152/1226/466 1033/1269/466 1034/1270/466 1029/1265/466
f 152/1271/467 1000/1230/467 1035/1272/467 1031/1273/467
f 153/1274/468 1036/1275/468 1037/1276/468 1038/1277/468
f 153/1274/469 1038/1277/469 1009/1239/469 1008/1238/469
f 153/1274/470 1008/1238/470 1007/1237/470 1036/1275/470
f 154/1278/471 1039/1279/471 1040/1280/471 156/1281/471
f 154/1282/472 1041/1283/472 1042/1284/472 1039/1285/472
f 154/1278/473 156/1281/473 1043/1286/473 1041/1287/473
f 155/1288/474 135/1102/474 922/1101/474 160/1289/474
f 155/1288/475 1044/1290/475 928/1107/475 135/1102/475
f 155/1288/476 160/1289/476 159/1291/476 158/1292/476
f 155/1288/477 1045/1293/477 1046/1294/477 1044/1290/477
f 156/1281/478 1040/1280/478 1047/1295/478 1048/1296/478
f 157/1297/479 1049/1298/479 1050/1299/479 1051/1300/479
f 157/1297/480 1051/1300/480 1052/1301/480 1053/1302/480
f 157/1297/481 1053/1302/481 1054/1303/481 1049/1298/481
f 159/1304/482 923/1105/482 1055/1305/482 167/1306/482
f 158/1292/483 159/1291/483 167/1307/483 168/1308/483
f 159/1304/484 160/1309/484 922/1106/484 923/1105/484
f 161/1310/485 1056/1311/485 1057/1312/485 1058/1313/485
f 161/1310/486 1058/1313/486 1059/1314/486 164/1315/486
f 161/1310/487 1060/1316/487 1061/1317/487 1056/1311/487
f 161/1310/488 164/1315/488 1062/1318/488 1063/1319/488
f 161/1310/489 1063/1319/489 1064/1320/489 1060/1316/489
f 162/1321/490 1065/1322/490 1066/1323/490 1067/1324/490
f 162/1321/491 1067/1324/491 1068/1325/491 1069/1326/491
f 162/1321/492 1069/1326/492 1070/1327/492 1071/1328/492
f 163/1329/493 1072/1330/493 1073/1331/493 1074/1332/493
f 163/1329/494 1075/1333/494 1076/1334/494 1072/1330/494
f 163/1329/495 1077/1335/495 1078/1336/495 1075/1333/495
f 163/1329/496 1074/1332/496 1079/1337/496 1080/1338/496
f 163/1329/497 1080/1338/497 1081/1339/497 1077/1335/497
f 164/1340/498 1059/1341/498 1082/1342/498 1083/1343/498
f 164/1340/499 1083/1343/499 170/1344/499 1084/1345/499
f 164/1346/500 1084/1347/500 1085/1348/500 1062/1349/500
f 165/1350/501 1086/1351/501 1087/1352/501 1088/1353/501
f 165/1350/502 1089/1354/502 1090/1355/502 1086/1351/502
f 165/1350/503 1091/1356/503 1092/1357/503 1089/1354/503
f 165/1350/504 1088/1353/504 1093/1358/504 1094/1359/504
f 166/1360/505 1095/1361/505 1096/1362/505 1097/1363/505
f 166/1360/506 1098/1364/506 1099/1365/506 1095/1361/506
f 166/1360/507 1100/1366/507 173/1367/507 1098/1364/507
f 1101/1368/508 1043/1369/508 1102/1370/508 1103/1371/508
f 167/1372/509 1104/1373/509 1105/1374/509 168/1375/509
f 166/1360/510 1097/1363/510 1106/1376/510 1100/1366/510
f 168/1375/511 1105/1374/511 1107/1377/511 190/1378/511
f 168/1308/512 190/1379/512 1108/1380/512 1045/1293/512
f 169/1381/513 1109/1382/513 1110/1383/513 1111/1384/513
f 169/1381/514 1111/1384/514 1112/1385/514 1113/1386/514
f 169/1381/515 1113/1386/515 1114/1387/515 1109/1382/515
f 170/1388/516 1115/1389/516 1116/1390/516 1117/1391/516
f 170/1388/517 1117/1391/517 1118/1392/517 1084/1393/517
f 171/1394/518 1093/1358/518 1088/1353/518 1119/1395/518
f 171/1394/519 1119/1395/519 1120/1396/519 1121/1397/519
f 171/1394/520 1121/1397/520 1122/1398/520 1123/1399/520
f 171/1394/521 180/1400/521 1124/1401/521 1093/1358/521
f 171/1402/522 1123/1403/522 187/1404/522 180/1405/522
f 172/1406/523 1125/1407/523 1126/1408/523 1127/1409/523
f 172/1406/524 1127/1409/524 180/1410/524 1128/1411/524
f 172/1406/525 1068/1412/525 1129/1413/525 1125/1407/525
f 172/1406/526 1130/1414/526 1069/1415/526 1068/1412/526
f 172/1406/527 1128/1411/527 1131/1416/527 1130/1414/527
f 173/1367/528 1132/1417/528 1133/1418/528 1134/1419/528
f 174/1420/529 1135/1421/529 1136/1422/529 1137/1423/529
f 174/1420/530 1137/1423/530 1138/1424/530 1139/1425/530
f 174/1420/531 1139/1425/531 1140/1426/531 1135/1421/531
f 175/1427/532 1118/1392/532 1141/1428/532 1142/1429/532
f 175/1427/533 1085/1430/533 1084/1393/533 1118/1392/533
f 175/1427/534 1143/1431/534 1144/1432/534 1085/1430/534
f 175/1427/535 1142/1429/535 1145/1433/535 1146/1434/535
f 175/1427/536 1146/1434/536 1147/1435/536 1143/1431/536
f 176/1436/537 1148/1437/537 1149/1438/537 1150/1439/537
f 176/1440/538 1150/1441/538 1151/1442/538 1152/1443/538
f 176/1440/539 1152/1443/539 1153/1444/539 1148/1445/539
f 177/1446/540 1154/1447/540 1155/1448/540 1151/1449/540
f 177/1450/541 1151/1442/541 1150/1441/541 1156/1451/541
f 177/1452/542 1156/1453/542 1157/1454/542 1154/1455/542
f 178/1456/543 1158/1457/543 1103/1458/543 1102/1459/543
f 178/1456/544 1102/1459/544 1159/1460/544 183/1461/544
f 178/1456/545 182/1462/545 186/1463/545 1160/1464/545
f 178/1456/546 1160/1464/546 1161/1465/546 1158/1457/546
f 179/1466/547 1162/1467/547 1163/1468/547 1124/1469/547
f 179/1470/548 1124/1471/548 180/1410/548 1127/1409/548
f 179/1472/549 1127/1473/549 1126/1474/549 1162/1475/549
f 180/1410/550 187/1476/550 1164/1477/550 1128/1411/550
f 181/1478/551 1165/1479/551 1147/1435/551 1166/1480/551
f 181/1478/552 1167/1481/552 1168/1482/552 1165/1479/552
f 181/1478/553 1166/1480/553 1169/1483/553 1167/1481/553
f 182/1484/554 178/1485/554 1170/1486/554 1171/1487/554
f 182/1488/555 1171/1489/555 1172/1490/555 186/1491/555
f 183/1492/556 1108/1493/556 1170/1494/556 178/1495/556
f 183/1461/557 1159/1460/557 1173/1496/557 1174/1497/557
f 184/1498/558 1175/1499/558 1176/1500/558 188/1501/558
f 184/1498/559 1177/1502/559 1178/1503/559 1175/1499/559
f 184/1504/560 188/1505/560 1179/1506/560 1177/1507/560
f 185/1508/561 1180/1509/561 1181/1510/561 189/1511/561
f 185/1508/562 1182/1512/562 1183/1513/562 1180/1509/562
f 185/1514/563 189/1515/563 1184/1516/563 1182/1517/563
f 186/1463/564 1172/1518/564 1133/1418/564 1160/1464/564
f 187/1476/565 1123/1519/565 1185/1520/565 1164/1477/565
f 188/1521/566 1176/1522/566 1186/1523/566 1179/1524/566
f 189/1515/567 1187/1525/567 1188/1526/567 1184/1516/567
f 189/1511/568 1181/1510/568 1189/1527/568 1190/1528/568
f 189/1515/569 1190/1529/569 1191/1530/569 1187/1525/569
f 191/1531/570 1192/1532/570 1193/1533/570 1194/1534/570
f 191/1531/571 1194/1534/571 1195/1535/571 1196/1536/571
f 191/1531/572 1196/1536/572 1197/1537/572 1192/1532/572
f 192/1538/573 1198/1539/573 1199/1540/573 1200/1541/573
f 192/1542/574 1200/1543/574 1201/1544/574 1202/1545/574
f 192/1542/575 1202/1545/575 1203/1546/575 1198/1547/575
f 193/1548/576 1204/1549/576 1205/1550/576 1206/1551/576
f 193/1548/577 1206/1551/577 1207/1552/577 1208/1553/577
f 193/1548/578 1208/1553/578 1209/1554/578 1204/1549/578
f 194/1555/579 1210/1556/579 1211/1557/579 1212/1558/579
f 194/1555/580 1212/1558/580 1213/1559/580 1214/1560/580
f 194/1555/581 1214/1560/581 1215/1561/581 1210/1556/581
f 1215/1561/582 1214/1560/582 1207/1562/582 1206/1563/582
f 1215/1561/583 1206/1563/583 1205/1564/583 1216/1565/583
f 1215/1561/584 1216/1565/584 1217/1566/584 1210/1556/584
f 1217/1566/585 1218/1567/585 1211/1557/585 1210/1556/585
f 1217/1566/586 1216/1565/586 1219/1568/586 1220/1569/586
f 1217/1566/587 1220/1569/587 1221/1570/587 1218/1567/587
f 1221/1570/588 1222/1571/588 1223/1572/588 1218/1567/588
f 1221/1570/589 1220/1569/589 1224/1573/589 1225/1574/589
f 1221/1570/590 1225/1574/590 1226/1575/590 1222/1571/590
f 1226/1575/591 1227/1576/591 1228/1577/591 1222/1571/591
f 1226/1575/592 1225/1574/592 1229/1578/592 1230/1579/592
f 1226/1575/593 1230/1579/593 1231/1580/593 1227/1576/593
f 1231/1581/594 1232/1582/594 1233/1583/594 1227/1584/594
f 1231/1580/595 1230/1579/595 1234/1585/595 1115/1389/595
f 1231/1580/596 1115/1389/596 170/1388/596 1232/1586/596
f 1234/1585/597 1230/1579/597 1229/1578/597 1235/1587/597
f 1234/1585/598 1235/1587/598 1236/1588/598 1237/1589/598
f 1234/1585/599 1237/1589/599 1116/1390/599 1115/1389/599
f 1237/1589/600 1236/1588/600 1238/1590/600 1239/1591/600
f 1237/1589/601 1239/1591/601 1240/1592/601 1116/1390/601
f 1240/1592/602 1241/1593/602 1117/1391/602 1116/1390/602
f 1240/1592/603 1239/1591/603 1242/1594/603 1243/1595/603
f 1240/1592/604 1243/1595/604 1244/1596/604 1241/1593/604
f 1244/1596/605 1245/1597/605 1141/1428/605 1241/1593/605
f 1244/1596/606 1243/1595/606 1126/1598/606 1125/1599/606
f 1244/1596/607 1125/1599/607 1129/1600/607 1245/1597/607
f 1245/1597/608 1246/1601/608 1142/1429/608 1141/1428/608
f 1245/1597/609 1129/1600/609 1247/1602/609 1246/1601/609
f 1247/1602/610 1248/1603/610 1249/1604/610 1246/1601/610
f 1247/1602/611 1129/1600/611 1068/1325/611 1067/1324/611
f 1247/1602/612 1067/1324/612 1066/1323/612 1248/1603/612
f 1249/1604/613 1250/1605/613 1251/1606/613 1145/1433/613
f 1249/1604/614 1145/1433/614 1142/1429/614 1246/1601/614
f 1249/1604/615 1248/1603/615 1252/1607/615 1250/1605/615
f 1252/1607/616 1253/1608/616 1254/1609/616 1250/1605/616
f 1252/1607/617 1248/1603/617 1066/1323/617 1255/1610/617
f 1252/1607/618 1255/1610/618 1256/1611/618 1253/1608/618
f 1256/1612/619 1257/1613/619 1258/1614/619 1253/1615/619
f 1256/1611/620 1255/1610/620 1259/1616/620 1260/1617/620
f 1256/1612/621 1260/1618/621 1261/1619/621 1257/1613/621
f 1261/1619/622 1262/1620/622 1263/1621/622 1257/1613/622
f 1261/1619/623 1260/1618/623 1264/1622/623 1265/1623/623
f 1261/1619/624 1265/1623/624 1266/1624/624 1262/1620/624
f 1266/1624/625 1267/1625/625 1268/1626/625 1262/1620/625
f 1266/1624/626 1265/1623/626 1269/1627/626 1270/1628/626
f 1266/1624/627 1270/1628/627 1271/1629/627 1267/1625/627
f 1271/1629/628 1272/1630/628 1273/1631/628 1267/1625/628
f 1271/1629/629 1270/1628/629 1274/1632/629 1275/1633/629
f 1271/1629/630 1275/1633/630 1276/1634/630 1272/1630/630
f 1276/1634/631 1277/1635/631 1278/1636/631 1272/1630/631
f 1276/1634/632 1275/1633/632 1279/1637/632 1280/1638/632
f 1276/1634/633 1280/1638/633 1281/1639/633 1277/1635/633
f 1281/1639/634 1282/1640/634 1283/1641/634 1277/1635/634
f 1281/1639/635 1280/1638/635 1284/1642/635 1285/1643/635
f 1281/1639/636 1285/1643/636 1286/1644/636 1282/1640/636
f 1286/1644/637 1287/1645/637 1288/1646/637 1282/1640/637
f 1286/1644/638 1285/1643/638 940/1129/638 939/1128/638
f 1286/1644/639 939/1128/639 1289/1647/639 1287/1645/639
f 1289/1647/640 1290/1648/640 786/873/640 1287/1645/640
f 1289/1647/641 939/1128/641 915/1091/641 905/1064/641
f 1289/1647/642 905/1064/642 904/1063/642 1290/1648/642
f 1290/1648/643 1291/1649/643 787/874/643 786/873/643
f 1290/1648/644 904/1063/644 1292/1650/644 1291/1649/644
f 1292/1650/645 808/902/645 795/882/645 1291/1649/645
f 1292/1650/646 904/1063/646 903/1062/646 1293/1651/646
f 1292/1650/647 1293/1651/647 1294/1652/647 808/902/647
f 1294/1652/648 1295/1653/648 806/900/648 808/902/648
f 1294/1654/649 1293/1655/649 1296/1656/649 1297/1657/649
f 1294/1654/650 1297/1657/650 1298/1658/650 1295/1659/650
f 1298/1658/651 1297/1657/651 1299/1660/651 1300/1661/651
f 1298/1662/652 1300/1663/652 1301/1664/652 1302/1665/652
f 1298/1662/653 1302/1665/653 1303/1666/653 1295/1667/653
f 1303/1668/654 1304/1669/654 1305/1670/654 807/901/654
f 1303/1668/655 807/901/655 806/900/655 1295/1653/655
f 1303/1666/656 1302/1665/656 1306/1671/656 1304/1672/656
f 1306/1671/657 1302/1665/657 1301/1664/657 1307/1673/657
f 1306/1671/658 1307/1673/658 1308/1674/658 1309/1675/658
f 1306/1671/659 1309/1675/659 1310/1676/659 1304/1672/659
f 1310/1676/660 1311/1677/660 1312/1678/660 1313/1679/660
f 1310/1680/661 1313/1681/661 1305/1670/661 1304/1669/661
f 1310/1676/662 1309/1675/662 1314/1682/662 1311/1677/662
f 1314/1682/663 1309/1675/663 1308/1674/663 1315/1683/663
f 1314/1682/664 1315/1683/664 831/939/664 830/938/664
f 1314/1682/665 830/938/665 835/942/665 1311/1677/665
f 1315/1683/666 1308/1674/666 1316/1684/666 1317/1685/666
f 1315/1683/667 1317/1685/667 1318/1686/667 831/939/667
f 1318/1686/668 1317/1685/668 1319/1687/668 1320/1688/668
f 1318/1686/669 1320/1688/669 1321/1689/669 1322/1690/669
f 1318/1686/670 1322/1690/670 832/940/670 831/939/670
f 1322/1690/671 1321/1689/671 1323/1691/671 1324/1692/671
f 1322/1690/672 1324/1692/672 1325/1693/672 832/940/672
f 1325/1693/673 1326/1694/673 833/943/673 832/940/673
f 1325/1693/674 1324/1692/674 1327/1695/674 1328/1696/674
f 1325/1693/675 1328/1696/675 1329/1697/675 1326/1694/675
f 1329/1697/676 1330/1698/676 1331/1699/676 1326/1694/676
f 1329/1697/677 1328/1696/677 1332/1700/677 1333/1701/677
f 1329/1697/678 1333/1701/678 1334/1702/678 1330/1698/678
f 1334/1703/679 1335/1704/679 1336/1705/679 1330/1706/679
f 1334/1703/680 1333/1707/680 1337/1708/680 1338/1709/680
f 1334/1703/681 1338/1709/681 1339/1710/681 1335/1704/681
f 1339/1710/682 1340/1711/682 1341/1712/682 1335/1704/682
f 1339/1710/683 1338/1709/683 1342/1713/683 1343/1714/683
f 1339/1715/684 1343/1716/684 1344/1717/684 1340/1718/684
f 1344/1717/685 1345/1719/685 1346/1720/685 1340/1718/685
f 1344/1717/686 1343/1716/686 1347/1721/686 1348/1722/686
f 1344/1717/687 1348/1722/687 1349/1723/687 1345/1719/687
f 1349/1723/688 1350/1724/688 1351/1725/688 1345/1719/688
f 1349/1723/689 1348/1722/689 1352/1726/689 1353/1727/689
f 1349/1723/690 1353/1727/690 1354/1728/690 1350/1724/690
f 1354/1728/691 1355/1729/691 1356/1730/691 1350/1724/691
f 1354/1728/692 1353/1727/692 1357/1731/692 1358/1732/692
f 1354/1728/693 1358/1732/693 1359/1733/693 1355/1729/693
f 1359/1733/694 1360/1734/694 1361/1735/694 1355/1729/694
f 1359/1733/695 1358/1732/695 1362/1736/695 1363/1737/695
f 1359/1733/696 1363/1737/696 1364/1738/696 1360/1734/696
f 1364/1738/697 1365/1739/697 1366/1740/697 1360/1734/697
f 1364/1741/698 1363/1742/698 1367/1743/698 1368/1744/698
f 1364/1745/699 1368/1746/699 1369/1747/699 1365/1748/699
f 1369/1747/700 1370/1749/700 1371/1750/700 1365/1748/700
f 1369/1747/701 1368/1746/701 1372/1751/701 1373/1752/701
f 1369/1747/702 1373/1752/702 1374/1753/702 1370/1749/702
f 1374/1753/703 1375/1754/703 1376/1755/703 1370/1749/703
f 1374/1753/704 1373/1752/704 1377/1756/704 1378/1757/704
f 1374/1753/705 1378/1757/705 1379/1758/705 1375/1754/705
f 1379/1758/706 1380/1759/706 1381/1760/706 1375/1754/706
f 1379/1758/707 1378/1757/707 1382/1761/707 1383/1762/707
f 1379/1758/708 1383/1762/708 1384/1763/708 1380/1759/708
f 1384/1763/709 1385/1764/709 1386/1765/709 1380/1759/709
f 1384/1763/710 1383/1762/710 1387/1766/710 1388/1767/710
f 1384/1768/711 1388/1769/711 1389/1770/711 1385/1771/711
f 1389/1770/712 1390/1772/712 1391/1773/712 1385/1771/712
f 1389/1770/713 1388/1769/713 1392/1774/713 1393/1775/713
f 1389/1770/714 1393/1775/714 1394/1776/714 1390/1772/714
f 1394/1776/715 1395/1777/715 1396/1778/715 1390/1772/715
f 1394/1776/716 1393/1775/716 1397/1779/716 1398/1780/716
f 1394/1776/717 1398/1780/717 1399/1781/717 1395/1777/717
f 1399/1781/718 1400/1782/718 1401/1783/718 1395/1777/718
f 1399/1781/719 1398/1780/719 1402/1784/719 1403/1785/719
f 1399/1781/720 1403/1785/720 1404/1786/720 1400/1782/720
f 1404/1786/721 1405/1787/721 1406/1788/721 1400/1782/721
f 1404/1786/722 1403/1785/722 1407/1789/722 1408/1790/722
f 1404/1786/723 1408/1790/723 1409/1791/723 1405/1787/723
f 1409/1791/724 1410/1792/724 1411/1793/724 1405/1787/724
f 1409/1791/725 1408/1790/725 1412/1794/725 1413/1795/725
f 1409/1791/726 1413/1795/726 1414/1796/726 1410/1792/726
f 1414/1796/727 1415/1797/727 1416/1798/727 1410/1792/727
f 1414/1799/728 1413/1800/728 1417/1801/728 1418/1802/728
f 1414/1799/729 1418/1802/729 1419/1803/729 1415/1804/729
f 1419/1803/730 1420/1805/730 1421/1806/730 1415/1804/730
f 1419/1803/731 1418/1802/731 1422/1807/731 1423/1808/731
f 1419/1803/732 1423/1808/732 1424/1809/732 1420/1805/732
f 1424/1809/733 1425/1810/733 1426/1811/733 1420/1805/733
f 1424/1809/734 1423/1808/734 1427/1812/734 1428/1813/734
f 1424/1809/735 1428/1813/735 1429/1814/735 1425/1810/735
f 1429/1815/736 1081/1339/736 1430/1816/736 1425/1817/736
f 1429/1814/737 1428/1813/737 1431/1818/737 1432/1819/737
f 1429/1815/738 1432/1820/738 1077/1335/738 1081/1339/738
f 1432/1819/739 1431/1818/739 1433/1821/739 1434/1822/739
f 1432/1819/740 1434/1822/740 1078/1823/740 1077/1824/740
f 1434/1822/741 1433/1821/741 1435/1825/741 1436/1826/741
f 1434/1822/742 1436/1826/742 1437/1827/742 1078/1823/742
f 1437/1827/743 1438/1828/743 1075/1829/743 1078/1823/743
f 1437/1827/744 1436/1826/744 1439/1830/744 1440/1831/744
f 1437/1827/745 1440/1831/745 1441/1832/745 1438/1828/745
f 1441/1832/746 1442/1833/746 1443/1834/746 1438/1828/746
f 1441/1832/747 1440/1831/747 1444/1835/747 1445/1836/747
f 1441/1832/748 1445/1836/748 1446/1837/748 1442/1833/748
f 1446/1838/749 1447/1839/749 1448/1840/749 1442/1841/749
f 1446/1837/750 1445/1836/750 1449/1842/750 937/1843/750
f 1446/1838/751 937/1125/751 936/1124/751 1447/1839/751
f 1449/1842/752 1445/1836/752 1444/1835/752 1450/1844/752
f 1449/1845/753 1450/1846/753 882/1060/753 902/1059/753
f 1449/1845/754 902/1059/754 929/1111/754 937/1847/754
f 1450/1844/755 1444/1835/755 1451/1848/755 1452/1849/755
f 1450/1846/756 1452/1850/756 797/1851/756 882/1060/756
f 1452/1849/757 1451/1848/757 1453/1852/757 1454/1853/757
f 1452/1849/758 1454/1853/758 798/890/758 797/889/758
f 1454/1853/759 1453/1852/759 1455/1854/759 1456/1855/759
f 1454/1853/760 1456/1855/760 799/891/760 798/890/760
f 1456/1855/761 1455/1854/761 1457/1856/761 1458/1857/761
f 1456/1855/762 1458/1857/762 655/1858/762 799/891/762
f 1458/1857/763 1457/1856/763 1459/1859/763 607/630/763
f 1458/1857/764 607/630/764 84/629/764 655/1858/764
f 1459/1859/765 1457/1856/765 1460/1860/765 1461/1861/765
f 1459/1859/766 1461/1861/766 1462/1862/766 1463/1863/766
f 1459/1859/767 1463/1863/767 608/631/767 607/630/767
f 1463/1863/768 1462/1862/768 1464/1864/768 1465/1865/768
f 1463/1863/769 1465/1865/769 609/632/769 608/631/769
f 1465/1865/770 1464/1864/770 650/687/770 1466/1866/770
f 1465/1865/771 1466/1866/771 1467/1867/771 609/632/771
f 1467/1867/772 1466/1866/772 1468/1868/772 1469/1869/772
f 1467/1867/773 1469/1869/773 1470/1870/773 1471/1871/773
f 1467/1867/774 1471/1871/774 610/633/774 609/632/774
f 1471/1871/775 1470/1870/775 1472/1872/775 1473/1873/775
f 1471/1871/776 1473/1873/776 611/634/776 610/633/776
f 1473/1873/777 1472/1872/777 1474/1874/777 1475/1875/777
f 1473/1873/778 1475/1875/778 652/1876/778 611/634/778
f 1475/1875/779 1474/1874/779 1476/1877/779 1477/1878/779
f 1475/1875/780 1477/1878/780 1478/1879/780 652/1876/780
f 1478/1879/781 714/1880/781 653/1881/781 652/1876/781
f 1478/1879/782 1477/1878/782 1479/1882/782 1480/1883/782
f 1478/1879/783 1480/1883/783 713/1884/783 714/1880/783
f 1480/1885/784 1479/1886/784 563/559/784 562/558/784
f 1480/1885/785 562/558/785 566/562/785 713/1887/785
f 1479/1882/786 1477/1878/786 1476/1877/786 1481/1888/786
f 1479/1886/787 1481/1889/787 1482/1890/787 563/559/787
f 1482/1890/788 1481/1889/788 421/1891/788 1483/1892/788
f 1482/1890/789 1483/1892/789 453/397/789 1484/1893/789
f 1482/1890/790 1484/1893/790 564/560/790 563/559/790
f 1484/1893/791 453/397/791 49/396/791 482/450/791
f 1484/1893/792 482/450/792 569/565/792 564/560/792
f 1483/1892/793 421/1891/793 44/1894/793 420/1895/793
f 1483/1892/794 420/1895/794 454/398/794 453/397/794
f 1481/1888/795 1476/1877/795 422/341/795 421/340/795
f 1476/1896/796 1474/1897/796 1485/1898/796 422/1899/796
f 1485/1898/797 1474/1897/797 1472/1900/797 1486/1901/797
f 1485/1898/798 1486/1901/798 403/313/798 402/310/798
f 1485/1898/799 402/310/799 41/309/799 422/1899/799
f 1486/1901/800 1472/1900/800 1470/1902/800 1487/1903/800
f 1486/1901/801 1487/1903/801 385/282/801 403/313/801
f 1487/1903/802 1470/1902/802 1469/1904/802 1488/1905/802
f 1487/1903/803 1488/1905/803 386/283/803 385/282/803
f 1488/1906/804 1469/1869/804 1468/1868/804 1489/1907/804
f 1488/1905/805 1489/1908/805 1490/1909/805 386/283/805
f 1490/1909/806 1489/1908/806 651/1910/806 1491/1911/806
f 1490/1909/807 1491/1911/807 1492/1912/807 1493/1913/807
f 1490/1909/808 1493/1913/808 387/284/808 386/283/808
f 1493/1913/809 1492/1912/809 1494/1914/809 1495/1915/809
f 1493/1913/810 1495/1915/810 334/209/810 387/284/810
f 1495/1915/811 1494/1914/811 1496/1916/811 1497/1917/811
f 1495/1915/812 1497/1917/812 335/210/812 334/209/812
f 1497/1917/813 1496/1916/813 1498/1918/813 1499/1919/813
f 1497/1917/814 1499/1919/814 1500/1920/814 335/210/814
f 1500/1920/815 1499/1919/815 1501/1921/815 1502/1922/815
f 1500/1920/816 1502/1922/816 1503/1923/816 1504/1924/816
f 1500/1920/817 1504/1924/817 331/206/817 335/210/817
f 1504/1924/818 1503/1923/818 1505/1925/818 1506/1926/818
f 1504/1924/819 1506/1926/819 332/207/819 331/206/819
f 1506/1926/820 1505/1925/820 1507/1927/820 1508/1928/820
f 1506/1926/821 1508/1928/821 1509/1929/821 332/207/821
f 1509/1929/822 322/195/822 324/197/822 332/207/822
f 1509/1929/823 1508/1928/823 1510/1930/823 1511/1931/823
f 1509/1929/824 1511/1931/824 301/163/824 322/195/824
f 1511/1931/825 1510/1930/825 1512/1932/825 1513/1933/825
f 1511/1931/826 1513/1933/826 295/164/826 301/163/826
f 1513/1934/827 1512/1935/827 1514/1936/827 1515/1937/827
f 1513/1934/828 1515/1937/828 296/157/828 295/156/828
f 1515/1937/829 1514/1936/829 1516/1938/829 1517/1939/829
f 1515/1937/830 1517/1939/830 1518/1940/830 296/157/830
f 1518/1940/831 1519/1941/831 292/158/831 296/157/831
f 1518/1940/832 1517/1939/832 1520/1942/832 1521/1943/832
f 1518/1940/833 1521/1943/833 1522/1944/833 1519/1941/833
f 1522/1945/834 1523/1946/834 1524/1947/834 1519/1948/834
f 1522/1944/835 1521/1943/835 1525/1949/835 1526/1950/835
f 1522/1944/836 1526/1950/836 1527/1951/836 1523/1952/836
f 1527/1953/837 1528/1954/837 1529/1955/837 1523/1946/837
f 1527/1951/838 1526/1950/838 1530/1956/838 1531/1957/838
f 1527/1953/839 1531/1958/839 1532/1959/839 1528/1954/839
f 1532/1959/840 1533/1960/840 1534/1961/840 1528/1954/840
f 1532/1962/841 1531/1957/841 1535/1963/841 1536/1964/841
f 1532/1959/842 1536/1965/842 1537/1966/842 1533/1960/842
f 1537/1966/843 1538/1967/843 1539/1968/843 1533/1960/843
f 1537/1966/844 1536/1965/844 1540/1969/844 1541/1970/844
f 1537/1966/845 1541/1970/845 1542/1971/845 1538/1967/845
f 1542/1972/846 1543/1973/846 1544/1974/846 1538/1975/846
f 1542/1972/847 1541/1976/847 1545/1977/847 1546/1978/847
f 1542/1972/848 1546/1978/848 252/101/848 1543/1973/848
f 1546/1978/849 1545/1977/849 289/1979/849 283/141/849
f 1546/1978/850 283/141/850 253/102/850 252/101/850
f 1545/1980/851 1541/1981/851 1540/1982/851 1547/1983/851
f 1545/1980/852 1547/1983/852 290/149/852 289/148/852
f 1547/1983/853 1540/1982/853 1548/1984/853 1549/1985/853
f 1547/1983/854 1549/1985/854 291/150/854 290/149/854
f 1549/1985/855 1548/1984/855 1550/1986/855 1551/1987/855
f 1549/1985/856 1551/1987/856 1552/1988/856 291/150/856
f 1552/1988/857 1551/1987/857 1553/1989/857 1554/1990/857
f 1552/1988/858 1554/1990/858 1555/1991/858 1556/1992/858
f 1552/1988/859 1556/1992/859 286/145/859 291/150/859
f 1556/1992/860 1555/1991/860 1557/1993/860 1558/1994/860
f 1556/1992/861 1558/1994/861 287/146/861 286/145/861
f 1558/1995/862 1557/1996/862 1559/1997/862 1560/1998/862
f 1558/1995/863 1560/1998/863 285/143/863 287/1999/863
f 1560/1998/864 1559/1997/864 1561/2000/864 255/104/864
f 1560/1998/865 255/104/865 254/103/865 285/143/865
f 1561/2000/866 1559/1997/866 1562/2001/866 1563/2002/866
f 1561/2000/867 1563/2002/867 1564/2003/867 1565/2004/867
f 1561/2000/868 1565/2004/868 250/99/868 255/104/868
f 1565/2004/869 1564/2003/869 1566/2005/869 1567/2006/869
f 1565/2004/870 1567/2006/870 251/100/870 250/99/870
f 1567/2006/871 1566/2005/871 210/25/871 209/24/871
f 1567/2006/872 209/24/872 208/23/872 251/100/872
f 1566/2007/873 1564/2008/873 1568/2009/873 1569/2010/873
f 1566/2007/874 1569/2010/874 1570/2011/874 210/2012/874
f 1570/2011/875 1569/2010/875 1571/2013/875 1572/2014/875
f 1570/2011/876 1572/2014/876 1573/2015/876 1574/2016/876
f 1570/2011/877 1574/2016/877 211/27/877 210/2012/877
f 1574/2016/878 1573/2015/878 1575/2017/878 1576/2018/878
f 1574/2016/879 1576/2018/879 201/10/879 211/27/879
f 1576/2018/880 1575/2017/880 1577/2019/880 1578/2020/880
f 1576/2018/881 1578/2020/881 195/2/881 201/10/881
f 1578/2021/882 1577/2022/882 1579/2023/882 1580/2024/882
f 1578/2020/883 1580/2025/883 196/3/883 195/2/883
f 1580/2024/884 1579/2023/884 1581/2026/884 1582/2027/884
f 1580/2024/885 1582/2027/885 1583/2028/885 196/2029/885
f 1583/2028/886 212/37/886 197/6/886 196/2029/886
f 1583/2028/887 1582/2027/887 1584/2030/887 1585/2031/887
f 1583/2028/888 1585/2031/888 213/2032/888 212/37/888
f 1585/2033/889 1584/2034/889 1586/2035/889 1587/2036/889
f 1585/2033/890 1587/2036/890 1588/2037/890 213/2038/890
f 1588/2039/891 1589/2040/891 214/31/891 213/30/891
f 1588/2037/892 1587/2036/892 1590/2041/892 1591/2042/892
f 1588/2039/893 1591/2043/893 1592/2044/893 1589/2040/893
f 1592/2044/894 1593/2045/894 1594/2046/894 1589/2040/894
f 1592/2047/895 1591/2048/895 1595/2049/895 1596/2050/895
f 1592/2044/896 1596/2051/896 1597/2052/896 1593/2045/896
f 1597/2053/897 1598/2054/897 1599/2055/897 1593/2056/897
f 1597/2057/898 1596/2050/898 1600/2058/898 1601/2059/898
f 1597/2053/899 1601/2060/899 1602/2061/899 1598/2054/899
f 1602/2061/900 1603/2062/900 1604/2063/900 1598/2054/900
f 1602/2064/901 1601/2065/901 1605/2066/901 1606/2067/901
f 1602/2064/902 1606/2067/902 1607/2068/902 1603/2069/902
f 1607/2068/903 1606/2067/903 1608/2070/903 1609/2071/903
f 1607/2072/904 1609/2073/904 1610/2074/904 1611/2075/904
f 1607/2072/905 1611/2075/905 1612/2076/905 1603/2077/905
f 1612/2076/906 1611/2075/906 1613/2078/906 1614/2079/906
f 1612/2076/907 1614/2079/907 1615/2080/907 1616/2081/907
f 1612/2082/908 1616/2083/908 1604/2063/908 1603/2062/908
f 1616/2084/909 1615/2085/909 1617/2086/909 1618/2087/909
f 1616/2083/910 1618/2088/910 1619/2089/910 1604/2063/910
f 1619/2090/911 1618/2087/911 1620/2091/911 1621/2092/911
f 1619/2089/912 1621/2093/912 1622/2094/912 1599/2055/912
f 1619/2089/913 1599/2055/913 1598/2054/913 1604/2063/913
f 1622/2094/914 1621/2093/914 1623/2095/914 1624/2096/914
f 1622/2094/915 1624/2096/915 217/2097/915 1594/2098/915
f 1622/2094/916 1594/2098/916 1593/2056/916 1599/2055/916
f 1624/2096/917 1623/2095/917 227/2099/917 8/2100/917
f 1624/2096/918 8/2100/918 215/2101/918 217/2097/918
f 1623/2102/919 1625/2103/919 228/61/919 227/60/919
f 1623/2102/920 1621/2092/920 1620/2091/920 1625/2103/920
f 1625/2103/921 1626/2104/921 1627/2105/921 228/61/921
f 1625/2103/922 1620/2091/922 1628/2106/922 1626/2104/922
f 1628/2106/923 1629/2107/923 1630/2108/923 1626/2104/923
f 1628/2106/924 1620/2091/924 1618/2087/924 1617/2086/924
f 1628/2106/925 1617/2086/925 1631/2109/925 1629/2107/925
f 1631/2110/926 1632/2111/926 1633/2112/926 1629/2113/926
f 1631/2110/927 1617/2114/927 1615/2080/927 1634/2115/927
f 1631/2110/928 1634/2115/928 1635/2116/928 1632/2111/928
f 1635/2117/929 1636/2118/929 1637/2119/929 1632/2120/929
f 1635/2116/930 1634/2115/930 1638/2121/930 1639/2122/930
f 1635/2117/931 1639/2123/931 1640/2124/931 1636/2118/931
f 1640/2124/932 1641/2125/932 1642/2126/932 1636/2118/932
f 1640/2124/933 1639/2123/933 1643/2127/933 1644/2128/933
f 1640/2124/934 1644/2128/934 1645/2129/934 1641/2125/934
f 1645/2130/935 1644/2131/935 204/16/935 203/15/935
f 1645/2132/936 203/2133/936 202/2134/936 1646/2135/936
f 1645/2132/937 1646/2135/937 1647/2136/937 1641/2137/937
f 1647/2136/938 1600/2058/938 1596/2050/938 1595/2049/938
f 1647/2136/939 1595/2049/939 1642/2138/939 1641/2137/939
f 1647/2136/940 1646/2135/940 1648/2139/940 1600/2058/940
f 1648/2139/941 1646/2135/941 202/2134/941 232/68/941
f 1648/2139/942 232/68/942 231/67/942 1605/2140/942
f 1648/2139/943 1605/2140/943 1601/2059/943 1600/2058/943
f 1644/2128/944 1643/2127/944 205/2141/944 204/2142/944
f 1643/2127/945 1649/2143/945 206/2144/945 205/2141/945
f 1643/2127/946 1639/2123/946 1638/2145/946 1649/2143/946
f 1649/2146/947 1613/2078/947 1650/2147/947 206/21/947
f 1649/2146/948 1638/2121/948 1614/2079/948 1613/2078/948
f 1650/2147/949 1610/2074/949 1651/2148/949 1652/2149/949
f 1650/2147/950 1652/2149/950 207/22/950 206/21/950
f 1650/2147/951 1613/2078/951 1611/2075/951 1610/2074/951
f 1652/2149/952 1651/2148/952 1653/2150/952 1654/2151/952
f 1652/2149/953 1654/2151/953 208/23/953 207/22/953
f 1654/2151/954 1653/2150/954 248/97/954 247/96/954
f 1654/2151/955 247/96/955 251/100/955 208/23/955
f 1653/2150/956 261/2152/956 260/117/956 248/97/956
f 1653/2153/957 1651/2154/957 1655/2155/957 261/112/957
f 1655/2155/958 1656/2156/958 256/113/958 261/112/958
f 1655/2157/959 1651/2148/959 1610/2074/959 1609/2073/959
f 1655/2155/960 1609/2071/960 1608/2070/960 1656/2156/960
f 1656/2156/961 230/2158/961 234/2159/961 256/113/961
f 1656/2156/962 1608/2070/962 231/2160/962 230/2158/962
f 1642/2126/963 1595/2161/963 1591/2042/963 1590/2041/963
f 1642/2126/964 1590/2041/964 1637/2119/964 1636/2118/964
f 1638/2121/965 1634/2115/965 1615/2080/965 1614/2079/965
f 1637/2119/966 1590/2041/966 1587/2036/966 1586/2035/966
f 1637/2119/967 1586/2035/967 1633/2162/967 1632/2120/967
f 1633/2162/968 1586/2035/968 1584/2034/968 1657/2163/968
f 1633/2112/969 1657/2164/969 1630/2165/969 1629/2113/969
f 1657/2166/970 1584/2030/970 1582/2027/970 1581/2026/970
f 1657/2167/971 1581/2168/971 1658/2169/971 1630/2170/971
f 1658/2169/972 1581/2168/972 1579/2171/972 1659/2172/972
f 1658/2173/973 1659/2174/973 224/2175/973 1627/2105/973
f 1658/2173/974 1627/2105/974 1626/2104/974 1630/2108/974
f 1659/2172/975 1579/2171/975 1577/2176/975 1660/2177/975
f 1659/2172/976 1660/2177/976 225/2178/976 224/2179/976
f 1660/2177/977 1577/2176/977 1575/2180/977 1661/2181/977
f 1660/2177/978 1661/2181/978 1662/2182/978 225/2178/978
f 1662/2183/979 1661/2184/979 1663/2185/979 1664/2186/979
f 1662/2183/980 1664/2186/980 1665/2187/980 220/44/980
f 1662/2182/981 220/2188/981 219/2189/981 225/2178/981
f 1665/2187/982 1664/2186/982 1666/2190/982 1667/2191/982
f 1665/2187/983 1667/2191/983 1668/2192/983 1669/2193/983
f 1665/2187/984 1669/2193/984 221/45/984 220/44/984
f 1669/2194/985 1668/2195/985 1670/2196/985 1671/2197/985
f 1669/2194/986 1671/2197/986 222/48/986 221/47/986
f 1671/2197/987 1670/2196/987 1672/2198/987 1673/2199/987
f 1671/2197/988 1673/2199/988 1674/2200/988 222/48/988
f 1674/2200/989 1673/2199/989 1675/2201/989 1676/2202/989
f 1674/2200/990 1676/2202/990 1677/2203/990 229/63/990
f 1674/2200/991 229/63/991 223/49/991 222/48/991
f 1677/2203/992 1676/2202/992 1678/2204/992 1679/2205/992
f 1677/2203/993 1679/2205/993 240/86/993 239/85/993
f 1677/2203/994 239/85/994 226/64/994 229/63/994
f 1679/2205/995 1678/2204/995 1680/2206/995 1681/2207/995
f 1679/2205/996 1681/2207/996 1682/2208/996 240/86/996
f 1682/2208/997 1681/2207/997 1683/2209/997 1684/2210/997
f 1682/2208/998 1684/2210/998 1685/2211/998 1686/2212/998
f 1682/2208/999 1686/2212/999 236/87/999 240/86/999
f 1686/2212/1000 1685/2211/1000 1687/2213/1000 1688/2214/1000
f 1686/2212/1001 1688/2214/1001 7/2215/1001 236/87/1001
f 1688/2214/1002 1687/2213/1002 1689/2216/1002 1690/2217/1002
f 1688/2214/1003 1690/2217/1003 237/2218/1003 7/2215/1003
f 1690/2217/1004 1689/2216/1004 1691/2219/1004 1692/2220/1004
f 1690/2217/1005 1692/2220/1005 1693/2221/1005 237/2218/1005
f 1693/2222/1006 1694/2223/1006 1695/2224/1006 1696/2225/1006
f 1693/2222/1007 1696/2225/1007 238/81/1007 237/80/1007
f 1693/2221/1008 1692/2220/1008 1697/2226/1008 1694/2227/1008
f 1697/2226/1009 1692/2220/1009 1691/2219/1009 1698/2228/1009
f 1697/2229/1010 1698/2230/1010 1699/2231/1010 1700/2232/1010
f 1697/2229/1011 1700/2232/1011 1701/2233/1011 1694/2234/1011
f 1701/2235/1012 1702/2236/1012 1703/2237/1012 1704/2238/1012
f 1701/2235/1013 1704/2238/1013 1695/2224/1013 1694/2223/1013
f 1701/2233/1014 1700/2232/1014 1705/2239/1014 1702/2240/1014
f 1705/2239/1015 1700/2232/1015 1699/2231/1015 1706/2241/1015
f 1705/2239/1016 1706/2241/1016 1707/2242/1016 1708/2243/1016
f 1705/2239/1017 1708/2243/1017 1709/2244/1017 1702/2240/1017
f 1709/2245/1018 1710/2246/1018 1711/2247/1018 1712/2248/1018
f 1709/2244/1019 1712/2249/1019 1703/2250/1019 1702/2240/1019
f 1709/2244/1020 1708/2243/1020 1713/2251/1020 1710/2252/1020
f 1713/2251/1021 1708/2243/1021 1707/2242/1021 1714/2253/1021
f 1713/2251/1022 1714/2253/1022 1715/2254/1022 1716/2255/1022
f 1713/2256/1023 1716/2257/1023 1717/2258/1023 1710/2259/1023
f 1717/2258/1024 1718/2260/1024 1719/2261/1024 1720/2262/1024
f 1717/2263/1025 1720/2264/1025 1711/2247/1025 1710/2246/1025
f 1717/2258/1026 1716/2257/1026 303/2265/1026 1718/2260/1026
f 1720/2262/1027 1719/2261/1027 1721/2266/1027 1722/2267/1027
f 1720/2264/1028 1722/2268/1028 1723/2269/1028 1711/2247/1028
f 1723/2269/1029 1722/2268/1029 1724/2270/1029 1725/2271/1029
f 1723/2269/1030 1725/2271/1030 266/121/1030 1726/2272/1030
f 1723/2269/1031 1726/2272/1031 1712/2248/1031 1711/2247/1031
f 1726/2272/1032 266/121/1032 265/120/1032 1727/2273/1032
f 1726/2272/1033 1727/2273/1033 1703/2237/1033 1712/2248/1033
f 1727/2273/1034 265/120/1034 1728/2274/1034 1729/2275/1034
f 1727/2273/1035 1729/2275/1035 1704/2238/1035 1703/2237/1035
f 1729/2275/1036 1728/2274/1036 1730/2276/1036 1731/2277/1036
f 1729/2275/1037 1731/2277/1037 1695/2224/1037 1704/2238/1037
f 1731/2277/1038 1730/2276/1038 1732/2278/1038 1733/2279/1038
f 1731/2277/1039 1733/2279/1039 1696/2225/1039 1695/2224/1039
f 1733/2279/1040 1732/2278/1040 233/71/1040 235/74/1040
f 1733/2279/1041 235/74/1041 238/81/1041 1696/2225/1041
f 1732/2278/1042 1730/2276/1042 258/108/1042 257/107/1042
f 1732/2278/1043 257/107/1043 234/72/1043 233/71/1043
f 1730/2276/1044 1728/2274/1044 271/127/1044 258/108/1044
f 1728/2274/1045 265/120/1045 264/119/1045 271/127/1045
f 1725/2271/1046 1724/2270/1046 1734/2280/1046 1735/2281/1046
f 1725/2271/1047 1735/2281/1047 12/118/1047 266/121/1047
f 1735/2281/1048 1734/2280/1048 1736/2282/1048 1737/2283/1048
f 1735/2281/1049 1737/2283/1049 267/122/1049 12/118/1049
f 1737/2284/1050 1736/2285/1050 1738/2286/1050 1739/2287/1050
f 1737/2284/1051 1739/2287/1051 1740/2288/1051 267/2289/1051
f 1740/2288/1052 1739/2287/1052 1741/2290/1052 1529/1955/1052
f 1740/2288/1053 1529/1955/1053 1528/1954/1053 1534/1961/1053
f 1740/2288/1054 1534/1961/1054 268/2291/1054 267/2289/1054
f 1741/2290/1055 1739/2287/1055 1738/2286/1055 1742/2292/1055
f 1741/2290/1056 1742/2292/1056 293/2293/1056 1524/1947/1056
f 1741/2290/1057 1524/1947/1057 1523/1946/1057 1529/1955/1057
f 1742/2294/1058 1743/2295/1058 294/154/1058 293/153/1058
f 1742/2294/1059 1738/2296/1059 1744/2297/1059 1743/2295/1059
f 1744/2297/1060 1745/2298/1060 1746/2299/1060 1743/2295/1060
f 1744/2297/1061 1738/2296/1061 1736/2300/1061 1747/2301/1061
f 1744/2297/1062 1747/2301/1062 1748/2302/1062 1745/2298/1062
f 1748/2302/1063 1749/2303/1063 1750/2304/1063 1745/2298/1063
f 1748/2302/1064 1747/2301/1064 1751/2305/1064 1752/2306/1064
f 1748/2302/1065 1752/2306/1065 1753/2307/1065 1749/2303/1065
f 1753/2307/1066 1754/2308/1066 1755/2309/1066 1749/2303/1066
f 1753/2307/1067 1752/2306/1067 1756/2310/1067 1757/2311/1067
f 1753/2307/1068 1757/2311/1068 1758/2312/1068 1754/2308/1068
f 1758/2312/1069 1759/2313/1069 1760/2314/1069 1754/2308/1069
f 1758/2312/1070 1757/2311/1070 1761/2315/1070 1762/2316/1070
f 1758/2312/1071 1762/2316/1071 1763/2317/1071 1759/2313/1071
f 1763/2317/1072 1764/2318/1072 1765/2319/1072 1759/2313/1072
f 1763/2320/1073 1762/2321/1073 1766/2322/1073 1767/2323/1073
f 1763/2320/1074 1767/2323/1074 1768/2324/1074 1764/2325/1074
f 1768/2324/1075 1769/2326/1075 1770/2327/1075 1764/2325/1075
f 1768/2324/1076 1767/2323/1076 1771/2328/1076 1772/2329/1076
f 1768/2324/1077 1772/2329/1077 1773/2330/1077 1769/2326/1077
f 1773/2330/1078 1774/2331/1078 1775/2332/1078 1769/2326/1078
f 1773/2330/1079 1772/2329/1079 1776/2333/1079 1777/2334/1079
f 1773/2330/1080 1777/2334/1080 1778/2335/1080 1774/2331/1080
f 1778/2335/1081 1779/2336/1081 1780/2337/1081 1774/2331/1081
f 1778/2338/1082 1777/2339/1082 1781/2340/1082 1782/2341/1082
f 1778/2338/1083 1782/2341/1083 1783/2342/1083 1779/2343/1083
f 1783/2342/1084 1784/2344/1084 1785/2345/1084 1779/2343/1084
f 1783/2342/1085 1782/2341/1085 1786/2346/1085 1787/2347/1085
f 1783/2342/1086 1787/2347/1086 1788/2348/1086 1784/2344/1086
f 1788/2348/1087 1789/2349/1087 1790/2350/1087 1784/2344/1087
f 1788/2348/1088 1787/2347/1088 1791/2351/1088 1792/2352/1088
f 1788/2348/1089 1792/2352/1089 1793/2353/1089 1789/2349/1089
f 1793/2353/1090 1794/2354/1090 1795/2355/1090 1789/2349/1090
f 1793/2353/1091 1792/2352/1091 1796/2356/1091 1797/2357/1091
f 1793/2353/1092 1797/2357/1092 1798/2358/1092 1794/2354/1092
f 1798/2358/1093 1799/2359/1093 1800/2360/1093 1794/2354/1093
f 1798/2358/1094 1797/2357/1094 1801/2361/1094 1802/2362/1094
f 1798/2358/1095 1802/2362/1095 1803/2363/1095 1799/2359/1095
f 1803/2364/1096 1804/2365/1096 1805/2366/1096 1799/2367/1096
f 1803/2363/1097 1802/2362/1097 1806/2368/1097 1807/2369/1097
f 1803/2364/1098 1807/2370/1098 1808/2371/1098 1804/2365/1098
f 1808/2371/1099 1809/2372/1099 1810/2373/1099 1804/2365/1099
f 1808/2371/1100 1807/2370/1100 1811/2374/1100 1812/2375/1100
f 1808/2371/1101 1812/2375/1101 1813/2376/1101 1809/2372/1101
f 1813/2376/1102 1814/2377/1102 1815/2378/1102 1809/2372/1102
f 1813/2376/1103 1812/2375/1103 1816/2379/1103 1817/2380/1103
f 1813/2376/1104 1817/2380/1104 1818/2381/1104 1814/2377/1104
f 1818/2381/1105 1319/1687/1105 1819/2382/1105 1814/2377/1105
f 1818/2381/1106 1817/2380/1106 1820/2383/1106 1821/2384/1106
f 1818/2381/1107 1821/2384/1107 1320/1688/1107 1319/1687/1107
f 1821/2384/1108 1820/2383/1108 1822/2385/1108 1823/2386/1108
f 1821/2384/1109 1823/2386/1109 1321/1689/1109 1320/1688/1109
f 1823/2386/1110 1822/2385/1110 1824/2387/1110 1825/2388/1110
f 1823/2386/1111 1825/2388/1111 1323/1691/1111 1321/1689/1111
f 1825/2388/1112 1824/2387/1112 1826/2389/1112 1827/2390/1112
f 1825/2388/1113 1827/2390/1113 1828/2391/1113 1323/1691/1113
f 1828/2391/1114 1327/1695/1114 1324/1692/1114 1323/1691/1114
f 1828/2391/1115 1827/2390/1115 1829/2392/1115 1830/2393/1115
f 1828/2391/1116 1830/2393/1116 1831/2394/1116 1327/1695/1116
f 1831/2394/1117 1332/1700/1117 1328/1696/1117 1327/1695/1117
f 1831/2394/1118 1830/2393/1118 1832/2395/1118 1833/2396/1118
f 1831/2394/1119 1833/2396/1119 1834/2397/1119 1332/1700/1119
f 1834/2397/1120 1337/2398/1120 1333/1701/1120 1332/1700/1120
f 1834/2397/1121 1833/2396/1121 1835/2399/1121 1836/2400/1121
f 1834/2397/1122 1836/2400/1122 1837/2401/1122 1337/2398/1122
f 1837/2402/1123 1342/1713/1123 1338/1709/1123 1337/1708/1123
f 1837/2403/1124 1836/2404/1124 1838/2405/1124 1839/2406/1124
f 1837/2403/1125 1839/2406/1125 1840/2407/1125 1342/2408/1125
f 1840/2407/1126 1347/1721/1126 1343/1716/1126 1342/2408/1126
f 1840/2407/1127 1839/2406/1127 1841/2409/1127 1842/2410/1127
f 1840/2407/1128 1842/2410/1128 1843/2411/1128 1347/1721/1128
f 1843/2411/1129 1352/1726/1129 1348/1722/1129 1347/1721/1129
f 1843/2411/1130 1842/2410/1130 1844/2412/1130 1845/2413/1130
f 1843/2411/1131 1845/2413/1131 1846/2414/1131 1352/1726/1131
f 1846/2414/1132 1357/1731/1132 1353/1727/1132 1352/1726/1132
f 1846/2414/1133 1845/2413/1133 1847/2415/1133 1848/2416/1133
f 1846/2414/1134 1848/2416/1134 1849/2417/1134 1357/1731/1134
f 1849/2417/1135 1362/1736/1135 1358/1732/1135 1357/1731/1135
f 1849/2418/1136 1848/2419/1136 1850/2420/1136 1851/2421/1136
f 1849/2418/1137 1851/2421/1137 1852/2422/1137 1362/2423/1137
f 1852/2422/1138 1367/1743/1138 1363/1742/1138 1362/2423/1138
f 1852/2422/1139 1851/2421/1139 1853/2424/1139 1854/2425/1139
f 1852/2422/1140 1854/2425/1140 1855/2426/1140 1367/1743/1140
f 1855/2426/1141 1372/2427/1141 1368/1744/1141 1367/1743/1141
f 1855/2426/1142 1854/2425/1142 1856/2428/1142 1857/2429/1142
f 1855/2426/1143 1857/2429/1143 1858/2430/1143 1372/2427/1143
f 1858/2431/1144 1377/1756/1144 1373/1752/1144 1372/1751/1144
f 1858/2430/1145 1857/2429/1145 1859/2432/1145 1860/2433/1145
f 1858/2431/1146 1860/2434/1146 1861/2435/1146 1377/1756/1146
f 1861/2435/1147 1382/1761/1147 1378/1757/1147 1377/1756/1147
f 1861/2436/1148 1860/2437/1148 1862/2438/1148 1863/2439/1148
f 1861/2436/1149 1863/2439/1149 1864/2440/1149 1382/2441/1149
f 1864/2442/1150 1387/1766/1150 1383/1762/1150 1382/1761/1150
f 1864/2440/1151 1863/2439/1151 1865/2443/1151 1866/2444/1151
f 1864/2440/1152 1866/2444/1152 1867/2445/1152 1387/2446/1152
f 1867/2445/1153 1392/1774/1153 1388/1769/1153 1387/2446/1153
f 1867/2445/1154 1866/2444/1154 1868/2447/1154 1869/2448/1154
f 1867/2445/1155 1869/2448/1155 1870/2449/1155 1392/1774/1155
f 1870/2449/1156 1397/1779/1156 1393/1775/1156 1392/1774/1156
f 1870/2449/1157 1869/2448/1157 1871/2450/1157 1872/2451/1157
f 1870/2449/1158 1872/2451/1158 1873/2452/1158 1397/1779/1158
f 1873/2452/1159 1402/1784/1159 1398/1780/1159 1397/1779/1159
f 1873/2452/1160 1872/2451/1160 1874/2453/1160 1875/2454/1160
f 1873/2452/1161 1875/2454/1161 1876/2455/1161 1402/1784/1161
f 1876/2455/1162 1407/1789/1162 1403/1785/1162 1402/1784/1162
f 1876/2455/1163 1875/2454/1163 1877/2456/1163 1878/2457/1163
f 1876/2455/1164 1878/2457/1164 1879/2458/1164 1407/1789/1164
f 1879/2458/1165 1412/1794/1165 1408/1790/1165 1407/1789/1165
f 1879/2458/1166 1878/2457/1166 1880/2459/1166 1881/2460/1166
f 1879/2461/1167 1881/2462/1167 1882/2463/1167 1412/2464/1167
f 1882/2463/1168 1417/1801/1168 1413/1800/1168 1412/2464/1168
f 1882/2463/1169 1881/2462/1169 1883/2465/1169 1884/2466/1169
f 1882/2463/1170 1884/2466/1170 1885/2467/1170 1417/1801/1170
f 1885/2467/1171 1422/1807/1171 1418/1802/1171 1417/1801/1171
f 1885/2467/1172 1884/2466/1172 719/773/1172 1886/2468/1172
f 1885/2467/1173 1886/2468/1173 1887/2469/1173 1422/1807/1173
f 1887/2469/1174 1427/1812/1174 1423/1808/1174 1422/1807/1174
f 1887/2469/1175 1886/2468/1175 1888/2470/1175 1889/2471/1175
f 1887/2469/1176 1889/2471/1176 1890/2472/1176 1427/1812/1176
f 1890/2472/1177 1431/1818/1177 1428/1813/1177 1427/1812/1177
f 1890/2472/1178 1889/2471/1178 1891/2473/1178 1892/2474/1178
f 1890/2472/1179 1892/2474/1179 1433/1821/1179 1431/1818/1179
f 1892/2474/1180 1891/2473/1180 1893/2475/1180 1894/2476/1180
f 1892/2474/1181 1894/2476/1181 1435/1825/1181 1433/1821/1181
f 1894/2476/1182 1893/2475/1182 1460/1860/1182 1895/2477/1182
f 1894/2476/1183 1895/2477/1183 1896/2478/1183 1435/1825/1183
f 1896/2478/1184 1439/1830/1184 1436/1826/1184 1435/1825/1184
f 1896/2478/1185 1895/2477/1185 1455/1854/1185 1453/1852/1185
f 1896/2478/1186 1453/1852/1186 1451/1848/1186 1439/1830/1186
f 1895/2477/1187 1460/1860/1187 1457/1856/1187 1455/1854/1187
f 1893/2475/1188 1891/2473/1188 1897/2479/1188 1898/2480/1188
f 1893/2475/1189 1898/2480/1189 1461/1861/1189 1460/1860/1189
f 1898/2480/1190 1897/2479/1190 717/771/1190 1899/2481/1190
f 1898/2480/1191 1899/2481/1191 1462/1862/1191 1461/1861/1191
f 1899/2481/1192 717/771/1192 716/770/1192 1900/2482/1192
f 1899/2481/1193 1900/2482/1193 1464/1864/1193 1462/1862/1193
f 1900/2482/1194 716/770/1194 647/684/1194 646/683/1194
f 1900/2482/1195 646/683/1195 650/687/1195 1464/1864/1195
f 1897/2479/1196 1891/2473/1196 1889/2471/1196 1888/2470/1196
f 1897/2479/1197 1888/2470/1197 718/772/1197 717/771/1197
f 1888/2470/1198 1886/2468/1198 719/773/1198 718/772/1198
f 1884/2466/1199 1883/2465/1199 720/774/1199 719/773/1199
f 1883/2483/1200 1881/2484/1200 1880/2485/1200 1901/2486/1200
f 1883/2483/1201 1901/2486/1201 1902/2487/1201 720/2488/1201
f 1902/2487/1202 1901/2486/1202 1903/2489/1202 1904/2490/1202
f 1902/2487/1203 1904/2490/1203 1905/2491/1203 1906/2492/1203
f 1902/2487/1204 1906/2492/1204 92/2493/1204 720/2488/1204
f 1906/2492/1205 1905/2491/1205 1907/2494/1205 1908/2495/1205
f 1906/2492/1206 1908/2495/1206 715/2496/1206 92/2493/1206
f 1908/2495/1207 1907/2494/1207 1909/2497/1207 1910/2498/1207
f 1908/2495/1208 1910/2498/1208 1911/2499/1208 715/2496/1208
f 1911/2500/1209 648/685/1209 647/684/1209 715/769/1209
f 1911/2499/1210 1910/2498/1210 1492/1912/1210 1491/1911/1210
f 1911/2500/1211 1491/2501/1211 651/688/1211 648/685/1211
f 1910/2498/1212 1909/2497/1212 1494/1914/1212 1492/1912/1212
f 1909/2497/1213 1907/2494/1213 1912/2502/1213 1913/2503/1213
f 1909/2497/1214 1913/2503/1214 1496/1916/1214 1494/1914/1214
f 1913/2503/1215 1912/2502/1215 1914/2504/1215 1915/2505/1215
f 1913/2503/1216 1915/2505/1216 1498/1918/1216 1496/1916/1216
f 1915/2505/1217 1914/2504/1217 369/252/1217 368/251/1217
f 1915/2505/1218 368/251/1218 1916/2506/1218 1498/1918/1218
f 1916/2506/1219 1917/2507/1219 1918/2508/1219 1501/1921/1219
f 1916/2506/1220 1501/1921/1220 1499/1919/1220 1498/1918/1220
f 1918/2508/1221 1917/2507/1221 1919/2509/1221 1920/2510/1221
f 1918/2508/1222 1920/2510/1222 1921/2511/1222 1922/2512/1222
f 1918/2508/1223 1922/2512/1223 1502/1922/1223 1501/1921/1223
f 1922/2512/1224 1921/2511/1224 1923/2513/1224 1924/2514/1224
f 1922/2512/1225 1924/2514/1225 1503/1923/1225 1502/1922/1225
f 1924/2514/1226 1923/2513/1226 1925/2515/1226 1926/2516/1226
f 1924/2514/1227 1926/2516/1227 1505/1925/1227 1503/1923/1227
f 1926/2516/1228 1925/2515/1228 1927/2517/1228 1928/2518/1228
f 1926/2516/1229 1928/2518/1229 1507/1927/1229 1505/1925/1229
f 1928/2518/1230 1927/2517/1230 1929/2519/1230 1930/2520/1230
f 1928/2518/1231 1930/2520/1231 1931/2521/1231 1507/1927/1231
f 1931/2521/1232 1510/1930/1232 1508/1928/1232 1507/1927/1232
f 1931/2521/1233 1930/2520/1233 1932/2522/1233 1933/2523/1233
f 1931/2521/1234 1933/2523/1234 1512/1932/1234 1510/1930/1234
f 1933/2523/1235 1932/2522/1235 278/2524/1235 1934/2525/1235
f 1933/2523/1236 1934/2525/1236 1514/2526/1236 1512/1932/1236
f 1934/2527/1237 278/135/1237 275/132/1237 1935/2528/1237
f 1934/2527/1238 1935/2528/1238 1516/1938/1238 1514/1936/1238
f 1935/2528/1239 275/132/1239 274/131/1239 1936/2529/1239
f 1935/2528/1240 1936/2529/1240 1937/2530/1240 1516/1938/1240
f 1937/2530/1241 1520/1942/1241 1517/1939/1241 1516/1938/1241
f 1937/2530/1242 1936/2529/1242 1938/2531/1242 1939/2532/1242
f 1937/2530/1243 1939/2532/1243 1940/2533/1243 1520/1942/1243
f 1940/2533/1244 1525/1949/1244 1521/1943/1244 1520/1942/1244
f 1940/2533/1245 1939/2532/1245 242/90/1245 1941/2534/1245
f 1940/2533/1246 1941/2534/1246 1942/2535/1246 1525/1949/1246
f 1942/2535/1247 1530/1956/1247 1526/1950/1247 1525/1949/1247
f 1942/2535/1248 1941/2534/1248 1943/2536/1248 1944/2537/1248
f 1942/2535/1249 1944/2537/1249 1945/2538/1249 1530/1956/1249
f 1945/2538/1250 1535/1963/1250 1531/1957/1250 1530/1956/1250
f 1945/2538/1251 1944/2537/1251 1946/2539/1251 1550/1986/1251
f 1945/2538/1252 1550/1986/1252 1548/1984/1252 1535/1963/1252
f 1946/2539/1253 1944/2537/1253 1943/2536/1253 1947/2540/1253
f 1946/2539/1254 1947/2540/1254 1948/2541/1254 1553/1989/1254
f 1946/2539/1255 1553/1989/1255 1551/1987/1255 1550/1986/1255
f 1948/2541/1256 1947/2540/1256 245/93/1256 1949/2542/1256
f 1948/2541/1257 1949/2542/1257 1950/2543/1257 1951/2544/1257
f 1948/2541/1258 1951/2544/1258 1554/1990/1258 1553/1989/1258
f 1951/2544/1259 1950/2543/1259 1952/2545/1259 1953/2546/1259
f 1951/2544/1260 1953/2546/1260 1555/1991/1260 1554/1990/1260
f 1953/2546/1261 1952/2545/1261 1954/2547/1261 1955/2548/1261
f 1953/2546/1262 1955/2548/1262 1557/1993/1262 1555/1991/1262
f 1955/2549/1263 1954/2550/1263 1956/2551/1263 1562/2552/1263
f 1955/2553/1264 1562/2001/1264 1559/1997/1264 1557/1996/1264
f 1956/2551/1265 1954/2550/1265 1957/2554/1265 1958/2555/1265
f 1956/2551/1266 1958/2555/1266 1959/2556/1266 1960/2557/1266
f 1956/2551/1267 1960/2557/1267 1563/2558/1267 1562/2552/1267
f 1960/2557/1268 1959/2556/1268 1961/2559/1268 1568/2009/1268
f 1960/2557/1269 1568/2009/1269 1564/2008/1269 1563/2558/1269
f 1961/2559/1270 1959/2556/1270 1962/2560/1270 1963/2561/1270
f 1961/2559/1271 1963/2561/1271 1964/2562/1271 1571/2013/1271
f 1961/2559/1272 1571/2013/1272 1569/2010/1272 1568/2009/1272
f 1964/2562/1273 1963/2561/1273 1965/2563/1273 1966/2564/1273
f 1964/2562/1274 1966/2564/1274 1666/2190/1274 1967/2565/1274
f 1964/2562/1275 1967/2565/1275 1572/2014/1275 1571/2013/1275
f 1967/2565/1276 1666/2190/1276 1664/2186/1276 1663/2185/1276
f 1967/2565/1277 1663/2185/1277 1573/2015/1277 1572/2014/1277
f 1966/2564/1278 1965/2563/1278 1968/2566/1278 1969/2567/1278
f 1966/2564/1279 1969/2567/1279 1667/2191/1279 1666/2190/1279
f 1969/2568/1280 1968/2569/1280 1970/2570/1280 1971/2571/1280
f 1969/2568/1281 1971/2571/1281 1668/2195/1281 1667/2572/1281
f 1971/2571/1282 1970/2570/1282 1972/2573/1282 1973/2574/1282
f 1971/2571/1283 1973/2574/1283 1670/2196/1283 1668/2195/1283
f 1973/2574/1284 1972/2573/1284 1974/2575/1284 1975/2576/1284
f 1973/2574/1285 1975/2576/1285 1672/2198/1285 1670/2196/1285
f 1975/2576/1286 1974/2575/1286 1976/2577/1286 1977/2578/1286
f 1975/2576/1287 1977/2578/1287 1978/2579/1287 1672/2198/1287
f 1978/2579/1288 1977/2578/1288 1979/2580/1288 1980/2581/1288
f 1978/2579/1289 1980/2581/1289 1981/2582/1289 1675/2201/1289
f 1978/2579/1290 1675/2201/1290 1673/2199/1290 1672/2198/1290
f 1981/2582/1291 1980/2581/1291 1982/2583/1291 1983/2584/1291
f 1981/2582/1292 1983/2584/1292 1680/2206/1292 1678/2204/1292
f 1981/2582/1293 1678/2204/1293 1676/2202/1293 1675/2201/1293
f 1983/2584/1294 1982/2583/1294 1984/2585/1294 1985/2586/1294
f 1983/2584/1295 1985/2586/1295 1986/2587/1295 1680/2206/1295
f 1986/2587/1296 1985/2586/1296 1987/2588/1296 1988/2589/1296
f 1986/2587/1297 1988/2589/1297 1989/2590/1297 1683/2209/1297
f 1986/2587/1298 1683/2209/1298 1681/2207/1298 1680/2206/1298
f 1989/2590/1299 1988/2589/1299 1990/2591/1299 1991/2592/1299
f 1989/2590/1300 1991/2592/1300 1992/2593/1300 1993/2594/1300
f 1989/2590/1301 1993/2594/1301 1684/2210/1301 1683/2209/1301
f 1993/2594/1302 1992/2593/1302 1994/2595/1302 1995/2596/1302
f 1993/2594/1303 1995/2596/1303 1685/2211/1303 1684/2210/1303
f 1995/2596/1304 1994/2595/1304 1996/2597/1304 1997/2598/1304
f 1995/2596/1305 1997/2598/1305 1687/2213/1305 1685/2211/1305
f 1997/2598/1306 1996/2597/1306 1998/2599/1306 1999/2600/1306
f 1997/2598/1307 1999/2600/1307 1689/2216/1307 1687/2213/1307
f 1999/2600/1308 1998/2599/1308 2000/2601/1308 2001/2602/1308
f 1999/2600/1309 2001/2602/1309 1691/2219/1309 1689/2216/1309
f 2001/2602/1310 2000/2601/1310 2002/2603/1310 2003/2604/1310
f 2001/2602/1311 2003/2604/1311 1698/2228/1311 1691/2219/1311
f 2003/2605/1312 2002/2606/1312 2004/2607/1312 2005/2608/1312
f 2003/2605/1313 2005/2608/1313 1699/2231/1313 1698/2230/1313
f 2005/2608/1314 2004/2607/1314 2006/2609/1314 2007/2610/1314
f 2005/2608/1315 2007/2610/1315 1706/2241/1315 1699/2231/1315
f 2007/2610/1316 2006/2609/1316 2008/2611/1316 2009/2612/1316
f 2007/2610/1317 2009/2612/1317 1707/2242/1317 1706/2241/1317
f 2009/2612/1318 2008/2611/1318 2010/2613/1318 2011/2614/1318
f 2009/2612/1319 2011/2614/1319 1714/2253/1319 1707/2242/1319
f 2011/2614/1320 2010/2613/1320 2012/2615/1320 2013/2616/1320
f 2011/2614/1321 2013/2616/1321 1715/2254/1321 1714/2253/1321
f 2013/2616/1322 2012/2615/1322 2014/2617/1322 307/175/1322
f 2013/2616/1323 307/175/1323 304/174/1323 1715/2254/1323
f 2014/2618/1324 2012/2619/1324 2015/2620/1324 2016/2621/1324
f 2014/2618/1325 2016/2621/1325 2017/2622/1325 2018/2623/1325
f 2014/2618/1326 2018/2623/1326 308/178/1326 307/2624/1326
f 2018/2623/1327 2017/2622/1327 389/289/1327 388/288/1327
f 2018/2623/1328 388/288/1328 309/179/1328 308/178/1328
f 2017/2622/1329 2016/2621/1329 2019/2625/1329 2020/2626/1329
f 2017/2622/1330 2020/2626/1330 2021/2627/1330 389/289/1330
f 2021/2627/1331 2020/2626/1331 2022/2628/1331 2023/2629/1331
f 2021/2627/1332 2023/2629/1332 2024/2630/1332 2025/2631/1332
f 2021/2627/1333 2025/2631/1333 390/290/1333 389/289/1333
f 2025/2631/1334 2024/2630/1334 2026/2632/1334 2027/2633/1334
f 2025/2631/1335 2027/2633/1335 391/291/1335 390/290/1335
f 2027/2633/1336 2026/2632/1336 2028/2634/1336 2029/2635/1336
f 2027/2633/1337 2029/2635/1337 2030/2636/1337 391/291/1337
f 2030/2636/1338 2029/2635/1338 2031/2637/1338 2032/2638/1338
f 2030/2636/1339 2032/2638/1339 472/433/1339 471/432/1339
f 2030/2636/1340 471/432/1340 392/292/1340 391/291/1340
f 2032/2638/1341 2031/2637/1341 2033/2639/1341 2034/2640/1341
f 2032/2638/1342 2034/2640/1342 2035/2641/1342 472/433/1342
f 2035/2641/1343 2034/2640/1343 2036/2642/1343 2037/2643/1343
f 2035/2641/1344 2037/2643/1344 2038/2644/1344 469/2645/1344
f 2035/2641/1345 469/2645/1345 52/430/1345 472/433/1345
f 2038/2644/1346 2037/2643/1346 2039/2646/1346 2040/2647/1346
f 2038/2644/1347 2040/2647/1347 2041/2648/1347 465/2649/1347
f 2038/2644/1348 465/2649/1348 464/2650/1348 469/2645/1348
f 2041/2651/1349 2040/2652/1349 2042/2653/1349 2043/2654/1349
f 2041/2651/1350 2043/2654/1350 2044/2655/1350 2045/2656/1350
f 2041/2651/1351 2045/2656/1351 461/423/1351 465/422/1351
f 2045/2657/1352 2044/2658/1352 2046/2659/1352 2047/2660/1352
f 2045/2657/1353 2047/2660/1353 462/2661/1353 461/2662/1353
f 2047/2660/1354 2046/2659/1354 424/344/1354 2048/2663/1354
f 2047/2660/1355 2048/2663/1355 2049/2664/1355 462/2661/1355
f 2049/2664/1356 2048/2663/1356 2050/2665/1356 2051/2666/1356
f 2049/2664/1357 2051/2666/1357 2052/2667/1357 477/2668/1357
f 2049/2664/1358 477/2668/1358 463/2669/1358 462/2661/1358
f 2052/2667/1359 2051/2666/1359 2053/2670/1359 2054/2671/1359
f 2052/2667/1360 2054/2671/1360 2055/2672/1360 2056/2673/1360
f 2052/2667/1361 2056/2673/1361 468/2674/1361 477/2668/1361
f 2056/2673/1362 2055/2672/1362 2057/2675/1362 466/2676/1362
f 2056/2673/1363 466/2676/1363 51/2677/1363 468/2674/1363
f 2057/2675/1364 2055/2672/1364 2058/2678/1364 2059/2679/1364
f 2057/2675/1365 2059/2679/1365 2060/2680/1365 473/436/1365
f 2057/2675/1366 473/436/1366 467/435/1366 466/2676/1366
f 2060/2681/1367 2059/2682/1367 2061/2683/1367 2062/2684/1367
f 2060/2681/1368 2062/2684/1368 2063/2685/1368 2064/2686/1368
f 2060/2680/1369 2064/2687/1369 474/437/1369 473/436/1369
f 2064/2688/1370 2063/2689/1370 2065/2690/1370 2066/2691/1370
f 2064/2687/1371 2066/2692/1371 475/2693/1371 474/437/1371
f 2066/2691/1372 2065/2690/1372 2067/2694/1372 449/388/1372
f 2066/2691/1373 449/388/1373 448/387/1373 475/2695/1373
f 2067/2694/1374 2065/2690/1374 2068/2696/1374 2069/2697/1374
f 2067/2694/1375 2069/2697/1375 2070/2698/1375 2071/2699/1375
f 2067/2694/1376 2071/2699/1376 450/389/1376 449/388/1376
f 2071/2700/1377 2070/2701/1377 2072/2702/1377 2073/2703/1377
f 2071/2704/1378 2073/2705/1378 451/2706/1378 450/2707/1378
f 2073/2703/1379 2072/2702/1379 2074/2708/1379 2075/2709/1379
f 2073/2705/1380 2075/2710/1380 2076/2711/1380 451/2706/1380
f 2076/2712/1381 2075/2709/1381 2077/2713/1381 2078/2714/1381
f 2076/2711/1382 2078/2715/1382 2079/2716/1382 2080/2717/1382
f 2076/2711/1383 2080/2717/1383 452/2718/1383 451/2706/1383
f 2080/2717/1384 2079/2716/1384 2081/2719/1384 2082/2720/1384
f 2080/2717/1385 2082/2720/1385 2083/2721/1385 452/2718/1385
f 2083/2722/1386 2084/2723/1386 48/386/1386 452/395/1386
f 2083/2721/1387 2082/2720/1387 2085/2724/1387 2086/2725/1387
f 2083/2721/1388 2086/2725/1388 2087/2726/1388 2084/2727/1388
f 2087/2726/1389 2088/2728/1389 2089/2729/1389 2084/2727/1389
f 2087/2730/1390 2086/2731/1390 2090/2732/1390 2091/2733/1390
f 2087/2730/1391 2091/2733/1391 2092/2734/1391 2088/2735/1391
f 2092/2734/1392 2093/2736/1392 2094/2737/1392 2095/2738/1392
f 2092/2734/1393 2095/2738/1393 2096/2739/1393 2088/2735/1393
f 2092/2734/1394 2091/2733/1394 2097/2740/1394 2093/2736/1394
f 2097/2741/1395 2098/2742/1395 2099/2743/1395 2093/2744/1395
f 2097/2741/1396 2091/2745/1396 2090/2746/1396 2100/2747/1396
f 2097/2741/1397 2100/2747/1397 2101/2748/1397 2098/2742/1397
f 2101/2748/1398 2102/2749/1398 2103/2750/1398 2098/2742/1398
f 2101/2748/1399 2100/2747/1399 2104/2751/1399 2105/2752/1399
f 2101/2748/1400 2105/2752/1400 2106/2753/1400 2102/2749/1400
f 2106/2753/1401 2107/2754/1401 2108/2755/1401 2102/2749/1401
f 2106/2753/1402 2105/2752/1402 2109/2756/1402 2110/2757/1402
f 2106/2758/1403 2110/2759/1403 2111/2760/1403 2107/2761/1403
f 2111/2760/1404 2112/2762/1404 2113/2763/1404 2107/2761/1404
f 2111/2760/1405 2110/2759/1405 2114/2764/1405 2115/2765/1405
f 2111/2760/1406 2115/2765/1406 2116/2766/1406 2112/2762/1406
f 2116/2766/1407 2117/2767/1407 2118/2768/1407 2112/2762/1407
f 2116/2766/1408 2115/2765/1408 2119/2769/1408 2120/2770/1408
f 2116/2766/1409 2120/2770/1409 2121/2771/1409 2117/2767/1409
f 2121/2771/1410 2122/2772/1410 2123/2773/1410 2117/2767/1410
f 2121/2774/1411 2120/2775/1411 2124/2776/1411 2125/2777/1411
f 2121/2774/1412 2125/2777/1412 2126/2778/1412 2122/2779/1412
f 2126/2778/1413 2127/2780/1413 2128/2781/1413 2122/2779/1413
f 2126/2778/1414 2125/2777/1414 2129/2782/1414 2130/2783/1414
f 2126/2778/1415 2130/2783/1415 2131/2784/1415 2127/2780/1415
f 2131/2784/1416 2132/2785/1416 2133/2786/1416 2127/2780/1416
f 2131/2784/1417 2130/2783/1417 2134/2787/1417 2135/2788/1417
f 2131/2784/1418 2135/2788/1418 2136/2789/1418 2132/2785/1418
f 2136/2789/1419 2137/2790/1419 2138/2791/1419 2132/2785/1419
f 2136/2789/1420 2135/2788/1420 2139/2792/1420 2140/2793/1420
f 2136/2789/1421 2140/2793/1421 2141/2794/1421 2137/2790/1421
f 2141/2795/1422 2142/2796/1422 2143/2797/1422 2137/2798/1422
f 2141/2794/1423 2140/2793/1423 2144/2799/1423 2145/2800/1423
f 2141/2795/1424 2145/2801/1424 2146/2802/1424 2142/2796/1424
f 2146/2802/1425 2147/2803/1425 2148/2804/1425 2142/2796/1425
f 2146/2805/1426 2145/2800/1426 2149/2806/1426 2150/2807/1426
f 2146/2802/1427 2150/2808/1427 2151/2809/1427 2147/2803/1427
f 2151/2809/1428 2152/2810/1428 2153/2811/1428 2147/2803/1428
f 2151/2812/1429 2150/2813/1429 2154/2814/1429 2155/2815/1429
f 2151/2812/1430 2155/2815/1430 2156/2816/1430 2152/2817/1430
f 2156/2816/1431 2157/2818/1431 2158/2819/1431 2152/2817/1431
f 2156/2816/1432 2155/2815/1432 2159/2820/1432 2160/2821/1432
f 2156/2816/1433 2160/2821/1433 2161/2822/1433 2157/2818/1433
f 2161/2822/1434 2162/2823/1434 2163/2824/1434 2157/2818/1434
f 2161/2825/1435 2160/2826/1435 2164/2827/1435 2165/2828/1435
f 2161/2822/1436 2165/2829/1436 2166/2830/1436 2162/2823/1436
f 2166/2830/1437 2167/2831/1437 2168/2832/1437 2162/2823/1437
f 2166/2833/1438 2165/2828/1438 2169/2834/1438 2170/2835/1438
f 2166/2830/1439 2170/2836/1439 2171/2837/1439 2167/2831/1439
f 2171/2837/1440 2172/2838/1440 2173/2839/1440 2167/2831/1440
f 2171/2840/1441 2170/2835/1441 2174/2841/1441 2175/2842/1441
f 2171/2843/1442 2175/2844/1442 2176/2845/1442 2172/2846/1442
f 2176/2845/1443 2177/2847/1443 2178/2848/1443 2172/2846/1443
f 2176/2849/1444 2175/2842/1444 2179/2850/1444 2180/2851/1444
f 2176/2845/1445 2180/2852/1445 2181/2853/1445 2177/2847/1445
f 2181/2853/1446 2182/2854/1446 2183/2855/1446 2177/2847/1446
f 2181/2853/1447 2180/2852/1447 2184/2856/1447 2185/2857/1447
f 2181/2853/1448 2185/2857/1448 2186/2858/1448 2182/2854/1448
f 2186/2858/1449 2187/2859/1449 2188/2860/1449 2182/2854/1449
f 2186/2861/1450 2185/2862/1450 2189/2863/1450 2190/2864/1450
f 2186/2858/1451 2190/2865/1451 2191/2866/1451 2187/2859/1451
f 2191/2867/1452 2192/2868/1452 2193/2869/1452 2187/2870/1452
f 2191/2867/1453 2190/2871/1453 2194/2872/1453 2195/2873/1453
f 2191/2867/1454 2195/2873/1454 2196/2874/1454 2192/2868/1454
f 2196/2874/1455 2197/2875/1455 2198/2876/1455 2192/2868/1455
f 2196/2874/1456 2195/2873/1456 2199/2877/1456 2200/2878/1456
f 2196/2874/1457 2200/2878/1457 2201/2879/1457 2197/2875/1457
f 2201/2879/1458 2202/2880/1458 2203/2881/1458 2197/2875/1458
f 2201/2879/1459 2200/2878/1459 2204/2882/1459 2205/2883/1459
f 2201/2879/1460 2205/2883/1460 2206/2884/1460 2202/2880/1460
f 2206/2884/1461 2207/2885/1461 2208/2886/1461 2202/2880/1461
f 2206/2884/1462 2205/2883/1462 2209/2887/1462 2210/2888/1462
f 2206/2884/1463 2210/2888/1463 2211/2889/1463 2207/2885/1463
f 2211/2889/1464 2212/2890/1464 2213/2891/1464 2207/2885/1464
f 2211/2889/1465 2210/2888/1465 500/471/1465 499/470/1465
f 2211/2889/1466 499/470/1466 2214/2892/1466 2212/2890/1466
f 2214/2892/1467 2215/2893/1467 2216/2894/1467 2212/2890/1467
f 2214/2892/1468 499/470/1468 433/354/1468 432/353/1468
f 2214/2892/1469 432/353/1469 2217/2895/1469 2215/2893/1469
f 2217/2895/1470 2218/2896/1470 2219/2897/1470 2215/2893/1470
f 2217/2895/1471 432/353/1471 43/352/1471 2220/2898/1471
f 2217/2895/1472 2220/2898/1472 2221/2899/1472 2218/2896/1472
f 2221/2899/1473 2222/2900/1473 2223/2901/1473 2218/2896/1473
f 2221/2899/1474 2220/2898/1474 2224/2902/1474 2225/2903/1474
f 2221/2899/1475 2225/2903/1475 2226/2904/1475 2222/2900/1475
f 2226/2905/1476 1904/2490/1476 1903/2489/1476 2222/2906/1476
f 2226/2905/1477 2225/2907/1477 2227/2908/1477 2228/2909/1477
f 2226/2905/1478 2228/2909/1478 1905/2491/1478 1904/2490/1478
f 2228/2909/1479 2227/2908/1479 1914/2504/1479 1912/2502/1479
f 2228/2909/1480 1912/2502/1480 1907/2494/1480 1905/2491/1480
f 2227/2908/1481 2225/2907/1481 2224/2910/1481 2229/2911/1481
f 2227/2908/1482 2229/2911/1482 369/252/1482 1914/2504/1482
f 2229/2911/1483 2224/2910/1483 438/361/1483 2230/2912/1483
f 2229/2911/1484 2230/2912/1484 28/249/1484 369/252/1484
f 2230/2912/1485 438/361/1485 437/360/1485 2231/2913/1485
f 2230/2912/1486 2231/2913/1486 364/2914/1486 28/249/1486
f 2231/2915/1487 437/2916/1487 2232/2917/1487 2233/2918/1487
f 2231/2915/1488 2233/2918/1488 2234/2919/1488 364/246/1488
f 2234/2920/1489 2235/2921/1489 2236/2922/1489 2237/2923/1489
f 2234/2919/1490 2237/2924/1490 365/247/1490 364/246/1490
f 2234/2919/1491 2233/2918/1491 2238/2925/1491 2235/2926/1491
f 2238/2925/1492 2239/2927/1492 2240/2928/1492 2235/2926/1492
f 2238/2925/1493 2233/2918/1493 2232/2917/1493 2241/2929/1493
f 2238/2925/1494 2241/2929/1494 2242/2930/1494 2239/2927/1494
f 2242/2930/1495 2243/2931/1495 2244/2932/1495 2239/2927/1495
f 2242/2930/1496 2241/2929/1496 2245/2933/1496 2246/2934/1496
f 2242/2930/1497 2246/2934/1497 2247/2935/1497 2243/2931/1497
f 2247/2935/1498 2248/2936/1498 2249/2937/1498 2243/2931/1498
f 2247/2938/1499 2246/2939/1499 492/462/1499 2250/2940/1499
f 2247/2941/1500 2250/2942/1500 2251/2943/1500 2248/2944/1500
f 2251/2945/1501 2252/2946/1501 2253/2947/1501 2248/2936/1501
f 2251/2943/1502 2250/2942/1502 496/2948/1502 2254/2949/1502
f 2251/2943/1503 2254/2949/1503 2255/2950/1503 2252/2951/1503
f 2255/2950/1504 2256/2952/1504 2257/2953/1504 2252/2951/1504
f 2255/2950/1505 2254/2949/1505 2258/2954/1505 2259/2955/1505
f 2255/2950/1506 2259/2955/1506 2260/2956/1506 2256/2952/1506
f 2260/2956/1507 2261/2957/1507 2262/2958/1507 2256/2952/1507
f 2260/2956/1508 2259/2955/1508 2263/2959/1508 2264/2960/1508
f 2260/2956/1509 2264/2960/1509 2265/2961/1509 2261/2957/1509
f 2265/2961/1510 2266/2962/1510 2267/2963/1510 2261/2957/1510
f 2265/2961/1511 2264/2960/1511 2268/2964/1511 2269/2965/1511
f 2265/2961/1512 2269/2965/1512 2270/2966/1512 2266/2962/1512
f 2270/2966/1513 631/2967/1513 630/2968/1513 2266/2962/1513
f 2270/2969/1514 2269/2970/1514 2271/2971/1514 2272/2972/1514
f 2270/2973/1515 2272/2974/1515 2273/2975/1515 631/667/1515
f 2273/2975/1516 2274/2976/1516 632/668/1516 631/667/1516
f 2273/2977/1517 2272/2972/1517 2275/2978/1517 2276/2979/1517
f 2273/2975/1518 2276/2980/1518 2277/2981/1518 2274/2976/1518
f 2277/2981/1519 2278/2982/1519 2279/2983/1519 2274/2976/1519
f 2277/2984/1520 2276/2979/1520 2280/2985/1520 2281/2986/1520
f 2277/2981/1521 2281/2987/1521 2282/2988/1521 2278/2982/1521
f 2282/2988/1522 2283/2989/1522 2284/2990/1522 2278/2982/1522
f 2282/2988/1523 2281/2987/1523 2285/2991/1523 2286/2992/1523
f 2282/2988/1524 2286/2992/1524 2287/2993/1524 2283/2989/1524
f 2287/2994/1525 663/707/1525 662/2995/1525 2283/2996/1525
f 2287/2993/1526 2286/2992/1526 2288/2997/1526 2289/2998/1526
f 2287/2994/1527 2289/2999/1527 665/708/1527 663/707/1527
f 2289/2999/1528 2288/3000/1528 638/675/1528 2290/3001/1528
f 2289/2999/1529 2290/3001/1529 2291/3002/1529 665/708/1529
f 2291/3002/1530 2290/3001/1530 2292/3003/1530 2293/3004/1530
f 2291/3002/1531 2293/3004/1531 2294/3005/1531 2295/3006/1531
f 2291/3002/1532 2295/3006/1532 659/699/1532 665/708/1532
f 2295/3007/1533 2294/3008/1533 2296/3009/1533 2297/3010/1533
f 2295/3007/1534 2297/3010/1534 660/3011/1534 659/3012/1534
f 2297/3010/1535 2296/3009/1535 2298/3013/1535 2299/3014/1535
f 2297/3010/1536 2299/3014/1536 2300/3015/1536 660/3011/1536
f 2300/3015/1537 2301/3016/1537 656/3017/1537 660/3011/1537
f 2300/3015/1538 2299/3014/1538 2302/3018/1538 2303/3019/1538
f 2300/3015/1539 2303/3019/1539 2304/3020/1539 2301/3016/1539
f 2304/3020/1540 664/3021/1540 2305/3022/1540 2301/3016/1540
f 2304/3020/1541 2303/3019/1541 2306/3023/1541 2307/3024/1541
f 2304/3025/1542 2307/3026/1542 661/3027/1542 664/3028/1542
f 2307/3026/1543 2306/3029/1543 2308/3030/1543 2309/3031/1543
f 2307/3026/1544 2309/3031/1544 662/3032/1544 661/3027/1544
f 2309/3031/1545 2308/3030/1545 2310/3033/1545 2284/2990/1545
f 2309/3034/1546 2284/3035/1546 2283/3036/1546 662/3037/1546
f 2310/3033/1547 2308/3030/1547 2311/3038/1547 2312/3039/1547
f 2310/3033/1548 2312/3039/1548 635/671/1548 2279/2983/1548
f 2310/3033/1549 2279/2983/1549 2278/2982/1549 2284/2990/1549
f 2312/3039/1550 2311/3038/1550 2313/3040/1550 2314/3041/1550
f 2312/3039/1551 2314/3041/1551 633/669/1551 635/671/1551
f 2314/3041/1552 2313/3040/1552 2315/3042/1552 2316/3043/1552
f 2314/3041/1553 2316/3043/1553 634/670/1553 633/669/1553
f 2316/3044/1554 2315/3045/1554 2317/3046/1554 2318/3047/1554
f 2316/3044/1555 2318/3047/1555 2267/2963/1555 634/3048/1555
f 2318/3047/1556 2317/3046/1556 2319/3049/1556 2262/2958/1556
f 2318/3047/1557 2262/2958/1557 2261/2957/1557 2267/2963/1557
f 2319/3049/1558 2317/3046/1558 2320/3050/1558 2321/3051/1558
f 2319/3052/1559 2321/3053/1559 2322/3054/1559 2257/3055/1559
f 2319/3049/1560 2257/2953/1560 2256/2952/1560 2262/2958/1560
f 2322/3054/1561 2321/3053/1561 2323/3056/1561 2324/3057/1561
f 2322/3054/1562 2324/3057/1562 2325/3058/1562 2253/2947/1562
f 2322/3054/1563 2253/2947/1563 2252/2946/1563 2257/3055/1563
f 2325/3058/1564 2324/3057/1564 2326/3059/1564 2327/3060/1564
f 2325/3058/1565 2327/3060/1565 2328/3061/1565 2249/2937/1565
f 2325/3058/1566 2249/2937/1566 2248/2936/1566 2253/2947/1566
f 2328/3061/1567 2327/3060/1567 2329/3062/1567 2330/3063/1567
f 2328/3061/1568 2330/3063/1568 2331/3064/1568 2244/2932/1568
f 2328/3061/1569 2244/2932/1569 2243/2931/1569 2249/2937/1569
f 2331/3064/1570 2330/3063/1570 2332/3065/1570 2333/3066/1570
f 2331/3064/1571 2333/3066/1571 2334/3067/1571 2240/2928/1571
f 2331/3064/1572 2240/2928/1572 2239/2927/1572 2244/2932/1572
f 2334/3068/1573 2333/3069/1573 2335/3070/1573 2336/3071/1573
f 2334/3068/1574 2336/3071/1574 2337/3072/1574 2236/2922/1574
f 2334/3067/1575 2236/3073/1575 2235/2926/1575 2240/2928/1575
f 2337/3074/1576 2336/3075/1576 2338/3076/1576 2339/3077/1576
f 2337/3072/1577 2339/3078/1577 2340/3079/1577 2341/3080/1577
f 2337/3072/1578 2341/3080/1578 2237/2923/1578 2236/2922/1578
f 2341/3081/1579 2340/3082/1579 397/299/1579 396/298/1579
f 2341/3081/1580 396/298/1580 365/297/1580 2237/3083/1580
f 2340/3079/1581 2339/3078/1581 2342/3084/1581 2343/3085/1581
f 2340/3082/1582 2343/3086/1582 404/315/1582 397/299/1582
f 2343/3086/1583 2342/3087/1583 2344/3088/1583 2345/3089/1583
f 2343/3086/1584 2345/3089/1584 408/319/1584 404/315/1584
f 2345/3090/1585 2344/3091/1585 2346/3092/1585 2347/3093/1585
f 2345/3089/1586 2347/3094/1586 2348/3095/1586 408/319/1586
f 2348/3096/1587 2347/3093/1587 2349/3097/1587 2350/3098/1587
f 2348/3096/1588 2350/3098/1588 2351/3099/1588 2352/3100/1588
f 2348/3095/1589 2352/3101/1589 405/316/1589 408/319/1589
f 2352/3100/1590 2351/3099/1590 410/3102/1590 409/3103/1590
f 2352/3104/1591 409/322/1591 406/3105/1591 405/3106/1591
f 2351/3099/1592 2350/3098/1592 2353/3107/1592 2354/3108/1592
f 2351/3099/1593 2354/3108/1593 411/3109/1593 410/3102/1593
f 2354/3108/1594 2353/3107/1594 2355/3110/1594 2356/3111/1594
f 2354/3112/1595 2356/3113/1595 2357/3114/1595 411/3115/1595
f 2357/3114/1596 2356/3113/1596 2358/3116/1596 2359/3117/1596
f 2357/3114/1597 2359/3117/1597 2360/3118/1597 2361/3119/1597
f 2357/3120/1598 2361/3121/1598 412/3122/1598 411/3123/1598
f 2361/3121/1599 2360/3124/1599 2362/3125/1599 2363/3126/1599
f 2361/3121/1600 2363/3126/1600 413/3127/1600 412/3122/1600
f 2363/3128/1601 2362/3129/1601 2364/3130/1601 2365/3131/1601
f 2363/3128/1602 2365/3131/1602 2366/3132/1602 413/326/1602
f 2366/3132/1603 2365/3131/1603 2367/3133/1603 2368/3134/1603
f 2366/3132/1604 2368/3134/1604 2369/3135/1604 2370/3136/1604
f 2366/3132/1605 2370/3136/1605 414/327/1605 413/326/1605
f 2370/3137/1606 2369/3138/1606 2371/3139/1606 2372/3140/1606
f 2370/3136/1607 2372/3141/1607 2373/3142/1607 414/327/1607
f 2373/3142/1608 363/244/1608 39/243/1608 414/327/1608
f 2373/3142/1609 2372/3141/1609 374/263/1609 373/262/1609
f 2373/3143/1610 373/260/1610 372/259/1610 363/3144/1610
f 2372/3141/1611 2371/3145/1611 440/374/1611 374/263/1611
f 2371/3145/1612 2369/3135/1612 2374/3146/1612 2375/3147/1612
f 2371/3145/1613 2375/3147/1613 441/375/1613 440/374/1613
f 2375/3148/1614 2374/3149/1614 2376/3150/1614 2377/3151/1614
f 2375/3147/1615 2377/3152/1615 2378/3153/1615 441/375/1615
f 2378/3154/1616 2377/3151/1616 2379/3155/1616 2380/3156/1616
f 2378/3154/1617 2380/3156/1617 2381/3157/1617 2382/3158/1617
f 2378/3153/1618 2382/3159/1618 46/372/1618 441/375/1618
f 2382/3158/1619 2381/3157/1619 2383/3160/1619 2384/3161/1619
f 2382/3159/1620 2384/3162/1620 444/3163/1620 46/372/1620
f 2384/3161/1621 2383/3160/1621 2385/3164/1621 2386/3165/1621
f 2384/3166/1622 2386/3167/1622 2387/3168/1622 444/3169/1622
f 2387/3170/1623 479/3171/1623 445/3172/1623 444/3173/1623
f 2387/3174/1624 2386/3165/1624 2388/3175/1624 2389/3176/1624
f 2387/3174/1625 2389/3176/1625 2390/3177/1625 479/3178/1625
f 2390/3179/1626 2389/3180/1626 2391/3181/1626 2392/3182/1626
f 2390/3179/1627 2392/3182/1627 2393/3183/1627 2394/3184/1627
f 2390/3185/1628 2394/3186/1628 480/3187/1628 479/3188/1628
f 2394/3189/1629 2393/3190/1629 2395/3191/1629 2396/3192/1629
f 2394/3186/1630 2396/3193/1630 2397/3194/1630 480/3187/1630
f 2397/3195/1631 2396/3196/1631 2398/3197/1631 2399/3198/1631
f 2397/3195/1632 2399/3198/1632 2400/3199/1632 478/3200/1632
f 2397/3194/1633 478/3201/1633 54/3202/1633 480/3187/1633
f 2400/3199/1634 2399/3198/1634 2401/3203/1634 2402/3204/1634
f 2400/3199/1635 2402/3204/1635 2403/3205/1635 443/3206/1635
f 2400/3207/1636 443/378/1636 442/377/1636 478/445/1636
f 2403/3205/1637 2402/3204/1637 2404/3208/1637 371/3209/1637
f 2403/3210/1638 371/258/1638 29/257/1638 375/3211/1638
f 2403/3210/1639 375/3211/1639 439/379/1639 443/378/1639
f 2404/3208/1640 2402/3204/1640 2401/3203/1640 2405/3212/1640
f 2404/3208/1641 2405/3212/1641 2406/3213/1641 2407/3214/1641
f 2404/3208/1642 2407/3214/1642 372/3215/1642 371/3209/1642
f 2407/3214/1643 2406/3213/1643 2408/3216/1643 27/230/1643
f 2407/3214/1644 27/230/1644 363/244/1644 372/3215/1644
f 2406/3213/1645 2405/3212/1645 2409/3217/1645 2410/3218/1645
f 2406/3213/1646 2410/3218/1646 352/231/1646 2408/3216/1646
f 2410/3219/1647 2409/3220/1647 2411/3221/1647 2412/3222/1647
f 2410/3219/1648 2412/3222/1648 353/3223/1648 352/3224/1648
f 2412/3225/1649 2411/3226/1649 2413/3227/1649 2414/3228/1649
f 2412/3225/1650 2414/3228/1650 2415/3229/1650 353/232/1650
f 2415/3229/1651 2414/3228/1651 2416/3230/1651 2417/3231/1651
f 2415/3229/1652 2417/3231/1652 2418/3232/1652 2419/3233/1652
f 2415/3234/1653 2419/3235/1653 354/3236/1653 353/3237/1653
f 2419/3235/1654 1921/3238/1654 1920/3239/1654 354/3236/1654
f 2419/3233/1655 2418/3232/1655 1923/2513/1655 1921/2511/1655
f 2418/3232/1656 2417/3231/1656 319/191/1656 321/193/1656
f 2418/3232/1657 321/193/1657 1925/2515/1657 1923/2513/1657
f 2417/3231/1658 2416/3230/1658 320/192/1658 319/191/1658
f 2416/3230/1659 2420/3240/1659 2421/3241/1659 320/192/1659
f 2416/3230/1660 2414/3228/1660 2413/3227/1660 2420/3240/1660
f 2421/3241/1661 2422/3242/1661 2423/3243/1661 2424/3244/1661
f 2421/3241/1662 2424/3244/1662 317/189/1662 320/192/1662
f 2421/3241/1663 2420/3240/1663 2425/3245/1663 2422/3242/1663
f 2425/3245/1664 2426/3246/1664 2427/3247/1664 2422/3242/1664
f 2425/3245/1665 2420/3240/1665 2413/3227/1665 2428/3248/1665
f 2425/3249/1666 2428/3250/1666 2429/3251/1666 2426/3252/1666
f 2429/3251/1667 2430/3253/1667 2431/3254/1667 2426/3252/1667
f 2429/3255/1668 2428/3248/1668 2432/3256/1668 2433/3257/1668
f 2429/3258/1669 2433/3259/1669 2395/3191/1669 2430/3260/1669
f 2433/3259/1670 2432/3261/1670 2434/3262/1670 2398/3263/1670
f 2433/3259/1671 2398/3263/1671 2396/3192/1671 2395/3191/1671
f 2434/3262/1672 2432/3261/1672 2411/3221/1672 2409/3220/1672
f 2434/3262/1673 2409/3220/1673 2405/3264/1673 2401/3265/1673
f 2434/3266/1674 2401/3203/1674 2399/3198/1674 2398/3197/1674
f 2432/3256/1675 2428/3248/1675 2413/3227/1675 2411/3226/1675
f 2431/3254/1676 2435/3267/1676 2436/3268/1676 2437/3269/1676
f 2431/3270/1677 2437/3271/1677 2427/3247/1677 2426/3246/1677
f 2431/3254/1678 2430/3253/1678 2438/3272/1678 2435/3267/1678
f 2438/3272/1679 2439/3273/1679 2440/3274/1679 2435/3267/1679
f 2438/3275/1680 2430/3260/1680 2395/3191/1680 2393/3190/1680
f 2438/3275/1681 2393/3190/1681 2392/3276/1681 2439/3277/1681
f 2440/3278/1682 2441/3279/1682 2442/3280/1682 2443/3281/1682
f 2440/3278/1683 2443/3281/1683 2436/3282/1683 2435/3283/1683
f 2440/3278/1684 2439/3284/1684 2444/3285/1684 2441/3279/1684
f 2444/3285/1685 2439/3284/1685 2392/3182/1685 2391/3181/1685
f 2444/3286/1686 2391/3287/1686 2445/3288/1686 2446/3289/1686
f 2444/3285/1687 2446/3290/1687 2447/3291/1687 2441/3279/1687
f 2447/3292/1688 2446/3293/1688 2448/3294/1688 2449/3295/1688
f 2447/3292/1689 2449/3295/1689 2450/3296/1689 2451/3297/1689
f 2447/3292/1690 2451/3297/1690 2442/3298/1690 2441/3299/1690
f 2451/3297/1691 2450/3296/1691 2452/3300/1691 2453/3301/1691
f 2451/3297/1692 2453/3301/1692 2454/3302/1692 2442/3298/1692
f 2454/3302/1693 2455/3303/1693 2443/3304/1693 2442/3298/1693
f 2454/3302/1694 2453/3301/1694 2456/3305/1694 2457/3306/1694
f 2454/3307/1695 2457/3308/1695 416/3309/1695 2455/3310/1695
f 2457/3306/1696 2456/3305/1696 484/453/1696 458/412/1696
f 2457/3311/1697 458/3312/1697 417/331/1697 416/330/1697
f 2456/3305/1698 2453/3301/1698 2452/3300/1698 2458/3313/1698
f 2456/3305/1699 2458/3313/1699 2459/3314/1699 484/453/1699
f 2459/3315/1700 2458/3316/1700 2460/3317/1700 2461/3318/1700
f 2459/3315/1701 2461/3318/1701 2462/3319/1701 485/3320/1701
f 2459/3314/1702 485/454/1702 56/451/1702 484/453/1702
f 2462/3321/1703 2461/3322/1703 547/540/1703 546/539/1703
f 2462/3321/1704 546/539/1704 2463/3323/1704 2464/3324/1704
f 2462/3319/1705 2464/3325/1705 486/3326/1705 485/3320/1705
f 2464/3324/1706 2463/3323/1706 559/554/1706 558/553/1706
f 2464/3324/1707 558/553/1707 557/552/1707 486/455/1707
f 2463/3323/1708 546/539/1708 545/538/1708 2465/3327/1708
f 2463/3323/1709 2465/3327/1709 2466/3328/1709 559/554/1709
f 2466/3328/1710 2465/3327/1710 2467/3329/1710 2468/3330/1710
f 2466/3328/1711 2468/3330/1711 2469/3331/1711 2470/3332/1711
f 2466/3328/1712 2470/3332/1712 560/555/1712 559/554/1712
f 2470/3332/1713 2469/3331/1713 2471/3333/1713 619/644/1713
f 2470/3332/1714 619/644/1714 561/556/1714 560/555/1714
f 2471/3333/1715 2469/3331/1715 2472/3334/1715 2473/3335/1715
f 2471/3333/1716 2473/3335/1716 2474/3336/1716 2475/3337/1716
f 2471/3333/1717 2475/3337/1717 620/645/1717 619/644/1717
f 2475/3337/1718 2474/3336/1718 2476/3338/1718 2477/3339/1718
f 2475/3337/1719 2477/3339/1719 2478/3340/1719 620/645/1719
f 2478/3340/1720 618/643/1720 77/642/1720 620/645/1720
f 2478/3340/1721 2477/3339/1721 2479/3341/1721 2480/3342/1721
f 2478/3340/1722 2480/3342/1722 2481/3343/1722 618/643/1722
f 2481/3343/1723 557/552/1723 556/551/1723 618/643/1723
f 2481/3343/1724 2480/3342/1724 488/457/1724 487/456/1724
f 2481/3343/1725 487/456/1725 486/455/1725 557/552/1725
f 2480/3342/1726 2479/3341/1726 2482/3344/1726 488/457/1726
f 2482/3345/1727 2479/3346/1727 2483/3347/1727 2484/3348/1727
f 2482/3345/1728 2484/3348/1728 2485/3349/1728 2486/3350/1728
f 2482/3344/1729 2486/3351/1729 483/452/1729 488/457/1729
f 2486/3351/1730 2485/3352/1730 2487/3353/1730 476/442/1730
f 2486/3351/1731 476/442/1731 460/414/1731 483/452/1731
f 2487/3354/1732 2485/3349/1732 362/242/1732 361/241/1732
f 2487/3354/1733 361/241/1733 360/240/1733 2488/3355/1733
f 2487/3354/1734 2488/3355/1734 457/3356/1734 476/3357/1734
f 2488/3355/1735 360/240/1735 2489/3358/1735 2490/3359/1735
f 2488/3355/1736 2490/3359/1736 455/401/1736 457/3356/1736
f 2490/3359/1737 2489/3358/1737 2491/3360/1737 2492/3361/1737
f 2490/3359/1738 2492/3361/1738 456/402/1738 455/401/1738
f 2492/3361/1739 2491/3360/1739 2493/3362/1739 2494/3363/1739
f 2492/3361/1740 2494/3363/1740 2495/3364/1740 456/402/1740
f 2495/3365/1741 419/334/1741 418/333/1741 456/3366/1741
f 2495/3367/1742 2494/3368/1742 2423/3369/1742 2496/3370/1742
f 2495/3367/1743 2496/3370/1743 2497/3371/1743 419/3372/1743
f 2497/3371/1744 2498/3373/1744 415/3374/1744 419/3372/1744
f 2497/3371/1745 2496/3370/1745 2427/3375/1745 2437/3376/1745
f 2497/3371/1746 2437/3376/1746 2436/3377/1746 2498/3373/1746
f 2498/3378/1747 2455/3379/1747 416/3380/1747 415/3381/1747
f 2498/3373/1748 2436/3377/1748 2443/3382/1748 2455/3383/1748
f 2496/3384/1749 2423/3243/1749 2422/3242/1749 2427/3247/1749
f 2494/3368/1750 2493/3385/1750 2424/3386/1750 2423/3369/1750
f 2493/3362/1751 2491/3360/1751 2499/3387/1751 318/190/1751
f 2493/3362/1752 318/190/1752 317/189/1752 2424/3244/1752
f 2499/3387/1753 2500/3388/1753 315/187/1753 318/190/1753
f 2500/3388/1754 2499/3387/1754 2501/3389/1754 2502/3390/1754
f 2500/3388/1755 2502/3390/1755 2503/3391/1755 2504/3392/1755
f 2500/3388/1756 2504/3392/1756 316/188/1756 315/187/1756
f 2504/3392/1757 2503/3391/1757 2505/3393/1757 2506/3394/1757
f 2504/3392/1758 2506/3394/1758 2507/3395/1758 316/188/1758
f 2507/3395/1759 2506/3394/1759 2508/3396/1759 2509/3397/1759
f 2507/3395/1760 2509/3397/1760 2510/3398/1760 2511/3399/1760
f 2507/3395/1761 2511/3399/1761 312/184/1761 316/188/1761
f 2511/3399/1762 2510/3398/1762 280/3400/1762 2512/3401/1762
f 2511/3399/1763 2512/3401/1763 313/185/1763 312/184/1763
f 2512/3401/1764 2513/3402/1764 1929/2519/1764 313/185/1764
f 2512/3401/1765 280/3400/1765 279/3403/1765 2513/3402/1765
f 2513/3402/1766 1932/2522/1766 1930/2520/1766 1929/2519/1766
f 2513/3402/1767 279/3403/1767 278/2524/1767 1932/2522/1767
f 2510/3398/1768 2509/3397/1768 2514/3404/1768 2515/3405/1768
f 2510/3398/1769 2515/3405/1769 281/3406/1769 280/3400/1769
f 2515/3407/1770 2514/3408/1770 2516/3409/1770 2517/3410/1770
f 2515/3407/1771 2517/3410/1771 282/139/1771 281/138/1771
f 2517/3410/1772 2516/3409/1772 2518/3411/1772 2519/3412/1772
f 2517/3410/1773 2519/3412/1773 2520/3413/1773 282/139/1773
f 2520/3413/1774 2519/3412/1774 2521/3414/1774 2522/3415/1774
f 2520/3413/1775 2522/3415/1775 2523/3416/1775 2524/3417/1775
f 2520/3413/1776 2524/3417/1776 276/133/1776 282/139/1776
f 2524/3417/1777 2525/3418/1777 277/134/1777 276/133/1777
f 2524/3417/1778 2523/3416/1778 2526/3419/1778 2525/3418/1778
f 2526/3419/1779 2527/3420/1779 2528/3421/1779 2525/3418/1779
f 2526/3422/1780 2523/3423/1780 2529/3424/1780 2530/3425/1780
f 2526/3422/1781 2530/3425/1781 2531/3426/1781 2527/3427/1781
f 2531/3426/1782 2532/3428/1782 2533/3429/1782 2527/3427/1782
f 2531/3426/1783 2530/3425/1783 2534/3430/1783 2535/3431/1783
f 2531/3426/1784 2535/3431/1784 1962/2560/1784 2532/3428/1784
f 2535/3431/1785 2534/3430/1785 1968/2566/1785 1965/2563/1785
f 2535/3431/1786 1965/2563/1786 1963/2561/1786 1962/2560/1786
f 2534/3430/1787 2530/3425/1787 2529/3424/1787 2536/3432/1787
f 2534/3433/1788 2536/3434/1788 1970/2570/1788 1968/2569/1788
f 2536/3434/1789 2529/3435/1789 2537/3436/1789 2538/3437/1789
f 2536/3434/1790 2538/3437/1790 1972/2573/1790 1970/2570/1790
f 2538/3437/1791 2537/3436/1791 2539/3438/1791 2540/3439/1791
f 2538/3437/1792 2540/3439/1792 1974/2575/1792 1972/2573/1792
f 2540/3439/1793 2539/3438/1793 2541/3440/1793 2542/3441/1793
f 2540/3439/1794 2542/3441/1794 1976/2577/1794 1974/2575/1794
f 2542/3442/1795 2541/3443/1795 2543/3444/1795 2544/3445/1795
f 2542/3441/1796 2544/3446/1796 2545/3447/1796 1976/2577/1796
f 2545/3447/1797 2544/3446/1797 2546/3448/1797 2547/3449/1797
f 2545/3447/1798 2547/3449/1798 2548/3450/1798 1979/2580/1798
f 2545/3447/1799 1979/2580/1799 1977/2578/1799 1976/2577/1799
f 2548/3450/1800 2547/3449/1800 2549/3451/1800 2550/3452/1800
f 2548/3450/1801 2550/3452/1801 1984/2585/1801 1982/2583/1801
f 2548/3450/1802 1982/2583/1802 1980/2581/1802 1979/2580/1802
f 2550/3452/1803 2549/3451/1803 2551/3453/1803 2552/3454/1803
f 2550/3452/1804 2552/3454/1804 2553/3455/1804 1984/2585/1804
f 2553/3455/1805 2552/3454/1805 2554/3456/1805 2555/3457/1805
f 2553/3455/1806 2555/3457/1806 2556/3458/1806 1987/2588/1806
f 2553/3455/1807 1987/2588/1807 1985/2586/1807 1984/2585/1807
f 2556/3458/1808 2555/3457/1808 2557/3459/1808 2558/3460/1808
f 2556/3458/1809 2558/3460/1809 2559/3461/1809 1990/2591/1809
f 2556/3458/1810 1990/2591/1810 1988/2589/1810 1987/2588/1810
f 2559/3461/1811 2558/3460/1811 2560/3462/1811 2561/3463/1811
f 2559/3461/1812 2561/3463/1812 2562/3464/1812 2563/3465/1812
f 2559/3461/1813 2563/3465/1813 1991/2592/1813 1990/2591/1813
f 2563/3465/1814 2562/3464/1814 2564/3466/1814 2565/3467/1814
f 2563/3465/1815 2565/3467/1815 1992/2593/1815 1991/2592/1815
f 2565/3467/1816 2564/3466/1816 2566/3468/1816 2567/3469/1816
f 2565/3467/1817 2567/3469/1817 1994/2595/1817 1992/2593/1817
f 2567/3469/1818 2566/3468/1818 2568/3470/1818 2569/3471/1818
f 2567/3469/1819 2569/3471/1819 1996/2597/1819 1994/2595/1819
f 2569/3471/1820 2568/3470/1820 2570/3472/1820 2571/3473/1820
f 2569/3471/1821 2571/3473/1821 1998/2599/1821 1996/2597/1821
f 2571/3473/1822 2570/3472/1822 2572/3474/1822 2573/3475/1822
f 2571/3473/1823 2573/3475/1823 2000/2601/1823 1998/2599/1823
f 2573/3476/1824 2572/3477/1824 2574/3478/1824 2575/3479/1824
f 2573/3475/1825 2575/3480/1825 2002/2603/1825 2000/2601/1825
f 2575/3479/1826 2574/3478/1826 2576/3481/1826 2577/3482/1826
f 2575/3479/1827 2577/3482/1827 2004/2607/1827 2002/2606/1827
f 2577/3482/1828 2576/3481/1828 2578/3483/1828 2579/3484/1828
f 2577/3482/1829 2579/3484/1829 2006/2609/1829 2004/2607/1829
f 2579/3484/1830 2578/3483/1830 2580/3485/1830 2581/3486/1830
f 2579/3484/1831 2581/3486/1831 2008/2611/1831 2006/2609/1831
f 2581/3486/1832 2580/3485/1832 2582/3487/1832 2583/3488/1832
f 2581/3486/1833 2583/3488/1833 2010/2613/1833 2008/2611/1833
f 2583/3488/1834 2582/3487/1834 2584/3489/1834 2015/3490/1834
f 2583/3488/1835 2015/3490/1835 2012/2615/1835 2010/2613/1835
f 2584/3489/1836 2582/3487/1836 2585/3491/1836 2586/3492/1836
f 2584/3493/1837 2586/3494/1837 2587/3495/1837 2019/2625/1837
f 2584/3493/1838 2019/2625/1838 2016/2621/1838 2015/2620/1838
f 2587/3495/1839 2586/3494/1839 2588/3496/1839 2589/3497/1839
f 2587/3495/1840 2589/3497/1840 2590/3498/1840 2022/2628/1840
f 2587/3495/1841 2022/2628/1841 2020/2626/1841 2019/2625/1841
f 2590/3498/1842 2589/3497/1842 2591/3499/1842 2592/3500/1842
f 2590/3498/1843 2592/3500/1843 2593/3501/1843 2594/3502/1843
f 2590/3498/1844 2594/3502/1844 2023/2629/1844 2022/2628/1844
f 2594/3502/1845 2593/3501/1845 2595/3503/1845 2596/3504/1845
f 2594/3502/1846 2596/3504/1846 2024/2630/1846 2023/2629/1846
f 2596/3504/1847 2595/3503/1847 2597/3505/1847 2598/3506/1847
f 2596/3504/1848 2598/3506/1848 2026/2632/1848 2024/2630/1848
f 2598/3506/1849 2597/3505/1849 2599/3507/1849 2600/3508/1849
f 2598/3506/1850 2600/3508/1850 2028/2634/1850 2026/2632/1850
f 2600/3508/1851 2599/3507/1851 2601/3509/1851 2602/3510/1851
f 2600/3508/1852 2602/3510/1852 2603/3511/1852 2028/2634/1852
f 2603/3511/1853 2602/3510/1853 2604/3512/1853 2605/3513/1853
f 2603/3511/1854 2605/3513/1854 2033/2639/1854 2031/2637/1854
f 2603/3511/1855 2031/2637/1855 2029/2635/1855 2028/2634/1855
f 2605/3513/1856 2604/3512/1856 2606/3514/1856 2607/3515/1856
f 2605/3513/1857 2607/3515/1857 2608/3516/1857 2033/2639/1857
f 2608/3516/1858 2607/3515/1858 2609/3517/1858 2610/3518/1858
f 2608/3516/1859 2610/3518/1859 2611/3519/1859 2036/2642/1859
f 2608/3516/1860 2036/2642/1860 2034/2640/1860 2033/2639/1860
f 2611/3520/1861 2610/3521/1861 2612/3522/1861 349/226/1861
f 2611/3520/1862 349/226/1862 348/225/1862 2039/3523/1862
f 2611/3519/1863 2039/2646/1863 2037/2643/1863 2036/2642/1863
f 2612/3522/1864 2610/3521/1864 2609/3524/1864 2613/3525/1864
f 2612/3522/1865 2613/3525/1865 2614/3526/1865 2615/3527/1865
f 2612/3522/1866 2615/3527/1866 24/219/1866 349/226/1866
f 2615/3527/1867 2614/3526/1867 2616/3528/1867 2617/3529/1867
f 2615/3527/1868 2617/3529/1868 346/223/1868 24/219/1868
f 2617/3529/1869 2616/3528/1869 2618/3530/1869 2619/3531/1869
f 2617/3529/1870 2619/3531/1870 2620/3532/1870 346/223/1870
f 2620/3532/1871 2619/3531/1871 2621/3533/1871 2622/3534/1871
f 2620/3532/1872 2622/3534/1872 2554/3535/1872 2623/3536/1872
f 2620/3532/1873 2623/3536/1873 347/224/1873 346/223/1873
f 2623/3537/1874 2554/3456/1874 2552/3454/1874 2551/3453/1874
f 2623/3536/1875 2551/3538/1875 2624/3539/1875 347/224/1875
f 2624/3539/1876 2625/3540/1876 343/220/1876 347/224/1876
f 2624/3539/1877 2551/3538/1877 2549/3541/1877 2626/3542/1877
f 2624/3539/1878 2626/3542/1878 2627/3543/1878 2625/3540/1878
f 2627/3543/1879 2628/3544/1879 2629/3545/1879 2625/3540/1879
f 2627/3543/1880 2626/3542/1880 2546/3546/1880 2630/3547/1880
f 2627/3543/1881 2630/3547/1881 2631/3548/1881 2628/3544/1881
f 2631/3548/1882 2632/3549/1882 2633/3550/1882 2628/3544/1882
f 2631/3551/1883 2630/3552/1883 2543/3553/1883 2634/3554/1883
f 2631/3555/1884 2634/3556/1884 2635/3557/1884 2632/3558/1884
f 2635/3557/1885 2636/3559/1885 2637/3560/1885 2632/3558/1885
f 2635/3561/1886 2634/3554/1886 2638/3562/1886 2518/3563/1886
f 2635/3557/1887 2518/3411/1887 2516/3409/1887 2636/3559/1887
f 2638/3562/1888 2634/3554/1888 2543/3553/1888 2541/3564/1888
f 2638/3565/1889 2541/3566/1889 2539/3567/1889 2521/3414/1889
f 2638/3565/1890 2521/3414/1890 2519/3412/1890 2518/3411/1890
f 2637/3568/1891 2639/3569/1891 2640/3570/1891 2641/3571/1891
f 2637/3572/1892 2641/3573/1892 2633/3550/1892 2632/3549/1892
f 2637/3568/1893 2636/3574/1893 2642/3575/1893 2639/3569/1893
f 2642/3575/1894 2508/3396/1894 2643/3576/1894 2639/3569/1894
f 2642/3577/1895 2636/3559/1895 2516/3409/1895 2514/3408/1895
f 2642/3575/1896 2514/3404/1896 2509/3397/1896 2508/3396/1896
f 2643/3576/1897 2505/3393/1897 2644/3578/1897 2645/3579/1897
f 2643/3576/1898 2645/3579/1898 2640/3570/1898 2639/3569/1898
f 2643/3576/1899 2508/3396/1899 2506/3394/1899 2505/3393/1899
f 2645/3579/1900 2644/3578/1900 2646/3580/1900 2647/3581/1900
f 2645/3579/1901 2647/3581/1901 2648/3582/1901 2640/3570/1901
f 2648/3582/1902 2647/3581/1902 2649/3583/1902 2650/3584/1902
f 2648/3582/1903 2650/3584/1903 2651/3585/1903 2652/3586/1903
f 2648/3582/1904 2652/3586/1904 2641/3571/1904 2640/3570/1904
f 2652/3587/1905 2651/3588/1905 2653/3589/1905 2654/3590/1905
f 2652/3587/1906 2654/3590/1906 2633/3550/1906 2641/3573/1906
f 2654/3590/1907 2653/3589/1907 344/221/1907 2629/3545/1907
f 2654/3590/1908 2629/3545/1908 2628/3544/1908 2633/3550/1908
f 2653/3589/1909 2651/3588/1909 2655/3591/1909 2656/3592/1909
f 2653/3589/1910 2656/3592/1910 345/222/1910 344/221/1910
f 2656/3592/1911 2655/3591/1911 2043/2654/1911 2042/2653/1911
f 2656/3592/1912 2042/2653/1912 348/225/1912 345/222/1912
f 2655/3593/1913 2657/3594/1913 2044/2658/1913 2043/3595/1913
f 2655/3593/1914 2651/3585/1914 2650/3584/1914 2657/3594/1914
f 2657/3594/1915 2658/3596/1915 2046/2659/1915 2044/2658/1915
f 2657/3594/1916 2650/3584/1916 2649/3583/1916 2658/3596/1916
f 2658/3596/1917 425/345/1917 424/344/1917 2046/2659/1917
f 2658/3596/1918 2649/3583/1918 431/351/1918 425/345/1918
f 2649/3583/1919 2647/3581/1919 2646/3580/1919 431/351/1919
f 2646/3580/1920 2659/3597/1920 430/350/1920 431/351/1920
f 2646/3580/1921 2644/3578/1921 2660/3598/1921 2659/3597/1921
f 2660/3598/1922 356/236/1922 355/235/1922 2659/3597/1922
f 2660/3598/1923 2644/3578/1923 2505/3393/1923 2503/3391/1923
f 2660/3598/1924 2503/3391/1924 2502/3390/1924 356/236/1924
f 2659/3597/1925 355/235/1925 359/239/1925 430/350/1925
f 2630/3599/1926 2546/3600/1926 2544/3445/1926 2543/3444/1926
f 2629/3545/1927 344/221/1927 343/220/1927 2625/3540/1927
f 2626/3601/1928 2549/3451/1928 2547/3449/1928 2546/3448/1928
f 2622/3602/1929 2621/3603/1929 2661/3604/1929 2557/3459/1929
f 2622/3602/1930 2557/3459/1930 2555/3457/1930 2554/3456/1930
f 2661/3605/1931 2621/3533/1931 2662/3606/1931 2663/3607/1931
f 2661/3604/1932 2663/3608/1932 2664/3609/1932 2560/3462/1932
f 2661/3604/1933 2560/3462/1933 2558/3460/1933 2557/3459/1933
f 2664/3609/1934 2663/3608/1934 2665/3610/1934 2666/3611/1934
f 2664/3609/1935 2666/3611/1935 2667/3612/1935 2668/3613/1935
f 2664/3609/1936 2668/3613/1936 2561/3463/1936 2560/3462/1936
f 2668/3613/1937 2667/3612/1937 2669/3614/1937 2670/3615/1937
f 2668/3613/1938 2670/3615/1938 2562/3464/1938 2561/3463/1938
f 2670/3615/1939 2669/3614/1939 2671/3616/1939 2672/3617/1939
f 2670/3615/1940 2672/3617/1940 2564/3466/1940 2562/3464/1940
f 2672/3617/1941 2671/3616/1941 2673/3618/1941 2674/3619/1941
f 2672/3617/1942 2674/3619/1942 2566/3468/1942 2564/3466/1942
f 2674/3619/1943 2673/3618/1943 2675/3620/1943 2676/3621/1943
f 2674/3619/1944 2676/3621/1944 2568/3470/1944 2566/3468/1944
f 2676/3622/1945 2675/3623/1945 2677/3624/1945 2678/3625/1945
f 2676/3621/1946 2678/3626/1946 2570/3472/1946 2568/3470/1946
f 2678/3626/1947 2677/3627/1947 2679/3628/1947 2680/3629/1947
f 2678/3626/1948 2680/3629/1948 2572/3474/1948 2570/3472/1948
f 2680/3629/1949 2679/3628/1949 2681/3630/1949 2682/3631/1949
f 2680/3629/1950 2682/3631/1950 2574/3632/1950 2572/3474/1950
f 2682/3633/1951 2681/3634/1951 2683/3635/1951 2684/3636/1951
f 2682/3633/1952 2684/3636/1952 2576/3481/1952 2574/3478/1952
f 2684/3636/1953 2683/3635/1953 2685/3637/1953 2686/3638/1953
f 2684/3636/1954 2686/3638/1954 2578/3483/1954 2576/3481/1954
f 2686/3638/1955 2685/3637/1955 2687/3639/1955 2688/3640/1955
f 2686/3638/1956 2688/3640/1956 2580/3485/1956 2578/3483/1956
f 2688/3640/1957 2687/3639/1957 2689/3641/1957 2585/3491/1957
f 2688/3640/1958 2585/3491/1958 2582/3487/1958 2580/3485/1958
f 2689/3641/1959 2687/3639/1959 2690/3642/1959 2691/3643/1959
f 2689/3641/1960 2691/3643/1960 2692/3644/1960 2588/3645/1960
f 2689/3641/1961 2588/3645/1961 2586/3492/1961 2585/3491/1961
f 2692/3644/1962 2691/3643/1962 2693/3646/1962 2694/3647/1962
f 2692/3648/1963 2694/3649/1963 2695/3650/1963 2591/3499/1963
f 2692/3648/1964 2591/3499/1964 2589/3497/1964 2588/3496/1964
f 2695/3650/1965 2694/3649/1965 2696/3651/1965 2697/3652/1965
f 2695/3650/1966 2697/3652/1966 2698/3653/1966 2699/3654/1966
f 2695/3650/1967 2699/3654/1967 2592/3500/1967 2591/3499/1967
f 2699/3654/1968 2698/3653/1968 2700/3655/1968 2701/3656/1968
f 2699/3654/1969 2701/3656/1969 2593/3501/1969 2592/3500/1969
f 2701/3656/1970 2700/3655/1970 2702/3657/1970 2703/3658/1970
f 2701/3656/1971 2703/3658/1971 2595/3503/1971 2593/3501/1971
f 2703/3658/1972 2702/3657/1972 613/637/1972 2704/3659/1972
f 2703/3658/1973 2704/3659/1973 2597/3505/1973 2595/3503/1973
f 2704/3659/1974 613/637/1974 612/636/1974 2705/3660/1974
f 2704/3659/1975 2705/3660/1975 2599/3507/1975 2597/3505/1975
f 2705/3660/1976 612/636/1976 617/641/1976 2706/3661/1976
f 2705/3660/1977 2706/3661/1977 2601/3509/1977 2599/3507/1977
f 2706/3662/1978 617/3663/1978 2707/3664/1978 2708/3665/1978
f 2706/3661/1979 2708/3666/1979 2709/3667/1979 2601/3509/1979
f 2709/3667/1980 2708/3666/1980 2710/3668/1980 2711/3669/1980
f 2709/3667/1981 2711/3669/1981 2606/3514/1981 2604/3512/1981
f 2709/3667/1982 2604/3512/1982 2602/3510/1982 2601/3509/1982
f 2711/3669/1983 2710/3668/1983 2712/3670/1983 2713/3671/1983
f 2711/3669/1984 2713/3671/1984 2714/3672/1984 2606/3514/1984
f 2714/3672/1985 2713/3671/1985 529/3673/1985 528/3674/1985
f 2714/3672/1986 528/3674/1986 2613/3675/1986 2609/3517/1986
f 2714/3672/1987 2609/3517/1987 2607/3515/1987 2606/3514/1987
f 2713/3671/1988 2712/3670/1988 2715/3676/1988 529/3673/1988
f 2715/3676/1989 2712/3670/1989 2716/3677/1989 2717/3678/1989
f 2715/3679/1990 2717/3680/1990 2718/3681/1990 2719/3682/1990
f 2715/3679/1991 2719/3682/1991 530/508/1991 529/507/1991
f 2719/3682/1992 2718/3681/1992 2720/3683/1992 2721/3684/1992
f 2719/3682/1993 2721/3684/1993 533/512/1993 530/508/1993
f 2721/3685/1994 2720/3686/1994 585/589/1994 587/593/1994
f 2721/3685/1995 587/593/1995 534/515/1995 533/514/1995
f 2720/3683/1996 2718/3681/1996 2722/3687/1996 2723/3688/1996
f 2720/3683/1997 2723/3688/1997 586/3689/1997 585/3690/1997
f 2723/3688/1998 2722/3687/1998 2724/3691/1998 2725/3692/1998
f 2723/3688/1999 2725/3692/1999 2726/3693/1999 586/3689/1999
f 2726/3693/2000 2725/3692/2000 2727/3694/2000 2728/3695/2000
f 2726/3693/2001 2728/3695/2001 2729/3696/2001 575/573/2001
f 2726/3697/2002 575/3698/2002 571/591/2002 586/590/2002
f 2729/3699/2003 2728/3700/2003 2730/3701/2003 2731/3702/2003
f 2729/3696/2004 2731/3703/2004 2732/3704/2004 2733/3705/2004
f 2729/3696/2005 2733/3705/2005 572/570/2005 575/573/2005
f 2733/3706/2006 2732/3707/2006 2734/3708/2006 2735/3709/2006
f 2733/3706/2007 2735/3709/2007 573/3710/2007 572/3711/2007
f 2735/3709/2008 2734/3708/2008 2736/3712/2008 2737/3713/2008
f 2735/3709/2009 2737/3713/2009 2738/3714/2009 573/3710/2009
f 2738/3714/2010 2737/3713/2010 2739/3715/2010 2740/3716/2010
f 2738/3714/2011 2740/3716/2011 2741/3717/2011 2742/3718/2011
f 2738/3714/2012 2742/3718/2012 574/3719/2012 573/3710/2012
f 2742/3718/2013 2741/3717/2013 2743/3720/2013 2744/3721/2013
f 2742/3718/2014 2744/3721/2014 2745/3722/2014 574/3719/2014
f 2745/3723/2015 2746/3724/2015 69/566/2015 574/572/2015
f 2745/3722/2016 2744/3721/2016 2747/3725/2016 2748/3726/2016
f 2745/3723/2017 2748/3727/2017 2749/3728/2017 2746/3724/2017
f 2749/3728/2018 2750/3729/2018 2751/3730/2018 2746/3724/2018
f 2749/3728/2019 2748/3727/2019 2665/3731/2019 2752/3732/2019
f 2749/3728/2020 2752/3732/2020 2753/3733/2020 2750/3729/2020
f 2753/3733/2021 532/511/2021 531/510/2021 2750/3729/2021
f 2753/3733/2022 2752/3732/2022 2662/3606/2022 2618/3530/2022
f 2753/3733/2023 2618/3530/2023 2616/3528/2023 532/511/2023
f 2752/3732/2024 2665/3731/2024 2663/3607/2024 2662/3606/2024
f 2751/3734/2025 534/515/2025 587/593/2025 570/592/2025
f 2751/3730/2026 570/567/2026 69/566/2026 2746/3724/2026
f 2751/3730/2027 2750/3729/2027 531/510/2027 534/3735/2027
f 2748/3726/2028 2747/3725/2028 2666/3611/2028 2665/3610/2028
f 2747/3725/2029 2744/3721/2029 2743/3720/2029 2754/3736/2029
f 2747/3725/2030 2754/3736/2030 2667/3612/2030 2666/3611/2030
f 2754/3736/2031 2743/3720/2031 2755/3737/2031 2756/3738/2031
f 2754/3736/2032 2756/3738/2032 2669/3614/2032 2667/3612/2032
f 2756/3739/2033 2755/3740/2033 2757/3741/2033 2758/3742/2033
f 2756/3739/2034 2758/3742/2034 2671/3743/2034 2669/3744/2034
f 2758/3745/2035 2757/3746/2035 2759/3747/2035 2760/3748/2035
f 2758/3745/2036 2760/3748/2036 2673/3618/2036 2671/3616/2036
f 2760/3748/2037 2759/3747/2037 2761/3749/2037 2762/3750/2037
f 2760/3748/2038 2762/3750/2038 2675/3620/2038 2673/3618/2038
f 2762/3751/2039 2761/3752/2039 2763/3753/2039 2764/3754/2039
f 2762/3751/2040 2764/3754/2040 2677/3624/2040 2675/3623/2040
f 2764/3755/2041 2763/3756/2041 2765/3757/2041 2766/3758/2041
f 2764/3755/2042 2766/3758/2042 2679/3628/2042 2677/3627/2042
f 2766/3758/2043 2765/3757/2043 2767/3759/2043 2768/3760/2043
f 2766/3758/2044 2768/3760/2044 2681/3630/2044 2679/3628/2044
f 2768/3761/2045 2767/3762/2045 2769/3763/2045 2770/3764/2045
f 2768/3761/2046 2770/3764/2046 2683/3635/2046 2681/3634/2046
f 2770/3764/2047 2769/3763/2047 2771/3765/2047 2772/3766/2047
f 2770/3764/2048 2772/3766/2048 2685/3637/2048 2683/3635/2048
f 2772/3766/2049 2771/3765/2049 2773/3767/2049 2690/3642/2049
f 2772/3766/2050 2690/3642/2050 2687/3639/2050 2685/3637/2050
f 2773/3767/2051 2771/3765/2051 2774/3768/2051 2775/3769/2051
f 2773/3767/2052 2775/3769/2052 2776/3770/2052 2693/3646/2052
f 2773/3767/2053 2693/3646/2053 2691/3643/2053 2690/3642/2053
f 2776/3770/2054 2775/3769/2054 2777/3771/2054 2778/3772/2054
f 2776/3773/2055 2778/3774/2055 2779/3775/2055 2696/3651/2055
f 2776/3770/2056 2696/3776/2056 2694/3647/2056 2693/3646/2056
f 2779/3775/2057 2778/3774/2057 2780/3777/2057 2781/3778/2057
f 2779/3775/2058 2781/3778/2058 2782/3779/2058 2783/3780/2058
f 2779/3775/2059 2783/3780/2059 2697/3652/2059 2696/3651/2059
f 2783/3780/2060 2782/3779/2060 2784/3781/2060 2785/3782/2060
f 2783/3780/2061 2785/3782/2061 2698/3653/2061 2697/3652/2061
f 2785/3783/2062 2784/3784/2062 2786/3785/2062 2787/3786/2062
f 2785/3783/2063 2787/3786/2063 2700/3787/2063 2698/3788/2063
f 2787/3786/2064 2786/3785/2064 2788/3789/2064 2789/3790/2064
f 2787/3791/2065 2789/3792/2065 2702/3657/2065 2700/3655/2065
f 2789/3792/2066 2788/3793/2066 615/639/2066 614/638/2066
f 2789/3792/2067 614/638/2067 613/637/2067 2702/3657/2067
f 2788/3793/2068 2786/3794/2068 2790/3795/2068 2791/3796/2068
f 2788/3797/2069 2791/3798/2069 675/723/2069 615/722/2069
f 2791/3796/2070 2790/3795/2070 2792/3799/2070 594/3800/2070
f 2791/3796/2071 594/3800/2071 591/599/2071 675/724/2071
f 2792/3801/2072 2793/3802/2072 2794/3803/2072 2795/3804/2072
f 2792/3801/2073 2795/3804/2073 593/3805/2073 594/3806/2073
f 2792/3799/2074 2790/3795/2074 2796/3807/2074 2793/3808/2074
f 2796/3807/2075 2797/3809/2075 2798/3810/2075 2793/3808/2075
f 2796/3807/2076 2790/3795/2076 2786/3794/2076 2784/3781/2076
f 2796/3807/2077 2784/3781/2077 2782/3779/2077 2797/3809/2077
f 2798/3811/2078 2799/3812/2078 2800/3813/2078 2801/3814/2078
f 2798/3811/2079 2801/3814/2079 2794/3803/2079 2793/3802/2079
f 2798/3810/2080 2797/3809/2080 2802/3815/2080 2799/3816/2080
f 2802/3815/2081 629/663/2081 596/662/2081 2799/3816/2081
f 2802/3815/2082 2797/3809/2082 2782/3779/2082 2781/3778/2082
f 2802/3815/2083 2781/3778/2083 2780/3777/2083 629/663/2083
f 2801/3817/2084 2800/3818/2084 2803/3819/2084 2804/3820/2084
f 2801/3814/2085 2804/3821/2085 2805/3822/2085 2794/3803/2085
f 2805/3822/2086 2806/3823/2086 2795/3804/2086 2794/3803/2086
f 2805/3824/2087 2804/3820/2087 2807/3825/2087 2808/3826/2087
f 2805/3824/2088 2808/3826/2088 2809/3827/2088 2806/3828/2088
f 2809/3827/2089 576/575/2089 580/3829/2089 2806/3828/2089
f 2809/3827/2090 2808/3826/2090 2810/3830/2090 2811/3831/2090
f 2809/3827/2091 2811/3831/2091 577/576/2091 576/575/2091
f 2811/3831/2092 2810/3830/2092 2812/3832/2092 2813/3833/2092
f 2811/3831/2093 2813/3833/2093 2814/3834/2093 577/576/2093
f 2814/3834/2094 2815/3835/2094 578/577/2094 577/576/2094
f 2814/3834/2095 2813/3833/2095 2761/3749/2095 2759/3747/2095
f 2814/3834/2096 2759/3747/2096 2757/3746/2096 2815/3835/2096
f 2815/3835/2097 2816/3836/2097 583/586/2097 578/577/2097
f 2815/3835/2098 2757/3746/2098 2755/3737/2098 2816/3836/2098
f 2816/3836/2099 2741/3717/2099 2740/3716/2099 583/586/2099
f 2816/3836/2100 2755/3737/2100 2743/3720/2100 2741/3717/2100
f 2813/3837/2101 2812/3838/2101 2763/3753/2101 2761/3752/2101
f 2812/3832/2102 2810/3830/2102 2817/3839/2102 2818/3840/2102
f 2812/3832/2103 2818/3840/2103 2765/3757/2103 2763/3756/2103
f 2818/3840/2104 2817/3839/2104 2819/3841/2104 2820/3842/2104
f 2818/3840/2105 2820/3842/2105 2767/3759/2105 2765/3757/2105
f 2820/3842/2106 2819/3841/2106 2821/3843/2106 2822/3844/2106
f 2820/3845/2107 2822/3846/2107 2769/3763/2107 2767/3762/2107
f 2822/3846/2108 2821/3847/2108 2823/3848/2108 2774/3768/2108
f 2822/3846/2109 2774/3768/2109 2771/3765/2109 2769/3763/2109
f 2823/3848/2110 2821/3847/2110 2824/3849/2110 2825/3850/2110
f 2823/3848/2111 2825/3850/2111 2826/3851/2111 2777/3771/2111
f 2823/3848/2112 2777/3771/2112 2775/3769/2112 2774/3768/2112
f 2826/3851/2113 2825/3850/2113 597/3852/2113 599/3853/2113
f 2826/3854/2114 599/664/2114 629/663/2114 2780/3777/2114
f 2826/3851/2115 2780/3855/2115 2778/3772/2115 2777/3771/2115
f 2825/3850/2116 2824/3849/2116 598/3856/2116 597/3852/2116
f 2824/3857/2117 2827/3858/2117 2803/3819/2117 598/614/2117
f 2824/3857/2118 2821/3843/2118 2819/3841/2118 2827/3858/2118
f 2827/3858/2119 2807/3825/2119 2804/3820/2119 2803/3819/2119
f 2827/3858/2120 2819/3841/2120 2817/3839/2120 2807/3825/2120
f 2817/3839/2121 2810/3830/2121 2808/3826/2121 2807/3825/2121
f 2806/3823/2122 580/3859/2122 593/3805/2122 2795/3804/2122
f 2803/3819/2123 2800/3818/2123 595/615/2123 598/614/2123
f 2800/3813/2124 2799/3812/2124 596/610/2124 595/609/2124
f 2740/3716/2125 2739/3715/2125 584/587/2125 583/586/2125
f 2739/3715/2126 2737/3713/2126 2736/3712/2126 682/735/2126
f 2739/3715/2127 682/735/2127 681/734/2127 584/587/2127
f 2736/3712/2128 2734/3708/2128 2828/3860/2128 2829/3861/2128
f 2736/3712/2129 2829/3861/2129 683/736/2129 682/735/2129
f 2829/3861/2130 2828/3860/2130 2830/3862/2130 2831/3863/2130
f 2829/3861/2131 2831/3863/2131 684/737/2131 683/736/2131
f 2831/3863/2132 2830/3862/2132 2832/3864/2132 2833/3865/2132
f 2831/3863/2133 2833/3865/2133 2834/3866/2133 684/737/2133
f 2834/3866/2134 2833/3865/2134 2835/3867/2134 2836/3868/2134
f 2834/3866/2135 2836/3868/2135 2837/3869/2135 2838/3870/2135
f 2834/3866/2136 2838/3870/2136 680/732/2136 684/737/2136
f 2838/3871/2137 2837/3872/2137 588/595/2137 582/584/2137
f 2838/3871/2138 582/584/2138 581/583/2138 680/3873/2138
f 2837/3874/2139 2836/3875/2139 2839/3876/2139 2840/3877/2139
f 2837/3874/2140 2840/3877/2140 592/602/2140 588/601/2140
f 2840/3877/2141 2839/3876/2141 2841/3878/2141 2842/3879/2141
f 2840/3877/2142 2842/3879/2142 2843/3880/2142 592/602/2142
f 2843/3881/2143 2842/3882/2143 2844/3883/2143 2845/3884/2143
f 2843/3881/2144 2845/3884/2144 2846/3885/2144 2847/3886/2144
f 2843/3881/2145 2847/3886/2145 589/597/2145 592/3887/2145
f 2847/3886/2146 2846/3885/2146 2848/3888/2146 673/718/2146
f 2847/3886/2147 673/718/2147 590/598/2147 589/597/2147
f 2848/3888/2148 2846/3885/2148 2849/3889/2148 2850/3890/2148
f 2848/3888/2149 2850/3890/2149 2851/3891/2149 2852/3892/2149
f 2848/3888/2150 2852/3892/2150 674/719/2150 673/718/2150
f 2852/3892/2151 2851/3891/2151 2717/3678/2151 2716/3677/2151
f 2852/3892/2152 2716/3677/2152 2853/3893/2152 674/719/2152
f 2853/3893/2153 2707/3894/2153 87/717/2153 674/719/2153
f 2853/3893/2154 2716/3677/2154 2712/3670/2154 2710/3668/2154
f 2853/3893/2155 2710/3668/2155 2708/3666/2155 2707/3894/2155
f 2851/3891/2156 2850/3890/2156 2724/3895/2156 2722/3896/2156
f 2851/3891/2157 2722/3896/2157 2718/3897/2157 2717/3678/2157
f 2850/3890/2158 2849/3889/2158 2854/3898/2158 2724/3895/2158
f 2854/3899/2159 2849/3900/2159 2855/3901/2159 2856/3902/2159
f 2854/3899/2160 2856/3902/2160 2857/3903/2160 2727/3694/2160
f 2854/3899/2161 2727/3694/2161 2725/3692/2161 2724/3691/2161
f 2857/3904/2162 2856/3905/2162 700/758/2162 703/761/2162
f 2857/3904/2163 703/761/2163 2858/3906/2163 2730/3701/2163
f 2857/3904/2164 2730/3701/2164 2728/3700/2164 2727/3907/2164
f 2858/3906/2165 703/761/2165 702/760/2165 2859/3908/2165
f 2858/3909/2166 2859/3910/2166 2860/3911/2166 2861/3912/2166
f 2858/3909/2167 2861/3912/2167 2731/3703/2167 2730/3913/2167
f 2861/3912/2168 2860/3911/2168 2862/3914/2168 2863/3915/2168
f 2861/3912/2169 2863/3915/2169 2732/3704/2169 2731/3703/2169
f 2863/3916/2170 2862/3917/2170 2830/3862/2170 2828/3860/2170
f 2863/3916/2171 2828/3860/2171 2734/3708/2171 2732/3707/2171
f 2862/3914/2172 2860/3911/2172 2864/3918/2172 2865/3919/2172
f 2862/3917/2173 2865/3920/2173 2832/3864/2173 2830/3862/2173
f 2865/3919/2174 2864/3918/2174 707/3921/2174 706/3922/2174
f 2865/3920/2175 706/3923/2175 705/3924/2175 2832/3864/2175
f 2864/3918/2176 2866/3925/2176 2867/3926/2176 707/3921/2176
f 2864/3918/2177 2860/3911/2177 2859/3910/2177 2866/3925/2177
f 2867/3926/2178 2868/3927/2178 704/3928/2178 707/3921/2178
f 2867/3926/2179 2866/3925/2179 2869/3929/2179 2841/3930/2179
f 2867/3931/2180 2841/3878/2180 2839/3876/2180 2868/3932/2180
f 2869/3933/2181 2866/3934/2181 2859/3908/2181 702/760/2181
f 2869/3933/2182 702/760/2182 701/759/2182 2844/3883/2182
f 2869/3935/2183 2844/3936/2183 2842/3879/2183 2841/3878/2183
f 2868/3937/2184 2835/3867/2184 705/3924/2184 704/3938/2184
f 2868/3937/2185 2839/3939/2185 2836/3868/2185 2835/3867/2185
f 2856/3905/2186 2855/3940/2186 701/759/2186 700/758/2186
f 2855/3940/2187 2845/3884/2187 2844/3883/2187 701/759/2187
f 2855/3940/2188 2849/3889/2188 2846/3885/2188 2845/3884/2188
f 2835/3867/2189 2833/3865/2189 2832/3864/2189 705/3924/2189
f 2707/3664/2190 617/3663/2190 616/721/2190 87/720/2190
f 2662/3606/2191 2621/3533/2191 2619/3531/2191 2618/3530/2191
f 2616/3528/2192 2614/3526/2192 62/505/2192 532/511/2192
f 2614/3526/2193 2613/3525/2193 528/506/2193 62/505/2193
f 2539/3438/2194 2537/3436/2194 2522/3941/2194 2521/3942/2194
f 2537/3436/2195 2529/3435/2195 2523/3943/2195 2522/3941/2195
f 2533/3944/2196 1957/3945/2196 2870/3946/2196 2871/3947/2196
f 2533/3944/2197 2871/3947/2197 2528/3421/2197 2527/3420/2197
f 2533/3948/2198 2532/3949/2198 1958/3950/2198 1957/3951/2198
f 2871/3947/2199 2870/3946/2199 2872/3952/2199 2873/3953/2199
f 2871/3947/2200 2873/3953/2200 2874/3954/2200 2528/3421/2200
f 2874/3954/2201 2873/3953/2201 2875/3955/2201 2876/3956/2201
f 2874/3954/2202 2876/3956/2202 273/130/2202 277/134/2202
f 2874/3954/2203 277/134/2203 2525/3418/2203 2528/3421/2203
f 2876/3956/2204 2875/3955/2204 246/94/2204 2877/3957/2204
f 2876/3956/2205 2877/3957/2205 274/131/2205 273/130/2205
f 2877/3957/2206 246/94/2206 243/91/2206 1938/2531/2206
f 2877/3957/2207 1938/2531/2207 1936/2529/2207 274/131/2207
f 2875/3955/2208 2878/3958/2208 244/92/2208 246/94/2208
f 2875/3955/2209 2873/3953/2209 2872/3952/2209 2878/3958/2209
f 2878/3958/2210 1949/2542/2210 245/93/2210 244/92/2210
f 2878/3958/2211 2872/3952/2211 1950/2543/2211 1949/2542/2211
f 2872/3952/2212 2870/3946/2212 1952/2545/2212 1950/2543/2212
f 2870/3946/2213 1957/3945/2213 1954/2547/2213 1952/2545/2213
f 2532/3428/2214 1962/2560/2214 1959/2556/2214 1958/2555/2214
f 2502/3390/2215 2501/3389/2215 357/237/2215 356/236/2215
f 2501/3389/2216 2489/3358/2216 360/240/2216 357/237/2216
f 2501/3389/2217 2499/3387/2217 2491/3360/2217 2489/3358/2217
f 2485/3349/2218 2484/3348/2218 2879/3959/2218 362/242/2218
f 2879/3959/2219 2484/3348/2219 2483/3347/2219 2880/3960/2219
f 2879/3959/2220 2880/3960/2220 2881/3961/2220 2882/3962/2220
f 2879/3959/2221 2882/3962/2221 358/238/2221 362/242/2221
f 2882/3962/2222 2881/3961/2222 429/349/2222 428/348/2222
f 2882/3962/2223 428/348/2223 359/239/2223 358/238/2223
f 2881/3961/2224 2880/3960/2224 2883/3963/2224 2884/3964/2224
f 2881/3961/2225 2884/3964/2225 2885/3965/2225 429/349/2225
f 2885/3966/2226 2884/3967/2226 2886/3968/2226 2887/3969/2226
f 2885/3966/2227 2887/3969/2227 2888/3970/2227 2889/3971/2227
f 2885/3965/2228 2889/3972/2228 426/346/2228 429/349/2228
f 2889/3971/2229 2888/3970/2229 2890/3973/2229 2891/3974/2229
f 2889/3972/2230 2891/3975/2230 427/347/2230 426/346/2230
f 2891/3976/2231 2890/3977/2231 2892/3978/2231 2893/3979/2231
f 2891/3975/2232 2893/3980/2232 2894/3981/2232 427/347/2232
f 2894/3981/2233 2893/3980/2233 2895/3982/2233 2053/2670/2233
f 2894/3981/2234 2053/2670/2234 2051/2666/2234 2050/2665/2234
f 2894/3981/2235 2050/2665/2235 423/343/2235 427/347/2235
f 2895/3983/2236 2893/3979/2236 2892/3978/2236 2896/3984/2236
f 2895/3983/2237 2896/3984/2237 2897/3985/2237 2898/3986/2237
f 2895/3982/2238 2898/3987/2238 2054/2671/2238 2053/2670/2238
f 2898/3986/2239 2897/3985/2239 2899/3988/2239 2058/3989/2239
f 2898/3987/2240 2058/2678/2240 2055/2672/2240 2054/2671/2240
f 2899/3988/2241 2897/3985/2241 2900/3990/2241 2901/3991/2241
f 2899/3992/2242 2901/3993/2242 2902/3994/2242 2061/3995/2242
f 2899/3992/2243 2061/3995/2243 2059/3996/2243 2058/3997/2243
f 2902/3994/2244 2901/3993/2244 2903/3998/2244 2904/3999/2244
f 2902/4000/2245 2904/4001/2245 2905/4002/2245 2906/4003/2245
f 2902/4000/2246 2906/4003/2246 2062/2684/2246 2061/2683/2246
f 2906/4003/2247 2905/4002/2247 2907/4004/2247 2908/4005/2247
f 2906/4003/2248 2908/4005/2248 2063/2685/2248 2062/2684/2248
f 2908/4005/2249 2907/4004/2249 2909/4006/2249 2068/4007/2249
f 2908/4005/2250 2068/4007/2250 2065/4008/2250 2063/2685/2250
f 2909/4009/2251 2907/4010/2251 2910/4011/2251 2911/4012/2251
f 2909/4009/2252 2911/4012/2252 2912/4013/2252 2913/4014/2252
f 2909/4009/2253 2913/4014/2253 2069/2697/2253 2068/2696/2253
f 2913/4014/2254 2912/4013/2254 2914/4015/2254 2915/4016/2254
f 2913/4014/2255 2915/4016/2255 2070/2698/2255 2069/2697/2255
f 2915/4016/2256 2914/4015/2256 2916/4017/2256 2917/4018/2256
f 2915/4016/2257 2917/4018/2257 2072/4019/2257 2070/2698/2257
f 2917/4020/2258 2916/4021/2258 2918/4022/2258 2919/4023/2258
f 2917/4020/2259 2919/4023/2259 2074/2708/2259 2072/2702/2259
f 2919/4023/2260 2918/4022/2260 2920/4024/2260 2921/4025/2260
f 2919/4023/2261 2921/4025/2261 2922/4026/2261 2074/2708/2261
f 2922/4026/2262 2921/4025/2262 2923/4027/2262 2924/4028/2262
f 2922/4026/2263 2924/4028/2263 2925/4029/2263 2077/2713/2263
f 2922/4026/2264 2077/2713/2264 2075/2709/2264 2074/2708/2264
f 2925/4029/2265 2924/4028/2265 2926/4030/2265 2927/4031/2265
f 2925/4029/2266 2927/4031/2266 2928/4032/2266 2929/4033/2266
f 2925/4029/2267 2929/4033/2267 2078/2714/2267 2077/2713/2267
f 2929/4034/2268 2928/4035/2268 2930/4036/2268 2931/4037/2268
f 2929/4034/2269 2931/4037/2269 2079/2716/2269 2078/2715/2269
f 2931/4037/2270 2930/4036/2270 2932/4038/2270 2933/4039/2270
f 2931/4037/2271 2933/4039/2271 2081/2719/2271 2079/2716/2271
f 2933/4039/2272 2932/4038/2272 326/200/2272 325/199/2272
f 2933/4039/2273 325/199/2273 330/203/2273 2081/2719/2273
f 2932/4038/2274 2930/4036/2274 2934/4040/2274 2935/4041/2274
f 2932/4038/2275 2935/4041/2275 2936/4042/2275 326/200/2275
f 2936/4042/2276 2935/4041/2276 2937/4043/2276 2938/4044/2276
f 2936/4042/2277 2938/4044/2277 2939/4045/2277 2940/4046/2277
f 2936/4042/2278 2940/4046/2278 327/201/2278 326/200/2278
f 2940/4046/2279 2939/4045/2279 2941/4047/2279 2942/4048/2279
f 2940/4046/2280 2942/4048/2280 2943/4049/2280 327/201/2280
f 2943/4049/2281 2944/4050/2281 328/204/2281 327/201/2281
f 2943/4049/2282 2942/4048/2282 2945/4051/2282 2946/4052/2282
f 2943/4049/2283 2946/4052/2283 2947/4053/2283 2944/4050/2283
f 2947/4053/2284 2948/4054/2284 2949/4055/2284 2944/4050/2284
f 2947/4053/2285 2946/4052/2285 2950/4056/2285 2951/4057/2285
f 2947/4053/2286 2951/4057/2286 2952/4058/2286 2948/4054/2286
f 2952/4058/2287 2953/4059/2287 2954/4060/2287 2948/4054/2287
f 2952/4058/2288 2951/4057/2288 2955/4061/2288 2956/4062/2288
f 2952/4058/2289 2956/4062/2289 2957/4063/2289 2953/4059/2289
f 2957/4063/2290 2958/4064/2290 2959/4065/2290 2953/4059/2290
f 2957/4063/2291 2956/4062/2291 2960/4066/2291 2961/4067/2291
f 2957/4063/2292 2961/4067/2292 2962/4068/2292 2958/4064/2292
f 2962/4068/2293 2963/4069/2293 2964/4070/2293 2958/4064/2293
f 2962/4068/2294 2961/4067/2294 2965/4071/2294 2966/4072/2294
f 2962/4073/2295 2966/4074/2295 2967/4075/2295 2963/4076/2295
f 2967/4075/2296 2968/4077/2296 2969/4078/2296 2963/4076/2296
f 2967/4075/2297 2966/4074/2297 2970/4079/2297 2971/4080/2297
f 2967/4075/2298 2971/4080/2298 2972/4081/2298 2968/4077/2298
f 2972/4081/2299 2973/4082/2299 2974/4083/2299 2968/4077/2299
f 2972/4081/2300 2971/4080/2300 2975/4084/2300 2976/4085/2300
f 2972/4081/2301 2976/4085/2301 2977/4086/2301 2973/4082/2301
f 2977/4086/2302 2978/4087/2302 2979/4088/2302 2973/4082/2302
f 2977/4089/2303 2976/4090/2303 2980/4091/2303 2981/4092/2303
f 2977/4086/2304 2981/4093/2304 2982/4094/2304 2978/4087/2304
f 2982/4094/2305 2983/4095/2305 2984/4096/2305 2978/4087/2305
f 2982/4094/2306 2981/4093/2306 2985/4097/2306 2986/4098/2306
f 2982/4094/2307 2986/4098/2307 2987/4099/2307 2983/4095/2307
f 2987/4099/2308 2988/4100/2308 2989/4101/2308 2983/4095/2308
f 2987/4099/2309 2986/4098/2309 2990/4102/2309 2991/4103/2309
f 2987/4099/2310 2991/4103/2310 2992/4104/2310 2988/4100/2310
f 2992/4104/2311 2993/4105/2311 2994/4106/2311 2988/4100/2311
f 2992/4104/2312 2991/4103/2312 2995/4107/2312 2996/4108/2312
f 2992/4109/2313 2996/4110/2313 2997/4111/2313 2993/4112/2313
f 2997/4111/2314 2998/4113/2314 2999/4114/2314 2993/4112/2314
f 2997/4111/2315 2996/4110/2315 3000/4115/2315 3001/4116/2315
f 2997/4111/2316 3001/4116/2316 3002/4117/2316 2998/4113/2316
f 3002/4117/2317 3003/4118/2317 3004/4119/2317 2998/4113/2317
f 3002/4117/2318 3001/4116/2318 3005/4120/2318 3006/4121/2318
f 3002/4117/2319 3006/4121/2319 3007/4122/2319 3003/4118/2319
f 3007/4122/2320 3008/4123/2320 3009/4124/2320 3003/4118/2320
f 3007/4125/2321 3006/4126/2321 3010/4127/2321 3011/4128/2321
f 3007/4125/2322 3011/4128/2322 3012/4129/2322 3008/4130/2322
f 3012/4129/2323 3013/4131/2323 3014/4132/2323 3008/4130/2323
f 3012/4129/2324 3011/4128/2324 3015/4133/2324 3016/4134/2324
f 3012/4129/2325 3016/4134/2325 3017/4135/2325 3013/4131/2325
f 3017/4135/2326 3018/4136/2326 3019/4137/2326 3013/4131/2326
f 3017/4135/2327 3016/4134/2327 3020/4138/2327 3021/4139/2327
f 3017/4135/2328 3021/4139/2328 3022/4140/2328 3018/4136/2328
f 3022/4140/2329 3023/4141/2329 3024/4142/2329 3018/4136/2329
f 3022/4140/2330 3021/4139/2330 3025/4143/2330 3026/4144/2330
f 3022/4140/2331 3026/4144/2331 3027/4145/2331 3023/4141/2331
f 3027/4145/2332 3028/4146/2332 3029/4147/2332 3023/4141/2332
f 3027/4145/2333 3026/4144/2333 3030/4148/2333 3031/4149/2333
f 3027/4145/2334 3031/4149/2334 3032/4150/2334 3028/4146/2334
f 3032/4150/2335 3033/4151/2335 3034/4152/2335 3028/4146/2335
f 3032/4150/2336 3031/4149/2336 3035/4153/2336 3036/4154/2336
f 3032/4150/2337 3036/4154/2337 3037/4155/2337 3033/4151/2337
f 3037/4155/2338 3038/4156/2338 3039/4157/2338 3033/4151/2338
f 3037/4155/2339 3036/4154/2339 3040/4158/2339 3041/4159/2339
f 3037/4155/2340 3041/4159/2340 3042/4160/2340 3038/4156/2340
f 3042/4160/2341 601/622/2341 3043/4161/2341 3038/4156/2341
f 3042/4160/2342 3041/4159/2342 3044/4162/2342 3045/4163/2342
f 3042/4160/2343 3045/4163/2343 602/623/2343 601/622/2343
f 3045/4163/2344 3044/4162/2344 3046/4164/2344 711/766/2344
f 3045/4163/2345 711/766/2345 603/624/2345 602/623/2345
f 3046/4164/2346 3044/4162/2346 3047/4165/2346 3048/4166/2346
f 3046/4164/2347 3048/4166/2347 3049/4167/2347 3050/4168/2347
f 3046/4164/2348 3050/4168/2348 712/767/2348 711/766/2348
f 3050/4168/2349 3049/4167/2349 3051/4169/2349 3052/4170/2349
f 3050/4168/2350 3052/4170/2350 3053/4171/2350 712/767/2350
f 3053/4171/2351 3054/4172/2351 708/763/2351 712/767/2351
f 3053/4173/2352 3052/4174/2352 3055/4175/2352 3056/4176/2352
f 3053/4173/2353 3056/4176/2353 3057/4177/2353 3054/4178/2353
f 3057/4177/2354 3058/4179/2354 3059/4180/2354 3054/4178/2354
f 3057/4177/2355 3056/4176/2355 755/828/2355 754/827/2355
f 3057/4177/2356 754/827/2356 3060/4181/2356 3058/4179/2356
f 3060/4181/2357 3061/4182/2357 3062/4183/2357 3058/4179/2357
f 3060/4181/2358 754/827/2358 753/826/2358 3063/4184/2358
f 3060/4181/2359 3063/4184/2359 3064/4185/2359 3061/4182/2359
f 3064/4185/2360 3065/4186/2360 3066/4187/2360 3061/4182/2360
f 3064/4185/2361 3063/4184/2361 3067/4188/2361 3068/4189/2361
f 3064/4185/2362 3068/4189/2362 3069/4190/2362 3065/4186/2362
f 3069/4190/2363 3070/4191/2363 3071/4192/2363 3065/4186/2363
f 3069/4190/2364 3068/4189/2364 3072/4193/2364 3073/4194/2364
f 3069/4195/2365 3073/4196/2365 3074/4197/2365 3070/4198/2365
f 3074/4199/2366 3075/4200/2366 3076/4201/2366 3070/4191/2366
f 3074/4197/2367 3073/4196/2367 3077/4202/2367 3078/4203/2367
f 3074/4199/2368 3078/4204/2368 3079/4205/2368 3075/4200/2368
f 3079/4205/2369 3080/4206/2369 3081/4207/2369 3075/4200/2369
f 3079/4208/2370 3078/4209/2370 3082/4210/2370 3083/4211/2370
f 3079/4208/2371 3083/4211/2371 3084/4212/2371 3080/4213/2371
f 3084/4212/2372 3085/4214/2372 3086/4215/2372 3080/4213/2372
f 3084/4212/2373 3083/4211/2373 3087/4216/2373 3088/4217/2373
f 3084/4212/2374 3088/4217/2374 3089/4218/2374 3085/4214/2374
f 3089/4218/2375 3090/4219/2375 3091/4220/2375 3085/4214/2375
f 3089/4218/2376 3088/4217/2376 748/819/2376 747/818/2376
f 3089/4218/2377 747/818/2377 750/822/2377 3090/4219/2377
f 3091/4221/2378 3092/4222/2378 3093/4223/2378 3094/4224/2378
f 3091/4221/2379 3094/4224/2379 3086/4225/2379 3085/4226/2379
f 3091/4220/2380 3090/4219/2380 3095/4227/2380 3092/4228/2380
f 3095/4229/2381 3096/4230/2381 3097/4231/2381 3092/4222/2381
f 3095/4227/2382 3090/4219/2382 750/822/2382 3098/4232/2382
f 3095/4227/2383 3098/4232/2383 3099/4233/2383 3096/4234/2383
f 3099/4233/2384 3100/4235/2384 3101/4236/2384 3096/4234/2384
f 3099/4233/2385 3098/4232/2385 3102/4237/2385 3103/4238/2385
f 3099/4239/2386 3103/4240/2386 3104/4241/2386 3100/4242/2386
f 3104/4241/2387 3105/4243/2387 3106/4244/2387 3100/4242/2387
f 3104/4241/2388 3103/4240/2388 3107/4245/2388 3108/4246/2388
f 3104/4241/2389 3108/4246/2389 3109/4247/2389 3105/4243/2389
f 3109/4247/2390 3110/4248/2390 3111/4249/2390 3105/4243/2390
f 3109/4247/2391 3108/4246/2391 3112/4250/2391 3113/4251/2391
f 3109/4247/2392 3113/4251/2392 3114/4252/2392 3110/4248/2392
f 3114/4253/2393 3115/4254/2393 3116/4255/2393 3110/4256/2393
f 3114/4252/2394 3113/4251/2394 3117/4257/2394 3118/4258/2394
f 3114/4252/2395 3118/4258/2395 909/1075/2395 3115/4259/2395
f 3118/4258/2396 3117/4257/2396 3119/4260/2396 3120/4261/2396
f 3118/4258/2397 3120/4261/2397 908/1076/2397 909/1075/2397
f 3120/4262/2398 3119/4263/2398 3121/4264/2398 3122/4265/2398
f 3120/4262/2399 3122/4265/2399 867/1071/2399 908/1070/2399
f 3122/4266/2400 3121/4267/2400 3123/4268/2400 3124/4269/2400
f 3122/4266/2401 3124/4269/2401 121/4270/2401 867/4271/2401
f 3124/4269/2402 3123/4268/2402 3125/4272/2402 3126/4273/2402
f 3126/4273/2403 3125/4272/2403 3127/4274/2403 3128/4275/2403
f 3128/4276/2404 3127/4277/2404 3129/4278/2404 3130/4279/2404
f 3128/4275/2405 3130/4280/2405 863/4281/2405 121/4270/2405
f 3130/4279/2406 3129/4278/2406 3131/4282/2406 3132/4283/2406
f 3130/4279/2407 3132/4283/2407 3133/4284/2407 863/4285/2407
f 3133/4286/2408 3134/4287/2408 864/987/2408 863/986/2408
f 3133/4288/2409 3132/4289/2409 3135/4290/2409 3136/4291/2409
f 3133/4288/2410 3136/4291/2410 3137/4292/2410 3134/4293/2410
f 3137/4292/2411 3138/4294/2411 3139/4295/2411 3134/4293/2411
f 3137/4292/2412 3136/4291/2412 3140/4296/2412 3141/4297/2412
f 3137/4292/2413 3141/4297/2413 3142/4298/2413 3138/4294/2413
f 3142/4298/2414 3143/4299/2414 3144/4300/2414 3138/4294/2414
f 3142/4298/2415 3141/4297/2415 3145/4301/2415 3146/4302/2415
f 3142/4298/2416 3146/4302/2416 3147/4303/2416 3143/4299/2416
f 3147/4303/2417 3148/4304/2417 3149/4305/2417 3143/4299/2417
f 3147/4303/2418 3146/4302/2418 3150/4306/2418 3151/4307/2418
f 3147/4303/2419 3151/4307/2419 3152/4308/2419 3148/4304/2419
f 3152/4308/2420 3153/4309/2420 925/4310/2420 3148/4304/2420
f 3152/4308/2421 3151/4307/2421 932/1121/2421 931/4311/2421
f 3152/4312/2422 931/1114/2422 3154/4313/2422 3153/4314/2422
f 3154/4313/2423 931/1114/2423 930/1113/2423 3155/4315/2423
f 3154/4313/2424 3155/4315/2424 3156/4316/2424 3157/4317/2424
f 3154/4313/2425 3157/4317/2425 3158/4318/2425 3153/4314/2425
f 3158/4318/2426 3157/4317/2426 3159/4319/2426 3160/4320/2426
f 3158/4318/2427 3160/4320/2427 927/4321/2427 926/4322/2427
f 3158/4318/2428 926/4322/2428 925/4323/2428 3153/4314/2428
f 3160/4320/2429 3159/4319/2429 3161/4324/2429 3162/4325/2429
f 3160/4326/2430 3162/4327/2430 3163/4328/2430 927/4329/2430
f 3163/4328/2431 3162/4327/2431 3164/4330/2431 3144/4331/2431
f 3163/4328/2432 3144/4331/2432 3143/4332/2432 3149/4333/2432
f 3163/4328/2433 3149/4333/2433 924/4334/2433 927/4329/2433
f 3164/4330/2434 3162/4327/2434 3161/4335/2434 3165/4336/2434
f 3164/4330/2435 3165/4336/2435 3166/4337/2435 3139/4338/2435
f 3164/4330/2436 3139/4338/2436 3138/4339/2436 3144/4331/2436
f 3166/4337/2437 3165/4336/2437 3167/4340/2437 3168/4341/2437
f 3166/4342/2438 3168/4343/2438 865/988/2438 864/987/2438
f 3166/4342/2439 864/987/2439 3134/4287/2439 3139/4344/2439
f 3168/4345/2440 3167/4346/2440 3169/4347/2440 906/1067/2440
f 3168/4348/2441 906/4349/2441 866/4350/2441 865/4351/2441
f 3169/4352/2442 3170/4353/2442 3171/4354/2442 3172/4355/2442
f 3169/4347/2443 3172/4356/2443 907/1068/2443 906/1067/2443
f 3169/4347/2444 3167/4346/2444 3173/4357/2444 3170/4358/2444
f 3173/4357/2445 3174/4359/2445 3175/4360/2445 3170/4358/2445
f 3173/4357/2446 3167/4346/2446 3165/4361/2446 3161/4324/2446
f 3173/4357/2447 3161/4324/2447 3159/4319/2447 3174/4359/2447
f 3175/4360/2448 3174/4359/2448 3156/4316/2448 3176/4362/2448
f 3175/4363/2449 3176/4364/2449 3177/4365/2449 3178/4366/2449
f 3175/4363/2450 3178/4366/2450 3171/4354/2450 3170/4353/2450
f 3178/4366/2451 3177/4365/2451 3179/4367/2451 3180/4368/2451
f 3178/4366/2452 3180/4368/2452 3116/4255/2452 3171/4354/2452
f 3180/4368/2453 3179/4367/2453 3181/4369/2453 3111/4370/2453
f 3180/4368/2454 3111/4370/2454 3110/4256/2454 3116/4255/2454
f 3181/4369/2455 3179/4367/2455 3182/4371/2455 3183/4372/2455
f 3181/4369/2456 3183/4372/2456 3184/4373/2456 3106/4374/2456
f 3181/4369/2457 3106/4374/2457 3105/4375/2457 3111/4370/2457
f 3184/4376/2458 3183/4377/2458 3185/4378/2458 3186/4379/2458
f 3184/4376/2459 3186/4379/2459 3187/4380/2459 3101/4381/2459
f 3184/4373/2460 3101/4236/2460 3100/4235/2460 3106/4374/2460
f 3187/4380/2461 3186/4379/2461 3188/4382/2461 3189/4383/2461
f 3187/4380/2462 3189/4383/2462 3190/4384/2462 3097/4231/2462
f 3187/4380/2463 3097/4231/2463 3096/4230/2463 3101/4381/2463
f 3190/4384/2464 3189/4383/2464 3191/4385/2464 3192/4386/2464
f 3190/4384/2465 3192/4386/2465 3193/4387/2465 3093/4223/2465
f 3190/4384/2466 3093/4223/2466 3092/4222/2466 3097/4231/2466
f 3193/4387/2467 3192/4386/2467 3194/4388/2467 3195/4389/2467
f 3193/4387/2468 3195/4389/2468 3196/4390/2468 3197/4391/2468
f 3193/4387/2469 3197/4391/2469 3094/4224/2469 3093/4223/2469
f 3197/4391/2470 3196/4390/2470 3198/4392/2470 3199/4393/2470
f 3197/4391/2471 3199/4393/2471 3086/4225/2471 3094/4224/2471
f 3199/4393/2472 3198/4392/2472 3200/4394/2472 3081/4207/2472
f 3199/4393/2473 3081/4207/2473 3080/4206/2473 3086/4225/2473
f 3200/4394/2474 3198/4392/2474 3201/4395/2474 3202/4396/2474
f 3200/4394/2475 3202/4396/2475 3203/4397/2475 3076/4201/2475
f 3200/4394/2476 3076/4201/2476 3075/4200/2476 3081/4207/2476
f 3203/4397/2477 3202/4396/2477 3204/4398/2477 3205/4399/2477
f 3203/4397/2478 3205/4399/2478 3206/4400/2478 3071/4192/2478
f 3203/4397/2479 3071/4192/2479 3070/4191/2479 3076/4201/2479
f 3206/4400/2480 3205/4399/2480 3207/4401/2480 3208/4402/2480
f 3206/4403/2481 3208/4404/2481 3209/4405/2481 3066/4406/2481
f 3206/4400/2482 3066/4187/2482 3065/4186/2482 3071/4192/2482
f 3209/4405/2483 3208/4404/2483 3210/4407/2483 3211/4408/2483
f 3209/4409/2484 3211/4410/2484 3212/4411/2484 3062/4183/2484
f 3209/4409/2485 3062/4183/2485 3061/4182/2485 3066/4187/2485
f 3212/4411/2486 3211/4410/2486 3213/4412/2486 3214/4413/2486
f 3212/4411/2487 3214/4413/2487 709/4414/2487 3059/4180/2487
f 3212/4411/2488 3059/4180/2488 3058/4179/2488 3062/4183/2488
f 3214/4415/2489 3213/4416/2489 3215/4417/2489 3216/4418/2489
f 3214/4415/2490 3216/4418/2490 710/765/2490 709/764/2490
f 3216/4418/2491 3217/4419/2491 3218/4420/2491 710/765/2491
f 3216/4418/2492 3215/4417/2492 3219/4421/2492 3217/4419/2492
f 3219/4421/2493 3220/4422/2493 3221/4423/2493 3217/4419/2493
f 3219/4421/2494 3215/4417/2494 3222/4424/2494 3223/4425/2494
f 3219/4421/2495 3223/4425/2495 3224/4426/2495 3220/4422/2495
f 3224/4426/2496 3223/4425/2496 685/739/2496 689/743/2496
f 3224/4427/2497 689/4428/2497 3225/4429/2497 3226/4430/2497
f 3224/4426/2498 3226/4431/2498 3227/4432/2498 3220/4422/2498
f 3227/4432/2499 3228/4433/2499 3221/4423/2499 3220/4422/2499
f 3227/4434/2500 3226/4435/2500 3229/4436/2500 3230/4437/2500
f 3227/4432/2501 3230/4438/2501 3231/4439/2501 3228/4433/2501
f 3231/4439/2502 3232/4440/2502 3233/4441/2502 3228/4433/2502
f 3231/4439/2503 3230/4438/2503 3234/4442/2503 3235/4443/2503
f 3231/4444/2504 3235/4445/2504 3236/4446/2504 3232/4447/2504
f 3236/4448/2505 3237/4449/2505 3238/4450/2505 3232/4440/2505
f 3236/4448/2506 3235/4443/2506 3239/4451/2506 3240/4452/2506
f 3236/4448/2507 3240/4452/2507 3241/4453/2507 3237/4449/2507
f 3241/4454/2508 3242/4455/2508 3243/4456/2508 3237/4457/2508
f 3241/4453/2509 3240/4452/2509 3244/4458/2509 3245/4459/2509
f 3241/4453/2510 3245/4459/2510 3246/4460/2510 3242/4461/2510
f 3246/4460/2511 2379/3155/2511 3247/4462/2511 3242/4461/2511
f 3246/4463/2512 3245/4464/2512 3248/4465/2512 3249/4466/2512
f 3246/4460/2513 3249/4467/2513 2380/3156/2513 2379/3155/2513
f 3249/4467/2514 3248/4468/2514 3250/4469/2514 3251/4470/2514
f 3249/4467/2515 3251/4470/2515 2381/3157/2515 2380/3156/2515
f 3251/4470/2516 3250/4469/2516 3252/4471/2516 3253/4472/2516
f 3251/4470/2517 3253/4472/2517 2383/3160/2517 2381/3157/2517
f 3253/4472/2518 3252/4471/2518 3254/4473/2518 3255/4474/2518
f 3253/4472/2519 3255/4474/2519 2385/3164/2519 2383/3160/2519
f 3255/4474/2520 3254/4473/2520 3256/4475/2520 3257/4476/2520
f 3255/4474/2521 3257/4476/2521 3258/4477/2521 2385/3164/2521
f 3258/4477/2522 2388/3175/2522 2386/3165/2522 2385/3164/2522
f 3258/4477/2523 3257/4476/2523 3259/4478/2523 3260/4479/2523
f 3258/4477/2524 3260/4479/2524 2445/3288/2524 2388/3175/2524
f 3260/4479/2525 3259/4478/2525 3261/4480/2525 2448/4481/2525
f 3260/4479/2526 2448/4481/2526 2446/3289/2526 2445/3288/2526
f 3261/4480/2527 3259/4478/2527 3262/4482/2527 3263/4483/2527
f 3261/4484/2528 3263/4485/2528 3264/4486/2528 3265/4487/2528
f 3261/4484/2529 3265/4487/2529 2449/3295/2529 2448/3294/2529
f 3265/4487/2530 3264/4486/2530 3266/4488/2530 3267/4489/2530
f 3265/4487/2531 3267/4489/2531 2450/3296/2531 2449/3295/2531
f 3267/4489/2532 3266/4488/2532 3268/4490/2532 3269/4491/2532
f 3267/4489/2533 3269/4491/2533 2452/3300/2533 2450/3296/2533
f 3269/4491/2534 3268/4490/2534 3270/4492/2534 2460/4493/2534
f 3269/4491/2535 2460/4493/2535 2458/3313/2535 2452/3300/2535
f 3270/4492/2536 3268/4490/2536 3271/4494/2536 3272/4495/2536
f 3270/4492/2537 3272/4495/2537 65/533/2537 547/540/2537
f 3270/4492/2538 547/540/2538 2461/3322/2538 2460/4493/2538
f 3272/4496/2539 3271/4497/2539 3273/4498/2539 518/4499/2539
f 3272/4495/2540 518/4500/2540 517/534/2540 65/533/2540
f 3273/4501/2541 3271/4494/2541 3274/4502/2541 3275/4503/2541
f 3273/4504/2542 3275/4505/2542 3276/4506/2542 3277/4507/2542
f 3273/4508/2543 3277/4509/2543 519/4510/2543 518/4511/2543
f 3277/4507/2544 3276/4506/2544 3278/4512/2544 3279/4513/2544
f 3277/4509/2545 3279/4514/2545 3280/4515/2545 519/4510/2545
f 3280/4515/2546 3279/4514/2546 3281/4516/2546 3282/4517/2546
f 3280/4515/2547 3282/4517/2547 3283/4518/2547 3284/4519/2547
f 3280/4520/2548 3284/4521/2548 516/489/2548 519/492/2548
f 3284/4521/2549 3283/4522/2549 3285/4523/2549 542/4524/2549
f 3284/4521/2550 542/4524/2550 517/490/2550 516/489/2550
f 3285/4523/2551 3283/4522/2551 3286/4525/2551 3287/4526/2551
f 3285/4527/2552 3287/4528/2552 3288/4529/2552 3289/4530/2552
f 3285/4527/2553 3289/4530/2553 543/536/2553 542/535/2553
f 3289/4530/2554 3288/4529/2554 3290/4531/2554 3291/4532/2554
f 3289/4530/2555 3291/4532/2555 544/537/2555 543/536/2555
f 3291/4532/2556 3290/4531/2556 3292/4533/2556 3293/4534/2556
f 3291/4532/2557 3293/4534/2557 2467/3329/2557 544/537/2557
f 3293/4534/2558 3292/4533/2558 3294/4535/2558 3295/4536/2558
f 3293/4534/2559 3295/4536/2559 2468/3330/2559 2467/3329/2559
f 3295/4536/2560 3294/4535/2560 3296/4537/2560 2472/3334/2560
f 3295/4536/2561 2472/3334/2561 2469/3331/2561 2468/3330/2561
f 3296/4537/2562 3294/4535/2562 3297/4538/2562 3298/4539/2562
f 3296/4537/2563 3298/4539/2563 3299/4540/2563 3300/4541/2563
f 3296/4537/2564 3300/4541/2564 2473/3335/2564 2472/3334/2564
f 3300/4541/2565 3299/4540/2565 2886/3968/2565 3301/4542/2565
f 3300/4541/2566 3301/4542/2566 2474/3336/2566 2473/3335/2566
f 3301/4542/2567 2886/3968/2567 2884/3967/2567 2883/4543/2567
f 3301/4542/2568 2883/4543/2568 2476/3338/2568 2474/3336/2568
f 3299/4540/2569 3298/4539/2569 3302/4544/2569 3303/4545/2569
f 3299/4540/2570 3303/4545/2570 2887/3969/2570 2886/3968/2570
f 3303/4545/2571 3302/4544/2571 3304/4546/2571 3305/4547/2571
f 3303/4545/2572 3305/4547/2572 2888/3970/2572 2887/3969/2572
f 3305/4547/2573 3304/4546/2573 3306/4548/2573 3307/4549/2573
f 3305/4547/2574 3307/4549/2574 2890/3973/2574 2888/3970/2574
f 3307/4549/2575 3306/4548/2575 3308/4550/2575 3309/4551/2575
f 3307/4549/2576 3309/4551/2576 2892/4552/2576 2890/3973/2576
f 3309/4553/2577 3308/4554/2577 3310/4555/2577 3311/4556/2577
f 3309/4553/2578 3311/4556/2578 2896/3984/2578 2892/3978/2578
f 3311/4556/2579 3310/4555/2579 3312/4557/2579 2900/3990/2579
f 3311/4556/2580 2900/3990/2580 2897/3985/2580 2896/3984/2580
f 3312/4557/2581 3310/4555/2581 3313/4558/2581 3314/4559/2581
f 3312/4560/2582 3314/4561/2582 3315/4562/2582 2903/3998/2582
f 3312/4560/2583 2903/3998/2583 2901/3993/2583 2900/4563/2583
f 3315/4564/2584 3314/4565/2584 3316/4566/2584 3317/4567/2584
f 3315/4562/2585 3317/4568/2585 3318/4569/2585 3319/4570/2585
f 3315/4562/2586 3319/4570/2586 2904/3999/2586 2903/3998/2586
f 3319/4571/2587 3318/4572/2587 3320/4573/2587 3321/4574/2587
f 3319/4575/2588 3321/4576/2588 2905/4002/2588 2904/4001/2588
f 3321/4576/2589 3320/4577/2589 3322/4578/2589 2910/4579/2589
f 3321/4576/2590 2910/4579/2590 2907/4004/2590 2905/4002/2590
f 3322/4580/2591 3320/4573/2591 3323/4581/2591 3324/4582/2591
f 3322/4583/2592 3324/4584/2592 790/877/2592 3325/4585/2592
f 3322/4583/2593 3325/4585/2593 2911/4012/2593 2910/4011/2593
f 3325/4585/2594 790/877/2594 789/876/2594 3326/4586/2594
f 3325/4585/2595 3326/4586/2595 2912/4013/2595 2911/4012/2595
f 3326/4586/2596 789/876/2596 793/880/2596 3327/4587/2596
f 3326/4586/2597 3327/4587/2597 2914/4015/2597 2912/4013/2597
f 3327/4587/2598 793/880/2598 3328/4588/2598 3329/4589/2598
f 3327/4587/2599 3329/4589/2599 2916/4017/2599 2914/4015/2599
f 3329/4590/2600 3328/4591/2600 3330/4592/2600 3331/4593/2600
f 3329/4590/2601 3331/4593/2601 2918/4594/2601 2916/4595/2601
f 3331/4593/2602 3330/4592/2602 3332/4596/2602 3333/4597/2602
f 3331/4593/2603 3333/4597/2603 2920/4598/2603 2918/4594/2603
f 3333/4597/2604 3332/4596/2604 3334/4599/2604 3335/4600/2604
f 3333/4597/2605 3335/4600/2605 3336/4601/2605 2920/4598/2605
f 3336/4601/2606 3335/4600/2606 3337/4602/2606 3338/4603/2606
f 3336/4604/2607 3338/4605/2607 3339/4606/2607 2923/4027/2607
f 3336/4604/2608 2923/4027/2608 2921/4025/2608 2920/4024/2608
f 3339/4606/2609 3338/4605/2609 3340/4607/2609 3341/4608/2609
f 3339/4606/2610 3341/4608/2610 3342/4609/2610 2926/4030/2610
f 3339/4606/2611 2926/4030/2611 2924/4028/2611 2923/4027/2611
f 3342/4610/2612 3341/4611/2612 731/790/2612 3343/4612/2612
f 3342/4610/2613 3343/4612/2613 3344/4613/2613 3345/4614/2613
f 3342/4609/2614 3345/4615/2614 2927/4031/2614 2926/4030/2614
f 3345/4616/2615 3344/4617/2615 3346/4618/2615 3347/4619/2615
f 3345/4616/2616 3347/4619/2616 2928/4035/2616 2927/4620/2616
f 3347/4619/2617 3346/4618/2617 3348/4621/2617 2934/4040/2617
f 3347/4619/2618 2934/4040/2618 2930/4036/2618 2928/4035/2618
f 3348/4622/2619 3346/4623/2619 552/546/2619 551/545/2619
f 3348/4621/2620 551/4624/2620 3349/4625/2620 2937/4043/2620
f 3348/4621/2621 2937/4043/2621 2935/4041/2621 2934/4040/2621
f 3349/4626/2622 551/545/2622 550/544/2622 3350/4627/2622
f 3349/4626/2623 3350/4627/2623 3351/4628/2623 3352/4629/2623
f 3349/4625/2624 3352/4630/2624 2938/4044/2624 2937/4043/2624
f 3352/4629/2625 3351/4628/2625 3353/4631/2625 3354/4632/2625
f 3352/4630/2626 3354/4633/2626 2939/4045/2626 2938/4044/2626
f 3354/4632/2627 3353/4631/2627 3355/4634/2627 3356/4635/2627
f 3354/4633/2628 3356/4636/2628 2941/4047/2628 2939/4045/2628
f 3356/4635/2629 3355/4634/2629 3357/4637/2629 3358/4638/2629
f 3356/4636/2630 3358/4639/2630 3359/4640/2630 2941/4047/2630
f 3359/4640/2631 2945/4051/2631 2942/4048/2631 2941/4047/2631
f 3359/4640/2632 3358/4639/2632 3360/4641/2632 3361/4642/2632
f 3359/4640/2633 3361/4642/2633 3362/4643/2633 2945/4051/2633
f 3362/4643/2634 2950/4056/2634 2946/4052/2634 2945/4051/2634
f 3362/4643/2635 3361/4642/2635 3363/4644/2635 3364/4645/2635
f 3362/4643/2636 3364/4645/2636 3365/4646/2636 2950/4056/2636
f 3365/4646/2637 2955/4061/2637 2951/4057/2637 2950/4056/2637
f 3365/4646/2638 3364/4645/2638 3366/4647/2638 3367/4648/2638
f 3365/4646/2639 3367/4648/2639 3368/4649/2639 2955/4061/2639
f 3368/4649/2640 2960/4066/2640 2956/4062/2640 2955/4061/2640
f 3368/4649/2641 3367/4648/2641 3369/4650/2641 3370/4651/2641
f 3368/4649/2642 3370/4651/2642 3371/4652/2642 2960/4066/2642
f 3371/4652/2643 2965/4071/2643 2961/4067/2643 2960/4066/2643
f 3371/4653/2644 3370/4654/2644 3372/4655/2644 3373/4656/2644
f 3371/4653/2645 3373/4656/2645 3374/4657/2645 2965/4658/2645
f 3374/4657/2646 2970/4659/2646 2966/4660/2646 2965/4658/2646
f 3374/4657/2647 3373/4656/2647 3375/4661/2647 3376/4662/2647
f 3374/4657/2648 3376/4662/2648 3377/4663/2648 2970/4659/2648
f 3377/4664/2649 2975/4084/2649 2971/4080/2649 2970/4079/2649
f 3377/4663/2650 3376/4662/2650 3378/4665/2650 3379/4666/2650
f 3377/4664/2651 3379/4667/2651 3380/4668/2651 2975/4084/2651
f 3380/4669/2652 2980/4091/2652 2976/4090/2652 2975/4670/2652
f 3380/4668/2653 3379/4667/2653 3381/4671/2653 3382/4672/2653
f 3380/4668/2654 3382/4672/2654 3383/4673/2654 2980/4674/2654
f 3383/4675/2655 2985/4676/2655 2981/4092/2655 2980/4091/2655
f 3383/4673/2656 3382/4672/2656 3384/4677/2656 3385/4678/2656
f 3383/4673/2657 3385/4678/2657 3386/4679/2657 2985/4097/2657
f 3386/4679/2658 2990/4102/2658 2986/4098/2658 2985/4097/2658
f 3386/4679/2659 3385/4678/2659 3387/4680/2659 3388/4681/2659
f 3386/4679/2660 3388/4681/2660 3389/4682/2660 2990/4102/2660
f 3389/4682/2661 2995/4107/2661 2991/4103/2661 2990/4102/2661
f 3389/4682/2662 3388/4681/2662 3390/4683/2662 3391/4684/2662
f 3389/4682/2663 3391/4684/2663 3392/4685/2663 2995/4107/2663
f 3392/4685/2664 3000/4686/2664 2996/4108/2664 2995/4107/2664
f 3392/4687/2665 3391/4688/2665 3393/4689/2665 3394/4690/2665
f 3392/4687/2666 3394/4690/2666 3395/4691/2666 3000/4692/2666
f 3395/4693/2667 3005/4120/2667 3001/4116/2667 3000/4115/2667
f 3395/4691/2668 3394/4690/2668 3396/4694/2668 3397/4695/2668
f 3395/4691/2669 3397/4695/2669 3398/4696/2669 3005/4697/2669
f 3398/4696/2670 3010/4127/2670 3006/4126/2670 3005/4697/2670
f 3398/4696/2671 3397/4695/2671 3399/4698/2671 3400/4699/2671
f 3398/4696/2672 3400/4699/2672 3401/4700/2672 3010/4127/2672
f 3401/4700/2673 3015/4133/2673 3011/4128/2673 3010/4127/2673
f 3401/4700/2674 3400/4699/2674 3402/4701/2674 3403/4702/2674
f 3401/4700/2675 3403/4702/2675 3404/4703/2675 3015/4133/2675
f 3404/4703/2676 3020/4138/2676 3016/4134/2676 3015/4133/2676
f 3404/4703/2677 3403/4702/2677 3405/4704/2677 3406/4705/2677
f 3404/4703/2678 3406/4705/2678 3407/4706/2678 3020/4138/2678
f 3407/4706/2679 3025/4143/2679 3021/4139/2679 3020/4138/2679
f 3407/4706/2680 3406/4705/2680 3408/4707/2680 3409/4708/2680
f 3407/4706/2681 3409/4708/2681 3410/4709/2681 3025/4143/2681
f 3410/4709/2682 3030/4148/2682 3026/4144/2682 3025/4143/2682
f 3410/4709/2683 3409/4708/2683 3411/4710/2683 3412/4711/2683
f 3410/4709/2684 3412/4711/2684 3413/4712/2684 3030/4148/2684
f 3413/4712/2685 3035/4153/2685 3031/4149/2685 3030/4148/2685
f 3413/4712/2686 3412/4711/2686 3414/4713/2686 3415/4714/2686
f 3413/4712/2687 3415/4714/2687 3416/4715/2687 3035/4153/2687
f 3416/4715/2688 3040/4158/2688 3036/4154/2688 3035/4153/2688
f 3416/4715/2689 3415/4714/2689 3417/4716/2689 3418/4717/2689
f 3416/4715/2690 3418/4717/2690 3047/4165/2690 3040/4158/2690
f 3418/4717/2691 3417/4716/2691 3419/4718/2691 3420/4719/2691
f 3418/4717/2692 3420/4719/2692 3048/4166/2692 3047/4165/2692
f 3420/4719/2693 3419/4718/2693 3421/4720/2693 3422/4721/2693
f 3420/4719/2694 3422/4721/2694 3049/4167/2694 3048/4166/2694
f 3422/4722/2695 3421/4723/2695 3423/4724/2695 3424/4725/2695
f 3422/4721/2696 3424/4726/2696 3051/4169/2696 3049/4167/2696
f 3424/4725/2697 3423/4724/2697 3425/4727/2697 3426/4728/2697
f 3424/4725/2698 3426/4728/2698 3427/4729/2698 3051/4730/2698
f 3427/4729/2699 3055/4175/2699 3052/4174/2699 3051/4730/2699
f 3427/4729/2700 3426/4728/2700 3428/4731/2700 3429/4732/2700
f 3427/4729/2701 3429/4732/2701 760/833/2701 3055/4175/2701
f 3429/4732/2702 3428/4731/2702 3430/4733/2702 3431/4734/2702
f 3429/4732/2703 3431/4734/2703 758/831/2703 760/833/2703
f 3431/4734/2704 3430/4733/2704 3432/4735/2704 3433/4736/2704
f 3431/4734/2705 3433/4736/2705 759/832/2705 758/831/2705
f 3433/4736/2706 3432/4735/2706 3434/4737/2706 3435/4738/2706
f 3433/4736/2707 3435/4738/2707 3436/4739/2707 759/832/2707
f 3436/4739/2708 3437/4740/2708 756/829/2708 759/832/2708
f 3436/4739/2709 3435/4738/2709 3438/4741/2709 3439/4742/2709
f 3436/4739/2710 3439/4742/2710 3440/4743/2710 3437/4740/2710
f 3440/4744/2711 3441/4745/2711 3442/4746/2711 3437/4747/2711
f 3440/4743/2712 3439/4742/2712 876/1010/2712 3443/4748/2712
f 3440/4743/2713 3443/4748/2713 3444/4749/2713 3441/4750/2713
f 3444/4749/2714 3445/4751/2714 3446/4752/2714 3441/4750/2714
f 3444/4749/2715 3443/4748/2715 3447/4753/2715 3448/4754/2715
f 3444/4749/2716 3448/4754/2716 3449/4755/2716 3445/4751/2716
f 3449/4755/2717 3450/4756/2717 3451/4757/2717 3445/4751/2717
f 3449/4755/2718 3448/4754/2718 3452/4758/2718 3453/4759/2718
f 3449/4755/2719 3453/4759/2719 3454/4760/2719 3450/4756/2719
f 3454/4760/2720 3455/4761/2720 3456/4762/2720 3450/4756/2720
f 3454/4760/2721 3453/4759/2721 3457/4763/2721 3458/4764/2721
f 3454/4760/2722 3458/4764/2722 3459/4765/2722 3455/4761/2722
f 3459/4765/2723 3460/4766/2723 3461/4767/2723 3455/4761/2723
f 3459/4765/2724 3458/4764/2724 3462/4768/2724 3463/4769/2724
f 3459/4765/2725 3463/4769/2725 3464/4770/2725 3460/4766/2725
f 3464/4770/2726 3465/4771/2726 3466/4772/2726 3460/4766/2726
f 3464/4770/2727 3463/4769/2727 761/834/2727 727/786/2727
f 3464/4770/2728 727/786/2728 726/785/2728 3465/4771/2728
f 3466/4772/2729 3467/4773/2729 3461/4767/2729 3460/4766/2729
f 3466/4772/2730 3465/4771/2730 3468/4774/2730 3469/4775/2730
f 3466/4772/2731 3469/4775/2731 3470/4776/2731 3467/4773/2731
f 3470/4776/2732 671/715/2732 670/714/2732 3467/4773/2732
f 3470/4776/2733 3469/4775/2733 738/800/2733 737/799/2733
f 3470/4776/2734 737/799/2734 3471/4777/2734 671/715/2734
f 3471/4777/2735 3472/4778/2735 672/716/2735 671/715/2735
f 3471/4777/2736 737/799/2736 736/798/2736 3473/4779/2736
f 3471/4777/2737 3473/4779/2737 3286/4780/2737 3472/4778/2737
f 3473/4779/2738 736/798/2738 735/797/2738 3474/4781/2738
f 3473/4779/2739 3474/4781/2739 3287/4782/2739 3286/4780/2739
f 3474/4781/2740 735/797/2740 3475/4783/2740 3476/4784/2740
f 3474/4785/2741 3476/4786/2741 3288/4529/2741 3287/4528/2741
f 3476/4786/2742 3475/4787/2742 3477/4788/2742 3478/4789/2742
f 3476/4786/2743 3478/4789/2743 3290/4531/2743 3288/4529/2743
f 3478/4789/2744 3477/4788/2744 3479/4790/2744 3480/4791/2744
f 3478/4789/2745 3480/4791/2745 3292/4533/2745 3290/4531/2745
f 3480/4791/2746 3479/4790/2746 3481/4792/2746 3297/4538/2746
f 3480/4791/2747 3297/4538/2747 3294/4535/2747 3292/4533/2747
f 3481/4792/2748 3479/4790/2748 3482/4793/2748 3483/4794/2748
f 3481/4792/2749 3483/4794/2749 3304/4546/2749 3302/4544/2749
f 3481/4792/2750 3302/4544/2750 3298/4539/2750 3297/4538/2750
f 3483/4794/2751 3482/4793/2751 3484/4795/2751 3485/4796/2751
f 3483/4794/2752 3485/4796/2752 3306/4548/2752 3304/4546/2752
f 3485/4797/2753 3484/4798/2753 3486/4799/2753 3487/4800/2753
f 3485/4796/2754 3487/4801/2754 3308/4550/2754 3306/4548/2754
f 3487/4800/2755 3486/4799/2755 3488/4802/2755 3313/4803/2755
f 3487/4804/2756 3313/4558/2756 3310/4555/2756 3308/4554/2756
f 3488/4802/2757 3486/4799/2757 3489/4805/2757 3490/4806/2757
f 3488/4802/2758 3490/4806/2758 3491/4807/2758 3316/4566/2758
f 3488/4802/2759 3316/4566/2759 3314/4565/2759 3313/4803/2759
f 3491/4807/2760 3490/4806/2760 3492/4808/2760 3493/4809/2760
f 3491/4807/2761 3493/4809/2761 3494/4810/2761 3495/4811/2761
f 3491/4807/2762 3495/4811/2762 3317/4567/2762 3316/4566/2762
f 3495/4811/2763 3494/4810/2763 3496/4812/2763 3497/4813/2763
f 3495/4811/2764 3497/4813/2764 3318/4572/2764 3317/4567/2764
f 3497/4813/2765 3496/4812/2765 3498/4814/2765 3323/4581/2765
f 3497/4813/2766 3323/4581/2766 3320/4573/2766 3318/4572/2766
f 3498/4814/2767 3496/4812/2767 3499/4815/2767 3500/4816/2767
f 3498/4814/2768 3500/4816/2768 3501/4817/2768 3502/4818/2768
f 3498/4814/2769 3502/4818/2769 3324/4582/2769 3323/4581/2769
f 3502/4819/2770 3501/4820/2770 794/4821/2770 791/4822/2770
f 3502/4818/2771 791/4823/2771 790/4824/2771 3324/4582/2771
f 3501/4825/2772 3500/4826/2772 3503/4827/2772 788/4828/2772
f 3501/4829/2773 788/4830/2773 787/874/2773 794/881/2773
f 3503/4831/2774 3504/4832/2774 3505/4833/2774 3506/4834/2774
f 3503/4827/2775 3506/4835/2775 783/4836/2775 788/4828/2775
f 3503/4837/2776 3500/4838/2776 3499/4839/2776 3504/4840/2776
f 3506/4834/2777 3505/4833/2777 3507/4841/2777 3508/4842/2777
f 3506/4834/2778 3508/4842/2778 784/867/2778 783/866/2778
f 3508/4842/2779 3507/4841/2779 3509/4843/2779 3510/4844/2779
f 3508/4842/2780 3510/4844/2780 3511/4845/2780 784/867/2780
f 3511/4845/2781 3510/4844/2781 3512/4846/2781 3513/4847/2781
f 3511/4845/2782 3513/4847/2782 3514/4848/2782 3515/4849/2782
f 3511/4845/2783 3515/4849/2783 785/868/2783 784/867/2783
f 3515/4849/2784 3514/4848/2784 3516/4850/2784 3517/4851/2784
f 3515/4852/2785 3517/4853/2785 1288/1646/2785 785/872/2785
f 3517/4853/2786 3516/4854/2786 3518/4855/2786 1283/1641/2786
f 3517/4853/2787 1283/1641/2787 1282/1640/2787 1288/1646/2787
f 3518/4855/2788 3516/4854/2788 3519/4856/2788 3520/4857/2788
f 3518/4855/2789 3520/4857/2789 3521/4858/2789 1278/1636/2789
f 3518/4855/2790 1278/1636/2790 1277/1635/2790 1283/1641/2790
f 3521/4858/2791 3520/4857/2791 3522/4859/2791 3523/4860/2791
f 3521/4858/2792 3523/4860/2792 3524/4861/2792 1273/1631/2792
f 3521/4858/2793 1273/1631/2793 1272/1630/2793 1278/1636/2793
f 3524/4861/2794 3523/4860/2794 3525/4862/2794 3526/4863/2794
f 3524/4861/2795 3526/4863/2795 3527/4864/2795 1268/1626/2795
f 3524/4861/2796 1268/1626/2796 1267/1625/2796 1273/1631/2796
f 3527/4864/2797 3526/4863/2797 3528/4865/2797 3529/4866/2797
f 3527/4864/2798 3529/4866/2798 3530/4867/2798 1263/1621/2798
f 3527/4864/2799 1263/1621/2799 1262/1620/2799 1268/1626/2799
f 3530/4867/2800 3529/4866/2800 3531/4868/2800 3532/4869/2800
f 3530/4870/2801 3532/4871/2801 3533/4872/2801 1258/4873/2801
f 3530/4867/2802 1258/1614/2802 1257/1613/2802 1263/1621/2802
f 3533/4874/2803 3532/4869/2803 3534/4875/2803 3535/4876/2803
f 3533/4872/2804 3535/4877/2804 3536/4878/2804 1254/1609/2804
f 3533/4872/2805 1254/1609/2805 1253/1608/2805 1258/4873/2805
f 3536/4878/2806 3535/4877/2806 3537/4879/2806 3538/4880/2806
f 3536/4878/2807 3538/4880/2807 3539/4881/2807 1251/1606/2807
f 3536/4878/2808 1251/1606/2808 1250/1605/2808 1254/1609/2808
f 3539/4881/2809 3538/4880/2809 1169/1483/2809 1166/1480/2809
f 3539/4881/2810 1166/1480/2810 1147/1435/2810 1146/1434/2810
f 3539/4881/2811 1146/1434/2811 1145/1433/2811 1251/1606/2811
f 3538/4880/2812 3537/4879/2812 3540/4882/2812 1169/1483/2812
f 3540/4882/2813 3541/4883/2813 3542/4884/2813 3543/4885/2813
f 3540/4882/2814 3543/4885/2814 1167/1481/2814 1169/1483/2814
f 3540/4882/2815 3537/4879/2815 3544/4886/2815 3541/4883/2815
f 3544/4887/2816 3545/4888/2816 3546/4889/2816 3541/4890/2816
f 3544/4891/2817 3537/4892/2817 3535/4893/2817 3534/4894/2817
f 3544/4887/2818 3534/4875/2818 3547/4895/2818 3545/4888/2818
f 3547/4895/2819 3548/4896/2819 3549/4897/2819 3545/4888/2819
f 3547/4895/2820 3534/4875/2820 3532/4869/2820 3531/4868/2820
f 3547/4895/2821 3531/4868/2821 3550/4898/2821 3548/4896/2821
f 3550/4898/2822 3551/4899/2822 3552/4900/2822 3548/4896/2822
f 3550/4898/2823 3531/4868/2823 3529/4866/2823 3528/4865/2823
f 3550/4898/2824 3528/4865/2824 3553/4901/2824 3551/4899/2824
f 3553/4901/2825 3554/4902/2825 3555/4903/2825 3551/4899/2825
f 3553/4901/2826 3528/4865/2826 3526/4863/2826 3525/4862/2826
f 3553/4901/2827 3525/4862/2827 3556/4904/2827 3554/4902/2827
f 3556/4904/2828 3557/4905/2828 3558/4906/2828 3554/4902/2828
f 3556/4904/2829 3525/4862/2829 3523/4860/2829 3522/4859/2829
f 3556/4904/2830 3522/4859/2830 3559/4907/2830 3557/4905/2830
f 3559/4908/2831 3560/4909/2831 3561/4910/2831 3557/4911/2831
f 3559/4907/2832 3522/4859/2832 3520/4857/2832 3519/4856/2832
f 3559/4907/2833 3519/4856/2833 3562/4912/2833 3560/4913/2833
f 3562/4914/2834 3563/4915/2834 3564/4916/2834 3560/4909/2834
f 3562/4912/2835 3519/4856/2835 3516/4854/2835 3514/4917/2835
f 3562/4914/2836 3514/4848/2836 3513/4847/2836 3563/4915/2836
f 3564/4916/2837 3565/4918/2837 3566/4919/2837 3567/4920/2837
f 3564/4916/2838 3567/4920/2838 3561/4910/2838 3560/4909/2838
f 3564/4916/2839 3563/4915/2839 3568/4921/2839 3565/4918/2839
f 3568/4921/2840 3569/4922/2840 3570/4923/2840 3565/4918/2840
f 3568/4921/2841 3563/4915/2841 3513/4847/2841 3512/4846/2841
f 3568/4921/2842 3512/4846/2842 3571/4924/2842 3569/4922/2842
f 3571/4924/2843 3572/4925/2843 3573/4926/2843 3569/4922/2843
f 3571/4924/2844 3512/4846/2844 3510/4844/2844 3509/4843/2844
f 3571/4924/2845 3509/4843/2845 3574/4927/2845 3572/4925/2845
f 3574/4927/2846 3575/4928/2846 3576/4929/2846 3572/4925/2846
f 3574/4927/2847 3509/4843/2847 3507/4841/2847 3577/4930/2847
f 3574/4927/2848 3577/4930/2848 3578/4931/2848 3575/4928/2848
f 3578/4931/2849 3579/4932/2849 3580/4933/2849 3575/4928/2849
f 3578/4931/2850 3577/4930/2850 3581/4934/2850 3582/4935/2850
f 3578/4931/2851 3582/4935/2851 3583/4936/2851 3579/4932/2851
f 3583/4936/2852 820/936/2852 829/935/2852 3579/4932/2852
f 3583/4937/2853 3582/4938/2853 3584/4939/2853 3585/4940/2853
f 3583/4937/2854 3585/4940/2854 817/927/2854 820/926/2854
f 3585/4941/2855 3584/4942/2855 3586/4943/2855 3587/4944/2855
f 3585/4941/2856 3587/4944/2856 818/921/2856 817/920/2856
f 3587/4944/2857 3586/4943/2857 3493/4809/2857 3492/4808/2857
f 3587/4944/2858 3492/4808/2858 3588/4945/2858 818/921/2858
f 3588/4945/2859 800/894/2859 805/898/2859 818/921/2859
f 3588/4945/2860 3492/4808/2860 3490/4806/2860 3489/4805/2860
f 3588/4945/2861 3489/4805/2861 801/895/2861 800/894/2861
f 3586/4943/2862 3584/4942/2862 3589/4946/2862 3590/4947/2862
f 3586/4943/2863 3590/4947/2863 3494/4810/2863 3493/4809/2863
f 3590/4947/2864 3589/4946/2864 3504/4948/2864 3499/4815/2864
f 3590/4947/2865 3499/4815/2865 3496/4812/2865 3494/4810/2865
f 3589/4949/2866 3584/4939/2866 3582/4938/2866 3581/4950/2866
f 3589/4951/2867 3581/4934/2867 3505/4833/2867 3504/4832/2867
f 3581/4934/2868 3577/4930/2868 3507/4841/2868 3505/4833/2868
f 3580/4933/2869 3591/4952/2869 3592/4953/2869 3593/4954/2869
f 3580/4933/2870 3593/4954/2870 3576/4929/2870 3575/4928/2870
f 3580/4933/2871 3579/4932/2871 829/935/2871 3591/4952/2871
f 3593/4954/2872 3592/4953/2872 3594/4955/2872 3595/4956/2872
f 3593/4954/2873 3595/4956/2873 3596/4957/2873 3576/4929/2873
f 3596/4957/2874 3595/4956/2874 3597/4958/2874 3598/4959/2874
f 3596/4957/2875 3598/4959/2875 3599/4960/2875 3573/4926/2875
f 3596/4957/2876 3573/4926/2876 3572/4925/2876 3576/4929/2876
f 3599/4960/2877 3598/4959/2877 3600/4961/2877 3601/4962/2877
f 3599/4960/2878 3601/4962/2878 3602/4963/2878 3570/4923/2878
f 3599/4960/2879 3570/4923/2879 3569/4922/2879 3573/4926/2879
f 3602/4963/2880 3601/4962/2880 3603/4964/2880 3604/4965/2880
f 3602/4963/2881 3604/4965/2881 3605/4966/2881 3566/4919/2881
f 3602/4963/2882 3566/4919/2882 3565/4918/2882 3570/4923/2882
f 3605/4966/2883 3604/4965/2883 1061/1317/2883 3606/4967/2883
f 3605/4966/2884 3606/4967/2884 3607/4968/2884 3608/4969/2884
f 3605/4966/2885 3608/4969/2885 3567/4920/2885 3566/4919/2885
f 3608/4969/2886 3607/4968/2886 3609/4970/2886 3610/4971/2886
f 3608/4969/2887 3610/4971/2887 3561/4910/2887 3567/4920/2887
f 3610/4971/2888 3609/4970/2888 3611/4972/2888 3558/4973/2888
f 3610/4971/2889 3558/4973/2889 3557/4911/2889 3561/4910/2889
f 3611/4972/2890 3609/4970/2890 3612/4974/2890 3613/4975/2890
f 3611/4976/2891 3613/4977/2891 3614/4978/2891 3555/4903/2891
f 3611/4976/2892 3555/4903/2892 3554/4902/2892 3558/4906/2892
f 3614/4978/2893 3613/4977/2893 3615/4979/2893 3616/4980/2893
f 3614/4978/2894 3616/4980/2894 3617/4981/2894 3552/4900/2894
f 3614/4978/2895 3552/4900/2895 3551/4899/2895 3555/4903/2895
f 3617/4981/2896 3616/4980/2896 3618/4982/2896 3619/4983/2896
f 3617/4981/2897 3619/4983/2897 3620/4984/2897 3549/4897/2897
f 3617/4981/2898 3549/4897/2898 3548/4896/2898 3552/4900/2898
f 3620/4984/2899 3619/4983/2899 3621/4985/2899 3622/4986/2899
f 3620/4984/2900 3622/4986/2900 3623/4987/2900 3546/4889/2900
f 3620/4984/2901 3546/4889/2901 3545/4888/2901 3549/4897/2901
f 3623/4987/2902 3622/4986/2902 1148/1437/2902 1153/4988/2902
f 3623/4989/2903 1153/4990/2903 3624/4991/2903 3542/4884/2903
f 3623/4987/2904 3542/4992/2904 3541/4890/2904 3546/4889/2904
f 3624/4991/2905 1153/4990/2905 1152/4993/2905 3625/4994/2905
f 3624/4991/2906 3625/4994/2906 3626/4995/2906 3627/4996/2906
f 3624/4991/2907 3627/4996/2907 3543/4885/2907 3542/4884/2907
f 3627/4996/2908 3626/4995/2908 3628/4997/2908 1168/1482/2908
f 3627/4996/2909 1168/1482/2909 1167/1481/2909 3543/4885/2909
f 3628/4998/2910 3626/4999/2910 3629/5000/2910 3630/5001/2910
f 3628/4998/2911 3630/5001/2911 3631/5002/2911 3632/5003/2911
f 3628/4997/2912 3632/5004/2912 1165/1479/2912 1168/1482/2912
f 3632/5003/2913 3631/5002/2913 1144/5005/2913 1143/5006/2913
f 3632/5004/2914 1143/1431/2914 1147/1435/2914 1165/1479/2914
f 3631/5002/2915 3630/5001/2915 3633/5007/2915 3634/5008/2915
f 3631/5002/2916 3634/5008/2916 3635/5009/2916 1144/5005/2916
f 3635/5009/2917 3634/5008/2917 3636/5010/2917 3637/5011/2917
f 3635/5009/2918 3637/5011/2918 1063/5012/2918 1062/1349/2918
f 3635/5009/2919 1062/1349/2919 1085/1348/2919 1144/5005/2919
f 3637/5013/2920 3636/5014/2920 1113/1386/2920 1112/1385/2920
f 3637/5013/2921 1112/1385/2921 1064/1320/2921 1063/1319/2921
f 3636/5010/2922 3634/5008/2922 3633/5007/2922 3638/5015/2922
f 3636/5014/2923 3638/5016/2923 1114/1387/2923 1113/1386/2923
f 3638/5015/2924 3633/5007/2924 3639/5017/2924 3640/5018/2924
f 3638/5016/2925 3640/5019/2925 3641/5020/2925 1114/1387/2925
f 3641/5020/2926 3640/5019/2926 1157/1454/2926 3642/5021/2926
f 3641/5020/2927 3642/5021/2927 3643/5022/2927 3644/5023/2927
f 3641/5020/2928 3644/5023/2928 1109/1382/2928 1114/1387/2928
f 3644/5023/2929 3643/5022/2929 3645/5024/2929 3646/5025/2929
f 3644/5023/2930 3646/5025/2930 1110/1383/2930 1109/1382/2930
f 3646/5025/2931 3645/5024/2931 3615/5026/2931 3647/5027/2931
f 3646/5025/2932 3647/5027/2932 3648/5028/2932 1110/1383/2932
f 3648/5028/2933 3649/5029/2933 1111/1384/2933 1110/1383/2933
f 3648/5028/2934 3647/5027/2934 3612/4974/2934 3650/5030/2934
f 3648/5028/2935 3650/5030/2935 3651/5031/2935 3649/5029/2935
f 3651/5031/2936 1060/1316/2936 1064/1320/2936 3649/5029/2936
f 3651/5031/2937 3650/5030/2937 3607/4968/2937 3606/4967/2937
f 3651/5031/2938 3606/4967/2938 1061/1317/2938 1060/1316/2938
f 3650/5030/2939 3612/4974/2939 3609/4970/2939 3607/4968/2939
f 3649/5029/2940 1064/1320/2940 1112/1385/2940 1111/1384/2940
f 3647/5027/2941 3615/5026/2941 3613/4975/2941 3612/4974/2941
f 3645/5024/2942 3643/5022/2942 3652/5032/2942 3618/5033/2942
f 3645/5024/2943 3618/5033/2943 3616/5034/2943 3615/5026/2943
f 3652/5032/2944 3643/5022/2944 3642/5021/2944 3653/5035/2944
f 3652/5036/2945 3653/5037/2945 1149/1438/2945 3621/4985/2945
f 3652/5036/2946 3621/4985/2946 3619/4983/2946 3618/4982/2946
f 3653/5035/2947 3642/5021/2947 1157/1454/2947 1156/1453/2947
f 3653/5038/2948 1156/1451/2948 1150/1441/2948 1149/5039/2948
f 3640/5018/2949 3639/5017/2949 1154/1447/2949 1157/5040/2949
f 3639/5017/2950 3629/5000/2950 1155/1448/2950 1154/1447/2950
f 3639/5017/2951 3633/5007/2951 3630/5001/2951 3629/5000/2951
f 3629/5041/2952 3626/4995/2952 3625/4994/2952 1155/5042/2952
f 3625/5043/2953 1152/1443/2953 1151/1442/2953 1155/5044/2953
f 3622/4986/2954 3621/4985/2954 1149/1438/2954 1148/1437/2954
f 3604/4965/2955 3603/4964/2955 1056/1311/2955 1061/1317/2955
f 3603/4964/2956 3654/5045/2956 1057/1312/2956 1056/1311/2956
f 3603/4964/2957 3601/4962/2957 3600/4961/2957 3654/5045/2957
f 3654/5045/2958 3655/5046/2958 3656/5047/2958 1057/1312/2958
f 3654/5045/2959 3600/4961/2959 3657/5048/2959 3655/5046/2959
f 3657/5048/2960 3658/5049/2960 3659/5050/2960 3655/5046/2960
f 3657/5048/2961 3600/4961/2961 3598/4959/2961 3597/4958/2961
f 3657/5048/2962 3597/4958/2962 3660/5051/2962 3658/5049/2962
f 3660/5051/2963 3661/5052/2963 3662/5053/2963 3658/5049/2963
f 3660/5051/2964 3597/4958/2964 3595/4956/2964 3594/4955/2964
f 3660/5051/2965 3594/4955/2965 3663/5054/2965 3661/5052/2965
f 3663/5054/2966 3664/5055/2966 3665/5056/2966 3661/5052/2966
f 3663/5054/2967 3594/4955/2967 3592/4953/2967 3666/5057/2967
f 3663/5054/2968 3666/5057/2968 3667/5058/2968 3664/5055/2968
f 3667/5058/2969 3668/5059/2969 3669/5060/2969 3664/5055/2969
f 3667/5058/2970 3666/5057/2970 827/933/2970 826/932/2970
f 3667/5058/2971 826/932/2971 828/934/2971 3668/5059/2971
f 3669/5061/2972 3670/5062/2972 3671/5063/2972 3672/5064/2972
f 3669/5060/2973 3672/5065/2973 3665/5056/2973 3664/5055/2973
f 3669/5061/2974 3668/5066/2974 3673/5067/2974 3670/5062/2974
f 3673/5067/2975 3674/5068/2975 3675/5069/2975 3670/5062/2975
f 3673/5067/2976 3668/5066/2976 828/5070/2976 3676/5071/2976
f 3673/5067/2977 3676/5071/2977 3677/5072/2977 3674/5068/2977
f 3677/5072/2978 3678/5073/2978 3679/5074/2978 3674/5068/2978
f 3677/5072/2979 3676/5071/2979 3680/5075/2979 3681/5076/2979
f 3677/5072/2980 3681/5076/2980 3682/5077/2980 3678/5073/2980
f 3682/5078/2981 3683/5079/2981 3684/5080/2981 3678/5081/2981
f 3682/5077/2982 3681/5076/2982 3685/5082/2982 3686/5083/2982
f 3682/5077/2983 3686/5083/2983 3687/5084/2983 3683/5085/2983
f 3687/5084/2984 3688/5086/2984 3689/5087/2984 3683/5085/2984
f 3687/5084/2985 3686/5083/2985 3690/5088/2985 3691/5089/2985
f 3687/5084/2986 3691/5089/2986 3692/5090/2986 3688/5086/2986
f 3692/5090/2987 3693/5091/2987 3694/5092/2987 3688/5086/2987
f 3692/5090/2988 3691/5089/2988 3695/5093/2988 3696/5094/2988
f 3692/5090/2989 3696/5094/2989 3697/5095/2989 3693/5091/2989
f 3697/5095/2990 3698/5096/2990 3699/5097/2990 3693/5091/2990
f 3697/5095/2991 3696/5094/2991 3700/5098/2991 3701/5099/2991
f 3697/5095/2992 3701/5099/2992 3702/5100/2992 3698/5096/2992
f 3702/5100/2993 3703/5101/2993 3704/5102/2993 3698/5096/2993
f 3702/5100/2994 3701/5099/2994 3705/5103/2994 3706/5104/2994
f 3702/5100/2995 3706/5104/2995 3707/5105/2995 3703/5101/2995
f 3707/5105/2996 3708/5106/2996 3709/5107/2996 3703/5101/2996
f 3707/5105/2997 3706/5104/2997 3710/5108/2997 3711/5109/2997
f 3707/5105/2998 3711/5109/2998 3712/5110/2998 3708/5106/2998
f 3712/5110/2999 3713/5111/2999 3714/5112/2999 3708/5106/2999
f 3712/5110/3000 3711/5109/3000 813/5113/3000 3715/5114/3000
f 3712/5115/3001 3715/5116/3001 3716/5117/3001 3713/5118/3001
f 3716/5119/3002 3717/5120/3002 3718/5121/3002 3713/5122/3002
f 3716/5119/3003 3715/5123/3003 3719/5124/3003 3720/5125/3003
f 3716/5119/3004 3720/5125/3004 3721/5126/3004 3717/5120/3004
f 3721/5127/3005 3720/5128/3005 3722/5129/3005 3723/5130/3005
f 3721/5127/3006 3723/5130/3006 3724/5131/3006 3725/5132/3006
f 3721/5126/3007 3725/5133/3007 841/950/3007 3717/5120/3007
f 3725/5133/3008 3724/5134/3008 3726/5135/3008 3727/5136/3008
f 3725/5133/3009 3727/5136/3009 842/951/3009 841/950/3009
f 3727/5136/3010 3726/5135/3010 869/5137/3010 868/1009/3010
f 3727/5136/3011 868/1009/3011 847/956/3011 842/951/3011
f 3726/5138/3012 3724/5131/3012 3728/5139/3012 3729/5140/3012
f 3726/5138/3013 3729/5140/3013 872/999/3013 869/994/3013
f 3729/5140/3014 3728/5139/3014 3730/5141/3014 3731/5142/3014
f 3729/5140/3015 3731/5142/3015 3732/5143/3015 872/999/3015
f 3732/5143/3016 3731/5142/3016 3733/5144/3016 3734/5145/3016
f 3732/5143/3017 3734/5145/3017 3735/5146/3017 898/1053/3017
f 3732/5143/3018 898/1053/3018 870/1000/3018 872/999/3018
f 3735/5146/3019 3734/5145/3019 3736/5147/3019 3737/5148/3019
f 3735/5146/3020 3737/5148/3020 3738/5149/3020 3739/5150/3020
f 3735/5146/3021 3739/5150/3021 899/1054/3021 898/1053/3021
f 3739/5150/3022 3738/5149/3022 947/1142/3022 3740/5151/3022
f 3739/5150/3023 3740/5151/3023 900/5152/3023 899/1054/3023
f 3740/5151/3024 947/1142/3024 946/1141/3024 3741/5153/3024
f 3740/5151/3025 3741/5153/3025 3742/5154/3025 900/5152/3025
f 3742/5154/3026 875/5155/3026 871/5156/3026 900/5152/3026
f 3742/5154/3027 3741/5153/3027 3743/5157/3027 3744/5158/3027
f 3742/5154/3028 3744/5158/3028 3745/5159/3028 875/5155/3028
f 3745/5160/3029 895/1046/3029 873/1006/3029 875/1005/3029
f 3745/5159/3030 3744/5158/3030 3746/5161/3030 3747/5162/3030
f 3745/5159/3031 3747/5162/3031 896/5163/3031 895/5164/3031
f 3747/5162/3032 3746/5161/3032 3748/5165/3032 3749/5166/3032
f 3747/5162/3033 3749/5166/3033 3750/5167/3033 896/5163/3033
f 3750/5167/3034 3751/5168/3034 897/5169/3034 896/5163/3034
f 3750/5167/3035 3749/5166/3035 3752/5170/3035 3753/5171/3035
f 3750/5167/3036 3753/5171/3036 3754/5172/3036 3751/5168/3036
f 3754/5173/3037 3753/5174/3037 3755/5175/3037 3756/5176/3037
f 3754/5173/3038 3756/5176/3038 3757/5177/3038 3758/5178/3038
f 3754/5173/3039 3758/5178/3039 3759/5179/3039 3751/5180/3039
f 3759/5181/3040 953/1150/3040 890/1041/3040 889/5182/3040
f 3759/5183/3041 889/1032/3041 897/1051/3041 3751/5184/3041
f 3759/5181/3042 3758/5185/3042 3760/5186/3042 953/1150/3042
f 3760/5186/3043 3761/5187/3043 954/1151/3043 953/1150/3043
f 3760/5186/3044 3758/5185/3044 3757/5188/3044 3762/5189/3044
f 3760/5186/3045 3762/5189/3045 3763/5190/3045 3761/5187/3045
f 3763/5190/3046 3762/5189/3046 1026/1261/3046 1025/1260/3046
f 3763/5190/3047 1025/1260/3047 1024/5191/3047 3764/5192/3047
f 3763/5190/3048 3764/5192/3048 3765/5193/3048 3761/5187/3048
f 3765/5194/3049 3766/5195/3049 3767/5196/3049 955/5197/3049
f 3765/5193/3050 955/1152/3050 954/1151/3050 3761/5187/3050
f 3765/5194/3051 3764/5198/3051 3768/5199/3051 3766/5195/3051
f 3768/5199/3052 3764/5198/3052 1024/5200/3052 3769/5201/3052
f 3768/5199/3053 3769/5201/3053 3770/5202/3053 3771/5203/3053
f 3768/5199/3054 3771/5203/3054 3772/5204/3054 3766/5195/3054
f 3772/5204/3055 3773/5205/3055 3774/5206/3055 3775/5207/3055
f 3772/5204/3056 3775/5207/3056 3767/5196/3056 3766/5195/3056
f 3772/5204/3057 3771/5203/3057 3776/5208/3057 3773/5205/3057
f 3776/5208/3058 3771/5203/3058 3770/5202/3058 3777/5209/3058
f 3776/5210/3059 3777/5211/3059 3778/5212/3059 3779/5213/3059
f 3776/5210/3060 3779/5213/3060 3780/5214/3060 3773/5215/3060
f 3780/5214/3061 3752/5170/3061 3749/5166/3061 3748/5165/3061
f 3780/5216/3062 3748/5217/3062 3774/5206/3062 3773/5205/3062
f 3780/5214/3063 3779/5213/3063 3781/5218/3063 3752/5170/3063
f 3781/5218/3064 3779/5213/3064 3778/5212/3064 3782/5219/3064
f 3781/5218/3065 3782/5219/3065 3783/5220/3065 3755/5221/3065
f 3781/5218/3066 3755/5221/3066 3753/5171/3066 3752/5170/3066
f 3783/5222/3067 3782/5223/3067 3784/5224/3067 3785/5225/3067
f 3783/5226/3068 3785/5227/3068 3786/5228/3068 3787/5229/3068
f 3783/5226/3069 3787/5229/3069 3756/5176/3069 3755/5175/3069
f 3787/5229/3070 3786/5228/3070 1027/5230/3070 1028/5231/3070
f 3787/5229/3071 1028/5231/3071 3757/5177/3071 3756/5176/3071
f 3786/5232/3072 3785/5225/3072 3788/5233/3072 3789/5234/3072
f 3786/5228/3073 3789/5235/3073 1001/5236/3073 1027/5230/3073
f 3789/5234/3074 3788/5233/3074 1011/1241/3074 1035/5237/3074
f 3789/5238/3075 1035/1272/3075 1000/1230/3075 1001/1229/3075
f 3788/5233/3076 3790/5239/3076 1005/1235/3076 1011/1241/3076
f 3788/5233/3077 3785/5225/3077 3784/5224/3077 3790/5239/3077
f 3790/5239/3078 3791/5240/3078 1006/1236/3078 1005/1235/3078
f 3790/5239/3079 3784/5224/3079 3792/5241/3079 3791/5240/3079
f 3792/5242/3080 984/1197/3080 981/1196/3080 3791/5243/3080
f 3792/5244/3081 3784/5245/3081 3782/5219/3081 3778/5212/3081
f 3792/5244/3082 3778/5212/3082 3777/5211/3082 984/5246/3082
f 3791/5247/3083 981/1192/3083 980/1191/3083 1006/5248/3083
f 3777/5209/3084 3770/5202/3084 985/1198/3084 984/1197/3084
f 3775/5207/3085 3774/5206/3085 3793/5249/3085 3794/5250/3085
f 3775/5207/3086 3794/5250/3086 3795/5251/3086 3767/5196/3086
f 3795/5252/3087 3794/5253/3087 952/1148/3087 951/1147/3087
f 3795/5252/3088 951/1147/3088 950/1146/3088 956/5254/3088
f 3795/5252/3089 956/5254/3089 955/5255/3089 3767/5256/3089
f 3794/5250/3090 3793/5249/3090 3743/5257/3090 952/5258/3090
f 3793/5249/3091 3746/5259/3091 3744/5260/3091 3743/5257/3091
f 3793/5249/3092 3774/5206/3092 3748/5217/3092 3746/5259/3092
f 3770/5202/3093 3769/5201/3093 986/5261/3093 985/1198/3093
f 3769/5262/3094 1024/1258/3094 995/1215/3094 986/1201/3094
f 3762/5189/3095 3757/5188/3095 1028/1264/3095 1026/1261/3095
f 3743/5263/3096 3741/5264/3096 946/1149/3096 952/1148/3096
f 3738/5149/3097 3737/5148/3097 3796/5265/3097 3797/5266/3097
f 3738/5149/3098 3797/5266/3098 948/1143/3098 947/1142/3098
f 3797/5266/3099 3796/5265/3099 978/1189/3099 977/1188/3099
f 3797/5266/3100 977/1188/3100 983/1194/3100 948/1143/3100
f 3796/5265/3101 3737/5148/3101 3736/5147/3101 3798/5267/3101
f 3796/5265/3102 3798/5267/3102 3799/5268/3102 978/1189/3102
f 3799/5268/3103 3798/5267/3103 3800/5269/3103 3801/5270/3103
f 3799/5268/3104 3801/5270/3104 3802/5271/3104 3803/5272/3104
f 3799/5268/3105 3803/5272/3105 979/1190/3105 978/1189/3105
f 3803/5272/3106 3802/5271/3106 3804/5273/3106 3805/5274/3106
f 3803/5272/3107 3805/5274/3107 980/1191/3107 979/1190/3107
f 3805/5275/3108 3804/5276/3108 1003/1233/3108 1002/1232/3108
f 3805/5275/3109 1002/1232/3109 1006/1236/3109 980/5277/3109
f 3804/5273/3110 3802/5271/3110 3806/5278/3110 963/5279/3110
f 3804/5276/3111 963/1164/3111 962/1163/3111 1003/1233/3111
f 3806/5278/3112 3807/5280/3112 910/1078/3112 959/5281/3112
f 3806/5282/3113 959/1160/3113 141/1159/3113 963/1164/3113
f 3806/5278/3114 3802/5271/3114 3801/5270/3114 3807/5280/3114
f 3807/5280/3115 3808/5283/3115 883/1021/3115 910/1078/3115
f 3807/5280/3116 3801/5270/3116 3800/5269/3116 3808/5283/3116
f 3808/5283/3117 3809/5284/3117 858/974/3117 883/1021/3117
f 3808/5283/3118 3800/5269/3118 3810/5285/3118 3809/5284/3118
f 3810/5285/3119 3733/5144/3119 3811/5286/3119 3809/5284/3119
f 3810/5285/3120 3800/5269/3120 3798/5267/3120 3736/5147/3120
f 3810/5285/3121 3736/5147/3121 3734/5145/3121 3733/5144/3121
f 3811/5286/3122 3730/5141/3122 854/966/3122 853/965/3122
f 3811/5286/3123 853/965/3123 858/974/3123 3809/5284/3123
f 3811/5286/3124 3733/5144/3124 3731/5142/3124 3730/5141/3124
f 3730/5141/3125 3728/5139/3125 855/967/3125 854/966/3125
f 3728/5139/3126 3724/5131/3126 3723/5130/3126 855/967/3126
f 3723/5130/3127 3722/5129/3127 850/968/3127 855/967/3127
f 3722/5129/3128 3720/5128/3128 3719/5287/3128 3812/5288/3128
f 3722/5129/3129 3812/5288/3129 851/5289/3129 850/968/3129
f 3812/5290/3130 3719/5291/3130 812/907/3130 811/906/3130
f 3812/5290/3131 811/906/3131 3813/5292/3131 851/961/3131
f 3813/5292/3132 811/906/3132 810/905/3132 839/947/3132
f 3813/5292/3133 839/947/3133 3814/5293/3133 3815/5294/3133
f 3813/5292/3134 3815/5294/3134 852/962/3134 851/961/3134
f 3815/5294/3135 3814/5293/3135 920/1098/3135 3816/5295/3135
f 3815/5294/3136 3816/5295/3136 856/969/3136 852/962/3136
f 3816/5295/3137 920/1098/3137 919/1097/3137 3817/5296/3137
f 3816/5295/3138 3817/5296/3138 3818/5297/3138 856/969/3138
f 3818/5297/3139 3817/5296/3139 3819/5298/3139 3820/5299/3139
f 3818/5297/3140 3820/5299/3140 971/1179/3140 884/1022/3140
f 3818/5297/3141 884/1022/3141 857/970/3141 856/969/3141
f 3820/5299/3142 3819/5298/3142 3821/5300/3142 3822/5301/3142
f 3820/5299/3143 3822/5301/3143 972/1180/3143 971/1179/3143
f 3822/5301/3144 3821/5300/3144 1020/1254/3144 1019/1253/3144
f 3822/5301/3145 1019/1253/3145 973/1181/3145 972/1180/3145
f 3821/5300/3146 3819/5298/3146 921/1099/3146 3823/5302/3146
f 3821/5300/3147 3823/5302/3147 3824/5303/3147 1020/1254/3147
f 3824/5303/3148 3823/5302/3148 3825/5304/3148 3826/5305/3148
f 3824/5303/3149 3826/5305/3149 3827/5306/3149 3828/5307/3149
f 3824/5303/3150 3828/5307/3150 1021/1255/3150 1020/1254/3150
f 3828/5307/3151 3827/5306/3151 3829/5308/3151 3830/5309/3151
f 3828/5307/3152 3830/5309/3152 1022/1256/3152 1021/1255/3152
f 3830/5310/3153 3829/5311/3153 3831/5312/3153 3832/5313/3153
f 3830/5309/3154 3832/5314/3154 3833/5315/3154 1022/1256/3154
f 3833/5315/3155 3834/5316/3155 1023/1257/3155 1022/1256/3155
f 3833/5317/3156 3832/5318/3156 3835/5319/3156 3836/5320/3156
f 3833/5317/3157 3836/5320/3157 3837/5321/3157 3834/5322/3157
f 3837/5321/3158 3836/5320/3158 1037/1276/3158 1036/1275/3158
f 3837/5321/3159 1036/1275/3159 1007/1237/3159 975/1185/3159
f 3837/5321/3160 975/1185/3160 974/1184/3160 3834/5322/3160
f 3836/5320/3161 3835/5319/3161 3838/5323/3161 1037/1276/3161
f 3838/5323/3162 3835/5319/3162 3839/5324/3162 3840/5325/3162
f 3838/5326/3163 3840/5327/3163 3841/5328/3163 3842/5329/3163
f 3838/5323/3164 3842/5330/3164 1038/1277/3164 1037/1276/3164
f 3842/5329/3165 3841/5328/3165 1033/1269/3165 1032/1268/3165
f 3842/5329/3166 1032/1268/3166 1009/5331/3166 1038/5332/3166
f 3841/5328/3167 3840/5327/3167 3843/5333/3167 3844/5334/3167
f 3841/5328/3168 3844/5334/3168 1034/1270/3168 1033/1269/3168
f 3844/5334/3169 3843/5333/3169 3845/5335/3169 3846/5336/3169
f 3844/5334/3170 3846/5336/3170 3847/5337/3170 1034/1270/3170
f 3847/5337/3171 3846/5336/3171 3848/5338/3171 3849/5339/3171
f 3847/5337/3172 3849/5339/3172 3850/5340/3172 3851/5341/3172
f 3847/5337/3173 3851/5341/3173 1029/1265/3173 1034/1270/3173
f 3851/5341/3174 3850/5340/3174 3852/5342/3174 3853/5343/3174
f 3851/5341/3175 3853/5343/3175 1030/1266/3175 1029/1265/3175
f 3853/5343/3176 3852/5342/3176 3854/5344/3176 3855/5345/3176
f 3853/5343/3177 3855/5345/3177 3856/5346/3177 1030/1266/3177
f 3856/5346/3178 999/1223/3178 998/1222/3178 1030/1266/3178
f 3856/5346/3179 3855/5345/3179 3857/5347/3179 3858/5348/3179
f 3856/5346/3180 3858/5348/3180 3859/5349/3180 999/1223/3180
f 3859/5349/3181 949/5350/3181 996/1224/3181 999/1223/3181
f 3859/5349/3182 3858/5348/3182 958/1158/3182 957/1157/3182
f 3859/5349/3183 957/1157/3183 950/5351/3183 949/5350/3183
f 3858/5348/3184 3857/5347/3184 3860/5352/3184 958/1158/3184
f 3860/5352/3185 3857/5347/3185 3861/5353/3185 3862/5354/3185
f 3860/5352/3186 3862/5354/3186 3863/5355/3186 894/1038/3186
f 3860/5352/3187 894/1038/3187 893/1037/3187 958/1158/3187
f 3863/5355/3188 3862/5354/3188 3864/5356/3188 3865/5357/3188
f 3863/5358/3189 3865/5359/3189 3866/5360/3189 3867/5361/3189
f 3863/5358/3190 3867/5361/3190 891/5362/3190 894/5363/3190
f 3867/5361/3191 3866/5360/3191 3868/5364/3191 3869/5365/3191
f 3867/5361/3192 3869/5365/3192 892/5366/3192 891/5362/3192
f 3869/5365/3193 3868/5364/3193 3870/5367/3193 3871/5368/3193
f 3869/5365/3194 3871/5368/3194 3872/5369/3194 892/5366/3194
f 3872/5369/3195 3871/5368/3195 3873/5370/3195 3874/5371/3195
f 3872/5369/3196 3874/5371/3196 3875/5372/3196 3876/5373/3196
f 3872/5369/3197 3876/5373/3197 887/5374/3197 892/5366/3197
f 3876/5373/3198 3875/5372/3198 846/955/3198 845/954/3198
f 3876/5373/3199 845/954/3199 849/958/3199 887/5374/3199
f 3875/5372/3200 3874/5371/3200 3877/5375/3200 3878/5376/3200
f 3875/5372/3201 3878/5376/3201 3879/5377/3201 846/955/3201
f 3879/5377/3202 3878/5376/3202 3880/5378/3202 3881/5379/3202
f 3879/5377/3203 3881/5379/3203 3882/5380/3203 3883/5381/3203
f 3879/5377/3204 3883/5381/3204 843/952/3204 846/955/3204
f 3883/5381/3205 3882/5380/3205 3884/5382/3205 3885/5383/3205
f 3883/5381/3206 3885/5383/3206 844/953/3206 843/952/3206
f 3885/5384/3207 3884/5385/3207 3886/5386/3207 3887/5387/3207
f 3885/5383/3208 3887/5388/3208 3888/5389/3208 844/953/3208
f 3888/5390/3209 3887/5387/3209 3889/5391/3209 3714/5112/3209
f 3888/5389/3210 3714/5392/3210 3713/5122/3210 3718/5121/3210
f 3888/5389/3211 3718/5121/3211 840/949/3211 844/953/3211
f 3889/5391/3212 3887/5387/3212 3886/5386/3212 3890/5393/3212
f 3889/5391/3213 3890/5393/3213 3891/5394/3213 3709/5107/3213
f 3889/5391/3214 3709/5107/3214 3708/5106/3214 3714/5112/3214
f 3891/5394/3215 3890/5393/3215 3892/5395/3215 3893/5396/3215
f 3891/5394/3216 3893/5396/3216 3894/5397/3216 3704/5102/3216
f 3891/5394/3217 3704/5102/3217 3703/5101/3217 3709/5107/3217
f 3894/5397/3218 3893/5396/3218 3895/5398/3218 3896/5399/3218
f 3894/5397/3219 3896/5399/3219 3897/5400/3219 3699/5097/3219
f 3894/5397/3220 3699/5097/3220 3698/5096/3220 3704/5102/3220
f 3897/5400/3221 3896/5399/3221 3898/5401/3221 3899/5402/3221
f 3897/5400/3222 3899/5402/3222 3900/5403/3222 3694/5092/3222
f 3897/5400/3223 3694/5092/3223 3693/5091/3223 3699/5097/3223
f 3900/5403/3224 3899/5402/3224 3901/5404/3224 3902/5405/3224
f 3900/5403/3225 3902/5405/3225 3903/5406/3225 3689/5087/3225
f 3900/5403/3226 3689/5087/3226 3688/5086/3226 3694/5092/3226
f 3903/5406/3227 3902/5405/3227 3904/5407/3227 3905/5408/3227
f 3903/5406/3228 3905/5408/3228 3906/5409/3228 3684/5410/3228
f 3903/5411/3229 3684/5080/3229 3683/5079/3229 3689/5412/3229
f 3906/5409/3230 3905/5408/3230 3907/5413/3230 3908/5414/3230
f 3906/5415/3231 3908/5416/3231 3909/5417/3231 3679/5418/3231
f 3906/5409/3232 3679/5074/3232 3678/5073/3232 3684/5410/3232
f 3909/5417/3233 3908/5416/3233 3910/5419/3233 3911/5420/3233
f 3909/5421/3234 3911/5422/3234 3912/5423/3234 3675/5069/3234
f 3909/5421/3235 3675/5069/3235 3674/5068/3235 3679/5074/3235
f 3912/5423/3236 3911/5422/3236 3913/5424/3236 3914/5425/3236
f 3912/5423/3237 3914/5425/3237 3915/5426/3237 3671/5063/3237
f 3912/5423/3238 3671/5063/3238 3670/5062/3238 3675/5069/3238
f 3915/5426/3239 3914/5425/3239 3916/5427/3239 3917/5428/3239
f 3915/5426/3240 3917/5428/3240 3918/5429/3240 3919/5430/3240
f 3915/5426/3241 3919/5430/3241 3672/5064/3241 3671/5063/3241
f 3919/5431/3242 3918/5432/3242 3920/5433/3242 3921/5434/3242
f 3919/5431/3243 3921/5434/3243 3665/5056/3243 3672/5065/3243
f 3921/5434/3244 3920/5433/3244 3922/5435/3244 3662/5053/3244
f 3921/5434/3245 3662/5053/3245 3661/5052/3245 3665/5056/3245
f 3922/5435/3246 3920/5433/3246 3923/5436/3246 3924/5437/3246
f 3922/5435/3247 3924/5437/3247 3925/5438/3247 3659/5050/3247
f 3922/5435/3248 3659/5050/3248 3658/5049/3248 3662/5053/3248
f 3925/5438/3249 3924/5437/3249 3926/5439/3249 3927/5440/3249
f 3925/5438/3250 3927/5440/3250 3928/5441/3250 3656/5047/3250
f 3925/5438/3251 3656/5047/3251 3655/5046/3251 3659/5050/3251
f 3928/5441/3252 3927/5440/3252 3929/5442/3252 3930/5443/3252
f 3928/5441/3253 3930/5443/3253 1059/1314/3253 1058/1313/3253
f 3928/5441/3254 1058/1313/3254 1057/1312/3254 3656/5047/3254
f 3930/5443/3255 3929/5442/3255 3931/5444/3255 3932/5445/3255
f 3930/5446/3256 3932/5447/3256 1082/5448/3256 1059/5449/3256
f 3932/5450/3257 3931/5451/3257 3933/5452/3257 3934/5453/3257
f 3932/5450/3258 3934/5453/3258 3935/5454/3258 1082/1342/3258
f 3935/5455/3259 3934/5456/3259 3936/5457/3259 3937/5458/3259
f 3935/5455/3260 3937/5458/3260 3938/5459/3260 3939/5460/3260
f 3935/5454/3261 3939/5461/3261 1083/1343/3261 1082/1342/3261
f 3939/5460/3262 3938/5459/3262 1233/1583/3262 1232/1582/3262
f 3939/5460/3263 1232/1582/3263 170/5462/3263 1083/5463/3263
f 3938/5459/3264 3937/5458/3264 1194/1534/3264 1193/1533/3264
f 3938/5459/3265 1193/1533/3265 3940/5464/3265 1233/1583/3265
f 3940/5464/3266 1193/1533/3266 1192/1532/3266 3941/5465/3266
f 3940/5464/3267 3941/5465/3267 3942/5466/3267 1228/5467/3267
f 3940/5464/3268 1228/5467/3268 1227/1584/3268 1233/1583/3268
f 3942/5468/3269 3941/5469/3269 3943/5470/3269 3944/5471/3269
f 3942/5472/3270 3944/5473/3270 3945/5474/3270 1223/1572/3270
f 3942/5472/3271 1223/1572/3271 1222/1571/3271 1228/1577/3271
f 3945/5475/3272 3944/5471/3272 3946/5476/3272 3947/5477/3272
f 3945/5474/3273 3947/5478/3273 1212/1558/3273 1211/1557/3273
f 3945/5474/3274 1211/1557/3274 1218/1567/3274 1223/1572/3274
f 3947/5477/3275 3946/5476/3275 1202/1545/3275 1201/1544/3275
f 3947/5478/3276 1201/5479/3276 1213/1559/3276 1212/1558/3276
f 3946/5476/3277 3948/5480/3277 1203/1546/3277 1202/1545/3277
f 3946/5476/3278 3944/5471/3278 3943/5470/3278 3948/5480/3278
f 3948/5480/3279 3943/5470/3279 1197/5481/3279 3949/5482/3279
f 3948/5480/3280 3949/5482/3280 3950/5483/3280 1203/1546/3280
f 3950/5484/3281 3951/5485/3281 1198/5486/3281 1203/5487/3281
f 3950/5484/3282 3949/5488/3282 3952/5489/3282 3953/5490/3282
f 3950/5484/3283 3953/5490/3283 1188/1526/3283 3951/5485/3283
f 3953/5490/3284 3952/5489/3284 3954/5491/3284 3955/5492/3284
f 3953/5490/3285 3955/5492/3285 1184/1516/3285 1188/1526/3285
f 3955/5492/3286 3954/5491/3286 3956/5493/3286 3957/5494/3286
f 3955/5492/3287 3957/5494/3287 1182/1517/3287 1184/1516/3287
f 3957/5495/3288 3956/5496/3288 3933/5452/3288 3958/5497/3288
f 3957/5495/3289 3958/5497/3289 1183/5498/3289 1182/5499/3289
f 3958/5500/3290 3933/5501/3290 3931/5444/3290 3959/5502/3290
f 3958/5500/3291 3959/5502/3291 3960/5503/3291 1183/5504/3291
f 3960/5505/3292 3961/5506/3292 1180/1509/3292 1183/1513/3292
f 3960/5503/3293 3959/5502/3293 3962/5507/3293 3963/5508/3293
f 3960/5503/3294 3963/5508/3294 3964/5509/3294 3961/5510/3294
f 3964/5511/3295 3965/5512/3295 3966/5513/3295 3961/5506/3295
f 3964/5509/3296 3963/5508/3296 3967/5514/3296 3968/5515/3296
f 3964/5511/3297 3968/5516/3297 3969/5517/3297 3965/5512/3297
f 3969/5517/3298 3970/5518/3298 3971/5519/3298 3965/5512/3298
f 3969/5517/3299 3968/5516/3299 3972/5520/3299 3973/5521/3299
f 3969/5517/3300 3973/5521/3300 3974/5522/3300 3970/5518/3300
f 3974/5522/3301 3975/5523/3301 3976/5524/3301 3970/5518/3301
f 3974/5522/3302 3973/5521/3302 3917/5428/3302 3916/5427/3302
f 3974/5522/3303 3916/5427/3303 3977/5525/3303 3975/5523/3303
f 3977/5526/3304 3978/5527/3304 3979/5528/3304 3975/5529/3304
f 3977/5525/3305 3916/5427/3305 3914/5425/3305 3913/5424/3305
f 3977/5526/3306 3913/5530/3306 3980/5531/3306 3978/5527/3306
f 3980/5532/3307 1090/1355/3307 1089/1354/3307 3978/5533/3307
f 3980/5531/3308 3913/5530/3308 3911/5420/3308 3910/5419/3308
f 3980/5532/3309 3910/5534/3309 3981/5535/3309 1090/1355/3309
f 3981/5535/3310 3982/5536/3310 1086/1351/3310 1090/1355/3310
f 3981/5535/3311 3910/5534/3311 3908/5414/3311 3907/5413/3311
f 3981/5535/3312 3907/5413/3312 3983/5537/3312 3982/5536/3312
f 3983/5537/3313 3984/5538/3313 3985/5539/3313 3982/5536/3313
f 3983/5537/3314 3907/5413/3314 3905/5408/3314 3904/5407/3314
f 3983/5540/3315 3904/5541/3315 3986/5542/3315 3984/5543/3315
f 3986/5544/3316 3987/5545/3316 3988/5546/3316 3984/5538/3316
f 3986/5542/3317 3904/5541/3317 3902/5547/3317 3901/5548/3317
f 3986/5544/3318 3901/5404/3318 3989/5549/3318 3987/5545/3318
f 3989/5549/3319 3990/5550/3319 3991/5551/3319 3987/5545/3319
f 3989/5549/3320 3901/5404/3320 3899/5402/3320 3898/5401/3320
f 3989/5549/3321 3898/5401/3321 3992/5552/3321 3990/5550/3321
f 3992/5552/3322 3993/5553/3322 3994/5554/3322 3990/5550/3322
f 3992/5555/3323 3898/5556/3323 3896/5557/3323 3895/5558/3323
f 3992/5555/3324 3895/5558/3324 3995/5559/3324 3993/5560/3324
f 3995/5561/3325 3996/5562/3325 3997/5563/3325 3993/5564/3325
f 3995/5565/3326 3895/5398/3326 3893/5396/3326 3892/5395/3326
f 3995/5565/3327 3892/5395/3327 3998/5566/3327 3996/5567/3327
f 3998/5566/3328 3999/5568/3328 4000/5569/3328 3996/5567/3328
f 3998/5566/3329 3892/5395/3329 3890/5393/3329 3886/5386/3329
f 3998/5566/3330 3886/5386/3330 3884/5385/3330 3999/5568/3330
f 4000/5570/3331 4001/5571/3331 4002/5572/3331 4003/5573/3331
f 4000/5569/3332 4003/5574/3332 3997/5575/3332 3996/5567/3332
f 4000/5570/3333 3999/5576/3333 4004/5577/3333 4001/5571/3333
f 4004/5577/3334 4005/5578/3334 4006/5579/3334 4001/5571/3334
f 4004/5577/3335 3999/5576/3335 3884/5382/3335 3882/5380/3335
f 4004/5577/3336 3882/5380/3336 3881/5379/3336 4005/5578/3336
f 4006/5579/3337 4007/5580/3337 4008/5581/3337 4009/5582/3337
f 4006/5579/3338 4009/5582/3338 4002/5572/3338 4001/5571/3338
f 4006/5579/3339 4005/5578/3339 4010/5583/3339 4007/5580/3339
f 4010/5583/3340 4011/5584/3340 4012/5585/3340 4007/5580/3340
f 4010/5583/3341 4005/5578/3341 3881/5379/3341 3880/5378/3341
f 4010/5583/3342 3880/5378/3342 4013/5586/3342 4011/5584/3342
f 4013/5586/3343 4014/5587/3343 4015/5588/3343 4011/5584/3343
f 4013/5586/3344 3880/5378/3344 3878/5376/3344 3877/5375/3344
f 4013/5586/3345 3877/5375/3345 4016/5589/3345 4014/5587/3345
f 4016/5589/3346 4017/5590/3346 4018/5591/3346 4014/5587/3346
f 4016/5589/3347 3877/5375/3347 3874/5371/3347 3873/5370/3347
f 4016/5589/3348 3873/5370/3348 4019/5592/3348 4017/5590/3348
f 4019/5592/3349 4020/5593/3349 4021/5594/3349 4017/5590/3349
f 4019/5592/3350 3873/5370/3350 3871/5368/3350 3870/5367/3350
f 4019/5592/3351 3870/5367/3351 4022/5595/3351 4020/5593/3351
f 4022/5595/3352 968/1171/3352 967/1170/3352 4020/5593/3352
f 4022/5595/3353 3870/5367/3353 3868/5364/3353 4023/5596/3353
f 4022/5595/3354 4023/5596/3354 4024/5597/3354 968/1171/3354
f 4024/5597/3355 4023/5596/3355 4025/5598/3355 4026/5599/3355
f 4024/5597/3356 4026/5599/3356 4027/5600/3356 4028/5601/3356
f 4024/5597/3357 4028/5601/3357 964/1172/3357 968/1171/3357
f 4028/5601/3358 4027/5600/3358 4029/5602/3358 4030/5603/3358
f 4028/5604/3359 4030/5605/3359 965/1167/3359 964/1166/3359
f 4030/5603/3360 4029/5602/3360 4031/5606/3360 4032/5607/3360
f 4030/5603/3361 4032/5607/3361 4033/5608/3361 965/5609/3361
f 4033/5608/3362 4032/5607/3362 4034/5610/3362 4035/5611/3362
f 4033/5612/3363 4035/5613/3363 4036/5614/3363 4037/5615/3363
f 4033/5612/3364 4037/5615/3364 966/1168/3364 965/1167/3364
f 4037/5616/3365 4036/5617/3365 4038/5618/3365 4039/5619/3365
f 4037/5616/3366 4039/5619/3366 969/1174/3366 966/1173/3366
f 4039/5619/3367 4038/5618/3367 4040/5620/3367 4041/5621/3367
f 4039/5619/3368 4041/5621/3368 4021/5594/3368 969/1174/3368
f 4041/5621/3369 4040/5620/3369 4042/5622/3369 4018/5591/3369
f 4041/5621/3370 4018/5591/3370 4017/5590/3370 4021/5594/3370
f 4042/5622/3371 4040/5620/3371 4043/5623/3371 4044/5624/3371
f 4042/5622/3372 4044/5624/3372 4045/5625/3372 4015/5588/3372
f 4042/5622/3373 4015/5588/3373 4014/5587/3373 4018/5591/3373
f 4045/5625/3374 4044/5624/3374 4046/5626/3374 4047/5627/3374
f 4045/5625/3375 4047/5627/3375 4048/5628/3375 4012/5585/3375
f 4045/5625/3376 4012/5585/3376 4011/5584/3376 4015/5588/3376
f 4048/5628/3377 4047/5627/3377 4049/5629/3377 4050/5630/3377
f 4048/5628/3378 4050/5630/3378 4051/5631/3378 4008/5581/3378
f 4048/5628/3379 4008/5581/3379 4007/5580/3379 4012/5585/3379
f 4051/5631/3380 4050/5630/3380 4052/5632/3380 4053/5633/3380
f 4051/5631/3381 4053/5633/3381 4054/5634/3381 4055/5635/3381
f 4051/5631/3382 4055/5635/3382 4009/5582/3382 4008/5581/3382
f 4055/5635/3383 4054/5634/3383 4056/5636/3383 4057/5637/3383
f 4055/5635/3384 4057/5637/3384 4002/5572/3384 4009/5582/3384
f 4057/5637/3385 4056/5636/3385 4058/5638/3385 4059/5639/3385
f 4057/5637/3386 4059/5639/3386 4003/5573/3386 4002/5572/3386
f 4059/5639/3387 4058/5638/3387 4060/5640/3387 4061/5641/3387
f 4059/5639/3388 4061/5641/3388 3997/5642/3388 4003/5573/3388
f 4061/5643/3389 4060/5644/3389 4062/5645/3389 3994/5554/3389
f 4061/5643/3390 3994/5554/3390 3993/5553/3390 3997/5575/3390
f 4062/5645/3391 4060/5644/3391 4063/5646/3391 4064/5647/3391
f 4062/5645/3392 4064/5647/3392 4065/5648/3392 3991/5551/3392
f 4062/5645/3393 3991/5551/3393 3990/5550/3393 3994/5554/3393
f 4065/5648/3394 4064/5647/3394 4066/5649/3394 4067/5650/3394
f 4065/5648/3395 4067/5650/3395 4068/5651/3395 3988/5546/3395
f 4065/5648/3396 3988/5546/3396 3987/5545/3396 3991/5551/3396
f 4068/5651/3397 4067/5650/3397 4069/5652/3397 4070/5653/3397
f 4068/5651/3398 4070/5653/3398 1087/1352/3398 3985/5539/3398
f 4068/5651/3399 3985/5539/3399 3984/5538/3399 3988/5546/3399
f 4070/5653/3400 4069/5652/3400 1120/1396/3400 1119/1395/3400
f 4070/5653/3401 1119/1395/3401 1088/1353/3401 1087/1352/3401
f 4069/5652/3402 4071/5654/3402 4072/5655/3402 1120/1396/3402
f 4069/5652/3403 4067/5650/3403 4066/5649/3403 4071/5654/3403
f 4072/5656/3404 4073/5657/3404 4074/5658/3404 4075/5659/3404
f 4072/5655/3405 4075/5660/3405 1121/1397/3405 1120/1396/3405
f 4072/5656/3406 4071/5661/3406 4076/5662/3406 4073/5657/3406
f 4076/5662/3407 4077/5663/3407 4078/5664/3407 4073/5657/3407
f 4076/5662/3408 4071/5661/3408 4066/5665/3408 4079/5666/3408
f 4076/5662/3409 4079/5666/3409 4080/5667/3409 4077/5663/3409
f 4080/5667/3410 4081/5668/3410 4082/5669/3410 4077/5663/3410
f 4080/5667/3411 4079/5666/3411 4063/5670/3411 4083/5671/3411
f 4080/5667/3412 4083/5671/3412 4084/5672/3412 4081/5668/3412
f 4084/5672/3413 4085/5673/3413 4086/5674/3413 4081/5668/3413
f 4084/5672/3414 4083/5671/3414 4058/5638/3414 4056/5636/3414
f 4084/5672/3415 4056/5636/3415 4054/5634/3415 4085/5673/3415
f 4086/5674/3416 4087/5675/3416 4088/5676/3416 4089/5677/3416
f 4086/5674/3417 4089/5677/3417 4082/5669/3417 4081/5668/3417
f 4086/5674/3418 4085/5673/3418 4090/5678/3418 4087/5675/3418
f 4090/5678/3419 4091/5679/3419 4092/5680/3419 4087/5675/3419
f 4090/5678/3420 4085/5673/3420 4054/5634/3420 4053/5633/3420
f 4090/5678/3421 4053/5633/3421 4052/5632/3421 4091/5679/3421
f 4092/5680/3422 4093/5681/3422 4094/5682/3422 4095/5683/3422
f 4092/5680/3423 4095/5683/3423 4088/5676/3423 4087/5675/3423
f 4092/5680/3424 4091/5679/3424 4096/5684/3424 4093/5681/3424
f 4096/5684/3425 4097/5685/3425 1071/1328/3425 4093/5681/3425
f 4096/5684/3426 4091/5679/3426 4052/5632/3426 4098/5686/3426
f 4096/5684/3427 4098/5686/3427 4099/5687/3427 4097/5685/3427
f 4099/5687/3428 4100/5688/3428 4101/5689/3428 4097/5685/3428
f 4099/5687/3429 4098/5686/3429 4049/5629/3429 4102/5690/3429
f 4099/5687/3430 4102/5690/3430 4103/5691/3430 4100/5688/3430
f 4103/5691/3431 4104/5692/3431 4105/5693/3431 4100/5688/3431
f 4103/5691/3432 4102/5690/3432 4046/5626/3432 4106/5694/3432
f 4103/5691/3433 4106/5694/3433 4107/5695/3433 4104/5692/3433
f 4107/5695/3434 4108/5696/3434 4109/5697/3434 4104/5692/3434
f 4107/5695/3435 4106/5694/3435 4043/5623/3435 4110/5698/3435
f 4107/5695/3436 4110/5698/3436 4111/5699/3436 4108/5696/3436
f 4111/5699/3437 4112/5700/3437 4113/5701/3437 4108/5696/3437
f 4111/5699/3438 4110/5698/3438 4038/5618/3438 4036/5617/3438
f 4111/5699/3439 4036/5617/3439 4035/5611/3439 4112/5700/3439
f 4113/5701/3440 4114/5702/3440 4115/5703/3440 4116/5704/3440
f 4113/5701/3441 4116/5704/3441 4109/5697/3441 4108/5696/3441
f 4113/5701/3442 4112/5700/3442 4117/5705/3442 4114/5702/3442
f 4117/5705/3443 4118/5706/3443 4119/5707/3443 4114/5702/3443
f 4117/5705/3444 4112/5700/3444 4035/5611/3444 4034/5610/3444
f 4117/5705/3445 4034/5610/3445 4120/5708/3445 4118/5706/3445
f 4120/5708/3446 4121/5709/3446 4122/5710/3446 4118/5706/3446
f 4120/5708/3447 4034/5610/3447 4032/5607/3447 4031/5606/3447
f 4120/5708/3448 4031/5606/3448 4123/5711/3448 4121/5709/3448
f 4123/5712/3449 942/1131/3449 941/1130/3449 4121/5713/3449
f 4123/5711/3450 4031/5606/3450 4029/5602/3450 4124/5714/3450
f 4123/5711/3451 4124/5714/3451 943/1134/3451 942/1133/3451
f 4124/5714/3452 4029/5602/3452 4027/5600/3452 4125/5715/3452
f 4124/5714/3453 4125/5715/3453 4126/5716/3453 943/1134/3453
f 4126/5716/3454 4125/5715/3454 4127/5717/3454 4128/5718/3454
f 4126/5716/3455 4128/5718/3455 4129/5719/3455 4130/5720/3455
f 4126/5716/3456 4130/5720/3456 944/1135/3456 943/1134/3456
f 4130/5720/3457 4129/5719/3457 1013/5721/3457 1012/5722/3457
f 4130/5720/3458 1012/5722/3458 1018/5723/3458 944/1135/3458
f 4129/5724/3459 4131/5725/3459 4132/5726/3459 1013/5727/3459
f 4129/5724/3460 4128/5728/3460 4133/5729/3460 4131/5725/3460
f 4133/5729/3461 3864/5356/3461 4134/5730/3461 4131/5725/3461
f 4133/5731/3462 4128/5718/3462 4127/5717/3462 4135/5732/3462
f 4133/5729/3463 4135/5733/3463 3865/5357/3463 3864/5356/3463
f 4135/5732/3464 4127/5717/3464 4026/5599/3464 4025/5598/3464
f 4135/5732/3465 4025/5598/3465 3866/5360/3465 3865/5359/3465
f 4134/5730/3466 3861/5353/3466 3854/5344/3466 4136/5734/3466
f 4134/5730/3467 4136/5734/3467 4132/5726/3467 4131/5725/3467
f 4134/5730/3468 3864/5356/3468 3862/5354/3468 3861/5353/3468
f 4136/5734/3469 3854/5344/3469 3852/5342/3469 4137/5735/3469
f 4136/5734/3470 4137/5735/3470 4138/5736/3470 4132/5726/3470
f 4138/5736/3471 4137/5735/3471 4139/5737/3471 4140/5738/3471
f 4138/5739/3472 4140/5740/3472 1015/5741/3472 1014/1245/3472
f 4138/5739/3473 1014/1245/3473 1013/1244/3473 4132/5742/3473
f 4140/5738/3474 4139/5737/3474 4141/5743/3474 4142/5744/3474
f 4140/5745/3475 4142/5746/3475 4143/5747/3475 1015/1248/3475
f 4143/5747/3476 4142/5746/3476 4144/5748/3476 4145/5749/3476
f 4143/5747/3477 4145/5749/3477 4146/5750/3477 4147/5751/3477
f 4143/5747/3478 4147/5751/3478 1016/1249/3478 1015/1248/3478
f 4147/5751/3479 4146/5750/3479 4148/5752/3479 4149/5753/3479
f 4147/5751/3480 4149/5753/3480 4150/5754/3480 1016/1249/3480
f 4150/5754/3481 4149/5753/3481 4151/5755/3481 4152/5756/3481
f 4150/5754/3482 4152/5756/3482 4153/5757/3482 4154/5758/3482
f 4150/5754/3483 4154/5758/3483 148/1246/3483 1016/1249/3483
f 4154/5759/3484 4153/5760/3484 4155/5761/3484 4156/5762/3484
f 4154/5763/3485 4156/5764/3485 1017/1250/3485 148/1242/3485
f 4156/5765/3486 4155/5766/3486 4157/5767/3486 4158/5768/3486
f 4156/5765/3487 4158/5768/3487 4159/5769/3487 1017/5770/3487
f 4159/5769/3488 945/5771/3488 1018/5723/3488 1017/5770/3488
f 4159/5769/3489 4158/5768/3489 4160/5772/3489 914/5773/3489
f 4159/5769/3490 914/5773/3490 913/5774/3490 945/5771/3490
f 4160/5775/3491 4158/5776/3491 4157/5777/3491 4161/5778/3491
f 4160/5775/3492 4161/5778/3492 4162/5779/3492 4163/5780/3492
f 4160/5781/3493 4163/5782/3493 911/1090/3493 914/1089/3493
f 4163/5780/3494 4162/5779/3494 4164/5783/3494 4165/5784/3494
f 4163/5780/3495 4165/5784/3495 912/1085/3495 911/1084/3495
f 4165/5784/3496 4164/5783/3496 4166/5785/3496 4167/5786/3496
f 4165/5784/3497 4167/5786/3497 1296/1656/3497 912/1085/3497
f 4167/5786/3498 4166/5785/3498 4168/5787/3498 1299/1660/3498
f 4167/5786/3499 1299/1660/3499 1297/1657/3499 1296/1656/3499
f 4168/5787/3500 4166/5785/3500 4169/5788/3500 4170/5789/3500
f 4168/5790/3501 4170/5791/3501 4171/5792/3501 4172/5793/3501
f 4168/5787/3502 4172/5794/3502 1300/1661/3502 1299/1660/3502
f 4172/5793/3503 4171/5792/3503 4173/5795/3503 4174/5796/3503
f 4172/5793/3504 4174/5796/3504 1301/1664/3504 1300/1663/3504
f 4174/5796/3505 4173/5795/3505 4175/5797/3505 4176/5798/3505
f 4174/5796/3506 4176/5798/3506 1307/1673/3506 1301/1664/3506
f 4176/5798/3507 4175/5797/3507 1819/2382/3507 1316/1684/3507
f 4176/5798/3508 1316/1684/3508 1308/1674/3508 1307/1673/3508
f 4175/5797/3509 4173/5795/3509 4177/5799/3509 1815/2378/3509
f 4175/5797/3510 1815/2378/3510 1814/2377/3510 1819/2382/3510
f 4177/5799/3511 4173/5795/3511 4171/5792/3511 4178/5800/3511
f 4177/5799/3512 4178/5800/3512 4179/5801/3512 1810/2373/3512
f 4177/5799/3513 1810/2373/3513 1809/2372/3513 1815/2378/3513
f 4179/5801/3514 4178/5800/3514 4180/5802/3514 4181/5803/3514
f 4179/5801/3515 4181/5803/3515 4182/5804/3515 1805/2366/3515
f 4179/5801/3516 1805/2366/3516 1804/2365/3516 1810/2373/3516
f 4182/5805/3517 4181/5806/3517 4183/5807/3517 4184/5808/3517
f 4182/5805/3518 4184/5808/3518 4185/5809/3518 1800/2360/3518
f 4182/5804/3519 1800/5810/3519 1799/2367/3519 1805/2366/3519
f 4185/5809/3520 4184/5808/3520 4186/5811/3520 4187/5812/3520
f 4185/5809/3521 4187/5812/3521 4188/5813/3521 1795/2355/3521
f 4185/5809/3522 1795/2355/3522 1794/2354/3522 1800/2360/3522
f 4188/5813/3523 4187/5812/3523 4189/5814/3523 4190/5815/3523
f 4188/5813/3524 4190/5815/3524 4191/5816/3524 1790/2350/3524
f 4188/5813/3525 1790/2350/3525 1789/2349/3525 1795/2355/3525
f 4191/5817/3526 4190/5818/3526 4192/5819/3526 4193/5820/3526
f 4191/5817/3527 4193/5820/3527 4194/5821/3527 1785/5822/3527
f 4191/5816/3528 1785/2345/3528 1784/2344/3528 1790/2350/3528
f 4194/5821/3529 4193/5820/3529 4195/5823/3529 4196/5824/3529
f 4194/5821/3530 4196/5824/3530 4197/5825/3530 1780/2337/3530
f 4194/5821/3531 1780/2337/3531 1779/2336/3531 1785/5822/3531
f 4197/5825/3532 4196/5824/3532 4198/5826/3532 4199/5827/3532
f 4197/5825/3533 4199/5827/3533 4200/5828/3533 1775/2332/3533
f 4197/5825/3534 1775/2332/3534 1774/2331/3534 1780/2337/3534
f 4200/5829/3535 4199/5830/3535 4201/5831/3535 4202/5832/3535
f 4200/5828/3536 4202/5833/3536 4203/5834/3536 1770/2327/3536
f 4200/5828/3537 1770/2327/3537 1769/2326/3537 1775/2332/3537
f 4203/5835/3538 4202/5832/3538 4204/5836/3538 4205/5837/3538
f 4203/5838/3539 4205/5839/3539 4206/5840/3539 1765/2319/3539
f 4203/5838/3540 1765/2319/3540 1764/2318/3540 1770/5841/3540
f 4206/5840/3541 4205/5839/3541 4207/5842/3541 4208/5843/3541
f 4206/5840/3542 4208/5843/3542 4209/5844/3542 1760/2314/3542
f 4206/5840/3543 1760/2314/3543 1759/2313/3543 1765/2319/3543
f 4209/5844/3544 4208/5843/3544 4210/5845/3544 4211/5846/3544
f 4209/5844/3545 4211/5846/3545 4212/5847/3545 1755/2309/3545
f 4209/5844/3546 1755/2309/3546 1754/2308/3546 1760/2314/3546
f 4212/5847/3547 4211/5846/3547 337/213/3547 336/212/3547
f 4212/5847/3548 336/212/3548 4213/5848/3548 1750/2304/3548
f 4212/5847/3549 1750/2304/3549 1749/2303/3549 1755/2309/3549
f 4213/5848/3550 336/212/3550 23/211/3550 4214/5849/3550
f 4213/5848/3551 4214/5849/3551 297/159/3551 1746/2299/3551
f 4213/5848/3552 1746/2299/3552 1745/2298/3552 1750/2304/3552
f 4214/5849/3553 23/211/3553 342/218/3553 4215/5850/3553
f 4214/5849/3554 4215/5850/3554 298/160/3554 297/159/3554
f 4215/5850/3555 342/218/3555 4216/5851/3555 4217/5852/3555
f 4215/5850/3556 4217/5852/3556 299/161/3556 298/160/3556
f 4217/5852/3557 4216/5851/3557 383/5853/3557 333/208/3557
f 4217/5852/3558 333/208/3558 323/196/3558 299/161/3558
f 4216/5851/3559 381/276/3559 384/5854/3559 383/5853/3559
f 4216/5851/3560 342/218/3560 341/217/3560 381/276/3560
f 4211/5846/3561 4210/5845/3561 4218/5855/3561 337/213/3561
f 4218/5856/3562 4219/5857/3562 4220/5858/3562 4221/5859/3562
f 4218/5855/3563 4221/5860/3563 338/214/3563 337/213/3563
f 4218/5856/3564 4210/5861/3564 4222/5862/3564 4219/5857/3564
f 4222/5862/3565 4223/5863/3565 4224/5864/3565 4219/5857/3565
f 4222/5862/3566 4210/5861/3566 4208/5865/3566 4207/5866/3566
f 4222/5862/3567 4207/5866/3567 4225/5867/3567 4223/5863/3567
f 4225/5867/3568 4226/5868/3568 4227/5869/3568 4223/5863/3568
f 4225/5867/3569 4207/5866/3569 4205/5837/3569 4204/5836/3569
f 4225/5867/3570 4204/5836/3570 4228/5870/3570 4226/5868/3570
f 4228/5870/3571 4229/5871/3571 4230/5872/3571 4226/5868/3571
f 4228/5870/3572 4204/5836/3572 4202/5832/3572 4201/5831/3572
f 4228/5870/3573 4201/5831/3573 4231/5873/3573 4229/5871/3573
f 4231/5873/3574 4232/5874/3574 4233/5875/3574 4229/5871/3574
f 4231/5873/3575 4201/5831/3575 4199/5830/3575 4198/5876/3575
f 4231/5873/3576 4198/5876/3576 4234/5877/3576 4232/5874/3576
f 4234/5877/3577 4235/5878/3577 4236/5879/3577 4232/5874/3577
f 4234/5880/3578 4198/5826/3578 4196/5824/3578 4195/5823/3578
f 4234/5880/3579 4195/5823/3579 4237/5881/3579 4235/5882/3579
f 4237/5881/3580 4238/5883/3580 4239/5884/3580 4235/5882/3580
f 4237/5881/3581 4195/5823/3581 4193/5820/3581 4192/5819/3581
f 4237/5881/3582 4192/5819/3582 4240/5885/3582 4238/5883/3582
f 4240/5885/3583 4241/5886/3583 4242/5887/3583 4238/5883/3583
f 4240/5888/3584 4192/5889/3584 4190/5815/3584 4189/5814/3584
f 4240/5885/3585 4189/5890/3585 4243/5891/3585 4241/5886/3585
f 4243/5891/3586 4244/5892/3586 4245/5893/3586 4241/5886/3586
f 4243/5894/3587 4189/5814/3587 4187/5812/3587 4186/5811/3587
f 4243/5894/3588 4186/5811/3588 4246/5895/3588 4244/5896/3588
f 4246/5897/3589 4247/5898/3589 4248/5899/3589 4244/5892/3589
f 4246/5895/3590 4186/5811/3590 4184/5808/3590 4183/5807/3590
f 4246/5895/3591 4183/5807/3591 4249/5900/3591 4247/5901/3591
f 4249/5902/3592 4169/5788/3592 4250/5903/3592 4247/5898/3592
f 4249/5904/3593 4183/5905/3593 4181/5803/3593 4180/5802/3593
f 4249/5904/3594 4180/5802/3594 4170/5791/3594 4169/5906/3594
f 4250/5903/3595 4164/5783/3595 4162/5779/3595 4251/5907/3595
f 4250/5903/3596 4251/5907/3596 4248/5899/3596 4247/5898/3596
f 4250/5903/3597 4169/5788/3597 4166/5785/3597 4164/5783/3597
f 4251/5907/3598 4162/5779/3598 4161/5778/3598 4252/5908/3598
f 4251/5907/3599 4252/5908/3599 4253/5909/3599 4248/5899/3599
f 4253/5909/3600 4252/5908/3600 4254/5910/3600 4255/5911/3600
f 4253/5909/3601 4255/5911/3601 4256/5912/3601 4245/5893/3601
f 4253/5909/3602 4245/5893/3602 4244/5892/3602 4248/5899/3602
f 4256/5912/3603 4255/5911/3603 4257/5913/3603 4258/5914/3603
f 4256/5912/3604 4258/5914/3604 4259/5915/3604 4242/5887/3604
f 4256/5912/3605 4242/5887/3605 4241/5886/3605 4245/5893/3605
f 4259/5915/3606 4258/5914/3606 4260/5916/3606 4261/5917/3606
f 4259/5915/3607 4261/5917/3607 4262/5918/3607 4239/5884/3607
f 4259/5915/3608 4239/5884/3608 4238/5883/3608 4242/5887/3608
f 4262/5918/3609 4261/5917/3609 4263/5919/3609 4264/5920/3609
f 4262/5921/3610 4264/5922/3610 4265/5923/3610 4236/5879/3610
f 4262/5918/3611 4236/5924/3611 4235/5882/3611 4239/5884/3611
f 4265/5923/3612 4264/5922/3612 4266/5925/3612 4267/5926/3612
f 4265/5923/3613 4267/5926/3613 4268/5927/3613 4233/5875/3613
f 4265/5923/3614 4233/5875/3614 4232/5874/3614 4236/5879/3614
f 4268/5927/3615 4267/5926/3615 4269/5928/3615 4270/5929/3615
f 4268/5927/3616 4270/5929/3616 4271/5930/3616 4230/5872/3616
f 4268/5927/3617 4230/5872/3617 4229/5871/3617 4233/5875/3617
f 4271/5930/3618 4270/5929/3618 4272/5931/3618 4273/5932/3618
f 4271/5930/3619 4273/5932/3619 4274/5933/3619 4227/5869/3619
f 4271/5930/3620 4227/5869/3620 4226/5868/3620 4230/5872/3620
f 4274/5933/3621 4273/5932/3621 4275/5934/3621 4276/5935/3621
f 4274/5933/3622 4276/5935/3622 4277/5936/3622 4224/5864/3622
f 4274/5933/3623 4224/5864/3623 4223/5863/3623 4227/5869/3623
f 4277/5936/3624 4276/5935/3624 4278/5937/3624 4279/5938/3624
f 4277/5936/3625 4279/5938/3625 4280/5939/3625 4220/5858/3625
f 4277/5936/3626 4220/5858/3626 4219/5857/3626 4224/5864/3626
f 4280/5939/3627 4279/5938/3627 4281/5940/3627 4282/5941/3627
f 4280/5939/3628 4282/5941/3628 447/384/3628 446/383/3628
f 4280/5942/3629 446/5943/3629 4221/5944/3629 4220/5945/3629
f 4282/5941/3630 4281/5940/3630 4283/5946/3630 4284/5947/3630
f 4282/5941/3631 4284/5947/3631 481/5948/3631 447/384/3631
f 4284/5947/3632 4283/5946/3632 567/5949/3632 569/5950/3632
f 4284/5951/3633 569/565/3633 482/450/3633 481/449/3633
f 4283/5946/3634 4285/5952/3634 568/5953/3634 567/5949/3634
f 4283/5946/3635 4281/5940/3635 4286/5954/3635 4285/5952/3635
f 4286/5954/3636 4287/5955/3636 4288/5956/3636 4285/5952/3636
f 4286/5954/3637 4281/5940/3637 4279/5938/3637 4278/5937/3637
f 4286/5954/3638 4278/5937/3638 4289/5957/3638 4287/5955/3638
f 4289/5957/3639 4290/5958/3639 4291/5959/3639 4287/5955/3639
f 4289/5957/3640 4278/5937/3640 4276/5935/3640 4275/5934/3640
f 4289/5957/3641 4275/5934/3641 4292/5960/3641 4290/5958/3641
f 4292/5960/3642 4293/5961/3642 4294/5962/3642 4290/5958/3642
f 4292/5960/3643 4275/5934/3643 4273/5932/3643 4272/5931/3643
f 4292/5960/3644 4272/5931/3644 4295/5963/3644 4293/5961/3644
f 4295/5963/3645 4296/5964/3645 4297/5965/3645 4293/5961/3645
f 4295/5963/3646 4272/5931/3646 4270/5929/3646 4269/5928/3646
f 4295/5963/3647 4269/5928/3647 4298/5966/3647 4296/5964/3647
f 4298/5966/3648 4299/5967/3648 4300/5968/3648 4296/5964/3648
f 4298/5966/3649 4269/5928/3649 4267/5926/3649 4266/5925/3649
f 4298/5966/3650 4266/5925/3650 4301/5969/3650 4299/5967/3650
f 4301/5970/3651 4302/5971/3651 4303/5972/3651 4299/5973/3651
f 4301/5969/3652 4266/5925/3652 4264/5922/3652 4263/5974/3652
f 4301/5970/3653 4263/5975/3653 4304/5976/3653 4302/5971/3653
f 4304/5976/3654 4305/5977/3654 4306/5978/3654 4302/5971/3654
f 4304/5976/3655 4263/5975/3655 4261/5979/3655 4260/5980/3655
f 4304/5976/3656 4260/5980/3656 4307/5981/3656 4305/5977/3656
f 4307/5981/3657 4308/5982/3657 4309/5983/3657 4305/5977/3657
f 4307/5981/3658 4260/5980/3658 4258/5984/3658 4257/5985/3658
f 4307/5981/3659 4257/5985/3659 4310/5986/3659 4308/5982/3659
f 4310/5987/3660 4155/5761/3660 4153/5760/3660 4308/5988/3660
f 4310/5987/3661 4257/5913/3661 4255/5911/3661 4254/5910/3661
f 4310/5987/3662 4254/5910/3662 4157/5777/3662 4155/5761/3662
f 4309/5983/3663 4152/5756/3663 4151/5755/3663 4311/5989/3663
f 4309/5983/3664 4311/5989/3664 4306/5978/3664 4305/5977/3664
f 4309/5983/3665 4308/5982/3665 4153/5757/3665 4152/5756/3665
f 4311/5989/3666 4151/5755/3666 4312/5990/3666 4313/5991/3666
f 4311/5989/3667 4313/5991/3667 4314/5992/3667 4306/5978/3667
f 4314/5992/3668 4313/5991/3668 4315/5993/3668 4316/5994/3668
f 4314/5992/3669 4316/5994/3669 4317/5995/3669 4303/5972/3669
f 4314/5992/3670 4303/5972/3670 4302/5971/3670 4306/5978/3670
f 4317/5995/3671 4316/5994/3671 1096/1362/3671 4318/5996/3671
f 4317/5995/3672 4318/5996/3672 4319/5997/3672 4300/5998/3672
f 4317/5995/3673 4300/5998/3673 4299/5973/3673 4303/5972/3673
f 4319/5997/3674 4318/5996/3674 4320/5999/3674 4321/6000/3674
f 4319/6001/3675 4321/6002/3675 4322/6003/3675 4297/5965/3675
f 4319/6001/3676 4297/5965/3676 4296/5964/3676 4300/5968/3676
f 4322/6003/3677 4321/6002/3677 4323/6004/3677 4324/6005/3677
f 4322/6003/3678 4324/6005/3678 4325/6006/3678 4294/5962/3678
f 4322/6003/3679 4294/5962/3679 4293/5961/3679 4297/5965/3679
f 4325/6007/3680 4324/6008/3680 4326/6009/3680 4327/6010/3680
f 4325/6006/3681 4327/6011/3681 4328/6012/3681 4291/5959/3681
f 4325/6006/3682 4291/5959/3682 4290/5958/3682 4294/5962/3682
f 4328/6012/3683 4327/6011/3683 4329/6013/3683 4330/6014/3683
f 4328/6012/3684 4330/6014/3684 4331/6015/3684 4288/5956/3684
f 4328/6012/3685 4288/5956/3685 4287/5955/3685 4291/5959/3685
f 4331/6016/3686 4330/6017/3686 722/884/3686 721/6018/3686
f 4331/6015/3687 721/6019/3687 565/6020/3687 568/5953/3687
f 4331/6015/3688 568/5953/3688 4285/5952/3688 4288/5956/3688
f 4330/6017/3689 4329/6021/3689 796/885/3689 722/884/3689
f 4329/6021/3690 4332/6022/3690 823/928/3690 796/885/3690
f 4329/6013/3691 4327/6011/3691 4326/6023/3691 4332/6024/3691
f 4332/6024/3692 4333/6025/3692 4334/6026/3692 823/6027/3692
f 4332/6024/3693 4326/6023/3693 4335/6028/3693 4333/6025/3693
f 4335/6029/3694 4336/6030/3694 4337/6031/3694 4333/6032/3694
f 4335/6033/3695 4326/6009/3695 4324/6008/3695 4323/6034/3695
f 4335/6033/3696 4323/6034/3696 4338/6035/3696 4336/6036/3696
f 4338/6037/3697 1099/1365/3697 4339/6038/3697 4336/6030/3697
f 4338/6037/3698 4323/6039/3698 4321/6000/3698 4320/5999/3698
f 4338/6037/3699 4320/5999/3699 1095/1361/3699 1099/1365/3699
f 4339/6038/3700 4340/6040/3700 4341/6041/3700 4342/6042/3700
f 4339/6038/3701 4342/6042/3701 4337/6031/3701 4336/6030/3701
f 4339/6038/3702 1099/1365/3702 1098/1364/3702 4340/6040/3702
f 4342/6043/3703 4341/6044/3703 4343/6045/3703 4344/6046/3703
f 4342/6047/3704 4344/6048/3704 4345/6049/3704 4337/6050/3704
f 4345/6049/3705 4344/6048/3705 1104/6051/3705 4346/6052/3705
f 4345/6049/3706 4346/6052/3706 4347/6053/3706 4334/6054/3706
f 4345/6055/3707 4334/6026/3707 4333/6025/3707 4337/6056/3707
f 4347/6053/3708 4346/6052/3708 1055/1305/3708 880/1016/3708
f 4347/6053/3709 880/1016/3709 822/1015/3709 821/929/3709
f 4347/6053/3710 821/929/3710 823/928/3710 4334/6054/3710
f 4346/6052/3711 1104/6051/3711 167/1306/3711 1055/1305/3711
f 4344/6048/3712 4343/6057/3712 1105/6058/3712 1104/6051/3712
f 4343/6057/3713 4348/6059/3713 1107/6060/3713 1105/6058/3713
f 4343/6057/3714 4341/6061/3714 4349/6062/3714 4348/6059/3714
f 4349/6063/3715 1172/1490/3715 1171/1489/3715 4348/6064/3715
f 4349/6065/3716 4341/6041/3716 4340/6040/3716 1134/1419/3716
f 4349/6065/3717 1134/1419/3717 1133/1418/3717 1172/1518/3717
f 4348/6064/3718 1171/1489/3718 1170/1494/3718 1107/1377/3718
f 4340/6040/3719 1098/1364/3719 173/1367/3719 1134/1419/3719
f 4320/5999/3720 4318/5996/3720 1096/1362/3720 1095/1361/3720
f 4316/5994/3721 4315/5993/3721 1097/1363/3721 1096/1362/3721
f 4315/5993/3722 4350/6066/3722 1106/1376/3722 1097/1363/3722
f 4315/5993/3723 4313/5991/3723 4312/5990/3723 4350/6066/3723
f 4350/6066/3724 4351/6067/3724 4352/6068/3724 1106/1376/3724
f 4350/6066/3725 4312/5990/3725 4148/5752/3725 4351/6067/3725
f 4352/6068/3726 4353/6069/3726 4354/6070/3726 4355/6071/3726
f 4352/6068/3727 4355/6071/3727 1100/1366/3727 1106/1376/3727
f 4352/6068/3728 4351/6067/3728 4356/6072/3728 4353/6069/3728
f 4356/6072/3729 4357/6073/3729 4358/6074/3729 4353/6069/3729
f 4356/6072/3730 4351/6067/3730 4148/5752/3730 4146/5750/3730
f 4356/6072/3731 4146/5750/3731 4145/5749/3731 4357/6073/3731
f 4358/6074/3732 4359/6075/3732 4360/6076/3732 4361/6077/3732
f 4358/6074/3733 4361/6077/3733 4354/6070/3733 4353/6069/3733
f 4358/6074/3734 4357/6073/3734 4362/6078/3734 4359/6075/3734
f 4362/6078/3735 4363/6079/3735 4364/6080/3735 4359/6075/3735
f 4362/6078/3736 4357/6073/3736 4145/5749/3736 4144/5748/3736
f 4362/6081/3737 4144/6082/3737 4365/6083/3737 4363/6084/3737
f 4365/6083/3738 3848/5338/3738 4366/6085/3738 4363/6084/3738
f 4365/6083/3739 4144/6082/3739 4142/5744/3739 4141/5743/3739
f 4365/6083/3740 4141/5743/3740 3849/5339/3740 3848/5338/3740
f 4366/6085/3741 3845/5335/3741 4367/6086/3741 4368/6087/3741
f 4366/6085/3742 4368/6087/3742 4364/6088/3742 4363/6084/3742
f 4366/6085/3743 3848/5338/3743 3846/5336/3743 3845/5335/3743
f 4368/6089/3744 4367/6090/3744 4369/6091/3744 4370/6092/3744
f 4368/6089/3745 4370/6092/3745 4371/6093/3745 4364/6094/3745
f 4371/6093/3746 4370/6092/3746 4372/6095/3746 4373/6096/3746
f 4371/6097/3747 4373/6098/3747 4374/6099/3747 4360/6076/3747
f 4371/6097/3748 4360/6076/3748 4359/6075/3748 4364/6080/3748
f 4374/6099/3749 4373/6098/3749 4375/6100/3749 993/1211/3749
f 4374/6099/3750 993/1211/3750 992/1210/3750 4376/6101/3750
f 4374/6099/3751 4376/6101/3751 4361/6077/3751 4360/6076/3751
f 4376/6101/3752 992/1210/3752 991/1209/3752 4377/6102/3752
f 4376/6101/3753 4377/6102/3753 4354/6070/3753 4361/6077/3753
f 4377/6102/3754 991/1209/3754 4378/6103/3754 4379/6104/3754
f 4377/6102/3755 4379/6104/3755 4355/6071/3755 4354/6070/3755
f 4379/6104/3756 4378/6103/3756 1132/1417/3756 173/1367/3756
f 4379/6104/3757 173/1367/3757 1100/1366/3757 4355/6071/3757
f 4378/6103/3758 991/1209/3758 990/1208/3758 4380/6105/3758
f 4378/6103/3759 4380/6105/3759 1161/1465/3759 1132/1417/3759
f 4380/6105/3760 990/1208/3760 4381/6106/3760 4382/6107/3760
f 4380/6105/3761 4382/6107/3761 1158/1457/3761 1161/1465/3761
f 4382/6107/3762 4381/6106/3762 4383/6108/3762 4384/6109/3762
f 4382/6107/3763 4384/6109/3763 1103/1458/3763 1158/1457/3763
f 4384/6109/3764 4383/6108/3764 4385/6110/3764 4386/6111/3764
f 4384/6109/3765 4386/6111/3765 1101/6112/3765 1103/1458/3765
f 4386/6111/3766 4385/6110/3766 1042/6113/3766 1041/1287/3766
f 4386/6114/3767 1041/6115/3767 1043/1369/3767 1101/1368/3767
f 4385/6110/3768 4387/6116/3768 4388/6117/3768 1042/6113/3768
f 4385/6110/3769 4383/6108/3769 4389/6118/3769 4387/6116/3769
f 4389/6118/3770 4390/6119/3770 4391/6120/3770 4387/6116/3770
f 4389/6118/3771 4383/6108/3771 4381/6106/3771 4392/6121/3771
f 4389/6118/3772 4392/6121/3772 4393/6122/3772 4390/6119/3772
f 4393/6123/3773 4394/6124/3773 4395/6125/3773 4390/6126/3773
f 4393/6122/3774 4392/6121/3774 145/1207/3774 989/6127/3774
f 4393/6122/3775 989/6127/3775 4396/6128/3775 4394/6129/3775
f 4396/6130/3776 4397/6131/3776 4398/6132/3776 4394/6124/3776
f 4396/6130/3777 989/1206/3777 988/1205/3777 4399/6133/3777
f 4396/6130/3778 4399/6133/3778 837/945/3778 4397/6131/3778
f 4399/6133/3779 988/1205/3779 4400/6134/3779 4401/6135/3779
f 4399/6133/3780 4401/6135/3780 115/908/3780 837/945/3780
f 4401/6135/3781 4400/6134/3781 4402/6136/3781 4403/6137/3781
f 4401/6135/3782 4403/6137/3782 838/946/3782 115/908/3782
f 4403/6137/3783 4402/6136/3783 4404/6138/3783 4405/6139/3783
f 4403/6137/3784 4405/6139/3784 4406/6140/3784 838/946/3784
f 4406/6140/3785 3814/5293/3785 839/947/3785 838/946/3785
f 4406/6140/3786 4405/6139/3786 917/1095/3786 916/1094/3786
f 4406/6140/3787 916/1094/3787 920/1098/3787 3814/5293/3787
f 4405/6139/3788 4404/6138/3788 4407/6141/3788 917/1095/3788
f 4407/6141/3789 4404/6138/3789 4408/6142/3789 4409/6143/3789
f 4407/6141/3790 4409/6143/3790 3826/5305/3790 3825/5304/3790
f 4407/6141/3791 3825/5304/3791 918/1096/3791 917/1095/3791
f 4409/6143/3792 4408/6142/3792 4410/6144/3792 4411/6145/3792
f 4409/6143/3793 4411/6145/3793 3827/5306/3793 3826/5305/3793
f 4411/6145/3794 4410/6144/3794 4412/6146/3794 4413/6147/3794
f 4411/6145/3795 4413/6147/3795 3829/5308/3795 3827/5306/3795
f 4413/6148/3796 4412/6149/3796 4369/6091/3796 4414/6150/3796
f 4413/6148/3797 4414/6150/3797 3831/5312/3797 3829/5311/3797
f 4414/6150/3798 4369/6091/3798 4367/6090/3798 4415/6151/3798
f 4414/6152/3799 4415/6153/3799 3839/5324/3799 3831/6154/3799
f 4415/6155/3800 4367/6086/3800 3845/5335/3800 3843/5333/3800
f 4415/6153/3801 3843/6156/3801 3840/5325/3801 3839/5324/3801
f 4412/6146/3802 4410/6144/3802 4416/6157/3802 4372/6158/3802
f 4412/6149/3803 4372/6095/3803 4370/6092/3803 4369/6091/3803
f 4416/6157/3804 4410/6144/3804 4408/6142/3804 4417/6159/3804
f 4416/6157/3805 4417/6159/3805 4418/6160/3805 4375/6161/3805
f 4416/6162/3806 4375/6163/3806 4373/6096/3806 4372/6095/3806
f 4418/6160/3807 4400/6134/3807 988/1205/3807 987/1204/3807
f 4418/6160/3808 987/1204/3808 993/6164/3808 4375/6161/3808
f 4418/6160/3809 4417/6159/3809 4402/6136/3809 4400/6134/3809
f 4417/6159/3810 4408/6142/3810 4404/6138/3810 4402/6136/3810
f 4398/6132/3811 4419/6165/3811 4420/6166/3811 4421/6167/3811
f 4398/6132/3812 4421/6167/3812 4395/6125/3812 4394/6124/3812
f 4398/6132/3813 4397/6131/3813 4422/6168/3813 4419/6165/3813
f 4422/6168/3814 4423/6169/3814 4424/6170/3814 4419/6165/3814
f 4422/6168/3815 4397/6131/3815 837/945/3815 836/944/3815
f 4422/6168/3816 836/944/3816 777/856/3816 4423/6169/3816
f 4424/6170/3817 769/847/3817 4425/6171/3817 4426/6172/3817
f 4424/6170/3818 4426/6172/3818 4420/6166/3818 4419/6165/3818
f 4424/6170/3819 4423/6169/3819 770/848/3819 769/847/3819
f 4426/6172/3820 4425/6171/3820 4427/6173/3820 4428/6174/3820
f 4426/6172/3821 4428/6174/3821 4429/6175/3821 4420/6166/3821
f 4429/6175/3822 4428/6174/3822 4430/6176/3822 4431/6177/3822
f 4429/6175/3823 4431/6177/3823 4432/6178/3823 4433/6179/3823
f 4429/6175/3824 4433/6179/3824 4421/6167/3824 4420/6166/3824
f 4433/6179/3825 4432/6178/3825 4434/6180/3825 4435/6181/3825
f 4433/6179/3826 4435/6181/3826 4395/6125/3826 4421/6167/3826
f 4435/6181/3827 4434/6180/3827 4436/6182/3827 4391/6183/3827
f 4435/6181/3828 4391/6183/3828 4390/6126/3828 4395/6125/3828
f 4436/6182/3829 4434/6180/3829 862/983/3829 124/982/3829
f 4436/6182/3830 124/982/3830 879/6184/3830 4388/6185/3830
f 4436/6182/3831 4388/6185/3831 4387/6186/3831 4391/6183/3831
f 4434/6180/3832 4432/6178/3832 4437/6187/3832 862/983/3832
f 4437/6187/3833 4438/6188/3833 4439/6189/3833 859/6190/3833
f 4437/6187/3834 859/6190/3834 120/984/3834 862/983/3834
f 4437/6187/3835 4432/6178/3835 4431/6177/3835 4438/6188/3835
f 4439/6191/3836 4440/6192/3836 3452/4758/3836 4441/6193/3836
f 4439/6191/3837 4441/6193/3837 860/978/3837 859/977/3837
f 4439/6191/3838 4438/6194/3838 4442/6195/3838 4440/6192/3838
f 4442/6195/3839 4443/6196/3839 3457/4763/3839 4440/6192/3839
f 4442/6197/3840 4438/6188/3840 4431/6177/3840 4430/6176/3840
f 4442/6195/3841 4430/6198/3841 4444/6199/3841 4443/6196/3841
f 4444/6199/3842 4445/6200/3842 3462/4768/3842 4443/6196/3842
f 4444/6201/3843 4430/6176/3843 4428/6174/3843 4427/6173/3843
f 4444/6199/3844 4427/6202/3844 4446/6203/3844 4445/6200/3844
f 4446/6203/3845 762/835/3845 761/834/3845 4445/6200/3845
f 4446/6204/3846 4427/6173/3846 4425/6171/3846 4447/6205/3846
f 4446/6204/3847 4447/6205/3847 763/6206/3847 762/6207/3847
f 4447/6205/3848 4425/6171/3848 769/847/3848 768/846/3848
f 4447/6208/3849 768/6209/3849 772/6210/3849 763/6211/3849
f 4445/6200/3850 761/834/3850 3463/4769/3850 3462/4768/3850
f 4443/6196/3851 3462/4768/3851 3458/4764/3851 3457/4763/3851
f 4441/6193/3852 3452/4758/3852 3448/4754/3852 3447/4753/3852
f 4441/6193/3853 3447/4753/3853 861/979/3853 860/978/3853
f 4440/6192/3854 3457/4763/3854 3453/4759/3854 3452/4758/3854
f 4423/6169/3855 777/856/3855 776/855/3855 770/848/3855
f 4392/6121/3856 4381/6106/3856 990/1208/3856 145/1207/3856
f 4388/6185/3857 879/6184/3857 1039/1285/3857 1042/1284/3857
f 4312/5990/3858 4151/5755/3858 4149/5753/3858 4148/5752/3858
f 4254/5910/3859 4252/5908/3859 4161/5778/3859 4157/5777/3859
f 4221/5860/3860 446/6212/3860 339/215/3860 338/214/3860
f 4180/5802/3861 4178/5800/3861 4171/5792/3861 4170/5791/3861
f 4141/5743/3862 4139/5737/3862 3850/5340/3862 3849/5339/3862
f 4139/5737/3863 4137/5735/3863 3852/5342/3863 3850/5340/3863
f 4127/5717/3864 4125/5715/3864 4027/5600/3864 4026/5599/3864
f 4122/6213/3865 1284/1642/3865 1280/1638/3865 1279/1637/3865
f 4122/6213/3866 1279/1637/3866 4119/6214/3866 4118/6215/3866
f 4122/6213/3867 4121/5713/3867 941/1130/3867 1284/1642/3867
f 4119/6214/3868 1279/1637/3868 1275/1633/3868 1274/1632/3868
f 4119/5707/3869 1274/6216/3869 4115/5703/3869 4114/5702/3869
f 4116/5704/3870 4115/5703/3870 1269/6217/3870 4448/6218/3870
f 4116/5704/3871 4448/6218/3871 4449/6219/3871 4109/5697/3871
f 4449/6219/3872 4448/6218/3872 1264/6220/3872 4450/6221/3872
f 4449/6219/3873 4450/6221/3873 4451/6222/3873 4105/5693/3873
f 4449/6219/3874 4105/5693/3874 4104/5692/3874 4109/5697/3874
f 4451/6222/3875 4450/6221/3875 1259/1616/3875 1065/1322/3875
f 4451/6222/3876 1065/1322/3876 162/1321/3876 4101/5689/3876
f 4451/6222/3877 4101/5689/3877 4100/5688/3877 4105/5693/3877
f 4450/6221/3878 1264/6220/3878 1260/1617/3878 1259/1616/3878
f 4448/6218/3879 1269/6217/3879 1265/6223/3879 1264/6220/3879
f 4115/5703/3880 1274/6216/3880 1270/6224/3880 1269/6217/3880
f 4110/5698/3881 4043/5623/3881 4040/5620/3881 4038/5618/3881
f 4106/5694/3882 4046/5626/3882 4044/5624/3882 4043/5623/3882
f 4102/5690/3883 4049/5629/3883 4047/5627/3883 4046/5626/3883
f 4101/5689/3884 162/1321/3884 1071/1328/3884 4097/5685/3884
f 4098/5686/3885 4052/5632/3885 4050/5630/3885 4049/5629/3885
f 4095/5683/3886 4094/5682/3886 4452/6225/3886 1138/1424/3886
f 4095/5683/3887 1138/1424/3887 1137/1423/3887 4088/5676/3887
f 4452/6225/3888 4453/6226/3888 4454/6227/3888 4455/6228/3888
f 4452/6225/3889 4455/6228/3889 1139/1425/3889 1138/1424/3889
f 4452/6225/3890 4094/5682/3890 1070/1327/3890 4453/6226/3890
f 4455/6228/3891 4454/6227/3891 4456/6229/3891 4457/6230/3891
f 4455/6228/3892 4457/6230/3892 1140/1426/3892 1139/1425/3892
f 4457/6230/3893 4456/6229/3893 4458/6231/3893 4459/6232/3893
f 4457/6230/3894 4459/6232/3894 4460/6233/3894 1140/1426/3894
f 4460/6233/3895 4459/6232/3895 1186/1523/3895 4461/6234/3895
f 4460/6233/3896 4461/6234/3896 4462/6235/3896 4463/6236/3896
f 4460/6233/3897 4463/6236/3897 1135/1421/3897 1140/1426/3897
f 4463/6236/3898 4462/6235/3898 4078/5664/3898 4464/6237/3898
f 4463/6236/3899 4464/6237/3899 1136/1422/3899 1135/1421/3899
f 4464/6237/3900 4078/5664/3900 4077/5663/3900 4082/5669/3900
f 4464/6237/3901 4082/5669/3901 4089/5677/3901 1136/1422/3901
f 4462/6235/3902 4461/6234/3902 4465/6238/3902 4074/5658/3902
f 4462/6235/3903 4074/5658/3903 4073/5657/3903 4078/5664/3903
f 4465/6238/3904 4461/6234/3904 1186/1523/3904 1176/1522/3904
f 4465/6239/3905 1176/1500/3905 1175/1499/3905 4466/6240/3905
f 4465/6239/3906 4466/6240/3906 4075/5660/3906 4074/6241/3906
f 4466/6240/3907 1175/1499/3907 1178/1503/3907 1122/1398/3907
f 4466/6240/3908 1122/1398/3908 1121/1397/3908 4075/5660/3908
f 4459/6232/3909 4458/6231/3909 1179/1524/3909 1186/1523/3909
f 4458/6242/3910 4467/6243/3910 1177/1507/3910 1179/1506/3910
f 4458/6242/3911 4456/6244/3911 4468/6245/3911 4467/6243/3911
f 4468/6245/3912 1164/1477/3912 1185/1520/3912 4467/6243/3912
f 4468/6245/3913 4456/6244/3913 4454/6246/3913 1131/1416/3913
f 4468/6245/3914 1131/1416/3914 1128/1411/3914 1164/1477/3914
f 4467/6243/3915 1185/1520/3915 1178/6247/3915 1177/1507/3915
f 4454/6227/3916 4453/6226/3916 1130/6248/3916 1131/6249/3916
f 4453/6226/3917 1070/1327/3917 1069/1326/3917 1130/6248/3917
f 4094/5682/3918 4093/5681/3918 1071/1328/3918 1070/1327/3918
f 4089/5677/3919 4088/5676/3919 1137/1423/3919 1136/1422/3919
f 4083/5671/3920 4063/5670/3920 4060/5640/3920 4058/5638/3920
f 4079/6250/3921 4066/5649/3921 4064/5647/3921 4063/5646/3921
f 4025/5598/3922 4023/5596/3922 3868/5364/3922 3866/5360/3922
f 4021/5594/3923 4020/5593/3923 967/1170/3923 969/1174/3923
f 3985/5539/3924 1087/1352/3924 1086/1351/3924 3982/5536/3924
f 3979/6251/3925 1092/1357/3925 4469/6252/3925 4470/6253/3925
f 3979/6251/3926 4470/6253/3926 3976/5524/3926 3975/5523/3926
f 3979/6251/3927 3978/5533/3927 1089/1354/3927 1092/1357/3927
f 4470/6253/3928 4469/6252/3928 4471/6254/3928 4472/6255/3928
f 4470/6253/3929 4472/6255/3929 4473/6256/3929 3976/5524/3929
f 4473/6257/3930 4472/6258/3930 4474/6259/3930 4475/6260/3930
f 4473/6256/3931 4475/6261/3931 4476/6262/3931 3971/5519/3931
f 4473/6256/3932 3971/5519/3932 3970/5518/3932 3976/5524/3932
f 4476/6262/3933 4475/6261/3933 4477/6263/3933 1189/1527/3933
f 4476/6262/3934 1189/1527/3934 1181/1510/3934 3966/5513/3934
f 4476/6262/3935 3966/5513/3935 3965/5512/3935 3971/5519/3935
f 4477/6263/3936 4478/6264/3936 4479/6265/3936 4480/6266/3936
f 4477/6263/3937 4480/6266/3937 1190/1528/3937 1189/1527/3937
f 4477/6263/3938 4475/6261/3938 4474/6267/3938 4478/6264/3938
f 4480/6266/3939 4479/6265/3939 4481/6268/3939 4482/6269/3939
f 4480/6266/3940 4482/6269/3940 1191/6270/3940 1190/1528/3940
f 4482/6269/3941 4481/6268/3941 1204/1549/3941 1209/1554/3941
f 4482/6269/3942 1209/1554/3942 4483/6271/3942 1191/6270/3942
f 4483/6271/3943 1209/1554/3943 1208/1553/3943 4484/6272/3943
f 4483/6273/3944 4484/6274/3944 1199/6275/3944 4485/6276/3944
f 4483/6273/3945 4485/6276/3945 1187/1525/3945 1191/1530/3945
f 4485/6276/3946 1199/6275/3946 1198/5486/3946 3951/5485/3946
f 4485/6276/3947 3951/5485/3947 1188/1526/3947 1187/1525/3947
f 4484/6272/3948 1208/1553/3948 1207/1552/3948 4486/6277/3948
f 4484/6272/3949 4486/6277/3949 1200/1541/3949 1199/1540/3949
f 4486/6277/3950 1207/1552/3950 1214/6278/3950 1213/6279/3950
f 4486/6277/3951 1213/6279/3951 1201/6280/3951 1200/1541/3951
f 4481/6268/3952 4487/6281/3952 1205/1550/3952 1204/1549/3952
f 4481/6268/3953 4479/6265/3953 4488/6282/3953 4487/6281/3953
f 4488/6283/3954 4489/6284/3954 1219/1568/3954 4487/6285/3954
f 4488/6282/3955 4479/6265/3955 4478/6264/3955 4490/6286/3955
f 4488/6283/3956 4490/6287/3956 4491/6288/3956 4489/6284/3956
f 4491/6288/3957 4492/6289/3957 1224/1573/3957 4489/6284/3957
f 4491/6288/3958 4490/6287/3958 4493/6290/3958 4494/6291/3958
f 4491/6288/3959 4494/6291/3959 4495/6292/3959 4492/6289/3959
f 4495/6292/3960 1235/1587/3960 1229/1578/3960 4492/6289/3960
f 4495/6292/3961 4494/6291/3961 4496/6293/3961 4497/6294/3961
f 4495/6292/3962 4497/6294/3962 1236/1588/3962 1235/1587/3962
f 4497/6294/3963 4496/6293/3963 4498/6295/3963 4499/6296/3963
f 4497/6294/3964 4499/6296/3964 1238/1590/3964 1236/1588/3964
f 4499/6296/3965 4498/6295/3965 1091/6297/3965 4500/6298/3965
f 4499/6296/3966 4500/6298/3966 4501/6299/3966 1238/1590/3966
f 4501/6299/3967 1242/1594/3967 1239/1591/3967 1238/1590/3967
f 4501/6299/3968 4500/6298/3968 1094/6300/3968 1163/1468/3968
f 4501/6299/3969 1163/1468/3969 1162/1467/3969 1242/1594/3969
f 4500/6298/3970 1091/6297/3970 165/6301/3970 1094/6300/3970
f 4498/6295/3971 4496/6293/3971 4471/6302/3971 4469/6303/3971
f 4498/6304/3972 4469/6252/3972 1092/1357/3972 1091/1356/3972
f 4496/6293/3973 4494/6291/3973 4493/6290/3973 4471/6302/3973
f 4493/6305/3974 4490/6286/3974 4478/6264/3974 4474/6267/3974
f 4493/6305/3975 4474/6267/3975 4472/6255/3975 4471/6254/3975
f 4492/6289/3976 1229/1578/3976 1225/1574/3976 1224/1573/3976
f 4489/6284/3977 1224/1573/3977 1220/1569/3977 1219/1568/3977
f 4487/6285/3978 1219/1568/3978 1216/1565/3978 1205/1564/3978
f 3973/5521/3979 3972/5520/3979 3918/5429/3979 3917/5428/3979
f 3972/6306/3980 3968/5515/3980 3967/5514/3980 3923/5436/3980
f 3972/6306/3981 3923/5436/3981 3920/5433/3981 3918/5432/3981
f 3967/5514/3982 3963/5508/3982 3962/5507/3982 3926/5439/3982
f 3967/5514/3983 3926/5439/3983 3924/5437/3983 3923/5436/3983
f 3966/5513/3984 1181/1510/3984 1180/1509/3984 3961/5506/3984
f 3962/5507/3985 3959/5502/3985 3931/5444/3985 3929/5442/3985
f 3962/5507/3986 3929/5442/3986 3927/5440/3986 3926/5439/3986
f 3956/5493/3987 3954/5491/3987 1195/6307/3987 3936/6308/3987
f 3956/5496/3988 3936/6309/3988 3934/5453/3988 3933/5452/3988
f 3954/5491/3989 3952/5489/3989 1196/6310/3989 1195/6307/3989
f 3952/5489/3990 3949/5488/3990 1197/6311/3990 1196/6310/3990
f 3943/5470/3991 3941/5469/3991 1192/6312/3991 1197/5481/3991
f 3937/5458/3992 3936/5457/3992 1195/1535/3992 1194/1534/3992
f 3861/5353/3993 3857/5347/3993 3855/5345/3993 3854/5344/3993
f 3839/5324/3994 3835/5319/3994 3832/5318/3994 3831/6154/3994
f 3834/5316/3995 974/1182/3995 973/1181/3995 1023/1257/3995
f 3825/5304/3996 3823/5302/3996 921/1099/3996 918/1096/3996
f 3819/5298/3997 3817/5296/3997 919/1097/3997 921/1099/3997
f 3719/5291/3998 3715/6313/3998 813/909/3998 812/907/3998
f 3718/5121/3999 3717/5120/3999 841/950/3999 840/949/3999
f 3711/5109/4000 3710/5108/4000 814/6314/4000 813/5113/4000
f 3710/5108/4001 3706/5104/4001 3705/5103/4001 4502/6315/4001
f 3710/5108/4002 4502/6315/4002 4503/6316/4002 814/6314/4002
f 4503/6316/4003 4502/6315/4003 4504/6317/4003 781/863/4003
f 4503/6318/4004 781/6319/4004 780/859/4004 779/858/4004
f 4503/6318/4005 779/858/4005 109/903/4005 814/910/4005
f 4504/6317/4006 4502/6315/4006 3705/5103/4006 4505/6320/4006
f 4504/6317/4007 4505/6320/4007 4506/6321/4007 4507/6322/4007
f 4504/6317/4008 4507/6322/4008 782/864/4008 781/863/4008
f 4507/6323/4009 4506/6324/4009 4508/6325/4009 4509/6326/4009
f 4507/6322/4010 4509/6327/4010 4510/6328/4010 782/864/4010
f 4510/6329/4011 4509/6330/4011 4511/6331/4011 4512/6332/4011
f 4510/6333/4012 4512/6334/4012 774/853/4012 773/852/4012
f 4510/6328/4013 773/6335/4013 104/861/4013 782/864/4013
f 4512/6334/4014 4511/6336/4014 4513/6337/4014 4514/6338/4014
f 4512/6334/4015 4514/6338/4015 4515/6339/4015 774/853/4015
f 4515/6339/4016 4514/6338/4016 4516/6340/4016 733/6341/4016
f 4515/6339/4017 733/6341/4017 732/6342/4017 4517/6343/4017
f 4515/6339/4018 4517/6343/4018 775/854/4018 774/853/4018
f 4517/6343/4019 732/6342/4019 763/6206/4019 772/850/4019
f 4517/6343/4020 772/850/4020 771/849/4020 775/854/4020
f 4516/6344/4021 4514/6345/4021 4513/6346/4021 4518/6347/4021
f 4516/6348/4022 4518/6349/4022 4519/6350/4022 4520/6351/4022
f 4516/6352/4023 4520/6353/4023 95/791/4023 733/794/4023
f 4520/6353/4024 4519/6354/4024 4521/6355/4024 4522/6356/4024
f 4520/6353/4025 4522/6356/4025 724/6357/4025 95/791/4025
f 4522/6356/4026 4521/6355/4026 744/812/4026 4523/6358/4026
f 4522/6359/4027 4523/6360/4027 725/6361/4027 724/6362/4027
f 4523/6363/4028 4524/6364/4028 726/785/4028 725/784/4028
f 4523/6365/4029 744/6366/4029 741/6367/4029 4524/6368/4029
f 4524/6364/4030 3468/4774/4030 3465/4771/4030 726/785/4030
f 4524/6364/4031 741/805/4031 739/801/4031 3468/4774/4031
f 4521/6355/4032 4519/6354/4032 4525/6369/4032 4526/6370/4032
f 4521/6355/4033 4526/6370/4033 743/809/4033 744/812/4033
f 4526/6371/4034 4525/6372/4034 4527/6373/4034 766/6374/4034
f 4526/6370/4035 766/842/4035 742/810/4035 743/809/4035
f 4527/6375/4036 4528/6376/4036 4529/6377/4036 4530/6378/4036
f 4527/6373/4037 4530/6379/4037 764/6380/4037 766/6374/4037
f 4527/6375/4038 4525/6381/4038 4531/6382/4038 4528/6376/4038
f 4531/6382/4039 4532/6383/4039 4533/6384/4039 4528/6376/4039
f 4531/6385/4040 4525/6386/4040 4519/6387/4040 4518/6347/4040
f 4531/6385/4041 4518/6347/4041 4513/6346/4041 4532/6388/4041
f 4533/6389/4042 4534/6390/4042 4535/6391/4042 4536/6392/4042
f 4533/6384/4043 4536/6393/4043 4529/6377/4043 4528/6376/4043
f 4533/6389/4044 4532/6388/4044 4537/6394/4044 4534/6390/4044
f 4537/6394/4045 4508/6395/4045 4538/6396/4045 4534/6390/4045
f 4537/6394/4046 4532/6388/4046 4513/6346/4046 4511/6397/4046
f 4537/6394/4047 4511/6397/4047 4509/6327/4047 4508/6395/4047
f 4538/6396/4048 4539/6398/4048 3695/5093/4048 4540/6399/4048
f 4538/6396/4049 4540/6399/4049 4535/6391/4049 4534/6390/4049
f 4538/6396/4050 4508/6395/4050 4506/6321/4050 4539/6398/4050
f 4540/6399/4051 3695/5093/4051 3691/5089/4051 3690/5088/4051
f 4540/6399/4052 3690/5088/4052 4541/6400/4052 4535/6391/4052
f 4541/6400/4053 3690/5088/4053 3686/5083/4053 3685/5082/4053
f 4541/6401/4054 3685/6402/4054 4542/6403/4054 4543/6404/4054
f 4541/6401/4055 4543/6404/4055 4536/6393/4055 4535/6405/4055
f 4543/6404/4056 4542/6403/4056 824/6406/4056 4544/6407/4056
f 4543/6404/4057 4544/6407/4057 4529/6377/4057 4536/6393/4057
f 4544/6408/4058 824/6409/4058 816/6410/4058 4545/6411/4058
f 4544/6408/4059 4545/6411/4059 4530/6379/4059 4529/6412/4059
f 4545/6411/4060 816/6410/4060 815/918/4060 765/6413/4060
f 4545/6411/4061 765/6413/4061 764/6380/4061 4530/6379/4061
f 4542/6403/4062 3685/6402/4062 3681/6414/4062 3680/6415/4062
f 4542/6416/4063 3680/5075/4063 825/6417/4063 824/6418/4063
f 4539/6398/4064 3700/5098/4064 3696/5094/4064 3695/5093/4064
f 4539/6419/4065 4506/6420/4065 4505/6421/4065 3700/6422/4065
f 4505/6320/4066 3705/5103/4066 3701/5099/4066 3700/5098/4066
f 3680/5075/4067 3676/5071/4067 828/5070/4067 825/6417/4067
f 3666/5057/4068 3592/4953/4068 3591/4952/4068 827/933/4068
f 3591/4952/4069 829/935/4069 819/922/4069 827/933/4069
f 3489/4805/4070 3486/4799/4070 3484/4798/4070 801/895/4070
f 3484/4798/4071 3482/6423/4071 802/896/4071 801/895/4071
f 3482/6423/4072 3479/6424/4072 3477/6425/4072 802/896/4072
f 3477/6425/4073 3475/4783/4073 803/899/4073 802/896/4073
f 3475/4783/4074 735/797/4074 734/796/4074 803/899/4074
f 3472/6426/4075 3282/4517/4075 3281/4516/4075 672/6427/4075
f 3472/6426/4076 3286/6428/4076 3283/4518/4076 3282/4517/4076
f 3469/4775/4077 3468/4774/4077 739/801/4077 738/800/4077
f 3467/4773/4078 670/714/4078 669/713/4078 3461/4767/4078
f 3461/4767/4079 669/713/4079 3456/4762/4079 3455/4761/4079
f 3456/4762/4080 669/713/4080 668/712/4080 4546/6429/4080
f 3456/4762/4081 4546/6429/4081 3451/4757/4081 3450/4756/4081
f 4546/6429/4082 668/712/4082 667/711/4082 4547/6430/4082
f 4546/6429/4083 4547/6430/4083 4548/6431/4083 3451/4757/4083
f 4548/6432/4084 4547/6433/4084 4549/6434/4084 4550/6435/4084
f 4548/6432/4085 4550/6435/4085 4551/6436/4085 3446/6437/4085
f 4548/6431/4086 3446/4752/4086 3445/4751/4086 3451/4757/4086
f 4551/6436/4087 4550/6435/4087 4552/6438/4087 4553/6439/4087
f 4551/6440/4088 4553/6441/4088 757/830/4088 3442/6442/4088
f 4551/6436/4089 3442/4746/4089 3441/4745/4089 3446/6437/4089
f 4553/6439/4090 4552/6438/4090 679/6443/4090 4554/6444/4090
f 4553/6441/4091 4554/6445/4091 751/824/4091 757/830/4091
f 4554/6444/4092 679/6443/4092 644/681/4092 4555/6446/4092
f 4554/6445/4093 4555/6447/4093 752/825/4093 751/824/4093
f 4555/6447/4094 644/6448/4094 643/6449/4094 4556/6450/4094
f 4555/6447/4095 4556/6450/4095 3067/4188/4095 752/825/4095
f 4556/6450/4096 3072/4193/4096 3068/4189/4096 3067/4188/4096
f 4556/6450/4097 643/6449/4097 4557/6451/4097 3072/4193/4097
f 4557/6452/4098 3077/4202/4098 3073/4196/4098 3072/6453/4098
f 4557/6454/4099 643/6455/4099 626/652/4099 625/651/4099
f 4557/6452/4100 625/6456/4100 4558/6457/4100 3077/4202/4100
f 4558/6458/4101 3082/4210/4101 3078/4209/4101 3077/6459/4101
f 4558/6458/4102 625/651/4102 624/650/4102 4559/6460/4102
f 4558/6458/4103 4559/6460/4103 4560/6461/4103 3082/4210/4103
f 4560/6461/4104 3087/4216/4104 3083/4211/4104 3082/4210/4104
f 4560/6461/4105 4559/6460/4105 4561/6462/4105 4562/6463/4105
f 4560/6461/4106 4562/6463/4106 4563/6464/4106 3087/4216/4106
f 4563/6464/4107 748/819/4107 3088/4217/4107 3087/4216/4107
f 4563/6465/4108 4562/6466/4108 4564/6467/4108 4565/6468/4108
f 4563/6464/4109 4565/6469/4109 745/820/4109 748/819/4109
f 4565/6468/4110 4564/6467/4110 699/756/4110 698/755/4110
f 4565/6469/4111 698/6470/4111 697/6471/4111 745/820/4111
f 4564/6472/4112 4566/6473/4112 4567/6474/4112 699/6475/4112
f 4564/6472/4113 4562/6463/4113 4561/6462/4113 4566/6473/4113
f 4567/6476/4114 4568/6477/4114 4569/6478/4114 4570/6479/4114
f 4567/6476/4115 4570/6479/4115 694/749/4115 699/6480/4115
f 4567/6474/4116 4566/6473/4116 4571/6481/4116 4568/6482/4116
f 4571/6483/4117 4572/6484/4117 4573/6485/4117 4568/6486/4117
f 4571/6481/4118 4566/6473/4118 4561/6462/4118 636/672/4118
f 4571/6483/4119 636/6487/4119 623/6488/4119 4572/6484/4119
f 4573/6485/4120 4574/6489/4120 688/6490/4120 691/6491/4120
f 4573/6485/4121 691/6491/4121 4569/6492/4121 4568/6486/4121
f 4573/6485/4122 4572/6484/4122 4575/6493/4122 4574/6489/4122
f 4575/6493/4123 4576/6494/4123 3225/4429/4123 4574/6489/4123
f 4575/6493/4124 4572/6484/4124 623/6488/4124 622/6495/4124
f 4575/6496/4125 622/648/4125 4577/6497/4125 4576/6498/4125
f 4577/6497/4126 4578/6499/4126 3229/6500/4126 4576/6498/4126
f 4577/6497/4127 622/648/4127 621/647/4127 4579/6501/4127
f 4577/6497/4128 4579/6501/4128 4580/6502/4128 4578/6499/4128
f 4580/6502/4129 4581/6503/4129 3234/6504/4129 4578/6499/4129
f 4580/6505/4130 4579/6506/4130 539/6507/4130 538/6508/4130
f 4580/6505/4131 538/6508/4131 537/6509/4131 4581/6510/4131
f 4581/6510/4132 3239/4451/4132 3235/4443/4132 3234/4442/4132
f 4581/6510/4133 537/6509/4133 4582/6511/4133 3239/4451/4133
f 4582/6512/4134 3244/6513/4134 3240/6514/4134 3239/6515/4134
f 4582/6516/4135 537/6517/4135 536/6518/4135 4583/6519/4135
f 4582/6512/4136 4583/6520/4136 4584/6521/4136 3244/6513/4136
f 4584/6522/4137 3248/4468/4137 3245/4459/4137 3244/4458/4137
f 4584/6521/4138 4583/6520/4138 505/477/4138 504/476/4138
f 4584/6522/4139 504/6523/4139 3250/4469/4139 3248/4468/4139
f 4583/6524/4140 536/6525/4140 515/6526/4140 505/6527/4140
f 4579/6506/4141 621/656/4141 548/655/4141 539/6507/4141
f 4578/6528/4142 3234/4442/4142 3230/4438/4142 3229/6529/4142
f 4576/6494/4143 3229/6530/4143 3226/4430/4143 3225/4429/4143
f 4574/6489/4144 3225/4429/4144 689/4428/4144 688/6490/4144
f 4570/6479/4145 4569/6478/4145 4585/6531/4145 4586/6532/4145
f 4570/6479/4146 4586/6532/4146 695/750/4146 694/749/4146
f 4586/6532/4147 4587/6533/4147 4588/6534/4147 695/750/4147
f 4586/6532/4148 4585/6531/4148 4589/6535/4148 4587/6533/4148
f 4589/6536/4149 4590/6537/4149 4591/6538/4149 4587/6539/4149
f 4589/6535/4150 4585/6531/4150 690/744/4150 693/747/4150
f 4589/6536/4151 693/6540/4151 4592/6541/4151 4590/6537/4151
f 4592/6541/4152 4593/6542/4152 4594/6543/4152 4590/6537/4152
f 4592/6541/4153 693/6540/4153 692/6544/4153 4595/6545/4153
f 4592/6541/4154 4595/6545/4154 4596/6546/4154 4593/6542/4154
f 4596/6546/4155 4597/6547/4155 4598/6548/4155 4593/6542/4155
f 4596/6546/4156 4595/6545/4156 4599/6549/4156 4600/6550/4156
f 4596/6546/4157 4600/6550/4157 4601/6551/4157 4597/6547/4157
f 4601/6551/4158 4602/6552/4158 4603/6553/4158 4597/6547/4158
f 4601/6554/4159 4600/6555/4159 4604/6556/4159 4605/6557/4159
f 4601/6554/4160 4605/6557/4160 4606/6558/4160 4602/6559/4160
f 4606/6558/4161 3129/4278/4161 3127/4277/4161 4602/6559/4161
f 4606/6558/4162 4605/6557/4162 4607/6560/4162 4608/6561/4162
f 4606/6558/4163 4608/6561/4163 3131/4282/4163 3129/4278/4163
f 4608/6561/4164 4607/6560/4164 4609/6562/4164 4610/6563/4164
f 4608/6561/4165 4610/6563/4165 4611/6564/4165 3131/4282/4165
f 4611/6564/4166 3135/6565/4166 3132/4283/4166 3131/4282/4166
f 4611/6566/4167 4610/6567/4167 4612/6568/4167 4613/6569/4167
f 4611/6566/4168 4613/6569/4168 4614/6570/4168 3135/4290/4168
f 4614/6570/4169 3140/4296/4169 3136/4291/4169 3135/4290/4169
f 4614/6570/4170 4613/6569/4170 4615/6571/4170 4616/6572/4170
f 4614/6570/4171 4616/6572/4171 4617/6573/4171 3140/4296/4171
f 4617/6573/4172 3145/4301/4172 3141/4297/4172 3140/4296/4172
f 4617/6573/4173 4616/6572/4173 4618/6574/4173 4619/6575/4173
f 4617/6573/4174 4619/6575/4174 4620/6576/4174 3145/4301/4174
f 4620/6576/4175 3150/4306/4175 3146/4302/4175 3145/4301/4175
f 4620/6576/4176 4619/6575/4176 4621/6577/4176 4622/6578/4176
f 4620/6576/4177 4622/6578/4177 935/1122/4177 3150/4306/4177
f 4622/6578/4178 4621/6577/4178 4623/6579/4178 4624/6580/4178
f 4622/6578/4179 4624/6580/4179 933/1123/4179 935/1122/4179
f 4624/6580/4180 4623/6579/4180 4625/6581/4180 4626/6582/4180
f 4624/6583/4181 4626/6584/4181 934/1118/4181 933/1117/4181
f 4626/6584/4182 4625/6585/4182 3182/4371/4182 4627/6586/4182
f 4626/6584/4183 4627/6586/4183 4628/6587/4183 934/1118/4183
f 4628/6587/4184 3155/6588/4184 930/1119/4184 934/1118/4184
f 4628/6587/4185 4627/6586/4185 3177/4365/4185 3176/4364/4185
f 4628/6589/4186 3176/4362/4186 3156/4316/4186 3155/4315/4186
f 4627/6586/4187 3182/4371/4187 3179/4367/4187 3177/4365/4187
f 4625/6581/4188 4623/6579/4188 4629/6590/4188 3185/4378/4188
f 4625/6581/4189 3185/4378/4189 3183/4377/4189 3182/6591/4189
f 4629/6590/4190 4623/6579/4190 4621/6577/4190 4630/6592/4190
f 4629/6590/4191 4630/6592/4191 4631/6593/4191 3188/4382/4191
f 4629/6590/4192 3188/4382/4192 3186/4379/4192 3185/4378/4192
f 4631/6593/4193 4630/6592/4193 4618/6574/4193 4632/6594/4193
f 4631/6593/4194 4632/6594/4194 4633/6595/4194 3191/4385/4194
f 4631/6593/4195 3191/4385/4195 3189/4383/4195 3188/4382/4195
f 4633/6595/4196 4632/6594/4196 4615/6571/4196 4634/6596/4196
f 4633/6595/4197 4634/6596/4197 4635/6597/4197 3194/4388/4197
f 4633/6595/4198 3194/4388/4198 3192/4386/4198 3191/4385/4198
f 4635/6597/4199 4634/6596/4199 4612/6568/4199 4636/6598/4199
f 4635/6597/4200 4636/6598/4200 4637/6599/4200 4638/6600/4200
f 4635/6597/4201 4638/6600/4201 3195/4389/4201 3194/4388/4201
f 4638/6600/4202 4637/6599/4202 4639/6601/4202 4640/6602/4202
f 4638/6600/4203 4640/6602/4203 3196/4390/4203 3195/4389/4203
f 4640/6602/4204 4639/6601/4204 4641/6603/4204 3201/4395/4204
f 4640/6602/4205 3201/4395/4205 3198/4392/4205 3196/4390/4205
f 4641/6603/4206 4639/6601/4206 4642/6604/4206 4643/6605/4206
f 4641/6603/4207 4643/6605/4207 4644/6606/4207 3204/4398/4207
f 4641/6603/4208 3204/4398/4208 3202/4396/4208 3201/4395/4208
f 4644/6607/4209 4643/6608/4209 4645/6609/4209 4646/6610/4209
f 4644/6606/4210 4646/6611/4210 4647/6612/4210 3207/4401/4210
f 4644/6606/4211 3207/4401/4211 3205/4399/4211 3204/4398/4211
f 4647/6613/4212 4646/6610/4212 4648/6614/4212 4649/6615/4212
f 4647/6613/4213 4649/6615/4213 4650/6616/4213 3210/4407/4213
f 4647/6613/4214 3210/4407/4214 3208/4404/4214 3207/6617/4214
f 4650/6618/4215 4649/6619/4215 686/740/4215 3222/4424/4215
f 4650/6618/4216 3222/4424/4216 3215/4417/4216 3213/4416/4216
f 4650/6616/4217 3213/6620/4217 3211/4408/4217 3210/4407/4217
f 4649/6619/4218 4648/6621/4218 687/741/4218 686/740/4218
f 4648/6621/4219 4651/6622/4219 4652/6623/4219 687/741/4219
f 4648/6614/4220 4646/6610/4220 4645/6609/4220 4651/6624/4220
f 4652/6625/4221 4599/6549/4221 4595/6545/4221 692/6544/4221
f 4652/6623/4222 692/746/4222 89/738/4222 687/741/4222
f 4652/6626/4223 4651/6624/4223 4653/6627/4223 4599/6628/4223
f 4653/6627/4224 4604/6556/4224 4600/6555/4224 4599/6628/4224
f 4653/6627/4225 4651/6624/4225 4645/6609/4225 4654/6629/4225
f 4653/6627/4226 4654/6629/4226 4655/6630/4226 4604/6556/4226
f 4655/6630/4227 4607/6560/4227 4605/6557/4227 4604/6556/4227
f 4655/6630/4228 4654/6629/4228 4642/6631/4228 4656/6632/4228
f 4655/6630/4229 4656/6632/4229 4609/6562/4229 4607/6560/4229
f 4656/6633/4230 4642/6604/4230 4639/6601/4230 4637/6599/4230
f 4656/6633/4231 4637/6599/4231 4636/6598/4231 4609/6634/4231
f 4654/6629/4232 4645/6609/4232 4643/6608/4232 4642/6631/4232
f 4636/6598/4233 4612/6568/4233 4610/6567/4233 4609/6634/4233
f 4634/6596/4234 4615/6571/4234 4613/6569/4234 4612/6568/4234
f 4632/6594/4235 4618/6574/4235 4616/6572/4235 4615/6571/4235
f 4630/6592/4236 4621/6577/4236 4619/6575/4236 4618/6574/4236
f 4603/6553/4237 3125/4272/4237 3123/4268/4237 4657/6635/4237
f 4603/6553/4238 4657/6635/4238 4598/6548/4238 4597/6547/4238
f 4603/6553/4239 4602/6552/4239 3127/4274/4239 3125/4272/4239
f 4657/6635/4240 3123/4268/4240 3121/4267/4240 4658/6636/4240
f 4657/6637/4241 4658/6638/4241 4659/6639/4241 4598/6640/4241
f 4659/6641/4242 4658/6636/4242 4660/6642/4242 4661/6643/4242
f 4659/6641/4243 4661/6643/4243 4662/6644/4243 4594/6543/4243
f 4659/6639/4244 4594/6645/4244 4593/6646/4244 4598/6640/4244
f 4662/6644/4245 4661/6643/4245 4663/6647/4245 4664/6648/4245
f 4662/6644/4246 4664/6648/4246 4665/6649/4246 4591/6538/4246
f 4662/6644/4247 4591/6538/4247 4590/6537/4247 4594/6543/4247
f 4665/6649/4248 4664/6648/4248 4666/6650/4248 4667/6651/4248
f 4665/6649/4249 4667/6651/4249 4668/6652/4249 4588/6653/4249
f 4665/6649/4250 4588/6653/4250 4587/6539/4250 4591/6538/4250
f 4668/6652/4251 4667/6651/4251 767/843/4251 746/816/4251
f 4668/6652/4252 746/816/4252 697/815/4252 696/6654/4252
f 4668/6655/4253 696/751/4253 695/750/4253 4588/6534/4253
f 4667/6651/4254 4666/6650/4254 4669/6656/4254 767/843/4254
f 4669/6656/4255 3107/4245/4255 3103/4240/4255 3102/6657/4255
f 4669/6656/4256 3102/6657/4256 749/844/4256 767/843/4256
f 4669/6656/4257 4666/6650/4257 4670/6658/4257 3107/4245/4257
f 4670/6658/4258 3112/4250/4258 3108/4246/4258 3107/4245/4258
f 4670/6658/4259 4666/6650/4259 4664/6648/4259 4663/6647/4259
f 4670/6658/4260 4663/6647/4260 4671/6659/4260 3112/4250/4260
f 4671/6659/4261 3117/4257/4261 3113/4251/4261 3112/4250/4261
f 4671/6659/4262 4663/6647/4262 4661/6643/4262 4660/6642/4262
f 4671/6659/4263 4660/6642/4263 3119/4260/4263 3117/4257/4263
f 4660/6642/4264 4658/6636/4264 3121/4267/4264 3119/4260/4264
f 4585/6531/4265 4569/6478/4265 691/745/4265 690/744/4265
f 4561/6462/4266 4559/6460/4266 624/650/4266 636/672/4266
f 4552/6438/4267 4672/6660/4267 677/6661/4267 679/6443/4267
f 4552/6438/4268 4550/6435/4268 4549/6434/4268 4672/6660/4268
f 4672/6660/4269 4673/6662/4269 678/6663/4269 677/6661/4269
f 4672/6660/4270 4549/6434/4270 4674/6664/4270 4673/6662/4270
f 4674/6664/4271 4675/6665/4271 4676/6666/4271 4673/6662/4271
f 4674/6664/4272 4549/6434/4272 4547/6433/4272 667/6667/4272
f 4674/6668/4273 667/711/4273 666/710/4273 4675/6669/4273
f 4676/6666/4274 4677/6670/4274 4678/6671/4274 4679/6672/4274
f 4676/6666/4275 4679/6672/4275 678/6663/4275 4673/6662/4275
f 4676/6666/4276 4675/6665/4276 4680/6673/4276 4677/6670/4276
f 4680/6674/4277 4681/6675/4277 4682/6676/4277 4677/6677/4277
f 4680/6674/4278 4675/6678/4278 666/6679/4278 4683/6680/4278
f 4680/6674/4279 4683/6680/4279 4684/6681/4279 4681/6675/4279
f 4684/6681/4280 4685/6682/4280 4686/6683/4280 4681/6675/4280
f 4684/6684/4281 4683/6685/4281 4687/6686/4281 3278/4512/4281
f 4684/6684/4282 3278/4512/4282 3276/4506/4282 4685/6687/4282
f 4687/6688/4283 4683/6680/4283 666/6679/4283 86/6689/4283
f 4687/6686/4284 86/6690/4284 672/6691/4284 3281/6692/4284
f 4687/6686/4285 3281/6692/4285 3279/4513/4285 3278/4512/4285
f 4686/6693/4286 4688/6694/4286 4689/6695/4286 4690/6696/4286
f 4686/6683/4287 4690/6697/4287 4682/6676/4287 4681/6675/4287
f 4686/6683/4288 4685/6682/4288 4691/6698/4288 4688/6699/4288
f 4691/6698/4289 4692/6700/4289 4693/6701/4289 4688/6699/4289
f 4691/6702/4290 4685/6687/4290 3276/4506/4290 3275/4505/4290
f 4691/6698/4291 3275/4503/4291 3274/4502/4291 4692/6700/4291
f 4693/6703/4292 3263/4483/4292 3262/4482/4292 4694/6704/4292
f 4693/6703/4293 4694/6704/4293 4689/6695/4293 4688/6694/4293
f 4693/6703/4294 4692/6705/4294 3264/6706/4294 3263/4483/4294
f 4694/6704/4295 3262/4482/4295 3256/4475/4295 4695/6707/4295
f 4694/6708/4296 4695/6709/4296 4696/6710/4296 4689/6711/4296
f 4696/6710/4297 4695/6709/4297 4697/6712/4297 4698/6713/4297
f 4696/6710/4298 4698/6713/4298 4699/6714/4298 4700/6715/4298
f 4696/6716/4299 4700/6717/4299 4690/6696/4299 4689/6695/4299
f 4700/6715/4300 4699/6714/4300 4701/6718/4300 4702/6719/4300
f 4700/6717/4301 4702/6720/4301 4682/6721/4301 4690/6696/4301
f 4702/6720/4302 4701/6722/4302 4703/6723/4302 4678/6671/4302
f 4702/6720/4303 4678/6671/4303 4677/6670/4303 4682/6721/4303
f 4703/6724/4304 4701/6718/4304 4704/6725/4304 4705/6726/4304
f 4703/6724/4305 4705/6726/4305 4706/6727/4305 4707/6728/4305
f 4703/6723/4306 4707/6729/4306 4679/6672/4306 4678/6671/4306
f 4707/6730/4307 4706/6731/4307 645/6732/4307 676/728/4307
f 4707/6729/4308 676/6733/4308 678/6663/4308 4679/6672/4308
f 4706/6727/4309 4705/6726/4309 541/6734/4309 628/6735/4309
f 4706/6731/4310 628/6736/4310 627/6737/4310 645/6732/4310
f 4705/6726/4311 4704/6725/4311 535/6738/4311 541/6734/4311
f 4704/6739/4312 4708/6740/4312 513/519/4312 535/518/4312
f 4704/6725/4313 4701/6718/4313 4699/6714/4313 4708/6741/4313
f 4708/6740/4314 4709/6742/4314 514/6743/4314 513/519/4314
f 4708/6741/4315 4699/6714/4315 4698/6713/4315 4709/6744/4315
f 4695/6707/4316 3256/4475/4316 3254/4473/4316 4697/6745/4316
f 4692/6700/4317 3274/4502/4317 3266/4488/4317 3264/4486/4317
f 3447/4753/4318 3443/4748/4318 876/1010/4318 861/979/4318
f 3442/6442/4319 757/830/4319 756/829/4319 3437/4740/4319
f 3439/4742/4320 3438/4741/4320 877/1011/4320 876/1010/4320
f 3438/4741/4321 3435/4738/4321 3434/4737/4321 4710/6746/4321
f 3438/4741/4322 4710/6746/4322 878/1012/4322 877/1011/4322
f 4710/6746/4323 3434/4737/4323 4711/6747/4323 1047/1295/4323
f 4710/6746/4324 1047/1295/4324 1040/1280/4324 878/1012/4324
f 4711/6747/4325 3434/4737/4325 3432/4735/4325 4712/6748/4325
f 4711/6747/4326 4712/6748/4326 4713/6749/4326 4714/6750/4326
f 4711/6747/4327 4714/6750/4327 1048/1296/4327 1047/1295/4327
f 4714/6750/4328 4713/6749/4328 4715/6751/4328 4716/6752/4328
f 4714/6750/4329 4716/6752/4329 1173/1496/4329 1048/1296/4329
f 4716/6752/4330 4715/6751/4330 4717/6753/4330 4718/6754/4330
f 4716/6752/4331 4718/6754/4331 1174/1497/4331 1173/1496/4331
f 4718/6754/4332 4717/6753/4332 4719/6755/4332 4720/6756/4332
f 4718/6754/4333 4720/6756/4333 4721/6757/4333 1174/1497/4333
f 4721/6757/4334 4720/6756/4334 4722/6758/4334 4723/6759/4334
f 4721/6757/4335 4723/6759/4335 1044/1290/4335 1046/1294/4335
f 4721/6757/4336 1046/1294/4336 183/1461/4336 1174/1497/4336
f 4723/6759/4337 4722/6758/4337 4724/6760/4337 938/1126/4337
f 4723/6759/4338 938/1126/4338 928/1107/4338 1044/1290/4338
f 4724/6760/4339 4722/6758/4339 4725/6761/4339 4726/6762/4339
f 4724/6760/4340 4726/6762/4340 1448/1840/4340 1447/1839/4340
f 4724/6760/4341 1447/1839/4341 936/1124/4341 938/1126/4341
f 4726/6762/4342 4725/6761/4342 1051/1300/4342 1050/1299/4342
f 4726/6762/4343 1050/1299/4343 4727/6763/4343 1448/1840/4343
f 4727/6763/4344 1050/1299/4344 1049/1298/4344 4728/6764/4344
f 4727/6763/4345 4728/6764/4345 1076/1334/4345 1443/6765/4345
f 4727/6763/4346 1443/6765/4346 1442/1841/4346 1448/1840/4346
f 4728/6764/4347 1049/1298/4347 1054/1303/4347 4729/6766/4347
f 4728/6764/4348 4729/6766/4348 1072/1330/4348 1076/1334/4348
f 4729/6766/4349 4730/6767/4349 1073/1331/4349 1072/1330/4349
f 4729/6766/4350 1054/1303/4350 4731/6768/4350 4730/6767/4350
f 4731/6768/4351 4732/6769/4351 4733/6770/4351 4730/6767/4351
f 4731/6768/4352 1054/1303/4352 1053/1302/4352 4734/6771/4352
f 4731/6768/4353 4734/6771/4353 4735/6772/4353 4732/6769/4353
f 4735/6772/4354 4736/6773/4354 4737/6774/4354 4732/6769/4354
f 4735/6772/4355 4734/6771/4355 4738/6775/4355 4739/6776/4355
f 4735/6772/4356 4739/6776/4356 4740/6777/4356 4736/6773/4356
f 4740/6777/4357 4741/6778/4357 4742/6779/4357 4736/6773/4357
f 4740/6777/4358 4739/6776/4358 4715/6751/4358 4713/6749/4358
f 4740/6777/4359 4713/6749/4359 4712/6748/4359 4741/6778/4359
f 4742/6779/4360 3428/4731/4360 3426/4728/4360 3425/4727/4360
f 4742/6779/4361 3425/4727/4361 4737/6774/4361 4736/6773/4361
f 4742/6779/4362 4741/6778/4362 3430/4733/4362 3428/4731/4362
f 4741/6778/4363 4712/6748/4363 3432/4735/4363 3430/4733/4363
f 4739/6776/4364 4738/6775/4364 4717/6753/4364 4715/6751/4364
f 4738/6775/4365 4734/6771/4365 1053/1302/4365 1052/1301/4365
f 4738/6775/4366 1052/1301/4366 4719/6755/4366 4717/6753/4366
f 4737/6774/4367 3425/4727/4367 3423/4724/4367 4743/6780/4367
f 4737/6774/4368 4743/6780/4368 4733/6770/4368 4732/6769/4368
f 4743/6780/4369 3423/4724/4369 3421/4723/4369 4744/6781/4369
f 4743/6780/4370 4744/6781/4370 4745/6782/4370 4733/6770/4370
f 4745/6782/4371 4744/6781/4371 4746/6783/4371 4747/6784/4371
f 4745/6782/4372 4747/6784/4372 1074/1332/4372 1073/1331/4372
f 4745/6782/4373 1073/1331/4373 4730/6767/4373 4733/6770/4373
f 4747/6784/4374 4746/6783/4374 4748/6785/4374 4749/6786/4374
f 4747/6784/4375 4749/6786/4375 1079/1337/4375 1074/1332/4375
f 4749/6787/4376 4748/6788/4376 3414/4713/4376 4750/6789/4376
f 4749/6786/4377 4750/6790/4377 4751/6791/4377 1079/1337/4377
f 4751/6792/4378 4750/6789/4378 3411/4710/4378 4752/6793/4378
f 4751/6791/4379 4752/6794/4379 4753/6795/4379 4754/6796/4379
f 4751/6791/4380 4754/6796/4380 1080/1338/4380 1079/1337/4380
f 4754/6796/4381 4753/6795/4381 4755/6797/4381 1430/1816/4381
f 4754/6796/4382 1430/1816/4382 1081/1339/4382 1080/1338/4382
f 4755/6797/4383 4753/6795/4383 4756/6798/4383 4757/6799/4383
f 4755/6797/4384 4757/6799/4384 4758/6800/4384 1426/6801/4384
f 4755/6797/4385 1426/6801/4385 1425/1817/4385 1430/1816/4385
f 4758/6802/4386 4757/6803/4386 4759/6804/4386 4760/6805/4386
f 4758/6802/4387 4760/6805/4387 4761/6806/4387 1421/6807/4387
f 4758/6808/4388 1421/1806/4388 1420/1805/4388 1426/1811/4388
f 4761/6806/4389 4760/6805/4389 4762/6809/4389 4763/6810/4389
f 4761/6806/4390 4763/6810/4390 4764/6811/4390 1416/1798/4390
f 4761/6806/4391 1416/1798/4391 1415/1797/4391 1421/6807/4391
f 4764/6811/4392 4763/6810/4392 4765/6812/4392 4766/6813/4392
f 4764/6811/4393 4766/6813/4393 4767/6814/4393 1411/1793/4393
f 4764/6811/4394 1411/1793/4394 1410/1792/4394 1416/1798/4394
f 4767/6814/4395 4766/6813/4395 4768/6815/4395 4769/6816/4395
f 4767/6814/4396 4769/6816/4396 4770/6817/4396 1406/1788/4396
f 4767/6814/4397 1406/1788/4397 1405/1787/4397 1411/1793/4397
f 4770/6817/4398 4769/6816/4398 4771/6818/4398 4772/6819/4398
f 4770/6817/4399 4772/6819/4399 4773/6820/4399 1401/1783/4399
f 4770/6817/4400 1401/1783/4400 1400/1782/4400 1406/1788/4400
f 4773/6820/4401 4772/6819/4401 4774/6821/4401 4775/6822/4401
f 4773/6820/4402 4775/6822/4402 4776/6823/4402 1396/1778/4402
f 4773/6820/4403 1396/1778/4403 1395/1777/4403 1401/1783/4403
f 4776/6824/4404 4775/6825/4404 4777/6826/4404 4778/6827/4404
f 4776/6824/4405 4778/6827/4405 4779/6828/4405 1391/6829/4405
f 4776/6823/4406 1391/1773/4406 1390/1772/4406 1396/1778/4406
f 4779/6828/4407 4778/6827/4407 4780/6830/4407 4781/6831/4407
f 4779/6828/4408 4781/6831/4408 4782/6832/4408 1386/1765/4408
f 4779/6828/4409 1386/1765/4409 1385/1764/4409 1391/6829/4409
f 4782/6832/4410 4781/6831/4410 4783/6833/4410 4784/6834/4410
f 4782/6832/4411 4784/6834/4411 4785/6835/4411 1381/1760/4411
f 4782/6832/4412 1381/1760/4412 1380/1759/4412 1386/1765/4412
f 4785/6836/4413 4784/6837/4413 4786/6838/4413 4787/6839/4413
f 4785/6835/4414 4787/6840/4414 4788/6841/4414 1376/1755/4414
f 4785/6835/4415 1376/1755/4415 1375/1754/4415 1381/1760/4415
f 4788/6842/4416 4787/6839/4416 4789/6843/4416 4790/6844/4416
f 4788/6842/4417 4790/6844/4417 4791/6845/4417 1371/6846/4417
f 4788/6841/4418 1371/1750/4418 1370/1749/4418 1376/1755/4418
f 4791/6845/4419 4790/6844/4419 4792/6847/4419 4793/6848/4419
f 4791/6845/4420 4793/6848/4420 4794/6849/4420 1366/1740/4420
f 4791/6845/4421 1366/1740/4421 1365/1739/4421 1371/6846/4421
f 4794/6849/4422 4793/6848/4422 4795/6850/4422 4796/6851/4422
f 4794/6849/4423 4796/6851/4423 4797/6852/4423 1361/1735/4423
f 4794/6849/4424 1361/1735/4424 1360/1734/4424 1366/1740/4424
f 4797/6852/4425 4796/6851/4425 4798/6853/4425 4799/6854/4425
f 4797/6852/4426 4799/6854/4426 4800/6855/4426 1356/1730/4426
f 4797/6852/4427 1356/1730/4427 1355/1729/4427 1361/1735/4427
f 4800/6855/4428 4799/6854/4428 4801/6856/4428 4802/6857/4428
f 4800/6855/4429 4802/6857/4429 4803/6858/4429 1351/1725/4429
f 4800/6855/4430 1351/1725/4430 1350/1724/4430 1356/1730/4430
f 4803/6859/4431 4802/6860/4431 4804/6861/4431 4805/6862/4431
f 4803/6859/4432 4805/6862/4432 4806/6863/4432 1346/6864/4432
f 4803/6858/4433 1346/1720/4433 1345/1719/4433 1351/1725/4433
f 4806/6863/4434 4805/6862/4434 4807/6865/4434 4808/6866/4434
f 4806/6863/4435 4808/6866/4435 4809/6867/4435 1341/1712/4435
f 4806/6863/4436 1341/1712/4436 1340/1711/4436 1346/6864/4436
f 4809/6867/4437 4808/6866/4437 4810/6868/4437 4811/6869/4437
f 4809/6867/4438 4811/6869/4438 4812/6870/4438 1336/1705/4438
f 4809/6867/4439 1336/1705/4439 1335/1704/4439 1341/1712/4439
f 4812/6870/4440 4811/6869/4440 4813/6871/4440 4814/6872/4440
f 4812/6870/4441 4814/6872/4441 4815/6873/4441 1331/6874/4441
f 4812/6870/4442 1331/6874/4442 1330/1706/4442 1336/1705/4442
f 4815/6873/4443 4814/6872/4443 4816/6875/4443 4817/6876/4443
f 4815/6877/4444 4817/6878/4444 834/941/4444 833/943/4444
f 4815/6877/4445 833/943/4445 1326/1694/4445 1331/1699/4445
f 4817/6876/4446 4816/6875/4446 4818/6879/4446 4819/6880/4446
f 4817/6878/4447 4819/6881/4447 4820/6882/4447 834/941/4447
f 4820/6882/4448 4819/6881/4448 4821/6883/4448 4822/6884/4448
f 4820/6882/4449 4822/6884/4449 4823/6885/4449 4824/6886/4449
f 4820/6882/4450 4824/6886/4450 835/942/4450 834/941/4450
f 4824/6886/4451 4823/6885/4451 4825/6887/4451 1312/1678/4451
f 4824/6886/4452 1312/1678/4452 1311/1677/4452 835/942/4452
f 4825/6887/4453 4823/6885/4453 3334/4599/4453 3332/4596/4453
f 4825/6887/4454 3332/4596/4454 3330/4592/4454 4826/6888/4454
f 4825/6887/4455 4826/6888/4455 1313/1679/4455 1312/1678/4455
f 4826/6888/4456 3330/4592/4456 3328/4591/4456 4827/6889/4456
f 4826/6890/4457 4827/6891/4457 1305/1670/4457 1313/1681/4457
f 4827/6891/4458 3328/4588/4458 793/880/4458 792/879/4458
f 4827/6891/4459 792/879/4459 807/901/4459 1305/1670/4459
f 4823/6885/4460 4822/6884/4460 4828/6892/4460 3334/4599/4460
f 4828/6892/4461 4829/6893/4461 4830/6894/4461 3337/4602/4461
f 4828/6892/4462 3337/4602/4462 3335/4600/4462 3334/4599/4462
f 4828/6892/4463 4822/6884/4463 4821/6883/4463 4829/6893/4463
f 4830/6895/4464 4829/6896/4464 4831/6897/4464 729/788/4464
f 4830/6895/4465 729/788/4465 728/787/4465 3340/6898/4465
f 4830/6894/4466 3340/6899/4466 3338/4603/4466 3337/4602/4466
f 4831/6897/4467 4832/6900/4467 730/789/4467 729/788/4467
f 4831/6897/4468 4829/6896/4468 4821/6901/4468 4833/6902/4468
f 4831/6897/4469 4833/6902/4469 4834/6903/4469 4832/6900/4469
f 4834/6903/4470 4835/6904/4470 4836/6905/4470 4832/6900/4470
f 4834/6903/4471 4833/6902/4471 4818/6879/4471 4837/6906/4471
f 4834/6903/4472 4837/6906/4472 4838/6907/4472 4835/6904/4472
f 4838/6907/4473 4839/6908/4473 554/548/4473 4835/6904/4473
f 4838/6907/4474 4837/6906/4474 4840/6909/4474 4841/6910/4474
f 4838/6907/4475 4841/6910/4475 4842/6911/4475 4839/6908/4475
f 4842/6911/4476 3351/4628/4476 3350/4627/4476 4839/6908/4476
f 4842/6911/4477 4841/6910/4477 4843/6912/4477 4844/6913/4477
f 4842/6911/4478 4844/6913/4478 3353/4631/4478 3351/4628/4478
f 4844/6913/4479 4843/6912/4479 4810/6868/4479 4845/6914/4479
f 4844/6913/4480 4845/6914/4480 3355/4634/4480 3353/4631/4480
f 4845/6914/4481 4810/6868/4481 4808/6866/4481 4807/6865/4481
f 4845/6914/4482 4807/6865/4482 3357/4637/4482 3355/4634/4482
f 4843/6912/4483 4841/6910/4483 4840/6909/4483 4813/6871/4483
f 4843/6912/4484 4813/6871/4484 4811/6869/4484 4810/6868/4484
f 4840/6909/4485 4837/6906/4485 4818/6879/4485 4816/6875/4485
f 4840/6909/4486 4816/6875/4486 4814/6872/4486 4813/6871/4486
f 4839/6908/4487 3350/4627/4487 550/544/4487 554/548/4487
f 4836/6905/4488 553/547/4488 555/549/4488 4846/6915/4488
f 4836/6905/4489 4846/6915/4489 730/789/4489 4832/6900/4489
f 4836/6905/4490 4835/6904/4490 554/548/4490 553/547/4490
f 4846/6915/4491 3343/4612/4491 731/790/4491 730/789/4491
f 4846/6915/4492 555/549/4492 3344/4613/4492 3343/4612/4492
f 4833/6902/4493 4821/6901/4493 4819/6880/4493 4818/6879/4493
f 4807/6865/4494 4805/6862/4494 4804/6861/4494 3357/4637/4494
f 4804/6861/4495 3360/6916/4495 3358/4638/4495 3357/4637/4495
f 4804/6861/4496 4802/6860/4496 4801/6917/4496 3360/6916/4496
f 4801/6918/4497 3363/4644/4497 3361/4642/4497 3360/4641/4497
f 4801/6856/4498 4799/6854/4498 4798/6853/4498 3363/6919/4498
f 4798/6920/4499 3366/4647/4499 3364/4645/4499 3363/4644/4499
f 4798/6853/4500 4796/6851/4500 4795/6850/4500 3366/6921/4500
f 4795/6922/4501 3369/4650/4501 3367/4648/4501 3366/4647/4501
f 4795/6850/4502 4793/6848/4502 4792/6847/4502 3369/6923/4502
f 4792/6847/4503 3372/4655/4503 3370/4654/4503 3369/6923/4503
f 4792/6847/4504 4790/6844/4504 4789/6843/4504 3372/4655/4504
f 4789/6843/4505 3375/4661/4505 3373/4656/4505 3372/4655/4505
f 4789/6843/4506 4787/6839/4506 4786/6838/4506 3375/4661/4506
f 4786/6838/4507 3378/4665/4507 3376/4662/4507 3375/4661/4507
f 4786/6924/4508 4784/6834/4508 4783/6833/4508 3378/6925/4508
f 4783/6833/4509 3381/6926/4509 3379/6927/4509 3378/6925/4509
f 4783/6833/4510 4781/6831/4510 4780/6830/4510 3381/6926/4510
f 4780/6928/4511 3384/4677/4511 3382/4672/4511 3381/4671/4511
f 4780/6928/4512 4778/6929/4512 4777/6930/4512 3384/4677/4512
f 4777/6930/4513 3387/4680/4513 3385/4678/4513 3384/4677/4513
f 4777/6930/4514 4775/6931/4514 4774/6932/4514 3387/4680/4514
f 4774/6932/4515 3390/4683/4515 3388/4681/4515 3387/4680/4515
f 4774/6821/4516 4772/6819/4516 4771/6818/4516 3390/6933/4516
f 4771/6818/4517 3393/4689/4517 3391/4688/4517 3390/6933/4517
f 4771/6818/4518 4769/6816/4518 4768/6815/4518 3393/4689/4518
f 4768/6815/4519 3396/4694/4519 3394/4690/4519 3393/4689/4519
f 4768/6815/4520 4766/6813/4520 4765/6812/4520 3396/4694/4520
f 4765/6812/4521 3399/4698/4521 3397/4695/4521 3396/4694/4521
f 4765/6812/4522 4763/6810/4522 4762/6809/4522 3399/4698/4522
f 4762/6809/4523 3402/4701/4523 3400/4699/4523 3399/4698/4523
f 4762/6809/4524 4760/6805/4524 4759/6804/4524 3402/4701/4524
f 4759/6804/4525 3405/4704/4525 3403/4702/4525 3402/4701/4525
f 4759/6804/4526 4757/6803/4526 4756/6934/4526 3405/4704/4526
f 4756/6934/4527 3408/4707/4527 3406/4705/4527 3405/4704/4527
f 4756/6934/4528 4753/6935/4528 4752/6793/4528 3408/4707/4528
f 4752/6793/4529 3411/4710/4529 3409/4708/4529 3408/4707/4529
f 4750/6789/4530 3414/4713/4530 3412/4711/4530 3411/4710/4530
f 4748/6788/4531 3417/4716/4531 3415/4714/4531 3414/4713/4531
f 4748/6788/4532 4746/6936/4532 3419/4718/4532 3417/4716/4532
f 4746/6783/4533 4744/6781/4533 3421/4723/4533 3419/6937/4533
f 4725/6761/4534 4719/6755/4534 1052/1301/4534 1051/1300/4534
f 4725/6761/4535 4722/6758/4535 4720/6756/4535 4719/6755/4535
f 3346/4623/4536 3344/4613/4536 555/549/4536 552/546/4536
f 3341/4611/4537 3340/6898/4537 728/787/4537 731/790/4537
f 3274/4502/4538 3271/4494/4538 3268/4490/4538 3266/4488/4538
f 3262/4482/4539 3259/4478/4539 3257/4476/4539 3256/4475/4539
f 3254/4473/4540 3252/4471/4540 503/6938/4540 4697/6745/4540
f 3252/4471/4541 3250/4469/4541 504/6523/4541 503/6938/4541
f 3247/6939/4542 2376/6940/4542 4847/6941/4542 4848/6942/4542
f 3247/4462/4543 4848/6943/4543 3243/6944/4543 3242/4461/4543
f 3247/6939/4544 2379/6945/4544 2377/6946/4544 2376/6940/4544
f 4848/6943/4545 4847/6947/4545 4849/6948/4545 4850/6949/4545
f 4848/6943/4546 4850/6949/4546 4851/6950/4546 3243/6944/4546
f 4851/6950/4547 4850/6949/4547 4852/6951/4547 4853/6952/4547
f 4851/6950/4548 4853/6952/4548 4854/6953/4548 3238/4450/4548
f 4851/6950/4549 3238/4450/4549 3237/4449/4549 3243/6944/4549
f 4854/6953/4550 4853/6952/4550 606/627/4550 605/626/4550
f 4854/6953/4551 605/626/4551 4855/6954/4551 3233/4441/4551
f 4854/6953/4552 3233/4441/4552 3232/4440/4552 3238/4450/4552
f 4855/6954/4553 605/626/4553 604/625/4553 3218/4420/4553
f 4855/6954/4554 3218/4420/4554 3217/4419/4554 3221/4423/4554
f 4855/6954/4555 3221/4423/4555 3228/4433/4555 3233/4441/4555
f 4853/6955/4556 4852/6956/4556 4856/6957/4556 606/6958/4556
f 4856/6959/4557 4857/6960/4557 501/472/4557 4858/6961/4557
f 4856/6959/4558 4858/6961/4558 74/620/4558 606/627/4558
f 4856/6957/4559 4852/6956/4559 4859/6962/4559 4857/6963/4559
f 4859/6964/4560 4860/6965/4560 4861/6966/4560 4857/6967/4560
f 4859/6968/4561 4852/6951/4561 4850/6949/4561 4849/6948/4561
f 4859/6968/4562 4849/6948/4562 4862/6969/4562 4860/6970/4562
f 4862/6971/4563 2367/3133/4563 4863/6972/4563 4860/6965/4563
f 4862/6969/4564 4849/6948/4564 4847/6947/4564 4864/6973/4564
f 4862/6969/4565 4864/6973/4565 2368/6974/4565 2367/6975/4565
f 4864/6973/4566 4847/6947/4566 2376/3150/4566 2374/3149/4566
f 4864/6973/4567 2374/3149/4567 2369/6976/4567 2368/6974/4567
f 4863/6972/4568 2364/3130/4568 4865/6977/4568 4866/6978/4568
f 4863/6972/4569 4866/6978/4569 4861/6966/4569 4860/6965/4569
f 4863/6972/4570 2367/3133/4570 2365/3131/4570 2364/3130/4570
f 4866/6979/4571 4865/6980/4571 4867/6981/4571 4868/6982/4571
f 4866/6978/4572 4868/6983/4572 502/6984/4572 4861/6966/4572
f 4868/6982/4573 4867/6981/4573 4869/6985/4573 4870/6986/4573
f 4868/6982/4574 4870/6986/4574 498/469/4574 502/473/4574
f 4870/6986/4575 435/356/4575 434/355/4575 498/469/4575
f 4870/6986/4576 4869/6985/4576 4871/6987/4576 435/356/4576
f 4871/6987/4577 493/463/4577 2245/6988/4577 4872/6989/4577
f 4871/6987/4578 4872/6989/4578 436/357/4578 435/356/4578
f 4871/6987/4579 4869/6985/4579 489/459/4579 493/463/4579
f 4872/6990/4580 2245/2933/4580 2241/2929/4580 2232/2917/4580
f 4872/6989/4581 2232/6991/4581 437/6992/4581 436/357/4581
f 4869/6985/4582 4867/6981/4582 490/460/4582 489/459/4582
f 4867/6981/4583 4865/6980/4583 4873/6993/4583 490/460/4583
f 4873/6993/4584 4874/6994/4584 491/461/4584 490/460/4584
f 4873/6993/4585 4865/6980/4585 2364/6995/4585 2362/6996/4585
f 4873/6997/4586 2362/6998/4586 2360/3118/4586 4874/6999/4586
f 4874/6999/4587 4875/7000/4587 497/7001/4587 491/7002/4587
f 4874/6999/4588 2360/3118/4588 2359/3117/4588 4875/7000/4588
f 4875/7000/4589 4876/7003/4589 4877/7004/4589 497/7001/4589
f 4875/7000/4590 2359/3117/4590 2358/3116/4590 4876/7003/4590
f 4877/7005/4591 511/484/4591 4878/7006/4591 4879/7007/4591
f 4877/7005/4592 4879/7007/4592 494/464/4592 497/467/4592
f 4877/7005/4593 4876/7008/4593 509/482/4593 511/484/4593
f 4879/7007/4594 4880/7009/4594 495/465/4594 494/464/4594
f 4879/7007/4595 4878/7006/4595 4881/7010/4595 4880/7009/4595
f 4881/7010/4596 4882/7011/4596 4883/7012/4596 4880/7009/4596
f 4881/7010/4597 4878/7006/4597 4884/7013/4597 4885/7014/4597
f 4881/7010/4598 4885/7014/4598 4886/7015/4598 4882/7011/4598
f 4886/7016/4599 4887/7017/4599 4888/7018/4599 4882/7019/4599
f 4886/7015/4600 4885/7014/4600 525/500/4600 527/504/4600
f 4886/7016/4601 527/7020/4601 4889/7021/4601 4887/7017/4601
f 4889/7022/4602 4890/7023/4602 4891/7024/4602 4887/7025/4602
f 4889/7022/4603 527/7026/4603 524/498/4603 4892/7027/4603
f 4889/7022/4604 4892/7027/4604 4893/7028/4604 4890/7023/4604
f 4893/7028/4605 4894/7029/4605 4895/7030/4605 4890/7023/4605
f 4893/7028/4606 4892/7027/4606 4896/7031/4606 4897/7032/4606
f 4893/7028/4607 4897/7032/4607 4898/7033/4607 4894/7029/4607
f 4898/7033/4608 4899/7034/4608 4900/7035/4608 4894/7029/4608
f 4898/7033/4609 4897/7032/4609 4901/7036/4609 4902/7037/4609
f 4898/7033/4610 4902/7037/4610 4903/7038/4610 4899/7034/4610
f 4903/7038/4611 4904/7039/4611 4905/7040/4611 4899/7034/4611
f 4903/7038/4612 4902/7037/4612 4906/7041/4612 4907/7042/4612
f 4903/7038/4613 4907/7042/4613 642/7043/4613 4904/7039/4613
f 4907/7044/4614 4906/7045/4614 4908/7046/4614 4909/7047/4614
f 4907/7044/4615 4909/7047/4615 640/677/4615 642/679/4615
f 4909/7047/4616 4908/7046/4616 4910/7048/4616 4911/7049/4616
f 4909/7047/4617 4911/7049/4617 641/678/4617 640/677/4617
f 4911/7049/4618 4910/7048/4618 4912/7050/4618 4913/7051/4618
f 4911/7049/4619 4913/7051/4619 4914/7052/4619 641/678/4619
f 4914/7052/4620 2292/3003/4620 637/674/4620 641/678/4620
f 4914/7052/4621 4913/7051/4621 4915/7053/4621 4916/7054/4621
f 4914/7052/4622 4916/7054/4622 2293/3004/4622 2292/3003/4622
f 4916/7054/4623 4915/7053/4623 4917/7055/4623 4918/7056/4623
f 4916/7054/4624 4918/7056/4624 2294/3005/4624 2293/3004/4624
f 4918/7057/4625 4917/7058/4625 4919/7059/4625 4920/7060/4625
f 4918/7057/4626 4920/7060/4626 2296/3009/4626 2294/3008/4626
f 4920/7060/4627 4919/7059/4627 4921/7061/4627 4922/7062/4627
f 4920/7060/4628 4922/7062/4628 2298/3013/4628 2296/3009/4628
f 4922/7062/4629 4921/7061/4629 4923/7063/4629 4924/7064/4629
f 4922/7062/4630 4924/7064/4630 4925/7065/4630 2298/3013/4630
f 4925/7065/4631 2302/3018/4631 2299/3014/4631 2298/3013/4631
f 4925/7065/4632 4924/7064/4632 4926/7066/4632 4927/7067/4632
f 4925/7065/4633 4927/7067/4633 4928/7068/4633 2302/3018/4633
f 4928/7068/4634 2306/3023/4634 2303/3019/4634 2302/3018/4634
f 4928/7069/4635 4927/7070/4635 2313/3040/4635 2311/3038/4635
f 4928/7068/4636 2311/7071/4636 2308/7072/4636 2306/3023/4636
f 4927/7070/4637 4926/7073/4637 2315/3042/4637 2313/3040/4637
f 4926/7066/4638 4924/7064/4638 4923/7063/4638 2320/7074/4638
f 4926/7073/4639 2320/7075/4639 2317/7076/4639 2315/3042/4639
f 4923/7063/4640 4921/7061/4640 4929/7077/4640 2323/3056/4640
f 4923/7063/4641 2323/3056/4641 2321/3053/4641 2320/7074/4641
f 4929/7077/4642 4921/7061/4642 4919/7059/4642 4930/7078/4642
f 4929/7077/4643 4930/7078/4643 4931/7079/4643 2326/3059/4643
f 4929/7077/4644 2326/3059/4644 2324/3057/4644 2323/3056/4644
f 4931/7079/4645 4930/7078/4645 4932/7080/4645 4933/7081/4645
f 4931/7082/4646 4933/7083/4646 4934/7084/4646 2329/7085/4646
f 4931/7079/4647 2329/3062/4647 2327/3060/4647 2326/3059/4647
f 4934/7084/4648 4933/7083/4648 4935/7086/4648 4936/7087/4648
f 4934/7084/4649 4936/7087/4649 4937/7088/4649 2332/7089/4649
f 4934/7090/4650 2332/3065/4650 2330/3063/4650 2329/3062/4650
f 4937/7088/4651 4936/7087/4651 4938/7091/4651 4939/7092/4651
f 4937/7088/4652 4939/7092/4652 4940/7093/4652 2335/3070/4652
f 4937/7088/4653 2335/3070/4653 2333/3069/4653 2332/7089/4653
f 4940/7093/4654 4939/7092/4654 4941/7094/4654 4942/7095/4654
f 4940/7093/4655 4942/7095/4655 4943/7096/4655 2338/7097/4655
f 4940/7093/4656 2338/7097/4656 2336/3071/4656 2335/3070/4656
f 4943/7096/4657 4942/7095/4657 4944/7098/4657 4945/7099/4657
f 4943/7100/4658 4945/7101/4658 2344/3088/4658 2342/3087/4658
f 4943/7100/4659 2342/3087/4659 2339/3077/4659 2338/3076/4659
f 4945/7102/4660 4944/7103/4660 4946/7104/4660 4947/7105/4660
f 4945/7102/4661 4947/7105/4661 2346/3092/4661 2344/3091/4661
f 4947/7105/4662 4946/7104/4662 4948/7106/4662 4949/7107/4662
f 4947/7105/4663 4949/7107/4663 4950/7108/4663 2346/3092/4663
f 4950/7108/4664 4949/7107/4664 521/495/4664 4951/7109/4664
f 4950/7108/4665 4951/7109/4665 4952/7110/4665 2349/3097/4665
f 4950/7108/4666 2349/3097/4666 2347/3093/4666 2346/3092/4666
f 4952/7110/4667 4951/7109/4667 4953/7111/4667 4954/7112/4667
f 4952/7110/4668 4954/7112/4668 2355/3110/4668 2353/3107/4668
f 4952/7110/4669 2353/3107/4669 2350/3098/4669 2349/3097/4669
f 4954/7112/4670 4953/7111/4670 507/7113/4670 506/7114/4670
f 4954/7112/4671 506/7114/4671 510/7115/4671 2355/3110/4671
f 4953/7111/4672 520/494/4672 526/7116/4672 507/7113/4672
f 4953/7111/4673 4951/7109/4673 521/495/4673 520/494/4673
f 4949/7107/4674 4948/7106/4674 522/496/4674 521/495/4674
f 4948/7106/4675 4955/7117/4675 523/497/4675 522/496/4675
f 4948/7106/4676 4946/7104/4676 4956/7118/4676 4955/7117/4676
f 4956/7118/4677 4957/7119/4677 4958/7120/4677 4955/7117/4677
f 4956/7121/4678 4946/7122/4678 4944/7098/4678 4959/7123/4678
f 4956/7121/4679 4959/7123/4679 4960/7124/4679 4957/7125/4679
f 4960/7124/4680 4961/7126/4680 4962/7127/4680 4957/7125/4680
f 4960/7124/4681 4959/7123/4681 4941/7094/4681 4963/7128/4681
f 4960/7124/4682 4963/7128/4682 4964/7129/4682 4961/7126/4682
f 4964/7129/4683 4910/7048/4683 4908/7046/4683 4961/7126/4683
f 4964/7129/4684 4963/7128/4684 4938/7091/4684 4965/7130/4684
f 4964/7129/4685 4965/7130/4685 4912/7050/4685 4910/7048/4685
f 4965/7130/4686 4938/7091/4686 4936/7087/4686 4935/7086/4686
f 4965/7130/4687 4935/7086/4687 4966/7131/4687 4912/7050/4687
f 4966/7131/4688 4915/7053/4688 4913/7051/4688 4912/7050/4688
f 4966/7131/4689 4935/7086/4689 4933/7083/4689 4932/7132/4689
f 4966/7131/4690 4932/7132/4690 4917/7055/4690 4915/7053/4690
f 4963/7128/4691 4941/7094/4691 4939/7092/4691 4938/7091/4691
f 4962/7133/4692 4906/7041/4692 4902/7037/4692 4901/7036/4692
f 4962/7133/4693 4901/7036/4693 4958/7120/4693 4957/7119/4693
f 4962/7127/4694 4961/7126/4694 4908/7046/4694 4906/7045/4694
f 4959/7123/4695 4944/7098/4695 4942/7095/4695 4941/7094/4695
f 4958/7120/4696 4901/7036/4696 4897/7032/4696 4896/7031/4696
f 4958/7120/4697 4896/7031/4697 523/497/4697 4955/7117/4697
f 4932/7080/4698 4930/7078/4698 4919/7059/4698 4917/7058/4698
f 4905/7040/4699 2285/7134/4699 2281/2986/4699 2280/2985/4699
f 4905/7040/4700 2280/2985/4700 4900/7035/4700 4899/7034/4700
f 4905/7040/4701 4904/7039/4701 4967/7135/4701 2285/7134/4701
f 4967/7136/4702 2288/2997/4702 2286/2992/4702 2285/2991/4702
f 4967/7135/4703 4904/7039/4703 642/7043/4703 639/7137/4703
f 4967/7136/4704 639/7138/4704 638/7139/4704 2288/2997/4704
f 4900/7035/4705 2280/2985/4705 2276/2979/4705 2275/2978/4705
f 4900/7035/4706 2275/2978/4706 4895/7030/4706 4894/7029/4706
f 4896/7031/4707 4892/7027/4707 524/498/4707 523/497/4707
f 4895/7030/4708 2275/2978/4708 2272/2972/4708 2271/2971/4708
f 4895/7030/4709 2271/2971/4709 4891/7024/4709 4890/7023/4709
f 4891/7024/4710 2271/2971/4710 2269/2970/4710 2268/7140/4710
f 4891/7024/4711 2268/7140/4711 4888/7141/4711 4887/7025/4711
f 4888/7018/4712 2268/2964/4712 2264/2960/4712 2263/2959/4712
f 4888/7018/4713 2263/2959/4713 4883/7142/4713 4882/7019/4713
f 4885/7014/4714 4884/7013/4714 526/501/4714 525/500/4714
f 4884/7013/4715 4878/7006/4715 511/484/4715 508/481/4715
f 4884/7013/4716 508/481/4716 507/480/4716 526/501/4716
f 4883/7142/4717 2263/2959/4717 2259/2955/4717 2258/2954/4717
f 4883/7142/4718 2258/2954/4718 495/7143/4718 4880/7144/4718
f 4876/7003/4719 2358/3116/4719 510/7145/4719 509/7146/4719
f 4861/6966/4720 502/6984/4720 501/7147/4720 4857/6967/4720
f 4858/6961/4721 501/472/4721 58/468/4721 4968/7148/4721
f 4858/6961/4722 4968/7148/4722 600/621/4722 74/620/4722
f 4968/7148/4723 58/468/4723 500/471/4723 4969/7149/4723
f 4968/7148/4724 4969/7149/4724 4970/7150/4724 600/621/4724
f 4970/7150/4725 4969/7149/4725 2209/2887/4725 4971/7151/4725
f 4970/7150/4726 4971/7151/4726 4972/7152/4726 3043/4161/4726
f 4970/7150/4727 3043/4161/4727 601/622/4727 600/621/4727
f 4972/7152/4728 4971/7151/4728 2204/2882/4728 4973/7153/4728
f 4972/7152/4729 4973/7153/4729 4974/7154/4729 3039/4157/4729
f 4972/7152/4730 3039/4157/4730 3038/4156/4730 3043/4161/4730
f 4974/7154/4731 4973/7153/4731 2199/2877/4731 4975/7155/4731
f 4974/7154/4732 4975/7155/4732 4976/7156/4732 3034/4152/4732
f 4974/7154/4733 3034/4152/4733 3033/4151/4733 3039/4157/4733
f 4976/7156/4734 4975/7155/4734 2194/2872/4734 4977/7157/4734
f 4976/7156/4735 4977/7157/4735 4978/7158/4735 3029/4147/4735
f 4976/7156/4736 3029/4147/4736 3028/4146/4736 3034/4152/4736
f 4978/7158/4737 4977/7157/4737 2189/7159/4737 4979/7160/4737
f 4978/7158/4738 4979/7160/4738 4980/7161/4738 3024/4142/4738
f 4978/7158/4739 3024/4142/4739 3023/4141/4739 3029/4147/4739
f 4980/7162/4740 4979/7163/4740 2184/7164/4740 4981/7165/4740
f 4980/7162/4741 4981/7165/4741 4982/7166/4741 3019/7167/4741
f 4980/7161/4742 3019/4137/4742 3018/4136/4742 3024/4142/4742
f 4982/7166/4743 4981/7165/4743 2179/2850/4743 4983/7168/4743
f 4982/7166/4744 4983/7168/4744 4984/7169/4744 3014/7170/4744
f 4982/7171/4745 3014/4132/4745 3013/4131/4745 3019/4137/4745
f 4984/7169/4746 4983/7168/4746 2174/2841/4746 4985/7172/4746
f 4984/7169/4747 4985/7172/4747 4986/7173/4747 3009/4124/4747
f 4984/7169/4748 3009/4124/4748 3008/4123/4748 3014/7170/4748
f 4986/7173/4749 4985/7172/4749 2169/2834/4749 4987/7174/4749
f 4986/7173/4750 4987/7174/4750 4988/7175/4750 3004/4119/4750
f 4986/7173/4751 3004/4119/4751 3003/4118/4751 3009/4124/4751
f 4988/7176/4752 4987/7177/4752 2164/7178/4752 4989/7179/4752
f 4988/7176/4753 4989/7179/4753 4990/7180/4753 2999/7181/4753
f 4988/7175/4754 2999/4114/4754 2998/4113/4754 3004/4119/4754
f 4990/7182/4755 4989/7183/4755 2159/2820/4755 4991/7184/4755
f 4990/7182/4756 4991/7184/4756 4992/7185/4756 2994/7186/4756
f 4990/7180/4757 2994/4106/4757 2993/4105/4757 2999/7181/4757
f 4992/7185/4758 4991/7184/4758 2154/2814/4758 4993/7187/4758
f 4992/7185/4759 4993/7187/4759 4994/7188/4759 2989/7189/4759
f 4992/7185/4760 2989/7189/4760 2988/7190/4760 2994/7186/4760
f 4994/7191/4761 4993/7192/4761 2149/2806/4761 4995/7193/4761
f 4994/7191/4762 4995/7193/4762 4996/7194/4762 2984/4096/4762
f 4994/7191/4763 2984/4096/4763 2983/4095/4763 2989/4101/4763
f 4996/7194/4764 4995/7193/4764 2144/2799/4764 4997/7195/4764
f 4996/7194/4765 4997/7195/4765 4998/7196/4765 2979/4088/4765
f 4996/7194/4766 2979/4088/4766 2978/4087/4766 2984/4096/4766
f 4998/7196/4767 4997/7195/4767 2139/2792/4767 4999/7197/4767
f 4998/7196/4768 4999/7197/4768 5000/7198/4768 2974/4083/4768
f 4998/7196/4769 2974/4083/4769 2973/4082/4769 2979/4088/4769
f 5000/7198/4770 4999/7197/4770 2134/2787/4770 5001/7199/4770
f 5000/7198/4771 5001/7199/4771 5002/7200/4771 2969/4078/4771
f 5000/7198/4772 2969/4078/4772 2968/4077/4772 2974/4083/4772
f 5002/7200/4773 5001/7199/4773 2129/2782/4773 5003/7201/4773
f 5002/7200/4774 5003/7201/4774 5004/7202/4774 2964/7203/4774
f 5002/7200/4775 2964/7203/4775 2963/4076/4775 2969/4078/4775
f 5004/7202/4776 5003/7201/4776 2124/2776/4776 5005/7204/4776
f 5004/7205/4777 5005/7206/4777 5006/7207/4777 2959/4065/4777
f 5004/7205/4778 2959/4065/4778 2958/4064/4778 2964/4070/4778
f 5006/7207/4779 5005/7206/4779 2119/7208/4779 5007/7209/4779
f 5006/7207/4780 5007/7209/4780 5008/7210/4780 2954/4060/4780
f 5006/7207/4781 2954/4060/4781 2953/4059/4781 2959/4065/4781
f 5008/7210/4782 5007/7209/4782 2114/7211/4782 5009/7212/4782
f 5008/7210/4783 5009/7212/4783 5010/7213/4783 2949/4055/4783
f 5008/7210/4784 2949/4055/4784 2948/4054/4784 2954/4060/4784
f 5010/7213/4785 5009/7212/4785 2109/2756/4785 5011/7214/4785
f 5010/7213/4786 5011/7214/4786 329/202/4786 328/204/4786
f 5010/7213/4787 328/204/4787 2944/4050/4787 2949/4055/4787
f 5011/7214/4788 2109/2756/4788 2105/2752/4788 2104/2751/4788
f 5011/7214/4789 2104/2751/4789 5012/7215/4789 329/202/4789
f 5012/7215/4790 2104/2751/4790 2100/2747/4790 2090/2746/4790
f 5012/7215/4791 2090/2746/4791 2086/2725/4791 2085/2724/4791
f 5012/7215/4792 2085/2724/4792 330/203/4792 329/202/4792
f 5009/7216/4793 2114/2764/4793 2110/2759/4793 2109/7217/4793
f 5007/7209/4794 2119/7208/4794 2115/7218/4794 2114/7211/4794
f 5005/7206/4795 2124/7219/4795 2120/7220/4795 2119/7208/4795
f 5003/7201/4796 2129/2782/4796 2125/2777/4796 2124/2776/4796
f 5001/7199/4797 2134/2787/4797 2130/2783/4797 2129/2782/4797
f 4999/7197/4798 2139/2792/4798 2135/2788/4798 2134/2787/4798
f 4997/7195/4799 2144/2799/4799 2140/2793/4799 2139/2792/4799
f 4995/7193/4800 2149/2806/4800 2145/2800/4800 2144/2799/4800
f 4993/7192/4801 2154/7221/4801 2150/2807/4801 2149/2806/4801
f 4991/7184/4802 2159/2820/4802 2155/2815/4802 2154/2814/4802
f 4989/7183/4803 2164/7222/4803 2160/2821/4803 2159/2820/4803
f 4987/7174/4804 2169/2834/4804 2165/2828/4804 2164/2827/4804
f 4985/7172/4805 2174/2841/4805 2170/2835/4805 2169/2834/4805
f 4983/7168/4806 2179/2850/4806 2175/2842/4806 2174/2841/4806
f 4981/7165/4807 2184/7164/4807 2180/2851/4807 2179/2850/4807
f 4979/7223/4808 2189/7224/4808 2185/2857/4808 2184/2856/4808
f 4977/7157/4809 2194/2872/4809 2190/2871/4809 2189/7159/4809
f 4975/7155/4810 2199/2877/4810 2195/2873/4810 2194/2872/4810
f 4973/7153/4811 2204/2882/4811 2200/2878/4811 2199/2877/4811
f 4971/7151/4812 2209/2887/4812 2205/2883/4812 2204/2882/4812
f 4969/7149/4813 500/471/4813 2210/2888/4813 2209/2887/4813
f 3223/4425/4814 3222/4424/4814 686/740/4814 685/739/4814
f 3218/4420/4815 604/625/4815 603/624/4815 710/765/4815
f 3174/4359/4816 3159/4319/4816 3157/4317/4816 3156/4316/4816
f 3172/4355/4817 3171/4354/4817 3116/4255/4817 3115/4254/4817
f 3172/7225/4818 3115/4259/4818 909/1075/4818 907/1074/4818
f 3151/4307/4819 3150/4306/4819 935/1122/4819 932/1121/4819
f 3149/4305/4820 3148/4304/4820 925/4310/4820 924/7226/4820
f 3102/4237/4821 3098/4232/4821 750/822/4821 749/821/4821
f 3067/4188/4822 3063/4184/4822 753/826/4822 752/825/4822
f 3059/7227/4823 709/764/4823 708/763/4823 3054/4172/4823
f 3056/4176/4824 3055/4175/4824 760/833/4824 755/828/4824
f 3047/4165/4825 3044/4162/4825 3041/4159/4825 3040/4158/4825
f 2883/3963/4826 2880/3960/4826 2483/3347/4826 2476/7228/4826
f 2483/7229/4827 2479/3341/4827 2477/3339/4827 2476/3338/4827
f 2467/3329/4828 2465/3327/4828 545/538/4828 544/537/4828
f 2445/3288/4829 2391/3287/4829 2389/3176/4829 2388/3175/4829
f 2358/3116/4830 2356/3113/4830 2355/7230/4830 510/7145/4830
f 2305/3022/4831 657/7231/4831 656/3017/4831 2301/3016/4831
f 2292/3003/4832 2290/3001/4832 638/675/4832 637/674/4832
f 2279/2983/4833 635/671/4833 632/668/4833 2274/2976/4833
f 2267/2963/4834 2266/2962/4834 630/2968/4834 634/3048/4834
f 2258/2954/4835 2254/2949/4835 496/2948/4835 495/7143/4835
f 2250/2940/4836 492/462/4836 57/458/4836 496/466/4836
f 2246/2939/4837 2245/6988/4837 493/463/4837 492/462/4837
f 2224/2902/4838 2220/2898/4838 43/352/4838 438/7232/4838
f 2223/2901/4839 5013/7233/4839 1877/2456/4839 5014/7234/4839
f 2223/2901/4840 5014/7234/4840 2219/2897/4840 2218/2896/4840
f 2223/2901/4841 2222/2900/4841 1903/7235/4841 5013/7233/4841
f 5014/7234/4842 1877/2456/4842 1875/2454/4842 1874/2453/4842
f 5014/7234/4843 1874/2453/4843 5015/7236/4843 2219/2897/4843
f 5015/7236/4844 1874/2453/4844 1872/2451/4844 1871/2450/4844
f 5015/7236/4845 1871/2450/4845 5016/7237/4845 2216/2894/4845
f 5015/7236/4846 2216/2894/4846 2215/2893/4846 2219/2897/4846
f 5016/7237/4847 1871/2450/4847 1869/2448/4847 1868/2447/4847
f 5016/7237/4848 1868/2447/4848 5017/7238/4848 2213/2891/4848
f 5016/7237/4849 2213/2891/4849 2212/2890/4849 2216/2894/4849
f 5017/7238/4850 1868/2447/4850 1866/2444/4850 1865/2443/4850
f 5017/7238/4851 1865/2443/4851 5018/7239/4851 2208/2886/4851
f 5017/7238/4852 2208/2886/4852 2207/2885/4852 2213/2891/4852
f 5018/7239/4853 1865/2443/4853 1863/2439/4853 1862/2438/4853
f 5018/7239/4854 1862/2438/4854 5019/7240/4854 2203/2881/4854
f 5018/7239/4855 2203/2881/4855 2202/2880/4855 2208/2886/4855
f 5019/7240/4856 1862/2438/4856 1860/2437/4856 1859/7241/4856
f 5019/7240/4857 1859/7241/4857 5020/7242/4857 2198/2876/4857
f 5019/7240/4858 2198/2876/4858 2197/2875/4858 2203/2881/4858
f 5020/7243/4859 1859/2432/4859 1857/2429/4859 1856/2428/4859
f 5020/7243/4860 1856/2428/4860 5021/7244/4860 2193/7245/4860
f 5020/7242/4861 2193/2869/4861 2192/2868/4861 2198/2876/4861
f 5021/7244/4862 1856/2428/4862 1854/2425/4862 1853/2424/4862
f 5021/7244/4863 1853/2424/4863 5022/7246/4863 2188/2860/4863
f 5021/7244/4864 2188/2860/4864 2187/2859/4864 2193/7245/4864
f 5022/7246/4865 1853/2424/4865 1851/2421/4865 1850/2420/4865
f 5022/7246/4866 1850/2420/4866 5023/7247/4866 2183/2855/4866
f 5022/7246/4867 2183/2855/4867 2182/2854/4867 2188/2860/4867
f 5023/7247/4868 1850/2420/4868 1848/2419/4868 1847/7248/4868
f 5023/7249/4869 1847/2415/4869 5024/7250/4869 2178/7251/4869
f 5023/7247/4870 2178/2848/4870 2177/2847/4870 2183/2855/4870
f 5024/7250/4871 1847/2415/4871 1845/2413/4871 1844/2412/4871
f 5024/7250/4872 1844/2412/4872 5025/7252/4872 2173/2839/4872
f 5024/7250/4873 2173/2839/4873 2172/2838/4873 2178/7251/4873
f 5025/7252/4874 1844/2412/4874 1842/2410/4874 1841/2409/4874
f 5025/7252/4875 1841/2409/4875 5026/7253/4875 2168/2832/4875
f 5025/7252/4876 2168/2832/4876 2167/2831/4876 2173/2839/4876
f 5026/7253/4877 1841/2409/4877 1839/2406/4877 1838/2405/4877
f 5026/7253/4878 1838/2405/4878 5027/7254/4878 2163/2824/4878
f 5026/7253/4879 2163/2824/4879 2162/2823/4879 2168/2832/4879
f 5027/7254/4880 1838/2405/4880 1836/2404/4880 1835/7255/4880
f 5027/7256/4881 1835/2399/4881 5028/7257/4881 2158/7258/4881
f 5027/7254/4882 2158/2819/4882 2157/2818/4882 2163/2824/4882
f 5028/7257/4883 1835/2399/4883 1833/2396/4883 1832/2395/4883
f 5028/7257/4884 1832/2395/4884 5029/7259/4884 2153/2811/4884
f 5028/7257/4885 2153/2811/4885 2152/2810/4885 2158/7258/4885
f 5029/7259/4886 1832/2395/4886 1830/2393/4886 1829/2392/4886
f 5029/7259/4887 1829/2392/4887 5030/7260/4887 2148/2804/4887
f 5029/7259/4888 2148/2804/4888 2147/2803/4888 2153/2811/4888
f 5030/7260/4889 1829/2392/4889 1827/2390/4889 1826/2389/4889
f 5030/7260/4890 1826/2389/4890 5031/7261/4890 2143/2797/4890
f 5030/7260/4891 2143/2797/4891 2142/2796/4891 2148/2804/4891
f 5031/7261/4892 1826/2389/4892 1824/2387/4892 5032/7262/4892
f 5031/7261/4893 5032/7262/4893 5033/7263/4893 2138/7264/4893
f 5031/7261/4894 2138/7264/4894 2137/2798/4894 2143/2797/4894
f 5033/7263/4895 5032/7262/4895 5034/7265/4895 5035/7266/4895
f 5033/7263/4896 5035/7266/4896 5036/7267/4896 2133/7268/4896
f 5033/7269/4897 2133/2786/4897 2132/2785/4897 2138/2791/4897
f 5036/7270/4898 5035/7271/4898 5037/7272/4898 5038/7273/4898
f 5036/7270/4899 5038/7273/4899 5039/7274/4899 2128/7275/4899
f 5036/7276/4900 2128/2781/4900 2127/2780/4900 2133/2786/4900
f 5039/7274/4901 5038/7273/4901 5040/7277/4901 5041/7278/4901
f 5039/7274/4902 5041/7278/4902 5042/7279/4902 2123/2773/4902
f 5039/7274/4903 2123/2773/4903 2122/2772/4903 2128/7275/4903
f 5042/7280/4904 5041/7281/4904 5043/7282/4904 5044/7283/4904
f 5042/7280/4905 5044/7283/4905 5045/7284/4905 2118/7285/4905
f 5042/7279/4906 2118/2768/4906 2117/2767/4906 2123/2773/4906
f 5045/7284/4907 5044/7283/4907 5046/7286/4907 5047/7287/4907
f 5045/7284/4908 5047/7287/4908 5048/7288/4908 2113/7289/4908
f 5045/7290/4909 2113/2763/4909 2112/2762/4909 2118/2768/4909
f 5048/7288/4910 5047/7287/4910 5049/7291/4910 5050/7292/4910
f 5048/7288/4911 5050/7292/4911 5051/7293/4911 2108/7294/4911
f 5048/7295/4912 2108/2755/4912 2107/2754/4912 2113/7296/4912
f 5051/7293/4913 5050/7292/4913 5052/7297/4913 5053/7298/4913
f 5051/7299/4914 5053/7300/4914 5054/7301/4914 2103/2750/4914
f 5051/7299/4915 2103/2750/4915 2102/2749/4915 2108/2755/4915
f 5054/7302/4916 5053/7298/4916 5055/7303/4916 5056/7304/4916
f 5054/7301/4917 5056/7305/4917 5057/7306/4917 2099/2743/4917
f 5054/7301/4918 2099/2743/4918 2098/2742/4918 2103/2750/4918
f 5057/7307/4919 5056/7304/4919 5058/7308/4919 5059/7309/4919
f 5057/7310/4920 5059/7311/4920 5060/7312/4920 2094/2737/4920
f 5057/7310/4921 2094/2737/4921 2093/2736/4921 2099/7313/4921
f 5060/7312/4922 5059/7311/4922 5061/7314/4922 5062/7315/4922
f 5060/7312/4923 5062/7315/4923 305/7316/4923 311/7317/4923
f 5060/7312/4924 311/7317/4924 2095/2738/4924 2094/2737/4924
f 5062/7315/4925 5061/7314/4925 5063/7318/4925 5064/7319/4925
f 5062/7315/4926 5064/7319/4926 306/7320/4926 305/7316/4926
f 5064/7319/4927 5063/7318/4927 1771/2328/4927 5065/7321/4927
f 5064/7322/4928 5065/7323/4928 5066/7324/4928 306/171/4928
f 5066/7324/4929 5065/7323/4929 1766/7325/4929 5067/7326/4929
f 5066/7324/4930 5067/7326/4930 5068/7327/4930 5069/7328/4930
f 5066/7324/4931 5069/7328/4931 302/172/4931 306/171/4931
f 5069/7328/4932 5068/7327/4932 1719/2261/4932 1718/2260/4932
f 5069/7328/4933 1718/2260/4933 303/2265/4933 302/172/4933
f 5068/7327/4934 5067/7326/4934 1761/2315/4934 5070/7329/4934
f 5068/7327/4935 5070/7329/4935 1721/2266/4935 1719/2261/4935
f 5070/7329/4936 1761/2315/4936 1757/2311/4936 1756/2310/4936
f 5070/7329/4937 1756/2310/4937 5071/7330/4937 1721/2266/4937
f 5071/7330/4938 1756/2310/4938 1752/2306/4938 1751/2305/4938
f 5071/7330/4939 1751/2305/4939 1734/7331/4939 1724/7332/4939
f 5071/7330/4940 1724/7332/4940 1722/2267/4940 1721/2266/4940
f 5067/7326/4941 1766/7325/4941 1762/2316/4941 1761/2315/4941
f 5065/7321/4942 1771/2328/4942 1767/2323/4942 1766/2322/4942
f 5063/7318/4943 1776/2333/4943 1772/2329/4943 1771/2328/4943
f 5063/7318/4944 5061/7314/4944 5072/7333/4944 1776/2333/4944
f 5072/7333/4945 1781/7334/4945 1777/2334/4945 1776/2333/4945
f 5072/7333/4946 5061/7314/4946 5059/7311/4946 5058/7335/4946
f 5072/7336/4947 5058/7308/4947 5073/7337/4947 1781/2340/4947
f 5073/7337/4948 1786/2346/4948 1782/2341/4948 1781/2340/4948
f 5073/7337/4949 5058/7308/4949 5056/7304/4949 5055/7303/4949
f 5073/7337/4950 5055/7303/4950 5074/7338/4950 1786/2346/4950
f 5074/7338/4951 1791/2351/4951 1787/2347/4951 1786/2346/4951
f 5074/7338/4952 5055/7303/4952 5053/7298/4952 5052/7297/4952
f 5074/7338/4953 5052/7297/4953 5075/7339/4953 1791/2351/4953
f 5075/7339/4954 1796/2356/4954 1792/2352/4954 1791/2351/4954
f 5075/7339/4955 5052/7297/4955 5050/7292/4955 5049/7291/4955
f 5075/7339/4956 5049/7291/4956 5076/7340/4956 1796/2356/4956
f 5076/7340/4957 1801/2361/4957 1797/2357/4957 1796/2356/4957
f 5076/7340/4958 5049/7291/4958 5047/7287/4958 5046/7286/4958
f 5076/7340/4959 5046/7286/4959 5077/7341/4959 1801/2361/4959
f 5077/7341/4960 1806/2368/4960 1802/2362/4960 1801/2361/4960
f 5077/7341/4961 5046/7286/4961 5044/7283/4961 5043/7282/4961
f 5077/7341/4962 5043/7282/4962 5078/7342/4962 1806/2368/4962
f 5078/7343/4963 1811/2374/4963 1807/2370/4963 1806/7344/4963
f 5078/7345/4964 5043/7346/4964 5041/7278/4964 5040/7277/4964
f 5078/7343/4965 5040/7347/4965 5079/7348/4965 1811/2374/4965
f 5079/7348/4966 1816/2379/4966 1812/2375/4966 1811/2374/4966
f 5079/7349/4967 5040/7277/4967 5038/7273/4967 5037/7272/4967
f 5079/7348/4968 5037/7350/4968 5080/7351/4968 1816/2379/4968
f 5080/7351/4969 1820/2383/4969 1817/2380/4969 1816/2379/4969
f 5080/7351/4970 5037/7350/4970 5035/7266/4970 5034/7265/4970
f 5080/7351/4971 5034/7265/4971 1822/2385/4971 1820/2383/4971
f 5034/7265/4972 5032/7262/4972 1824/2387/4972 1822/2385/4972
f 5013/7233/4973 1880/2459/4973 1878/2457/4973 1877/2456/4973
f 5013/7233/4974 1903/7235/4974 1901/7352/4974 1880/2459/4974
f 2096/7353/4975 310/180/4975 309/179/4975 5081/7354/4975
f 2096/7353/4976 5081/7354/4976 2089/2729/4976 2088/2728/4976
f 2096/2739/4977 2095/2738/4977 311/7317/4977 310/7355/4977
f 5081/7354/4978 309/179/4978 388/288/4978 33/287/4978
f 5081/7354/4979 33/287/4979 394/294/4979 2089/2729/4979
f 2089/2729/4980 394/294/4980 48/7356/4980 2084/2727/4980
f 2085/2724/4981 2082/2720/4981 2081/2719/4981 330/203/4981
f 2050/2665/4982 2048/2663/4982 424/344/4982 423/343/4982
f 2042/2653/4983 2040/2652/4983 2039/3523/4983 348/225/4983
f 1947/2540/4984 1943/2536/4984 241/89/4984 245/93/4984
f 1943/2536/4985 1941/2534/4985 242/90/4985 241/89/4985
f 1939/2532/4986 1938/2531/4986 243/91/4986 242/90/4986
f 1929/2519/4987 1927/2517/4987 314/186/4987 313/185/4987
f 1927/2517/4988 1925/2515/4988 321/193/4988 314/186/4988
f 1920/2510/4989 1919/2509/4989 25/227/4989 354/233/4989
f 5082/7357/4990 367/250/4990 370/7358/4990 5083/7359/4990
f 1819/2382/4991 1319/1687/4991 1317/1685/4991 1316/1684/4991
f 1751/2305/4992 1747/2301/4992 1736/2300/4992 1734/7331/4992
f 1746/2299/4993 297/159/4993 294/154/4993 1743/2295/4993
f 1716/2255/4994 1715/2254/4994 304/174/4994 303/7360/4994
f 1663/2185/4995 1661/2184/4995 1575/2017/4995 1573/2015/4995
f 1627/2105/4996 224/2175/4996 5/58/4996 228/61/4996
f 1608/2070/4997 1606/2067/4997 1605/2066/4997 231/2160/4997
f 1594/2046/4998 217/35/4998 214/31/4998 1589/2040/4998
f 1548/1984/4999 1540/1982/4999 1536/1964/4999 1535/1963/4999
f 1544/7361/5000 262/7362/5000 272/128/5000 5084/7363/5000
f 1544/7361/5001 5084/7363/5001 1539/7364/5001 1538/7365/5001
f 1544/1974/5002 1543/1973/5002 263/116/5002 262/115/5002
f 5084/7363/5003 272/128/5003 270/125/5003 269/124/5003
f 5084/7363/5004 269/124/5004 268/123/5004 1539/7364/5004
f 1543/1973/5005 252/101/5005 249/98/5005 263/116/5005
f 1539/1968/5006 268/2291/5006 1534/1961/5006 1533/1960/5006
f 1524/1947/5007 293/2293/5007 292/7366/5007 1519/1948/5007
f 1489/1907/5008 1468/1868/5008 649/686/5008 651/688/5008
f 1468/1868/5009 1466/1866/5009 650/687/5009 649/686/5009
f 1451/1848/5010 1444/1835/5010 1440/1831/5010 1439/1830/5010
f 1443/1834/5011 1076/7367/5011 1075/1829/5011 1438/1828/5011
f 1296/1656/5012 1293/1655/5012 903/1086/5012 912/1085/5012
f 1291/1649/5013 795/882/5013 794/881/5013 787/874/5013
f 1288/1646/5014 1287/1645/5014 786/873/5014 785/872/5014
f 1285/1643/5015 1284/1642/5015 941/1130/5015 940/1129/5015
f 1259/1616/5016 1255/1610/5016 1066/1323/5016 1065/1322/5016
f 1243/1595/5017 1242/1594/5017 1162/1467/5017 1126/1598/5017
f 1241/1593/5018 1141/1428/5018 1118/1392/5018 1117/1391/5018
f 1185/7368/5019 1123/1399/5019 1122/1398/5019 1178/1503/5019
f 183/1461/5020 1046/1294/5020 1045/1293/5020 1108/1380/5020
f 1173/7369/5021 1159/7370/5021 156/7371/5021 1048/7372/5021
f 1163/7373/5022 1094/1359/5022 1093/1358/5022 1124/1401/5022
f 1161/1465/5023 1160/1464/5023 1133/1418/5023 1132/1417/5023
f 1159/7370/5024 1102/1370/5024 1043/1369/5024 156/7371/5024
f 1055/1305/5025 923/1105/5025 881/1017/5025 880/1016/5025
f 1040/7374/5026 1039/1285/5026 879/6184/5026 878/7375/5026
f 1035/5237/5027 1011/1241/5027 1010/1240/5027 1031/7376/5027
f 1032/1268/5028 1031/1267/5028 1010/7377/5028 1009/5331/5028
f 1018/5723/5029 945/5771/5029 138/1132/5029 944/1135/5029
f 1007/1237/5030 1004/1234/5030 976/1186/5030 975/1185/5030
f 1004/1234/5031 1003/1233/5031 962/1163/5031 976/1186/5031
f 997/1219/5032 139/1140/5032 948/1143/5032 983/1194/5032
f 997/1219/5033 983/1194/5033 982/1193/5033 994/1220/5033
f 997/7378/5034 996/1224/5034 949/5350/5034 139/7379/5034
f 995/1215/5035 994/1214/5035 982/1202/5035 986/1201/5035
f 971/1179/5036 970/1178/5036 885/1023/5036 884/1022/5036
f 970/1178/5037 960/1177/5037 886/1024/5037 885/1023/5037
f 960/7380/5038 959/5281/5038 910/1078/5038 886/1077/5038
f 836/944/5039 809/904/5039 778/857/5039 777/856/5039
f 815/918/5040 804/917/5040 740/7381/5040 765/6413/5040
f 804/897/5041 803/899/5041 734/796/5041 740/804/5041
f 799/891/5042 655/1858/5042 654/7382/5042 723/892/5042
f 776/855/5043 771/849/5043 102/845/5043 770/848/5043
f 721/7383/5044 93/7384/5044 566/562/5044 565/561/5044
f 714/1880/5045 93/7385/5045 654/7382/5045 653/1881/5045
f 681/734/5046 581/733/5046 70/574/5046 584/587/5046
f 628/658/5047 541/532/5047 540/531/5047 549/654/5047
f 515/7386/5048 514/7387/5048 59/474/5048 505/477/5048
f 4697/7388/5049 503/475/5049 59/474/5049 514/7387/5049
f 4709/6744/5050 4698/6713/5050 4697/6712/5050 514/7389/5050
f 481/5948/5051 55/364/5051 47/363/5051 447/384/5051
f 475/440/5052 448/393/5052 393/392/5052 470/441/5052
f 471/432/5053 470/431/5053 393/293/5053 392/292/5053
f 440/7390/5054 439/379/5054 375/3211/5054 374/7391/5054
f 420/338/5055 399/337/5055 377/7392/5055 454/7393/5055
f 409/322/5056 351/229/5056 350/228/5056 406/3105/5056
f 407/7394/5057 406/3105/5057 350/228/5057 5085/7395/5057
f 401/7396/5058 384/5854/5058 381/276/5058 380/275/5058
f 401/306/5059 380/273/5059 378/272/5059 398/307/5059
f 399/302/5060 398/301/5060 378/268/5060 377/267/5060
f 387/284/5061 334/209/5061 22/205/5061 382/286/5061
f 383/5853/5062 382/286/5062 22/205/5062 333/208/5062
f 2408/3216/5063 352/231/5063 25/227/5063 27/230/5063
f 289/148/5064 288/147/5064 284/7397/5064 283/7398/5064
f 288/147/5065 287/146/5065 285/7399/5065 284/7397/5065
f 15/140/5066 254/103/5066 10/95/5066 253/102/5066
f 272/128/5067 262/7362/5067 11/105/5067 259/109/5067
f 263/116/5068 249/98/5068 248/97/5068 260/117/5068
f 238/81/5069 235/74/5069 218/40/5069 216/39/5069
f 51/2677/5070 463/2669/5070 477/2668/5070 468/2674/5070
f 82/725/5071 676/728/5071 645/6732/5071 627/6737/5071
f 704/3928/5072 705/7400/5072 706/3922/5072 707/3921/5072
f 93/7385/5073 714/1880/5073 713/1884/5073 566/7401/5073
f 94/792/5074 95/791/5074 724/6357/5074 725/7402/5074
f 111/886/5075 821/929/5075 822/1015/5075 125/1014/5075
f 924/7403/5076 925/4323/5076 926/4322/5076 927/4321/5076
f 155/1288/5077 158/1292/5077 168/1308/5077 1045/1293/5077
f 121/4270/5078 3124/4269/5078 3126/4273/5078 3128/4275/5078
f 657/697/5079 2305/7404/5079 664/705/5079 658/698/5079
f 454/7393/5080 377/7392/5080 376/367/5080 31/366/5080
f 38/312/5081 36/281/5081 32/285/5081 384/5854/5081
f 1170/1494/5082 1108/1493/5082 190/1378/5082 1107/1377/5082
f 395/296/5083 37/314/5083 407/318/5083
f 5085/7395/5084 350/228/5084 25/227/5084 1919/2509/5084
f 5085/7395/5085 1919/2509/5085 1917/2507/5085 5082/7357/5085
f 1917/2507/5086 1916/2506/5086 368/251/5086 5082/7357/5086
f 368/251/5087 367/250/5087 5082/7357/5087
f 96/7405/5088 97/7406/5088 101/7407/5088
f 97/807/5089 742/810/5089 101/838/5089
