# Blender 4.4.0
# www.blender.org
mtllib Meshy_AI_Tessellated_Peaks_0528202530_texture.mtl
o Meshy_AI_Tessellated_Peaks_0528202530_texture
v -0.421863 -0.345166 0.491009
v -0.360079 -0.390484 0.514318
v -0.502388 -0.391301 0.450603
v -0.553826 -0.389708 0.468473
v -0.352382 -0.238728 0.475682
v -0.229211 -0.353230 0.480367
v -0.593310 -0.348901 0.397213
v -0.383902 -0.163242 0.422245
v -0.541794 -0.283857 0.367894
v -0.394396 -0.162424 0.418146
v -0.592964 -0.391388 0.329085
v -0.324683 -0.153161 0.423961
v -0.604003 -0.302019 0.353523
v -0.137239 -0.309778 0.466155
v -0.502519 -0.385240 0.194882
v -0.531602 -0.391270 0.245438
v -0.113792 -0.347239 0.488597
v -0.333536 -0.133606 0.365969
v -0.149376 -0.298749 0.395521
v -0.160610 -0.291344 0.380832
v -0.165750 -0.286951 0.371751
v -0.082748 -0.270570 0.448798
v -0.294910 -0.092064 0.363729
v -0.605605 -0.182493 0.247607
v -0.318372 -0.116666 0.334495
v -0.061722 -0.293156 0.431488
v -0.035003 -0.303650 0.451451
v -0.085200 -0.267658 0.413943
v -0.310734 -0.104451 0.297988
v 0.001060 -0.310229 0.451589
v -0.108512 -0.245958 0.380840
v -0.293028 -0.081314 0.304926
v -0.799249 -0.389492 0.323440
v -0.631346 -0.209251 0.231468
v -0.782409 -0.390869 0.313881
v -0.270481 -0.071624 0.290170
v -0.071753 -0.206931 0.340383
v -0.098535 -0.188895 0.294296
v -0.111393 -0.149102 0.268322
v -0.006912 -0.230496 0.409923
v -0.122728 -0.082870 0.253712
v 0.124222 -0.340236 0.500880
v 0.090041 -0.217553 0.437426
v -0.061343 -0.149955 0.266801
v 0.013566 -0.182862 0.399414
v -0.864120 -0.384445 0.267453
v 0.055482 -0.173048 0.394063
v 0.180522 -0.291360 0.442206
v -0.565195 -0.028539 0.098034
v -0.682549 -0.103495 0.108654
v 0.269084 -0.390851 0.489913
v 0.018095 -0.116413 0.280857
v -0.838560 -0.391230 0.125578
v -0.576268 -0.391242 -0.183636
v -0.188697 0.028686 0.174231
v 0.223934 -0.260050 0.423632
v 0.118852 -0.100156 0.259525
v -0.686564 -0.019476 0.045443
v 0.027824 -0.052041 0.175627
v 0.085501 -0.082201 0.273445
v -0.719653 -0.038574 -0.000761
v -0.680020 0.003863 0.013655
v -0.710231 -0.013612 -0.002112
v -0.926861 -0.368195 0.085275
v -0.692539 0.008304 0.005994
v -0.707028 0.002372 -0.002568
v 0.086356 -0.082539 0.198171
v -0.689129 -0.025024 -0.054555
v 0.115968 -0.100327 0.209537
v -0.690571 -0.000929 -0.017198
v 0.462451 -0.391556 0.449639
v 0.445076 -0.390063 0.519028
v -0.317732 0.094823 0.074564
v -0.610642 -0.390951 -0.354181
v 0.462452 -0.334498 0.462071
v 0.335651 -0.048515 0.367534
v 0.255956 -0.018704 0.251225
v -0.109661 0.167699 0.090277
v 0.019760 0.211753 0.089940
v -0.438964 0.177995 0.037008
v 0.557668 -0.390675 0.433781
v 0.317775 -0.007996 0.293730
v -0.027923 0.183581 0.104729
v -0.954918 -0.388915 -0.076325
v -0.602928 -0.387289 -0.435572
v -0.575797 -0.390797 -0.450909
v -0.428951 -0.390073 -0.492637
v 0.476953 -0.281885 0.426399
v 0.429597 -0.137101 0.414649
v -0.595321 -0.360871 -0.409414
v -0.583535 -0.390139 -0.468655
v -0.571693 -0.029565 -0.101526
v -0.642398 -0.090488 -0.126374
v -0.408568 0.183364 0.031005
v 0.350552 -0.018029 0.245273
v -0.294558 0.141244 -0.010731
v 0.484326 -0.390876 0.229140
v 0.287888 0.010847 0.195000
v 0.470093 -0.155642 0.377831
v -0.877803 -0.351686 -0.123916
v -0.436585 0.165578 -0.046985
v -0.769793 -0.391273 -0.300178
v -0.792005 -0.390047 -0.333350
v -0.302424 0.129642 -0.027598
v 0.528488 -0.385098 0.222747
v 0.386914 -0.022923 0.234106
v -0.472707 0.065998 -0.080463
v -0.403610 0.179297 -0.031734
v 0.473930 -0.391406 0.163791
v -0.426300 -0.363680 -0.493387
v 0.392783 -0.041743 0.241583
v -0.849673 -0.381082 -0.269632
v -0.415163 -0.387622 -0.509713
v -0.542481 -0.312857 -0.438031
v -0.212496 0.242164 0.003267
v -0.430786 0.094558 -0.079462
v 0.375985 0.006405 0.198404
v -0.341370 0.101942 -0.039244
v 0.149320 0.215777 0.016625
v 0.540261 -0.371012 0.211153
v 0.555846 -0.387541 0.220349
v -0.338611 0.099478 -0.051845
v -0.155518 0.259124 -0.004157
v 0.558175 -0.377940 0.184348
v -0.500207 -0.262484 -0.392545
v -0.176855 0.283499 0.005413
v 0.188814 0.213010 0.001394
v -0.365613 -0.388699 -0.516646
v -0.177134 0.282471 -0.006231
v -0.318332 0.099954 -0.074704
v 0.564081 -0.383729 0.180692
v -0.356455 -0.390452 -0.531326
v 0.203831 0.197331 -0.017609
v -0.626754 -0.204844 -0.224938
v 0.633255 -0.277072 0.327661
v 0.148884 0.208253 -0.030170
v 0.652587 -0.228318 0.347170
v 0.341252 -0.011864 0.103883
v -0.600405 -0.192994 -0.270235
v -0.282089 -0.359878 -0.517928
v -0.335020 -0.235363 -0.464556
v 0.383904 0.008255 0.103167
v -0.009649 0.371782 0.006326
v -0.258870 -0.389455 -0.519857
v 0.443143 0.024708 0.113332
v 0.285493 0.095690 0.004879
v 0.693959 -0.247854 0.253075
v 0.299864 0.086961 -0.008707
v -0.014312 0.376281 -0.007987
v 0.698407 -0.240213 0.252157
v 0.282019 0.098280 -0.043667
v -0.414630 -0.184756 -0.325776
v -0.391473 -0.154575 -0.425858
v -0.104726 0.165892 -0.093279
v -0.112534 -0.387482 -0.497378
v 0.774872 -0.390740 0.239151
v 0.471265 0.066961 0.085576
v -0.193512 0.027925 -0.171296
v -0.242742 -0.335866 -0.481011
v 0.038220 0.193433 -0.100875
v -0.027141 0.215405 -0.099574
v 0.699595 -0.283364 0.187386
v 0.328490 0.056226 -0.061046
v 0.710475 -0.289838 0.156863
v -0.342315 -0.144680 -0.383846
v -0.065991 -0.390135 -0.510107
v 0.414027 0.104479 0.048217
v 0.426778 0.121786 0.033274
v -0.312377 -0.109075 -0.333598
v 0.806897 -0.389598 0.165545
v 0.719736 -0.252504 0.148730
v 0.547152 0.028268 0.084542
v 0.540440 0.043029 0.065614
v -0.168119 -0.004577 -0.246422
v -0.176075 -0.010822 -0.250333
v -0.154873 -0.313352 -0.463883
v 0.775861 -0.245512 0.122408
v -0.089635 -0.340815 -0.488229
v 0.399940 0.107176 -0.041432
v 0.815509 -0.340563 0.157013
v -0.283978 -0.097430 -0.354676
v 0.378577 0.022621 -0.095601
v 0.512382 -0.381652 -0.194891
v 0.533842 0.074484 -0.010325
v 0.553934 0.054361 0.009021
v 0.463675 0.145433 0.000564
v -0.141863 -0.300706 -0.413451
v 0.443872 0.159101 -0.000793
v 0.337034 -0.006776 -0.106525
v 0.560100 -0.388289 -0.204351
v 0.796561 -0.207504 0.114997
v 0.858266 -0.319529 0.147884
v 0.594966 0.079220 0.002848
v -0.119926 -0.081716 -0.256283
v 0.891796 -0.389444 0.144226
v 0.576905 -0.391195 -0.207967
v -0.076386 -0.278916 -0.450273
v 0.292601 0.016559 -0.185095
v 0.840177 -0.254124 0.075361
v -0.157646 -0.289891 -0.377053
v -0.061047 -0.296218 -0.450115
v -0.041004 -0.306446 -0.457786
v 0.626207 0.050334 0.003944
v -0.089265 -0.269109 -0.417376
v 0.465929 0.067693 -0.083180
v -0.091568 -0.241345 -0.401871
v 0.007894 -0.295359 -0.451528
v 0.867302 -0.279603 0.075708
v 0.461480 0.055746 -0.101911
v -0.080679 -0.107108 -0.256377
v 0.913896 -0.390690 0.036738
v 0.922916 -0.378298 0.084098
v 0.377180 0.000475 -0.214565
v 0.038091 -0.067164 -0.185012
v 0.352370 -0.016573 -0.242950
v 0.785404 -0.128560 0.073454
v 0.145370 -0.327682 -0.504114
v 0.388867 -0.023215 -0.233647
v 0.095686 -0.258030 -0.459564
v 0.306278 0.014600 -0.265535
v 0.392803 -0.040253 -0.242869
v 0.323217 0.003265 -0.276297
v 0.806307 -0.117404 0.047008
v 0.110715 -0.285724 -0.507111
v 0.003635 -0.120992 -0.279382
v 0.829696 -0.178756 -0.007386
v -0.072416 -0.207061 -0.341268
v 0.083476 -0.079214 -0.193398
v 0.266599 -0.381798 -0.496602
v 0.294498 -0.390891 -0.504802
v 0.108062 -0.102189 -0.207826
v 0.804613 -0.391192 -0.157126
v 0.896007 -0.390910 -0.094664
v 0.915780 -0.388673 -0.081800
v 0.840927 -0.246453 -0.074677
v 0.201837 -0.312071 -0.464398
v 0.819313 -0.095466 0.004244
v 0.365687 -0.057780 -0.299629
v 0.808823 -0.370917 -0.166602
v 0.478053 -0.391390 -0.424013
v 0.050375 -0.186306 -0.404677
v 0.073470 -0.089878 -0.278470
v 0.927775 -0.362423 -0.083864
v 0.689407 -0.293882 -0.217688
v 0.888870 -0.390341 -0.155787
v 0.847645 -0.280858 -0.081077
v 0.351256 -0.062253 -0.352369
v 0.139802 -0.089955 -0.274687
v 0.799006 -0.388150 -0.236492
v 0.334142 -0.049340 -0.371116
v 0.797567 -0.376815 -0.236125
v 0.788443 -0.143484 -0.082721
v 0.550674 -0.388612 -0.436500
v 0.699802 -0.289622 -0.182531
v 0.802360 -0.197772 -0.112689
v 0.801564 -0.121110 -0.060693
v 0.626022 -0.289493 -0.328100
v 0.697283 -0.282844 -0.192883
v 0.853527 -0.318682 -0.149029
v 0.704361 -0.290616 -0.161759
v 0.817712 -0.297934 -0.133054
v 0.755161 -0.205768 -0.121991
v 0.444546 -0.385464 -0.520864
v 0.709897 -0.259362 -0.175682
v 0.637344 -0.270431 -0.331435
v 0.715598 -0.247468 -0.149118
v 0.672698 -0.207602 -0.174116
v 0.211344 -0.134996 -0.389990
v 0.651956 -0.233082 -0.351562
v 0.459041 -0.285988 -0.482793
v 0.457071 -0.272229 -0.448476
v 0.462292 -0.147785 -0.382338
v 0.430294 -0.147453 -0.422063
v 0.597681 -0.206448 -0.308431
v 0.549905 -0.184719 -0.304934
v -0.383907 -0.330689 0.499944
v -0.373109 -0.288666 0.493667
v -0.385693 -0.285924 0.487823
v -0.445015 -0.383768 0.492400
v -0.401191 -0.366149 0.504157
v -0.394841 -0.290985 0.487140
v -0.441312 -0.346952 0.492298
v -0.484882 -0.383457 0.497726
v -0.489157 -0.380675 0.494959
v -0.492545 -0.385633 0.492921
v -0.487317 -0.390606 0.494381
v -0.430899 -0.390988 0.480280
v -0.445244 -0.391432 0.463112
v -0.354049 -0.391446 0.493228
v -0.262034 -0.391159 0.503299
v -0.240220 -0.379976 0.504312
v -0.292550 -0.340544 0.501272
v -0.315990 -0.345956 0.508133
v -0.478311 -0.391334 0.468735
v -0.491260 -0.390788 0.469897
v -0.507178 -0.390140 0.462261
v -0.531759 -0.391453 0.411430
v -0.473082 -0.391460 0.427179
v -0.540675 -0.391408 0.439876
v -0.565954 -0.391422 0.404599
v -0.530135 -0.391126 0.456379
v -0.540942 -0.390851 0.467097
v -0.538840 -0.381557 0.468907
v -0.552594 -0.378893 0.465716
v -0.565040 -0.389961 0.457800
v -0.548986 -0.391104 0.454885
v -0.571383 -0.374549 0.456670
v -0.336584 -0.235668 0.463341
v -0.352293 -0.213024 0.451605
v -0.367161 -0.227001 0.459502
v -0.375515 -0.251741 0.472426
v -0.373146 -0.251036 0.479762
v -0.352045 -0.255400 0.484223
v -0.382172 -0.250859 0.460733
v -0.373645 -0.254433 0.486873
v -0.357777 -0.269232 0.489755
v -0.227321 -0.374020 0.490448
v -0.179233 -0.321743 0.463792
v -0.265245 -0.328007 0.482006
v -0.281585 -0.338306 0.490805
v -0.491485 -0.256433 0.383531
v -0.517395 -0.272038 0.376292
v -0.545727 -0.288076 0.399741
v -0.498884 -0.262664 0.403420
v -0.596080 -0.338731 0.384339
v -0.597892 -0.342051 0.363608
v -0.599176 -0.360407 0.384303
v -0.589004 -0.369923 0.426303
v -0.581017 -0.349567 0.418146
v -0.589152 -0.330578 0.398160
v -0.589403 -0.317100 0.387452
v -0.590678 -0.315440 0.373447
v -0.373840 -0.169355 0.424805
v -0.361380 -0.158152 0.423694
v -0.365849 -0.155405 0.418736
v -0.402782 -0.171597 0.427243
v -0.392893 -0.174747 0.428052
v -0.385005 -0.181301 0.429182
v -0.368908 -0.155548 0.411301
v -0.569288 -0.300559 0.390553
v -0.543041 -0.272582 0.351812
v -0.593254 -0.312878 0.359735
v -0.370409 -0.155201 0.402534
v -0.393099 -0.161165 0.407137
v -0.414419 -0.189326 0.427613
v -0.412715 -0.191413 0.436728
v -0.413841 -0.186815 0.414649
v -0.610397 -0.387240 0.352231
v -0.623900 -0.391270 0.326677
v -0.595286 -0.391463 0.262861
v -0.552771 -0.391476 0.344866
v -0.592210 -0.391126 0.364139
v -0.332336 -0.158016 0.424495
v -0.315089 -0.173459 0.426644
v -0.309383 -0.164426 0.426043
v -0.327339 -0.148082 0.419758
v -0.341326 -0.145249 0.420775
v -0.305319 -0.158311 0.422464
v -0.546403 -0.263618 0.342186
v -0.556968 -0.250134 0.330437
v -0.614034 -0.271482 0.348391
v -0.611343 -0.338435 0.350060
v -0.652336 -0.288481 0.351592
v -0.643483 -0.310153 0.350424
v -0.634456 -0.337576 0.349218
v -0.142759 -0.305139 0.454737
v -0.171278 -0.294076 0.456987
v -0.081367 -0.325170 0.481142
v -0.103586 -0.302061 0.473465
v -0.492722 -0.391443 0.242259
v -0.612915 -0.391438 0.195562
v -0.571072 -0.391476 0.112936
v -0.418587 -0.391498 0.151320
v -0.397263 -0.391502 0.267245
v -0.015901 -0.367806 0.494454
v -0.014572 -0.354024 0.493039
v -0.110867 -0.375852 0.500023
v -0.014353 -0.387945 0.495561
v -0.310167 -0.108393 0.354780
v -0.302377 -0.094917 0.335680
v -0.363039 -0.152493 0.344513
v -0.368659 -0.154474 0.375267
v -0.371617 -0.155267 0.391757
v -0.347990 -0.147084 0.385798
v -0.332405 -0.145057 0.382991
v -0.325425 -0.135138 0.372358
v -0.311767 -0.115497 0.368713
v -0.163795 -0.289872 0.393097
v -0.164250 -0.289116 0.405761
v -0.146846 -0.300716 0.405826
v -0.132685 -0.300987 0.402022
v -0.141746 -0.299265 0.387827
v -0.189713 -0.271316 0.381598
v -0.190500 -0.270427 0.393201
v -0.187999 -0.270695 0.370615
v -0.131337 -0.287921 0.383620
v -0.144953 -0.281791 0.374241
v -0.156729 -0.277593 0.366450
v -0.180231 -0.262898 0.366981
v -0.669838 -0.391382 0.262730
v -0.076518 -0.278844 0.452911
v -0.073350 -0.282724 0.439355
v -0.080091 -0.272883 0.434668
v -0.088513 -0.271355 0.448696
v -0.082505 -0.276333 0.461782
v -0.088082 -0.270104 0.432594
v -0.284317 -0.100992 0.363791
v -0.281533 -0.098578 0.349636
v -0.290218 -0.090917 0.350906
v -0.299580 -0.093401 0.351464
v -0.301400 -0.099619 0.365028
v -0.294165 -0.111620 0.366188
v -0.554355 -0.165875 0.226720
v -0.555568 -0.160733 0.200112
v -0.598369 -0.175150 0.207044
v -0.626874 -0.204928 0.205099
v -0.592896 -0.200619 0.277918
v -0.544362 -0.173514 0.259599
v -0.286297 -0.080334 0.317020
v -0.329699 -0.127275 0.309171
v -0.063955 -0.293830 0.442647
v -0.039062 -0.297447 0.439679
v -0.043725 -0.291817 0.425722
v -0.066522 -0.285460 0.425161
v -0.051447 -0.280735 0.416794
v -0.044107 -0.308355 0.468640
v -0.011710 -0.324975 0.469777
v -0.010740 -0.322333 0.458387
v -0.013552 -0.294359 0.448612
v -0.065732 -0.292742 0.454858
v -0.069062 -0.290269 0.466140
v -0.019512 -0.281801 0.439695
v -0.073573 -0.275692 0.419714
v -0.059821 -0.268115 0.412021
v -0.067906 -0.256299 0.408471
v -0.098725 -0.255703 0.399721
v -0.113284 -0.272754 0.397192
v -0.104428 -0.276494 0.414478
v -0.099982 -0.278073 0.431711
v -0.079878 -0.240239 0.402417
v -0.271674 -0.072132 0.266266
v -0.305148 -0.091209 0.264820
v -0.325827 -0.122033 0.271214
v 0.039403 -0.304653 0.461789
v 0.034115 -0.292350 0.450484
v -0.120872 -0.269854 0.380347
v -0.130272 -0.247515 0.366338
v -0.136332 -0.265970 0.370936
v -0.109903 -0.230863 0.369621
v -0.126941 -0.234260 0.358924
v -0.086582 -0.227713 0.393031
v -0.087606 -0.219589 0.382726
v -0.266061 -0.069593 0.299361
v -0.245626 -0.058427 0.270776
v -0.751812 -0.344814 0.339050
v -0.787132 -0.364463 0.320038
v -0.795008 -0.388700 0.316082
v -0.657392 -0.237460 0.256911
v -0.647973 -0.228220 0.285106
v -0.658287 -0.238035 0.217946
v -0.867083 -0.386215 0.259940
v -0.741083 -0.391252 0.317327
v -0.804610 -0.373188 0.301603
v -0.844359 -0.377052 0.270283
v -0.235678 -0.052512 0.282238
v -0.077880 -0.210806 0.354904
v -0.050435 -0.198678 0.356604
v -0.053057 -0.197985 0.334431
v -0.082775 -0.210882 0.321574
v -0.097778 -0.218662 0.339253
v -0.058519 -0.198835 0.311452
v -0.090126 -0.207794 0.302503
v -0.062596 -0.196635 0.294543
v -0.070807 -0.183230 0.284988
v -0.093963 -0.174415 0.280843
v -0.111337 -0.163599 0.291418
v -0.122510 -0.177268 0.297334
v -0.074830 -0.173862 0.276425
v -0.109418 -0.159925 0.279633
v -0.094135 -0.166225 0.270443
v -0.099224 -0.144782 0.258621
v -0.129400 -0.128380 0.265774
v -0.135279 -0.134332 0.285761
v -0.111060 -0.113883 0.254619
v 0.004491 -0.207137 0.408029
v -0.038656 -0.231721 0.406288
v -0.034705 -0.249516 0.409534
v 0.003604 -0.240517 0.412179
v 0.024596 -0.209415 0.407093
v -0.028453 -0.265516 0.413892
v -0.085732 -0.108406 0.253673
v -0.081033 -0.090064 0.251543
v -0.156846 -0.093368 0.267165
v -0.075024 -0.076972 0.241842
v -0.112659 -0.061173 0.246958
v 0.129868 -0.321047 0.503157
v 0.114749 -0.307819 0.505059
v 0.076952 -0.336595 0.498464
v 0.088577 -0.361198 0.497091
v 0.167537 -0.364785 0.495932
v 0.167420 -0.345122 0.497796
v 0.085568 -0.298585 0.497460
v 0.101884 -0.299663 0.504953
v 0.113998 -0.283973 0.496935
v 0.090306 -0.290601 0.487843
v 0.060182 -0.246156 0.443681
v 0.080097 -0.269367 0.453312
v 0.105259 -0.262937 0.462832
v 0.122271 -0.272728 0.468766
v 0.113381 -0.227086 0.449969
v 0.131167 -0.158433 0.415336
v 0.121755 -0.149552 0.409714
v 0.109481 -0.137918 0.392985
v 0.062675 -0.189842 0.417459
v 0.041322 -0.227636 0.434939
v -0.803253 -0.358044 0.303206
v -0.813436 -0.354507 0.288022
v -0.079638 -0.160684 0.263901
v -0.047375 -0.156989 0.280615
v -0.024023 -0.133360 0.280859
v -0.055033 -0.130594 0.262675
v -0.084546 -0.133960 0.255054
v 0.028958 -0.176640 0.397940
v -0.012138 -0.188134 0.394688
v -0.010942 -0.185212 0.387457
v -0.847973 -0.378012 0.260855
v 0.033991 -0.218438 0.415383
v 0.104049 -0.127980 0.373613
v 0.053230 -0.154132 0.352966
v 0.022683 -0.169277 0.363561
v 0.205860 -0.318560 0.470115
v 0.275384 -0.363255 0.469199
v 0.268888 -0.345570 0.461925
v 0.272060 -0.329306 0.456135
v 0.201117 -0.274902 0.431226
v 0.149322 -0.255695 0.448272
v 0.156709 -0.293642 0.471352
v -0.562594 -0.046375 0.109631
v -0.517464 -0.023611 0.098613
v -0.531605 -0.008812 0.094131
v -0.589055 -0.023252 0.097395
v -0.600004 -0.050910 0.110335
v -0.552007 0.005573 0.087072
v -0.708298 -0.100826 0.086819
v -0.746074 -0.138460 0.087132
v -0.738927 -0.134640 0.109116
v -0.628751 -0.090518 0.131988
v -0.635104 -0.075403 0.113646
v -0.667627 -0.075032 0.096416
v -0.690985 -0.068021 0.080809
v 0.274609 -0.390400 0.494362
v 0.182953 -0.385928 0.492999
v 0.204386 -0.391346 0.475643
v 0.326205 -0.391355 0.479101
v 0.355002 -0.391411 0.491892
v -0.009136 -0.139124 0.293318
v 0.003107 -0.150915 0.295262
v 0.035690 -0.127819 0.287645
v 0.029849 -0.110933 0.273078
v -0.003915 -0.112081 0.268743
v -0.011482 -0.117046 0.276468
v -0.877622 -0.366744 0.129856
v -0.911925 -0.391171 0.071645
v -0.893819 -0.391276 0.031381
v 0.285927 -0.385218 0.495277
v 0.273018 -0.376705 0.485440
v -0.510292 -0.391380 -0.165982
v -0.528974 -0.391460 -0.025611
v -0.635632 -0.391452 -0.047514
v -0.591837 -0.391425 -0.261665
v -0.509021 -0.391405 -0.238217
v -0.170181 0.032510 0.184336
v -0.146667 0.053544 0.165214
v -0.150935 0.053510 0.155015
v -0.162903 0.062167 0.143911
v -0.202704 0.033225 0.155834
v -0.199816 0.016475 0.196659
v -0.184102 0.022067 0.202686
v 0.278027 -0.298693 0.443341
v 0.284961 -0.253118 0.420058
v 0.218301 -0.216534 0.405777
v 0.182705 -0.202951 0.402699
v -0.927162 -0.384027 0.091930
v -0.898758 -0.359764 0.109784
v 0.089810 -0.119200 0.284544
v 0.102229 -0.126353 0.303852
v 0.141098 -0.100204 0.286343
v 0.100213 -0.097680 0.262748
v 0.083654 -0.109569 0.279426
v 0.136193 -0.090703 0.226993
v 0.116281 -0.100989 0.230875
v -0.641315 0.010469 0.051920
v -0.648158 0.009749 0.029652
v -0.684547 -0.006644 0.021146
v -0.701435 -0.006956 0.011497
v -0.707286 -0.021581 0.027122
v -0.723747 -0.053043 0.046941
v -0.706481 -0.062049 0.061361
v 0.027697 -0.076339 0.186744
v 0.063691 -0.071415 0.184732
v 0.056351 -0.041829 0.171074
v -0.002988 -0.037160 0.169254
v -0.012583 -0.063065 0.180611
v 0.021030 -0.000467 0.155371
v 0.073604 -0.094488 0.277469
v 0.090727 -0.087160 0.260793
v 0.086357 -0.082344 0.259803
v 0.035695 -0.109372 0.261601
v -0.715678 -0.028742 0.013321
v -0.716448 -0.030608 -0.015005
v -0.729484 -0.059318 -0.029106
v -0.730358 -0.060808 -0.006406
v -0.728526 -0.057458 0.021526
v -0.655164 0.017090 0.013778
v -0.661813 0.026612 0.005447
v -0.700265 0.001891 -0.009973
v -0.704976 -0.009622 -0.015399
v -0.712364 -0.026818 -0.029143
v -0.905000 -0.355028 0.093949
v -0.914304 -0.354104 0.085661
v -0.944522 -0.373586 0.045351
v -0.939248 -0.390978 0.022536
v -0.919588 -0.342087 0.072235
v -0.926080 -0.350198 0.057276
v -0.935624 -0.362257 0.055209
v -0.921039 -0.348427 0.082859
v -0.664351 0.029389 -0.006173
v -0.690759 0.012562 -0.007771
v 0.401774 -0.391355 0.513228
v 0.383273 -0.378662 0.512481
v 0.366765 -0.382763 0.513372
v 0.375995 -0.391118 0.505125
v 0.084787 -0.081985 0.214482
v 0.095553 -0.091433 0.213984
v 0.125563 -0.078284 0.188658
v 0.061443 -0.092068 0.199446
v 0.053825 -0.102444 0.219464
v 0.113358 -0.047976 0.174089
v -0.705779 -0.023722 -0.041028
v -0.694449 -0.009421 -0.023161
v -0.682936 -0.009099 -0.027436
v -0.654723 0.006576 -0.027217
v -0.651932 0.003162 -0.050597
v -0.704574 -0.067686 -0.068077
v -0.719567 -0.059570 -0.060344
v -0.642273 -0.006823 -0.071420
v -0.675843 -0.039750 -0.076552
v -0.693764 -0.070638 -0.085298
v 0.102699 -0.098547 0.212062
v 0.101137 -0.097809 0.232327
v 0.141141 -0.086365 0.204479
v 0.136162 -0.081095 0.192291
v -0.682771 0.004260 -0.015757
v 0.456170 -0.391599 0.469297
v 0.425947 -0.391467 0.465379
v 0.445710 -0.391454 0.416475
v 0.506810 -0.391467 0.403919
v 0.501942 -0.390755 0.439320
v 0.463773 -0.374990 0.456276
v 0.445698 -0.390412 0.514065
v 0.441559 -0.352660 0.501759
v 0.429012 -0.351520 0.503835
v 0.402489 -0.349831 0.502662
v 0.412433 -0.372898 0.512448
v 0.419652 -0.383992 0.520115
v -0.333300 0.076557 0.090247
v -0.324489 0.071656 0.100436
v -0.302743 0.089525 0.090005
v -0.283898 0.119957 0.077074
v -0.295629 0.126795 0.069452
v -0.322316 0.109645 0.063290
v -0.336488 0.093252 0.070891
v -0.341381 0.084514 0.088203
v -0.333247 0.102129 0.055699
v -0.718027 -0.391345 -0.268289
v -0.708215 -0.390695 -0.351614
v -0.603547 -0.363339 -0.353050
v -0.594898 -0.391156 -0.394977
v -0.576573 -0.391397 -0.403230
v -0.698901 -0.354997 -0.349304
v 0.453760 -0.360320 0.482822
v 0.456827 -0.366574 0.473141
v 0.470686 -0.331307 0.445878
v 0.462370 -0.318317 0.466056
v 0.450964 -0.354521 0.491002
v 0.478863 -0.304240 0.436327
v 0.342343 -0.055969 0.370540
v 0.343518 -0.050729 0.338320
v 0.335203 -0.044756 0.341072
v 0.282353 -0.092046 0.374274
v 0.297397 -0.099777 0.376446
v 0.271232 -0.090597 0.362250
v 0.232948 -0.035044 0.260251
v 0.240816 -0.032038 0.283102
v 0.270668 -0.008424 0.258768
v 0.278726 -0.003127 0.238478
v 0.259973 -0.015856 0.238088
v 0.228741 -0.036574 0.239440
v -0.142610 0.105529 0.109684
v -0.128772 0.089697 0.117867
v -0.095839 0.143989 0.096049
v -0.130812 0.170143 0.090457
v -0.157994 0.122610 0.107010
v -0.076958 0.192300 0.086324
v -0.082619 0.202815 0.066422
v -0.109355 0.199785 0.049109
v -0.126159 0.204356 0.059236
v -0.090030 0.219637 0.037828
v 0.015585 0.195988 0.104584
v 0.037415 0.182575 0.104902
v 0.050634 0.191930 0.098312
v 0.061297 0.199743 0.094821
v 0.035623 0.216752 0.078990
v -0.005645 0.222746 0.097890
v 0.000367 0.204734 0.108083
v -0.464912 0.151402 0.034257
v -0.456093 0.141643 0.044962
v -0.430443 0.160528 0.046187
v -0.414225 0.167519 0.044211
v -0.418374 0.185861 0.035626
v -0.447310 0.182376 0.027760
v -0.471760 0.157818 0.029043
v -0.424820 0.199842 0.025189
v -0.431698 0.202892 0.021389
v -0.414350 0.197849 0.024769
v 0.550908 -0.390674 0.434612
v 0.554386 -0.391910 0.395656
v 0.555503 -0.391937 0.397258
v 0.588533 -0.344083 0.367665
v 0.580883 -0.337073 0.385742
v 0.572027 -0.334216 0.400841
v 0.301631 0.000270 0.287303
v 0.272622 -0.033764 0.320971
v 0.284441 -0.040026 0.326517
v 0.331314 0.001664 0.246344
v 0.321616 0.014919 0.248262
v 0.344555 -0.021827 0.274872
v -0.015153 0.185690 0.113870
v -0.013483 0.206368 0.103779
v -0.033405 0.198629 0.100524
v -0.052942 0.162779 0.105046
v -0.043807 0.151967 0.114789
v -0.954529 -0.387842 -0.068596
v -0.948849 -0.379076 -0.066371
v -0.948462 -0.378643 -0.074127
v -0.946929 -0.377725 -0.081027
v -0.948772 -0.387081 -0.080692
v -0.946846 -0.389923 -0.072859
v -0.567300 -0.391363 -0.432063
v -0.595034 -0.391046 -0.421617
v -0.604041 -0.379395 -0.417154
v -0.597239 -0.380420 -0.434876
v -0.583878 -0.378625 -0.449478
v -0.498005 -0.391216 -0.463377
v -0.498719 -0.391421 -0.449416
v -0.502245 -0.390190 -0.473790
v -0.567485 -0.378966 -0.466979
v -0.516030 -0.385445 -0.473771
v -0.521539 -0.373940 -0.468478
v -0.491661 -0.376517 -0.481337
v -0.482183 -0.373146 -0.490955
v -0.451527 -0.385875 -0.495409
v -0.391441 -0.391346 -0.489975
v 0.458983 -0.313313 0.474054
v 0.457003 -0.269595 0.440411
v 0.446369 -0.308851 0.486690
v 0.508752 -0.300823 0.420282
v 0.528846 -0.260517 0.406259
v 0.509021 -0.224785 0.400056
v 0.471577 -0.218115 0.392236
v 0.411582 -0.128893 0.400800
v 0.401024 -0.171625 0.411745
v 0.420863 -0.171269 0.424210
v 0.445598 -0.166893 0.406565
v 0.440535 -0.136967 0.379625
v 0.415342 -0.120993 0.347689
v -0.890105 -0.319553 -0.087078
v -0.894832 -0.334161 -0.089353
v -0.930073 -0.355534 -0.082133
v -0.905174 -0.326374 -0.085330
v -0.576358 -0.353528 -0.425931
v -0.588436 -0.367305 -0.430100
v -0.594385 -0.026038 -0.101854
v -0.556848 0.000370 -0.091815
v -0.539490 -0.013681 -0.097745
v -0.526259 -0.030296 -0.102961
v -0.570100 -0.052739 -0.115401
v -0.605801 -0.058748 -0.115916
v -0.628630 -0.056048 -0.111230
v -0.600108 -0.083895 -0.131516
v -0.660280 -0.085642 -0.104787
v -0.639654 -0.057414 -0.095653
v -0.691859 -0.117824 -0.126715
v -0.700168 -0.112375 -0.113223
v -0.595275 -0.092039 -0.147001
v -0.636236 -0.102267 -0.146239
v -0.683109 -0.128796 -0.137738
v -0.402900 0.170156 0.034980
v -0.394827 0.174850 0.027595
v -0.405040 0.191111 0.024291
v -0.473426 -0.366007 -0.492324
v -0.448512 -0.376310 -0.495398
v 0.365550 -0.018258 0.235915
v 0.354639 -0.008081 0.222022
v 0.343186 -0.008130 0.222778
v 0.333009 0.001408 0.222619
v 0.369411 -0.060076 0.270352
v 0.372875 -0.055578 0.254187
v 0.380018 -0.046612 0.245301
v -0.585467 -0.301131 -0.357551
v -0.626840 -0.270135 -0.350433
v -0.561942 -0.257166 -0.338626
v -0.546460 -0.268906 -0.350424
v -0.597923 -0.312388 -0.355720
v -0.693657 -0.317278 -0.349610
v -0.692303 -0.308633 -0.349936
v -0.700875 -0.293164 -0.347676
v -0.276571 0.157758 -0.003278
v -0.273072 0.161368 -0.030691
v -0.293335 0.138967 -0.039013
v -0.303967 0.141672 -0.005621
v -0.303551 0.135660 0.011050
v -0.295464 0.138673 0.016501
v -0.305418 0.126754 -0.022226
v -0.278246 0.155871 0.023902
v 0.473473 -0.391496 0.320648
v 0.370371 -0.391491 0.321915
v 0.393172 -0.391505 0.197928
v 0.496904 -0.384352 0.186125
v 0.508266 -0.374909 0.187763
v 0.501971 -0.376281 0.213328
v 0.527902 -0.391486 0.261637
v 0.521645 -0.391504 0.324308
v 0.526109 -0.391077 0.237282
v 0.280360 0.005492 0.199940
v 0.286506 0.003333 0.207747
v 0.299149 0.010919 0.202046
v 0.304060 0.014884 0.182550
v 0.285922 0.018568 0.181864
v 0.273832 0.011745 0.194610
v -0.421213 0.233104 -0.005809
v -0.425888 0.229411 -0.008597
v -0.427730 0.229106 -0.004558
v -0.425816 0.231384 -0.001023
v 0.445966 -0.131522 0.332140
v 0.448695 -0.217001 0.414626
v 0.498973 -0.167750 0.376482
v 0.426645 -0.218494 0.437944
v -0.887409 -0.347126 -0.113768
v -0.831604 -0.309052 -0.136831
v -0.821919 -0.314606 -0.149758
v -0.804935 -0.321757 -0.161189
v -0.847088 -0.348436 -0.151218
v -0.869978 -0.370326 -0.143905
v -0.899186 -0.372649 -0.118434
v -0.917355 -0.390783 -0.090180
v -0.923444 -0.379057 -0.094254
v -0.457435 0.147722 -0.043325
v -0.467346 0.155231 -0.034407
v -0.447586 0.176979 -0.035393
v -0.432958 0.199334 -0.027671
v -0.428094 0.194942 -0.033441
v -0.419844 0.192064 -0.034898
v -0.417964 0.167180 -0.046972
v -0.418954 0.131336 -0.059155
v -0.440696 0.125643 -0.057144
v -0.402424 0.134057 -0.059863
v -0.772186 -0.390645 -0.343371
v -0.799400 -0.391264 -0.237482
v -0.802036 -0.391158 -0.279749
v -0.807562 -0.388244 -0.299366
v -0.788455 -0.376937 -0.326668
v -0.764499 -0.366863 -0.342095
v -0.310081 0.121884 -0.044111
v -0.317777 0.115191 -0.038280
v 0.515275 -0.371825 0.214238
v 0.559505 -0.391387 0.244931
v 0.366541 -0.005711 0.220509
v 0.420052 -0.056042 0.242405
v 0.424153 -0.043232 0.233164
v 0.392402 -0.017771 0.222330
v 0.415788 -0.072781 0.245890
v 0.375676 -0.001619 0.216751
v -0.472615 0.082924 -0.061106
v -0.451521 0.065385 -0.096104
v -0.508349 0.035631 -0.082965
v -0.529066 0.039917 -0.065973
v -0.490961 0.022639 -0.094161
v -0.411482 0.186448 -0.033395
v -0.406521 0.196915 -0.025262
v -0.397773 0.185790 -0.026337
v -0.386431 0.166586 -0.030244
v -0.397720 0.163320 -0.034965
v -0.406341 0.165767 -0.043798
v 0.387654 -0.391511 0.075990
v 0.512395 -0.391501 0.084597
v 0.535163 -0.391432 0.159737
v 0.546732 -0.368667 0.200823
v 0.512050 -0.367560 0.198392
v 0.536257 -0.377063 0.186564
v -0.486865 -0.369408 -0.475114
v -0.460443 -0.351757 -0.479276
v -0.414212 -0.379120 -0.505071
v -0.418214 -0.327716 -0.492616
v -0.396779 -0.340578 -0.495306
v 0.408812 -0.089868 0.249570
v -0.843396 -0.379480 -0.280395
v -0.847099 -0.390388 -0.271797
v -0.866540 -0.385944 -0.257215
v -0.843905 -0.376964 -0.260128
v -0.813567 -0.354169 -0.278366
v -0.816451 -0.357292 -0.287227
v -0.818456 -0.359687 -0.294202
v -0.378020 -0.379195 -0.517595
v -0.867294 -0.386154 -0.253695
v -0.487850 -0.286020 -0.447318
v -0.466336 -0.303399 -0.452353
v -0.519177 -0.327355 -0.450124
v -0.573275 -0.333621 -0.417263
v -0.569402 -0.310187 -0.408831
v -0.544886 -0.292381 -0.423862
v -0.544840 -0.352084 -0.454904
v -0.562159 -0.349532 -0.439408
v -0.501839 -0.272107 -0.434741
v -0.207648 0.248108 0.011954
v -0.200174 0.257439 0.002099
v -0.207071 0.248955 -0.006307
v -0.224799 0.225545 0.001889
v -0.223255 0.227743 0.019259
v -0.223010 0.228305 -0.016766
v -0.488092 0.100182 -0.047657
v -0.398711 0.107213 -0.081061
v -0.376256 0.086677 -0.091977
v -0.401614 0.074625 -0.095180
v -0.435098 0.051546 -0.108475
v 0.382796 -0.002534 0.203975
v 0.384606 -0.003700 0.183889
v 0.376974 0.005096 0.181638
v 0.366324 0.002679 0.180837
v 0.367830 0.003153 0.202509
v -0.352978 0.116639 -0.037766
v -0.340164 0.129713 -0.026738
v -0.330991 0.117936 -0.026738
v -0.322904 0.112080 -0.031321
v -0.362117 0.111385 -0.053082
v 0.164894 0.190814 0.042667
v 0.177300 0.197726 0.035610
v 0.168624 0.211177 0.009420
v 0.167646 0.211391 -0.009254
v 0.152122 0.215672 -0.006799
v 0.129344 0.213322 0.032248
v 0.146422 0.183325 0.052314
v 0.566527 -0.381381 0.207801
v 0.594134 -0.384454 0.246923
v 0.587249 -0.383329 0.265224
v -0.329202 0.105024 -0.057353
v -0.336853 0.093621 -0.072278
v -0.350629 0.098920 -0.072645
v -0.146239 0.256961 -0.003807
v -0.145015 0.248672 -0.012822
v -0.152597 0.251949 -0.015768
v -0.153285 0.255542 0.005191
v -0.146057 0.254580 0.003489
v -0.164832 0.268159 0.002605
v -0.161531 0.262999 0.010231
v -0.164715 0.266847 -0.010861
v -0.169158 0.273370 -0.004208
v -0.161125 0.259901 -0.020777
v 0.594515 -0.391391 0.200377
v -0.519715 -0.273554 -0.384684
v -0.469557 -0.239178 -0.359384
v -0.467253 -0.238280 -0.383915
v -0.505600 -0.267201 -0.412938
v -0.539513 -0.285453 -0.407902
v -0.464925 -0.238641 -0.410909
v -0.174724 0.280956 0.002750
v -0.177181 0.283457 -0.000518
v -0.179421 0.281676 0.002405
v -0.176941 0.279938 0.010728
v -0.172943 0.277341 0.008936
v -0.181096 0.278565 0.008483
v 0.182335 0.217437 0.004149
v 0.197025 0.205270 0.018192
v 0.200615 0.201390 0.007114
v 0.201774 0.199952 -0.005817
v 0.191334 0.211128 -0.009853
v 0.185921 0.216755 -0.011689
v -0.337283 -0.377200 -0.523115
v -0.229085 -0.390028 -0.508177
v -0.245056 -0.391316 -0.495246
v -0.187141 -0.377300 -0.499109
v -0.179520 0.281127 -0.003482
v -0.174562 0.280734 -0.003601
v -0.172904 0.277159 -0.008357
v -0.177088 0.279242 -0.010257
v -0.180995 0.278422 -0.007739
v -0.288784 0.131488 -0.072379
v -0.277986 0.123680 -0.080587
v -0.306158 0.090457 -0.082906
v -0.317698 0.113627 -0.060859
v -0.293929 0.136654 -0.057846
v -0.328916 0.071285 -0.097756
v -0.336752 0.078990 -0.091922
v -0.346515 0.086619 -0.090824
v 0.652022 -0.391488 0.161646
v 0.665273 -0.391478 0.187105
v 0.675733 -0.391422 0.203562
v 0.219561 0.173855 -0.002140
v 0.217151 0.177685 -0.018355
v 0.213248 0.183724 -0.031092
v 0.196342 0.205651 -0.023362
v -0.611446 -0.184937 -0.224282
v -0.628727 -0.207759 -0.264024
v -0.643742 -0.222722 -0.246978
v -0.624162 -0.202213 -0.205173
v -0.607659 -0.177670 -0.201533
v -0.650864 -0.230573 -0.218532
v 0.632688 -0.278907 0.311181
v 0.644297 -0.259595 0.310388
v 0.643296 -0.260006 0.327537
v 0.615581 -0.307620 0.348457
v 0.615447 -0.307735 0.330681
v 0.634176 -0.274348 0.352171
v 0.616091 -0.306448 0.367561
v 0.644558 -0.256858 0.345167
v 0.170211 0.204104 -0.027971
v 0.180648 0.180993 -0.050574
v 0.166302 0.174328 -0.055819
v 0.148150 0.167091 -0.062235
v 0.129237 0.204825 -0.043628
v 0.652717 -0.235170 0.349192
v 0.653192 -0.236572 0.339222
v 0.652683 -0.226968 0.338545
v 0.644228 -0.222329 0.338146
v 0.644304 -0.224561 0.347285
v 0.642730 -0.230893 0.351331
v 0.337410 -0.005869 0.102011
v 0.334364 -0.004474 0.114471
v 0.339543 -0.010223 0.115616
v 0.345596 -0.010730 0.116862
v 0.346456 -0.010469 0.103638
v 0.342708 -0.005123 0.096632
v -0.588861 -0.173679 -0.222672
v -0.544654 -0.158970 -0.211444
v -0.544729 -0.166535 -0.242768
v -0.535899 -0.182111 -0.274448
v -0.594063 -0.216203 -0.297863
v -0.341730 -0.367376 -0.518021
v -0.348973 -0.347094 -0.512966
v -0.317613 -0.342969 -0.509740
v -0.296074 -0.334845 -0.498083
v -0.255247 -0.355871 -0.492082
v -0.263664 -0.369088 -0.516259
v -0.394523 -0.280518 -0.468589
v -0.410942 -0.269266 -0.454617
v -0.363403 -0.219201 -0.456359
v -0.347380 -0.240047 -0.476657
v -0.391444 -0.283267 -0.484912
v -0.261048 -0.244337 -0.456966
v -0.276667 -0.256393 -0.468940
v 0.412552 -0.017484 0.122099
v 0.413623 -0.009109 0.119641
v 0.387547 0.014770 0.103367
v 0.388590 -0.004150 0.115771
v 0.411582 -0.024326 0.129392
v 0.371385 0.012278 0.091549
v 0.376040 0.003512 0.106677
v -0.000187 0.358704 0.007552
v 0.000822 0.359659 0.000779
v -0.012412 0.376347 0.001846
v -0.014614 0.374601 0.009439
v -0.003323 0.357083 0.014032
v -0.019427 0.380302 0.003685
v -0.197712 -0.366893 -0.488388
v -0.195676 -0.372409 -0.497104
v -0.355455 -0.235951 -0.482512
v -0.329364 -0.294324 -0.494168
v -0.339027 -0.308067 -0.504242
v -0.365105 -0.294214 -0.502189
v 0.431493 0.014983 0.116049
v 0.457875 -0.002302 0.120056
v 0.464696 0.014791 0.116113
v 0.468557 0.039059 0.108953
v 0.435217 0.042402 0.105350
v 0.414257 0.036618 0.107785
v 0.281730 0.098841 0.024018
v 0.307715 0.072757 0.037771
v 0.311395 0.070937 0.024354
v 0.281291 0.099708 -0.015408
v 0.246591 0.139690 -0.021854
v 0.247060 0.139180 -0.001668
v 0.247607 0.138615 0.017954
v 0.305175 0.087120 0.005463
v 0.320293 0.072008 0.019104
v 0.680639 -0.241874 0.272448
v 0.679939 -0.255097 0.268697
v 0.702590 -0.265035 0.238244
v 0.703747 -0.248795 0.223490
v 0.680519 -0.229519 0.272217
v 0.302090 0.083019 -0.017272
v 0.281382 0.099321 -0.028687
v -0.014119 0.377559 -0.002776
v 0.000086 0.359818 -0.006187
v -0.002224 0.359185 -0.012482
v -0.020633 0.378369 -0.008167
v -0.021639 0.380393 -0.001670
v -0.005402 0.358397 -0.017637
v 0.314201 0.095926 -0.003595
v 0.315973 0.088373 -0.012476
v 0.318062 0.090894 0.008177
v 0.694422 -0.233742 0.215041
v 0.684877 -0.226778 0.246329
v 0.304062 0.077644 -0.028045
v 0.317527 0.067189 -0.040011
v 0.303431 0.076137 -0.048677
v 0.302809 0.076356 -0.061828
v 0.271992 0.110098 -0.060241
v -0.428881 -0.198866 -0.314610
v -0.393563 -0.156278 -0.285428
v -0.393738 -0.156165 -0.311875
v -0.393793 -0.156192 -0.343181
v -0.422560 -0.195498 -0.359252
v -0.418886 -0.198459 -0.443175
v -0.425060 -0.200342 -0.395514
v -0.393227 -0.155818 -0.380999
v -0.347561 -0.148023 -0.425638
v -0.386424 -0.214077 -0.445914
v -0.108661 0.202964 -0.049918
v -0.090483 0.220901 -0.040089
v -0.082242 0.202656 -0.070888
v -0.127051 0.171621 -0.092046
v -0.125913 0.206774 -0.057454
v -0.137576 0.102112 -0.112614
v -0.152398 0.120655 -0.108479
v -0.088273 0.139724 -0.100958
v -0.120769 0.087221 -0.122960
v -0.071896 0.186001 -0.092213
v -0.143904 -0.377335 -0.499536
v -0.106079 -0.391032 -0.482974
v -0.235757 -0.391398 -0.487870
v -0.103991 -0.373851 -0.502827
v 0.694085 -0.374916 0.237101
v 0.690920 -0.384730 0.236816
v 0.802102 -0.390622 0.226916
v 0.746096 -0.367662 0.237885
v 0.514350 0.004379 0.115827
v 0.528311 0.017336 0.110186
v 0.497728 0.071249 0.059299
v 0.426158 0.063723 0.080740
v 0.448447 0.103729 0.047995
v 0.468952 0.105036 0.037220
v -0.212884 0.040290 -0.154225
v -0.173252 0.071588 -0.142373
v -0.158374 0.057736 -0.151904
v -0.149766 0.053351 -0.164755
v -0.174256 0.033601 -0.184462
v -0.187386 0.020335 -0.207025
v -0.201972 0.015887 -0.198445
v 0.685848 -0.390400 0.228713
v 0.802275 -0.390880 0.219734
v -0.273951 -0.320421 -0.484263
v -0.247303 -0.296357 -0.474851
v -0.210930 -0.318466 -0.473460
v -0.197360 -0.340762 -0.474654
v 0.009068 0.206786 -0.105426
v 0.003541 0.232665 -0.089534
v 0.020360 0.225579 -0.077775
v 0.035548 0.226225 -0.073777
v 0.057005 0.200650 -0.095771
v 0.089869 0.168023 -0.121015
v 0.077817 0.160274 -0.119467
v 0.057380 0.147410 -0.120088
v 0.020526 0.172844 -0.114835
v 0.001666 0.183325 -0.119804
v -0.033059 0.229732 -0.088552
v -0.016528 0.236276 -0.091622
v -0.011189 0.212907 -0.104176
v -0.015202 0.187618 -0.115563
v -0.030973 0.192637 -0.105113
v -0.045619 0.206311 -0.095440
v 0.760364 -0.358945 0.230632
v 0.713842 -0.305456 0.188652
v 0.718635 -0.304043 0.175665
v 0.704162 -0.285027 0.169718
v 0.712950 -0.269455 0.164639
v 0.707472 -0.263439 0.177683
v 0.701173 -0.272628 0.203244
v 0.690996 -0.290204 0.219832
v 0.691555 -0.302336 0.205135
v 0.703789 -0.317498 0.203947
v 0.706786 -0.256347 0.192145
v 0.352062 0.041324 -0.074250
v 0.343983 0.039431 -0.081691
v 0.323978 0.054538 -0.076272
v 0.346306 0.059848 -0.050663
v 0.362300 0.047572 -0.070391
v 0.331171 0.071062 -0.032145
v 0.294442 0.075366 -0.071819
v 0.724789 -0.302091 0.163355
v 0.733826 -0.293188 0.155284
v 0.715388 -0.275191 0.151522
v -0.346236 -0.143232 -0.345221
v -0.324721 -0.123615 -0.343115
v -0.327791 -0.128527 -0.369702
v -0.305457 -0.158349 -0.384526
v -0.301485 -0.161299 -0.399973
v -0.300452 -0.161925 -0.428702
v 0.045647 -0.374920 -0.497517
v 0.031397 -0.391053 -0.495117
v -0.096882 -0.359585 -0.500424
v -0.043926 -0.367126 -0.498824
v 0.052906 -0.354217 -0.498589
v 0.378464 0.090436 0.049830
v 0.400015 0.061607 0.087947
v 0.400629 0.122809 0.028522
v 0.364410 0.103896 0.031079
v 0.422439 0.132781 0.021483
v 0.442537 0.124207 0.028870
v 0.436523 0.138520 0.018780
v -0.316172 -0.112608 -0.309864
v -0.302773 -0.091302 -0.308064
v -0.317665 -0.117339 -0.362355
v 0.802347 -0.391178 0.183713
v 0.776285 -0.391413 0.082728
v 0.839802 -0.391380 0.086241
v 0.826620 -0.389819 0.163276
v 0.800808 -0.347535 0.159897
v 0.787188 -0.354919 0.164695
v 0.784773 -0.356383 0.178568
v 0.743812 -0.283216 0.151154
v 0.752930 -0.276737 0.145245
v 0.720758 -0.250881 0.135472
v 0.713083 -0.245713 0.159306
v 0.691257 -0.210162 0.129237
v 0.691664 -0.211905 0.141445
v 0.691532 -0.211881 0.152395
v 0.569925 -0.016220 0.096901
v 0.574035 -0.012482 0.079976
v 0.556808 0.018649 0.066126
v 0.546086 0.039233 0.051139
v 0.558852 -0.028054 0.113792
v 0.511933 0.070478 0.042567
v -0.304280 -0.097298 -0.334638
v -0.309731 -0.108413 -0.361517
v -0.293113 -0.081516 -0.310260
v -0.175851 0.003100 -0.230662
v -0.166196 0.000387 -0.232103
v -0.153870 -0.007792 -0.231838
v -0.159398 -0.015634 -0.247498
v -0.165168 -0.024265 -0.255101
v -0.188099 -0.012556 -0.239276
v -0.189382 0.003632 -0.225622
v -0.181908 -0.025008 -0.261447
v -0.191938 -0.022872 -0.255459
v -0.173973 -0.034530 -0.262428
v -0.146279 -0.328997 -0.475389
v -0.200018 -0.354198 -0.478395
v -0.190136 -0.295740 -0.464996
v -0.183317 -0.288134 -0.452501
v -0.147370 -0.300196 -0.451248
v -0.118767 -0.295684 -0.465280
v -0.111997 -0.305728 -0.476521
v -0.121142 -0.294334 -0.450870
v 0.769111 -0.267788 0.127659
v 0.792234 -0.292307 0.135862
v 0.800799 -0.284525 0.128161
v 0.809515 -0.276964 0.123990
v 0.791426 -0.229281 0.119297
v 0.743233 -0.219261 0.121711
v 0.735021 -0.232147 0.123620
v -0.141233 -0.356715 -0.487681
v -0.142722 -0.344499 -0.481444
v -0.100824 -0.320834 -0.481998
v -0.141974 -0.366453 -0.495678
v -0.085353 -0.306621 -0.478688
v -0.070942 -0.323053 -0.482086
v -0.034589 -0.352877 -0.488094
v -0.028818 -0.338425 -0.482949
v 0.367472 0.090909 -0.048846
v 0.360880 0.101105 -0.034339
v 0.396522 0.122355 -0.029128
v 0.426373 0.121423 -0.036128
v 0.425994 0.087031 -0.064016
v 0.402292 0.078589 -0.068550
v 0.380837 0.069260 -0.074124
v 0.778530 -0.305330 0.152860
v 0.771443 -0.312949 0.158279
v 0.849857 -0.362451 0.155939
v 0.845037 -0.342360 0.153444
v 0.816569 -0.322694 0.153420
v 0.784919 -0.298987 0.145782
v -0.296640 -0.092317 -0.359917
v -0.285835 -0.090894 -0.340074
v -0.275113 -0.098348 -0.339821
v -0.267283 -0.114268 -0.354654
v -0.271770 -0.114843 -0.365800
v 0.423214 0.134599 -0.021168
v 0.367274 0.018402 -0.090595
v 0.370228 0.056670 -0.071925
v 0.387352 0.034312 -0.099163
v 0.401620 0.016329 -0.112964
v 0.392516 0.006883 -0.110921
v 0.381712 -0.000426 -0.115336
v 0.373374 0.003305 -0.108512
v 0.367573 0.000953 -0.104911
v 0.637074 -0.391464 -0.160501
v 0.636045 -0.391489 -0.055220
v 0.512794 -0.391494 -0.063058
v 0.386386 -0.391499 -0.069474
v 0.383689 -0.391481 -0.203409
v 0.531637 0.075455 0.010813
v 0.548528 0.044246 0.032107
v 0.495337 0.112218 -0.007806
v 0.495600 0.113100 0.002838
v 0.556612 0.047454 -0.021787
v 0.546766 0.047802 -0.032360
v 0.539254 0.051001 -0.044702
v 0.523304 0.075372 -0.027581
v 0.490913 0.109620 -0.018228
v 0.562439 0.057225 0.009347
v 0.566519 0.054497 -0.018518
v 0.459292 0.147072 0.006098
v 0.470445 0.135444 0.010468
v 0.473333 0.137576 0.001568
v 0.472225 0.136865 -0.007267
v 0.459682 0.147641 -0.004314
v 0.454867 0.152590 0.001322
v 0.742569 -0.196033 0.119573
v 0.757338 -0.193294 0.118280
v -0.145838 -0.298851 -0.439225
v -0.176800 -0.278756 -0.443906
v -0.173540 -0.281743 -0.416586
v -0.175331 -0.281556 -0.397410
v -0.152543 -0.294634 -0.392096
v -0.139255 -0.289539 -0.385774
v -0.126556 -0.292854 -0.408730
v -0.121874 -0.294078 -0.432259
v 0.446949 0.157104 0.003451
v 0.451900 0.155378 -0.002959
v 0.447061 0.155490 -0.006641
v 0.437426 0.156405 -0.001920
v 0.438855 0.154661 0.005288
v 0.440473 0.153105 -0.009487
v 0.332115 -0.002096 -0.120835
v 0.324010 0.007940 -0.120946
v 0.328268 0.004383 -0.105093
v 0.334847 0.005533 -0.097055
v 0.344314 -0.010701 -0.102854
v 0.338304 -0.009176 -0.120472
v 0.571409 -0.391513 -0.229920
v 0.575585 -0.391499 -0.224291
v 0.634327 -0.391428 -0.212732
v 0.637450 -0.391469 -0.190170
v 0.798368 -0.171201 0.102219
v 0.775574 -0.157118 0.097145
v 0.772005 -0.164666 0.111632
v 0.817540 -0.223695 0.104496
v 0.813685 -0.181232 0.094873
v 0.767407 -0.177707 0.115552
v 0.859222 -0.331802 0.149743
v 0.868146 -0.334959 0.142214
v 0.861618 -0.321328 0.138302
v 0.844429 -0.316391 0.144223
v 0.843551 -0.326270 0.150184
v 0.847598 -0.312439 0.134802
v 0.587160 0.079522 0.006051
v 0.595384 0.064573 0.023799
v 0.600261 0.066750 0.013568
v 0.600163 0.070815 -0.007522
v 0.595992 0.073474 -0.015832
v 0.605048 0.064469 0.002277
v -0.150993 -0.045763 -0.255666
v -0.142865 -0.032546 -0.247405
v -0.106474 -0.059699 -0.245485
v -0.152391 -0.089879 -0.264298
v -0.167380 -0.052407 -0.263353
v -0.103038 -0.114247 -0.257048
v -0.123743 -0.124529 -0.262482
v -0.068304 -0.077907 -0.244135
v -0.077608 -0.089829 -0.255526
v 0.884546 -0.389957 0.143200
v 0.894021 -0.388873 0.102896
v 0.892217 -0.382433 0.106251
v 0.886499 -0.372072 0.129375
v 0.882902 -0.369742 0.144303
v -0.082719 -0.271721 -0.456899
v -0.081477 -0.270386 -0.440080
v -0.074666 -0.281157 -0.440063
v -0.072353 -0.285102 -0.455084
v -0.076220 -0.281225 -0.464395
v -0.067095 -0.290591 -0.444313
v 0.278587 0.021904 -0.183415
v 0.298749 0.017455 -0.150552
v 0.312287 0.014957 -0.147545
v 0.295468 0.009568 -0.203514
v 0.277443 -0.001259 -0.211230
v 0.269706 0.004548 -0.201524
v 0.262300 0.011259 -0.197585
v 0.829573 -0.229061 0.072540
v 0.823764 -0.229525 0.089561
v 0.829797 -0.264837 0.092044
v 0.843661 -0.243227 0.054688
v 0.834410 -0.226808 0.054725
v 0.854760 -0.259686 0.073421
v 0.857998 -0.252969 0.054816
v -0.177582 -0.280153 -0.382160
v -0.174134 -0.275338 -0.371356
v -0.152088 -0.283489 -0.373426
v -0.063497 -0.294959 -0.459500
v -0.055631 -0.294496 -0.432941
v -0.048701 -0.301102 -0.444270
v -0.047275 -0.306235 -0.473476
v -0.067233 -0.292952 -0.470873
v -0.012802 -0.319450 -0.463420
v -0.015326 -0.321164 -0.476086
v -0.033999 -0.293299 -0.441027
v -0.024829 -0.299720 -0.452878
v -0.004658 -0.311055 -0.454708
v 0.615120 0.055279 -0.006171
v 0.619336 0.047059 0.014047
v 0.650366 0.030525 0.008040
v 0.649278 0.033085 -0.006730
v 0.646982 0.023297 0.021654
v -0.105702 -0.282058 -0.425783
v -0.116272 -0.278190 -0.405665
v -0.105373 -0.262775 -0.402852
v -0.092230 -0.273388 -0.442397
v -0.105671 -0.282762 -0.447579
v -0.073070 -0.250942 -0.409710
v -0.062706 -0.260053 -0.412649
v -0.076343 -0.271124 -0.420044
v 0.433640 0.059381 -0.090543
v 0.452066 0.096601 -0.056289
v 0.438639 0.046983 -0.106512
v 0.470964 0.101207 -0.042421
v 0.490643 0.074551 -0.060682
v 0.496866 0.053437 -0.105158
v 0.476781 0.039692 -0.111773
v -0.121591 -0.263662 -0.381317
v -0.116584 -0.249272 -0.378332
v -0.114930 -0.236272 -0.374673
v -0.092289 -0.225828 -0.395421
v -0.007257 -0.285103 -0.449558
v 0.022459 -0.254201 -0.443790
v 0.034629 -0.271037 -0.448972
v 0.042326 -0.290541 -0.454705
v 0.854095 -0.283230 0.078169
v 0.870030 -0.300092 0.080015
v 0.882924 -0.290999 0.076457
v 0.896151 -0.281414 0.068003
v 0.873917 -0.263524 0.068635
v 0.450994 0.022552 -0.116468
v -0.041223 -0.113080 -0.266749
v -0.054029 -0.131290 -0.265621
v 0.888886 -0.391313 0.096525
v 0.880263 -0.391312 0.091240
v 0.905826 -0.391097 0.008164
v 0.935301 -0.385467 0.015111
v 0.924989 -0.384417 0.065969
v 0.912129 -0.388528 0.076192
v 0.892745 -0.390999 0.100627
v 0.915527 -0.379661 0.085642
v 0.919107 -0.385083 0.081118
v 0.928039 -0.378333 0.078102
v 0.921896 -0.366506 0.083464
v 0.911302 -0.368572 0.085602
v 0.933309 -0.363505 0.077943
v 0.377310 0.004669 -0.196572
v 0.397687 -0.017353 -0.199601
v 0.396433 -0.019039 -0.219177
v 0.366665 -0.000922 -0.217513
v 0.365445 0.002610 -0.195033
v 0.014568 -0.054019 -0.178910
v 0.054756 -0.027637 -0.167264
v 0.076661 -0.060468 -0.181877
v 0.035678 -0.086569 -0.194147
v -0.000011 -0.074766 -0.188857
v 0.347307 -0.006773 -0.219854
v 0.356852 -0.005583 -0.218716
v 0.365179 -0.017558 -0.237601
v 0.336038 -0.002772 -0.241779
v 0.337326 -0.002318 -0.221050
v 0.379297 -0.042540 -0.246972
v 0.369718 -0.048226 -0.254356
v 0.345525 -0.020119 -0.264270
v 0.334147 -0.005651 -0.267457
v 0.363972 -0.051523 -0.267187
v 0.781108 -0.146370 0.081655
v 0.800644 -0.149142 0.079524
v 0.796508 -0.121972 0.064181
v 0.782754 -0.109704 0.062350
v 0.770251 -0.120951 0.073913
v 0.757645 -0.134620 0.080756
v 0.143188 -0.346384 -0.502004
v 0.053605 -0.339831 -0.499371
v 0.047138 -0.325067 -0.499073
v 0.101237 -0.303671 -0.507470
v 0.126131 -0.290927 -0.505005
v 0.184034 -0.316167 -0.487698
v 0.430719 -0.048877 -0.226177
v 0.426980 -0.048909 -0.240938
v 0.415959 -0.061920 -0.246325
v 0.044992 -0.300740 -0.465035
v 0.086973 -0.241216 -0.446152
v 0.092906 -0.286348 -0.483604
v 0.045318 -0.307739 -0.480611
v 0.122853 -0.255406 -0.461765
v 0.115692 -0.278124 -0.486308
v 0.301279 0.012230 -0.243525
v 0.312439 0.019210 -0.244988
v 0.317683 0.015946 -0.272830
v 0.292408 0.006008 -0.274780
v 0.286933 0.003232 -0.261694
v 0.402464 -0.075071 -0.249441
v 0.318936 0.011577 -0.274064
v 0.320292 0.016541 -0.245371
v 0.327511 0.007205 -0.243603
v 0.337194 -0.016034 -0.289033
v 0.326048 -0.012499 -0.296839
v 0.303754 -0.001931 -0.291962
v 0.298971 0.003981 -0.284648
v 0.310645 -0.014915 -0.305548
v 0.812821 -0.147720 0.073078
v 0.823921 -0.152459 0.062273
v 0.819497 -0.123554 0.030183
v 0.819867 -0.111630 0.015149
v 0.806256 -0.105647 0.020123
v 0.791259 -0.095819 0.022764
v 0.789358 -0.102533 0.044772
v 0.092004 -0.293947 -0.500518
v 0.138423 -0.288526 -0.480516
v -0.041023 -0.243438 -0.410476
v -0.040467 -0.224903 -0.407540
v -0.001787 -0.218734 -0.412107
v -0.025499 -0.252274 -0.413656
v -0.021635 -0.137947 -0.284862
v -0.031283 -0.099972 -0.265129
v 0.007867 -0.117275 -0.271587
v 0.049980 -0.101133 -0.276767
v 0.052283 -0.104636 -0.284059
v 0.021604 -0.129098 -0.291394
v -0.006975 -0.146697 -0.297502
v 0.829344 -0.171974 0.018844
v 0.831795 -0.202465 0.027394
v 0.831766 -0.201789 -0.013424
v 0.830439 -0.194923 -0.046686
v 0.828787 -0.163692 -0.026543
v 0.828226 -0.145121 -0.001690
v -0.078329 -0.210834 -0.355521
v -0.094944 -0.216795 -0.341511
v -0.081176 -0.209734 -0.325229
v -0.059120 -0.198027 -0.312564
v -0.054181 -0.198142 -0.332839
v -0.051798 -0.198883 -0.354726
v 0.102257 -0.084970 -0.196055
v 0.089241 -0.085831 -0.209931
v 0.071627 -0.089267 -0.211316
v 0.038352 -0.103171 -0.207430
v 0.298608 -0.391228 -0.491755
v 0.238430 -0.390572 -0.491038
v 0.261653 -0.370785 -0.494140
v 0.347141 -0.391245 -0.496829
v 0.119279 -0.096487 -0.207502
v 0.118380 -0.100002 -0.223645
v 0.103598 -0.099711 -0.224439
v 0.093959 -0.090106 -0.225838
v 0.099530 -0.094303 -0.208589
v 0.112637 -0.090954 -0.198877
v 0.730945 -0.391415 -0.180564
v 0.714961 -0.391381 -0.203026
v 0.769861 -0.391370 -0.194389
v 0.789685 -0.391187 -0.190605
v 0.813831 -0.388005 -0.165411
v 0.829387 -0.391376 -0.110948
v 0.749830 -0.391406 -0.138618
v 0.860776 -0.391294 -0.136981
v 0.863495 -0.391339 -0.119876
v 0.894435 -0.390643 -0.123415
v 0.889293 -0.376349 -0.120893
v 0.892357 -0.378815 -0.095688
v 0.906911 -0.390712 -0.084071
v 0.913869 -0.390736 -0.046409
v 0.901542 -0.391029 -0.063316
v 0.876854 -0.391321 -0.081593
v 0.902040 -0.378299 -0.091348
v 0.911536 -0.375856 -0.089188
v 0.928731 -0.386406 -0.050465
v 0.920662 -0.370373 -0.086990
v 0.929368 -0.377334 -0.075474
v 0.940794 -0.377624 -0.049253
v 0.856632 -0.255541 -0.068803
v 0.850653 -0.268285 -0.077892
v 0.837784 -0.268018 -0.081910
v 0.844714 -0.243473 -0.053195
v 0.859724 -0.252928 -0.053188
v 0.827447 -0.248042 -0.089685
v 0.822346 -0.216315 -0.086815
v 0.828873 -0.219568 -0.070986
v 0.833868 -0.221951 -0.052639
v 0.830257 -0.270617 -0.093201
v 0.168794 -0.275338 -0.439424
v 0.202791 -0.274491 -0.433356
v 0.261907 -0.308672 -0.450979
v 0.145369 -0.259565 -0.455943
v 0.822147 -0.097072 -0.005514
v 0.811617 -0.090282 -0.007629
v 0.812289 -0.089001 0.003070
v 0.809066 -0.097096 0.010641
v 0.820449 -0.102349 0.008174
v 0.827464 -0.105477 0.000645
v 0.363491 -0.052893 -0.280549
v 0.386468 -0.082099 -0.293460
v 0.377116 -0.079166 -0.319200
v 0.355127 -0.042679 -0.305780
v 0.347233 -0.026368 -0.281753
v 0.365106 -0.076027 -0.339074
v 0.816395 -0.380543 -0.165754
v 0.800978 -0.378979 -0.188311
v 0.798621 -0.369256 -0.188617
v 0.789420 -0.357703 -0.174040
v 0.795152 -0.352085 -0.163272
v 0.822001 -0.359789 -0.161723
v 0.787583 -0.357938 -0.190511
v 0.444114 -0.391325 -0.457565
v 0.458969 -0.391212 -0.451478
v 0.509368 -0.391468 -0.409636
v 0.530596 -0.391499 -0.371670
v 0.485374 -0.391484 -0.396963
v 0.436113 -0.391387 -0.455113
v 0.049902 -0.160147 -0.380194
v 0.085949 -0.138612 -0.371415
v 0.090855 -0.149136 -0.389656
v 0.099025 -0.158936 -0.409335
v 0.055216 -0.204344 -0.429230
v 0.027263 -0.189112 -0.405664
v 0.022669 -0.171516 -0.388960
v 0.052017 -0.101680 -0.266796
v 0.075515 -0.088641 -0.266113
v 0.088851 -0.085100 -0.267186
v 0.079950 -0.092135 -0.278510
v 0.915910 -0.355202 -0.085572
v 0.926943 -0.348962 -0.080920
v 0.936396 -0.364476 -0.070638
v 0.935129 -0.349267 -0.063995
v 0.675356 -0.316845 -0.233429
v 0.668413 -0.304537 -0.249165
v 0.685350 -0.288068 -0.243767
v 0.690015 -0.306007 -0.204820
v 0.675742 -0.327203 -0.218082
v 0.696767 -0.268814 -0.244199
v 0.700959 -0.272058 -0.211575
v 0.704858 -0.270054 -0.181900
v 0.893831 -0.391077 -0.141797
v 0.859189 -0.391125 -0.150659
v 0.857080 -0.385449 -0.160798
v 0.853891 -0.374543 -0.159704
v 0.883774 -0.374077 -0.153176
v 0.887187 -0.374964 -0.138854
v 0.867522 -0.271586 -0.076587
v 0.858584 -0.285067 -0.080099
v 0.850803 -0.296706 -0.084947
v 0.840586 -0.286435 -0.085115
v 0.325609 -0.050805 -0.346847
v 0.318557 -0.034601 -0.325011
v 0.335167 -0.031375 -0.320769
v 0.345234 -0.035516 -0.313846
v 0.359779 -0.071818 -0.346876
v 0.352926 -0.067803 -0.368986
v 0.327256 -0.052290 -0.358613
v 0.104460 -0.102815 -0.270668
v 0.126589 -0.095926 -0.246115
v 0.159938 -0.077478 -0.242788
v 0.164530 -0.092761 -0.305825
v 0.123821 -0.115866 -0.316264
v 0.105723 -0.113843 -0.287274
v 0.096925 -0.108097 -0.279908
v 0.787059 -0.386624 -0.239231
v 0.785706 -0.375083 -0.237479
v 0.798960 -0.373008 -0.229443
v 0.801010 -0.385514 -0.228930
v 0.789502 -0.391160 -0.231440
v 0.309325 -0.066368 -0.373109
v 0.308680 -0.065458 -0.364291
v 0.328861 -0.052314 -0.366079
v 0.351366 -0.072674 -0.377606
v 0.343663 -0.084656 -0.379332
v 0.329537 -0.095628 -0.379746
v 0.786906 -0.366237 -0.231825
v 0.799767 -0.136830 -0.075655
v 0.804780 -0.166024 -0.093549
v 0.787611 -0.158569 -0.096490
v 0.764669 -0.148229 -0.094173
v 0.770634 -0.137725 -0.082965
v 0.781008 -0.124902 -0.075619
v 0.554104 -0.391780 -0.431706
v 0.537867 -0.391164 -0.433323
v 0.535931 -0.385089 -0.437571
v 0.551440 -0.375629 -0.433926
v 0.564547 -0.378345 -0.432266
v 0.533937 -0.373555 -0.435495
v 0.714399 -0.303780 -0.186614
v 0.704774 -0.314994 -0.204436
v 0.719992 -0.298583 -0.167870
v 0.708691 -0.273213 -0.169799
v 0.713914 -0.279751 -0.155890
v 0.794979 -0.209790 -0.118366
v 0.778733 -0.179299 -0.116993
v 0.784238 -0.168928 -0.113367
v 0.816806 -0.172169 -0.088085
v 0.817761 -0.209288 -0.102010
v 0.790813 -0.114880 -0.063201
v 0.799985 -0.108125 -0.036759
v 0.812054 -0.118205 -0.036939
v 0.816608 -0.135964 -0.061462
v 0.229211 -0.218843 -0.408765
v 0.258793 -0.253232 -0.422601
v 0.191376 -0.216427 -0.409085
v 0.629905 -0.283968 -0.316387
v 0.617215 -0.306051 -0.314450
v 0.615798 -0.307218 -0.331955
v 0.628376 -0.285003 -0.343504
v 0.615285 -0.308395 -0.352619
v 0.855600 -0.330999 -0.151408
v 0.834596 -0.332845 -0.155690
v 0.837625 -0.318403 -0.150330
v 0.841122 -0.311231 -0.137741
v 0.857801 -0.315217 -0.140109
v 0.864747 -0.327276 -0.141432
v 0.726084 -0.289945 -0.157839
v 0.814033 -0.312961 -0.149809
v 0.793305 -0.301762 -0.147472
v 0.796929 -0.290424 -0.135549
v 0.829601 -0.294640 -0.122191
v 0.844436 -0.308747 -0.125017
v 0.799016 -0.271730 -0.127368
v 0.812678 -0.271800 -0.124955
v 0.822951 -0.270506 -0.118377
v 0.756557 -0.222149 -0.123706
v 0.730851 -0.197541 -0.122621
v 0.739022 -0.186244 -0.121045
v 0.747397 -0.175509 -0.119393
v 0.765817 -0.198788 -0.120500
v 0.776670 -0.223935 -0.122481
v 0.444244 -0.390619 -0.500843
v 0.434184 -0.390893 -0.500132
v 0.433168 -0.389950 -0.516331
v 0.433004 -0.385528 -0.523607
v 0.444708 -0.381211 -0.519762
v 0.449175 -0.387536 -0.499957
v 0.707297 -0.256706 -0.205387
v 0.699903 -0.241273 -0.199690
v 0.703236 -0.238240 -0.171873
v 0.716296 -0.264334 -0.164290
v 0.710732 -0.242283 -0.157884
v 0.628924 -0.283512 -0.359916
v 0.638996 -0.266768 -0.352188
v 0.646912 -0.252555 -0.345643
v 0.647112 -0.252871 -0.329267
v 0.739914 -0.264459 -0.149950
v 0.733355 -0.278210 -0.153157
v 0.719115 -0.267697 -0.154046
v 0.709748 -0.238666 -0.135357
v 0.740733 -0.259206 -0.138799
v 0.137894 -0.205539 -0.443417
v 0.127683 -0.185065 -0.438111
v 0.169061 -0.143324 -0.410690
v 0.149476 -0.199576 -0.424375
v 0.622981 -0.177971 -0.169756
v 0.629070 -0.182383 -0.154237
v 0.687662 -0.208084 -0.153283
v 0.660827 -0.206776 -0.189104
v 0.618881 -0.175606 -0.189025
v 0.212443 -0.110396 -0.380742
v 0.266141 -0.088938 -0.354858
v 0.269089 -0.091953 -0.367765
v 0.273686 -0.089752 -0.375338
v 0.225133 -0.144232 -0.387739
v 0.167024 -0.124621 -0.410986
v 0.169029 -0.209675 -0.411163
v 0.650931 -0.240720 -0.353825
v 0.638124 -0.235508 -0.355898
v 0.640009 -0.229118 -0.350723
v 0.641172 -0.223900 -0.342227
v 0.651006 -0.231746 -0.341897
v 0.650903 -0.241684 -0.342627
v 0.454220 -0.304625 -0.489297
v 0.435537 -0.308738 -0.490395
v 0.434610 -0.285212 -0.478304
v 0.429651 -0.251926 -0.451772
v 0.444828 -0.254127 -0.451140
v 0.464219 -0.313948 -0.464915
v 0.450264 -0.329190 -0.497686
v 0.470121 -0.267044 -0.417929
v 0.477287 -0.306311 -0.441580
v 0.450925 -0.142907 -0.390792
v 0.434357 -0.134341 -0.381461
v 0.449116 -0.137522 -0.364409
v 0.498416 -0.164658 -0.372845
v 0.490875 -0.172025 -0.381974
v 0.456049 -0.157874 -0.389634
v 0.418387 -0.145373 -0.416870
v 0.428815 -0.136886 -0.413018
v 0.439455 -0.146874 -0.420760
v 0.419566 -0.166648 -0.426452
v 0.409264 -0.165547 -0.417580
v 0.430558 -0.168314 -0.426630
v 0.628345 -0.213204 -0.309931
v 0.626507 -0.215353 -0.331398
v 0.598739 -0.210433 -0.336308
v 0.628351 -0.208193 -0.269508
v 0.644368 -0.213489 -0.277477
v 0.576602 -0.190817 -0.290540
v 0.593990 -0.189405 -0.259641
v 0.554734 -0.198650 -0.349375
v 0.553980 -0.195692 -0.326575
v 0.513623 -0.156658 -0.286802
v 0.526868 -0.150511 -0.269822
v 0.503995 -0.162375 -0.311788
v 0.499720 -0.164231 -0.335707
v 0.458871 -0.135219 -0.306388
v 0.464349 -0.136994 -0.284174
v 0.469911 -0.136851 -0.265115
v 0.425459 -0.111912 -0.268924
v 0.433817 -0.106146 -0.255082
v 0.447042 -0.093750 -0.251027
v 0.482142 -0.123713 -0.257143
v 0.459210 -0.084729 -0.245182
v 0.491949 -0.117088 -0.247418
v 0.535481 -0.150237 -0.255349
v 0.494979 -0.119308 -0.232190
v 0.538758 -0.151778 -0.236337
v 0.605615 -0.177159 -0.239630
v 0.645064 -0.203988 -0.245966
v 0.544140 -0.153867 -0.214574
v 0.610265 -0.175084 -0.216542
v 0.653943 -0.204623 -0.220468
v 0.672691 -0.217157 -0.225660
v 0.661411 -0.214066 -0.252655
v 0.674440 -0.216769 -0.199640
v 0.673171 -0.221361 -0.259030
v 0.655037 -0.218673 -0.283309
v 0.685592 -0.225934 -0.230506
v 0.696996 -0.237713 -0.235536
v 0.681694 -0.230743 -0.265433
v 0.685575 -0.224546 -0.197575
v 0.683485 -0.244194 -0.268527
v 0.662664 -0.238660 -0.289911
v 0.661209 -0.226872 -0.288125
v 0.702035 -0.252261 -0.240911
v 0.680294 -0.258471 -0.267839
v 0.672176 -0.274484 -0.264537
v 0.657500 -0.266696 -0.286738
v 0.660995 -0.251489 -0.288709
v 0.643898 -0.263482 -0.305461
v 0.649713 -0.249357 -0.308509
v 0.652206 -0.237916 -0.310718
v 0.651237 -0.240074 -0.328008
v 0.650211 -0.227860 -0.328996
v 0.650220 -0.226513 -0.311404
v 0.640597 -0.220313 -0.329860
v 0.641829 -0.218184 -0.310554
v 0.626145 -0.217560 -0.342949
v 0.625209 -0.222859 -0.350937
v 0.597075 -0.213958 -0.361347
v 0.598024 -0.212077 -0.350727
v 0.548455 -0.198360 -0.376585
v 0.550204 -0.197963 -0.363107
v 0.501468 -0.166455 -0.356313
v 0.453645 -0.135166 -0.334737
v 0.405112 -0.113753 -0.343451
v 0.416732 -0.110377 -0.312938
v 0.421702 -0.111165 -0.287841
v 0.389910 -0.083746 -0.276096
v 0.392387 -0.083232 -0.259271
v 0.396653 -0.113821 -0.363216
v 0.427268 -0.132615 -0.388810
v 0.391469 -0.112137 -0.372170
v 0.421724 -0.131335 -0.394975
v 0.386499 -0.109627 -0.378569
v 0.416707 -0.130481 -0.401164
v 0.383867 -0.109672 -0.388381
v 0.409951 -0.134191 -0.405233
v 0.378833 -0.112533 -0.395747
v 0.402111 -0.143684 -0.407381
v 0.372121 -0.122009 -0.395348
v 0.393881 -0.157725 -0.409157
v 0.364107 -0.133529 -0.394336
v 0.378425 -0.184210 -0.410309
v 0.346408 -0.159966 -0.394343
v 0.299267 -0.117692 -0.381894
v 0.310454 -0.204838 -0.403405
v 0.253959 -0.165932 -0.391631
v 0.351179 -0.230854 -0.415489
v 0.313783 -0.281141 -0.436241
v 0.347568 -0.288506 -0.448328
v 0.326239 -0.324836 -0.469686
v 0.373390 -0.242955 -0.429080
v 0.388977 -0.246035 -0.449592
v 0.375830 -0.290676 -0.466011
v 0.397108 -0.198030 -0.422175
v 0.405662 -0.201200 -0.435780
v 0.419154 -0.204072 -0.436896
v 0.410817 -0.251294 -0.451872
v 0.410870 -0.292349 -0.471520
v 0.432890 -0.204735 -0.436583
v 0.443096 -0.208009 -0.426990
v 0.439451 -0.170414 -0.422423
v 0.444120 -0.173227 -0.412949
v 0.449245 -0.176641 -0.402104
v 0.448995 -0.214889 -0.414349
v 0.443178 -0.149555 -0.414891
v 0.446837 -0.151657 -0.408008
v 0.450547 -0.154744 -0.400547
v 0.460086 -0.180302 -0.388548
v 0.440301 -0.139027 -0.403319
v 0.445342 -0.140375 -0.397242
v 0.435030 -0.137723 -0.408388
v 0.491589 -0.188802 -0.386383
v 0.489888 -0.214585 -0.392820
v 0.462011 -0.215621 -0.396301
v 0.494591 -0.254398 -0.411000
v 0.534482 -0.223167 -0.399171
v 0.526596 -0.251509 -0.406369
v 0.517356 -0.298607 -0.420758
v 0.495645 -0.301679 -0.426639
v 0.509172 -0.339936 -0.431216
v 0.484832 -0.339282 -0.436302
v 0.467120 -0.339245 -0.453146
v 0.476416 -0.361557 -0.443754
v 0.460928 -0.360212 -0.464350
v 0.453619 -0.360329 -0.485436
v 0.456773 -0.343596 -0.477483
v 0.446094 -0.358715 -0.510441
v 0.447292 -0.347985 -0.505529
v 0.430152 -0.359973 -0.510264
v 0.430615 -0.349396 -0.505253
v 0.432299 -0.332351 -0.498609
v 0.409701 -0.351225 -0.505027
v 0.410225 -0.336176 -0.499962
v 0.410903 -0.315289 -0.490792
v 0.367060 -0.343936 -0.493037
v 0.367223 -0.323494 -0.480685
v 0.317490 -0.346932 -0.487318
v 0.303430 -0.360270 -0.485969
v 0.298183 -0.369571 -0.491563
v 0.369068 -0.354174 -0.501290
v 0.368410 -0.363009 -0.506480
v 0.410326 -0.361920 -0.508851
v 0.410668 -0.370392 -0.512471
v 0.363505 -0.370300 -0.508199
v 0.411783 -0.377382 -0.517185
v 0.367406 -0.379491 -0.514322
v 0.373755 -0.387227 -0.517337
v 0.412905 -0.384511 -0.521646
v 0.414816 -0.390554 -0.521042
v 0.378446 -0.391024 -0.513750
v 0.417892 -0.391158 -0.511505
v 0.395467 -0.391372 -0.505193
v 0.421572 -0.391325 -0.498345
v 0.403782 -0.391448 -0.494568
v 0.367737 -0.391433 -0.488631
v 0.412459 -0.391461 -0.481245
v 0.379916 -0.391469 -0.479523
v 0.318375 -0.391450 -0.471782
v 0.307172 -0.391395 -0.481514
v 0.237507 -0.391396 -0.468667
v 0.234101 -0.391175 -0.480737
v 0.135835 -0.391373 -0.469901
v 0.136650 -0.391235 -0.482683
v 0.138127 -0.390866 -0.494191
v 0.029292 -0.391297 -0.483412
v 0.145299 -0.370744 -0.499031
v 0.025741 -0.391409 -0.470928
v -0.102930 -0.391364 -0.471527
v 0.021045 -0.391448 -0.457699
v -0.101689 -0.391449 -0.458953
v -0.233173 -0.391467 -0.466017
v -0.233805 -0.391447 -0.478773
v -0.376139 -0.391466 -0.468957
v -0.377722 -0.391431 -0.482269
v -0.238431 -0.391444 -0.440379
v -0.375605 -0.391452 -0.443532
v -0.500295 -0.391467 -0.423436
v -0.375984 -0.391477 -0.372814
v -0.504328 -0.391461 -0.362132
v -0.384613 -0.391480 -0.237695
v -0.245819 -0.391468 -0.231109
v -0.251005 -0.391472 -0.103512
v -0.385799 -0.391486 -0.128028
v -0.239838 -0.391459 -0.366978
v -0.108668 -0.391481 -0.358267
v -0.116293 -0.391499 -0.222318
v -0.105171 -0.391474 -0.432248
v 0.016056 -0.391448 -0.430737
v 0.014441 -0.391467 -0.351902
v 0.134297 -0.391451 -0.345432
v 0.132258 -0.391476 -0.209142
v 0.008948 -0.391497 -0.214421
v 0.135291 -0.391436 -0.427212
v 0.247283 -0.391435 -0.424444
v 0.252492 -0.391452 -0.339010
v 0.133734 -0.391422 -0.456022
v 0.239425 -0.391450 -0.454212
v 0.333004 -0.391459 -0.457581
v 0.353089 -0.391437 -0.426304
v 0.436451 -0.391444 -0.419971
v 0.478856 -0.391482 -0.328231
v 0.372455 -0.391450 -0.334496
v 0.401631 -0.391456 -0.459903
v 0.256174 -0.391485 -0.206257
v 0.256029 -0.391495 -0.070697
v 0.128817 -0.391494 -0.073763
v 0.253010 -0.391509 0.067291
v 0.123907 -0.391511 0.060676
v -0.003055 -0.391522 0.054361
v 0.003122 -0.391504 -0.079641
v -0.129168 -0.391509 0.044647
v -0.122824 -0.391501 -0.088861
v -0.257056 -0.391488 0.031454
v -0.134498 -0.391501 0.178312
v -0.263911 -0.391502 0.169396
v -0.392662 -0.391496 0.007289
v -0.135717 -0.391477 0.306606
v -0.267601 -0.391490 0.291562
v -0.130306 -0.391469 0.423426
v -0.269554 -0.391473 0.414127
v -0.387482 -0.391492 0.391914
v -0.264956 -0.391412 0.477595
v -0.373712 -0.391479 0.455600
v -0.493875 -0.391489 0.359556
v -0.127810 -0.391375 0.473396
v -0.121309 -0.390855 0.497372
v -0.015535 -0.391223 0.484743
v -0.011799 -0.391413 0.465382
v 0.105053 -0.391438 0.458946
v 0.099443 -0.391319 0.478217
v -0.018240 -0.391463 0.426102
v 0.110099 -0.391480 0.422121
v 0.228165 -0.391460 0.422740
v 0.216810 -0.391464 0.456216
v -0.015433 -0.391499 0.315814
v 0.112611 -0.391498 0.320940
v 0.238430 -0.391493 0.323083
v 0.355111 -0.391449 0.426678
v 0.118030 -0.391504 0.191301
v 0.247535 -0.391501 0.195409
v -0.009380 -0.391508 0.186097
v 0.339061 -0.391447 0.459621
v 0.414850 -0.391476 0.483152
v 0.450408 -0.391351 0.485728
v 0.448814 -0.391059 0.495973
v 0.416309 -0.391456 0.494599
v 0.447487 -0.390919 0.503049
v 0.419617 -0.391385 0.504410
v 0.320286 -0.378363 0.497972
v 0.312863 -0.385757 0.499731
v 0.295820 -0.373238 0.491512
v 0.237491 -0.367116 0.491919
v 0.223547 -0.350186 0.490559
v 0.166111 -0.322110 0.497214
v 0.162281 -0.305243 0.486816
v 0.138217 -0.292190 0.487891
v 0.138755 -0.303762 0.502612
v 0.216873 -0.331532 0.483849
v 0.280002 -0.373251 0.476554
v 0.299526 -0.366403 0.485480
v 0.303719 -0.358157 0.478113
v 0.325885 -0.370417 0.495170
v 0.322480 -0.358663 0.490233
v 0.329218 -0.342706 0.483581
v 0.311172 -0.344240 0.469150
v 0.364111 -0.362609 0.502105
v 0.360933 -0.345990 0.489472
v 0.368071 -0.315866 0.474475
v 0.342709 -0.313021 0.470994
v 0.400715 -0.314274 0.484015
v 0.410777 -0.271708 0.457712
v 0.381933 -0.272296 0.456566
v 0.427304 -0.309570 0.487771
v 0.437158 -0.264984 0.455787
v 0.401727 -0.222988 0.439920
v 0.384302 -0.225241 0.427702
v 0.358976 -0.271483 0.446924
v 0.352307 -0.219665 0.410214
v 0.336973 -0.274084 0.430556
v 0.322077 -0.315256 0.453846
v 0.299358 -0.193280 0.397684
v 0.321355 -0.125127 0.380989
v 0.245227 -0.158544 0.387509
v 0.362589 -0.160949 0.397394
v 0.372148 -0.098311 0.385489
v 0.350995 -0.067871 0.374411
v 0.354205 -0.059716 0.333191
v 0.375625 -0.085122 0.329894
v 0.414408 -0.107350 0.302167
v 0.374094 -0.068380 0.290630
v 0.351393 -0.037727 0.300689
v 0.333472 -0.031564 0.316401
v 0.304276 -0.049075 0.332925
v 0.243273 -0.087252 0.346627
v 0.258291 -0.095327 0.350647
v 0.196231 -0.111538 0.390395
v 0.202309 -0.121183 0.391144
v 0.209470 -0.129460 0.388989
v 0.148573 -0.177862 0.417746
v 0.163151 -0.195794 0.408170
v 0.220846 -0.139359 0.385396
v 0.141309 -0.167516 0.419583
v 0.133004 -0.238419 0.452277
v 0.135681 -0.282231 0.471097
v 0.125447 -0.284295 0.485900
v 0.112439 -0.279052 0.481911
v 0.126833 -0.289925 0.500790
v 0.086917 -0.283136 0.472151
v 0.045297 -0.307990 0.477523
v -0.017069 -0.329244 0.475810
v 0.050938 -0.311309 0.491762
v -0.014449 -0.344300 0.485096
v 0.059282 -0.323131 0.498585
v -0.052600 -0.313067 0.476341
v -0.061712 -0.319796 0.478520
v -0.076294 -0.292566 0.471261
v -0.085609 -0.296942 0.472947
v -0.089645 -0.280943 0.461369
v -0.101150 -0.286454 0.459876
v -0.118191 -0.293778 0.456114
v -0.108311 -0.285226 0.444558
v -0.124259 -0.296601 0.441858
v -0.144324 -0.300452 0.440436
v -0.144032 -0.300407 0.447105
v -0.164651 -0.286961 0.439934
v -0.169753 -0.291210 0.448042
v -0.204032 -0.270751 0.441001
v -0.211113 -0.275205 0.455356
v -0.219189 -0.281387 0.467212
v -0.247862 -0.254707 0.455573
v -0.256257 -0.261399 0.468019
v -0.269431 -0.278447 0.472676
v -0.238339 -0.299522 0.472259
v -0.287545 -0.299094 0.479368
v -0.289089 -0.251278 0.466189
v -0.303759 -0.264724 0.475252
v -0.316590 -0.278047 0.475309
v -0.301259 -0.312425 0.481037
v -0.327643 -0.287796 0.482757
v -0.310901 -0.318953 0.491151
v -0.333587 -0.297208 0.494472
v -0.319931 -0.319628 0.500536
v -0.342362 -0.305998 0.502009
v -0.354429 -0.261422 0.486922
v -0.356311 -0.320697 0.506305
v -0.371631 -0.249189 0.483249
v -0.400560 -0.294722 0.483206
v -0.406702 -0.298506 0.473846
v -0.453965 -0.347082 0.480532
v -0.450804 -0.345627 0.489772
v -0.479893 -0.370086 0.485460
v -0.478847 -0.370736 0.494406
v -0.474624 -0.375532 0.496654
v -0.467658 -0.379239 0.495466
v -0.487862 -0.390408 0.488985
v -0.475510 -0.390763 0.490594
v -0.490951 -0.389660 0.480730
v -0.482277 -0.390927 0.479823
v -0.464358 -0.391299 0.480372
v -0.429187 -0.381946 0.490996
v -0.497774 -0.388892 0.473298
v -0.500211 -0.384269 0.474794
v -0.509392 -0.382995 0.469686
v -0.508874 -0.388239 0.468093
v -0.495477 -0.385263 0.481725
v -0.491985 -0.378919 0.480417
v -0.497600 -0.377092 0.472526
v -0.493027 -0.386379 0.488549
v -0.489886 -0.379877 0.488041
v -0.483359 -0.369613 0.476667
v -0.459345 -0.347677 0.470189
v -0.468725 -0.345604 0.460111
v -0.490819 -0.367188 0.467841
v -0.480932 -0.339867 0.454313
v -0.501971 -0.362839 0.462203
v -0.507969 -0.374762 0.467426
v -0.515301 -0.357909 0.458314
v -0.521897 -0.371971 0.464647
v -0.524094 -0.382214 0.469146
v -0.536495 -0.369178 0.462326
v -0.525664 -0.390022 0.467020
v -0.530088 -0.353533 0.454817
v -0.544839 -0.348894 0.450244
v -0.550505 -0.365534 0.458671
v -0.556716 -0.343198 0.437513
v -0.567068 -0.361800 0.446362
v -0.566930 -0.331368 0.417000
v -0.545490 -0.298324 0.427646
v -0.548531 -0.290358 0.413436
v -0.575200 -0.313144 0.405417
v -0.535256 -0.305441 0.436937
v -0.482650 -0.265582 0.437142
v -0.490692 -0.262961 0.427966
v -0.523854 -0.313559 0.443202
v -0.473286 -0.269864 0.443868
v -0.434659 -0.225844 0.447377
v -0.439479 -0.223319 0.436727
v -0.509559 -0.321126 0.447270
v -0.462661 -0.276305 0.448192
v -0.425329 -0.232119 0.450875
v -0.405230 -0.198769 0.437987
v -0.449181 -0.286047 0.450532
v -0.415515 -0.238655 0.450675
v -0.397864 -0.205411 0.439138
v -0.405588 -0.243789 0.450247
v -0.389449 -0.211927 0.441710
v -0.376459 -0.190131 0.432207
v -0.364755 -0.175677 0.427150
v -0.378736 -0.219214 0.448311
v -0.365698 -0.199701 0.440783
v -0.353068 -0.184382 0.433798
v -0.338219 -0.198915 0.442372
v -0.327932 -0.187819 0.435619
v -0.343573 -0.173925 0.429259
v -0.354506 -0.164506 0.425095
v -0.336900 -0.166442 0.425520
v -0.346691 -0.155139 0.423202
v -0.349861 -0.149963 0.419488
v -0.338682 -0.144389 0.416084
v -0.337508 -0.144388 0.409077
v -0.351006 -0.149122 0.413398
v -0.336107 -0.144761 0.401400
v -0.351339 -0.149054 0.405756
v -0.334640 -0.145352 0.393169
v -0.351345 -0.148857 0.397413
v -0.320813 -0.150530 0.389737
v -0.319985 -0.149822 0.379459
v -0.321795 -0.150166 0.398678
v -0.303906 -0.159712 0.397405
v -0.304404 -0.159591 0.387235
v -0.323106 -0.149483 0.406682
v -0.303806 -0.159537 0.406488
v -0.279959 -0.183300 0.409530
v -0.280985 -0.182156 0.398114
v -0.324897 -0.148673 0.413834
v -0.304211 -0.159019 0.414896
v -0.279804 -0.183187 0.420723
v -0.256088 -0.213622 0.427508
v -0.256263 -0.213500 0.412778
v -0.280036 -0.183044 0.430379
v -0.258079 -0.214972 0.441219
v -0.230800 -0.241621 0.439501
v -0.227516 -0.239732 0.425549
v -0.286390 -0.190533 0.432345
v -0.265519 -0.223557 0.441196
v -0.240597 -0.250070 0.441580
v -0.195263 -0.264988 0.432661
v -0.272943 -0.231812 0.445930
v -0.294105 -0.199702 0.432373
v -0.302260 -0.207115 0.439132
v -0.278794 -0.238703 0.457838
v -0.309637 -0.212878 0.447367
v -0.321437 -0.181955 0.427530
v -0.321251 -0.223591 0.456601
v -0.163956 -0.287882 0.430470
v -0.164005 -0.288541 0.418532
v -0.193265 -0.266926 0.419840
v -0.191778 -0.268771 0.406388
v -0.226915 -0.240756 0.410909
v -0.226174 -0.241886 0.396809
v -0.257335 -0.212613 0.398719
v -0.225075 -0.243181 0.384075
v -0.258702 -0.211502 0.385392
v -0.282626 -0.179980 0.386125
v -0.259005 -0.209732 0.373293
v -0.284066 -0.177138 0.374272
v -0.305170 -0.158856 0.376520
v -0.278634 -0.168672 0.369055
v -0.300575 -0.150339 0.370318
v -0.315299 -0.141090 0.371776
v -0.292975 -0.138729 0.368202
v -0.305413 -0.126105 0.369017
v -0.283351 -0.125506 0.365808
v -0.263947 -0.145966 0.364235
v -0.253927 -0.132073 0.359416
v -0.272715 -0.112797 0.362478
v -0.271912 -0.158039 0.366601
v -0.243084 -0.189729 0.365916
v -0.234274 -0.178070 0.363466
v -0.251755 -0.200535 0.367368
v -0.215340 -0.236244 0.367354
v -0.205828 -0.228066 0.366136
v -0.222503 -0.242929 0.372205
v -0.171774 -0.252681 0.364604
v -0.163595 -0.240331 0.361298
v -0.195259 -0.217924 0.364120
v -0.153773 -0.225868 0.352889
v -0.181515 -0.205131 0.355643
v -0.223883 -0.162559 0.356922
v -0.173320 -0.193058 0.335273
v -0.221652 -0.156133 0.339862
v -0.252128 -0.126951 0.344005
v -0.217656 -0.147047 0.322913
v -0.247632 -0.120233 0.329360
v -0.266394 -0.104165 0.333250
v -0.270622 -0.108942 0.347565
v -0.276970 -0.095070 0.335072
v -0.256336 -0.096397 0.322526
v -0.266706 -0.087850 0.323913
v -0.274177 -0.082442 0.323435
v -0.285206 -0.089182 0.335779
v -0.280373 -0.079891 0.320602
v -0.292587 -0.085836 0.336032
v -0.253761 -0.068661 0.313332
v -0.260061 -0.067384 0.307795
v -0.222036 -0.049675 0.300312
v -0.229247 -0.048852 0.291706
v -0.200337 -0.032142 0.279818
v -0.207986 -0.034171 0.272188
v -0.215147 -0.038767 0.263632
v -0.198176 -0.025849 0.254490
v -0.206626 -0.030942 0.246917
v -0.222721 -0.041428 0.236758
v -0.227904 -0.047524 0.252783
v -0.259060 -0.056578 0.225731
v -0.260517 -0.065568 0.241709
v -0.297416 -0.077940 0.222467
v -0.297412 -0.081962 0.239157
v -0.325248 -0.116848 0.229745
v -0.323784 -0.118156 0.245284
v -0.373988 -0.150185 0.249282
v -0.368742 -0.151078 0.263367
v -0.365914 -0.150870 0.282924
v -0.403929 -0.168120 0.279100
v -0.399421 -0.163912 0.293770
v -0.396030 -0.159375 0.313228
v -0.367623 -0.152185 0.313025
v -0.394918 -0.157858 0.345377
v -0.415362 -0.185846 0.323298
v -0.410813 -0.179994 0.347511
v -0.410341 -0.180072 0.381235
v -0.394026 -0.158947 0.378451
v -0.412482 -0.183985 0.402068
v -0.392863 -0.159977 0.396313
v -0.444520 -0.219248 0.392395
v -0.444151 -0.220641 0.410807
v -0.442731 -0.221533 0.424518
v -0.495698 -0.262210 0.416984
v -0.447555 -0.220567 0.367209
v -0.457235 -0.228486 0.349356
v -0.421565 -0.192382 0.308994
v -0.467441 -0.236503 0.338768
v -0.431786 -0.193567 0.297906
v -0.474379 -0.233249 0.324764
v -0.445878 -0.188773 0.288728
v -0.487836 -0.223967 0.317961
v -0.460665 -0.182585 0.278044
v -0.501211 -0.210694 0.310101
v -0.479120 -0.168735 0.262078
v -0.524151 -0.193253 0.288751
v -0.576072 -0.224604 0.306808
v -0.637001 -0.237692 0.307868
v -0.622164 -0.257674 0.323322
v -0.668855 -0.261872 0.318526
v -0.659459 -0.274783 0.335285
v -0.707323 -0.290501 0.325752
v -0.703385 -0.292949 0.341850
v -0.695488 -0.311033 0.346913
v -0.749286 -0.323111 0.337429
v -0.696185 -0.334298 0.346232
v -0.684307 -0.353001 0.347193
v -0.674979 -0.371310 0.348127
v -0.625203 -0.362554 0.348214
v -0.605953 -0.361380 0.350358
v -0.653297 -0.384443 0.348980
v -0.619498 -0.377079 0.348868
v -0.604697 -0.376228 0.361108
v -0.603168 -0.378926 0.392773
v -0.614415 -0.384953 0.349876
v -0.604764 -0.385088 0.364926
v -0.586935 -0.391039 0.399801
v -0.565035 -0.391270 0.435917
v -0.585187 -0.389123 0.434329
v -0.638707 -0.391079 0.338302
v -0.711893 -0.391306 0.313463
v -0.692037 -0.391347 0.300898
v -0.828837 -0.391146 0.262131
v -0.817723 -0.391211 0.251201
v -0.812895 -0.391239 0.223389
v -0.838439 -0.372983 0.252132
v -0.831890 -0.369057 0.231175
v -0.805206 -0.346456 0.259484
v -0.803012 -0.344518 0.228429
v -0.810440 -0.351164 0.274531
v -0.786762 -0.319272 0.292468
v -0.783141 -0.319528 0.270636
v -0.788895 -0.329145 0.308569
v -0.754114 -0.311084 0.323892
v -0.753397 -0.309356 0.305782
v -0.785504 -0.345935 0.316286
v -0.711172 -0.283443 0.310075
v -0.713323 -0.281822 0.279142
v -0.752765 -0.307494 0.277562
v -0.714457 -0.281779 0.229984
v -0.751578 -0.305757 0.231129
v -0.777656 -0.319399 0.229468
v -0.753353 -0.305851 0.197435
v -0.779664 -0.322120 0.196067
v -0.806951 -0.348034 0.195382
v -0.784364 -0.326266 0.175512
v -0.815479 -0.351786 0.166889
v -0.832330 -0.369774 0.192890
v -0.796997 -0.319387 0.160665
v -0.835992 -0.342627 0.152089
v -0.812204 -0.306121 0.149150
v -0.857303 -0.335382 0.127920
v -0.825777 -0.298857 0.131478
v -0.876630 -0.329114 0.112521
v -0.843771 -0.290021 0.119656
v -0.881370 -0.328402 0.098460
v -0.850923 -0.290634 0.099404
v -0.888450 -0.327332 0.086796
v -0.917850 -0.351983 0.084237
v -0.898512 -0.322755 0.083296
v -0.942335 -0.370783 0.051353
v -0.939066 -0.366679 0.010059
v -0.948139 -0.378394 -0.000881
v -0.951159 -0.390747 -0.013136
v -0.949191 -0.379696 -0.040351
v -0.952543 -0.390710 -0.046378
v -0.941526 -0.391003 -0.052669
v -0.940049 -0.391038 -0.029088
v -0.928881 -0.391116 -0.061091
v -0.925979 -0.391186 -0.042998
v -0.925476 -0.391185 -0.001643
v -0.911660 -0.391230 -0.059480
v -0.907887 -0.391246 -0.031280
v -0.894026 -0.391101 -0.094182
v -0.883257 -0.391255 -0.066254
v -0.865203 -0.391270 -0.023990
v -0.799873 -0.391315 0.030854
v -0.858292 -0.391081 -0.120503
v -0.820460 -0.391264 -0.102749
v -0.745721 -0.391339 -0.075787
v -0.704098 -0.391403 0.074353
v -0.800237 -0.391267 -0.176299
v -0.715956 -0.391365 -0.179818
v -0.849922 -0.390983 -0.172099
v -0.848116 -0.390791 -0.212660
v -0.872564 -0.388284 -0.171102
v -0.871534 -0.387733 -0.201545
v -0.870306 -0.387516 -0.222040
v -0.844221 -0.390760 -0.235516
v -0.869223 -0.387056 -0.235228
v -0.843160 -0.390661 -0.250075
v -0.868497 -0.386636 -0.243479
v -0.848379 -0.390120 -0.259755
v -0.808609 -0.382174 -0.300010
v -0.786598 -0.365234 -0.323040
v -0.845535 -0.390344 -0.262232
v -0.810488 -0.376151 -0.299440
v -0.786338 -0.355176 -0.319743
v -0.756590 -0.337994 -0.339076
v -0.757043 -0.350259 -0.341405
v -0.812667 -0.370730 -0.298571
v -0.788285 -0.346535 -0.316424
v -0.758145 -0.328262 -0.336958
v -0.791396 -0.338690 -0.313733
v -0.760778 -0.318535 -0.334715
v -0.795238 -0.331798 -0.310788
v -0.760472 -0.312879 -0.327934
v -0.701824 -0.290693 -0.337846
v -0.638096 -0.266476 -0.333045
v -0.758624 -0.311690 -0.320224
v -0.703296 -0.287011 -0.327010
v -0.647348 -0.253630 -0.318776
v -0.577161 -0.238427 -0.321564
v -0.707016 -0.280278 -0.318351
v -0.657108 -0.239127 -0.304776
v -0.710004 -0.279975 -0.302926
v -0.667591 -0.245544 -0.290990
v -0.713862 -0.282042 -0.277066
v -0.678038 -0.248055 -0.268105
v -0.715738 -0.282844 -0.231705
v -0.686019 -0.250919 -0.230594
v -0.717785 -0.284841 -0.203696
v -0.688489 -0.253822 -0.201798
v -0.652403 -0.232118 -0.196006
v -0.622750 -0.200230 -0.189123
v -0.689556 -0.254709 -0.184290
v -0.652592 -0.231577 -0.179111
v -0.622564 -0.198063 -0.174297
v -0.602632 -0.172662 -0.174654
v -0.604212 -0.175002 -0.186878
v -0.659293 -0.224117 -0.166967
v -0.629339 -0.189809 -0.166590
v -0.604766 -0.165423 -0.167299
v -0.574898 -0.150281 -0.167314
v -0.573368 -0.162516 -0.170941
v -0.638446 -0.180025 -0.165684
v -0.609594 -0.154888 -0.165761
v -0.578182 -0.138132 -0.166634
v -0.539243 -0.114959 -0.167089
v -0.535497 -0.127742 -0.167609
v -0.615050 -0.143800 -0.164631
v -0.582349 -0.126513 -0.165802
v -0.543321 -0.102938 -0.166238
v -0.505856 -0.067367 -0.165102
v -0.500122 -0.080224 -0.165963
v -0.587999 -0.113201 -0.164132
v -0.548479 -0.090765 -0.163815
v -0.511874 -0.053831 -0.161396
v -0.470066 -0.021870 -0.152469
v -0.466862 -0.030484 -0.161423
v -0.552336 -0.080478 -0.155797
v -0.512045 -0.049231 -0.148897
v -0.470489 -0.018973 -0.139569
v -0.425305 0.011188 -0.125852
v -0.426618 0.008792 -0.140077
v -0.512533 -0.046518 -0.131492
v -0.470242 -0.015815 -0.125312
v -0.424881 0.017911 -0.114615
v -0.387792 0.041776 -0.101416
v -0.385206 0.033726 -0.113527
v -0.472841 -0.005343 -0.113600
v -0.427060 0.033193 -0.110821
v -0.391881 0.056102 -0.098588
v -0.363077 0.073116 -0.094935
v -0.356485 0.060453 -0.097659
v -0.351809 0.052604 -0.107020
v -0.323805 0.071636 -0.109909
v -0.351837 0.052172 -0.120015
v -0.386234 0.033015 -0.128593
v -0.350526 0.052178 -0.132368
v -0.386736 0.031909 -0.142186
v -0.427051 0.004654 -0.152533
v -0.382404 0.021647 -0.148238
v -0.422214 -0.007929 -0.156950
v -0.462029 -0.043160 -0.163519
v -0.417407 -0.020179 -0.158615
v -0.457045 -0.056118 -0.164611
v -0.495285 -0.092821 -0.166692
v -0.452280 -0.069568 -0.165655
v -0.490219 -0.105654 -0.167167
v -0.532737 -0.140713 -0.168518
v -0.486114 -0.117668 -0.170416
v -0.533598 -0.149115 -0.178949
v -0.576529 -0.166976 -0.184293
v -0.538753 -0.152492 -0.192893
v -0.581861 -0.169334 -0.198536
v -0.486798 -0.124294 -0.184230
v -0.489611 -0.131737 -0.200142
v -0.438011 -0.104910 -0.194491
v -0.432409 -0.119336 -0.211483
v -0.486338 -0.144306 -0.218782
v -0.440688 -0.095168 -0.177332
v -0.392965 -0.071580 -0.175397
v -0.385981 -0.086327 -0.191545
v -0.445490 -0.083051 -0.166801
v -0.401475 -0.053203 -0.162800
v -0.356311 -0.029268 -0.155891
v -0.342755 -0.048747 -0.170628
v -0.411317 -0.034114 -0.159921
v -0.370631 -0.004401 -0.151450
v -0.334008 0.018328 -0.142889
v -0.315361 -0.004982 -0.149032
v -0.377795 0.009789 -0.149888
v -0.340671 0.032854 -0.140877
v -0.305856 0.054905 -0.131808
v -0.297331 0.042461 -0.134840
v -0.345907 0.044447 -0.138887
v -0.312692 0.066185 -0.129015
v -0.281847 0.088521 -0.119661
v -0.270805 0.080616 -0.123596
v -0.319332 0.072872 -0.121730
v -0.292641 0.094137 -0.112166
v -0.263855 0.122221 -0.104590
v -0.252279 0.117458 -0.111492
v -0.299015 0.092633 -0.099015
v -0.271084 0.122335 -0.092779
v -0.242229 0.157551 -0.088139
v -0.233042 0.156742 -0.098307
v -0.250027 0.157181 -0.076403
v -0.221708 0.193844 -0.070186
v -0.214511 0.196268 -0.081358
v -0.261900 0.162111 -0.067659
v -0.232537 0.195255 -0.058638
v -0.213391 0.233581 -0.044655
v -0.205253 0.233980 -0.053798
v -0.269670 0.163720 -0.051190
v -0.241905 0.196012 -0.044919
v -0.219840 0.231634 -0.032264
v -0.203669 0.252892 -0.015685
v -0.200179 0.255912 -0.023749
v -0.245926 0.192226 -0.024170
v -0.248517 0.188577 0.000345
v -0.248746 0.187969 0.024013
v -0.277324 0.156705 0.044179
v -0.246641 0.189783 0.040722
v -0.221250 0.229432 0.033903
v -0.203678 0.252063 0.020392
v -0.238394 0.189723 0.055434
v -0.215457 0.229697 0.044941
v -0.200404 0.254553 0.026431
v -0.192834 0.265245 0.014590
v -0.196001 0.262160 0.009002
v -0.207895 0.229390 0.052351
v -0.196259 0.256643 0.032105
v -0.189319 0.267372 0.019265
v -0.186270 0.272793 0.011567
v -0.189010 0.270549 0.007208
v -0.190533 0.257823 0.037509
v -0.184958 0.269042 0.023187
v -0.182791 0.274835 0.015441
v -0.184121 0.276376 0.005146
v -0.178928 0.269369 0.025837
v -0.177403 0.275501 0.017779
v -0.172176 0.266694 0.025037
v -0.171611 0.273001 0.016735
v -0.165325 0.262568 0.022926
v -0.166931 0.268715 0.013970
v -0.169566 0.273750 0.006267
v -0.172237 0.277769 0.000098
v -0.158608 0.256684 0.019277
v -0.164949 0.250887 0.040914
v -0.155063 0.244266 0.037297
v -0.145782 0.236717 0.032274
v -0.151475 0.250427 0.014597
v -0.136052 0.228842 0.026912
v -0.143697 0.247563 0.011053
v -0.135000 0.249964 0.011705
v -0.138013 0.256355 0.003336
v -0.122412 0.230058 0.023362
v -0.109707 0.243485 0.023113
v -0.122475 0.258676 0.014828
v -0.106188 0.277098 0.018660
v -0.111352 0.281952 0.004998
v -0.126526 0.263949 0.003870
v -0.093741 0.266238 0.025377
v -0.076873 0.296957 0.031906
v -0.086672 0.303682 0.021107
v -0.079021 0.251055 0.036850
v -0.065137 0.288213 0.041570
v -0.046155 0.308770 0.041996
v -0.059755 0.323381 0.033630
v -0.061961 0.232635 0.049365
v -0.046190 0.264421 0.049255
v -0.029760 0.279019 0.055783
v -0.013974 0.284803 0.057028
v -0.031622 0.318909 0.044097
v -0.032408 0.240053 0.071193
v -0.016873 0.248037 0.076303
v 0.002233 0.246768 0.071892
v 0.014626 0.246209 0.064497
v -0.003440 0.287000 0.054906
v 0.006325 0.288817 0.052613
v -0.012663 0.327226 0.046177
v -0.021707 0.324307 0.046861
v 0.028253 0.251231 0.059205
v 0.039459 0.257076 0.054973
v 0.015054 0.291672 0.050283
v 0.049197 0.227117 0.074660
v 0.061167 0.230488 0.066690
v 0.066183 0.227082 0.054319
v 0.043642 0.256795 0.044804
v 0.071893 0.208647 0.094320
v 0.081727 0.206588 0.083266
v 0.088245 0.201674 0.068624
v 0.096379 0.198760 0.051971
v 0.072897 0.226050 0.038552
v 0.108319 0.174379 0.104386
v 0.113704 0.171199 0.090764
v 0.117710 0.169986 0.074705
v 0.129090 0.174215 0.060048
v 0.111282 0.207670 0.042995
v 0.143240 0.129578 0.113582
v 0.146705 0.130523 0.097198
v 0.153262 0.132180 0.079187
v 0.167386 0.141480 0.066709
v 0.188744 0.085265 0.115185
v 0.191959 0.086960 0.093602
v 0.201788 0.097145 0.077880
v 0.216456 0.111961 0.069627
v 0.185395 0.153789 0.058811
v 0.239601 0.050819 0.101963
v 0.243443 0.057523 0.084418
v 0.251671 0.071883 0.076807
v 0.260296 0.084340 0.071541
v 0.229487 0.123926 0.063412
v 0.278920 0.032575 0.091240
v 0.283734 0.043481 0.081643
v 0.289127 0.055763 0.076543
v 0.296060 0.066883 0.071682
v 0.270840 0.095354 0.066272
v 0.308410 0.025237 0.086065
v 0.314078 0.034570 0.081689
v 0.319924 0.043125 0.078307
v 0.326331 0.051371 0.074369
v 0.303372 0.075859 0.064018
v 0.332849 0.017444 0.087252
v 0.339234 0.022850 0.084671
v 0.345941 0.028063 0.082611
v 0.352143 0.031975 0.081114
v 0.330495 0.053665 0.066339
v 0.349566 0.008529 0.089587
v 0.356487 0.011066 0.088534
v 0.363432 0.012903 0.088909
v 0.358980 0.033327 0.077932
v 0.363118 -0.000237 0.096736
v 0.369530 0.002411 0.101286
v 0.364109 -0.001083 0.109540
v 0.370425 0.001631 0.112575
v 0.377789 0.001189 0.116477
v 0.389650 -0.008978 0.124856
v 0.370628 0.002978 0.122908
v 0.378992 0.000446 0.126564
v 0.390594 -0.009959 0.134646
v 0.414647 -0.027404 0.150914
v 0.413142 -0.025979 0.139830
v 0.380478 -0.000727 0.139188
v 0.391688 -0.010966 0.146459
v 0.415864 -0.028833 0.163405
v 0.451528 -0.059964 0.183758
v 0.452558 -0.053124 0.170034
v 0.393314 -0.012487 0.163499
v 0.417620 -0.031678 0.178832
v 0.449769 -0.068930 0.195954
v 0.480600 -0.105960 0.207471
v 0.481914 -0.099485 0.190645
v 0.419792 -0.037460 0.199394
v 0.452055 -0.073897 0.212312
v 0.482679 -0.108203 0.223914
v 0.513985 -0.135186 0.236509
v 0.513127 -0.134417 0.219266
v 0.454368 -0.077301 0.228171
v 0.484807 -0.110401 0.239175
v 0.514773 -0.135749 0.251066
v 0.551748 -0.160924 0.265429
v 0.553464 -0.160778 0.251780
v 0.483838 -0.116731 0.252117
v 0.512430 -0.143503 0.261538
v 0.549344 -0.162129 0.280128
v 0.587123 -0.198579 0.282467
v 0.592356 -0.198314 0.265187
v 0.510830 -0.153007 0.274103
v 0.546233 -0.172803 0.297556
v 0.582493 -0.202249 0.303496
v 0.618740 -0.211185 0.308752
v 0.625722 -0.210539 0.287852
v 0.539906 -0.187187 0.309390
v 0.579475 -0.204373 0.322054
v 0.614276 -0.212108 0.324631
v 0.631982 -0.216094 0.326426
v 0.633094 -0.214885 0.312147
v 0.577316 -0.205936 0.338583
v 0.612464 -0.212967 0.334944
v 0.631749 -0.217444 0.336618
v 0.643793 -0.220877 0.327248
v 0.611382 -0.214336 0.344889
v 0.630897 -0.220215 0.344417
v 0.609847 -0.219052 0.354624
v 0.629295 -0.226035 0.350163
v 0.604251 -0.226387 0.361703
v 0.626231 -0.233727 0.354422
v 0.640129 -0.238497 0.354693
v 0.650055 -0.243376 0.352192
v 0.617541 -0.243002 0.358801
v 0.632746 -0.248265 0.359184
v 0.644897 -0.253671 0.357491
v 0.649824 -0.246222 0.341507
v 0.608633 -0.266051 0.367126
v 0.627053 -0.270572 0.367802
v 0.572011 -0.296260 0.386407
v 0.597489 -0.299561 0.376839
v 0.566724 -0.333336 0.417324
v 0.562720 -0.294088 0.404837
v 0.546457 -0.338001 0.424778
v 0.530118 -0.390784 0.436691
v 0.542636 -0.390750 0.435542
v 0.532330 -0.391601 0.398006
v 0.545788 -0.391748 0.396074
v 0.543162 -0.391283 0.332127
v 0.563867 -0.384784 0.337776
v 0.578624 -0.363708 0.346658
v 0.552502 -0.391305 0.283319
v 0.571838 -0.386900 0.303042
v 0.582072 -0.362639 0.311095
v 0.597785 -0.371875 0.295306
v 0.611816 -0.346320 0.298916
v 0.597970 -0.338364 0.308443
v 0.597265 -0.336884 0.329319
v 0.580504 -0.386312 0.282888
v 0.557805 -0.391283 0.261527
v 0.600291 -0.370845 0.275875
v 0.603811 -0.369173 0.258125
v 0.618938 -0.353508 0.259778
v 0.618103 -0.352029 0.280042
v 0.640627 -0.332609 0.253395
v 0.637267 -0.327988 0.272332
v 0.631854 -0.320377 0.291859
v 0.662144 -0.301628 0.254297
v 0.655781 -0.293710 0.275730
v 0.642641 -0.285592 0.287442
v 0.616610 -0.311467 0.296984
v 0.633221 -0.280061 0.297695
v 0.615005 -0.308729 0.312766
v 0.600666 -0.330948 0.346015
v 0.656956 -0.263536 0.285159
v 0.646419 -0.259353 0.296174
v 0.662401 -0.249170 0.285703
v 0.651876 -0.246087 0.298159
v 0.650359 -0.246357 0.312477
v 0.654272 -0.235006 0.299302
v 0.652796 -0.235363 0.313650
v 0.652918 -0.236745 0.327415
v 0.649567 -0.247358 0.327920
v 0.651702 -0.225447 0.314558
v 0.652676 -0.226852 0.327067
v 0.643863 -0.219531 0.314158
v 0.654636 -0.225053 0.299652
v 0.648433 -0.218669 0.296561
v 0.639656 -0.214623 0.292512
v 0.658457 -0.219848 0.280262
v 0.649255 -0.214738 0.274227
v 0.632258 -0.209819 0.268654
v 0.659384 -0.215062 0.258889
v 0.638526 -0.205841 0.253315
v 0.601285 -0.187423 0.253389
v 0.643863 -0.200407 0.236511
v 0.605399 -0.176469 0.235916
v 0.554450 -0.159912 0.231394
v 0.605425 -0.174138 0.212584
v 0.555124 -0.158121 0.209037
v 0.512364 -0.133075 0.200880
v 0.558137 -0.149784 0.187095
v 0.518735 -0.121422 0.188927
v 0.487355 -0.087448 0.185092
v 0.518706 -0.117066 0.173445
v 0.485507 -0.083029 0.169126
v 0.450037 -0.050090 0.156397
v 0.482492 -0.079561 0.154681
v 0.447415 -0.047466 0.144101
v 0.479500 -0.075702 0.141317
v 0.445330 -0.044432 0.133309
v 0.479104 -0.068788 0.130489
v 0.446468 -0.035723 0.126574
v 0.482549 -0.057266 0.127328
v 0.449438 -0.025183 0.124275
v 0.417405 -0.000598 0.118154
v 0.452964 -0.014560 0.122410
v 0.424211 0.006201 0.117544
v 0.401498 0.028574 0.107621
v 0.393409 0.021086 0.105692
v 0.384951 0.050977 0.086183
v 0.376618 0.042281 0.082040
v 0.370784 0.036337 0.078046
v 0.350680 0.064578 0.047421
v 0.345864 0.056866 0.045967
v 0.338250 0.052210 0.048061
v 0.364770 0.032067 0.075712
v 0.333306 0.052488 0.056547
v 0.304511 0.075145 0.051050
v 0.279221 0.101548 0.041235
v 0.278272 0.102263 0.056410
v 0.247311 0.138913 0.034424
v 0.246543 0.139559 0.048947
v 0.239026 0.133301 0.058433
v 0.216695 0.177509 0.041740
v 0.208570 0.171729 0.048402
v 0.199458 0.163768 0.052716
v 0.185282 0.203275 0.031793
v 0.190926 0.207968 0.029129
v 0.179073 0.215182 0.005927
v 0.174871 0.212559 0.007595
v 0.180370 0.214698 -0.011540
v 0.174714 0.212777 -0.010629
v 0.178856 0.205896 -0.028209
v 0.186411 0.208158 -0.028581
v 0.192816 0.209002 -0.026889
v 0.210125 0.188383 -0.039798
v 0.201830 0.188483 -0.045889
v 0.192395 0.184836 -0.047856
v 0.230856 0.151573 -0.054806
v 0.219177 0.148566 -0.058378
v 0.206877 0.143742 -0.062316
v 0.257695 0.108628 -0.067105
v 0.243559 0.102980 -0.071222
v 0.228740 0.093101 -0.076577
v 0.189080 0.135597 -0.068155
v 0.214368 0.078990 -0.083758
v 0.170795 0.125036 -0.075387
v 0.206641 0.073670 -0.101795
v 0.159113 0.119595 -0.090705
v 0.131935 0.160037 -0.069071
v 0.153030 0.120512 -0.109558
v 0.123722 0.161214 -0.085829
v 0.097875 0.194476 -0.061281
v 0.111683 0.200212 -0.052516
v 0.072506 0.225994 -0.041703
v 0.085106 0.233672 -0.036552
v 0.097639 0.241945 -0.028341
v 0.058772 0.268614 -0.032106
v 0.068372 0.277179 -0.024643
v 0.073945 0.282033 -0.015004
v 0.108716 0.248918 -0.019455
v 0.076173 0.283774 -0.002154
v 0.113971 0.255566 -0.003879
v 0.074522 0.281670 0.010268
v 0.110361 0.252272 0.012584
v 0.069143 0.275454 0.021615
v 0.099954 0.244665 0.023093
v 0.060498 0.267020 0.029440
v 0.087301 0.234714 0.032664
v 0.051279 0.259769 0.034674
v 0.033917 0.300049 0.025933
v 0.027524 0.294946 0.031434
v 0.020862 0.292439 0.040847
v 0.004939 0.329937 0.031711
v 0.000813 0.329857 0.038181
v -0.006108 0.328834 0.044162
v -0.017544 0.356113 0.026395
v -0.022725 0.354508 0.028211
v -0.029081 0.350988 0.028533
v -0.033463 0.367331 0.016213
v -0.039119 0.362450 0.016896
v -0.045361 0.356075 0.017821
v -0.035736 0.345808 0.029260
v -0.054385 0.346409 0.019611
v -0.045262 0.338097 0.031372
v -0.068513 0.329572 0.021818
v -0.059286 0.349506 0.006764
v -0.073803 0.332995 0.006981
v -0.091858 0.307550 0.006298
v -0.073540 0.332997 -0.009698
v -0.092073 0.307237 -0.010121
v -0.111925 0.281767 -0.009605
v -0.127411 0.264399 -0.006921
v -0.086952 0.302998 -0.024236
v -0.107321 0.276160 -0.022888
v -0.123563 0.258102 -0.017749
v -0.136077 0.250656 -0.014062
v -0.138642 0.257592 -0.004880
v -0.094566 0.265096 -0.027990
v -0.111367 0.243651 -0.025521
v -0.125136 0.232197 -0.026191
v -0.138533 0.231029 -0.028290
v -0.144715 0.216275 -0.062047
v -0.147930 0.239394 -0.033732
v -0.160114 0.225526 -0.067387
v -0.158229 0.247835 -0.039084
v -0.173776 0.231781 -0.070028
v -0.168692 0.254663 -0.042393
v -0.169144 0.265880 -0.024731
v -0.170528 0.272660 -0.015245
v -0.179429 0.258569 -0.041730
v -0.177116 0.269180 -0.025346
v -0.176873 0.275523 -0.016698
v -0.184434 0.269465 -0.022597
v -0.182905 0.275394 -0.014199
v -0.189537 0.267919 -0.017754
v -0.186496 0.273203 -0.009939
v -0.183826 0.276862 -0.004055
v -0.181662 0.279237 -0.000553
v -0.189585 0.270426 -0.004447
v -0.186395 0.273859 0.001512
v -0.192259 0.267101 0.001529
v -0.193296 0.265569 -0.011790
v -0.196256 0.262304 -0.005485
v -0.195617 0.258345 -0.030849
v -0.188335 0.259368 -0.037223
v -0.196819 0.234402 -0.061636
v -0.185729 0.234577 -0.068077
v -0.203497 0.196512 -0.091922
v -0.191702 0.194235 -0.095415
v -0.220914 0.153250 -0.104372
v -0.177387 0.190770 -0.096732
v -0.205772 0.150019 -0.107671
v -0.237979 0.111312 -0.115290
v -0.181051 0.143916 -0.110373
v -0.219150 0.103190 -0.119905
v -0.257067 0.071588 -0.130445
v -0.192166 0.087049 -0.132383
v -0.233218 0.054962 -0.145954
v -0.277716 0.024830 -0.146881
v -0.257521 0.008636 -0.160639
v -0.297785 -0.020205 -0.163901
v -0.241569 -0.005277 -0.169087
v -0.285145 -0.033126 -0.171006
v -0.331385 -0.062339 -0.181024
v -0.274959 -0.043103 -0.180706
v -0.321979 -0.072973 -0.187830
v -0.375359 -0.101951 -0.205762
v -0.313413 -0.081311 -0.197740
v -0.364227 -0.115366 -0.214840
v -0.424743 -0.135026 -0.224884
v -0.356910 -0.126079 -0.221142
v -0.415637 -0.146717 -0.238938
v -0.469164 -0.169531 -0.266363
v -0.479618 -0.155044 -0.246011
v -0.519030 -0.201519 -0.303937
v -0.456483 -0.182652 -0.281134
v -0.503491 -0.220604 -0.318664
v -0.443708 -0.191050 -0.295686
v -0.492230 -0.233767 -0.325482
v -0.436432 -0.197614 -0.305382
v -0.483309 -0.243324 -0.335719
v -0.538532 -0.277627 -0.361435
v -0.477624 -0.244412 -0.349032
v -0.531137 -0.278548 -0.372629
v -0.560567 -0.296041 -0.395409
v -0.574064 -0.302612 -0.380006
v -0.593186 -0.327407 -0.389966
v -0.393078 -0.155716 -0.268295
v -0.399873 -0.156269 -0.261329
v -0.342666 -0.135885 -0.241910
v -0.340543 -0.135707 -0.256638
v -0.407292 -0.152522 -0.251008
v -0.348105 -0.134838 -0.231040
v -0.307139 -0.086362 -0.219838
v -0.305454 -0.087651 -0.232636
v -0.309077 -0.084327 -0.208754
v -0.265646 -0.048180 -0.213326
v -0.260021 -0.055565 -0.225410
v -0.269661 -0.046423 -0.196767
v -0.231036 -0.013497 -0.208285
v -0.223856 -0.024349 -0.225260
v -0.233882 -0.010738 -0.187133
v -0.205093 0.002112 -0.219955
v -0.199776 -0.014685 -0.229788
v -0.200325 -0.026011 -0.245820
v -0.218247 -0.036914 -0.235508
v -0.208747 -0.034114 -0.264206
v -0.222073 -0.043187 -0.251547
v -0.257391 -0.063233 -0.234866
v -0.233427 -0.051134 -0.267732
v -0.260508 -0.066347 -0.249735
v -0.304901 -0.089366 -0.246001
v -0.276340 -0.074268 -0.270347
v -0.306841 -0.095246 -0.267559
v -0.341107 -0.136616 -0.277158
v -0.347382 -0.142304 -0.310100
v -0.259790 -0.066233 -0.282695
v -0.253941 -0.063284 -0.293951
v -0.285383 -0.079087 -0.314008
v -0.225169 -0.046019 -0.281191
v -0.218048 -0.045339 -0.292333
v -0.247992 -0.062740 -0.306138
v -0.200277 -0.030946 -0.273128
v -0.189977 -0.034194 -0.279731
v -0.209627 -0.049252 -0.300618
v -0.200982 -0.057806 -0.304999
v -0.231751 -0.078236 -0.316350
v -0.240590 -0.068706 -0.313967
v -0.182633 -0.044438 -0.282216
v -0.176972 -0.059285 -0.283636
v -0.191530 -0.070299 -0.305770
v -0.177013 -0.095338 -0.302400
v -0.199824 -0.108059 -0.313608
v -0.220431 -0.088727 -0.316129
v -0.164998 -0.091066 -0.283314
v -0.136103 -0.129645 -0.279827
v -0.145563 -0.132636 -0.299413
v -0.113047 -0.162535 -0.293738
v -0.128876 -0.177160 -0.301470
v -0.161809 -0.145174 -0.304277
v -0.102565 -0.163353 -0.276029
v -0.079465 -0.181639 -0.285336
v -0.096325 -0.188864 -0.296567
v -0.075487 -0.153520 -0.263290
v -0.048605 -0.162848 -0.284967
v -0.037054 -0.170298 -0.299618
v -0.067669 -0.192769 -0.296473
v -0.087553 -0.206107 -0.306504
v -0.027821 -0.182721 -0.306094
v 0.002909 -0.159423 -0.301034
v 0.009908 -0.169824 -0.314555
v -0.023042 -0.183894 -0.323348
v 0.012518 -0.170628 -0.333633
v -0.019947 -0.184504 -0.344948
v 0.015436 -0.171073 -0.352735
v -0.017020 -0.185006 -0.365029
v -0.051398 -0.200300 -0.372330
v -0.013086 -0.184779 -0.380844
v -0.050989 -0.201577 -0.386276
v -0.088332 -0.217987 -0.382738
v -0.083476 -0.214301 -0.369271
v -0.110648 -0.226591 -0.366322
v -0.102814 -0.221056 -0.354184
v -0.124287 -0.226718 -0.353009
v -0.115372 -0.220830 -0.340278
v -0.103787 -0.216427 -0.323076
v -0.127637 -0.213407 -0.326825
v -0.112499 -0.202637 -0.307615
v -0.144213 -0.195825 -0.313946
v -0.137913 -0.218851 -0.345059
v -0.154783 -0.205093 -0.337648
v -0.189534 -0.179601 -0.333640
v -0.179906 -0.164770 -0.313116
v -0.233579 -0.140351 -0.336540
v -0.221739 -0.127967 -0.321065
v -0.260270 -0.112803 -0.339061
v -0.246037 -0.105964 -0.324591
v -0.260442 -0.092546 -0.326108
v -0.269603 -0.083824 -0.324679
v -0.294188 -0.086770 -0.338986
v -0.278181 -0.078587 -0.319416
v -0.299642 -0.090771 -0.337381
v -0.299568 -0.095708 -0.360556
v -0.304040 -0.101256 -0.360591
v -0.278808 -0.121808 -0.367713
v -0.286172 -0.128810 -0.369404
v -0.293472 -0.136691 -0.370963
v -0.267986 -0.181953 -0.370339
v -0.275080 -0.190586 -0.378279
v -0.301271 -0.146699 -0.372995
v -0.259816 -0.172286 -0.368864
v -0.228136 -0.215884 -0.369509
v -0.236417 -0.224676 -0.371828
v -0.251423 -0.163096 -0.366805
v -0.218564 -0.206941 -0.368038
v -0.184892 -0.239024 -0.367727
v -0.193764 -0.248090 -0.369384
v -0.242360 -0.153170 -0.363138
v -0.206306 -0.197528 -0.364602
v -0.174822 -0.228166 -0.363992
v -0.154588 -0.242649 -0.361468
v -0.161008 -0.254598 -0.365720
v -0.195803 -0.187386 -0.353932
v -0.164566 -0.215709 -0.355047
v -0.147263 -0.230294 -0.354990
v -0.131175 -0.236368 -0.361306
v -0.135578 -0.248248 -0.365829
v -0.140428 -0.261423 -0.369265
v -0.129783 -0.277839 -0.383425
v -0.146892 -0.273761 -0.372377
v -0.167444 -0.265551 -0.368266
v -0.201782 -0.256304 -0.372437
v -0.204979 -0.259196 -0.384296
v -0.240573 -0.229212 -0.383025
v -0.205359 -0.258672 -0.399487
v -0.239840 -0.229628 -0.397781
v -0.273140 -0.194079 -0.392582
v -0.239080 -0.229769 -0.414781
v -0.269876 -0.198560 -0.411269
v -0.238158 -0.230719 -0.443353
v -0.268855 -0.201219 -0.440724
v -0.208017 -0.256678 -0.440856
v -0.220753 -0.269888 -0.452160
v -0.205796 -0.257579 -0.416925
v -0.228017 -0.274601 -0.471131
v -0.295846 -0.270692 -0.479586
v -0.351344 -0.237131 -0.480935
v -0.321974 -0.288426 -0.477806
v -0.355632 -0.234960 -0.479319
v -0.373278 -0.295520 -0.499304
v -0.381680 -0.290889 -0.491662
v -0.377490 -0.345937 -0.510468
v -0.382223 -0.367181 -0.513014
v -0.236338 -0.146377 -0.353214
v -0.050433 -0.203368 -0.398926
v -0.009042 -0.184512 -0.395984
v -0.002776 -0.195398 -0.408158
v -0.045879 -0.213856 -0.405184
v 0.014099 -0.231258 -0.415899
v 0.019312 -0.240378 -0.426572
v -0.013672 -0.274813 -0.437020
v -0.017538 -0.267402 -0.421465
v -0.039482 -0.288343 -0.425665
v -0.050537 -0.273661 -0.416712
v -0.064636 -0.282372 -0.423035
v 0.018996 -0.171211 -0.371050
v 0.048063 -0.157004 -0.358808
v 0.045629 -0.156695 -0.339671
v 0.083691 -0.136628 -0.326512
v 0.086320 -0.135808 -0.348732
v 0.042864 -0.156541 -0.321269
v 0.079229 -0.137761 -0.306677
v 0.038740 -0.153964 -0.304534
v 0.074385 -0.133070 -0.293348
v 0.031075 -0.142567 -0.294607
v 0.066886 -0.122564 -0.287268
v 0.091255 -0.103575 -0.278976
v 0.100604 -0.098420 -0.270438
v 0.060473 -0.112921 -0.285912
v 0.085226 -0.098151 -0.278281
v 0.095191 -0.091473 -0.268416
v 0.098475 -0.095077 -0.248914
v 0.110804 -0.102697 -0.247478
v 0.089776 -0.086331 -0.249676
v 0.076506 -0.088209 -0.250000
v 0.080509 -0.085000 -0.228262
v 0.056758 -0.101171 -0.251113
v 0.064698 -0.096400 -0.230193
v 0.022611 -0.111695 -0.247552
v 0.033843 -0.109063 -0.226338
v -0.016258 -0.097662 -0.237199
v -0.010563 -0.094510 -0.217143
v -0.007002 -0.089257 -0.200367
v -0.057727 -0.068416 -0.206222
v -0.052222 -0.061558 -0.186743
v -0.042753 -0.046492 -0.176573
v -0.028133 -0.022579 -0.167570
v -0.096893 -0.028417 -0.190130
v -0.087295 -0.011670 -0.182487
v -0.068789 0.018538 -0.172424
v -0.032645 0.069296 -0.149036
v 0.008024 0.023884 -0.151241
v -0.110967 0.013237 -0.188805
v -0.084833 0.045357 -0.177775
v -0.045621 0.094975 -0.151835
v -0.009250 0.138958 -0.130192
v 0.021347 0.118677 -0.127748
v -0.093373 0.061672 -0.177352
v -0.053741 0.108570 -0.155149
v -0.020519 0.149109 -0.134647
v -0.063388 0.118667 -0.153392
v -0.032989 0.156471 -0.132821
v -0.068703 0.119476 -0.139780
v -0.041959 0.156052 -0.119401
v -0.074746 0.122859 -0.116851
v -0.056162 0.166809 -0.105497
v -0.053705 0.219581 -0.074313
v -0.061710 0.232059 -0.051751
v -0.046036 0.262789 -0.052473
v -0.035308 0.240759 -0.069031
v -0.030863 0.277544 -0.057360
v -0.020857 0.251455 -0.073437
v -0.017675 0.283782 -0.059946
v -0.005084 0.253980 -0.072157
v -0.006370 0.286866 -0.058095
v 0.007357 0.253999 -0.066914
v 0.002669 0.289088 -0.055894
v 0.019068 0.255644 -0.062118
v 0.011219 0.291749 -0.053896
v 0.029662 0.258628 -0.059048
v 0.048544 0.232132 -0.074483
v 0.037803 0.260445 -0.053183
v 0.060101 0.232317 -0.067106
v 0.082289 0.205820 -0.087964
v 0.069964 0.208430 -0.096645
v 0.109828 0.170936 -0.113380
v 0.100229 0.173784 -0.123355
v 0.141968 0.124463 -0.137816
v 0.134412 0.125334 -0.148820
v 0.126000 0.117939 -0.145737
v 0.177611 0.076338 -0.170916
v 0.167044 0.066182 -0.172188
v 0.158499 0.053236 -0.166976
v 0.117175 0.109161 -0.142038
v 0.145112 0.029597 -0.159029
v 0.104728 0.097517 -0.138340
v 0.109206 0.003129 -0.157619
v 0.068092 0.072199 -0.137993
v 0.168554 -0.013569 -0.169767
v 0.125277 -0.039568 -0.172609
v 0.176710 -0.034497 -0.174011
v 0.131894 -0.058347 -0.180840
v 0.180791 -0.048154 -0.177663
v 0.136644 -0.069083 -0.185871
v 0.183204 -0.059656 -0.186968
v 0.139631 -0.080234 -0.193750
v 0.180731 -0.065074 -0.201223
v 0.140699 -0.086775 -0.206193
v 0.174207 -0.069165 -0.219048
v 0.138009 -0.089507 -0.222597
v 0.219288 -0.042149 -0.225984
v 0.216235 -0.044562 -0.243715
v 0.221199 -0.039169 -0.212142
v 0.254723 -0.017219 -0.217895
v 0.256436 -0.017970 -0.229897
v 0.220755 -0.032690 -0.201657
v 0.250304 -0.012773 -0.207330
v 0.216100 -0.023617 -0.196176
v 0.243578 -0.004321 -0.201561
v 0.208792 -0.011702 -0.193477
v 0.233835 0.006035 -0.197659
v 0.250824 0.020819 -0.194760
v 0.264825 0.028773 -0.180146
v 0.208170 0.026924 -0.189513
v 0.222126 0.039986 -0.186451
v 0.234127 0.046656 -0.173142
v 0.243656 0.044386 -0.153479
v 0.277681 0.026897 -0.153575
v 0.186992 0.079816 -0.159369
v 0.193481 0.078198 -0.144214
v 0.202545 0.073947 -0.126164
v 0.251233 0.042096 -0.129082
v 0.147264 0.122250 -0.125572
v 0.117433 0.164954 -0.101229
v 0.090825 0.198487 -0.075199
v 0.065160 0.227051 -0.055947
v 0.042097 0.259305 -0.044067
v 0.048376 0.260914 -0.034820
v 0.021420 0.294052 -0.039273
v 0.026855 0.295511 -0.031080
v 0.035247 0.300931 -0.027511
v 0.008207 0.329723 -0.029234
v 0.012910 0.331699 -0.023235
v 0.017667 0.335187 -0.016889
v 0.043017 0.309045 -0.020850
v 0.020608 0.339402 -0.008864
v 0.048594 0.314128 -0.011643
v 0.021266 0.340229 0.000751
v 0.050598 0.315541 -0.000423
v 0.019484 0.337965 0.009453
v 0.047799 0.313195 0.011219
v 0.014701 0.333817 0.017375
v 0.041180 0.306679 0.019892
v 0.009317 0.330875 0.024948
v -0.007807 0.356363 0.019219
v -0.012182 0.356537 0.023423
v -0.018778 0.374072 0.012737
v -0.023676 0.372692 0.014795
v -0.028546 0.370606 0.015812
v -0.029490 0.379126 0.006030
v -0.034226 0.376282 0.006123
v -0.038899 0.371888 0.005952
v -0.035104 0.376782 -0.003533
v -0.040184 0.372703 -0.004830
v -0.045137 0.366579 -0.005816
v -0.044315 0.366306 0.005946
v -0.050630 0.359762 -0.006792
v -0.050360 0.359306 0.006354
v -0.059371 0.349896 -0.008404
v -0.044013 0.356909 -0.020013
v -0.053731 0.347206 -0.022640
v -0.068163 0.329587 -0.024897
v -0.044446 0.338668 -0.033886
v -0.059215 0.323300 -0.037197
v -0.076869 0.295464 -0.034890
v -0.045716 0.307191 -0.045061
v -0.063663 0.285059 -0.045242
v -0.078550 0.250332 -0.040547
v -0.031659 0.317892 -0.047133
v -0.034631 0.346820 -0.031759
v -0.021895 0.323408 -0.049123
v -0.027535 0.352217 -0.030979
v -0.013905 0.327098 -0.049021
v -0.022036 0.355342 -0.030089
v -0.007015 0.329037 -0.046967
v -0.017462 0.357122 -0.028736
v -0.001372 0.329939 -0.043194
v 0.017596 0.294131 -0.049715
v 0.003815 0.329384 -0.035763
v -0.012853 0.357909 -0.025573
v -0.009058 0.358363 -0.021835
v -0.026340 0.375272 -0.014348
v -0.022727 0.377242 -0.011254
v -0.030614 0.379855 -0.002478
v -0.026252 0.380979 -0.001908
v -0.024558 0.380110 0.005142
v -0.030130 0.372138 -0.016005
v -0.034310 0.367964 -0.017024
v -0.038467 0.363078 -0.018047
v 0.256282 0.041005 -0.105361
v 0.292748 0.022405 -0.105870
v 0.287253 0.023606 -0.126624
v 0.314214 0.013265 -0.105112
v 0.309351 0.014353 -0.123086
v 0.319984 0.016259 -0.092666
v 0.298723 0.027519 -0.090310
v 0.306831 0.038345 -0.083825
v 0.327426 0.024157 -0.087756
v 0.263271 0.045919 -0.087316
v 0.273559 0.059207 -0.080371
v 0.282607 0.069226 -0.075886
v 0.315451 0.047574 -0.079799
v 0.335532 0.032416 -0.084387
v 0.358461 0.016159 -0.089954
v 0.349762 0.012912 -0.090956
v 0.341852 0.008961 -0.092968
v 0.355576 -0.004918 -0.102261
v 0.349628 -0.008342 -0.102107
v 0.351571 -0.008230 -0.120834
v 0.345023 -0.010783 -0.120527
v 0.346259 -0.009900 -0.143054
v 0.338668 -0.009179 -0.142949
v 0.333219 -0.002128 -0.142996
v 0.335105 -0.002785 -0.170549
v 0.328243 0.006232 -0.171448
v 0.320491 0.016441 -0.175330
v 0.326006 0.007132 -0.143631
v 0.324607 0.011829 -0.197324
v 0.314391 0.016843 -0.198541
v 0.322453 0.014393 -0.220652
v 0.312305 0.017229 -0.220583
v 0.299560 0.010150 -0.221884
v 0.284919 0.001168 -0.242439
v 0.281797 -0.001063 -0.225184
v 0.258072 -0.017212 -0.244932
v 0.260502 -0.015771 -0.263237
v 0.213412 -0.048678 -0.268031
v 0.265749 -0.012483 -0.281045
v 0.223079 -0.049013 -0.292298
v 0.271881 -0.012239 -0.295463
v 0.229800 -0.050426 -0.311099
v 0.181169 -0.089831 -0.333591
v 0.236776 -0.053018 -0.325665
v 0.189634 -0.088733 -0.351615
v 0.141216 -0.107788 -0.371644
v 0.133978 -0.112148 -0.347060
v 0.196981 -0.089021 -0.365019
v 0.146073 -0.105310 -0.387217
v 0.203045 -0.092477 -0.370118
v 0.151420 -0.107209 -0.401682
v 0.208924 -0.100875 -0.375134
v 0.159767 -0.114957 -0.408411
v 0.110460 -0.167038 -0.419999
v 0.120874 -0.174834 -0.428514
v 0.070647 -0.224051 -0.441417
v 0.261007 -0.081190 -0.346651
v 0.254122 -0.069111 -0.341601
v 0.295370 -0.043612 -0.331672
v 0.303207 -0.058382 -0.342897
v 0.245864 -0.058269 -0.335339
v 0.288506 -0.025826 -0.317855
v 0.280060 -0.017126 -0.305520
v 0.307602 -0.064107 -0.354353
v 0.331571 0.003022 -0.197051
v 0.329560 0.005886 -0.221076
v 0.337841 -0.004884 -0.196893
v 0.342387 -0.009247 -0.170100
v 0.350195 -0.006925 -0.169047
v 0.346817 -0.006398 -0.196129
v 0.358195 -0.002732 -0.168031
v 0.356284 -0.002925 -0.195073
v 0.366149 0.002162 -0.167406
v 0.366036 0.001060 -0.142681
v 0.374779 0.004364 -0.145764
v 0.375498 0.004955 -0.168283
v 0.360098 -0.002627 -0.142708
v 0.362879 -0.001595 -0.122241
v 0.368185 0.001139 -0.123747
v 0.353738 -0.006446 -0.142892
v 0.357395 -0.004895 -0.121417
v 0.361336 -0.001734 -0.103245
v 0.376439 0.002415 -0.127593
v 0.407869 -0.022475 -0.131673
v 0.404553 -0.020696 -0.143233
v 0.401104 -0.018567 -0.156421
v 0.442231 -0.046218 -0.176573
v 0.435542 -0.049945 -0.190469
v 0.399890 -0.018421 -0.176129
v 0.444963 -0.046736 -0.162091
v 0.482613 -0.080144 -0.172505
v 0.478723 -0.081808 -0.188445
v 0.446676 -0.047234 -0.148908
v 0.483340 -0.080486 -0.157067
v 0.519822 -0.117655 -0.155845
v 0.517921 -0.116226 -0.170780
v 0.448624 -0.047444 -0.137050
v 0.483895 -0.080512 -0.143123
v 0.521497 -0.119205 -0.142243
v 0.574097 -0.153757 -0.136510
v 0.570388 -0.152677 -0.148231
v 0.487817 -0.076322 -0.132239
v 0.526674 -0.116187 -0.131533
v 0.581654 -0.148739 -0.130004
v 0.642297 -0.174260 -0.128026
v 0.635602 -0.180995 -0.131686
v 0.537079 -0.107222 -0.129815
v 0.591478 -0.140186 -0.127977
v 0.650667 -0.165842 -0.125792
v 0.692978 -0.189934 -0.124933
v 0.688322 -0.198930 -0.127919
v 0.601767 -0.131945 -0.126386
v 0.659388 -0.156562 -0.124156
v 0.698496 -0.180520 -0.123311
v 0.724350 -0.208047 -0.124013
v 0.718586 -0.218327 -0.125505
v 0.667935 -0.144382 -0.122334
v 0.705094 -0.170600 -0.121901
v 0.678098 -0.130065 -0.120105
v 0.713733 -0.158645 -0.120185
v 0.686479 -0.118620 -0.118019
v 0.720997 -0.148703 -0.118639
v 0.695379 -0.107648 -0.115218
v 0.727468 -0.139999 -0.117184
v 0.753771 -0.166642 -0.117893
v 0.772272 -0.189057 -0.118858
v 0.734047 -0.131940 -0.115581
v 0.759490 -0.158171 -0.115590
v 0.736897 -0.128482 -0.105699
v 0.763575 -0.150961 -0.108197
v 0.738515 -0.127671 -0.092747
v 0.709121 -0.095533 -0.102953
v 0.712272 -0.094742 -0.090746
v 0.716480 -0.095637 -0.079020
v 0.745472 -0.123050 -0.082570
v 0.727925 -0.089110 -0.072341
v 0.758842 -0.112776 -0.075737
v 0.741059 -0.079946 -0.064639
v 0.772899 -0.102264 -0.064333
v 0.753284 -0.072626 -0.047126
v 0.782804 -0.094744 -0.040791
v 0.759406 -0.069665 -0.027884
v 0.787918 -0.089033 -0.020507
v 0.805819 -0.099466 -0.017219
v 0.817443 -0.106021 -0.014684
v 0.794712 -0.079660 -0.009071
v 0.763867 -0.064431 -0.012394
v 0.767395 -0.059473 0.002392
v 0.797684 -0.077134 0.002264
v 0.767126 -0.069550 0.013246
v 0.794364 -0.086504 0.011214
v 0.766628 -0.076693 0.027030
v 0.731780 -0.044261 0.015306
v 0.730740 -0.046625 0.031707
v 0.724916 -0.052343 0.048928
v 0.763552 -0.082229 0.046921
v 0.714597 -0.061954 0.061963
v 0.755062 -0.091305 0.063364
v 0.706714 -0.070562 0.067474
v 0.745245 -0.103669 0.072067
v 0.702606 -0.077701 0.073065
v 0.736080 -0.114731 0.077871
v 0.703752 -0.081250 0.080454
v 0.732742 -0.123655 0.087319
v 0.749525 -0.139809 0.091055
v 0.737970 -0.129651 0.101997
v 0.745253 -0.136467 0.102816
v 0.705925 -0.085687 0.090535
v 0.710704 -0.093413 0.098732
v 0.737329 -0.129121 0.107765
v 0.730590 -0.121117 0.111375
v 0.693145 -0.102165 0.112023
v 0.693955 -0.112355 0.113951
v 0.735858 -0.142527 0.114409
v 0.725937 -0.152371 0.116375
v 0.688666 -0.124877 0.116144
v 0.679758 -0.140484 0.118543
v 0.717812 -0.168920 0.118606
v 0.670312 -0.155781 0.120729
v 0.708011 -0.182743 0.120571
v 0.662971 -0.167406 0.122318
v 0.700742 -0.193823 0.122191
v 0.655759 -0.178427 0.123832
v 0.693897 -0.204036 0.124610
v 0.726998 -0.242010 0.126434
v 0.759433 -0.274747 0.134946
v 0.650416 -0.189683 0.126581
v 0.610425 -0.158225 0.125448
v 0.606128 -0.166007 0.130238
v 0.605307 -0.167846 0.139202
v 0.649140 -0.193277 0.137322
v 0.605614 -0.168041 0.150905
v 0.648947 -0.194190 0.149482
v 0.605807 -0.168409 0.164816
v 0.648009 -0.195625 0.162913
v 0.690631 -0.212259 0.165714
v 0.705190 -0.242546 0.170822
v 0.647163 -0.197298 0.180094
v 0.680206 -0.219695 0.181134
v 0.699122 -0.239505 0.185834
v 0.676683 -0.218877 0.208930
v 0.646216 -0.198508 0.208031
v 0.668316 -0.216216 0.240968
v 0.672299 -0.222706 0.265755
v 0.664487 -0.226578 0.285623
v 0.664702 -0.237495 0.286631
v 0.605763 -0.169429 0.185436
v 0.558603 -0.146635 0.170070
v 0.557721 -0.145520 0.156049
v 0.516520 -0.114677 0.158801
v 0.556717 -0.144589 0.143482
v 0.513983 -0.112350 0.145478
v 0.556338 -0.142499 0.131680
v 0.512717 -0.108065 0.133757
v 0.560696 -0.133027 0.127675
v 0.517185 -0.097155 0.128641
v 0.566044 -0.121826 0.126020
v 0.522323 -0.084609 0.126673
v 0.486256 -0.044243 0.125271
v 0.527969 -0.071246 0.124794
v 0.491152 -0.029710 0.122994
v 0.535976 -0.057529 0.122610
v 0.500219 -0.013412 0.120017
v 0.546614 -0.043055 0.119785
v 0.587315 -0.082576 0.120340
v 0.595329 -0.066000 0.115962
v 0.579505 -0.097806 0.122677
v 0.633356 -0.122195 0.120485
v 0.640853 -0.105259 0.118021
v 0.572362 -0.110595 0.124469
v 0.624973 -0.137089 0.122507
v 0.617024 -0.147853 0.124021
v 0.645740 -0.088410 0.114795
v 0.648464 -0.074387 0.108229
v 0.601884 -0.052136 0.104669
v 0.653908 -0.068853 0.102592
v 0.605438 -0.045299 0.089645
v 0.653100 -0.062553 0.088654
v 0.606324 -0.041890 0.079617
v 0.576986 -0.010550 0.067735
v 0.610451 -0.033328 0.070878
v 0.582414 -0.005070 0.058456
v 0.565536 0.024632 0.041478
v 0.560315 0.017888 0.052645
v 0.590248 0.005955 0.054763
v 0.573261 0.033973 0.037138
v 0.598330 0.017211 0.050867
v 0.580810 0.045091 0.032394
v 0.571644 0.064938 0.008390
v 0.588290 0.056383 0.027660
v 0.580087 0.073581 0.006787
v 0.585959 0.069990 -0.017707
v 0.576549 0.063020 -0.017406
v 0.592297 0.045258 -0.036655
v 0.581487 0.037192 -0.039740
v 0.600492 0.052316 -0.034201
v 0.625474 0.021245 -0.038250
v 0.618336 0.018883 -0.050266
v 0.606804 0.053308 -0.023803
v 0.634576 0.026387 -0.028426
v 0.673038 -0.001333 -0.029181
v 0.665234 -0.005763 -0.041372
v 0.611975 0.053872 -0.014083
v 0.644084 0.031665 -0.018475
v 0.679133 0.001364 -0.016332
v 0.727882 -0.040263 -0.017593
v 0.723797 -0.038808 -0.033425
v 0.683650 0.002607 -0.002222
v 0.730937 -0.041882 -0.000701
v 0.683812 -0.000369 0.011286
v 0.681182 -0.005684 0.026030
v 0.641599 0.014423 0.032763
v 0.676375 -0.012757 0.039802
v 0.635896 0.006547 0.044527
v 0.667917 -0.022593 0.050093
v 0.630298 0.000774 0.058003
v 0.660525 -0.031950 0.061111
v 0.623036 -0.009054 0.062453
v 0.658205 -0.038124 0.073283
v 0.615918 -0.021134 0.066660
v 0.655085 -0.047967 0.076189
v 0.654082 -0.056198 0.079960
v 0.605876 0.028007 0.046473
v 0.612597 0.035627 0.038132
v 0.615732 0.040288 0.025492
v 0.714945 -0.040757 -0.049937
v 0.699447 -0.047867 -0.061927
v 0.652237 -0.013152 -0.052033
v 0.685523 -0.056056 -0.067058
v 0.638638 -0.017008 -0.065541
v 0.605234 0.011116 -0.056471
v 0.624948 -0.025488 -0.070908
v 0.593191 0.001551 -0.059708
v 0.570223 0.029315 -0.043022
v 0.581227 -0.006639 -0.065051
v 0.559868 0.025514 -0.049949
v 0.573944 -0.008464 -0.074758
v 0.553200 0.027339 -0.060858
v 0.568871 -0.007936 -0.088882
v 0.547835 0.030868 -0.077656
v 0.528714 0.054333 -0.061898
v 0.537562 0.030402 -0.099244
v 0.515158 0.059171 -0.084642
v 0.508206 0.075050 -0.042613
v 0.483278 0.105554 -0.029124
v 0.454424 0.131283 -0.026112
v 0.463220 0.134263 -0.020643
v 0.469201 0.135855 -0.014408
v 0.452980 0.147039 -0.013646
v 0.457547 0.147877 -0.008911
v 0.446166 0.144821 -0.017012
v 0.442935 0.125947 -0.029959
v 0.436666 0.140761 -0.018967
v 0.431327 0.148452 -0.011228
v 0.418818 0.141890 -0.013164
v 0.415820 0.145761 -0.004923
v 0.428617 0.151311 -0.003356
v 0.416056 0.143791 0.004791
v 0.429143 0.149886 0.004986
v 0.418629 0.139845 0.013373
v 0.431868 0.145864 0.011968
v 0.441792 0.150839 0.010590
v 0.447204 0.143824 0.017246
v 0.455267 0.146500 0.012074
v 0.449690 0.152785 0.006805
v 0.465098 0.133170 0.018164
v 0.455813 0.129657 0.024940
v 0.482240 0.107835 0.025443
v 0.523249 0.073287 0.027109
v 0.490764 0.111278 0.014164
v 0.391253 0.133932 0.006165
v 0.394736 0.129527 0.017792
v 0.356213 0.115283 0.004890
v 0.359150 0.110454 0.018914
v 0.332848 0.103638 0.001421
v 0.333953 0.098947 0.013673
v 0.339845 0.088234 0.025815
v 0.328806 0.079663 0.021184
v 0.358555 0.075835 0.050031
v 0.355567 0.114034 -0.009799
v 0.332458 0.100463 -0.010789
v 0.357254 0.108411 -0.022561
v 0.334328 0.092518 -0.020539
v 0.319406 0.079964 -0.019974
v 0.341784 0.082885 -0.032957
v 0.353439 0.071847 -0.049513
v 0.393290 0.129775 -0.019267
v 0.391065 0.134081 -0.006916
v 0.519526 0.022043 -0.113270
v 0.546327 -0.021358 -0.119515
v 0.529382 -0.034072 -0.123533
v 0.498817 0.008438 -0.118942
v 0.560980 -0.011037 -0.107080
v 0.591332 -0.050102 -0.112051
v 0.580630 -0.063243 -0.120538
v 0.598539 -0.043888 -0.097830
v 0.650563 -0.069219 -0.105562
v 0.643663 -0.078576 -0.113469
v 0.605375 -0.041224 -0.083492
v 0.657535 -0.064430 -0.096510
v 0.703794 -0.099426 -0.110709
v 0.612631 -0.036221 -0.075923
v 0.666045 -0.059922 -0.086522
v 0.675577 -0.057723 -0.076498
v 0.634685 -0.092260 -0.119040
v 0.624829 -0.106782 -0.122061
v 0.569091 -0.076081 -0.123818
v 0.613590 -0.120843 -0.124439
v 0.557407 -0.088071 -0.126179
v 0.515695 -0.046196 -0.126086
v 0.547172 -0.097988 -0.128063
v 0.505449 -0.056651 -0.128108
v 0.469081 -0.019624 -0.125394
v 0.480227 -0.007226 -0.122748
v 0.438057 0.010645 -0.119707
v 0.461779 -0.030175 -0.127446
v 0.429760 0.001324 -0.121553
v 0.409814 0.025405 -0.113396
v 0.420368 0.035270 -0.111993
v 0.396869 0.045187 -0.101076
v 0.411515 0.054930 -0.098971
v 0.422465 -0.008272 -0.123037
v 0.454895 -0.039680 -0.129824
v 0.414835 -0.017355 -0.124082
v 0.496720 -0.066793 -0.129930
v 0.825669 -0.112582 -0.008719
v 0.823467 -0.123339 -0.022800
v 0.827571 -0.121875 0.000330
v 0.827182 -0.131761 -0.013470
v 0.828063 -0.152665 -0.040027
v 0.826087 -0.143762 -0.050293
v 0.828169 -0.188422 -0.065008
v 0.823798 -0.181117 -0.078026
v 0.827588 -0.135208 0.012040
v 0.828118 -0.115850 0.009349
v 0.825342 -0.128692 0.020504
v 0.828080 -0.159013 0.049338
v 0.828787 -0.165357 0.036284
v 0.826891 -0.194950 0.068714
v 0.830644 -0.199700 0.051105
v 0.835820 -0.225148 0.027746
v 0.844862 -0.242146 0.026760
v 0.844983 -0.242112 -0.017764
v 0.835606 -0.223597 -0.016078
v 0.861355 -0.252264 0.025874
v 0.862230 -0.252469 -0.020047
v 0.884118 -0.259100 0.024252
v 0.884346 -0.258595 -0.021435
v 0.879398 -0.259182 -0.052260
v 0.900832 -0.276223 -0.022782
v 0.897755 -0.274875 -0.051646
v 0.893902 -0.276485 -0.068997
v 0.874501 -0.261979 -0.067538
v 0.883875 -0.283487 -0.077769
v 0.908233 -0.305222 -0.068297
v 0.899299 -0.308377 -0.079184
v 0.887632 -0.313003 -0.082587
v 0.872971 -0.293305 -0.080646
v 0.876304 -0.318014 -0.086018
v 0.863943 -0.303366 -0.085485
v 0.867506 -0.322119 -0.094152
v 0.858733 -0.310865 -0.095003
v 0.847071 -0.304415 -0.095790
v 0.834578 -0.291255 -0.095892
v 0.858475 -0.313354 -0.110062
v 0.846212 -0.307653 -0.109747
v 0.833263 -0.293125 -0.109104
v 0.828127 -0.271002 -0.106364
v 0.823887 -0.246237 -0.102931
v 0.815849 -0.244864 -0.115961
v 0.806441 -0.246404 -0.121167
v 0.795985 -0.247899 -0.123553
v 0.787507 -0.218077 -0.120768
v 0.779718 -0.246832 -0.124986
v 0.777096 -0.264216 -0.127755
v 0.746351 -0.245120 -0.127467
v 0.751759 -0.234838 -0.125545
v 0.771186 -0.276623 -0.131030
v 0.742086 -0.253998 -0.130234
v 0.712820 -0.228250 -0.127907
v 0.687199 -0.204646 -0.133407
v 0.689807 -0.209895 -0.144508
v 0.631684 -0.184346 -0.142915
v 0.566765 -0.151085 -0.161161
v 0.561843 -0.149134 -0.176201
v 0.515260 -0.114272 -0.185418
v 0.554546 -0.149111 -0.193437
v 0.503697 -0.120723 -0.195244
v 0.467618 -0.089026 -0.196759
v 0.498250 -0.121813 -0.214106
v 0.463757 -0.088905 -0.213303
v 0.431575 -0.049046 -0.207728
v 0.461540 -0.086647 -0.230648
v 0.765626 -0.283543 -0.140012
v 0.787814 -0.312810 -0.157627
v 0.762163 -0.287200 -0.148913
v 0.779916 -0.323647 -0.162070
v 0.754541 -0.297764 -0.157487
v 0.771145 -0.334718 -0.163906
v 0.747389 -0.308527 -0.164423
v 0.767278 -0.342624 -0.176816
v 0.742401 -0.317580 -0.175741
v 0.769151 -0.346216 -0.193924
v 0.741471 -0.321414 -0.193910
v 0.769713 -0.349651 -0.212490
v 0.733857 -0.329190 -0.209824
v 0.766999 -0.354839 -0.225703
v 0.725918 -0.344229 -0.221429
v 0.692989 -0.336868 -0.216680
v 0.725392 -0.355352 -0.234276
v 0.688279 -0.352511 -0.230998
v 0.665503 -0.345481 -0.232235
v 0.687545 -0.366561 -0.237535
v 0.655054 -0.360502 -0.237831
v 0.636527 -0.349943 -0.246632
v 0.654476 -0.334765 -0.244412
v 0.627059 -0.343375 -0.260938
v 0.642686 -0.323859 -0.257248
v 0.626105 -0.342562 -0.280721
v 0.641291 -0.321452 -0.275733
v 0.658038 -0.295380 -0.267793
v 0.637139 -0.316234 -0.293015
v 0.650914 -0.290266 -0.287450
v 0.624673 -0.309006 -0.299230
v 0.636815 -0.284036 -0.298130
v 0.623090 -0.338549 -0.298107
v 0.610033 -0.332351 -0.301594
v 0.602459 -0.329174 -0.317181
v 0.598799 -0.354022 -0.305228
v 0.588629 -0.350798 -0.319887
v 0.584320 -0.355439 -0.346772
v 0.599781 -0.332678 -0.340646
v 0.575987 -0.359628 -0.379938
v 0.592698 -0.339114 -0.368764
v 0.572292 -0.362325 -0.400375
v 0.582347 -0.339270 -0.388248
v 0.613249 -0.311456 -0.369940
v 0.572644 -0.337903 -0.404937
v 0.594563 -0.305717 -0.381202
v 0.621400 -0.278212 -0.372880
v 0.637024 -0.260697 -0.365826
v 0.570074 -0.300903 -0.392920
v 0.600187 -0.269998 -0.371159
v 0.623987 -0.254036 -0.364611
v 0.633864 -0.243641 -0.359793
v 0.647279 -0.249378 -0.359808
v 0.576406 -0.262730 -0.378699
v 0.604485 -0.246107 -0.364897
v 0.616974 -0.237094 -0.359957
v 0.622459 -0.229381 -0.356197
v 0.575004 -0.235597 -0.382418
v 0.586498 -0.227187 -0.374207
v 0.593786 -0.219300 -0.368319
v 0.541649 -0.207997 -0.395169
v 0.546833 -0.199568 -0.386939
v 0.556391 -0.254714 -0.401859
v 0.561123 -0.296565 -0.411716
v 0.540344 -0.297366 -0.419030
v 0.552130 -0.336295 -0.426073
v 0.532777 -0.338431 -0.428472
v 0.551348 -0.360722 -0.431072
v 0.532607 -0.360450 -0.432994
v 0.507711 -0.361357 -0.435790
v 0.507189 -0.372794 -0.438143
v 0.472704 -0.372402 -0.448413
v 0.508130 -0.382460 -0.439687
v 0.470063 -0.379152 -0.450863
v 0.456941 -0.376932 -0.473527
v 0.458422 -0.370351 -0.470103
v 0.450794 -0.375960 -0.494526
v 0.451850 -0.369210 -0.490971
v 0.445077 -0.372633 -0.517165
v 0.445450 -0.366809 -0.514273
v 0.430898 -0.374288 -0.517994
v 0.430386 -0.367936 -0.514655
v 0.444864 -0.377129 -0.518705
v 0.431663 -0.380153 -0.521023
v 0.449902 -0.381836 -0.497811
v 0.455652 -0.383370 -0.476532
v 0.454242 -0.388893 -0.479615
v 0.468350 -0.384824 -0.452235
v 0.467060 -0.389044 -0.453105
v 0.465649 -0.391053 -0.452724
v 0.448364 -0.390988 -0.480943
v 0.439270 -0.391168 -0.481318
v 0.427617 -0.391368 -0.482137
v 0.511626 -0.391173 -0.429472
v 0.513516 -0.391386 -0.419873
v 0.542484 -0.391506 -0.410000
v 0.544536 -0.391398 -0.393423
v 0.540014 -0.391531 -0.422622
v 0.555962 -0.391844 -0.420059
v 0.557963 -0.391428 -0.405904
v 0.509728 -0.390656 -0.438131
v 0.566499 -0.377747 -0.402781
v 0.569150 -0.374549 -0.383176
v 0.561726 -0.388129 -0.386970
v 0.565317 -0.379131 -0.418382
v 0.570245 -0.363645 -0.415893
v 0.567813 -0.362156 -0.429043
v 0.566644 -0.334030 -0.423251
v 0.574020 -0.370837 -0.350552
v 0.565124 -0.384721 -0.355900
v 0.550482 -0.391353 -0.362266
v 0.568666 -0.382415 -0.320520
v 0.559363 -0.390557 -0.322026
v 0.543896 -0.391451 -0.323094
v 0.571771 -0.389927 -0.289122
v 0.557670 -0.391359 -0.277688
v 0.537640 -0.391508 -0.255821
v 0.522655 -0.391500 -0.325580
v 0.582302 -0.386708 -0.266307
v 0.564905 -0.391406 -0.250631
v 0.548105 -0.391389 -0.234372
v 0.591972 -0.381703 -0.251790
v 0.596687 -0.375096 -0.260949
v 0.604471 -0.372623 -0.249818
v 0.606337 -0.383337 -0.245639
v 0.589418 -0.380780 -0.276924
v 0.597688 -0.372495 -0.287602
v 0.602354 -0.369135 -0.269268
v 0.582251 -0.385261 -0.297048
v 0.589995 -0.371813 -0.306318
v 0.610236 -0.359679 -0.294800
v 0.577723 -0.368124 -0.320227
v 0.612286 -0.358808 -0.276999
v 0.614576 -0.357544 -0.259701
v 0.606987 -0.365713 -0.254977
v 0.626003 -0.362291 -0.246257
v 0.619568 -0.370961 -0.245639
v 0.616234 -0.377149 -0.245097
v 0.647447 -0.383105 -0.240513
v 0.645497 -0.390800 -0.236361
v 0.644689 -0.391237 -0.225771
v 0.618849 -0.382978 -0.243528
v 0.697364 -0.391055 -0.229695
v 0.704723 -0.391279 -0.216844
v 0.691921 -0.387791 -0.239792
v 0.739172 -0.390784 -0.237670
v 0.746029 -0.391175 -0.226141
v 0.650827 -0.372548 -0.239895
v 0.689149 -0.378039 -0.239626
v 0.733731 -0.381096 -0.242635
v 0.768147 -0.384095 -0.242356
v 0.771058 -0.390814 -0.234901
v 0.729084 -0.368136 -0.241250
v 0.766527 -0.372425 -0.240082
v 0.766081 -0.362387 -0.234545
v 0.788199 -0.361253 -0.222264
v 0.798485 -0.370075 -0.219311
v 0.788383 -0.359277 -0.207690
v 0.798365 -0.368280 -0.205143
v 0.801128 -0.381045 -0.205054
v 0.801435 -0.383558 -0.218286
v 0.795574 -0.391169 -0.206841
v 0.792097 -0.391316 -0.219935
v 0.781044 -0.391325 -0.209582
v 0.775323 -0.391202 -0.223180
v 0.755020 -0.391330 -0.212954
v 0.802090 -0.385944 -0.188815
v 0.817420 -0.384828 -0.165402
v 0.803099 -0.339494 -0.160747
v 0.829613 -0.347835 -0.158836
v 0.809482 -0.326684 -0.157760
v 0.856642 -0.347229 -0.154034
v 0.856492 -0.361794 -0.157199
v 0.877928 -0.358486 -0.149905
v 0.869225 -0.343013 -0.144328
v 0.866803 -0.324730 -0.127532
v 0.872757 -0.340152 -0.130228
v 0.880627 -0.359026 -0.134830
v 0.873727 -0.339797 -0.113366
v 0.882618 -0.360917 -0.117522
v 0.875605 -0.342125 -0.092511
v 0.886007 -0.363996 -0.094626
v 0.887426 -0.340431 -0.087960
v 0.896013 -0.361534 -0.090177
v 0.898698 -0.338009 -0.085387
v 0.906173 -0.359111 -0.087876
v 0.909647 -0.334865 -0.081849
v 0.920795 -0.331501 -0.072723
v 0.911316 -0.304488 -0.051765
v 0.926422 -0.331617 -0.056079
v 0.913157 -0.304733 -0.024959
v 0.929053 -0.332932 -0.030235
v 0.940709 -0.350866 -0.036028
v 0.930113 -0.334251 0.012028
v 0.941509 -0.351492 0.010385
v 0.950380 -0.365176 0.008595
v 0.947719 -0.362446 -0.043407
v 0.948808 -0.376244 0.008268
v 0.942921 -0.360795 0.057003
v 0.935596 -0.374390 0.059624
v 0.937644 -0.348492 0.051812
v 0.931328 -0.348910 0.073880
v 0.923491 -0.332169 0.068793
v 0.912912 -0.336870 0.080408
v 0.919323 -0.353246 0.082169
v 0.927806 -0.332559 0.047618
v 0.913160 -0.307569 0.047352
v 0.910091 -0.308907 0.065865
v 0.914252 -0.306889 0.016470
v 0.901320 -0.277728 0.021382
v 0.899463 -0.279366 0.050473
v 0.879424 -0.260525 0.052775
v 0.899975 -0.313649 0.078031
v 0.886917 -0.320268 0.081666
v 0.899008 -0.342752 0.083946
v 0.874860 -0.325422 0.086015
v 0.885227 -0.347252 0.087427
v 0.892685 -0.361579 0.088494
v 0.906198 -0.357635 0.085094
v 0.898779 -0.371003 0.088775
v 0.883608 -0.362306 0.102101
v 0.888280 -0.372892 0.103902
v 0.903942 -0.379285 0.088313
v 0.908130 -0.385422 0.085054
v 0.881404 -0.358774 0.121239
v 0.875083 -0.343542 0.115545
v 0.872401 -0.339263 0.130142
v 0.877958 -0.354682 0.136804
v 0.877015 -0.347346 0.099678
v 0.868943 -0.326382 0.097944
v 0.867382 -0.324749 0.111849
v 0.853890 -0.311568 0.111292
v 0.851165 -0.311623 0.123576
v 0.865166 -0.323048 0.125914
v 0.855774 -0.311063 0.097637
v 0.837794 -0.295719 0.095332
v 0.835173 -0.297062 0.109032
v 0.859881 -0.307802 0.085626
v 0.844848 -0.287704 0.082225
v 0.827226 -0.268869 0.106229
v 0.817457 -0.266785 0.119493
v 0.832216 -0.298544 0.119637
v 0.827681 -0.302273 0.128532
v 0.822592 -0.306490 0.136999
v 0.818218 -0.311952 0.146191
v 0.873641 -0.350927 0.147750
v 0.876573 -0.369643 0.152769
v 0.861850 -0.349167 0.151966
v 0.866250 -0.368604 0.154464
v 0.871495 -0.386300 0.156710
v 0.881490 -0.388853 0.146195
v 0.861506 -0.389620 0.158219
v 0.847351 -0.390341 0.160160
v 0.866710 -0.391356 0.088674
v 0.851113 -0.391389 -0.024677
v 0.889723 -0.391321 -0.008473
v 0.761883 -0.391435 -0.040580
v 0.641399 -0.391485 0.081623
v 0.867079 -0.322992 -0.110955
v 0.859159 -0.313971 -0.126386
v 0.821790 -0.188302 0.082992
v 0.192529 0.010091 -0.186236
v -0.106469 0.083203 -0.161269
v -0.110526 0.083930 -0.140632
v -0.144040 0.049835 -0.176490
v -0.101168 0.075175 -0.175366
v -0.135920 0.040518 -0.185371
v -0.153961 0.022816 -0.193984
v -0.163987 0.030639 -0.191015
v -0.162309 0.011525 -0.212461
v -0.173835 0.018462 -0.212342
v -0.142116 0.011974 -0.195025
v -0.150211 0.001431 -0.211490
v -0.124947 -0.004617 -0.195892
v -0.132202 -0.014452 -0.210722
v -0.137043 -0.022147 -0.230325
v -0.099427 -0.040813 -0.206557
v -0.100665 -0.050219 -0.226280
v -0.062406 -0.074280 -0.226492
v -0.023269 -0.098796 -0.253374
v 0.015329 -0.114106 -0.263106
v -0.125503 0.028381 -0.188321
v -0.156691 0.182192 -0.091884
v 0.239240 0.147475 -0.045242
v 0.241423 0.145255 -0.034560
v 0.217688 0.176840 0.028889
v 0.219350 0.174158 0.013838
v 0.671705 -0.269991 0.268447
v 0.687709 -0.281090 0.245413
v 0.672102 -0.313665 0.239977
v 0.674713 -0.324169 0.223608
v 0.651018 -0.342801 0.240735
v 0.665584 -0.351152 0.230957
v 0.685261 -0.336614 0.216371
v 0.626364 -0.357841 0.246370
v 0.646093 -0.366253 0.237760
v 0.695417 -0.358715 0.233576
v 0.610619 -0.371782 0.246739
v 0.631677 -0.379865 0.239590
v 0.604916 -0.380381 0.244808
v 0.620767 -0.387415 0.239426
v 0.710145 -0.346164 0.221327
v 0.768075 -0.352592 0.219701
v 0.726364 -0.331713 0.209256
v 0.776811 -0.354227 0.208019
v 0.742460 -0.322893 0.198047
v 0.782086 -0.355794 0.193691
v 0.750006 -0.325507 0.185306
v 0.753624 -0.326643 0.172414
v 0.760022 -0.322007 0.163176
v 0.802418 -0.390901 0.209475
v 0.802512 -0.390959 0.198370
v 0.680399 -0.391259 0.217269
v 0.607787 -0.391147 0.224455
v 0.520923 -0.339182 0.427417
v 0.539920 -0.295559 0.416197
v 0.489228 -0.336033 0.432228
v 0.588700 -0.261794 0.368278
v 0.565584 -0.256634 0.390765
v 0.591602 -0.235413 0.368336
v 0.558109 -0.227602 0.391481
v 0.568817 -0.215543 0.382279
v 0.527793 -0.197401 0.392005
v 0.573989 -0.209542 0.370027
v 0.536127 -0.191069 0.373106
v 0.505311 -0.169040 0.351398
v 0.538639 -0.190962 0.351499
v 0.506565 -0.168960 0.327826
v 0.477842 -0.145444 0.299984
v 0.476857 -0.147178 0.324951
v 0.446089 -0.126492 0.279060
v 0.447967 -0.128726 0.298713
v 0.406942 -0.098211 0.264285
v 0.409971 -0.102103 0.281769
v 0.443208 -0.123359 0.264026
v 0.477642 -0.144509 0.282222
v 0.476447 -0.142460 0.267358
v 0.445904 -0.110741 0.253320
v 0.480466 -0.128631 0.256539
v 0.450644 -0.094932 0.248576
v 0.456383 -0.081281 0.242227
v 0.422270 -0.040681 0.217650
v 0.395354 -0.014728 0.188076
v 0.395165 -0.016325 0.208952
v 0.382990 -0.002480 0.158331
v 0.371649 0.004488 0.136126
v 0.375346 0.004999 0.156404
v 0.365089 0.000392 0.134898
v 0.366217 0.001797 0.155503
v 0.358086 -0.003885 0.133770
v 0.357860 -0.003203 0.155167
v 0.357293 -0.002566 0.180747
v 0.349434 -0.007926 0.154927
v 0.348527 -0.007020 0.181027
v 0.349259 -0.006340 0.204089
v 0.358202 -0.002014 0.203726
v 0.340138 -0.007690 0.181058
v 0.340743 -0.005723 0.203647
v 0.333840 -0.000483 0.180451
v 0.332984 0.001602 0.202710
v 0.326972 0.008294 0.180180
v 0.325327 0.010896 0.201854
v 0.323898 0.012534 0.221310
v 0.314692 0.017385 0.201635
v 0.313755 0.018083 0.220119
v 0.310407 0.017877 0.247148
v 0.302302 0.011790 0.220258
v 0.300854 0.012016 0.244062
v 0.285664 0.001729 0.276020
v 0.293260 0.002174 0.282789
v 0.252933 -0.030009 0.305148
v 0.261806 -0.030953 0.313530
v 0.212595 -0.075600 0.336306
v 0.220326 -0.076924 0.343744
v 0.231130 -0.080914 0.346623
v 0.176295 -0.096722 0.380700
v 0.186488 -0.101021 0.389434
v 0.168376 -0.098579 0.369080
v 0.204575 -0.075922 0.325089
v 0.160920 -0.101340 0.355065
v 0.195640 -0.075819 0.308172
v 0.152192 -0.103009 0.323873
v 0.105649 -0.125021 0.333462
v 0.053662 -0.151941 0.324994
v 0.051570 -0.150710 0.304578
v 0.016158 -0.167707 0.319291
v 0.018779 -0.168824 0.340128
v -0.020465 -0.183531 0.328238
v -0.017283 -0.184119 0.350514
v -0.013874 -0.184435 0.370044
v -0.050034 -0.200193 0.373620
v -0.050047 -0.201955 0.387377
v -0.083981 -0.214955 0.369499
v -0.048482 -0.206173 0.397287
v -0.041140 -0.214996 0.403058
v -0.105655 -0.223387 0.357471
v -0.110815 -0.221056 0.327310
v -0.119484 -0.225089 0.347748
v -0.121143 -0.212551 0.315818
v -0.131172 -0.219504 0.343133
v -0.139611 -0.233592 0.352240
v -0.144920 -0.210427 0.336891
v -0.145398 -0.247419 0.358432
v -0.150410 -0.263188 0.362924
v -0.135851 -0.199413 0.310632
v -0.168103 -0.181434 0.312885
v -0.156730 -0.160512 0.302270
v -0.206732 -0.130792 0.314342
v -0.145177 -0.144371 0.297656
v -0.189236 -0.112424 0.308180
v -0.219749 -0.092076 0.313651
v -0.238183 -0.109747 0.319735
v -0.234639 -0.082818 0.314791
v -0.191859 -0.073775 0.304325
v -0.205577 -0.062326 0.306048
v -0.215301 -0.054938 0.304398
v -0.245662 -0.074512 0.314885
v -0.183371 -0.047090 0.283305
v -0.191611 -0.037735 0.282963
v -0.173863 -0.036618 0.260604
v -0.180944 -0.027784 0.262635
v -0.189963 -0.023537 0.260348
v -0.172628 -0.016425 0.249595
v -0.183477 -0.014325 0.246140
v -0.193525 -0.016787 0.239699
v -0.179072 -0.001187 0.231633
v -0.190795 -0.002353 0.226111
v -0.205076 -0.002672 0.219526
v -0.205063 -0.020365 0.231498
v -0.231145 -0.014101 0.207085
v -0.226454 -0.027560 0.223849
v -0.265254 -0.043600 0.197270
v -0.263087 -0.046773 0.212613
v -0.300176 -0.073148 0.195662
v -0.298202 -0.074422 0.207795
v -0.336307 -0.109609 0.210259
v -0.330713 -0.114669 0.217655
v -0.389823 -0.139773 0.227115
v -0.382657 -0.147032 0.237617
v -0.439823 -0.149568 0.240432
v -0.427927 -0.158241 0.257142
v -0.414748 -0.167128 0.266794
v -0.396182 -0.125362 0.217598
v -0.449278 -0.138721 0.221413
v -0.494447 -0.156516 0.237050
v -0.456584 -0.122839 0.204933
v -0.501974 -0.146243 0.211115
v -0.460998 -0.113055 0.188600
v -0.504780 -0.138003 0.193485
v -0.462756 -0.107445 0.172080
v -0.504673 -0.133972 0.177729
v -0.553135 -0.158117 0.183301
v -0.508107 -0.126787 0.166799
v -0.553049 -0.153035 0.169307
v -0.593521 -0.167966 0.172139
v -0.595053 -0.172486 0.186717
v -0.620784 -0.196055 0.170128
v -0.622444 -0.200292 0.186284
v -0.653273 -0.230557 0.171207
v -0.655151 -0.234700 0.190416
v -0.687783 -0.252058 0.175825
v -0.688848 -0.253892 0.194596
v -0.688802 -0.254776 0.228614
v -0.715945 -0.283387 0.196574
v -0.687644 -0.254203 0.273477
v -0.680384 -0.251197 0.301286
v -0.716918 -0.284646 0.177073
v -0.756600 -0.306292 0.177239
v -0.725252 -0.274938 0.163246
v -0.764332 -0.299647 0.163656
v -0.737387 -0.256100 0.161424
v -0.775797 -0.283596 0.158084
v -0.754256 -0.237378 0.148949
v -0.787492 -0.270848 0.143460
v -0.768550 -0.226087 0.128211
v -0.801472 -0.261619 0.124170
v -0.783058 -0.216654 0.113988
v -0.813827 -0.253377 0.106684
v -0.788777 -0.211668 0.094258
v -0.821616 -0.247948 0.090104
v -0.860078 -0.286097 0.084737
v -0.832846 -0.238646 0.081879
v -0.871535 -0.281135 0.076598
v -0.904478 -0.322842 0.072844
v -0.874677 -0.284272 0.062002
v -0.908065 -0.327333 0.058132
v -0.879538 -0.290530 0.037832
v -0.911786 -0.332175 0.030283
v -0.928912 -0.353864 0.019979
v -0.913340 -0.334238 -0.026932
v -0.930618 -0.356003 -0.029964
v -0.940066 -0.367895 -0.034386
v -0.930936 -0.356303 -0.052057
v -0.941176 -0.369228 -0.054076
v -0.948964 -0.379294 -0.056437
v -0.941474 -0.369603 -0.064233
v -0.954511 -0.388058 -0.059218
v -0.944483 -0.390753 -0.064157
v -0.937439 -0.389718 -0.081097
v -0.932640 -0.390822 -0.072778
v -0.916697 -0.391115 -0.078398
v -0.940764 -0.383335 -0.085912
v -0.923244 -0.373994 -0.090902
v -0.941471 -0.375897 -0.085594
v -0.925540 -0.370029 -0.088797
v -0.890118 -0.338890 -0.100328
v -0.889353 -0.341525 -0.106796
v -0.843684 -0.301169 -0.126936
v -0.851651 -0.294629 -0.115105
v -0.809652 -0.258601 -0.118966
v -0.797987 -0.266755 -0.132112
v -0.891285 -0.338106 -0.094180
v -0.853534 -0.294030 -0.102164
v -0.815980 -0.254997 -0.106839
v -0.784904 -0.215209 -0.113431
v -0.776621 -0.221282 -0.124259
v -0.854798 -0.292903 -0.093224
v -0.817754 -0.252980 -0.097712
v -0.788430 -0.213496 -0.101935
v -0.769957 -0.178044 -0.108985
v -0.768889 -0.179891 -0.123596
v -0.821745 -0.248944 -0.090338
v -0.791910 -0.211018 -0.090777
v -0.771355 -0.176978 -0.093914
v -0.747953 -0.140895 -0.099423
v -0.745360 -0.140681 -0.114803
v -0.799718 -0.204040 -0.085109
v -0.778678 -0.173173 -0.083866
v -0.750566 -0.142218 -0.084820
v -0.713364 -0.108765 -0.088224
v -0.709574 -0.107777 -0.102927
v -0.789988 -0.165436 -0.080378
v -0.761503 -0.137753 -0.078706
v -0.725774 -0.103836 -0.075001
v -0.772478 -0.131671 -0.074623
v -0.741022 -0.096867 -0.069689
v -0.778728 -0.130983 -0.064214
v -0.750840 -0.094836 -0.058562
v -0.727823 -0.056615 -0.046899
v -0.752569 -0.096812 -0.042646
v -0.782661 -0.132941 -0.050152
v -0.785914 -0.134412 -0.028297
v -0.753343 -0.097678 -0.019339
v -0.783684 -0.132737 0.014957
v -0.752116 -0.095838 0.021689
v -0.776835 -0.128338 0.052134
v -0.747602 -0.090635 0.051956
v -0.764355 -0.129546 0.073063
v -0.727185 -0.096844 0.069506
v -0.807821 -0.150793 0.051092
v -0.799474 -0.155648 0.074602
v -0.781218 -0.169066 0.079717
v -0.820236 -0.189447 0.067551
v -0.804581 -0.200606 0.080543
v -0.769400 -0.176123 0.102268
v -0.764187 -0.183331 0.125600
v -0.729259 -0.149314 0.128073
v -0.672498 -0.120408 0.133700
v -0.745928 -0.194679 0.132991
v -0.713754 -0.164387 0.138635
v -0.666976 -0.132551 0.151749
v -0.615482 -0.113337 0.157957
v -0.621360 -0.099508 0.148621
v -0.695996 -0.179123 0.158117
v -0.654115 -0.151015 0.159850
v -0.608589 -0.130236 0.161295
v -0.567818 -0.115721 0.163162
v -0.573533 -0.102715 0.159709
v -0.639715 -0.168971 0.162152
v -0.602079 -0.145319 0.162831
v -0.561425 -0.127562 0.164079
v -0.519760 -0.102024 0.163859
v -0.526178 -0.089804 0.162935
v -0.596960 -0.157613 0.164559
v -0.556367 -0.140347 0.165045
v -0.513923 -0.114581 0.164520
v -0.477615 -0.082652 0.163492
v -0.484602 -0.070053 0.162757
v -0.469698 -0.095619 0.164808
v -0.432551 -0.065526 0.162448
v -0.441517 -0.049904 0.160749
v -0.423055 -0.081550 0.169815
v -0.376204 -0.058726 0.166809
v -0.388352 -0.035885 0.155706
v -0.416696 -0.093648 0.187173
v -0.367612 -0.075623 0.183546
v -0.322058 -0.050906 0.172398
v -0.333171 -0.037606 0.162323
v -0.407002 -0.108477 0.204182
v -0.357376 -0.089462 0.195234
v -0.313585 -0.061292 0.177853
v -0.273238 -0.036766 0.170595
v -0.282806 -0.025733 0.165868
v -0.346323 -0.100997 0.203094
v -0.306719 -0.069660 0.182281
v -0.267505 -0.042852 0.181881
v -0.231181 -0.008785 0.187651
v -0.231897 -0.006266 0.172243
v -0.245173 0.001280 0.161757
v -0.217412 0.043969 0.149697
v -0.259652 0.012844 0.155788
v -0.294780 -0.012893 0.158219
v -0.278357 0.030043 0.141372
v -0.315498 0.006502 0.141954
v -0.350991 -0.014488 0.148585
v -0.329013 0.029524 0.137402
v -0.363961 0.008688 0.145625
v -0.400290 -0.016594 0.153817
v -0.370200 0.020923 0.144072
v -0.407747 -0.005058 0.152698
v -0.447624 -0.036570 0.159608
v -0.413950 0.006237 0.150589
v -0.453547 -0.024565 0.158063
v -0.491593 -0.056536 0.161876
v -0.458640 -0.015214 0.149858
v -0.498764 -0.044292 0.157693
v -0.533985 -0.078317 0.160073
v -0.500355 -0.040871 0.145234
v -0.538837 -0.069972 0.148953
v -0.578349 -0.091960 0.150392
v -0.541485 -0.066864 0.133781
v -0.583213 -0.086221 0.136767
v -0.549877 -0.060605 0.119746
v -0.593802 -0.075370 0.121812
v -0.628296 -0.048804 0.103997
v -0.603607 -0.014032 0.095417
v -0.614152 -0.009568 0.083670
v -0.647124 -0.048508 0.088953
v -0.626631 -0.002302 0.070047
v -0.671853 -0.036965 0.073615
v -0.595801 0.031843 0.066204
v -0.604382 0.033997 0.050458
v -0.582887 0.026961 0.078569
v -0.550227 0.057542 0.055106
v -0.561918 0.067388 0.051469
v -0.570352 0.017890 0.081748
v -0.532115 0.043907 0.058388
v -0.481894 0.083996 0.053041
v -0.498284 0.100203 0.042016
v -0.508660 0.039065 0.077960
v -0.467047 0.070519 0.078806
v -0.419711 0.100564 0.076047
v -0.436836 0.117288 0.057243
v -0.486633 0.025590 0.091500
v -0.447822 0.057319 0.100330
v -0.403856 0.083710 0.089989
v -0.378768 0.095279 0.086638
v -0.396552 0.113064 0.075686
v -0.429770 0.041955 0.107067
v -0.392001 0.064560 0.093995
v -0.365434 0.081432 0.090393
v -0.352082 0.092947 0.086333
v -0.364495 0.103657 0.082675
v -0.385740 0.051128 0.096323
v -0.357071 0.069723 0.092621
v -0.379886 0.039528 0.101795
v -0.350470 0.058832 0.096492
v -0.378304 0.037214 0.116222
v -0.346462 0.055600 0.108637
v -0.378761 0.036903 0.131386
v -0.345301 0.056076 0.122585
v -0.318197 0.075574 0.113517
v -0.295721 0.095345 0.106181
v -0.340477 0.052517 0.133013
v -0.310934 0.072026 0.124189
v -0.283318 0.091922 0.116263
v -0.253553 0.116864 0.109148
v -0.266330 0.121859 0.104746
v -0.302376 0.061718 0.127061
v -0.270987 0.083672 0.119866
v -0.238916 0.111639 0.112200
v -0.206375 0.145112 0.105748
v -0.221825 0.148286 0.103319
v -0.256603 0.073622 0.126536
v -0.220429 0.105071 0.116316
v -0.186089 0.140381 0.108407
v -0.159040 0.177570 0.091252
v -0.177751 0.184724 0.096665
v -0.194985 0.090406 0.126751
v -0.236095 0.059079 0.140355
v -0.176448 0.075526 0.137691
v -0.293388 0.048509 0.130697
v -0.334158 0.041860 0.135250
v -0.375688 0.031990 0.141967
v -0.417899 0.013778 0.140856
v -0.418079 0.014934 0.126618
v -0.460671 -0.012724 0.137921
v -0.419075 0.016814 0.114149
v -0.461990 -0.011296 0.123238
v -0.501871 -0.038912 0.127336
v -0.466312 -0.001520 0.111938
v -0.506912 -0.036078 0.108837
v -0.472880 0.010307 0.103049
v -0.423308 0.027965 0.108355
v -0.158024 0.219879 0.068251
v -0.169806 0.226859 0.071381
v -0.190543 0.187674 0.095411
v -0.143900 0.211722 0.063788
v -0.181517 0.230105 0.070925
v -0.202631 0.190234 0.092614
v -0.234255 0.152084 0.099847
v -0.213588 0.191640 0.087105
v -0.244421 0.153498 0.090893
v -0.274186 0.118927 0.091230
v -0.251241 0.151338 0.078352
v -0.220581 0.189224 0.076319
v -0.227736 0.187700 0.065589
v -0.262910 0.155411 0.071263
v -0.273618 0.159414 0.059486
v -0.300777 0.130739 0.055319
v -0.299182 0.132866 0.037263
v -0.308273 0.124653 0.028843
v -0.317115 0.115528 0.046531
v -0.315735 0.122363 0.020960
v -0.325564 0.110221 0.036911
v -0.324587 0.128675 0.017548
v -0.335777 0.113043 0.029063
v -0.344756 0.101269 0.049013
v -0.344767 0.121329 0.028904
v -0.356314 0.107823 0.046673
v -0.358164 0.105616 0.067424
v -0.347498 0.096546 0.069028
v -0.365453 0.120165 0.042548
v -0.371464 0.120336 0.062138
v -0.382188 0.119786 0.073784
v -0.388429 0.140313 0.048112
v -0.398247 0.136623 0.055359
v -0.414180 0.129894 0.057381
v -0.381095 0.143682 0.035169
v -0.371170 0.155880 0.027004
v -0.388227 0.181573 0.021481
v -0.354795 0.133510 0.028826
v -0.345305 0.147228 0.018819
v -0.364130 0.167638 0.018925
v -0.333213 0.136178 0.017669
v -0.326676 0.147667 0.008108
v -0.340481 0.157770 0.008564
v -0.318019 0.140949 0.008050
v -0.316505 0.144407 -0.005134
v -0.325981 0.150533 -0.005396
v -0.310784 0.137056 0.009090
v -0.309391 0.141279 -0.005136
v -0.313141 0.128796 -0.016376
v -0.321692 0.134235 -0.016061
v -0.331019 0.141624 -0.016611
v -0.354963 0.146532 -0.026765
v -0.346508 0.154512 -0.017163
v -0.340668 0.160647 -0.005360
v -0.367318 0.176671 -0.017133
v -0.362796 0.177532 -0.005221
v -0.361579 0.174559 0.007336
v -0.381492 0.196103 -0.005075
v -0.380553 0.194955 0.005497
v -0.383022 0.189596 0.014594
v -0.393157 0.205676 0.004163
v -0.395823 0.202456 0.011764
v -0.400037 0.197662 0.018028
v -0.404738 0.211380 0.011087
v -0.408988 0.206534 0.017555
v -0.411408 0.217047 0.010627
v -0.417138 0.211335 0.017242
v -0.417306 0.220981 0.009590
v -0.423912 0.213388 0.015481
v -0.422573 0.223372 0.007872
v -0.428881 0.214884 0.012536
v -0.437257 0.204654 0.016699
v -0.433195 0.216196 0.008315
v -0.441619 0.206176 0.010987
v -0.458247 0.188587 0.013413
v -0.453419 0.185564 0.020253
v -0.482021 0.168301 0.014087
v -0.477534 0.163411 0.022034
v -0.535534 0.133572 0.017469
v -0.528524 0.128764 0.027602
v -0.520657 0.122132 0.033421
v -0.577702 0.074045 0.030747
v -0.572127 0.072100 0.042357
v -0.511627 0.113718 0.037168
v -0.613584 0.035548 0.032743
v -0.580779 0.075764 0.019401
v -0.617905 0.040936 0.017815
v -0.585245 0.080360 0.006827
v -0.623245 0.049939 0.006826
v -0.587565 0.083205 -0.003172
v -0.626856 0.054203 -0.004967
v -0.584029 0.078037 -0.013957
v -0.622514 0.044962 -0.015076
v -0.659898 0.018577 -0.014036
v -0.618312 0.036433 -0.027503
v -0.579999 0.075302 -0.025947
v -0.576229 0.073938 -0.037844
v -0.613690 0.032219 -0.045191
v -0.569588 0.071492 -0.049245
v -0.602666 0.028294 -0.062000
v -0.560114 0.065864 -0.056690
v -0.596530 0.026824 -0.075048
v -0.629494 -0.017923 -0.081015
v -0.585472 0.022197 -0.084364
v -0.617151 -0.022148 -0.091558
v -0.658980 -0.048658 -0.090381
v -0.678607 -0.075564 -0.098435
v -0.572485 0.012296 -0.087600
v -0.608215 -0.022121 -0.101114
v -0.549139 0.054081 -0.059336
v -0.503380 0.113638 -0.040724
v -0.514946 0.122419 -0.037022
v -0.523716 0.128411 -0.032734
v -0.474815 0.161497 -0.028327
v -0.452751 0.181506 -0.027308
v -0.532130 0.133485 -0.024040
v -0.479923 0.166732 -0.020666
v -0.457570 0.185144 -0.020046
v -0.442562 0.203251 -0.016618
v -0.438025 0.201875 -0.022258
v -0.484521 0.171140 -0.010957
v -0.462388 0.190200 -0.011160
v -0.445408 0.204724 -0.010500
v -0.436425 0.215784 -0.008935
v -0.434568 0.214795 -0.013137
v -0.463568 0.193350 -0.002818
v -0.446053 0.206735 -0.002719
v -0.436905 0.216512 -0.002414
v -0.430566 0.224068 -0.003425
v -0.430026 0.223370 -0.008261
v -0.444596 0.206736 0.005063
v -0.435441 0.216403 0.003565
v -0.429586 0.224792 0.001028
v -0.426985 0.224553 0.004808
v -0.422034 0.230520 0.001355
v -0.419603 0.231280 -0.005093
v -0.417620 0.228313 0.002188
v -0.416368 0.228400 -0.004616
v -0.419087 0.225713 -0.010534
v -0.422518 0.227852 -0.010235
v -0.412025 0.225527 0.003602
v -0.411684 0.225055 -0.004281
v -0.414280 0.222862 -0.010987
v -0.419185 0.218832 -0.016326
v -0.424017 0.220808 -0.014977
v -0.405754 0.220681 -0.004914
v -0.408876 0.218465 -0.011913
v -0.413824 0.215402 -0.017571
v -0.420611 0.208949 -0.022854
v -0.425436 0.211333 -0.021053
v -0.402988 0.212270 -0.013278
v -0.407770 0.209140 -0.019135
v -0.413356 0.203932 -0.024469
v -0.401204 0.201475 -0.020092
v -0.396372 0.204708 -0.013434
v -0.385421 0.193840 -0.014383
v -0.391107 0.189850 -0.021210
v -0.376008 0.171782 -0.024945
v -0.367580 0.138148 -0.034974
v -0.380488 0.132691 -0.045234
v -0.389270 0.135143 -0.056135
v -0.368594 0.116167 -0.069913
v -0.360529 0.096788 -0.088502
v -0.381778 0.114459 -0.079487
v -0.393220 0.206321 -0.004965
v -0.400226 0.214219 -0.005036
v -0.401290 0.213936 0.003612
v -0.406700 0.220448 0.003495
v -0.430335 0.213319 -0.018125
v -0.427632 0.222172 -0.011748
v -0.462173 0.191957 0.005507
v -0.486208 0.171768 -0.002623
v -0.485259 0.171329 0.005236
v -0.538691 0.136267 -0.004482
v -0.538268 0.135345 0.007333
v -0.536819 0.135527 -0.015333
v -0.200388 0.229635 0.059867
v -0.191796 0.230824 0.067490
v -0.183561 0.257677 0.041760
v -0.174657 0.255104 0.042709
v -0.630439 -0.182739 0.163671
v -0.675708 -0.198641 0.162932
v -0.662797 -0.215118 0.164051
v -0.707011 -0.226357 0.162867
v -0.694122 -0.242864 0.163927
v -0.728120 -0.207516 0.153885
v -0.839102 -0.232009 0.065693
v -0.818343 -0.183640 0.046951
v -0.835584 -0.225872 0.042772
v -0.816996 -0.178703 0.006680
v -0.834286 -0.223577 -0.003304
v -0.880889 -0.292318 -0.018182
v -0.836432 -0.227381 -0.042619
v -0.878218 -0.288753 -0.048455
v -0.911682 -0.331970 -0.050460
v -0.875800 -0.285569 -0.059407
v -0.910718 -0.330720 -0.059343
v -0.931421 -0.356914 -0.061348
v -0.909521 -0.329219 -0.066686
v -0.932009 -0.357713 -0.068568
v -0.941178 -0.369349 -0.071354
v -0.932896 -0.358934 -0.074735
v -0.941007 -0.369251 -0.077420
v -0.932835 -0.359011 -0.079753
v -0.940058 -0.368418 -0.082149
v -0.929958 -0.364398 -0.086282
v -0.908229 -0.327749 -0.080168
v -0.908858 -0.328472 -0.073448
v -0.873648 -0.283002 -0.075718
v -0.872810 -0.282282 -0.082387
v -0.874604 -0.284096 -0.067807
v -0.839344 -0.232515 -0.067825
v -0.839678 -0.234122 -0.077330
v -0.837883 -0.229880 -0.057466
v -0.818290 -0.183291 -0.054389
v -0.819252 -0.187015 -0.066922
v -0.817146 -0.179351 -0.036216
v -0.807907 -0.151900 -0.032639
v -0.809155 -0.152093 -0.052933
v -0.808176 -0.151523 0.011000
v -0.808851 -0.152837 -0.067562
v -0.801133 -0.157637 -0.077331
v -0.818176 -0.190352 -0.078107
v -0.809429 -0.196519 -0.081554
v -0.835652 -0.237500 -0.083866
v -0.829020 -0.243137 -0.086341
v -0.866768 -0.285378 -0.086079
v -0.859263 -0.288136 -0.088816
v -0.738951 -0.146243 -0.126705
v -0.726011 -0.158177 -0.132201
v -0.754801 -0.188935 -0.131324
v -0.712633 -0.167689 -0.144814
v -0.739696 -0.198593 -0.140246
v -0.762926 -0.230494 -0.136584
v -0.726353 -0.209140 -0.158979
v -0.751377 -0.239797 -0.155700
v -0.787255 -0.275009 -0.150522
v -0.738386 -0.254647 -0.163725
v -0.778102 -0.285533 -0.160521
v -0.730701 -0.270883 -0.165887
v -0.768839 -0.296904 -0.165492
v -0.723675 -0.283020 -0.173001
v -0.762018 -0.304057 -0.172944
v -0.789403 -0.330207 -0.170492
v -0.758730 -0.305815 -0.186313
v -0.783577 -0.326229 -0.186201
v -0.811928 -0.352329 -0.188756
v -0.822100 -0.354578 -0.169857
v -0.844037 -0.377157 -0.193837
v -0.850194 -0.378417 -0.168069
v -0.878673 -0.384771 -0.139532
v -0.806464 -0.347647 -0.207634
v -0.842308 -0.376197 -0.214582
v -0.803651 -0.345105 -0.232586
v -0.840309 -0.374917 -0.231825
v -0.806470 -0.347641 -0.257236
v -0.840024 -0.374717 -0.244066
v -0.810001 -0.350908 -0.270221
v -0.841152 -0.375372 -0.253463
v -0.867993 -0.386381 -0.249395
v -0.846853 -0.390330 -0.266694
v -0.816599 -0.365880 -0.296313
v -0.788481 -0.323048 -0.286554
v -0.792507 -0.325409 -0.295889
v -0.782201 -0.319849 -0.267882
v -0.756609 -0.308292 -0.274293
v -0.757086 -0.309945 -0.298231
v -0.777169 -0.319076 -0.232230
v -0.755878 -0.306668 -0.231143
v -0.779184 -0.321438 -0.203016
v -0.756045 -0.306054 -0.203162
v -0.719788 -0.286186 -0.187215
v -0.691258 -0.252815 -0.170696
v -0.698966 -0.241060 -0.166157
v -0.668459 -0.212530 -0.166326
v -0.709435 -0.225342 -0.165282
v -0.679351 -0.198048 -0.165317
v -0.647711 -0.169213 -0.164590
v -0.696258 -0.180513 -0.161414
v -0.661904 -0.153847 -0.162314
v -0.622823 -0.129261 -0.162808
v -0.675275 -0.137862 -0.152798
v -0.630468 -0.114488 -0.158023
v -0.592483 -0.099570 -0.158595
v -0.554645 -0.075959 -0.141128
v -0.560439 -0.069720 -0.126139
v -0.517532 -0.041784 -0.113340
v -0.478568 0.006056 -0.103731
v -0.756947 -0.310511 -0.310082
v -0.795551 -0.327311 -0.303309
v -0.172705 0.019856 0.206754
v -0.162581 0.012885 0.208474
v -0.153376 0.023088 0.191158
v -0.161702 0.029251 0.188920
v -0.166990 -0.002191 0.232654
v -0.154998 -0.008288 0.231536
v -0.152181 0.003708 0.208366
v -0.162634 -0.023718 0.250453
v -0.148448 -0.036372 0.250154
v -0.140066 -0.020838 0.230389
v -0.160309 -0.051205 0.256158
v -0.175329 -0.061123 0.277661
v -0.168700 -0.097161 0.293998
v -0.137206 -0.010102 0.208427
v -0.108128 -0.046858 0.226990
v -0.107881 -0.035308 0.206119
v -0.106042 -0.020463 0.190651
v -0.129789 0.002081 0.192362
v -0.071843 -0.069198 0.224131
v -0.070013 -0.061601 0.203369
v -0.067464 -0.052357 0.181990
v -0.061551 -0.033799 0.170363
v -0.097596 -0.001414 0.183979
v -0.020063 -0.089740 0.211146
v -0.018265 -0.081334 0.192973
v 0.023870 -0.106809 0.217778
v 0.026271 -0.096787 0.198517
v -0.024815 -0.093573 0.230739
v 0.013948 -0.109589 0.240249
v 0.043090 -0.107653 0.242700
v 0.003835 -0.110286 0.256976
v 0.085113 -0.082170 0.236542
v 0.093134 -0.089467 0.234992
v 0.095827 -0.092725 0.262553
v 0.078656 -0.101112 0.278137
v 0.045636 -0.140954 0.290876
v 0.012458 -0.164680 0.302046
v -0.030690 -0.175196 0.298882
v -0.023968 -0.183179 0.309108
v -0.038560 -0.165459 0.291402
v -0.032414 -0.094825 0.245786
v -0.040626 -0.100124 0.255690
v -0.047228 -0.111182 0.259216
v -0.080479 0.030019 0.174604
v -0.092269 0.049190 0.176595
v -0.116506 0.019536 0.186066
v -0.051030 -0.005858 0.163394
v -0.027528 0.045777 0.149881
v -0.050064 0.077461 0.153793
v -0.013260 0.128222 0.129972
v -0.022966 0.138398 0.133677
v -0.056738 0.092339 0.156160
v 0.019302 0.106040 0.128139
v 0.055927 0.140394 0.119050
v 0.018452 0.165252 0.114908
v 0.073863 0.054541 0.140166
v 0.107018 0.087473 0.138327
v 0.116666 0.104927 0.139885
v 0.076021 0.153818 0.118143
v 0.109383 -0.010278 0.159226
v 0.147619 0.021867 0.157881
v 0.159790 0.048609 0.165024
v 0.163739 0.064396 0.168590
v 0.122978 0.116040 0.141801
v 0.167554 -0.017888 0.167152
v 0.193667 0.007158 0.184175
v 0.208155 0.024408 0.187344
v 0.216696 0.036655 0.184643
v 0.171137 0.076205 0.166239
v 0.210465 -0.012803 0.191317
v 0.235955 0.003293 0.196014
v 0.250496 0.014431 0.194365
v 0.259876 0.023737 0.188938
v 0.224514 0.045852 0.176779
v 0.247048 -0.006005 0.200044
v 0.263165 0.004265 0.198609
v 0.253857 -0.012950 0.206134
v 0.270772 -0.001994 0.203925
v 0.257809 -0.015845 0.215492
v 0.275665 -0.004410 0.211913
v 0.259773 -0.015905 0.226240
v 0.278434 -0.003616 0.222754
v 0.290840 0.004514 0.220882
v 0.290456 0.004945 0.240692
v 0.278251 -0.002727 0.266997
v 0.246645 -0.029721 0.294968
v 0.228543 -0.035058 0.212977
v 0.228911 -0.036092 0.225136
v 0.186098 -0.061821 0.201908
v 0.180937 -0.065237 0.219310
v 0.175457 -0.068646 0.243454
v 0.180287 -0.069043 0.275371
v 0.225973 -0.031225 0.202732
v 0.187027 -0.058091 0.187693
v 0.219894 -0.022814 0.195896
v 0.183180 -0.049258 0.177893
v 0.171247 -0.040406 0.171564
v 0.230231 0.050283 0.162998
v 0.180712 0.086589 0.145483
v 0.176567 0.083129 0.158294
v 0.268178 0.028464 0.174969
v 0.274305 0.028384 0.153528
v 0.234759 0.050071 0.146110
v 0.294748 0.018629 0.154923
v 0.299028 0.018235 0.129504
v 0.277388 0.028280 0.128842
v 0.310811 0.015457 0.152930
v 0.314975 0.015166 0.128369
v 0.317996 0.011487 0.111997
v 0.301346 0.017898 0.111012
v 0.322271 0.012245 0.152566
v 0.325556 0.006945 0.128967
v 0.328341 0.002775 0.113344
v 0.331863 0.001454 0.101905
v 0.321601 0.010112 0.099660
v 0.332090 -0.001314 0.129936
v 0.329614 0.003559 0.153292
v 0.335601 -0.004577 0.154020
v 0.337699 -0.008133 0.130793
v 0.340891 -0.010573 0.154676
v 0.344019 -0.011324 0.131797
v 0.351106 -0.007938 0.132726
v 0.352011 -0.007727 0.118198
v 0.352419 -0.007728 0.105568
v 0.358252 -0.004272 0.119578
v 0.358351 -0.004380 0.107502
v 0.356377 -0.002001 0.095831
v 0.349269 -0.004019 0.095339
v 0.364374 -0.000746 0.121124
v 0.343020 0.005580 0.091651
v 0.336769 0.002658 0.095105
v 0.327045 0.012442 0.091884
v 0.303708 0.018928 0.095983
v 0.277706 0.029146 0.107897
v 0.238782 0.049321 0.124563
v 0.183839 0.086851 0.131745
v 0.139508 0.130233 0.125848
v 0.103310 0.177048 0.115499
v 0.136075 0.130278 0.137581
v 0.094887 0.172232 0.119261
v 0.130073 0.125646 0.143856
v 0.085792 0.163020 0.118125
v 0.319463 0.016970 0.180544
v 0.003119 0.175841 0.118204
v -0.005803 0.182730 0.120479
v -0.030972 0.147121 0.136666
v -0.039042 0.150947 0.128683
v -0.071833 0.113272 0.151250
v -0.063698 0.104799 0.158178
v -0.105511 0.074480 0.173391
v -0.098930 0.062712 0.175949
v -0.136594 0.042115 0.183443
v -0.127692 0.032268 0.185172
v -0.143592 0.014635 0.191650
v -0.109930 0.080875 0.161777
v -0.143581 0.050314 0.176976
v -0.112106 0.081613 0.144118
v -0.076124 0.115857 0.119513
v -0.084626 0.127594 0.102751
v -0.117180 0.080731 0.127796
v -0.074684 0.113768 0.137077
v -0.064184 0.176838 0.094416
v -0.045882 0.210924 0.090579
v -0.053367 0.220244 0.071849
v -0.023916 0.223449 0.094322
v 0.509052 -0.156705 0.289749
v 0.507380 -0.163534 0.307532
v 0.539094 -0.189319 0.329981
v 0.575894 -0.207319 0.354069
v -0.695821 -0.334113 -0.349182
v -0.601446 -0.333105 -0.353977
v -0.600585 -0.366023 -0.389572
v -0.766967 -0.391322 0.163491
v -0.145829 -0.300697 0.418355
v -0.145031 -0.301236 0.430387
v -0.127130 -0.298532 0.430248
v -0.129777 -0.299790 0.416833
v -0.113057 -0.287691 0.430468
v -0.118236 -0.288599 0.414991
v -0.123931 -0.288982 0.398893
v -0.097156 -0.277971 0.446909
v -0.393257 -0.248776 0.452829
v -0.436895 -0.294122 0.452178
v -0.424278 -0.298919 0.455473
v -0.415010 -0.300522 0.463775
v -0.494951 -0.330467 0.450390
v 0.446319 -0.390762 0.509104
v 0.423214 -0.391150 0.514663
v 0.447873 -0.353929 0.496470
v 0.094077 -0.386241 0.494688
v 0.043938 -0.313116 -0.492459
v -0.022120 -0.326447 -0.479982
v -0.058247 -0.313074 -0.478843
v -0.074938 -0.298178 -0.475879
v -0.085269 -0.285137 -0.469086
v -0.096051 -0.293204 -0.472836
v -0.103186 -0.285076 -0.462686
v -0.092044 -0.276939 -0.458736
v -0.435347 -0.258600 -0.453748
v -0.457445 -0.244519 -0.441240
v -0.435006 -0.321470 -0.465164
v -0.488369 -0.343397 -0.457086
v -0.513350 -0.360620 -0.462394
v -0.557966 -0.367442 -0.461553
v -0.575174 -0.367657 -0.444672
v 0.008911 -0.250642 0.423015
v 0.012668 -0.257854 0.440791
v -0.021714 -0.276822 0.424292
v 0.021574 -0.274468 0.445927
v 0.723316 -0.132390 0.114027
vn -0.1502 0.1435 0.9782
vn -0.2636 0.2099 0.9415
vn -0.2374 0.2290 0.9440
vn -0.3323 0.2356 0.9133
vn -0.3280 0.2480 0.9115
vn -0.2759 0.2089 0.9382
vn 0.0046 0.0689 0.9976
vn -0.1267 0.2287 0.9652
vn -0.0126 -0.9991 0.0395
vn -0.0032 -0.9876 0.1572
vn -0.0019 -1.0000 0.0094
vn -0.0040 -0.9999 0.0162
vn 0.0886 -0.0577 0.9944
vn 0.0562 -0.1049 0.9929
vn 0.3007 0.4237 0.8545
vn 0.1551 0.0853 0.9842
vn 0.1005 -0.3847 0.9176
vn -0.0112 -0.9996 0.0264
vn -0.0170 -0.9986 0.0492
vn -0.1018 -0.9901 0.0961
vn -0.0406 -0.9910 0.1278
vn -0.0010 -1.0000 0.0012
vn -0.0010 -1.0000 0.0019
vn -0.0030 -0.9999 0.0134
vn -0.0302 -0.9995 0.0059
vn 0.0134 -0.9980 0.0626
vn -0.3122 0.0385 0.9492
vn -0.0358 -0.0660 0.9972
vn -0.0492 0.1772 0.9829
vn -0.2820 0.2867 0.9156
vn -0.0670 -0.9947 0.0783
vn -0.0816 -0.9945 0.0653
vn -0.0348 -0.9982 0.0478
vn -0.0083 -0.9983 0.0580
vn -0.7414 -0.0555 0.6688
vn -0.6685 -0.0262 0.7433
vn 0.3172 0.5335 0.7841
vn 0.1241 0.4733 0.8721
vn -0.0478 0.5643 0.8242
vn -0.2961 0.5576 0.7755
vn -0.4028 0.6010 0.6903
vn -0.6258 0.5675 0.5350
vn -0.0862 0.7299 0.6781
vn 0.0038 0.7571 0.6533
vn -0.5882 0.4489 0.6727
vn 0.1336 0.3768 0.9166
vn 0.0920 0.5704 0.8162
vn -0.0658 0.4298 0.9005
vn 0.0348 0.3680 0.9292
vn 0.1896 0.2792 0.9413
vn 0.3297 0.5175 0.7896
vn -0.5809 0.8125 0.0480
vn -0.5146 0.8550 0.0647
vn -0.5131 0.8526 0.0991
vn -0.5398 0.8399 0.0572
vn -0.9061 0.2283 0.3562
vn -0.9563 0.1918 0.2205
vn -0.9529 0.1529 0.2618
vn -0.9549 0.1715 0.2422
vn -0.7353 0.4189 0.5328
vn -0.8127 0.3283 0.4815
vn -0.8513 0.2677 0.4513
vn -0.8014 0.5482 0.2393
vn -0.9607 0.2325 0.1514
vn -0.0408 0.4758 0.8786
vn -0.0485 0.3543 0.9339
vn -0.0905 0.3443 0.9345
vn -0.1621 0.4703 0.8675
vn 0.0486 0.4324 0.9004
vn 0.0602 0.3432 0.9373
vn -0.2320 0.9163 0.3263
vn -0.3019 0.9143 0.2698
vn -0.2815 0.9491 0.1413
vn -0.2379 0.9555 0.1746
vn -0.4759 0.8459 0.2409
vn -0.5995 0.7870 0.1455
vn -0.5479 0.8107 0.2065
vn -0.2815 0.7033 0.6528
vn -0.4957 0.7616 0.4173
vn -0.2720 0.9604 0.0608
vn -0.2325 0.9699 0.0726
vn -0.7923 0.6091 0.0357
vn -0.7808 0.6055 0.1540
vn -0.7672 0.5883 0.2554
vn -0.8352 0.5489 0.0329
vn -0.7737 0.6316 0.0492
vn -0.7633 0.6401 0.0876
vn -0.0238 -0.9995 0.0204
vn -0.2310 -0.9509 0.2062
vn -0.0024 -0.9971 0.0767
vn -0.0000 -1.0000 0.0033
vn -0.0110 -0.9999 0.0007
vn -0.1375 -0.9892 0.0498
vn 0.0148 -0.9991 -0.0394
vn 0.0823 0.3818 0.9206
vn -0.0184 0.2264 0.9739
vn -0.0321 0.1741 0.9842
vn 0.0366 0.2881 0.9569
vn 0.0767 0.4560 0.8867
vn -0.0153 0.3014 0.9534
vn 0.1443 0.4464 0.8831
vn -0.0703 0.2385 0.9686
vn -0.2217 0.5075 0.8327
vn -0.0735 0.5272 0.8465
vn -0.0790 0.5769 0.8130
vn -0.0948 0.5161 0.8513
vn -0.5873 0.1123 0.8015
vn -0.0427 0.0101 0.9990
vn -0.0470 -0.0184 0.9987
vn -0.0469 -0.0389 0.9981
vn -0.0623 -0.0546 0.9966
vn -0.1662 0.4175 0.8933
vn -0.2069 0.5796 0.7882
vn 0.1041 0.3164 0.9429
vn -0.0418 0.3312 0.9426
vn -0.2473 0.4882 0.8370
vn 0.0054 -0.9999 -0.0091
vn -0.0042 -0.9995 -0.0327
vn 0.0057 -1.0000 0.0025
vn -0.0062 -1.0000 0.0012
vn -0.0070 -1.0000 -0.0055
vn 0.0038 -0.9998 0.0183
vn -0.0062 0.1270 0.9919
vn -0.0398 0.2162 0.9755
vn -0.0071 0.4213 0.9069
vn 0.0124 0.0999 0.9949
vn -0.4990 0.8191 0.2830
vn -0.7592 0.6322 0.1547
vn -0.7229 0.6874 0.0707
vn -0.7104 0.7023 0.0457
vn -0.4110 0.9111 0.0312
vn -0.3244 0.9424 0.0817
vn -0.2702 0.9604 0.0686
vn -0.2776 0.9470 0.1614
vn -0.1018 0.8223 0.5599
vn -0.5993 0.6495 0.4680
vn -0.6667 0.6370 0.3870
vn 0.3547 0.9314 0.0820
vn 0.5377 0.8427 0.0261
vn 0.5706 0.8206 -0.0336
vn 0.2833 0.9590 0.0017
vn 0.0267 0.9993 0.0266
vn 0.2443 0.9621 0.1212
vn 0.5136 0.8536 0.0874
vn 0.6008 0.7969 0.0636
vn 0.6033 0.7973 -0.0196
vn 0.5734 0.8125 0.1051
vn 0.5973 0.7922 0.1246
vn -0.2095 0.6752 0.7072
vn -0.1447 0.5907 0.7938
vn -0.2825 0.4919 0.8236
vn -0.3042 0.5248 0.7950
vn -0.3361 0.5760 0.7451
vn -0.2572 0.7322 0.6307
vn 0.1907 0.3002 0.9346
vn 0.1626 0.2261 0.9604
vn 0.1687 0.2123 0.9625
vn 0.2223 0.2923 0.9301
vn -0.0006 -1.0000 0.0008
vn 0.8041 0.5934 0.0364
vn 0.6993 0.6980 0.1540
vn 0.7670 0.6306 0.1183
vn 0.5532 0.8278 0.0940
vn 0.2914 0.9363 0.1962
vn 0.2634 0.9525 0.1531
vn 0.5771 0.7702 0.2715
vn 0.3182 0.9463 0.0565
vn 0.6374 0.7210 0.2718
vn 0.6665 0.6961 0.2668
vn 0.6529 0.6913 0.3094
vn 0.6281 0.7206 0.2937
vn -0.5230 0.8456 0.1070
vn -0.6894 0.7165 0.1067
vn -0.7183 0.6769 0.1607
vn 0.0818 0.1274 0.9885
vn 0.0931 0.1289 0.9873
vn 0.1294 0.1076 0.9857
vn 0.1285 0.1075 0.9859
vn -0.2605 0.8808 0.3955
vn -0.2481 0.9220 0.2972
vn -0.3209 0.9310 0.1740
vn -0.5175 0.8535 0.0620
vn -0.7230 0.6908 0.0041
vn -0.7231 0.6907 -0.0040
vn -0.7261 0.6875 0.0044
vn -0.2245 0.7702 0.5970
vn -0.1719 0.8470 0.5031
vn -0.5345 0.8396 0.0970
vn -0.6044 0.7954 0.0447
vn -0.7561 0.6533 0.0384
vn -0.6646 0.7464 0.0350
vn 0.0989 0.9674 0.2332
vn 0.1996 0.9592 0.2004
vn 0.1972 0.9595 0.2012
vn 0.7271 0.6547 0.2066
vn 0.7348 0.6439 0.2131
vn 0.7560 0.6450 0.1115
vn 0.1746 0.6884 0.7040
vn -0.0679 0.6174 0.7837
vn 0.0076 0.5205 0.8538
vn 0.2024 0.6130 0.7637
vn 0.3975 0.8735 0.2810
vn 0.3935 0.7426 0.5419
vn 0.3911 0.7459 0.5391
vn 0.4532 0.8117 0.3684
vn 0.0574 0.3345 0.9407
vn -0.0409 0.4260 0.9038
vn -0.1265 0.4289 0.8945
vn -0.1260 0.3861 0.9138
vn 0.5728 0.8020 0.1696
vn 0.6138 0.7602 0.2131
vn -0.3256 0.6166 0.7168
vn -0.4321 0.6368 0.6386
vn -0.4388 0.6948 0.5698
vn -0.2235 0.5065 0.8328
vn 0.1494 0.5080 0.8483
vn 0.0368 0.3755 0.9261
vn -0.0954 0.3306 0.9389
vn 0.4440 0.8887 0.1146
vn 0.6057 0.7772 0.1704
vn -0.5381 0.4823 0.6913
vn -0.6835 0.5461 0.4843
vn -0.5828 0.7286 0.3598
vn -0.4727 0.8732 0.1185
vn -0.5599 0.8205 0.1148
vn -0.5271 0.8442 0.0976
vn -0.3346 0.3768 0.8637
vn -0.4860 0.8729 0.0425
vn -0.7034 0.7103 0.0269
vn -0.6956 0.7170 0.0443
vn -0.3626 0.7656 0.5314
vn -0.3391 0.6172 0.7100
vn -0.6149 0.4360 0.6571
vn -0.6142 0.4206 0.6677
vn -0.4630 0.4169 0.7822
vn -0.4335 0.3571 0.8274
vn -0.5396 0.6710 0.5085
vn -0.3710 0.6487 0.6645
vn -0.5170 0.5196 0.6803
vn -0.5314 0.7438 0.4055
vn -0.4324 0.8986 0.0751
vn -0.4352 0.9001 0.0180
vn -0.4909 0.8711 0.0111
vn -0.7216 0.4238 0.5474
vn -0.3122 0.0199 0.9498
vn -0.6909 0.2659 0.6723
vn -0.6105 0.7920 -0.0006
vn -0.6376 0.7703 -0.0023
vn -0.6051 0.7960 0.0115
vn -0.0559 -0.9984 0.0016
vn -0.0607 -0.9975 0.0365
vn -0.0670 -0.9901 0.1231
vn -0.9078 -0.2422 0.3425
vn -0.5171 0.2573 0.8163
vn -0.6087 0.2099 0.7651
vn -0.5434 0.2492 0.8017
vn -0.5146 0.8572 0.0198
vn -0.4131 0.9083 0.0651
vn -0.4081 0.9098 0.0753
vn -0.3984 0.9135 0.0824
vn -0.4045 0.9117 0.0718
vn -0.3560 0.9216 0.1544
vn -0.3318 0.9359 0.1184
vn -0.4018 0.8877 0.2248
vn 0.2416 0.5163 0.8216
vn 0.1646 0.6029 0.7807
vn -0.1376 0.4595 0.8774
vn -0.1372 0.5438 0.8279
vn 0.2166 0.6045 0.7666
vn 0.3636 0.2538 0.8963
vn 0.2965 0.3182 0.9005
vn 0.1061 0.7034 0.7028
vn 0.5462 0.5344 0.6450
vn 0.5830 0.6212 0.5237
vn 0.3096 0.6529 0.6912
vn 0.2494 0.3711 0.8945
vn 0.7044 0.5851 0.4019
vn 0.6256 0.5264 0.5758
vn 0.2099 0.1708 0.9627
vn 0.3629 0.2634 0.8938
vn -0.0783 0.1477 0.9859
vn -0.0616 0.2287 0.9715
vn -0.1229 0.2067 0.9707
vn -0.0928 0.1955 0.9763
vn -0.2570 0.3490 0.9012
vn -0.1029 0.3377 0.9356
vn -0.2217 0.3883 0.8945
vn 0.2631 0.2195 0.9395
vn -0.0320 0.1270 0.9914
vn 0.0817 0.3355 0.9385
vn 0.6132 0.3752 0.6951
vn 0.3040 0.6937 0.6530
vn 0.2066 0.2725 0.9397
vn -0.0043 -0.1362 0.9907
vn 0.0586 -0.0516 0.9969
vn 0.0023 0.0434 0.9991
vn -0.0660 -0.0513 0.9965
vn 0.0274 -0.0887 0.9957
vn 0.0984 0.0042 0.9951
vn -0.0125 -0.0810 0.9966
vn -0.3636 0.6299 0.6863
vn -0.3481 0.6356 0.6891
vn -0.3473 0.7952 0.4971
vn -0.3750 0.8017 0.4655
vn -0.2098 0.4308 0.8777
vn -0.1689 0.3139 0.9343
vn -0.3013 0.4538 0.8386
vn -0.2962 0.4661 0.8337
vn 0.0335 0.3970 0.9172
vn -0.0838 0.4160 0.9055
vn -0.0774 0.4638 0.8826
vn -0.2554 0.5877 0.7677
vn -0.3767 0.7261 0.5753
vn -0.4026 0.5679 0.7179
vn -0.1305 0.3598 0.9238
vn -0.7023 0.1844 0.6876
vn -0.6850 0.2153 0.6960
vn -0.3941 0.4008 0.8271
vn -0.1380 0.5072 0.8507
vn -0.4312 0.5210 0.7366
vn -0.4521 0.4693 0.7586
vn -0.3906 0.4629 0.7957
vn -0.3322 0.2942 0.8962
vn -0.0746 0.2082 0.9752
vn -0.0358 0.3181 0.9474
vn -0.0242 0.3475 0.9374
vn -0.3719 0.9282 -0.0052
vn -0.5421 0.8377 0.0666
vn -0.4900 0.8716 0.0109
vn -0.0562 0.3787 0.9238
vn -0.4805 0.5411 0.6902
vn -0.4219 0.7904 0.4441
vn -0.4478 0.8444 0.2942
vn -0.6167 0.6110 0.4964
vn -0.4254 0.8894 0.1674
vn -0.3216 0.9288 0.1839
vn -0.2549 0.9206 0.2958
vn 0.4037 0.5605 0.7231
vn 0.4313 0.7509 0.5002
vn 0.4824 0.7411 0.4670
vn 0.3844 0.7228 0.5743
vn -0.1385 0.4606 0.8767
vn -0.0472 0.4442 0.8947
vn 0.1109 0.4075 0.9065
vn 0.5413 0.4211 0.7278
vn 0.4775 0.7110 0.5161
vn -0.0247 0.3968 0.9176
vn -0.0555 0.4768 0.8773
vn -0.1955 0.4149 0.8886
vn -0.1285 0.3605 0.9239
vn -0.0196 0.3837 0.9233
vn -0.0959 0.4114 0.9064
vn -0.0948 0.4429 0.8916
vn -0.4487 0.6192 0.6445
vn -0.5302 0.5805 0.6180
vn -0.5578 0.5706 0.6027
vn -0.5792 0.6552 0.4850
vn -0.2969 0.7235 0.6233
vn -0.3308 0.5505 0.7665
vn -0.4231 0.4984 0.7567
vn -0.5055 0.4782 0.7182
vn -0.0304 -0.3358 0.9415
vn -0.0678 -0.0432 0.9968
vn -0.0171 -0.2701 0.9627
vn -0.0201 -0.9928 0.1185
vn 0.0014 -0.9631 0.2691
vn -0.0083 -0.9959 0.0905
vn -0.0040 -0.9997 0.0221
vn -0.0215 -0.9854 0.1691
vn -0.0108 -0.9977 0.0673
vn -0.0955 0.6473 0.7562
vn -0.2037 0.4258 0.8816
vn -0.0754 0.3811 0.9215
vn 0.0116 0.3295 0.9441
vn -0.2584 0.9199 0.2949
vn -0.0183 0.8816 0.4716
vn -0.2210 0.6253 0.7485
vn -0.1115 -0.9902 0.0844
vn -0.2212 -0.8962 0.3845
vn -0.1748 -0.9524 0.2497
vn -0.0318 -0.9986 0.0412
vn -0.0005 -1.0000 0.0002
vn -0.0007 -1.0000 -0.0001
vn -0.0004 -1.0000 -0.0004
vn -0.0004 -1.0000 -0.0005
vn -0.0013 -1.0000 -0.0014
vn -0.0011 -1.0000 0.0001
vn -0.4248 0.8001 0.4235
vn -0.2952 0.8608 0.4147
vn -0.4942 0.8183 0.2935
vn -0.3583 0.8227 0.4412
vn -0.0622 0.6427 0.7636
vn -0.2369 0.5490 0.8016
vn -0.5149 0.7919 0.3283
vn -0.2601 0.8345 0.4858
vn 0.0188 0.4068 0.9133
vn -0.0238 0.4404 0.8975
vn -0.0115 0.3956 0.9183
vn 0.0359 0.3404 0.9396
vn 0.2046 0.2658 0.9421
vn -0.2667 -0.6968 0.6659
vn -0.3449 0.9260 0.1532
vn -0.3654 0.8586 0.3597
vn -0.4203 0.8799 0.2218
vn -0.4498 0.8556 0.2562
vn 0.2497 0.6268 0.7381
vn 0.3457 0.5519 0.7589
vn 0.1644 0.4995 0.8506
vn -0.0088 0.6372 0.7707
vn -0.4437 0.8959 0.0242
vn -0.3094 0.9508 0.0145
vn -0.2004 0.9797 -0.0105
vn -0.4949 0.6689 0.5547
vn -0.5121 0.7210 0.4668
vn -0.5138 0.7665 0.3854
vn -0.4313 0.7405 0.5154
vn -0.6314 0.5866 0.5072
vn -0.4418 0.6911 0.5720
vn -0.4792 0.5037 0.7188
vn -0.5363 0.4918 0.6860
vn -0.0012 0.3957 0.9184
vn -0.0008 0.4836 0.8753
vn -0.0677 0.5121 0.8563
vn -0.0052 0.3691 0.9294
vn 0.0325 0.3319 0.9428
vn 0.0583 0.4479 0.8922
vn 0.0407 0.2886 0.9566
vn 0.8582 -0.2456 0.4507
vn -0.3485 0.7944 0.4975
vn -0.4640 0.8828 -0.0740
vn -0.4799 0.8757 -0.0531
vn -0.2768 0.9609 0.0046
vn -0.9169 0.3992 0.0005
vn -0.8795 0.4636 0.1079
vn -0.8941 0.4468 0.0322
vn -0.9000 0.4316 -0.0609
vn -0.8724 0.4883 -0.0212
vn -0.8784 0.4778 -0.0005
vn -0.8676 0.4948 0.0493
vn -0.3603 0.6035 0.7113
vn -0.4109 0.6224 0.6661
vn -0.4425 0.6960 0.5655
vn -0.4589 0.5152 0.7239
vn -0.8351 0.5171 0.1875
vn -0.8417 0.3208 -0.4344
vn -0.7233 0.5441 -0.4252
vn -0.7367 0.3906 0.5520
vn -0.7732 0.5757 -0.2660
vn -0.6929 0.5551 0.4601
vn -0.6790 0.5008 0.5369
vn -0.6673 0.5847 0.4614
vn -0.7072 0.6210 0.3380
vn -0.6577 0.4612 0.5955
vn -0.6317 0.4213 0.6508
vn -0.9196 -0.2744 0.2812
vn -0.7876 0.5972 0.1520
vn -0.8017 0.5960 0.0458
vn -0.7955 0.6054 0.0262
vn -0.7816 0.5798 0.2300
vn -0.5354 0.8402 0.0865
vn -0.5100 0.8051 0.3029
vn -0.5332 0.8394 0.1056
vn -0.5457 0.8349 -0.0713
vn 0.1742 0.8981 0.4038
vn 0.2112 0.8053 0.5539
vn 0.1140 0.5187 0.8473
vn -0.4587 0.8802 0.1220
vn -0.3504 0.9055 0.2395
vn -0.3343 0.9266 0.1720
vn -0.4948 0.8671 0.0572
vn -0.1086 0.5711 0.8137
vn -0.0415 0.4162 0.9083
vn -0.0973 0.5762 0.8115
vn -0.4641 0.6567 -0.5944
vn -0.5016 0.6800 -0.5347
vn -0.4003 0.7192 -0.5679
vn -0.3776 0.7662 -0.5199
vn -0.4940 0.7243 -0.4810
vn -0.5223 0.7400 -0.4238
vn -0.4984 0.4420 -0.7458
vn -0.4960 0.4896 -0.7172
vn -0.4340 0.6007 -0.6714
vn -0.4827 0.5273 -0.6992
vn -0.6008 0.4912 -0.6307
vn 0.1724 0.9850 0.0034
vn 0.5162 0.8564 0.0124
vn 0.2544 0.9671 0.0051
vn -0.4651 0.8838 0.0516
vn -0.3757 0.8740 0.3082
vn -0.0902 0.7157 0.6925
vn -0.1483 0.7229 0.6749
vn 0.1723 0.6315 0.7560
vn -0.3437 0.5893 -0.7312
vn -0.3091 0.5747 -0.7578
vn -0.3856 0.5607 -0.7327
vn -0.2974 0.5228 -0.7989
vn 0.0022 -1.0000 0.0019
vn -0.0022 -1.0000 0.0017
vn -0.0011 -1.0000 0.0019
vn 0.0015 -1.0000 0.0014
vn 0.5170 -0.3536 0.7795
vn 0.0022 -1.0000 0.0076
vn 0.0057 -0.9999 0.0127
vn 0.2281 0.3631 0.9034
vn 0.5067 0.3335 0.7950
vn 0.5426 0.3032 0.7834
vn 0.0896 0.3855 0.9183
vn -0.1367 0.4251 0.8948
vn -0.0494 0.4215 0.9055
vn 0.0532 0.3569 0.9326
vn -0.3498 0.6510 0.6737
vn -0.2554 0.7618 0.5954
vn -0.3758 0.7417 0.5556
vn -0.5688 0.7333 0.3725
vn -0.5080 0.5113 0.6931
vn -0.5209 0.5336 0.6663
vn -0.4246 0.5413 0.7257
vn -0.0045 0.8427 0.5383
vn 0.1908 0.8091 0.5558
vn -0.4346 0.6599 0.6129
vn -0.0020 -1.0000 -0.0026
vn -0.0006 -1.0000 -0.0033
vn -0.0003 -1.0000 -0.0079
vn -0.9043 -0.2474 -0.3478
vn -0.9783 -0.1219 -0.1677
vn -0.9516 -0.2859 -0.1132
vn -0.0299 0.0620 -0.9976
vn -0.0859 0.0816 -0.9930
vn -0.0815 0.0494 -0.9955
vn -0.0380 0.0236 -0.9990
vn 0.9199 -0.0582 0.3877
vn 0.9489 -0.0454 0.3124
vn 0.9117 -0.0428 0.4086
vn 0.7972 -0.0190 0.6034
vn 0.8942 0.0320 0.4466
vn 0.9344 -0.0070 0.3561
vn 0.8661 0.1226 0.4847
vn 0.6607 0.7407 0.1218
vn 0.7039 0.6946 0.1486
vn 0.6784 0.6972 0.2316
vn -0.0746 0.2246 0.9716
vn -0.0328 0.2824 0.9587
vn -0.0372 0.2010 0.9789
vn -0.0690 0.1983 0.9777
vn -0.5420 0.7957 0.2706
vn -0.2533 0.8593 0.4443
vn -0.3046 0.7203 0.6232
vn -0.5667 0.8230 0.0385
vn -0.5465 0.8293 0.1171
vn -0.5798 0.7959 0.1741
vn -0.5780 0.8156 0.0264
vn -0.5632 0.8262 -0.0148
vn -0.5583 0.8296 0.0076
vn -0.5352 0.8441 0.0334
vn -0.1503 0.4448 0.8829
vn 0.0891 0.4206 0.9029
vn 0.0017 0.5426 0.8400
vn -0.1359 0.3581 0.9237
vn 0.2043 0.4621 0.8630
vn 0.1059 0.3450 0.9326
vn -0.3487 0.4942 0.7964
vn -0.4508 0.6425 0.6197
vn 0.3055 0.6917 0.6544
vn 0.3236 0.7222 0.6113
vn 0.3627 0.6887 0.6278
vn -0.4058 0.4878 0.7729
vn -0.3751 0.6624 0.6485
vn 0.3143 0.5913 0.7426
vn 0.3406 0.4482 0.8265
vn 0.1110 0.4197 0.9008
vn -0.0033 0.5194 0.8545
vn -0.1481 0.5125 0.8458
vn 0.0751 0.5813 0.8102
vn 0.4001 0.5969 0.6954
vn 0.4478 0.4623 0.7653
vn -0.2884 0.4676 0.8356
vn -0.3366 0.3682 0.8667
vn -0.2990 0.3098 0.9025
vn -0.1835 0.3533 0.9173
vn -0.0567 0.3771 0.9244
vn 0.1625 0.5172 0.8403
vn -0.4383 0.5179 0.7346
vn -0.3520 0.4579 0.8163
vn -0.1035 0.5741 0.8122
vn -0.3201 0.5850 0.7452
vn 0.2411 0.5173 0.8211
vn -0.0068 -0.9994 0.0330
vn -0.0046 -0.9995 0.0303
vn -0.0041 -0.9995 0.0298
vn 0.7170 0.2061 0.6659
vn 0.6713 -0.0084 0.7411
vn 0.6998 0.1438 0.6997
vn 0.7665 0.0595 0.6395
vn 0.0402 0.6857 0.7268
vn 0.1368 0.8098 0.5705
vn -0.0732 0.6338 0.7700
vn 0.0052 0.5584 0.8295
vn 0.5828 0.7319 0.3532
vn 0.6863 0.7001 0.1970
vn 0.4820 0.8450 0.2314
vn 0.7100 0.6545 0.2597
vn 0.7267 0.6516 0.2177
vn -0.3342 0.3206 0.8863
vn -0.4247 0.4960 0.7574
vn -0.2848 0.3934 0.8741
vn -0.3576 0.3235 0.8761
vn -0.4396 0.4130 0.7976
vn -0.2677 0.3358 0.9031
vn -0.8468 0.4824 -0.2241
vn -0.8418 0.5397 -0.0097
vn -0.8166 0.5771 -0.0044
vn -0.8254 0.5464 -0.1421
vn -0.8049 0.5163 -0.2926
vn -0.8041 0.3831 -0.4545
vn -0.0806 -0.9916 -0.1007
vn -0.1681 -0.9116 -0.3751
vn -0.1423 -0.9774 -0.1564
vn -0.2051 -0.9775 -0.0484
vn -0.1057 -0.9913 -0.0778
vn -0.0398 -0.9978 -0.0533
vn -0.0300 -0.9992 -0.0260
vn -0.0575 -0.9976 -0.0394
vn -0.9833 -0.1812 0.0183
vn -0.9526 -0.2914 0.0870
vn -0.9360 -0.3333 0.1136
vn -0.5940 0.0152 -0.8043
vn -0.0081 -0.9994 -0.0329
vn -0.0031 -1.0000 -0.0089
vn -0.0091 -0.9984 -0.0558
vn -0.0485 -0.9792 -0.1970
vn -0.9135 0.3413 -0.2213
vn -0.2658 -0.0880 -0.9600
vn -0.0920 -0.9580 -0.2717
vn -0.3008 -0.9217 -0.2450
vn -0.2682 -0.9330 -0.2400
vn -0.0103 -0.9960 -0.0889
vn -0.0906 -0.9293 -0.3580
vn 0.7574 0.3678 0.5396
vn 0.7953 0.2433 0.5552
vn 0.5305 0.4831 0.6965
vn 0.4791 0.4115 0.7753
vn 0.2807 0.3479 0.8945
vn 0.4494 0.1383 0.8825
vn 0.2714 0.2286 0.9349
vn 0.2598 0.2774 0.9250
vn 0.1243 0.3439 0.9308
vn 0.3108 0.3619 0.8789
vn -0.4892 0.3372 0.8043
vn -0.3325 0.2855 0.8989
vn -0.4012 0.3305 0.8543
vn -0.5062 0.3685 0.7798
vn 0.7859 0.2714 0.5556
vn 0.3624 0.9208 0.1444
vn 0.4412 0.8597 0.2574
vn 0.4944 0.8455 0.2019
vn 0.4461 0.8800 0.1630
vn -0.2964 0.2307 -0.9268
vn -0.4506 0.3678 -0.8134
vn -0.6445 0.5379 -0.5435
vn -0.2517 0.1567 -0.9550
vn -0.0832 0.1172 -0.9896
vn -0.0820 0.2191 -0.9722
vn -0.0823 0.1995 -0.9764
vn -0.0078 0.3852 -0.9228
vn -0.0106 0.3729 -0.9278
vn -0.0796 0.4255 -0.9015
vn -0.0968 0.3542 -0.9301
vn -0.1723 0.4392 -0.8817
vn -0.0483 0.4928 -0.8688
vn -0.0870 0.4503 -0.8886
vn -0.3806 0.6659 -0.6417
vn -0.1227 0.4294 -0.8947
vn -0.1810 0.6997 -0.6911
vn -0.3696 0.5784 -0.7272
vn -0.6514 0.5438 -0.5291
vn -0.6560 0.5410 -0.5262
vn -0.3887 0.6275 -0.6746
vn -0.4052 0.6786 -0.6126
vn -0.2549 0.8040 -0.5372
vn -0.3201 0.6975 -0.6412
vn -0.4114 0.5318 -0.7402
vn 0.4640 0.4612 0.7563
vn 0.5003 0.4764 0.7230
vn 0.4327 0.4320 0.7913
vn 0.4118 0.4558 0.7891
vn 0.4551 0.4843 0.7472
vn 0.1637 0.8962 0.4122
vn 0.2350 0.6844 0.6902
vn 0.0084 0.9331 0.3594
vn 0.0917 0.9646 0.2474
vn 0.6970 0.7161 0.0388
vn 0.7396 0.6725 0.0259
vn 0.7766 0.6102 0.1567
vn 0.6822 0.5677 0.4608
vn 0.4479 0.4625 0.7651
vn 0.3421 0.4151 0.8430
vn -0.0347 0.2427 -0.9695
vn -0.1381 0.5535 -0.8213
vn -0.0668 0.5702 -0.8188
vn -0.1508 0.6373 -0.7557
vn -0.0608 -0.0587 -0.9964
vn -0.1274 0.0169 -0.9917
vn -0.1289 0.0518 -0.9903
vn -0.1602 0.0930 -0.9827
vn -0.6665 0.7309 -0.1467
vn -0.7208 0.6931 0.0001
vn -0.7335 0.6789 -0.0312
vn -0.7232 0.6890 -0.0475
vn -0.1471 0.9710 0.1882
vn -0.0684 0.9674 0.2439
vn -0.0768 0.9682 0.2382
vn -0.6863 0.7167 -0.1235
vn -0.5094 0.7747 -0.3745
vn -0.3640 0.7362 -0.5706
vn -0.6886 0.7201 0.0855
vn -0.7258 0.6876 0.0198
vn 0.0332 -0.9960 -0.0834
vn -0.0003 -1.0000 -0.0015
vn 0.0008 -1.0000 -0.0003
vn 0.0089 -1.0000 -0.0007
vn 0.6627 -0.7426 0.0969
vn 0.6411 -0.7665 0.0382
vn 0.6408 -0.7667 0.0376
vn 0.0103 -0.9987 -0.0498
vn 0.0015 -1.0000 -0.0011
vn 0.0211 -0.8863 -0.4626
vn 0.0305 -0.9583 -0.2841
vn -0.0709 0.8778 0.4737
vn -0.1985 0.7697 0.6068
vn -0.4442 0.8501 0.2829
vn -0.3123 0.9354 0.1658
vn 0.2301 0.9155 0.3301
vn 0.0730 0.6790 0.7305
vn -0.0149 0.9958 0.0898
vn 0.4885 0.8316 0.2640
vn 0.4679 0.8633 0.1893
vn 0.5120 0.7748 0.3708
vn 0.5401 0.1953 0.8186
vn 0.6069 0.2958 0.7377
vn 0.4515 0.2107 0.8671
vn 0.6242 0.1966 0.7561
vn 0.3397 0.3301 0.8807
vn -0.5972 0.4371 -0.6725
vn -0.6258 0.3978 -0.6709
vn -0.5537 0.4364 -0.7092
vn -0.5177 0.4153 -0.7480
vn -0.4089 0.3701 -0.8342
vn -0.5328 0.4432 -0.7209
vn -0.5934 0.5459 -0.5915
vn -0.6158 0.4414 -0.6527
vn -0.4796 -0.1391 -0.8664
vn -0.2439 0.3746 -0.8945
vn -0.3282 0.3188 -0.8892
vn -0.3531 0.4073 -0.8423
vn -0.4431 0.4675 -0.7650
vn -0.3463 0.5667 -0.7476
vn -0.1364 0.5313 -0.8362
vn 0.1920 0.4872 -0.8520
vn 0.1138 0.4184 -0.9011
vn -0.1783 0.4290 -0.8855
vn -0.3045 0.3603 -0.8817
vn 0.0476 0.5538 -0.8313
vn -0.0832 -0.9748 -0.2071
vn -0.0106 -0.9983 -0.0565
vn -0.0087 -0.9999 -0.0104
vn -0.0099 -0.9999 -0.0141
vn -0.0308 -0.9990 -0.0319
vn -0.0254 -0.9995 -0.0200
vn -0.0058 -1.0000 -0.0013
vn -0.8420 -0.3979 -0.3643
vn -0.5268 0.3295 -0.7835
vn -0.6571 0.2588 -0.7080
vn -0.3778 0.2128 -0.9011
vn -0.3730 0.2404 -0.8962
vn -0.6845 0.7277 -0.0430
vn -0.5913 0.7941 -0.1408
vn -0.0594 -0.8881 -0.4559
vn -0.0501 -0.7969 -0.6020
vn -0.1209 -0.9341 -0.3360
vn 0.1153 -0.9841 -0.1353
vn 0.2303 0.5643 0.7928
vn 0.1795 0.7392 0.6491
vn 0.1347 0.2967 0.9454
vn 0.2167 0.3873 0.8961
vn 0.3366 0.5555 0.7603
vn 0.3124 0.6610 0.6822
vn 0.1101 0.2585 0.9597
vn 0.2748 0.6902 0.6694
vn -0.4389 0.5790 -0.6871
vn -0.3765 0.5082 -0.7745
vn -0.2661 0.5200 -0.8116
vn -0.3222 0.5118 -0.7964
vn -0.3186 0.5249 -0.7893
vn -0.1614 0.5431 -0.8240
vn -0.2933 0.3434 -0.8922
vn 0.4961 0.3913 -0.7751
vn 0.4324 0.4314 -0.7918
vn 0.4070 0.4250 -0.8085
vn 0.3749 0.3843 -0.8437
vn 0.3300 0.3810 -0.8637
vn 0.5269 0.4598 -0.7148
vn 0.4768 0.4881 -0.7310
vn 0.0230 -0.9995 0.0207
vn 0.0428 -0.9876 0.1509
vn 0.0006 -1.0000 0.0086
vn 0.0126 -0.9776 0.2100
vn 0.0001 -1.0000 0.0001
vn -0.1958 -0.9435 0.2673
vn -0.0481 -0.9681 0.2461
vn -0.0406 -0.8779 0.4771
vn -0.1078 -0.8791 0.4642
vn -0.2505 0.7680 -0.5895
vn -0.3580 0.7659 -0.5340
vn -0.3763 0.6415 -0.6685
vn -0.3546 0.6869 -0.6344
vn -0.2434 0.2511 -0.9369
vn -0.2724 0.2598 -0.9265
vn -0.1735 0.2523 -0.9520
vn -0.1292 0.0735 -0.9889
vn -0.2563 0.0783 -0.9634
vn -0.2185 0.1272 -0.9675
vn -0.3789 0.2309 -0.8962
vn 0.1331 0.3358 0.9325
vn -0.5204 0.8474 -0.1049
vn -0.5044 0.8623 -0.0457
vn -0.6920 0.7204 0.0455
vn -0.7268 0.6830 -0.0731
vn -0.7460 0.6421 -0.1766
vn -0.6524 0.7337 -0.1899
vn -0.2556 0.1758 -0.9507
vn -0.2083 0.1488 -0.9667
vn -0.2329 0.2416 -0.9420
vn -0.3211 0.3026 -0.8974
vn -0.3800 0.9160 -0.1286
vn -0.3807 0.9217 -0.0740
vn -0.4807 0.3734 -0.7934
vn -0.2612 0.2796 -0.9239
vn -0.1868 0.1834 -0.9651
vn -0.2147 0.2917 -0.9321
vn -0.6900 0.3905 -0.6094
vn -0.6947 0.5434 -0.4713
vn -0.5230 0.4113 -0.7465
vn -0.2880 0.4613 -0.8392
vn -0.5734 0.5003 -0.6488
vn -0.3597 0.4149 -0.8357
vn -0.7923 0.6101 0.0041
vn -0.7787 0.6268 0.0284
vn -0.7731 0.6341 0.0152
vn -0.7834 0.6214 -0.0082
vn -0.8227 0.5685 0.0019
vn -0.8149 0.5789 0.0290
vn -0.8172 0.5758 -0.0244
vn -0.2303 0.3408 -0.9115
vn -0.1547 0.4858 -0.8603
vn -0.0366 0.3122 -0.9493
vn -0.0205 0.3608 -0.9324
vn -0.1137 0.3538 -0.9284
vn 0.7718 0.6356 0.0159
vn 0.6199 0.7607 0.1926
vn 0.7339 0.6793 0.0063
vn 0.7509 0.6603 -0.0103
vn -0.2949 0.9547 -0.0403
vn -0.2844 0.9584 -0.0257
vn -0.3944 0.9188 -0.0175
vn -0.3810 0.9125 0.1489
vn 0.2941 0.8738 0.3871
vn 0.5040 0.8020 0.3206
vn 0.4009 0.3616 -0.8417
vn 0.4807 0.5264 -0.7013
vn 0.3971 0.3696 -0.8401
vn 0.3047 0.4407 -0.8444
vn -0.2193 0.8167 -0.5338
vn 0.5670 0.7515 -0.3373
vn 0.5661 0.7787 -0.2705
vn 0.5863 0.7378 -0.3346
vn 0.2798 0.7168 0.6387
vn 0.1899 0.6199 0.7613
vn 0.0507 0.6893 0.7227
vn 0.0192 0.9612 0.2752
vn 0.2505 0.9680 0.0134
vn 0.0219 0.9837 -0.1783
vn 0.3861 0.8928 -0.2319
vn 0.2940 0.5974 0.7461
vn 0.2194 0.5501 0.8057
vn -0.1793 -0.7813 -0.5978
vn -0.3661 -0.7486 -0.5528
vn -0.0504 -0.7866 -0.6154
vn 0.0797 -0.9960 -0.0403
vn 0.4712 -0.8801 0.0589
vn -0.5634 0.8216 -0.0864
vn -0.5174 0.8186 -0.2494
vn -0.4581 0.8474 -0.2686
vn -0.0724 0.9571 -0.2806
vn -0.0347 0.8752 -0.4824
vn 0.6610 0.7305 -0.1713
vn 0.3527 0.7813 -0.5149
vn 0.5224 0.7254 -0.4482
vn 0.6166 0.7005 -0.3593
vn 0.2012 0.9311 0.3044
vn 0.5257 0.7995 0.2906
vn 0.0787 0.8948 0.4395
vn 0.0357 0.9617 0.2719
vn 0.7534 0.6563 0.0415
vn 0.7412 0.6482 0.1745
vn 0.7297 0.6625 -0.1691
vn 0.7690 0.6351 -0.0731
vn 0.6944 0.6591 -0.2889
vn -0.3320 -0.8412 0.4268
vn -0.1414 -0.9062 0.3986
vn -0.3228 -0.7184 0.6162
vn -0.2326 -0.9694 0.0787
vn -0.5469 0.8353 -0.0573
vn -0.5041 0.8615 -0.0612
vn -0.6267 0.7770 -0.0587
vn -0.6239 0.7792 -0.0593
vn -0.5180 0.8397 -0.1631
vn -0.5143 0.8422 -0.1621
vn -0.6315 0.7620 -0.1432
vn 0.1526 0.9882 -0.0154
vn 0.7285 0.6242 0.2821
vn 0.6235 0.6972 0.3538
vn 0.7035 0.6660 0.2481
vn 0.7634 0.6357 0.1146
vn -0.6037 0.7251 0.3313
vn -0.6843 0.7209 0.1102
vn -0.6064 0.7488 0.2675
vn -0.4806 0.7875 0.3858
vn 0.6689 0.7423 0.0392
vn 0.5305 0.8379 0.1284
vn 0.6555 0.7471 0.1107
vn 0.7622 0.6471 0.0152
vn 0.7758 0.6309 0.0053
vn 0.7044 0.7097 0.0119
vn 0.6790 0.7335 0.0305
vn -0.0210 0.2960 -0.9550
vn -0.2350 0.3630 -0.9017
vn -0.0062 -0.9989 -0.0460
vn -0.0024 -0.9939 -0.1100
vn -0.0056 -0.9988 0.0491
vn 0.0738 0.9828 -0.1690
vn 0.6375 0.6640 -0.3908
vn 0.7452 0.6472 -0.1607
vn 0.6818 0.6846 -0.2580
vn 0.5634 0.7282 -0.3903
vn -0.5816 0.7055 -0.4051
vn -0.4087 0.8126 -0.4154
vn -0.5697 0.7706 -0.2857
vn -0.6633 0.7236 -0.1908
vn -0.3157 0.6474 -0.6937
vn -0.5002 0.5342 -0.6815
vn -0.5459 0.5451 -0.6363
vn -0.1763 0.5110 -0.8413
vn -0.6122 0.7254 -0.3148
vn -0.6795 0.6836 -0.2662
vn -0.1257 0.6060 -0.7855
vn -0.0538 0.5898 -0.8057
vn 0.2019 0.8216 -0.5331
vn -0.0110 -0.9980 0.0629
vn -0.0157 -0.9992 -0.0375
vn -0.0035 -0.9998 -0.0185
vn -0.1441 -0.9888 -0.0390
vn 0.7940 0.6078 -0.0135
vn 0.8040 0.5946 0.0065
vn 0.8055 0.5926 -0.0029
vn 0.7999 0.5998 -0.0186
vn 0.7548 0.6557 -0.0170
vn -0.7589 0.6512 -0.0048
vn -0.6131 0.7794 -0.1290
vn -0.6065 0.7801 -0.1539
vn -0.6602 0.7509 -0.0186
vn -0.7745 0.6326 0.0024
vn -0.8172 0.5759 0.0226
vn -0.6280 0.7782 0.0112
vn 0.8644 -0.5024 0.0209
vn 0.8584 -0.5108 0.0468
vn 0.8801 -0.4697 0.0697
vn 0.8794 -0.4752 0.0269
vn 0.8460 -0.5265 0.0846
vn 0.8544 -0.5190 0.0268
vn 0.8543 -0.5027 0.1322
vn 0.8225 -0.5418 0.1728
vn 0.8761 -0.4696 0.1093
vn 0.3208 0.7228 -0.6120
vn 0.0033 0.8161 -0.5779
vn 0.0724 0.5380 -0.8398
vn 0.1646 0.5088 -0.8450
vn 0.2462 0.5039 -0.8280
vn 0.2636 0.5528 -0.7905
vn 0.9986 0.0438 0.0305
vn 0.9872 -0.1495 0.0549
vn 0.9896 -0.1422 0.0208
vn 0.9992 0.0405 0.0070
vn 0.4388 0.8808 0.1781
vn 0.4794 0.8697 0.1172
vn 0.4017 0.9014 0.1616
vn 0.3706 0.9010 0.2254
vn 0.2749 0.3770 0.8845
vn 0.1760 0.5114 0.8411
vn 0.2034 0.4160 0.8863
vn 0.3063 0.3095 0.9002
vn 0.7813 0.6196 0.0758
vn 0.6361 0.6491 0.4171
vn 0.7735 0.6320 0.0484
vn 0.7715 0.6353 0.0344
vn -0.0730 0.9954 -0.0625
vn 0.1029 0.9939 -0.0402
vn -0.1613 0.9866 -0.0251
vn -0.2432 0.9692 -0.0386
vn 0.2273 0.6900 0.6871
vn 0.3372 0.5371 0.7732
vn -0.3178 0.8399 -0.4400
vn -0.3421 0.9157 -0.2107
vn -0.3086 0.9160 -0.2565
vn -0.2270 0.8871 -0.4019
vn -0.1538 0.8015 -0.5779
vn -0.1799 0.7130 -0.6777
vn 0.0201 0.2311 -0.9727
vn -0.0574 0.2849 -0.9568
vn -0.0471 0.2201 -0.9743
vn 0.1566 0.3850 -0.9095
vn 0.3024 0.6834 -0.6645
vn 0.3468 0.5353 -0.7702
vn 0.2133 0.6151 -0.7590
vn 0.2178 0.4542 -0.8639
vn 0.0680 0.5093 -0.8579
vn -0.2796 0.3175 -0.9061
vn -0.2196 0.2477 -0.9436
vn -0.1086 0.3521 -0.9296
vn -0.6500 0.7598 0.0135
vn -0.6967 0.6767 -0.2382
vn -0.6950 0.6841 -0.2213
vn 0.2717 0.5197 -0.8100
vn 0.2204 0.5333 -0.8167
vn 0.2481 0.5663 -0.7859
vn -0.2978 0.5527 0.7783
vn -0.3543 0.2489 0.9014
vn -0.1891 0.2628 0.9461
vn -0.5146 0.2785 0.8109
vn 0.1598 0.7353 0.6587
vn 0.4649 0.8250 0.3212
vn 0.2934 0.7545 0.5871
vn -0.2508 0.6173 0.7457
vn -0.2220 0.7405 0.6343
vn 0.7062 0.6217 0.3387
vn 0.6900 0.6137 0.3837
vn 0.7407 0.6687 0.0645
vn 0.6465 0.7561 0.1020
vn 0.4967 0.7000 0.5132
vn 0.5998 0.5528 0.5785
vn 0.3021 0.9229 0.2388
vn 0.1858 0.3678 -0.9112
vn 0.0927 0.5582 -0.8245
vn 0.1394 0.4105 -0.9012
vn -0.0192 0.3161 0.9485
vn -0.0570 0.2640 0.9628
vn 0.0167 0.1922 0.9812
vn 0.0224 0.2479 0.9685
vn 0.0428 0.4789 0.8768
vn -0.0297 0.5593 0.8284
vn -0.1375 0.4683 0.8728
vn 0.6609 0.7504 -0.0001
vn 0.7273 0.6859 0.0220
vn 0.6338 0.7712 0.0595
vn 0.6221 0.7790 0.0787
vn 0.6787 0.7333 -0.0408
vn 0.7708 0.6370 -0.0081
vn 0.7693 0.6388 0.0025
vn 0.7701 0.6379 0.0032
vn 0.4920 0.8698 -0.0384
vn 0.5502 0.8328 -0.0612
vn 0.2945 0.7715 0.5639
vn 0.1596 0.8014 0.5765
vn 0.1172 0.8075 0.5781
vn 0.8351 -0.1131 0.5384
vn 0.7030 -0.1244 0.7002
vn 0.6919 -0.2649 0.6717
vn 0.9017 -0.2787 0.3306
vn 0.9825 -0.1090 0.1509
vn 0.8682 -0.0723 0.4909
vn 0.7014 -0.0229 0.7124
vn 0.6549 0.7492 -0.0993
vn 0.7118 0.6999 -0.0583
vn 0.6000 0.6204 -0.5051
vn 0.5473 0.8217 -0.1592
vn 0.7155 0.6600 -0.2291
vn 0.6081 0.6094 -0.5087
vn 0.3113 0.9201 -0.2379
vn 0.1805 0.9407 -0.2872
vn 0.1911 0.9735 -0.1254
vn 0.5470 0.5826 -0.6011
vn 0.5072 0.6416 -0.5754
vn -0.2033 0.7956 -0.5708
vn -0.3122 0.8126 -0.4921
vn -0.2541 0.7602 -0.5980
vn -0.0581 0.8070 -0.5877
vn -0.4756 0.8186 0.3219
vn -0.4850 0.6305 0.6060
vn -0.4776 0.8022 0.3583
vn 0.7139 0.6943 0.0916
vn 0.8255 0.5641 0.0191
vn 0.7484 0.6628 0.0228
vn 0.6228 0.7756 0.1031
vn 0.7231 0.6897 -0.0395
vn 0.6734 0.7338 -0.0898
vn 0.6240 0.7782 -0.0715
vn 0.6614 0.7484 -0.0491
vn 0.6145 0.7393 -0.2753
vn 0.7300 0.6800 -0.0684
vn -0.7615 0.6474 -0.0303
vn -0.6430 0.7462 -0.1724
vn -0.5178 0.8491 -0.1048
vn -0.7847 0.6192 -0.0288
vn -0.8076 0.5897 -0.0049
vn -0.7420 0.6694 -0.0360
vn -0.8210 0.5686 -0.0511
vn -0.7677 0.6317 -0.1073
vn -0.7523 0.6549 -0.0716
vn -0.8137 0.5806 -0.0302
vn 0.0067 0.3199 -0.9474
vn -0.0407 0.3785 -0.9247
vn -0.0938 0.2881 -0.9530
vn -0.0822 0.2618 -0.9616
vn -0.1838 0.9828 -0.0164
vn -0.2130 0.9768 -0.0224
vn -0.1854 0.9814 -0.0488
vn 0.0529 0.9976 -0.0441
vn -0.1583 0.4208 -0.8932
vn -0.3679 0.6299 -0.6840
vn -0.3899 0.4828 -0.7841
vn -0.4319 0.6123 -0.6622
vn 0.2744 0.7103 -0.6482
vn 0.2062 0.4848 -0.8500
vn 0.3454 0.7007 -0.6242
vn 0.2665 0.7276 -0.6322
vn 0.0583 0.4591 -0.8865
vn 0.1087 0.3490 -0.9308
vn -0.2723 0.4256 -0.8630
vn -0.1921 0.6541 -0.7316
vn -0.3775 0.4691 -0.7984
vn 0.0768 -0.7553 -0.6508
vn 0.0117 -0.9812 -0.1929
vn -0.0003 -0.9963 -0.0860
vn 0.0072 -0.9960 -0.0893
vn -0.0754 -0.8533 0.5159
vn -0.0283 -0.9047 0.4251
vn -0.0095 -0.9218 0.3875
vn 0.1590 0.7018 0.6944
vn 0.1368 0.2929 0.9463
vn 0.3553 0.5134 0.7811
vn 0.6458 0.6283 0.4339
vn 0.4245 0.7419 0.5191
vn -0.0467 0.6832 0.7287
vn 0.1269 0.6817 0.7205
vn -0.0978 0.6734 0.7328
vn 0.3808 0.6636 0.6439
vn -0.3839 0.7333 -0.5611
vn -0.1763 0.4734 -0.8630
vn 0.0085 0.5585 -0.8295
vn -0.2226 0.7528 -0.6194
vn -0.4124 0.8190 -0.3989
vn -0.3131 0.8515 -0.4207
vn -0.2826 0.8341 -0.4737
vn -0.5229 0.7854 -0.3313
vn 0.0021 -0.9863 0.1649
vn 0.0030 -0.9812 0.1930
vn 0.1929 0.2582 -0.9466
vn 0.2247 0.2965 -0.9282
vn 0.1338 0.1687 -0.9765
vn 0.1601 0.1876 -0.9691
vn 0.0333 0.3307 -0.9432
vn 0.1394 0.5068 -0.8507
vn 0.2788 0.5129 -0.8120
vn 0.3225 0.6107 -0.7232
vn 0.3346 0.5804 -0.7424
vn -0.0149 0.5156 -0.8567
vn -0.1765 0.4923 -0.8524
vn -0.3102 0.2931 -0.9044
vn -0.1804 0.3092 -0.9337
vn -0.0408 0.2721 -0.9614
vn 0.2156 0.2897 -0.9325
vn 0.1981 0.3481 -0.9163
vn 0.3304 0.8528 -0.4045
vn -0.3211 0.3953 -0.8606
vn -0.4882 0.5592 -0.6700
vn -0.1407 0.6260 -0.7671
vn -0.0890 0.4638 -0.8815
vn -0.2121 0.4736 -0.8548
vn -0.3986 0.4077 -0.8216
vn -0.4528 0.4461 -0.7720
vn 0.7776 0.5841 0.2327
vn 0.6478 0.7298 0.2183
vn 0.6285 0.7429 0.2305
vn 0.7279 0.6422 0.2402
vn 0.9341 -0.2815 0.2194
vn 0.8871 -0.2655 0.3776
vn 0.9133 -0.1042 0.3938
vn 0.9593 -0.0332 0.2803
vn 0.9485 -0.2876 0.1327
vn 0.8640 -0.4155 0.2844
vn 0.9034 -0.3320 0.2714
vn 0.5783 0.4125 0.7038
vn 0.5599 0.3150 0.7664
vn 0.3549 0.4643 0.8114
vn 0.4202 0.5386 0.7303
vn 0.9679 -0.2285 0.1044
vn 0.0704 0.7132 -0.6974
vn 0.4179 0.8325 -0.3637
vn 0.4809 0.7989 -0.3613
vn 0.0441 0.8395 -0.5415
vn -0.4020 0.5302 -0.7465
vn 0.0881 0.8605 -0.5018
vn 0.0866 0.8617 -0.4999
vn 0.3272 0.5034 -0.7997
vn 0.1228 0.4352 0.8919
vn 0.2344 0.5156 0.8241
vn 0.1523 0.3849 0.9103
vn 0.0842 0.2684 0.9596
vn 0.8783 -0.2598 0.4014
vn 0.9080 -0.1539 0.3898
vn 0.6618 0.7077 0.2475
vn 0.6044 0.7588 0.2427
vn -0.2574 0.9660 -0.0229
vn -0.4802 0.8760 -0.0462
vn -0.7166 0.6952 -0.0563
vn -0.6988 0.7118 -0.0714
vn 0.2716 0.7615 -0.5885
vn 0.2637 0.6207 -0.7383
vn 0.2694 0.7000 -0.6614
vn 0.3130 0.9470 -0.0720
vn 0.0683 -0.8653 -0.4966
vn 0.0263 -0.9654 -0.2595
vn 0.0281 0.2941 -0.9554
vn -0.0606 0.3014 -0.9516
vn -0.0465 0.4592 -0.8871
vn 0.0343 0.3534 -0.9348
vn -0.0392 0.0915 -0.9950
vn 0.0082 -0.0259 -0.9996
vn -0.3130 0.6255 0.7146
vn -0.2197 0.6213 0.7522
vn -0.2199 0.7085 0.6705
vn -0.3908 0.6368 0.6646
vn -0.0204 0.6766 0.7361
vn -0.1111 0.6942 0.7112
vn 0.0640 0.6184 0.7832
vn -0.0996 0.6077 0.7879
vn -0.7880 0.6131 -0.0564
vn -0.7415 0.6697 -0.0415
vn -0.7153 0.6983 -0.0256
vn -0.7544 0.6542 -0.0532
vn 0.0031 -1.0000 -0.0001
vn 0.0018 -1.0000 0.0069
vn -0.0028 -1.0000 0.0090
vn -0.0057 -0.9998 0.0189
vn 0.1727 0.1556 0.9726
vn 0.1489 0.1555 0.9766
vn 0.1793 0.2011 0.9630
vn 0.1970 0.1935 0.9611
vn 0.8492 0.4755 0.2298
vn 0.7537 0.5697 0.3277
vn 0.7782 0.5935 0.2053
vn 0.8653 0.4813 0.1401
vn 0.5286 0.6447 0.5522
vn 0.2413 0.4135 0.8779
vn 0.4061 0.6024 0.6872
vn 0.4632 0.5946 0.6571
vn 0.0636 0.1801 0.9816
vn 0.9289 -0.0250 0.3696
vn 0.8997 0.3426 0.2704
vn 0.8121 0.5765 0.0901
vn 0.8046 0.5858 0.0969
vn 0.8124 0.5762 0.0898
vn 0.8272 0.5413 0.1508
vn 0.6337 0.5602 0.5334
vn 0.7345 0.6185 0.2791
vn 0.8115 0.5453 0.2100
vn 0.7411 0.6228 0.2508
vn 0.6254 0.7164 0.3094
vn 0.3511 0.3540 0.8668
vn 0.5251 0.7254 0.4451
vn -0.7581 0.6453 -0.0939
vn -0.7934 0.6043 -0.0729
vn -0.5861 0.8097 -0.0301
vn -0.1079 0.8719 -0.4776
vn -0.3370 0.7641 -0.5500
vn -0.1040 0.7880 -0.6068
vn 0.3455 0.7883 -0.5092
vn 0.5979 0.6726 -0.4359
vn 0.5885 0.6627 -0.4632
vn 0.4748 0.5248 -0.7066
vn 0.2689 0.4220 -0.8658
vn 0.3478 0.3703 -0.8614
vn 0.2801 0.4345 -0.8560
vn -0.4797 0.6644 -0.5732
vn -0.3686 0.6617 -0.6530
vn -0.1930 0.8545 -0.4822
vn -0.3877 0.8362 -0.3879
vn 0.5273 0.4081 -0.7453
vn 0.4373 0.5137 -0.7381
vn -0.1295 0.4126 -0.9017
vn -0.1907 0.4159 -0.8892
vn 0.0564 0.6159 -0.7858
vn 0.2934 0.6481 -0.7027
vn 0.3765 0.7165 -0.5873
vn 0.3435 0.6640 -0.6642
vn 0.3552 0.7014 -0.6180
vn -0.3176 0.5642 -0.7621
vn -0.2207 0.4301 -0.8754
vn -0.3298 0.8566 -0.3969
vn -0.2836 0.9225 -0.2618
vn -0.4250 0.8873 -0.1791
vn -0.4463 0.8451 -0.2944
vn 0.1027 0.1750 0.9792
vn 0.1888 0.3751 0.9076
vn 0.2449 0.5547 0.7952
vn 0.2218 0.4195 0.8802
vn 0.2988 0.3055 0.9041
vn 0.1647 0.1528 0.9744
vn 0.0696 0.1137 0.9911
vn 0.1187 0.1932 0.9739
vn -0.0162 0.4097 -0.9121
vn -0.1253 0.5393 -0.8327
vn -0.1403 0.4160 -0.8985
vn -0.0885 0.2913 -0.9525
vn -0.0929 0.4791 -0.8728
vn -0.0086 0.3127 -0.9498
vn 0.0507 0.2601 -0.9643
vn -0.0278 0.3437 -0.9387
vn -0.0673 0.2518 -0.9654
vn -0.1751 0.6641 -0.7269
vn -0.3912 0.5835 -0.7116
vn -0.4220 0.6170 -0.6643
vn -0.2272 0.6968 -0.6803
vn -0.0672 0.6619 -0.7466
vn -0.0498 0.6812 -0.7304
vn -0.1326 0.6991 -0.7026
vn -0.4050 0.5668 -0.7174
vn 0.1456 0.2075 0.9673
vn 0.2524 0.4280 0.8678
vn 0.1851 0.3097 0.9326
vn 0.1322 0.1498 0.9798
vn 0.1347 0.1969 0.9711
vn 0.1650 0.3762 0.9117
vn 0.2867 0.5635 0.7748
vn 0.5730 0.7337 -0.3652
vn 0.2627 0.9131 -0.3120
vn 0.3263 0.8241 -0.4630
vn 0.5446 0.6384 -0.5439
vn 0.6548 0.6279 -0.4207
vn 0.6253 0.6229 -0.4701
vn -0.1316 0.6817 -0.7197
vn -0.4838 0.4344 -0.7598
vn -0.2677 0.5612 -0.7832
vn -0.5977 0.3872 -0.7020
vn -0.5519 0.3145 -0.7723
vn -0.3597 0.2349 -0.9030
vn -0.2437 0.4425 -0.8630
vn -0.0689 0.6227 -0.7794
vn -0.3664 0.5952 -0.7151
vn -0.4206 0.5637 -0.7109
vn -0.0238 -0.9995 0.0186
vn -0.0261 -0.9997 0.0024
vn -0.0076 -0.9999 -0.0101
vn 0.0014 -0.9998 -0.0199
vn 0.0106 -0.9999 -0.0099
vn 0.0205 -0.9998 -0.0007
vn 0.6998 0.6993 -0.1459
vn 0.6802 0.6901 0.2473
vn 0.6411 0.6665 0.3804
vn 0.6831 0.7140 0.1537
vn 0.6952 0.6827 -0.2250
vn 0.7044 0.6900 0.1664
vn 0.5795 0.7311 -0.3602
vn 0.6172 0.6960 -0.3669
vn 0.6724 0.6744 -0.3052
vn 0.6073 0.6850 -0.4024
vn 0.5939 0.6339 -0.4954
vn -0.4351 0.8791 -0.1945
vn -0.5322 0.8261 -0.1850
vn -0.5315 0.8266 -0.1851
vn 0.6328 0.7707 0.0748
vn 0.5699 0.7478 0.3405
vn 0.6036 0.6505 0.4610
vn 0.6822 0.7214 0.1194
vn 0.6628 0.7049 -0.2528
vn 0.6428 0.7530 -0.1405
vn 0.6000 0.7808 0.1742
vn 0.0653 0.0968 0.9932
vn 0.0774 0.1058 0.9914
vn 0.5175 0.8556 0.0130
vn 0.5286 0.8488 0.0054
vn 0.5628 0.8266 0.0014
vn 0.5540 0.8323 0.0167
vn 0.5486 0.8361 0.0050
vn 0.4954 0.8686 -0.0124
vn -0.2987 0.9424 -0.1506
vn -0.2654 0.8730 -0.4091
vn -0.4380 0.7185 -0.5403
vn -0.5002 0.8181 -0.2836
vn -0.4519 0.8879 -0.0863
vn -0.2406 0.9703 -0.0262
vn 0.3848 0.9121 -0.1416
vn 0.4794 0.8704 0.1121
vn 0.5285 0.8355 -0.1503
vn 0.1821 0.8403 -0.5107
vn -0.2884 0.8709 0.3980
vn -0.3970 0.8651 0.3064
vn -0.2745 0.8203 0.5017
vn -0.1107 0.8171 0.5658
vn -0.1715 0.8411 -0.5130
vn -0.1467 0.7607 -0.6324
vn -0.2679 0.8308 -0.4879
vn 0.6924 0.7180 -0.0707
vn 0.7308 0.6824 -0.0168
vn 0.5661 0.8243 0.0032
vn 0.6067 0.7392 -0.2924
vn 0.5998 0.5521 -0.5791
vn 0.5418 0.6615 -0.5185
vn 0.6440 0.7616 -0.0724
vn 0.6543 0.7561 -0.0156
vn -0.0907 -0.9927 0.0790
vn -0.0450 -0.9989 0.0127
vn -0.0208 -0.9983 -0.0549
vn -0.0283 -0.9989 0.0372
vn 0.3999 0.2346 0.8860
vn 0.4391 0.4860 0.7557
vn 0.4033 0.6943 0.5961
vn 0.3363 0.3982 0.8534
vn 0.7951 0.2113 0.5685
vn 0.7006 0.3083 0.6435
vn 0.1725 0.1934 0.9658
vn 0.8079 0.3406 0.4810
vn 0.4093 0.3037 0.8604
vn 0.8057 0.3955 0.4410
vn 0.6980 0.6635 0.2695
vn -0.0051 0.3329 0.9430
vn 0.2043 0.7449 0.6352
vn 0.1091 0.3797 0.9187
vn 0.3385 0.9149 0.2198
vn 0.3919 0.8650 0.3133
vn 0.4315 0.7434 0.5111
vn 0.6059 0.6538 0.4533
vn 0.6343 0.6701 0.3855
vn 0.3348 0.9056 -0.2602
vn 0.8230 0.5585 0.1038
vn 0.7274 0.6746 0.1261
vn 0.7793 0.6122 -0.1335
vn 0.2029 0.2253 -0.9529
vn 0.3271 0.2597 -0.9086
vn 0.4749 0.4867 -0.7332
vn 0.2373 0.3827 -0.8929
vn 0.2325 0.1560 -0.9600
vn 0.3143 0.2056 -0.9268
vn 0.0293 0.1128 -0.9932
vn 0.1191 0.1280 -0.9846
vn 0.3069 0.7801 -0.5451
vn 0.0476 0.3814 -0.9232
vn -0.1072 0.1375 -0.9847
vn 0.7766 -0.6291 0.0331
vn 0.8470 0.3600 0.3911
vn 0.9092 0.3802 0.1695
vn 0.8507 0.2709 0.4505
vn 0.7789 0.1978 0.5952
vn 0.8024 0.5931 -0.0667
vn 0.8043 0.5887 -0.0807
vn 0.7764 0.6090 -0.1623
vn 0.7428 0.6421 -0.1897
vn 0.7634 0.6427 -0.0645
vn 0.7706 0.6312 -0.0879
vn 0.6593 0.7298 -0.1809
vn 0.0744 0.9635 -0.2570
vn 0.3673 0.9230 -0.1142
vn 0.3419 0.9383 -0.0520
vn 0.2910 0.9554 0.0508
vn -0.3105 0.9279 -0.2066
vn -0.4204 0.8441 -0.3329
vn -0.1415 0.7031 -0.6969
vn 0.0696 0.5341 -0.8425
vn 0.2140 0.6633 -0.7171
vn 0.8233 0.3096 0.4757
vn 0.9070 0.2400 0.3460
vn 0.9111 0.1844 0.3686
vn 0.8768 0.2455 0.4135
vn 0.7239 0.6486 0.2353
vn 0.9365 0.3036 0.1755
vn 0.4434 0.7871 0.4288
vn 0.3873 0.8359 0.3888
vn 0.4120 0.8796 0.2378
vn 0.4816 0.8743 -0.0605
vn 0.5258 0.8044 -0.2767
vn 0.3228 0.6390 -0.6982
vn 0.4422 0.6943 -0.5678
vn -0.2492 0.8342 -0.4919
vn 0.5421 0.8328 -0.1124
vn 0.6066 0.7911 -0.0788
vn 0.5549 0.7792 -0.2915
vn 0.4577 0.8785 -0.1372
vn 0.4374 0.8905 -0.1252
vn 0.4564 0.8790 -0.1381
vn 0.6377 0.7637 -0.1007
vn 0.3957 0.9024 -0.1706
vn -0.2399 0.8100 -0.5352
vn -0.2317 0.8326 -0.5030
vn -0.3569 0.7599 -0.5433
vn -0.3320 0.7118 -0.6190
vn 0.1381 0.5309 -0.8361
vn 0.0953 0.4177 -0.9036
vn -0.0910 0.5185 -0.8502
vn -0.1147 0.7872 -0.6059
vn 0.5547 0.8071 0.2024
vn 0.6058 0.7919 -0.0764
vn 0.5523 0.7116 0.4343
vn 0.5895 0.7589 0.2768
vn 0.6140 0.7740 -0.1549
vn 0.4847 0.6828 0.5467
vn -0.3045 0.5442 -0.7817
vn -0.5835 0.7768 -0.2369
vn -0.6255 0.6373 -0.4502
vn -0.5746 0.5327 -0.6214
vn -0.5832 0.8108 -0.0498
vn -0.4096 0.9061 -0.1059
vn -0.5602 0.8195 -0.1207
vn -0.4654 0.3653 -0.8062
vn -0.1515 0.3340 -0.9303
vn 0.0027 0.3161 -0.9487
vn 0.0674 0.4359 -0.8975
vn -0.0426 0.9966 -0.0707
vn -0.1655 0.9818 -0.0931
vn 0.0702 0.7815 -0.6200
vn -0.0461 0.7331 -0.6786
vn 0.1467 0.6792 -0.7192
vn -0.0659 0.6722 -0.7374
vn -0.0444 0.5821 -0.8119
vn 0.3691 0.6550 -0.6593
vn 0.3595 0.8044 -0.4729
vn 0.1777 0.6617 -0.7284
vn 0.0118 0.4237 -0.9057
vn -0.6047 0.4448 -0.6607
vn -0.6239 0.3663 -0.6904
vn -0.6081 0.5182 -0.6014
vn -0.4864 0.3323 -0.8081
vn -0.0713 0.2286 -0.9709
vn -0.0157 0.1992 -0.9798
vn -0.1156 0.2758 -0.9542
vn -0.0963 0.2467 -0.9643
vn -0.2477 0.4642 -0.8504
vn 0.1939 0.2643 0.9447
vn 0.2172 0.2548 0.9423
vn 0.1924 0.2539 0.9479
vn 0.2733 0.2760 0.9215
vn 0.3991 0.3286 0.8560
vn 0.2384 0.2936 0.9257
vn 0.2327 0.2243 0.9463
vn -0.0000 0.3019 -0.9533
vn -0.1899 0.3168 -0.9293
vn -0.2574 0.3061 -0.9165
vn 0.1772 -0.9836 0.0324
vn 0.0775 -0.9958 0.0486
vn 0.0469 -0.9985 0.0269
vn 0.0235 -0.9997 -0.0004
vn 0.4788 -0.8761 0.0563
vn 0.5260 -0.8378 0.1466
vn 0.2473 -0.9609 0.1245
vn 0.0311 -0.9986 0.0433
vn 0.4697 -0.5625 0.6804
vn 0.2836 -0.2218 0.9329
vn 0.3977 -0.5165 0.7583
vn 0.3874 0.0037 0.9219
vn 0.3603 0.0882 0.9287
vn 0.1987 0.1097 0.9739
vn 0.5784 -0.0681 0.8129
vn 0.4953 0.1282 0.8592
vn 0.7044 0.6969 -0.1350
vn 0.7108 0.7012 -0.0555
vn 0.6864 0.7242 -0.0665
vn 0.5878 0.7539 -0.2934
vn -0.1382 0.9721 -0.1893
vn -0.3242 0.9321 -0.1616
vn -0.3450 0.9359 -0.0710
vn -0.1779 0.9785 -0.1042
vn 0.3834 0.6867 -0.6177
vn 0.3239 0.6495 -0.6879
vn 0.2252 0.7381 -0.6360
vn -0.0096 0.4343 -0.9007
vn 0.0118 0.3858 -0.9225
vn 0.0023 0.3451 -0.9385
vn -0.0131 0.4292 -0.9031
vn -0.0260 0.6838 -0.7292
vn -0.0397 0.5982 -0.8003
vn 0.0544 0.5032 -0.8625
vn 0.1160 0.8963 -0.4279
vn -0.0557 0.9641 -0.2595
vn -0.1086 0.9341 -0.3400
vn 0.2140 0.6893 -0.6921
vn 0.6938 0.6726 -0.2575
vn 0.6912 0.7093 -0.1383
vn 0.6152 0.7878 -0.0316
vn 0.4432 0.8948 -0.0541
vn 0.3517 0.4884 -0.7986
vn 0.3022 0.4143 -0.8585
vn 0.3993 0.4344 -0.8074
vn 0.7739 0.5914 -0.2267
vn 0.7179 0.6624 -0.2141
vn 0.7575 0.5567 -0.3410
vn 0.7917 0.5708 -0.2177
vn 0.2538 0.4439 0.8594
vn 0.2576 0.5865 0.7679
vn 0.4014 0.5716 0.7157
vn 0.4528 0.5767 0.6800
vn 0.4322 0.5991 0.6740
vn 0.2319 0.4079 0.8831
vn 0.2902 0.5291 0.7974
vn 0.1117 0.0360 -0.9931
vn 0.0079 -0.0687 -0.9976
vn -0.0905 0.0485 -0.9947
vn -0.2015 0.2004 -0.9588
vn -0.0790 0.0632 -0.9949
vn 0.1481 0.1035 -0.9835
vn 0.2985 0.6279 -0.7188
vn 0.1669 0.3613 -0.9174
vn 0.6913 0.7105 -0.1314
vn 0.6462 0.7298 -0.2234
vn 0.1656 0.3495 -0.9222
vn 0.1314 0.2825 -0.9502
vn -0.3018 0.5557 -0.7747
vn -0.3535 0.7414 -0.5704
vn -0.2746 0.3869 -0.8803
vn -0.3816 0.7872 -0.4844
vn -0.3422 0.8435 -0.4139
vn -0.1156 0.4908 -0.8636
vn -0.3050 0.7879 -0.5349
vn -0.4304 0.8957 -0.1118
vn -0.4997 0.8662 0.0034
vn -0.4362 0.8994 -0.0278
vn -0.2897 0.8871 -0.3594
vn -0.4249 0.8662 -0.2631
vn -0.5410 0.8402 -0.0371
vn 0.2741 0.3760 -0.8852
vn 0.5720 0.7003 -0.4271
vn 0.7527 0.6461 -0.1264
vn 0.6415 0.7655 -0.0489
vn 0.7730 0.6274 -0.0939
vn 0.6787 0.6761 -0.2868
vn 0.3902 0.7683 -0.5074
vn 0.0682 0.7569 -0.6500
vn -0.1233 0.8028 -0.5834
vn 0.0446 0.7524 -0.6572
vn 0.0770 0.7504 -0.6565
vn 0.6193 0.6473 0.4444
vn 0.6571 0.4901 0.5728
vn 0.8631 0.3391 0.3742
vn 0.7739 0.5128 0.3716
vn 0.6604 0.5263 0.5356
vn 0.5518 0.6632 0.5056
vn 0.5600 0.6997 0.4436
vn 0.5684 0.7169 0.4038
vn -0.4078 0.8672 -0.2859
vn -0.4040 0.8577 -0.3181
vn 0.4157 0.8418 -0.3444
vn 0.4073 0.7458 -0.5271
vn 0.4414 0.7318 -0.5193
vn 0.4213 0.8339 -0.3566
vn -0.1378 0.0925 -0.9861
vn -0.2397 0.2801 -0.9296
vn -0.0906 0.1843 -0.9787
vn -0.1405 0.1847 -0.9727
vn -0.0973 0.1960 -0.9758
vn -0.1524 0.2433 -0.9579
vn -0.1731 0.5343 -0.8274
vn -0.3433 0.4969 -0.7970
vn -0.1036 0.3818 -0.9184
vn -0.0406 0.5137 -0.8570
vn -0.3486 0.8620 -0.3680
vn -0.3514 0.9034 -0.2456
vn -0.3676 0.8898 -0.2706
vn -0.2942 0.7540 -0.5873
vn -0.0798 0.4058 -0.9105
vn -0.1851 0.4527 -0.8722
vn 0.9977 0.0669 -0.0061
vn 0.9979 0.0642 0.0084
vn 0.9921 0.1244 0.0189
vn 0.9923 0.1233 -0.0097
vn 0.9925 0.0994 -0.0711
vn 0.9979 0.0604 -0.0235
vn 0.9990 0.0446 -0.0050
vn -0.4057 0.9107 -0.0777
vn -0.3989 0.9138 -0.0763
vn -0.3109 0.9418 -0.1278
vn -0.3540 0.9157 -0.1904
vn -0.3781 0.8511 -0.3642
vn -0.4030 0.9103 -0.0947
vn -0.3991 0.9136 -0.0784
vn 0.0470 0.9329 -0.3570
vn -0.2927 0.9085 -0.2981
vn -0.2307 0.8310 -0.5062
vn -0.1474 -0.7997 -0.5821
vn -0.0161 -0.9940 -0.1086
vn -0.1490 -0.7992 -0.5823
vn 0.4014 -0.9145 -0.0503
vn -0.0035 -0.9998 -0.0183
vn -0.0032 -0.9996 -0.0295
vn -0.2039 0.9790 0.0024
vn -0.2382 0.8894 -0.3901
vn -0.2424 0.9696 -0.0343
vn 0.4271 0.9035 -0.0357
vn 0.6960 0.7150 -0.0653
vn 0.5432 0.8384 -0.0458
vn 0.6332 0.7707 -0.0714
vn 0.1094 0.5917 -0.7987
vn 0.3288 0.6594 -0.6761
vn 0.0446 0.6532 -0.7559
vn 0.0368 -0.9986 -0.0377
vn 0.0013 -1.0000 -0.0003
vn 0.0007 -1.0000 -0.0037
vn 0.0131 -0.9999 -0.0049
vn 0.1613 -0.9864 -0.0326
vn 0.2027 -0.9611 -0.1878
vn 0.0009 -1.0000 -0.0015
vn 0.0014 -1.0000 -0.0014
vn 0.0220 -0.9969 -0.0755
vn 0.0153 -0.9997 -0.0205
vn 0.0202 -0.9998 -0.0069
vn 0.0164 -0.9999 -0.0028
vn 0.9456 0.3187 -0.0651
vn 0.9358 0.3470 -0.0620
vn 0.9252 0.3736 -0.0673
vn 0.9311 0.3580 -0.0701
vn 0.1013 -0.9947 -0.0185
vn 0.1519 -0.9883 -0.0125
vn 0.0235 -0.9997 -0.0048
vn 0.0094 -1.0000 -0.0031
vn 0.5873 -0.0689 -0.8064
vn 0.4689 0.0957 -0.8780
vn 0.3941 -0.0283 -0.9186
vn 0.4135 -0.2857 -0.8645
vn 0.4339 -0.3802 -0.8168
vn 0.4289 -0.3809 -0.8191
vn 0.3768 -0.9204 -0.1040
vn 0.4611 -0.8812 -0.1045
vn 0.6317 -0.3254 -0.7036
vn 0.7289 -0.4781 -0.4901
vn 0.8013 -0.5592 -0.2128
vn 0.7372 0.4262 -0.5243
vn 0.3025 0.4350 -0.8481
vn 0.2803 0.3056 -0.9100
vn 0.6083 0.2167 -0.7635
vn 0.7337 0.6669 -0.1301
vn 0.4199 0.8961 -0.1440
vn 0.4504 0.8620 -0.2326
vn 0.8922 0.1995 -0.4052
vn 0.9241 0.1592 -0.3474
vn 0.9195 0.2294 -0.3193
vn 0.9485 0.2961 -0.1125
vn 0.8979 0.2026 -0.3909
vn 0.2265 0.6862 -0.6912
vn 0.4083 0.5251 -0.7467
vn 0.0998 0.5015 -0.8594
vn 0.0194 0.6118 -0.7908
vn 0.5445 0.4512 -0.7071
vn 0.7216 0.6787 0.1369
vn 0.7150 0.6879 0.1244
vn 0.5933 0.7916 -0.1463
vn 0.5949 0.7920 -0.1369
vn 0.3883 0.5266 0.7562
vn 0.4009 0.5356 0.7433
vn 0.4373 0.5582 0.7051
vn 0.6143 0.5285 0.5859
vn 0.7535 0.4959 0.4317
vn 0.7947 0.5825 -0.1709
vn 0.8117 0.5766 -0.0934
vn 0.7021 0.6983 -0.1391
vn 0.7043 0.6669 -0.2433
vn 0.7869 0.5794 -0.2124
vn 0.8029 0.5782 -0.1452
vn 0.7184 0.6430 -0.2652
vn 0.7789 0.5098 -0.3652
vn 0.8230 0.2506 -0.5098
vn 0.9398 0.1650 -0.2992
vn 0.8169 0.5547 -0.1580
vn 0.2605 0.2875 -0.9217
vn 0.5630 0.7103 -0.4226
vn 0.2900 0.3514 -0.8902
vn 0.1712 0.2135 -0.9618
vn 0.6059 0.7907 -0.0877
vn 0.0039 -1.0000 -0.0069
vn 0.0087 -0.9999 -0.0068
vn 0.0110 -0.9999 -0.0124
vn 0.0014 -1.0000 -0.0042
vn -0.0000 -1.0000 -0.0012
vn 0.0032 -1.0000 -0.0024
vn 0.0060 -1.0000 -0.0005
vn -0.3245 0.6502 -0.6870
vn -0.2385 0.6967 -0.6766
vn -0.4670 0.8393 -0.2785
vn -0.4636 0.7203 -0.5161
vn -0.3976 0.6110 -0.6845
vn -0.3919 0.5444 -0.7416
vn -0.1110 0.5278 -0.8421
vn -0.0729 0.6845 -0.7253
vn -0.4576 0.8874 0.0562
vn -0.3997 0.9154 0.0471
vn -0.3161 0.9478 -0.0416
vn -0.0783 0.9519 -0.2963
vn -0.1551 0.9835 -0.0926
vn -0.2283 0.6139 -0.7557
vn 0.2544 0.1940 -0.9474
vn 0.1979 0.1572 -0.9675
vn 0.2425 0.2263 -0.9434
vn 0.3237 0.3179 -0.8911
vn 0.7407 -0.2676 -0.6162
vn 0.8397 -0.2910 -0.4585
vn 0.8597 0.2175 -0.4622
vn 0.8469 0.3420 -0.4072
vn 0.8574 0.4237 -0.2920
vn 0.8720 0.2971 -0.3890
vn 0.8889 -0.3771 -0.2602
vn 0.7861 -0.3721 -0.4936
vn 0.7070 -0.4392 -0.5544
vn 0.7717 -0.4386 -0.4605
vn 0.9208 -0.2610 -0.2898
vn 0.8392 -0.3279 -0.4338
vn 0.8357 -0.3488 -0.4242
vn 0.9108 -0.3898 -0.1359
vn 0.9143 -0.3116 -0.2587
vn 0.9291 -0.3052 -0.2087
vn 0.9160 -0.2409 -0.3207
vn -0.0180 -0.9676 -0.2519
vn -0.0012 -0.9966 -0.0827
vn -0.0011 -0.9824 -0.1867
vn 0.1937 0.1903 -0.9624
vn 0.1758 0.1522 -0.9726
vn 0.1776 0.1679 -0.9697
vn 0.2124 0.2027 -0.9559
vn 0.8974 0.3673 -0.2444
vn 0.9010 0.3809 -0.2076
vn 0.9131 0.3843 -0.1364
vn 0.9155 0.3702 -0.1577
vn 0.2449 0.2189 -0.9445
vn 0.1971 0.3951 -0.8973
vn 0.1422 0.2442 -0.9592
vn 0.3576 0.4837 -0.7989
vn 0.2746 0.2399 -0.9312
vn 0.1312 0.7713 -0.6228
vn -0.1547 0.7943 -0.5874
vn 0.0243 0.7264 -0.6868
vn 0.3799 0.7637 -0.5220
vn 0.6237 0.7465 -0.2319
vn 0.6849 0.6543 -0.3208
vn 0.7278 0.6421 -0.2408
vn 0.5996 0.7583 -0.2560
vn 0.4457 0.8727 -0.1993
vn 0.4156 0.8930 -0.1728
vn -0.4329 0.8753 -0.2157
vn -0.2224 0.9748 0.0184
vn -0.4018 0.9157 0.0025
vn -0.4832 0.8752 -0.0237
vn -0.4671 0.8468 -0.2545
vn -0.4437 0.8766 -0.1862
vn -0.3720 0.8126 -0.4486
vn -0.2996 0.7668 -0.5678
vn -0.2689 0.7928 -0.5470
vn 0.1833 0.1128 -0.9766
vn 0.1782 0.1462 -0.9731
vn 0.2250 0.3684 -0.9020
vn 0.9478 0.1369 -0.2880
vn 0.9760 0.1686 -0.1377
vn 0.9705 0.1601 -0.1803
vn 0.2090 -0.9613 -0.1795
vn 0.4326 -0.8990 -0.0678
vn 0.2736 -0.9260 -0.2601
vn 0.1035 -0.8754 -0.4721
vn -0.5530 0.8254 -0.1135
vn -0.5481 0.8290 -0.1108
vn -0.5373 0.8287 -0.1565
vn -0.5490 0.8263 -0.1257
vn 0.3698 0.4922 -0.7880
vn -0.0762 0.1901 -0.9788
vn -0.1836 0.2072 -0.9609
vn -0.1253 0.1879 -0.9742
vn -0.0674 0.1848 -0.9805
vn 0.3321 0.6227 -0.7085
vn 0.3593 0.6890 -0.6295
vn 0.4785 0.7023 -0.5271
vn 0.2419 0.5460 -0.8021
vn 0.4316 0.5439 -0.7196
vn 0.5290 0.4757 -0.7028
vn 0.4018 0.6446 -0.6505
vn 0.4425 0.7411 -0.5049
vn 0.2616 0.5259 -0.8093
vn 0.2925 0.4719 -0.8317
vn -0.0336 -0.7088 -0.7046
vn 0.0166 -0.5854 -0.8106
vn 0.0503 -0.4923 -0.8689
vn 0.2460 0.0412 -0.9684
vn 0.1750 0.1271 -0.9763
vn 0.2292 0.0735 -0.9706
vn 0.3400 -0.0728 -0.9376
vn 0.1064 0.1865 -0.9767
vn 0.1041 0.1895 -0.9764
vn 0.4934 0.7607 -0.4218
vn 0.4505 0.7704 -0.4511
vn 0.2692 0.5888 -0.7621
vn 0.3487 0.5109 -0.7858
vn 0.5259 0.8210 -0.2224
vn 0.3954 0.7476 -0.5336
vn 0.8643 -0.3107 -0.3956
vn 0.8516 -0.3637 -0.3775
vn 0.8713 -0.3672 -0.3255
vn 0.5240 0.2787 -0.8048
vn 0.2814 0.1648 -0.9453
vn 0.2191 0.2154 -0.9516
vn 0.4251 0.4959 -0.7572
vn 0.7524 0.3246 -0.5732
vn 0.8340 0.2024 -0.5134
vn 0.5432 0.6603 -0.5186
vn 0.4843 0.6424 -0.5939
vn 0.5618 0.7118 -0.4216
vn 0.6513 0.6374 -0.4118
vn 0.7051 0.5195 -0.4826
vn 0.0270 0.3373 -0.9410
vn 0.0035 0.4024 -0.9155
vn 0.1247 0.3143 -0.9411
vn 0.8643 -0.5023 -0.0265
vn 0.8551 -0.4853 -0.1826
vn 0.8402 -0.4826 -0.2474
vn 0.8553 -0.5175 -0.0251
vn 0.8652 -0.5012 -0.0161
vn 0.8702 -0.4889 -0.0614
vn 0.8489 -0.5260 -0.0521
vn 0.1327 0.2710 -0.9534
vn 0.4207 0.2604 -0.8690
vn 0.1424 0.2427 -0.9596
vn 0.1574 0.5812 -0.7984
vn 0.0994 0.8772 -0.4697
vn 0.2631 0.8506 -0.4553
vn 0.1848 0.9285 -0.3221
vn 0.6946 0.3522 -0.6273
vn 0.7889 0.4721 -0.3935
vn 0.8006 0.3845 -0.4596
vn 0.1301 0.5617 -0.8170
vn 0.1272 0.3726 -0.9192
vn 0.1693 0.4602 -0.8715
vn 0.3617 0.5915 -0.7206
vn 0.2267 0.5807 -0.7819
vn 0.2911 0.6297 -0.7202
vn 0.2219 0.5302 -0.8183
vn 0.6908 0.6279 -0.3586
vn 0.4494 0.8609 -0.2385
vn 0.1391 0.2663 -0.9538
vn 0.3654 0.2770 -0.8887
vn 0.5139 0.2716 -0.8138
vn 0.5471 0.3113 -0.7770
vn 0.0655 0.1049 -0.9923
vn 0.0650 0.1111 -0.9917
vn 0.0641 0.0989 -0.9930
vn 0.0674 0.0988 -0.9928
vn 0.0763 0.1050 -0.9915
vn 0.0783 0.1096 -0.9909
vn 0.0818 0.1158 -0.9899
vn 0.1747 -0.9704 -0.1668
vn 0.1976 -0.9743 -0.1083
vn 0.0682 -0.9957 -0.0631
vn 0.1184 -0.9753 -0.1865
vn 0.1931 -0.5689 -0.7994
vn 0.8272 -0.5109 -0.2338
vn 0.9025 0.3570 -0.2410
vn 0.9170 0.3915 -0.0764
vn 0.8420 0.5340 -0.0771
vn 0.8083 0.5273 -0.2621
vn 0.8920 -0.3074 -0.3314
vn 0.9348 -0.3308 -0.1293
vn 0.8375 -0.3254 -0.4389
vn 0.8494 0.4599 -0.2587
vn 0.9056 0.2973 -0.3026
vn 0.8402 -0.4318 -0.3282
vn 0.8581 -0.4821 -0.1767
vn 0.9053 -0.4199 -0.0646
vn 0.9216 -0.3862 -0.0382
vn 0.1560 0.2167 -0.9637
vn 0.1883 0.2563 -0.9481
vn 0.1628 0.2809 -0.9458
vn 0.1430 0.2119 -0.9668
vn 0.7772 0.5806 -0.2428
vn 0.9291 0.2679 -0.2551
vn 0.6469 0.6313 -0.4278
vn 0.5189 0.6767 -0.5223
vn 0.5870 0.7094 -0.3901
vn 0.5717 0.2098 -0.7932
vn 0.5877 0.1260 -0.7992
vn 0.3693 0.1780 -0.9121
vn 0.5803 0.1599 -0.7986
vn 0.5652 0.7970 -0.2129
vn 0.4630 0.8829 -0.0783
vn 0.4392 0.8982 -0.0202
vn 0.6228 0.7695 -0.1415
vn 0.5407 0.8258 -0.1601
vn 0.4731 0.8709 -0.1329
vn 0.2383 0.2782 -0.9305
vn 0.2060 0.5473 -0.8112
vn -0.2013 0.7423 -0.6391
vn -0.0619 0.5280 -0.8470
vn -0.0487 0.2641 -0.9633
vn 0.0365 0.2775 -0.9600
vn 0.2090 0.3874 -0.8979
vn 0.4170 0.2220 -0.8814
vn 0.2018 0.4258 -0.8820
vn 0.2211 0.4158 -0.8822
vn 0.2101 0.4371 -0.8745
vn 0.3250 0.6821 -0.6551
vn 0.4479 0.8393 -0.3081
vn 0.4571 0.8302 -0.3191
vn 0.5259 0.8104 -0.2582
vn 0.9962 -0.0721 0.0480
vn 0.9997 -0.0053 0.0248
vn 0.9821 -0.1885 0.0036
vn 0.9708 -0.2398 -0.0061
vn -0.0687 0.5266 -0.8473
vn -0.0698 0.3797 -0.9225
vn -0.1096 0.4165 -0.9025
vn -0.1435 0.5424 -0.8278
vn 0.0536 0.4654 -0.8835
vn -0.0232 0.6622 -0.7490
vn 0.9794 0.2004 -0.0241
vn 0.8912 0.3015 -0.3389
vn 0.8963 0.3022 -0.3244
vn 0.9483 0.1725 -0.2665
vn 0.9160 0.0831 -0.3925
vn 0.9409 -0.0013 -0.3386
vn 0.8041 0.3649 -0.4694
vn 0.7825 0.1600 -0.6018
vn 0.4584 0.8313 -0.3144
vn 0.4127 0.9023 -0.1243
vn 0.4100 0.9020 -0.1351
vn 0.4452 0.8771 -0.1801
vn 0.1782 0.2402 -0.9542
vn 0.3597 0.2707 -0.8929
vn 0.4311 0.3382 -0.8365
vn 0.4850 0.8288 -0.2791
vn 0.4382 0.7718 -0.4607
vn -0.1262 0.4408 -0.8887
vn -0.3446 0.4612 -0.8176
vn -0.1811 0.6137 -0.7685
vn -0.0117 0.4319 -0.9018
vn -0.5663 0.3681 -0.7374
vn -0.4863 0.3196 -0.8132
vn 0.2210 0.2158 -0.9511
vn 0.0261 0.2469 -0.9687
vn 0.3028 0.9321 -0.1988
vn 0.2716 0.9537 -0.1292
vn 0.2802 0.9474 -0.1547
vn 0.2479 0.9609 -0.1233
vn 0.3232 0.8943 -0.3095
vn 0.3148 0.9287 -0.1960
vn 0.4203 0.8397 -0.3439
vn 0.4171 0.8259 -0.3793
vn 0.3936 0.9137 -0.1012
vn 0.4051 0.8890 -0.2132
vn 0.4084 0.8198 -0.4015
vn 0.3294 0.8282 -0.4535
vn 0.3655 0.7776 -0.5116
vn 0.4647 0.8622 -0.2017
vn 0.5198 0.8489 -0.0957
vn 0.5162 0.8522 -0.0853
vn 0.4612 0.8657 -0.1948
vn 0.4206 0.8566 -0.2988
vn 0.5307 0.7878 -0.3126
vn 0.4527 0.7219 -0.5233
vn 0.1052 0.5485 -0.8295
vn 0.0716 0.2826 -0.9566
vn 0.1511 0.3227 -0.9343
vn 0.2268 0.5823 -0.7807
vn 0.2408 0.3687 -0.8978
vn 0.3592 0.6289 -0.6896
vn 0.4946 0.8137 -0.3054
vn 0.6552 0.7551 -0.0248
vn 0.6453 0.7636 -0.0225
vn 0.4923 0.8596 -0.1371
vn 0.4156 0.8628 -0.2878
vn 0.4381 0.8579 -0.2684
vn 0.4432 0.8809 -0.1663
vn 0.4427 0.8840 -0.1501
vn 0.5423 0.8319 -0.1177
vn 0.5343 0.8414 -0.0811
vn 0.4329 0.8833 -0.1799
vn 0.5389 0.8319 -0.1328
vn 0.5489 0.8064 -0.2201
vn 0.4930 0.8290 -0.2641
vn 0.6388 0.7650 -0.0816
vn 0.8284 0.5335 -0.1710
vn 0.7440 0.5178 -0.4224
vn 0.6607 0.7432 -0.1053
vn 0.7927 0.0607 -0.6066
vn 0.8179 0.0055 -0.5753
vn 0.8208 0.1870 -0.5397
vn 0.6208 0.7061 -0.3405
vn 0.8956 0.3720 -0.2438
vn 0.8944 -0.2406 -0.3770
vn 0.7059 -0.2752 -0.6527
vn 0.6875 -0.3827 -0.6171
vn 0.7188 -0.3342 -0.6096
vn 0.7513 -0.2691 -0.6026
vn 0.8297 -0.4119 -0.3767
vn 0.8992 -0.3216 -0.2967
vn 0.9655 -0.0450 -0.2564
vn 0.9940 -0.1073 -0.0232
vn 0.9962 0.0857 -0.0177
vn 0.9627 0.1403 -0.2313
vn 0.6635 0.7199 -0.2036
vn 0.6375 0.7567 -0.1447
vn 0.4952 0.8543 -0.1578
vn 0.4928 0.8538 -0.1680
vn 0.3159 0.8962 -0.3114
vn 0.3501 0.7115 -0.6093
vn 0.4118 0.7986 -0.4389
vn 0.3002 0.9340 -0.1940
vn 0.4462 0.8415 -0.3045
vn 0.4346 0.8964 -0.0877
vn 0.5226 0.8494 -0.0740
vn 0.4885 0.8644 -0.1188
vn 0.5270 0.8192 -0.2260
vn 0.5571 0.8160 -0.1542
vn 0.5794 0.8107 -0.0838
vn 0.6990 0.7016 -0.1384
vn 0.6995 0.6855 -0.2021
vn 0.4258 0.5095 -0.7477
vn 0.5447 0.8154 -0.1961
vn 0.4054 0.9072 -0.1123
vn 0.5834 0.7970 -0.1565
vn 0.4026 0.9061 -0.1298
vn 0.6354 0.7550 -0.1620
vn 0.2844 0.8928 -0.3493
vn 0.5173 0.7499 -0.4124
vn 0.1842 0.7955 -0.5772
vn 0.3937 0.6876 -0.6101
vn 0.5421 0.7094 -0.4505
vn -0.2205 0.2278 -0.9484
vn -0.2555 0.4267 -0.8675
vn -0.3000 0.2999 -0.9056
vn -0.2316 0.2119 -0.9495
vn -0.2559 0.2300 -0.9389
vn -0.3390 0.2357 -0.9108
vn -0.2314 0.1971 -0.9527
vn -0.2977 0.2636 -0.9175
vn -0.1668 0.2259 -0.9598
vn -0.0570 0.2020 -0.9777
vn -0.0601 0.3112 -0.9484
vn 0.0052 0.2609 -0.9654
vn -0.1948 0.3719 -0.9076
vn -0.0915 0.4965 -0.8632
vn -0.2940 0.5364 -0.7911
vn -0.1295 0.6203 -0.7736
vn -0.4521 0.4516 -0.7692
vn -0.6076 0.4770 -0.6351
vn -0.2929 0.5061 -0.8113
vn -0.5370 0.3641 -0.7609
vn -0.6816 0.4208 -0.5986
vn -0.0122 0.2878 -0.9576
vn 0.0468 0.2883 -0.9564
vn -0.0738 0.3830 -0.9208
vn -0.0503 0.3523 -0.9345
vn -0.1910 0.4977 -0.8461
vn 0.3717 0.2857 -0.8833
vn 0.7793 0.2417 -0.5781
vn 0.4139 0.3480 -0.8412
vn 0.6811 0.1236 -0.7217
vn 0.8845 0.0618 -0.4625
vn 0.8666 0.0876 -0.4912
vn 0.8436 0.2604 -0.4696
vn 0.7851 0.0256 -0.6188
vn 0.8636 0.2733 -0.4237
vn 0.8679 0.1978 -0.4556
vn 0.8473 0.1577 -0.5071
vn 0.8161 0.1253 -0.5642
vn 0.7574 0.5391 -0.3684
vn 0.8231 0.4068 -0.3962
vn 0.8412 0.3277 -0.4302
vn 0.3745 0.9232 -0.0865
vn 0.3401 0.9342 -0.1079
vn 0.6664 0.6594 -0.3479
vn 0.6526 0.6756 -0.3431
vn 0.2485 0.9430 -0.2215
vn 0.6015 0.7299 -0.3248
vn 0.0759 0.9076 -0.4129
vn 0.1576 0.1517 -0.9758
vn 0.0805 0.2782 -0.9571
vn 0.0316 0.3079 -0.9509
vn 0.0982 0.3163 -0.9436
vn 0.8069 0.2595 -0.5307
vn 0.1129 0.3652 -0.9241
vn 0.1989 0.4167 -0.8870
vn 0.1657 0.2716 -0.9480
vn 0.1404 0.3169 -0.9380
vn 0.1382 0.2523 -0.9577
vn 0.2983 0.2629 -0.9176
vn 0.2731 0.4190 -0.8659
vn 0.1597 0.2047 -0.9657
vn 0.4684 0.1248 -0.8747
vn 0.8258 -0.0223 -0.5635
vn 0.7750 0.0362 -0.6310
vn 0.8772 -0.0016 -0.4800
vn 0.9497 -0.0177 -0.3127
vn 0.9336 -0.0524 -0.3544
vn 0.9580 0.0066 -0.2868
vn 0.9481 -0.0237 -0.3171
vn -0.0391 0.3988 -0.9162
vn -0.0391 0.4390 -0.8976
vn -0.0696 0.4235 -0.9032
vn -0.0425 0.3823 -0.9231
vn -0.0304 0.3577 -0.9333
vn -0.0207 0.3477 -0.9374
vn -0.0897 0.4013 -0.9115
vn -0.1232 0.4050 -0.9060
vn -0.1825 0.4689 -0.8642
vn -0.1980 0.4650 -0.8629
vn -0.2401 0.5316 -0.8123
vn -0.0770 0.5602 -0.8248
vn 0.0011 0.5634 -0.8262
vn -0.0451 0.7063 -0.7065
vn 0.0546 -0.0829 -0.9951
vn 0.0128 0.0198 -0.9997
vn -0.1689 0.4509 -0.8765
vn -0.1281 0.5059 -0.8530
vn -0.0909 0.3925 -0.9153
vn -0.1038 0.4570 -0.8834
vn -0.1119 0.3933 -0.9126
vn -0.1212 0.8497 -0.5132
vn -0.1048 0.4806 -0.8707
vn -0.1283 0.3908 -0.9115
vn -0.0831 0.1600 -0.9836
vn -0.1223 0.3725 -0.9199
vn -0.5160 0.4125 -0.7508
vn -0.0865 -0.6551 -0.7506
vn -0.1165 -0.4543 -0.8832
vn -0.1060 -0.5435 -0.8327
vn 0.3329 -0.6500 -0.6831
vn -0.0978 0.3494 -0.9319
vn -0.0029 -0.9996 -0.0281
vn 0.0502 -0.9843 -0.1690
vn 0.0411 -0.9937 -0.1045
vn -0.0007 -0.9996 -0.0275
vn 0.0213 -0.9996 -0.0204
vn 0.0021 -1.0000 -0.0072
vn -0.0019 -1.0000 -0.0066
vn 0.0032 -1.0000 -0.0020
vn -0.0001 -1.0000 -0.0010
vn -0.0008 -1.0000 -0.0034
vn -0.0027 -0.9999 -0.0153
vn -0.0007 -1.0000 -0.0077
vn -0.0007 -0.9996 -0.0269
vn -0.0032 -0.9992 -0.0389
vn 0.0003 -1.0000 -0.0077
vn 0.0013 -0.9997 -0.0233
vn 0.0022 -0.9994 -0.0356
vn -0.0033 -0.9986 -0.0521
vn 0.0035 -0.2564 -0.9666
vn 0.0014 -0.1966 -0.9805
vn 0.0091 -0.1616 -0.9868
vn 0.0068 -0.3461 -0.9382
vn -0.0002 -1.0000 -0.0094
vn 0.0003 -0.9999 -0.0115
vn 0.0001 -1.0000 -0.0023
vn 0.0001 -1.0000 -0.0024
vn 0.0002 -1.0000 -0.0015
vn 0.0009 -1.0000 -0.0088
vn -0.0007 -1.0000 -0.0028
vn -0.0020 -0.9999 -0.0111
vn -0.0000 -1.0000 0.0001
vn -0.0000 -1.0000 -0.0001
vn -0.0010 -1.0000 -0.0001
vn -0.0014 -1.0000 0.0005
vn -0.0070 -1.0000 -0.0009
vn -0.0002 -1.0000 0.0001
vn -0.0001 -1.0000 -0.0001
vn -0.0002 -1.0000 -0.0001
vn -0.0000 -1.0000 -0.0002
vn 0.0001 -1.0000 -0.0003
vn 0.0001 -1.0000 -0.0002
vn 0.0001 -1.0000 -0.0001
vn 0.0001 -1.0000 -0.0017
vn -0.0002 -1.0000 -0.0012
vn -0.0001 -1.0000 0.0001
vn -0.0001 -1.0000 0.0002
vn 0.0003 -1.0000 -0.0007
vn -0.0054 -0.9997 0.0228
vn 0.0090 -0.9999 0.0067
vn 0.0005 -1.0000 0.0003
vn -0.0000 -1.0000 -0.0000
vn -0.0001 -1.0000 -0.0000
vn -0.0000 -1.0000 0.0008
vn 0.0001 -1.0000 0.0005
vn -0.0000 -1.0000 0.0002
vn 0.0008 -1.0000 0.0053
vn -0.0000 -1.0000 0.0013
vn -0.0006 -1.0000 -0.0001
vn 0.0015 -0.9999 0.0102
vn 0.0005 -1.0000 0.0087
vn 0.0006 -0.9999 0.0159
vn 0.0378 -0.3263 0.9445
vn 0.0299 -0.6052 0.7955
vn 0.0340 -0.4839 0.8745
vn -0.0001 -1.0000 0.0064
vn 0.0053 -0.9945 0.1047
vn -0.0001 -1.0000 0.0038
vn 0.0057 -0.9881 0.1535
vn -0.0001 -1.0000 0.0008
vn -0.0000 -1.0000 0.0005
vn 0.0001 -1.0000 0.0003
vn -0.0000 -1.0000 0.0029
vn -0.0003 -1.0000 0.0014
vn 0.0008 -1.0000 0.0048
vn 0.0026 -0.9999 0.0101
vn 0.0103 -0.9999 0.0128
vn 0.0034 -0.9999 0.0120
vn 0.0165 -0.9997 0.0152
vn 0.0072 -0.9999 0.0118
vn -0.0098 -0.9973 0.0730
vn -0.1389 -0.4381 0.8881
vn -0.1726 -0.4155 0.8931
vn -0.2050 -0.3928 0.8965
vn -0.0488 -0.9159 0.3984
vn -0.1469 0.3727 0.9162
vn -0.1603 0.5309 0.8321
vn -0.2631 0.5607 0.7851
vn -0.1684 0.3366 0.9265
vn 0.0633 0.0688 0.9956
vn 0.2780 0.3579 0.8914
vn 0.2651 0.2878 0.9203
vn 0.3008 0.6318 0.7143
vn 0.3468 0.5850 0.7331
vn 0.4239 0.7007 0.5739
vn 0.4943 0.7411 0.4544
vn 0.5066 0.6660 0.5475
vn 0.1191 0.0469 0.9918
vn 0.4214 0.6483 0.6341
vn 0.4570 0.6307 0.6271
vn -0.4150 0.6302 0.6562
vn -0.2709 0.7699 0.5778
vn -0.3365 0.5178 0.7865
vn -0.3864 0.4646 0.7967
vn -0.3363 0.5025 0.7965
vn -0.2198 0.4842 0.8469
vn -0.3216 0.4996 0.8043
vn -0.3409 0.5344 0.7735
vn -0.3401 0.5253 0.7800
vn -0.1277 0.4758 0.8702
vn -0.1840 0.4114 0.8927
vn -0.1648 0.4706 0.8668
vn -0.1796 0.4699 0.8643
vn -0.3532 0.5212 0.7769
vn -0.1707 0.4768 0.8623
vn -0.0301 0.4688 0.8828
vn -0.2208 0.4660 0.8568
vn 0.0342 0.4887 0.8718
vn -0.1515 0.5732 0.8053
vn 0.4331 0.4828 0.7612
vn -0.2080 0.4055 0.8901
vn -0.4335 0.4250 0.7947
vn -0.4069 0.5094 0.7583
vn -0.2386 0.3602 0.9018
vn -0.2727 0.4913 0.8272
vn -0.5578 0.5476 0.6237
vn -0.0482 0.4587 0.8873
vn -0.0467 0.2923 0.9552
vn -0.0970 0.2148 0.9718
vn 0.0179 0.2448 0.9694
vn -0.2123 0.2592 0.9422
vn -0.2060 0.2227 0.9529
vn -0.1090 0.1833 0.9770
vn 0.7537 0.6323 0.1793
vn 0.7387 0.6269 0.2474
vn 0.6558 0.7301 0.1920
vn 0.6898 0.6875 0.2268
vn 0.5769 0.8014 0.1583
vn 0.7416 0.6518 0.1585
vn 0.7217 0.6450 0.2511
vn 0.6085 0.7126 0.3492
vn 0.0082 0.7733 0.6340
vn -0.1588 0.6955 0.7007
vn -0.0279 0.8807 0.4729
vn 0.1631 0.5110 0.8440
vn 0.0954 0.5009 0.8602
vn -0.2263 0.7880 0.5726
vn 0.2940 0.4396 0.8487
vn 0.3723 0.2501 0.8938
vn -0.1232 0.8140 0.5677
vn -0.1070 0.6995 0.7066
vn 0.3857 0.0131 0.9225
vn 0.4927 0.1969 0.8476
vn 0.4656 0.2087 0.8600
vn 0.0809 0.2627 0.9615
vn 0.2229 0.3242 0.9194
vn 0.3094 0.3878 0.8682
vn 0.4123 0.6502 0.6382
vn 0.2932 0.8047 0.5163
vn 0.3974 0.8272 0.3974
vn 0.2204 0.8043 0.5518
vn 0.2500 0.8454 0.4719
vn 0.3050 0.9072 0.2899
vn 0.4873 0.7981 0.3543
vn 0.0580 0.2130 0.9753
vn 0.0317 0.3232 0.9458
vn -0.0360 0.0684 0.9970
vn -0.3596 0.7887 0.4987
vn -0.3952 0.7323 0.5546
vn -0.3675 0.8585 0.3577
vn -0.3216 0.9107 0.2591
vn -0.3162 0.8983 0.3051
vn -0.3120 0.8884 0.3369
vn -0.3657 0.8485 0.3824
vn -0.2992 0.3908 0.8705
vn 0.0809 0.5107 0.8559
vn -0.0670 0.3898 0.9185
vn -0.2168 0.2348 0.9476
vn 0.2066 0.4807 0.8522
vn 0.0704 0.3870 0.9194
vn 0.0390 0.4677 0.8830
vn -0.1180 0.4269 0.8966
vn -0.1345 0.5271 0.8391
vn -0.2798 0.6136 0.7384
vn -0.3439 0.6957 0.6307
vn -0.4371 0.8918 0.1170
vn -0.5082 0.8065 0.3020
vn -0.5507 0.8202 0.1549
vn -0.3811 0.9245 -0.0001
vn -0.1848 0.9792 -0.0843
vn -0.2067 0.9758 -0.0709
vn -0.3629 0.7118 0.6014
vn 0.3747 0.8435 0.3848
vn 0.5002 0.8510 0.1601
vn 0.4619 0.8266 0.3216
vn 0.3664 0.8142 0.4504
vn 0.3484 0.8180 0.4578
vn 0.3416 0.8524 0.3959
vn 0.4086 0.7774 0.4782
vn 0.3866 0.7621 0.5194
vn 0.3736 0.7217 0.5827
vn 0.4081 0.6771 0.6124
vn 0.3909 0.6827 0.6173
vn 0.1759 0.1402 0.9744
vn 0.0881 0.2646 0.9603
vn 0.1302 0.2424 0.9614
vn 0.1624 0.1688 0.9722
vn 0.0802 0.2085 0.9747
vn 0.1387 0.4132 0.9000
vn 0.0544 0.2972 0.9533
vn 0.1881 0.2984 0.9357
vn 0.0373 0.2216 0.9744
vn 0.4138 0.4866 0.7694
vn 0.5022 0.4134 0.7595
vn 0.4309 0.4990 0.7518
vn 0.4426 0.4223 0.7911
vn 0.3771 0.4283 0.8212
vn 0.1331 0.2982 0.9452
vn 0.5333 0.4065 0.7418
vn 0.2108 0.3723 0.9039
vn -0.0522 0.2907 0.9554
vn -0.0915 0.1964 0.9762
vn -0.1049 0.1469 0.9836
vn 0.2233 0.7931 0.5667
vn 0.1403 0.3921 0.9092
vn -0.2199 0.3179 0.9223
vn -0.7785 0.4942 0.3870
vn -0.7897 0.5112 0.3392
vn -0.7752 0.5760 0.2594
vn -0.4892 0.2897 0.8226
vn -0.7251 0.6132 0.3135
vn -0.6550 0.7205 0.2277
vn -0.6765 0.7237 0.1362
vn -0.4082 0.4561 0.7908
vn -0.2441 0.3835 0.8907
vn -0.6445 0.7367 0.2048
vn -0.6645 0.7359 0.1297
vn -0.1969 0.3459 0.9174
vn -0.0175 0.0811 0.9966
vn -0.2286 0.3459 0.9100
vn 0.1972 -0.3065 0.9312
vn 0.2038 -0.6167 0.7604
vn 0.1291 -0.1680 0.9773
vn 0.1982 -0.7349 0.6485
vn 0.1065 -0.1343 0.9852
vn 0.0667 -0.9884 0.1366
vn -0.0772 -0.9970 0.0094
vn -0.1381 -0.9879 0.0708
vn -0.0427 -0.9974 0.0583
vn 0.0590 -0.9621 0.2663
vn 0.1413 -0.8711 0.4703
vn 0.1074 -0.8720 0.4776
vn 0.1430 -0.8455 0.5144
vn -0.1676 -0.9662 0.1959
vn -0.5796 -0.5389 0.6113
vn -0.5474 -0.5008 0.6705
vn -0.2378 -0.3337 0.9122
vn -0.2494 -0.3370 0.9079
vn -0.0617 -0.9755 0.2110
vn -0.6535 -0.7084 0.2665
vn -0.6539 -0.6840 0.3232
vn -0.7626 0.4690 0.4456
vn -0.6728 0.5934 0.4418
vn -0.4567 0.5144 0.7258
vn -0.5518 0.4168 0.7223
vn -0.6552 -0.7451 0.1244
vn -0.6523 -0.7468 0.1298
vn -0.8508 0.4796 0.2150
vn -0.7621 0.6108 0.2147
vn -0.5583 0.7069 0.4342
vn -0.8703 0.4831 0.0956
vn -0.7753 0.6197 0.1221
vn -0.5696 0.6739 0.4706
vn -0.3584 0.5148 0.7788
vn -0.3521 0.5912 0.7256
vn -0.1551 0.3221 0.9339
vn -0.1502 0.4480 0.8814
vn -0.1895 0.4216 0.8868
vn -0.0789 0.3827 0.9205
vn -0.0620 0.4228 0.9041
vn -0.0434 0.4034 0.9140
vn -0.2256 0.3573 0.9063
vn -0.0801 0.4620 0.8832
vn -0.0241 -0.2495 0.9681
vn -0.0190 -0.2430 0.9698
vn 0.0323 -0.9913 0.1274
vn -0.1061 0.3814 0.9183
vn -0.3133 0.4382 0.8425
vn -0.2511 0.5300 0.8100
vn -0.5577 0.4600 0.6909
vn -0.5376 0.5593 0.6311
vn -0.4615 0.5741 0.6764
vn -0.6367 0.3913 0.6644
vn -0.5870 0.5075 0.6308
vn -0.6672 0.3562 0.6542
vn -0.6731 0.5136 0.5320
vn -0.4803 0.4214 0.7692
vn -0.4782 0.5433 0.6901
vn -0.5302 0.7051 0.4708
vn -0.2961 0.3223 0.8991
vn -0.3541 0.3287 0.8755
vn -0.6433 0.5589 0.5232
vn -0.6625 0.6097 0.4351
vn -0.1431 0.2321 0.9621
vn -0.1675 0.1262 0.9778
vn -0.0449 0.1942 0.9799
vn -0.1377 0.2483 0.9589
vn 0.0929 0.3180 0.9435
vn 0.0618 0.3460 0.9362
vn -0.0853 0.0799 0.9931
vn 0.0231 0.1468 0.9889
vn 0.0935 0.3083 0.9467
vn -0.0918 0.1920 0.9771
vn -0.0837 0.3646 0.9274
vn -0.0829 0.4239 0.9019
vn -0.0910 0.3544 0.9306
vn -0.2850 0.4344 0.8544
vn -0.1676 0.5145 0.8410
vn -0.0918 0.4687 0.8786
vn 0.0202 0.5052 0.8628
vn 0.1853 0.5294 0.8279
vn 0.0361 0.4222 0.9058
vn -0.0556 0.3192 0.9461
vn 0.0492 0.2830 0.9578
vn -0.0308 0.2958 0.9548
vn -0.0452 0.3719 0.9272
vn -0.3418 0.8996 0.2720
vn -0.3690 0.9275 0.0588
vn -0.3320 0.9433 -0.0051
vn -0.3416 0.9314 0.1258
vn -0.3087 0.8473 0.4321
vn -0.4690 0.7032 0.5344
vn -0.2712 0.9615 -0.0433
vn -0.3068 0.9517 0.0116
vn -0.1910 0.9814 0.0174
vn -0.2697 0.9627 0.0222
vn -0.1573 0.9861 0.0532
vn 0.3610 0.9319 0.0360
vn 0.4313 0.9011 0.0433
vn 0.4545 0.8873 0.0778
vn 0.3759 0.9211 0.1014
vn 0.3462 0.9382 -0.0032
vn 0.4116 0.9113 -0.0044
vn 0.5920 0.8059 -0.0017
vn 0.5931 0.8045 0.0313
vn 0.3276 0.9448 0.0059
vn 0.3991 0.9169 -0.0050
vn 0.5920 0.8059 -0.0105
vn 0.7499 0.6615 -0.0116
vn 0.7479 0.6638 -0.0077
vn 0.3746 0.9266 0.0340
vn 0.5846 0.8113 0.0043
vn 0.7479 0.6634 0.0235
vn 0.7377 0.6704 0.0802
vn 0.7351 0.6779 -0.0131
vn 0.5726 0.8195 0.0233
vn 0.7518 0.6558 0.0689
vn 0.7323 0.6611 0.1632
vn 0.6447 0.7452 0.1707
vn 0.6458 0.7602 0.0711
vn -0.0307 0.1407 0.9896
vn -0.0100 0.2831 0.9590
vn -0.0624 0.2347 0.9701
vn -0.0234 0.1923 0.9810
vn 0.1644 0.1599 0.9733
vn 0.1907 0.1926 0.9626
vn 0.2791 0.3034 0.9111
vn 0.4324 0.6860 0.5852
vn 0.4146 0.5645 0.7138
vn 0.3822 0.6132 0.6914
vn -0.0445 0.2992 0.9532
vn 0.0530 0.3541 0.9337
vn 0.2612 0.5506 0.7929
vn 0.2552 0.5721 0.7795
vn 0.1926 0.5418 0.8181
vn 0.1615 0.4046 0.9001
vn 0.0693 0.4646 0.8828
vn 0.5530 0.8079 0.2038
vn 0.5586 0.8268 0.0660
vn 0.5761 0.8165 -0.0389
vn 0.6018 0.7986 -0.0085
vn 0.6062 0.7944 -0.0378
vn 0.6506 0.7590 -0.0238
vn 0.6537 0.7565 -0.0208
vn 0.7389 0.6736 -0.0144
vn 0.6539 0.7544 0.0579
vn 0.7408 0.6705 0.0401
vn 0.7417 0.6702 0.0271
vn 0.7418 0.6645 0.0902
vn 0.7276 0.6838 0.0549
vn 0.5942 0.8024 0.0563
vn 0.3827 0.3971 0.8342
vn 0.3815 0.3118 0.8702
vn 0.2599 0.2031 0.9440
vn 0.2684 0.2450 0.9316
vn 0.2691 0.2932 0.9174
vn 0.3881 0.4803 0.7865
vn 0.1500 0.0852 0.9850
vn 0.1303 0.0973 0.9867
vn 0.1148 0.1206 0.9860
vn 0.1189 0.1018 0.9877
vn 0.3841 0.5134 0.7674
vn 0.1765 0.0900 0.9802
vn 0.1965 0.1233 0.9727
vn 0.2431 0.1489 0.9585
vn 0.2033 0.0998 0.9740
vn 0.1456 0.0929 0.9850
vn 0.1120 0.0927 0.9894
vn 0.1928 0.1691 0.9666
vn 0.2343 0.1925 0.9529
vn 0.1879 0.1992 0.9618
vn 0.1032 0.0979 0.9898
vn 0.3489 0.3001 0.8878
vn 0.2851 0.3040 0.9090
vn 0.6471 0.7500 0.1370
vn 0.1415 0.1357 0.9806
vn 0.2210 0.2252 0.9489
vn 0.2019 0.1912 0.9606
vn 0.2963 0.4584 0.8379
vn 0.4104 0.4650 0.7844
vn 0.2609 0.2223 0.9394
vn 0.6380 0.6523 0.4092
vn 0.5093 0.6766 0.5318
vn 0.6226 0.6470 0.4403
vn 0.6723 0.6345 0.3813
vn 0.6927 0.6551 0.3017
vn 0.6019 0.6382 0.4801
vn 0.5563 0.4944 0.6679
vn 0.5805 0.5412 0.6083
vn 0.6794 0.6486 0.3432
vn 0.7000 0.6603 0.2721
vn 0.5569 0.6136 0.5598
vn 0.3583 0.3101 0.8806
vn 0.3324 0.4166 0.8461
vn 0.1622 0.6769 0.7180
vn 0.3600 0.7921 0.4928
vn -0.2256 0.9028 0.3663
vn 0.1327 0.9003 0.4145
vn 0.0640 0.9474 0.3135
vn -0.6065 0.7920 0.0708
vn -0.2532 0.8272 0.5016
vn -0.3476 0.8803 0.3230
vn -0.3527 0.8660 0.3545
vn -0.4346 0.8750 0.2133
vn -0.3962 0.8862 0.2403
vn -0.4754 0.8662 0.1541
vn -0.5674 0.8219 0.0498
vn -0.5097 0.8256 0.2420
vn -0.5952 0.7525 0.2819
vn -0.5492 0.7223 0.4203
vn -0.5373 0.8363 0.1090
vn -0.4952 0.7452 0.4466
vn -0.4714 0.8610 0.1911
vn -0.6304 0.7106 0.3126
vn -0.6296 0.7618 0.1525
vn -0.6274 0.7321 0.2653
vn -0.6934 0.7140 0.0964
vn -0.3291 0.8780 0.3476
vn -0.4581 0.8799 0.1262
vn -0.4787 0.8779 0.0098
vn -0.4161 0.8750 0.2476
vn -0.5514 0.8333 0.0401
vn -0.2660 0.9636 -0.0275
vn -0.4157 0.9095 -0.0012
vn -0.1855 0.9825 0.0173
vn -0.8050 0.5931 0.0152
vn -0.8001 0.5997 0.0157
vn -0.7595 0.6502 0.0203
vn -0.7724 0.6348 0.0188
vn -0.7668 0.6404 0.0432
vn -0.7889 0.6130 0.0426
vn -0.1771 0.9834 0.0389
vn -0.7587 0.6482 0.0645
vn -0.7718 0.6330 0.0593
vn -0.2074 0.9768 0.0526
vn -0.6875 0.7244 0.0499
vn -0.6827 0.7218 0.1141
vn -0.6822 0.6893 0.2440
vn -0.5495 0.8067 0.2173
vn -0.5288 0.8132 0.2430
vn -0.6809 0.7316 0.0340
vn -0.6439 0.7634 0.0514
vn -0.6675 0.7258 0.1662
vn -0.5070 0.8237 0.2539
vn -0.3898 0.7794 0.4905
vn -0.2634 0.7515 0.6049
vn -0.1089 0.7280 0.6769
vn -0.0581 0.6351 0.7703
vn -0.0472 0.7420 0.6688
vn -0.0558 0.6634 0.7462
vn -0.0828 0.8046 0.5880
vn -0.1112 0.7402 0.6631
vn -0.1535 0.6842 0.7129
vn -0.2228 0.7128 0.6651
vn -0.1614 0.7006 0.6951
vn -0.3162 0.7200 0.6178
vn -0.2361 0.6841 0.6901
vn -0.2208 0.6388 0.7370
vn -0.4330 0.7714 0.4663
vn -0.3192 0.5743 0.7538
vn -0.1450 0.1113 0.9832
vn -0.4308 0.3641 0.8257
vn -0.0718 -0.3517 0.9333
vn -0.0729 -0.1755 0.9818
vn -0.1040 -0.3617 0.9265
vn -0.0919 -0.1721 0.9808
vn -0.2076 -0.3160 0.9258
vn -0.1245 -0.2979 0.9465
vn -0.1070 0.0514 0.9929
vn -0.2491 0.1228 0.9607
vn -0.0086 0.0459 0.9989
vn -0.3773 0.1201 0.9183
vn -0.6223 0.0841 0.7782
vn -0.9797 0.1541 0.1281
vn -0.9487 0.1567 0.2747
vn -0.9464 0.1278 0.2967
vn -0.7440 -0.0305 0.6675
vn -0.8209 -0.5459 0.1678
vn -0.2475 -0.9679 0.0444
vn -0.0962 -0.9947 0.0370
vn -0.3013 -0.9511 0.0680
vn -0.3784 -0.9230 0.0704
vn -0.3635 -0.9019 0.2332
vn -0.8634 -0.0137 0.5043
vn -0.0925 -0.9546 0.2832
vn -0.0264 -0.5789 0.8150
vn -0.0129 -0.9902 0.1391
vn -0.0549 -0.9596 0.2761
vn -0.0307 -0.9910 0.1305
vn -0.0010 -1.0000 0.0038
vn -0.0500 -0.9957 0.0778
vn -0.0016 -1.0000 0.0012
vn -0.0929 -0.9954 0.0244
vn -0.6825 -0.6737 -0.2834
vn -0.6102 -0.6721 -0.4194
vn -0.7317 -0.6623 -0.1615
vn -0.6095 0.7921 -0.0322
vn -0.6905 0.7210 -0.0581
vn -0.6813 0.7317 -0.0222
vn -0.6406 0.7678 -0.0133
vn -0.1294 -0.2810 -0.9510
vn -0.6959 0.7180 0.0164
vn -0.5885 0.8049 0.0760
vn -0.5747 0.8171 -0.0460
vn -0.7211 0.6834 0.1137
vn -0.6423 0.7416 0.1936
vn -0.5129 0.7161 0.4735
vn -0.4564 0.8756 0.1586
vn -0.6504 0.3129 0.6922
vn -0.6385 0.2243 0.7362
vn -0.5495 0.7859 0.2835
vn -0.6343 0.7715 0.0502
vn -0.4554 0.8901 0.0180
vn -0.6393 0.7689 0.0108
vn -0.4965 0.8680 -0.0000
vn -0.5842 0.8113 -0.0208
vn -0.5177 0.8555 0.0063
vn -0.6052 0.7959 0.0133
vn -0.6880 0.7257 0.0055
vn -0.6266 0.7781 0.0432
vn -0.7379 0.6746 -0.0187
vn -0.7647 0.6423 -0.0512
vn -0.7169 0.6965 -0.0313
vn -0.4821 0.4225 0.7675
vn -0.4723 0.5540 0.6856
vn -0.4414 0.4107 0.7978
vn -0.5221 0.4089 0.7485
vn -0.3852 -0.4261 0.8185
vn -0.4898 0.4023 0.7735
vn -0.5716 0.4116 0.7099
vn -0.5832 0.4208 0.6949
vn -0.5326 0.4362 0.7253
vn -0.6300 0.4214 0.6523
vn -0.6202 0.5315 0.5769
vn -0.6889 0.5373 0.4865
vn -0.6562 0.5644 0.5009
vn -0.5494 0.4553 0.7006
vn -0.5848 0.5390 0.6062
vn -0.2362 0.1870 0.9535
vn -0.5212 0.4227 0.7415
vn -0.8660 0.1549 0.4754
vn -0.3631 -0.6862 0.6303
vn -0.8206 0.5714 0.0058
vn -0.7864 0.6178 -0.0004
vn -0.8974 0.4406 0.0227
vn -0.9683 0.2479 0.0315
vn -0.9607 0.2738 0.0467
vn -0.8905 0.4542 0.0281
vn -0.9425 0.3265 0.0710
vn -0.0263 -0.9997 0.0001
vn -0.0846 -0.9960 -0.0299
vn -0.0656 -0.9975 -0.0274
vn -0.0179 -0.9998 0.0002
vn -0.5144 -0.8413 0.1663
vn -0.0140 -0.9999 -0.0100
vn -0.0074 -1.0000 -0.0009
vn -0.0219 -0.9997 0.0087
vn -0.1158 -0.9914 0.0602
vn -0.1383 -0.9877 0.0731
vn -0.0307 -0.9987 -0.0419
vn -0.0021 -1.0000 -0.0003
vn -0.1270 -0.9753 -0.1807
vn -0.0097 -0.9999 -0.0134
vn -0.0007 -1.0000 -0.0004
vn -0.0008 -1.0000 0.0001
vn -0.0549 -0.9981 -0.0281
vn -0.0019 -1.0000 -0.0010
vn -0.0006 -1.0000 -0.0003
vn -0.0038 -1.0000 -0.0010
vn -0.0004 -1.0000 -0.0000
vn -0.0824 -0.9966 -0.0042
vn -0.0742 -0.9972 -0.0113
vn -0.1713 -0.9852 -0.0047
vn -0.1311 -0.9912 -0.0177
vn -0.1402 -0.9898 -0.0249
vn -0.0820 -0.9964 -0.0234
vn -0.1510 -0.9882 -0.0255
vn -0.1502 -0.9828 -0.1074
vn -0.2315 -0.9351 -0.2683
vn -0.1802 -0.9830 -0.0351
vn -0.2462 -0.9558 -0.1609
vn -0.3167 -0.8744 -0.3677
vn -0.7548 0.0480 -0.6542
vn -0.6836 0.1945 -0.7034
vn -0.8030 0.1341 -0.5807
vn -0.6976 -0.1164 -0.7070
vn -0.6939 0.0094 -0.7200
vn -0.6373 0.1205 -0.7611
vn -0.3919 0.1228 -0.9118
vn -0.3590 0.1490 -0.9214
vn -0.6117 0.0202 -0.7908
vn -0.5977 0.0490 -0.8003
vn -0.4055 0.0809 -0.9105
vn -0.6055 0.1195 -0.7868
vn -0.4827 0.1640 -0.8603
vn -0.6229 0.2065 -0.7546
vn -0.6217 0.3629 -0.6942
vn -0.4066 0.8143 -0.4142
vn -0.4404 0.8440 -0.3060
vn -0.3536 0.8440 -0.4033
vn -0.3508 0.8589 -0.3732
vn -0.2367 0.7897 -0.5661
vn -0.4524 0.8603 -0.2350
vn -0.3669 0.7837 -0.5012
vn -0.2300 0.6778 -0.6984
vn -0.1535 0.6878 -0.7095
vn -0.4837 0.7866 -0.3838
vn -0.2195 0.6619 -0.7168
vn -0.5757 0.7955 -0.1888
vn -0.5793 0.8101 -0.0900
vn -0.6098 0.7823 -0.1272
vn -0.5974 0.8002 -0.0530
vn -0.6353 0.7699 -0.0597
vn -0.6204 0.7841 -0.0162
vn -0.6324 0.7747 -0.0044
vn -0.6143 0.7890 -0.0130
vn -0.6297 0.7768 0.0014
vn -0.6269 0.7790 -0.0102
vn -0.7722 0.6351 -0.0176
vn -0.6194 0.7637 -0.1820
vn -0.6022 0.7339 -0.3142
vn -0.7676 0.6387 -0.0531
vn -0.7944 0.6054 -0.0490
vn -0.8052 0.5928 -0.0126
vn -0.4972 0.4655 -0.7322
vn -0.5067 0.6229 -0.5960
vn -0.4984 0.4606 -0.7345
vn -0.1792 0.2566 -0.9498
vn -0.3590 0.4560 -0.8144
vn -0.0722 0.1759 -0.9818
vn -0.1144 0.3501 -0.9297
vn -0.0537 0.0553 -0.9970
vn -0.0492 0.0581 -0.9971
vn -0.0614 0.0671 -0.9959
vn -0.0483 0.0564 -0.9972
vn -0.0283 0.0492 -0.9984
vn -0.0297 0.0690 -0.9972
vn -0.0667 0.0747 -0.9950
vn -0.0651 0.0807 -0.9946
vn -0.0627 0.0997 -0.9930
vn -0.0935 0.1809 -0.9790
vn -0.0165 0.0683 -0.9975
vn -0.1217 0.2281 -0.9660
vn -0.2135 0.3386 -0.9164
vn -0.1823 0.3241 -0.9283
vn -0.2159 0.4152 -0.8837
vn -0.0978 0.2790 -0.9553
vn -0.5287 0.7197 -0.4500
vn -0.4140 0.7153 -0.5629
vn -0.5479 0.7845 -0.2906
vn -0.5369 0.8196 -0.2001
vn -0.5130 0.7954 -0.3228
vn -0.4752 0.8472 -0.2374
vn -0.5063 0.8395 -0.1973
vn -0.5186 0.7917 -0.3230
vn -0.4878 0.7485 -0.4493
vn -0.3689 0.8083 -0.4589
vn -0.3084 0.7446 -0.5919
vn -0.3064 0.7605 -0.5724
vn -0.1033 0.4027 -0.9095
vn -0.3497 0.4845 -0.8019
vn -0.0195 0.2939 -0.9556
vn 0.0903 0.2235 -0.9705
vn 0.1040 0.2313 -0.9673
vn 0.0302 0.2255 -0.9738
vn -0.1369 0.4623 -0.8761
vn -0.2786 0.6577 -0.6999
vn 0.0503 0.2428 -0.9688
vn -0.5339 0.8422 -0.0752
vn -0.5720 0.8066 -0.1490
vn -0.5669 0.8123 -0.1369
vn -0.5156 0.8544 -0.0647
vn -0.4881 0.8703 -0.0657
vn -0.4878 0.8724 -0.0317
vn -0.5046 0.8608 -0.0672
vn -0.4921 0.8632 -0.1124
vn -0.4803 0.7924 -0.3761
vn -0.0476 0.3360 -0.9407
vn -0.0827 0.4786 -0.8741
vn 0.0127 0.3288 -0.9443
vn 0.0147 0.2300 -0.9731
vn 0.0006 0.1310 -0.9914
vn -0.4556 0.7376 -0.4983
vn 0.0710 0.1371 -0.9880
vn 0.0212 0.0886 -0.9958
vn -0.0101 0.0534 -0.9985
vn -0.0011 0.1044 -0.9945
vn -0.0821 0.1717 -0.9817
vn -0.0468 0.1230 -0.9913
vn -0.2818 0.5028 -0.8172
vn -0.2017 0.3713 -0.9063
vn -0.3638 0.8437 -0.3948
vn -0.4157 0.8745 -0.2501
vn -0.3274 0.9302 -0.1662
vn -0.3344 0.8847 -0.3248
vn -0.3914 0.9061 -0.1608
vn -0.3211 0.9409 -0.1078
vn -0.3310 0.9359 -0.1206
vn -0.2820 0.9508 -0.1280
vn -0.2780 0.9399 -0.1984
vn -0.4394 0.8219 -0.3624
vn -0.3494 0.8383 -0.4186
vn -0.4555 0.7611 -0.4618
vn -0.2905 0.7464 -0.5988
vn -0.1789 0.7010 -0.6904
vn -0.2308 0.8343 -0.5007
vn -0.3474 0.6948 -0.6298
vn -0.2119 0.6006 -0.7710
vn -0.1711 0.6562 -0.7349
vn -0.1809 0.3732 -0.9100
vn -0.0799 0.3432 -0.9359
vn -0.0646 0.3815 -0.9221
vn -0.1608 0.5361 -0.8287
vn 0.0550 0.1441 -0.9880
vn 0.0806 0.1908 -0.9783
vn 0.0388 0.2428 -0.9693
vn -0.1363 0.3962 -0.9080
vn 0.1062 0.1743 -0.9790
vn 0.1061 0.2160 -0.9706
vn 0.0260 0.2902 -0.9566
vn -0.0825 0.3254 -0.9420
vn -0.0068 0.4106 -0.9118
vn -0.0676 0.4658 -0.8823
vn -0.1436 0.4532 -0.8798
vn -0.0740 0.3558 -0.9316
vn -0.1315 0.5808 -0.8033
vn -0.1873 0.6138 -0.7670
vn -0.2449 0.5695 -0.7846
vn -0.4830 0.5903 -0.6467
vn -0.2034 0.4022 -0.8927
vn -0.6183 0.7460 -0.2474
vn -0.5636 0.8160 -0.1286
vn -0.6269 0.7395 -0.2454
vn -0.6564 0.6480 -0.3862
vn -0.6525 0.5907 -0.4747
vn -0.4612 0.4997 -0.7332
vn -0.6300 0.7370 -0.2449
vn -0.5720 0.5624 -0.5971
vn -0.6401 0.5530 -0.5334
vn -0.6223 0.5639 -0.5429
vn -0.5404 0.5804 -0.6092
vn -0.6144 0.5687 -0.5468
vn -0.6818 0.6044 -0.4121
vn -0.6198 0.6018 -0.5036
vn -0.7042 0.6718 -0.2299
vn -0.7486 0.6156 -0.2461
vn -0.7775 0.6008 -0.1860
vn -0.7654 0.6393 -0.0732
vn -0.7081 0.6747 -0.2082
vn -0.7957 0.6052 -0.0240
vn -0.7922 0.6102 0.0032
vn -0.7878 0.6157 0.0178
vn -0.7210 0.6899 0.0651
vn -0.7547 0.6345 0.1670
vn -0.7736 0.5991 0.2066
vn -0.7495 0.6509 0.1206
vn -0.6170 0.6044 0.5040
vn -0.6603 0.5893 0.4656
vn -0.6878 0.6757 0.2653
vn -0.7250 0.6753 0.1352
vn -0.7615 0.6458 0.0552
vn -0.6170 0.5739 0.5385
vn -0.6048 0.6915 0.3951
vn -0.6441 0.7181 0.2636
vn -0.6945 0.6947 0.1870
vn -0.7464 0.6605 0.0815
vn -0.4736 0.7222 0.5041
vn -0.4436 0.7822 0.4376
vn -0.5038 0.7779 0.3755
vn -0.7268 0.6802 0.0948
vn -0.2920 0.8015 0.5219
vn -0.3358 0.8090 0.4824
vn 0.4488 0.7368 0.5058
vn 0.3154 0.7434 0.5898
vn 0.4485 0.7198 0.5299
vn 0.5855 0.6975 0.4132
vn 0.6381 0.6671 0.3843
vn 0.7331 0.6341 0.2459
vn 0.7775 0.6208 0.1004
vn 0.7865 0.6176 -0.0027
vn 0.7549 0.6558 -0.0037
vn 0.7081 0.6473 0.2823
vn 0.5055 0.6849 0.5247
vn 0.6401 0.6367 0.4300
vn 0.6241 0.6619 0.4152
vn 0.6205 0.7018 0.3500
vn 0.3826 0.7086 0.5929
vn 0.5139 0.7353 0.4419
vn -0.1026 0.6615 0.7429
vn -0.2627 0.5754 0.7746
vn -0.3622 0.8288 0.4266
vn -0.0493 0.5656 0.8232
vn -0.3513 0.2817 0.8929
vn -0.3577 0.2160 0.9085
vn -0.6174 0.5847 0.5262
vn -0.7181 0.5281 0.4533
vn -0.7644 0.5946 0.2493
vn -0.6500 0.6885 0.3216
vn -0.4732 0.1644 0.8655
vn -0.4441 0.1765 0.8784
vn -0.5186 0.2380 0.8212
vn -0.6709 0.4121 0.6164
vn -0.4669 0.2061 0.8600
vn -0.4232 0.1635 0.8911
vn -0.3111 0.2602 0.9141
vn -0.4455 0.3859 0.8079
vn -0.5274 0.4338 0.7305
vn -0.4557 0.2406 0.8570
vn -0.2763 0.3077 0.9105
vn -0.0063 0.3475 0.9376
vn -0.2423 0.3184 0.9165
vn -0.5079 0.4992 0.7021
vn -0.4214 0.4974 0.7583
vn 0.1703 0.5448 0.8211
vn 0.2938 0.5338 0.7929
vn 0.2450 0.4655 0.8505
vn 0.1416 0.2991 0.9437
vn 0.1782 0.2689 0.9465
vn 0.0115 0.3936 0.9192
vn -0.1346 0.3621 0.9224
vn 0.1510 0.4217 0.8941
vn 0.1919 0.4410 0.8768
vn 0.1926 0.2660 0.9445
vn 0.0833 0.6171 0.7825
vn 0.2922 0.7099 0.6408
vn 0.7294 0.6682 0.1465
vn 0.7125 0.6595 0.2398
vn 0.7109 0.5708 0.4109
vn 0.7425 0.6005 0.2967
vn 0.4936 0.7792 0.3864
vn 0.6297 0.7393 0.2385
vn 0.7076 0.6898 0.1535
vn 0.6899 0.6957 0.2001
vn 0.6907 0.6463 0.3243
vn 0.7174 0.6705 0.1891
vn 0.7377 0.6569 0.1559
vn 0.6329 0.6786 0.3727
vn 0.3448 0.5959 0.7253
vn 0.2249 0.5554 0.8006
vn 0.2307 0.5787 0.7822
vn 0.7187 0.6748 0.1679
vn 0.6979 0.6735 0.2436
vn 0.6544 0.6674 0.3555
vn 0.3471 0.5173 0.7822
vn 0.2585 0.4590 0.8500
vn 0.6282 0.7651 0.1414
vn 0.5715 0.7140 0.4045
vn 0.3299 0.5011 0.8001
vn 0.1613 0.3393 0.9267
vn 0.1543 0.4050 0.9012
vn 0.5158 0.8173 0.2567
vn 0.4835 0.7519 0.4482
vn 0.2108 0.4163 0.8844
vn 0.1778 0.3560 0.9174
vn 0.1495 0.3120 0.9383
vn 0.1458 0.3308 0.9324
vn 0.2597 0.5731 0.7773
vn 0.1869 0.4474 0.8746
vn 0.1195 0.3283 0.9370
vn 0.1867 0.4075 0.8939
vn 0.2832 0.4264 0.8591
vn 0.2054 0.5732 0.7932
vn 0.0857 0.3742 0.9234
vn 0.0864 0.3756 0.9227
vn 0.1784 0.5015 0.8466
vn 0.2794 0.4971 0.8215
vn 0.1136 0.4268 0.8972
vn 0.0512 0.3595 0.9317
vn 0.0797 0.4263 0.9011
vn 0.2032 0.6251 0.7537
vn 0.5172 0.7899 0.3294
vn -0.0202 0.4056 0.9138
vn -0.1460 0.4069 0.9017
vn -0.1965 0.4881 0.8504
vn -0.0999 0.5127 0.8527
vn -0.3272 0.4793 0.8144
vn -0.3957 0.6210 0.6766
vn -0.3610 0.9255 0.1141
vn -0.4145 0.8989 0.1420
vn -0.4487 0.8923 0.0491
vn -0.2416 0.9693 0.0461
vn 0.3219 0.9406 0.1077
vn -0.1554 0.9743 0.1628
vn 0.5797 0.8075 0.1091
vn 0.4646 0.8508 0.2455
vn 0.4415 0.8589 0.2596
vn 0.2893 0.9561 -0.0471
vn 0.5194 0.8540 -0.0286
vn 0.6237 0.7816 0.0107
vn 0.5512 0.8307 0.0782
vn 0.5458 0.8350 0.0703
vn 0.6190 0.7845 -0.0372
vn 0.6340 0.7732 0.0111
vn 0.5597 0.8134 0.1586
vn 0.5420 0.7027 0.4608
vn 0.5814 0.7989 0.1540
vn 0.6514 0.7583 0.0258
vn 0.6245 0.7639 0.1625
vn 0.6967 0.6781 0.2339
vn 0.6961 0.7029 0.1461
vn 0.5320 0.6139 0.5833
vn 0.6937 0.7167 0.0716
vn 0.7431 0.6677 0.0438
vn 0.6986 0.7153 0.0181
vn 0.5923 0.8054 0.0237
vn 0.5869 0.8071 0.0647
vn 0.7411 0.6685 0.0627
vn 0.6675 0.7254 0.1682
vn 0.5179 0.8179 0.2506
vn 0.5222 0.8008 0.2934
vn 0.4948 0.8352 0.2400
vn 0.3628 0.6071 0.7070
vn 0.2690 0.7638 0.5867
vn 0.4164 0.8116 0.4098
vn 0.4672 0.8557 0.2227
vn 0.4388 0.8278 0.3496
vn 0.1429 0.7816 0.6072
vn 0.3480 0.7818 0.5174
vn 0.3574 0.8793 0.3146
vn 0.2277 0.9653 0.1280
vn 0.2494 0.9605 0.1236
vn 0.4135 0.8368 0.3588
vn 0.2905 0.9318 0.2174
vn 0.2112 0.9698 0.1217
vn 0.2881 0.9507 0.1144
vn 0.2927 0.9496 0.1120
vn 0.2969 0.9480 0.1150
vn 0.2188 0.9636 0.1535
vn 0.2759 0.9418 0.1923
vn 0.4585 0.8845 0.0861
vn 0.2735 0.9111 0.3083
vn 0.2477 0.8442 0.4754
vn 0.3810 0.6962 0.6084
vn 0.2239 0.5684 0.7917
vn 0.4475 0.3224 0.8341
vn 0.2247 0.3500 0.9094
vn 0.2171 0.3191 0.9225
vn 0.3134 0.2593 0.9135
vn 0.2516 0.2114 0.9444
vn 0.1545 0.3172 0.9357
vn 0.2320 0.2898 0.9285
vn 0.8569 -0.4665 0.2195
vn 0.9270 -0.3725 0.0428
vn 0.9286 -0.3624 0.0802
vn 0.2241 0.2519 0.9414
vn 0.1681 0.2850 0.9437
vn 0.8050 -0.4997 0.3198
vn 0.5644 0.2220 0.7951
vn 0.5144 0.0487 0.8562
vn 0.6376 -0.1998 0.7440
vn 0.6391 -0.1666 0.7509
vn 0.6376 0.1717 0.7510
vn 0.5461 0.2496 0.7997
vn 0.2720 0.2183 0.9372
vn 0.1456 0.1872 0.9715
vn 0.2256 0.1791 0.9576
vn 0.7876 -0.0317 0.6154
vn -0.0022 -0.9997 0.0254
vn -0.0006 -0.9998 0.0218
vn 0.0374 -0.9993 0.0073
vn 0.0722 -0.9973 0.0098
vn 0.1037 -0.9945 0.0149
vn 0.2026 -0.9789 0.0281
vn 0.6637 -0.7479 0.0166
vn 0.7712 -0.6306 0.0876
vn 0.8060 -0.5868 0.0782
vn 0.7543 -0.6550 0.0450
vn 0.0978 -0.9949 0.0248
vn 0.2045 -0.9770 0.0612
vn 0.6948 -0.6175 0.3687
vn 0.7497 -0.5423 0.3793
vn 0.6455 -0.6145 0.4536
vn 0.4791 -0.1604 0.8630
vn 0.4836 -0.1842 0.8557
vn 0.8476 -0.5228 0.0914
vn 0.8420 -0.5356 0.0645
vn 0.4193 -0.8942 0.1566
vn 0.1310 -0.9909 -0.0308
vn 0.6988 -0.7013 0.1407
vn 0.6502 -0.6913 0.3153
vn 0.6836 -0.6431 0.3451
vn 0.7622 -0.6003 0.2422
vn 0.7734 -0.5417 0.3293
vn 0.6162 -0.6941 0.3722
vn 0.6756 -0.5308 0.5117
vn 0.7656 -0.5273 0.3686
vn 0.7801 -0.4778 0.4040
vn 0.7289 -0.4676 0.5001
vn 0.6894 -0.3371 0.6412
vn 0.4714 -0.0289 0.8815
vn 0.6247 -0.2482 0.7403
vn 0.4643 -0.0242 0.8854
vn 0.8249 -0.4666 0.3189
vn 0.8078 -0.4621 0.3661
vn 0.8528 -0.5024 0.1427
vn 0.8366 -0.5440 0.0636
vn 0.6284 -0.3022 0.7168
vn 0.6312 -0.3245 0.7045
vn 0.8796 -0.4644 0.1036
vn 0.6589 -0.2650 0.7040
vn 0.6940 -0.2630 0.6702
vn 0.9411 -0.3221 0.1030
vn 0.9414 -0.3321 0.0592
vn 0.9140 -0.0995 0.3933
vn 0.9940 -0.0952 0.0545
vn 0.9921 -0.1247 -0.0117
vn 0.9299 -0.3677 0.0119
vn 0.9973 0.0481 0.0562
vn 0.9983 0.0539 -0.0239
vn 0.5487 0.8340 0.0580
vn 0.6016 0.7898 0.1194
vn 0.4811 0.8684 0.1205
vn 0.6058 0.7571 0.2445
vn 0.4799 0.8544 0.1992
vn 0.3007 0.9445 0.1326
vn 0.4540 0.8517 0.2615
vn 0.3176 0.9275 0.1970
vn 0.2707 0.9184 0.2884
vn 0.3957 0.8900 0.2266
vn 0.3565 0.8458 0.3969
vn 0.3892 0.7846 0.4826
vn 0.4864 0.8424 0.2318
vn 0.4122 0.8764 0.2491
vn 0.4263 0.8955 0.1279
vn 0.4263 0.8943 0.1356
vn 0.4004 0.8864 0.2324
vn 0.5245 0.7493 0.4043
vn 0.4443 0.8493 0.2852
vn 0.5258 0.6991 0.4845
vn 0.3794 0.5355 0.7545
vn 0.6958 0.7067 0.1285
vn 0.6554 0.7485 0.1008
vn 0.6938 0.7172 0.0661
vn 0.6036 0.7953 0.0558
vn 0.4158 0.5761 0.7037
vn 0.6958 0.7178 0.0263
vn 0.5895 0.7997 0.1141
vn 0.6763 0.7044 0.2154
vn 0.5183 0.7992 0.3044
vn 0.4001 0.5955 0.6966
vn 0.5819 0.6516 0.4866
vn 0.1573 0.3719 0.9149
vn 0.1295 0.4568 0.8801
vn 0.1953 0.2444 0.9498
vn 0.1159 0.1779 0.9772
vn 0.0136 0.1817 0.9833
vn -0.1993 0.1893 0.9615
vn 0.0029 0.1662 0.9861
vn -0.1236 0.2028 0.9714
vn -0.3573 0.3167 0.8786
vn -0.4820 0.2478 0.8404
vn -0.5156 0.4266 0.7431
vn -0.6491 0.2901 0.7032
vn -0.6053 0.3551 0.7124
vn -0.6417 0.3142 0.6996
vn -0.4614 0.5159 0.7218
vn -0.1951 0.7257 0.6597
vn -0.3951 0.5192 0.7578
vn 0.3998 0.8743 0.2752
vn 0.4723 0.8603 0.1919
vn 0.5065 0.8416 0.1878
vn 0.4188 0.8564 0.3019
vn 0.6702 0.7396 0.0617
vn 0.7389 0.6737 0.0132
vn 0.7391 0.6735 0.0163
vn 0.6635 0.7377 0.1246
vn 0.6081 0.7653 0.2112
vn 0.7726 0.6349 0.0078
vn 0.7719 0.6355 0.0173
vn 0.4148 0.5254 0.7429
vn 0.4315 0.5125 0.7424
vn 0.2934 0.4325 0.8525
vn 0.2845 0.5152 0.8085
vn 0.1894 0.4698 0.8622
vn 0.1136 0.4142 0.9031
vn 0.1089 0.5052 0.8561
vn -0.2988 0.8316 0.4682
vn -0.3898 0.7974 0.4606
vn -0.4331 0.8927 0.1246
vn -0.3118 0.9163 0.2513
vn 0.1662 0.5249 0.8348
vn -0.3474 0.9003 -0.2624
vn -0.2975 0.9308 -0.2125
vn -0.1952 0.7749 -0.6012
vn -0.0907 0.7869 -0.6104
vn 0.1059 0.8129 -0.5727
vn 0.5072 0.6403 -0.5768
vn 0.2228 0.5861 -0.7790
vn 0.0070 0.5061 -0.8624
vn -0.2913 0.9057 -0.3079
vn 0.2225 0.3941 -0.8917
vn 0.1614 0.3640 -0.9173
vn 0.1374 0.3528 -0.9256
vn 0.2450 0.3917 -0.8869
vn 0.1466 0.3180 -0.9367
vn 0.1533 0.3217 -0.9343
vn 0.1512 0.3536 -0.9231
vn 0.1630 0.3301 -0.9298
vn 0.3304 0.5021 -0.7992
vn 0.5158 0.7149 -0.4722
vn 0.5735 0.7671 -0.2876
vn 0.6118 0.6750 -0.4124
vn 0.4779 0.6073 -0.6346
vn 0.6987 0.6931 -0.1772
vn 0.6958 0.6615 -0.2799
vn 0.5476 0.6920 -0.4703
vn 0.2782 0.5678 -0.7748
vn 0.1492 0.4193 -0.8955
vn 0.2177 0.4423 -0.8701
vn 0.3450 0.5033 -0.7922
vn 0.2486 0.3094 -0.9179
vn 0.4302 0.4497 -0.7828
vn 0.6083 0.6146 -0.5023
vn 0.5190 0.6397 -0.5669
vn 0.7021 0.7117 -0.0209
vn 0.6051 0.7026 -0.3744
vn 0.6478 0.7329 0.2078
vn 0.6137 0.6287 0.4777
vn 0.5686 0.6759 0.4690
vn 0.6926 0.7016 0.1674
vn 0.4416 0.4624 0.7689
vn 0.3845 0.5140 0.7668
vn 0.3293 0.3489 0.8774
vn 0.2545 0.4298 0.8663
vn 0.5012 0.4383 0.7461
vn 0.1946 0.3903 0.8999
vn 0.4401 0.4016 0.8031
vn 0.5693 0.4249 0.7038
vn 0.6951 0.4804 0.5348
vn 0.6260 0.5033 0.5956
vn 0.5769 0.5258 0.6251
vn 0.2914 0.4757 0.8299
vn 0.7066 0.4925 0.5081
vn 0.2351 0.6166 0.7514
vn -0.0342 0.5777 0.8155
vn -0.2321 0.5245 0.8192
vn -0.3781 0.6084 0.6978
vn -0.4721 0.5844 0.6600
vn -0.5097 0.5951 0.6213
vn -0.3069 0.5076 0.8051
vn -0.5532 0.5998 0.5780
vn -0.3668 0.4709 0.8023
vn -0.6420 0.5210 0.5625
vn -0.7218 0.6564 0.2192
vn -0.7700 0.6051 0.2023
vn -0.7927 0.5711 0.2132
vn -0.7686 0.6061 -0.2046
vn -0.7859 0.5780 -0.2197
vn -0.7657 0.5976 -0.2380
vn -0.6545 0.7516 0.0822
vn -0.6518 0.4145 -0.6351
vn -0.7076 0.5253 -0.4726
vn -0.4904 0.3999 -0.7743
vn -0.6097 0.5762 -0.5442
vn -0.2774 0.5869 -0.7607
vn -0.3541 0.6923 -0.6287
vn -0.4067 0.1488 -0.9014
vn -0.4518 0.1545 -0.8786
vn -0.3310 0.2895 -0.8981
vn -0.0621 0.5720 -0.8179
vn 0.3697 0.7141 -0.5945
vn -0.1367 0.6706 -0.7291
vn 0.5046 0.6152 -0.6058
vn 0.6435 0.6549 -0.3962
vn 0.4616 0.5735 -0.6768
vn 0.6197 0.6513 -0.4379
vn 0.2083 0.6310 -0.7472
vn 0.4016 0.7290 -0.5544
vn 0.5249 0.7340 -0.4310
vn 0.6080 0.7190 -0.3365
vn -0.0105 0.7968 -0.6041
vn 0.0940 0.8291 -0.5512
vn 0.4480 0.7708 -0.4529
vn -0.2427 0.8303 -0.5017
vn -0.3798 0.8042 -0.4573
vn -0.4597 0.8040 -0.3771
vn -0.6425 0.7229 -0.2541
vn -0.6896 0.7061 -0.1612
vn -0.7106 0.6987 -0.0822
vn -0.7145 0.6992 -0.0236
vn -0.7515 0.6589 -0.0345
vn -0.7502 0.6608 0.0230
vn -0.7650 0.6435 0.0244
vn -0.7393 0.6662 -0.0983
vn -0.7716 0.6359 -0.0157
vn -0.5896 0.7175 -0.3709
vn -0.3775 0.7682 -0.5170
vn -0.5085 0.6416 -0.5743
vn -0.1754 0.6780 -0.7138
vn -0.3512 0.5199 -0.7787
vn -0.0463 0.4400 -0.8968
vn -0.1983 0.3457 -0.9172
vn 0.1887 0.3967 -0.8984
vn -0.0465 0.2829 -0.9580
vn -0.1046 0.3350 -0.9364
vn 0.0934 0.2910 -0.9521
vn -0.0684 0.3825 -0.9214
vn -0.1500 0.4161 -0.8969
vn 0.0099 0.4534 -0.8913
vn -0.1618 0.4386 -0.8840
vn -0.2081 0.3968 -0.8940
vn -0.2261 0.4034 -0.8866
vn -0.1963 0.4470 -0.8728
vn -0.4021 0.5675 -0.7185
vn -0.2340 0.4848 -0.8428
vn -0.1324 0.5458 -0.8274
vn -0.4479 0.6582 -0.6052
vn -0.1989 0.6098 -0.7672
vn -0.1000 0.6074 -0.7881
vn -0.3712 0.6946 -0.6162
vn -0.1292 0.6278 -0.7676
vn -0.0863 0.7135 -0.6954
vn -0.2304 0.7071 -0.6686
vn -0.0536 0.7605 -0.6471
vn -0.0383 0.7758 -0.6298
vn -0.1189 0.8250 -0.5525
vn -0.0817 0.7008 -0.7086
vn -0.0601 0.7500 -0.6587
vn -0.0417 0.6326 -0.7733
vn -0.1791 0.7535 -0.6326
vn -0.1041 0.6606 -0.7435
vn -0.4116 0.7776 -0.4754
vn -0.3221 0.7865 -0.5270
vn -0.3722 0.8275 -0.4204
vn -0.5299 0.8264 -0.1907
vn -0.4636 0.8723 -0.1556
vn -0.5705 0.7951 -0.2055
vn -0.5806 0.7396 -0.3404
vn -0.8339 0.4107 -0.3688
vn -0.5520 0.7973 -0.2441
vn -0.3747 0.9049 -0.2016
vn -0.2406 0.8808 -0.4079
vn -0.2562 0.9419 -0.2173
vn -0.3325 0.9407 -0.0670
vn -0.1255 0.8370 -0.5326
vn -0.3869 0.7993 -0.4598
vn -0.5666 0.6916 -0.4481
vn -0.6181 0.7486 -0.2400
vn -0.7498 0.6325 -0.1946
vn -0.4980 0.6930 -0.5213
vn -0.5691 0.6661 -0.4822
vn -0.5094 0.6901 -0.5142
vn -0.5867 0.7134 -0.3833
vn -0.6105 0.6725 -0.4185
vn -0.5120 0.5654 -0.6466
vn -0.6026 0.7149 -0.3547
vn -0.5147 0.6357 -0.5753
vn -0.5114 0.5474 -0.6625
vn -0.5605 0.7509 -0.3493
vn -0.5390 0.6892 -0.4842
vn -0.5262 0.8407 -0.1280
vn -0.5593 0.8149 -0.1521
vn -0.5029 0.8243 -0.2601
vn -0.5213 0.8530 -0.0260
vn -0.4883 0.8705 -0.0609
vn -0.6338 0.7684 -0.0891
vn -0.5385 0.8426 -0.0058
vn -0.6896 0.7230 -0.0417
vn -0.5729 0.8182 -0.0494
vn -0.7757 0.6262 -0.0793
vn -0.4981 0.8658 -0.0473
vn -0.2948 0.9549 -0.0360
vn -0.4785 0.8781 0.0005
vn -0.4298 0.8963 -0.1093
vn -0.4456 0.8879 -0.1146
vn -0.4897 0.8644 -0.1141
vn -0.2838 0.8610 -0.4221
vn -0.3943 0.8963 -0.2030
vn -0.2581 0.9008 -0.3493
vn -0.0631 0.8743 -0.4813
vn 0.0695 0.6708 -0.7383
vn 0.3406 0.4146 -0.8438
vn 0.1704 0.2858 -0.9430
vn -0.0001 0.5695 -0.8220
vn -0.1277 0.7303 -0.6711
vn 0.5161 0.5815 -0.6288
vn 0.6217 0.4763 -0.6217
vn 0.7391 0.3439 -0.5791
vn 0.6864 0.3542 -0.6352
vn 0.7971 0.3257 -0.5085
vn 0.2645 0.1684 -0.9496
vn 0.3103 0.1273 -0.9421
vn 0.2891 0.1153 -0.9503
vn 0.2422 0.1570 -0.9574
vn 0.7386 0.4080 -0.5368
vn 0.7313 0.4005 -0.5521
vn 0.6347 0.5483 -0.5446
vn 0.6902 0.5662 -0.4507
vn 0.7319 0.4185 -0.5377
vn 0.5241 0.4980 -0.6909
vn 0.2791 0.1350 -0.9507
vn 0.4791 0.4798 -0.7350
vn 0.2674 0.3096 -0.9125
vn 0.2849 0.1592 -0.9452
vn 0.5078 0.5772 -0.6396
vn 0.0034 0.6386 -0.7695
vn 0.2568 0.5662 -0.7833
vn 0.4037 0.4899 -0.7727
vn -0.1335 0.6231 -0.7707
vn -0.2550 0.5517 -0.7941
vn -0.3755 0.5175 -0.7688
vn -0.3199 0.4997 -0.8050
vn -0.2466 0.6845 -0.6860
vn -0.3153 0.8969 -0.3102
vn 0.1111 0.6561 -0.7465
vn -0.2244 0.4555 -0.8615
vn -0.3923 0.8724 -0.2915
vn -0.1576 0.5363 -0.8292
vn -0.3487 0.8652 -0.3604
vn -0.3885 0.9020 -0.1882
vn -0.3836 0.9185 -0.0960
vn -0.3803 0.9214 -0.0798
vn -0.3856 0.9195 -0.0767
vn -0.3798 0.9215 -0.0817
vn -0.3986 0.9129 -0.0878
vn -0.3802 0.9202 -0.0929
vn -0.4116 0.8997 -0.1452
vn -0.4790 0.8478 -0.2276
vn -0.4065 0.9087 -0.0954
vn -0.4565 0.8262 -0.3302
vn -0.3222 0.9340 -0.1540
vn -0.1588 0.8431 -0.5138
vn -0.0258 0.9420 -0.3347
vn -0.2625 0.9448 -0.1963
vn 0.1661 0.7969 -0.5809
vn 0.2788 0.7875 -0.5496
vn 0.2122 0.6060 -0.7667
vn 0.3696 0.5692 -0.7344
vn 0.2370 0.7550 -0.6114
vn 0.4463 0.6834 -0.5777
vn 0.5428 0.6275 -0.5582
vn 0.5096 0.5762 -0.6390
vn 0.2865 0.1817 -0.9407
vn 0.6047 0.5711 -0.5551
vn 0.4069 0.3000 -0.8628
vn 0.6077 0.5667 -0.5564
vn 0.3819 0.3098 -0.8708
vn 0.3397 0.4081 -0.8474
vn 0.1850 0.6417 -0.7443
vn 0.1356 0.9045 -0.4044
vn 0.0876 0.7664 -0.6364
vn -0.3734 0.9100 -0.1800
vn -0.5272 0.8372 -0.1458
vn -0.6535 0.7461 -0.1271
vn -0.6976 0.7003 -0.1514
vn -0.7668 0.6311 -0.1167
vn -0.0983 0.2330 -0.9675
vn -0.0467 0.2376 -0.9702
vn 0.0682 0.1674 -0.9835
vn 0.0182 0.1582 -0.9872
vn 0.0352 0.1966 -0.9799
vn -0.1169 0.2529 -0.9604
vn 0.2822 0.2287 -0.9317
vn 0.4672 0.3989 -0.7890
vn 0.2007 0.3694 -0.9073
vn 0.0113 0.3653 -0.9308
vn 0.1204 0.0835 -0.9892
vn 0.1112 0.1132 -0.9873
vn 0.1299 0.1377 -0.9819
vn 0.1609 0.1140 -0.9804
vn 0.1298 0.1243 -0.9837
vn 0.1488 0.1301 -0.9803
vn 0.1346 0.1398 -0.9810
vn 0.4043 0.3323 -0.8521
vn 0.2975 0.2936 -0.9085
vn 0.2662 0.2631 -0.9273
vn 0.0867 0.3250 -0.9417
vn 0.0453 0.2237 -0.9736
vn 0.5082 0.5581 -0.6559
vn 0.3904 0.5084 -0.7675
vn 0.1350 0.5259 -0.8398
vn -0.3026 0.5771 -0.7585
vn -0.3174 0.3899 -0.8644
vn -0.2863 0.3518 -0.8912
vn -0.5858 0.5062 -0.6330
vn -0.2683 0.3496 -0.8976
vn 0.0421 0.2045 -0.9780
vn -0.2555 0.3438 -0.9036
vn 0.0681 0.2137 -0.9745
vn 0.1575 0.1784 -0.9713
vn 0.5726 0.7096 -0.4106
vn 0.6149 0.7635 -0.1975
vn 0.6668 0.6922 -0.2760
vn 0.5799 0.5989 -0.5523
vn 0.6239 0.7812 0.0239
vn 0.6869 0.7267 0.0017
vn 0.7429 0.6649 -0.0776
vn 0.7296 0.6315 -0.2625
vn 0.6785 0.7346 -0.0043
vn 0.7375 0.6753 -0.0071
vn 0.7604 0.6494 0.0071
vn 0.7371 0.6230 -0.2619
vn 0.7036 0.5847 -0.4039
vn 0.6736 0.7388 -0.0187
vn 0.7310 0.6822 -0.0158
vn 0.7698 0.6382 -0.0089
vn 0.1336 0.3910 -0.9106
vn 0.2778 0.3616 -0.8900
vn 0.0137 0.4098 -0.9121
vn 0.3002 0.4340 -0.8494
vn 0.3648 0.5875 -0.7224
vn 0.6200 0.7845 0.0124
vn 0.6197 0.7848 -0.0096
vn 0.3374 0.6363 -0.6937
vn 0.3893 0.7176 -0.5775
vn 0.1542 0.1671 -0.9738
vn 0.1569 0.1566 -0.9751
vn 0.1158 0.2339 -0.9653
vn 0.2650 0.5231 -0.8100
vn -0.0126 -0.0039 -0.9999
vn -0.0618 -0.0960 -0.9935
vn -0.6099 0.4130 -0.6764
vn -0.4801 0.2981 -0.8250
vn -0.4980 0.3631 -0.7875
vn -0.6264 0.5066 -0.5924
vn 0.7727 0.4531 -0.4446
vn 0.5981 0.5140 -0.6149
vn 0.4150 0.4320 -0.8007
vn -0.5547 0.3753 -0.7426
vn -0.1340 0.3020 -0.9438
vn -0.3006 0.2371 -0.9238
vn -0.1673 0.1910 -0.9672
vn -0.6010 0.5706 -0.5596
vn -0.2711 0.3036 -0.9134
vn 0.6279 0.5835 -0.5150
vn 0.1010 0.1845 -0.9776
vn -0.0111 0.2493 -0.9684
vn 0.0522 0.9638 -0.2615
vn -0.5326 0.7838 -0.3193
vn -0.4222 0.8859 -0.1924
vn -0.2656 0.4713 -0.8411
vn -0.1759 0.6270 -0.7589
vn -0.1186 0.4320 -0.8940
vn -0.2187 0.3447 -0.9129
vn -0.3792 0.9199 -0.0997
vn -0.2398 0.3827 -0.8922
vn -0.5125 0.5750 -0.6377
vn -0.4975 0.6408 -0.5847
vn -0.5471 0.6530 -0.5238
vn -0.1949 0.3269 -0.9248
vn -0.2566 0.6761 -0.6907
vn -0.0212 0.4084 -0.9126
vn -0.0865 0.7533 -0.6520
vn 0.1096 0.5076 -0.8546
vn 0.6719 0.6753 -0.3043
vn 0.7211 0.6417 -0.2612
vn -0.4312 0.6112 -0.6637
vn -0.5134 0.5975 -0.6160
vn -0.3758 0.9218 -0.0948
vn -0.3661 0.9243 -0.1083
vn -0.4308 0.8973 -0.0966
vn -0.4118 0.9015 -0.1331
vn -0.4290 0.9011 -0.0639
vn -0.4572 0.8845 -0.0929
vn -0.4619 0.8850 -0.0580
vn -0.4061 0.9015 -0.1497
vn -0.4171 0.8617 -0.2891
vn -0.3817 0.8904 -0.2482
vn -0.3529 0.8031 -0.4802
vn -0.0484 0.4971 -0.8664
vn -0.1367 0.6110 -0.7797
vn -0.0417 0.4376 -0.8982
vn 0.0260 0.3736 -0.9272
vn 0.2430 0.4541 -0.8572
vn 0.2317 0.5049 -0.8315
vn 0.4088 0.5380 -0.7372
vn 0.4233 0.5464 -0.7227
vn 0.0537 0.2829 -0.9576
vn 0.2884 0.3827 -0.8777
vn 0.4295 0.5121 -0.7438
vn 0.6735 0.7388 -0.0217
vn 0.6148 0.7883 -0.0266
vn 0.4145 0.9090 -0.0443
vn 0.6324 0.7725 -0.0574
vn 0.2856 0.3579 -0.8890
vn 0.4647 0.4950 -0.7341
vn 0.7091 0.7050 0.0115
vn 0.7087 0.7055 0.0008
vn -0.0275 0.9996 0.0111
vn -0.3240 0.9457 0.0249
vn 0.2583 0.9654 -0.0349
vn 0.5045 0.8595 -0.0814
vn -0.4696 0.8828 0.0118
vn -0.4278 0.9036 0.0240
vn -0.4461 0.8932 -0.0567
vn -0.4070 0.9133 0.0166
vn -0.3175 0.9482 0.0133
vn -0.3627 0.9280 -0.0857
vn 0.2458 0.9244 -0.2915
vn 0.2763 0.9313 -0.2372
vn 0.3287 0.9082 -0.2590
vn 0.3174 0.8954 -0.3123
vn 0.3161 0.8776 -0.3605
vn 0.2286 0.9133 -0.3370
vn 0.0896 0.5850 -0.8061
vn 0.4533 0.8018 -0.3894
vn 0.4570 0.7733 -0.4396
vn 0.2136 0.4393 -0.8726
vn 0.1804 0.3564 -0.9167
vn 0.1450 0.2716 -0.9514
vn 0.3414 0.2333 -0.9105
vn 0.3275 0.1729 -0.9289
vn 0.3261 0.1326 -0.9360
vn 0.2819 0.1709 -0.9441
vn 0.0999 0.2588 -0.9607
vn 0.2703 0.1504 -0.9509
vn 0.3361 0.1203 -0.9341
vn 0.3823 0.1239 -0.9157
vn 0.3116 0.1478 -0.9386
vn 0.1047 0.2147 -0.9710
vn 0.2182 0.2013 -0.9549
vn 0.3029 0.2155 -0.9283
vn 0.2504 0.2558 -0.9337
vn 0.1651 0.3335 -0.9282
vn 0.0669 0.4075 -0.9108
vn -0.5986 0.6204 -0.5068
vn -0.5775 0.7132 -0.3973
vn -0.6122 0.6978 -0.3719
vn -0.5699 0.5660 -0.5957
vn -0.5327 0.6067 -0.5901
vn -0.4517 0.4228 -0.7856
vn -0.5421 0.5646 -0.6223
vn -0.5010 0.4311 -0.7504
vn -0.4430 0.2351 -0.8652
vn -0.5671 0.5000 -0.6545
vn -0.3196 0.2714 -0.9078
vn -0.2912 0.5440 -0.7869
vn -0.0937 0.3217 -0.9422
vn 0.1788 0.5467 -0.8180
vn 0.1051 0.3022 -0.9474
vn 0.3214 0.4506 -0.8328
vn 0.1676 0.2678 -0.9488
vn 0.1572 0.3644 -0.9179
vn 0.3126 0.3159 -0.8958
vn 0.2447 0.4355 -0.8663
vn -0.2008 0.4498 -0.8703
vn 0.3947 0.7050 -0.5893
vn 0.4192 0.5276 -0.7389
vn 0.3981 0.7219 -0.5660
vn 0.6219 0.7350 -0.2702
vn 0.4595 0.7627 -0.4551
vn -0.3186 0.4138 -0.8528
vn 0.6730 0.6829 -0.2839
vn 0.5778 0.7082 -0.4057
vn -0.3657 0.2603 -0.8936
vn 0.6445 0.6943 -0.3203
vn 0.5831 0.6843 -0.4378
vn -0.3360 0.1980 -0.9208
vn -0.3844 0.1487 -0.9111
vn -0.1967 0.2531 -0.9472
vn -0.3290 0.1478 -0.9327
vn -0.4553 0.0244 -0.8900
vn -0.3856 0.1063 -0.9165
vn -0.3272 0.0976 -0.9399
vn -0.2392 0.1561 -0.9583
vn -0.0796 0.2629 -0.9615
vn -0.0374 0.2291 -0.9727
vn -0.3210 0.0987 -0.9419
vn -0.0478 0.3347 -0.9411
vn -0.0337 0.3040 -0.9521
vn -0.0057 0.3906 -0.9205
vn -0.3143 0.3261 -0.8916
vn -0.0344 0.4818 -0.8756
vn 0.0209 0.4832 -0.8753
vn -0.3418 0.4870 -0.8038
vn -0.2080 0.7183 -0.6639
vn -0.5134 0.7915 -0.3315
vn -0.4987 0.8409 -0.2104
vn -0.3983 0.8747 -0.2762
vn -0.5011 0.8649 -0.0291
vn -0.4621 0.8855 -0.0478
vn -0.2433 0.9698 0.0190
vn -0.5364 0.8427 -0.0460
vn -0.5282 0.8485 -0.0320
vn -0.5677 0.7889 -0.2351
vn -0.5215 0.7916 -0.3183
vn -0.5500 0.8325 -0.0666
vn -0.5736 0.7151 -0.3995
vn -0.3919 0.5756 -0.7177
vn -0.4833 0.3258 -0.8126
vn -0.4350 0.1939 -0.8793
vn -0.2097 0.2916 -0.9333
vn -0.3740 0.0367 -0.9267
vn -0.1537 0.1946 -0.9688
vn -0.0602 0.2804 -0.9580
vn 0.2730 0.6923 -0.6679
vn 0.2704 0.6854 -0.6761
vn -0.2120 0.1824 -0.9601
vn -0.0906 0.2899 -0.9528
vn 0.3212 0.7184 -0.6171
vn 0.4221 0.8112 -0.4048
vn 0.4996 0.8589 -0.1127
vn 0.4365 0.8944 -0.0977
vn 0.4439 0.8847 -0.1420
vn 0.4425 0.7187 -0.5363
vn 0.5229 0.7679 -0.3700
vn 0.5970 0.7890 -0.1449
vn 0.5956 0.7957 -0.1098
vn 0.4995 0.8635 -0.0700
vn 0.7012 0.6915 -0.1737
vn 0.7417 0.6513 -0.1602
vn 0.7152 0.6851 -0.1385
vn 0.7474 0.6556 -0.1076
vn 0.7172 0.6635 -0.2130
vn 0.6833 0.6596 -0.3131
vn 0.7858 0.5734 -0.2317
vn 0.7409 0.5675 -0.3590
vn 0.6886 0.5460 -0.4772
vn 0.7595 0.4750 -0.4445
vn 0.5225 0.3888 -0.7589
vn 0.1556 0.2466 -0.9565
vn 0.3327 0.3504 -0.8755
vn 0.6116 0.4655 -0.6398
vn 0.5035 0.4725 -0.7233
vn 0.5342 0.5715 -0.6229
vn 0.4722 0.5024 -0.7243
vn 0.6362 0.6979 -0.3290
vn 0.6452 0.6487 -0.4036
vn 0.6721 0.7357 0.0841
vn 0.7157 0.6969 0.0459
vn 0.6014 0.6489 0.4661
vn 0.6197 0.6160 0.4863
vn 0.5312 0.5325 0.6590
vn 0.4742 0.4781 0.7393
vn 0.5682 0.4924 0.6593
vn 0.5509 0.5583 0.6204
vn 0.4507 0.5965 0.6641
vn 0.2990 0.7021 0.6463
vn 0.0669 0.6978 0.7132
vn -0.1922 0.6549 0.7309
vn -0.1667 0.7534 0.6361
vn -0.3987 0.6721 0.6239
vn -0.6382 0.6880 0.3453
vn -0.6030 0.7891 0.1172
vn -0.6134 0.7810 0.1174
vn -0.7119 0.6938 0.1088
vn -0.7594 0.6463 0.0747
vn -0.6965 0.6540 0.2953
vn -0.7084 0.6743 -0.2084
vn -0.7101 0.6569 0.2536
vn -0.7193 0.6655 -0.1994
vn -0.4878 0.6204 -0.6141
vn -0.5411 0.6130 -0.5757
vn -0.6386 0.5200 -0.5672
vn -0.3493 0.4775 -0.8062
vn -0.4330 0.3769 -0.8188
vn -0.4986 0.2268 -0.8366
vn -0.3151 0.2447 -0.9170
vn -0.4071 0.1581 -0.8996
vn -0.4583 0.2117 -0.8632
vn -0.2400 0.3159 -0.9179
vn -0.3057 0.5150 -0.8008
vn -0.1481 0.3535 -0.9236
vn -0.2293 0.5429 -0.8079
vn -0.0121 0.3909 -0.9204
vn -0.0695 0.5813 -0.8107
vn 0.2061 0.4499 -0.8690
vn 0.2041 0.6303 -0.7490
vn 0.5261 0.5215 -0.6718
vn 0.4471 0.3706 -0.8141
vn 0.8007 0.4896 -0.3452
vn 0.6974 0.5086 -0.5049
vn 0.4459 0.6292 -0.6366
vn 0.5411 0.6074 -0.5816
vn 0.2650 0.6673 -0.6961
vn 0.4648 0.6697 -0.5792
vn -0.0852 0.9188 -0.3853
vn -0.3323 0.8315 -0.4452
vn -0.2997 0.8466 -0.4397
vn -0.0876 0.9879 -0.1282
vn -0.4112 0.9026 0.1275
vn -0.3865 0.9132 0.1293
vn -0.0846 0.9913 0.1012
vn 0.0837 0.8057 0.5864
vn -0.2512 0.7117 -0.6560
vn -0.4683 0.7450 -0.4751
vn -0.4132 0.6265 -0.6609
vn -0.5582 0.6583 -0.5051
vn -0.4794 0.5977 -0.6426
vn -0.6124 0.6149 -0.4969
vn 0.4798 0.8440 -0.2397
vn 0.4136 0.8812 -0.2288
vn 0.4271 0.9027 -0.0523
vn 0.4355 0.8707 -0.2286
vn 0.3765 0.9264 -0.0046
vn 0.4239 0.8029 -0.4191
vn 0.3924 0.8277 -0.4012
vn 0.1364 0.4145 -0.8998
vn 0.1073 0.3741 -0.9212
vn 0.0917 0.4027 -0.9107
vn 0.1402 0.4602 -0.8767
vn 0.4413 0.7991 -0.4084
vn 0.1536 0.3626 -0.9192
vn 0.1388 0.3373 -0.9311
vn 0.1316 0.3171 -0.9392
vn 0.0806 0.3471 -0.9343
vn 0.0752 0.3600 -0.9299
vn 0.0841 0.4252 -0.9012
vn 0.0353 0.3484 -0.9367
vn -0.0701 0.5129 -0.8556
vn -0.0763 0.4168 -0.9058
vn 0.0404 0.4397 -0.8972
vn -0.1742 0.4866 -0.8561
vn 0.0064 0.4637 -0.8860
vn 0.1297 0.4583 -0.8793
vn 0.1413 0.4749 -0.8686
vn -0.2930 0.9557 -0.0273
vn -0.4676 0.8829 -0.0431
vn -0.3898 0.9209 -0.0070
vn -0.1901 0.9818 -0.0020
vn -0.0620 0.9981 -0.0071
vn -0.3011 0.9528 0.0385
vn -0.1275 0.9913 0.0319
vn 0.5797 0.8148 0.0093
vn 0.5957 0.8024 0.0351
vn 0.7489 0.6619 0.0341
vn 0.7102 0.7031 0.0354
vn 0.7690 0.6388 0.0243
vn 0.6986 0.7154 -0.0112
vn 0.7218 0.6912 0.0358
vn 0.1553 0.9830 0.0984
vn 0.0729 0.9971 0.0195
vn 0.6663 0.7457 0.0011
vn 0.4857 0.8741 0.0010
vn -0.2245 0.9701 -0.0925
vn 0.5747 0.8182 0.0187
vn 0.3250 0.9445 0.0483
vn -0.4573 0.8889 0.0268
vn -0.4906 0.8714 -0.0065
vn -0.5541 0.8324 0.0082
vn -0.5357 0.8424 -0.0582
vn -0.5603 0.8281 -0.0167
vn -0.5755 0.8155 -0.0611
vn -0.5257 0.8360 -0.1575
vn -0.5575 0.8097 -0.1832
vn -0.5519 0.7968 -0.2461
vn -0.4269 0.7989 -0.4237
vn -0.5226 0.7895 -0.3219
vn -0.4722 0.8663 -0.1629
vn -0.3934 0.7904 -0.4696
vn -0.3886 0.8989 -0.2025
vn -0.4319 0.8919 -0.1337
vn -0.4369 0.8981 -0.0498
vn -0.2463 0.9270 -0.2828
vn -0.3869 0.8682 -0.3107
vn -0.1144 0.9392 -0.3238
vn -0.4605 0.5965 -0.6574
vn 0.2350 0.6986 -0.6758
vn 0.1762 0.6385 -0.7492
vn 0.2294 0.6148 -0.7546
vn 0.2930 0.6257 -0.7230
vn -0.2564 0.4474 -0.8568
vn -0.2067 0.4438 -0.8719
vn -0.1086 0.3839 -0.9170
vn -0.1365 0.3495 -0.9270
vn -0.3280 0.4053 -0.8533
vn 0.1242 0.3379 -0.9330
vn -0.0358 0.6039 -0.7962
vn 0.0143 0.5574 -0.8301
vn -0.1048 0.5890 -0.8013
vn -0.2783 0.6683 -0.6899
vn 0.0733 0.6644 -0.7438
vn -0.1644 0.7037 -0.6912
vn -0.1006 0.6793 -0.7269
vn -0.2343 0.7530 -0.6149
vn -0.5065 0.8280 -0.2406
vn -0.4710 0.8039 -0.3632
vn -0.5247 0.8294 -0.1916
vn 0.4401 0.8979 0.0038
vn 0.7639 0.6449 0.0223
vn 0.7645 0.6446 -0.0086
vn 0.7388 0.6734 0.0269
vn 0.1445 0.9871 0.0686
vn -0.1860 0.9793 0.0804
vn -0.3400 0.9386 0.0588
vn -0.0970 0.9948 0.0314
vn 0.5678 0.8221 0.0423
vn -0.4886 0.8717 0.0378
vn -0.4111 0.9111 -0.0310
vn -0.3999 0.9163 0.0235
vn -0.3956 0.9173 0.0456
vn -0.2809 0.9586 0.0464
vn -0.2648 0.9642 0.0121
vn -0.5065 0.8615 0.0348
vn -0.4712 0.8820 0.0054
vn -0.2657 0.9639 0.0172
vn -0.4556 0.8894 0.0369
vn -0.4826 0.8758 -0.0066
vn -0.4766 0.8783 -0.0381
vn -0.4404 0.8976 -0.0185
vn -0.2633 0.5406 -0.7990
vn 0.1304 0.9911 -0.0253
vn -0.0737 0.9968 0.0301
vn -0.4181 0.9084 -0.0046
vn 0.6282 0.7770 -0.0397
vn 0.6138 0.7864 -0.0688
vn 0.5394 0.8252 -0.1676
vn 0.5830 0.8117 -0.0347
vn 0.6069 0.7930 -0.0526
vn 0.6575 0.7535 -0.0011
vn 0.5661 0.7748 -0.2816
vn 0.6301 0.7232 -0.2826
vn 0.6465 0.7593 -0.0735
vn 0.6911 0.7228 0.0051
vn 0.5973 0.7992 -0.0677
vn 0.6787 0.7281 -0.0958
vn 0.6661 0.7296 -0.1548
vn 0.5881 0.7997 -0.1211
vn 0.6912 0.7219 -0.0325
vn 0.6463 0.7627 -0.0244
vn 0.6474 0.7602 -0.0553
vn 0.5622 0.7903 -0.2437
vn 0.6619 0.6861 -0.3020
vn 0.6191 0.7318 -0.2848
vn 0.4866 0.8592 -0.1580
vn 0.5105 0.8581 -0.0549
vn 0.5695 0.5922 -0.5701
vn 0.5320 0.6325 -0.5629
vn 0.2181 0.3415 -0.9142
vn 0.3771 0.5823 -0.7202
vn 0.1695 0.3183 -0.9327
vn 0.2352 0.4624 -0.8549
vn 0.1032 0.1015 -0.9895
vn 0.0961 0.0968 -0.9906
vn 0.0896 0.1112 -0.9897
vn 0.0959 0.1388 -0.9857
vn 0.1157 0.1435 -0.9829
vn 0.2501 0.3178 -0.9146
vn 0.0823 0.0928 -0.9923
vn 0.0800 0.0977 -0.9920
vn 0.0794 0.0988 -0.9919
vn 0.0709 0.1089 -0.9915
vn 0.1171 0.1538 -0.9811
vn 0.0782 0.0950 -0.9924
vn 0.0725 0.0926 -0.9931
vn 0.0824 0.1099 -0.9905
vn 0.0745 0.0986 -0.9923
vn 0.0977 0.1591 -0.9824
vn 0.0822 0.1136 -0.9901
vn 0.1417 0.2777 -0.9502
vn 0.1101 0.1542 -0.9819
vn 0.1003 0.1274 -0.9868
vn 0.1073 0.1246 -0.9864
vn 0.1332 0.1901 -0.9727
vn 0.2612 0.3347 -0.9054
vn 0.5686 0.6015 -0.5612
vn 0.6431 0.6669 -0.3764
vn 0.4965 0.6925 -0.5234
vn 0.6292 0.6851 -0.3671
vn 0.5612 0.6952 -0.4492
vn 0.6176 0.6973 -0.3637
vn 0.4797 0.5896 -0.6498
vn 0.3877 0.5289 -0.7550
vn 0.2608 0.4221 -0.8683
vn 0.2556 0.4189 -0.8713
vn 0.3720 0.5163 -0.7714
vn 0.4471 0.5962 -0.6668
vn 0.5634 0.6710 -0.4821
vn 0.5752 0.7040 -0.4167
vn 0.5900 0.7179 -0.3694
vn 0.5291 0.6737 -0.5159
vn 0.5023 0.6208 -0.6019
vn 0.6501 0.5046 -0.5681
vn 0.4958 0.7208 -0.4844
vn 0.4407 0.5176 -0.7334
vn 0.6470 0.4022 -0.6478
vn 0.5224 0.7766 -0.3521
vn 0.4826 0.8311 -0.2762
vn 0.5229 0.8027 -0.2867
vn 0.4028 0.5856 0.7034
vn 0.4515 0.7424 0.4950
vn 0.5116 0.7174 0.4730
vn 0.4576 0.6107 0.6463
vn 0.5906 0.7201 0.3643
vn 0.5939 0.7626 0.2564
vn 0.5886 0.7316 0.3439
vn 0.4787 0.6607 0.5782
vn 0.5536 0.6873 0.4703
vn 0.3213 0.5236 0.7890
vn 0.3800 0.5343 0.7550
vn 0.3250 0.4886 0.8097
vn 0.2379 0.3870 0.8909
vn 0.4164 0.5203 0.7456
vn 0.4047 0.4897 0.7723
vn 0.4807 0.6260 0.6141
vn 0.5118 0.5906 0.6239
vn 0.5275 0.7292 0.4359
vn 0.5276 0.7292 0.4358
vn 0.7813 0.6240 0.0135
vn 0.7510 0.6585 0.0490
vn 0.6450 0.7490 0.1517
vn 0.6449 0.7490 0.1519
vn 0.5750 0.7635 0.2941
vn 0.8168 0.5770 -0.0010
vn 0.8127 0.5825 0.0138
vn 0.7929 0.6043 0.0778
vn 0.7910 0.6060 0.0842
vn 0.2593 0.2341 0.9370
vn 0.0785 0.1122 0.9906
vn 0.0855 0.1235 0.9887
vn 0.0763 0.0999 0.9921
vn 0.0696 0.0980 0.9928
vn 0.0734 0.0925 0.9930
vn 0.0692 0.0957 0.9930
vn 0.0750 0.0998 0.9922
vn 0.0861 0.1185 0.9892
vn 0.1225 0.2003 0.9721
vn 0.1877 0.2549 0.9486
vn 0.3084 0.4101 0.8583
vn 0.3368 0.5666 0.7520
vn 0.3315 0.3987 0.8551
vn 0.1702 0.3024 0.9379
vn 0.1430 0.2067 0.9679
vn 0.2005 0.3194 0.9262
vn 0.4417 0.8609 0.2523
vn 0.4573 0.8590 0.2301
vn 0.4659 0.8752 0.1301
vn 0.4481 0.8815 0.1490
vn 0.3955 0.9100 0.1245
vn 0.3992 0.8896 0.2220
vn 0.4746 0.8793 0.0394
vn 0.4500 0.8911 0.0589
vn 0.3781 0.9235 0.0649
vn 0.4799 0.8746 0.0693
vn 0.4707 0.8693 0.1506
vn 0.6142 0.7338 0.2903
vn 0.8659 0.3920 0.3109
vn 0.5204 0.8401 0.1529
vn 0.6010 0.7614 0.2429
vn 0.8298 0.5313 0.1706
vn 0.9212 0.3837 0.0639
vn 0.5975 0.8005 0.0464
vn 0.5414 0.8367 0.0829
vn 0.5112 0.8491 0.1334
vn 0.4959 0.8379 0.2280
vn 0.5594 0.7892 0.2536
vn 0.5300 0.7802 0.3322
vn 0.7347 0.0308 0.6777
vn 0.7106 -0.0893 0.6979
vn 0.9243 0.0209 0.3811
vn 0.4586 0.8778 0.1382
vn 0.5070 0.8571 0.0918
vn 0.5160 0.8562 0.0258
vn 0.6609 0.7503 0.0185
vn 0.5213 0.8481 0.0948
vn 0.6646 0.7393 0.1083
vn 0.5268 0.8322 0.1730
vn 0.6671 0.7077 0.2328
vn 0.2580 0.2813 0.9243
vn 0.2373 0.3289 0.9141
vn 0.1758 0.2210 0.9593
vn 0.1825 0.1978 0.9631
vn 0.0926 0.0945 0.9912
vn 0.0961 0.1084 0.9895
vn 0.0691 0.1340 0.9886
vn 0.0881 0.1071 0.9903
vn 0.0648 0.1436 0.9875
vn 0.0916 0.1177 0.9888
vn 0.0703 0.1727 0.9825
vn 0.1374 0.1661 0.9765
vn 0.1135 0.1454 0.9828
vn 0.2218 0.3334 0.9163
vn 0.0893 0.1004 0.9909
vn 0.0825 0.0988 0.9917
vn 0.0940 0.1346 0.9864
vn 0.0866 0.0915 0.9920
vn 0.0786 0.0889 0.9929
vn 0.0797 0.0883 0.9929
vn 0.1081 0.1826 0.9772
vn 0.1386 0.2809 0.9497
vn 0.2133 0.4186 0.8828
vn 0.2358 0.5632 0.7920
vn 0.3916 0.6225 0.6776
vn 0.3138 0.7224 0.6162
vn 0.4773 0.7796 0.4055
vn 0.3053 0.7847 0.5395
vn 0.4215 0.7599 0.4949
vn 0.6083 0.6491 0.4568
vn 0.1620 0.5456 0.8222
vn 0.4364 0.6252 0.6471
vn 0.5103 0.6723 0.5363
vn 0.6772 0.6139 0.4057
vn -0.1960 0.5215 0.8305
vn -0.0875 0.3896 0.9168
vn -0.1022 0.4056 0.9083
vn -0.2597 0.5503 0.7935
vn -0.3843 0.6241 0.6803
vn -0.3182 0.6501 0.6901
vn -0.0965 0.4225 0.9012
vn -0.3146 0.5390 0.7814
vn -0.4578 0.5896 0.6654
vn -0.2300 0.5797 0.7817
vn -0.4245 0.6041 0.6744
vn -0.6440 0.7403 -0.1927
vn -0.5653 0.7815 -0.2641
vn -0.5488 0.7906 -0.2715
vn -0.6458 0.7377 -0.1967
vn -0.3181 0.5551 -0.7685
vn -0.0660 0.5659 -0.8218
vn -0.1641 0.5600 -0.8121
vn -0.2816 0.6207 -0.7317
vn -0.3202 0.5231 -0.7899
vn 0.4179 0.6016 -0.6808
vn 0.4518 0.6035 -0.6571
vn 0.2939 0.5550 -0.7782
vn 0.3285 0.6581 -0.6775
vn 0.5302 0.6388 -0.5574
vn 0.4872 0.6453 -0.5883
vn 0.5126 0.7114 -0.4807
vn 0.4085 0.6596 -0.6309
vn 0.6200 0.6974 -0.3594
vn 0.5368 0.7117 -0.4530
vn 0.6142 0.7225 -0.3175
vn 0.6029 0.7688 -0.2134
vn 0.5884 0.7395 -0.3270
vn 0.6695 0.7411 -0.0505
vn 0.5952 0.8033 0.0207
vn 0.6360 0.7349 0.2353
vn 0.5422 0.7131 0.4444
vn 0.4596 0.6407 0.6151
vn 0.4178 0.6480 0.6368
vn 0.4708 0.6083 0.6390
vn 0.3721 0.5773 0.7268
vn 0.3250 0.5464 0.7719
vn 0.3994 0.5688 0.7190
vn 0.0795 0.4207 0.9037
vn 0.2864 0.5070 0.8130
vn -0.0338 0.3465 0.9374
vn 0.1791 0.4798 0.8589
vn 0.2428 0.6722 0.6994
vn 0.3249 0.7464 0.5808
vn 0.3384 0.7137 0.6133
vn 0.1082 0.5312 0.8403
vn 0.4305 0.6172 0.6586
vn 0.1086 0.5462 0.8306
vn 0.5839 0.6377 0.5024
vn 0.4724 0.6627 -0.5811
vn 0.2997 0.5102 -0.8062
vn 0.3527 0.5661 -0.7450
vn 0.3087 0.4883 -0.8163
vn 0.2615 0.4889 -0.8322
vn 0.0614 0.4719 -0.8795
vn 0.1391 0.4768 -0.8680
vn 0.0422 0.4586 -0.8876
vn 0.0577 0.6360 -0.7695
vn 0.1074 0.4863 -0.8672
vn 0.5051 0.6657 -0.5493
vn -0.2431 0.6579 -0.7128
vn 0.5567 0.6284 -0.5433
vn 0.6701 0.6246 -0.4010
vn 0.7378 0.6108 -0.2874
vn 0.7304 0.5832 -0.3554
vn 0.7456 0.6054 -0.2784
vn 0.6029 0.7466 -0.2811
vn 0.5916 0.5665 -0.5736
vn 0.4281 0.7949 -0.4299
vn 0.5045 0.7426 -0.4406
vn 0.4937 0.6180 -0.6119
vn 0.2166 0.6032 -0.7676
vn 0.4169 0.6117 -0.6723
vn 0.5715 0.6555 -0.4937
vn 0.2939 0.6898 -0.6617
vn 0.5356 0.7339 -0.4177
vn 0.0385 0.6326 -0.7735
vn 0.0598 0.6373 -0.7683
vn -0.1007 0.6301 -0.7700
vn -0.2626 0.7415 -0.6174
vn -0.2605 0.7725 -0.5792
vn -0.3314 0.8346 -0.4400
vn -0.3451 0.8182 -0.4598
vn -0.4424 0.8725 0.2075
vn -0.4061 0.9034 0.1379
vn -0.3686 0.8764 0.3100
vn -0.3961 0.8300 0.3927
vn -0.2494 0.7699 0.5875
vn -0.2577 0.6979 0.6683
vn -0.0840 0.7105 0.6987
vn 0.0662 0.6193 0.7824
vn 0.3805 0.6993 0.6051
vn 0.3088 0.7799 0.5444
vn 0.4701 0.5949 0.6520
vn 0.2374 0.5746 0.7832
vn 0.5118 0.6215 0.5931
vn 0.6152 0.6795 0.3997
vn 0.6055 0.6367 0.4776
vn -0.4128 0.8798 0.2357
vn -0.3191 0.7894 0.5244
vn -0.4703 0.8663 0.1682
vn -0.4335 0.7383 0.5167
vn -0.4774 0.8744 0.0862
vn -0.4991 0.6642 0.5566
vn -0.5390 0.4769 0.6943
vn -0.5430 0.3892 0.7441
vn -0.5515 0.4535 0.7001
vn -0.4065 0.4211 0.8108
vn -0.4870 0.3924 0.7803
vn -0.4715 0.8403 -0.2677
vn -0.4451 0.7739 -0.4505
vn -0.4480 0.7099 -0.5434
vn -0.4788 0.5872 -0.6526
vn -0.4621 0.5273 -0.7130
vn -0.5338 0.4907 -0.6887
vn -0.5244 0.4518 -0.7217
vn 0.0854 0.8192 -0.5671
vn 0.0861 0.8195 -0.5666
vn -0.5730 0.4352 -0.6945
vn -0.5722 0.4141 -0.7079
vn -0.3212 0.7847 -0.5301
vn -0.4232 0.8858 -0.1904
vn 0.2761 0.3810 -0.8824
vn 0.2600 0.2705 -0.9270
vn 0.1009 0.1446 -0.9843
vn 0.0701 0.2194 -0.9731
vn 0.4049 0.3771 -0.8329
vn 0.3823 0.5020 -0.7758
vn 0.1921 0.2351 -0.9528
vn 0.7035 0.5616 -0.4355
vn 0.4949 0.7127 -0.4972
vn 0.2891 0.6902 -0.6633
vn 0.2050 0.4418 -0.8733
vn 0.4200 0.7515 -0.5088
vn 0.3245 0.7748 -0.5425
vn 0.3450 0.5338 -0.7720
vn 0.2324 0.6293 -0.7416
vn 0.3570 0.7227 -0.5919
vn 0.3894 0.6038 -0.6955
vn 0.1275 0.2166 -0.9679
vn 0.0916 0.1187 -0.9887
vn 0.1054 0.1173 -0.9875
vn 0.0831 0.0963 -0.9919
vn 0.0914 0.0964 -0.9911
vn 0.0805 0.1216 -0.9893
vn 0.0900 0.0917 -0.9917
vn 0.0796 0.1158 -0.9901
vn 0.0380 0.1708 -0.9846
vn 0.0414 0.1855 -0.9818
vn -0.0177 0.2474 -0.9687
vn 0.0420 0.1694 -0.9847
vn -0.0712 0.2098 -0.9752
vn -0.2396 0.2939 -0.9253
vn -0.0897 0.4268 -0.8999
vn -0.3814 0.4659 -0.7984
vn -0.1235 0.6519 -0.7482
vn -0.0985 0.2480 -0.9637
vn 0.0658 0.2506 -0.9658
vn 0.0821 0.3838 -0.9197
vn -0.0879 0.3047 -0.9484
vn 0.4386 0.8029 -0.4037
vn 0.1042 0.6098 -0.7856
vn 0.4986 0.5675 -0.6552
vn 0.0932 0.1210 -0.9883
vn 0.1060 0.1278 -0.9861
vn 0.7480 0.5814 -0.3200
vn -0.4419 0.8401 -0.3147
vn -0.3943 0.6169 0.6812
vn 0.3091 0.2944 0.9043
vn 0.9112 0.2310 -0.3411
vn 0.8892 0.3584 -0.2845
vn 0.7962 0.2905 -0.5308
vn 0.9977 0.0351 -0.0574
vn 0.9914 0.1036 -0.0803
vn 0.9887 0.1156 -0.0955
vn 0.9059 0.3221 -0.2750
vn 0.9757 0.0854 -0.2018
vn 0.9313 0.1442 -0.3345
vn 0.9980 0.0464 0.0436
vn 1.0000 -0.0026 -0.0050
vn 0.9454 0.2259 0.2350
vn 0.9689 0.1707 0.1790
vn 0.9950 0.0812 0.0577
vn 0.9650 0.1024 0.2413
vn 0.9878 0.1091 0.1111
vn 0.9465 0.3213 0.0312
vn 0.7316 0.6807 0.0381
vn 0.8901 0.4557 -0.0088
vn 0.9494 0.3139 -0.0100
vn 0.5199 0.8540 -0.0180
vn 0.4146 0.9091 0.0408
vn 0.4006 0.9160 -0.0210
vn 0.5336 0.8438 0.0573
vn 0.5211 0.8530 -0.0291
vn 0.4847 0.8599 -0.1604
vn 0.8283 0.5592 -0.0350
vn 0.7898 0.5928 -0.1575
vn 0.7554 0.6084 -0.2432
vn 0.4516 0.8549 -0.2554
vn 0.2725 0.5285 -0.8040
vn 0.4664 0.4283 -0.7740
vn 0.3118 0.3351 -0.8891
vn 0.5926 0.3459 -0.7275
vn 0.4161 0.2792 -0.8654
vn 0.1951 0.1972 -0.9608
vn 0.1400 0.2283 -0.9635
vn 0.3497 0.2684 -0.8976
vn 0.3058 0.4160 -0.8564
vn 0.5124 0.3364 -0.7901
vn 0.5599 0.6923 -0.4552
vn 0.5529 0.7257 -0.4095
vn 0.8157 0.4470 -0.3672
vn 0.7130 0.3855 -0.5857
vn 0.6087 0.7877 -0.0949
vn 0.5623 0.8113 -0.1602
vn 0.8411 0.4915 -0.2258
vn 0.9308 0.2349 -0.2801
vn 0.8851 0.2612 -0.3853
vn 0.9064 0.2020 -0.3710
vn 0.6480 0.2241 -0.7280
vn 0.3225 0.1877 -0.9278
vn 0.1378 0.1517 -0.9788
vn 0.1320 0.1257 -0.9832
vn 0.0831 0.1365 -0.9872
vn 0.0908 0.2168 -0.9720
vn 0.0995 0.1757 -0.9794
vn 0.0687 0.1267 -0.9896
vn 0.2495 0.4842 -0.8386
vn 0.1245 0.2095 -0.9699
vn 0.3389 0.3619 -0.8684
vn 0.4413 0.6039 -0.6638
vn 0.4295 0.4574 -0.7786
vn 0.8267 0.5615 -0.0361
vn 0.8225 0.5650 -0.0648
vn 0.3740 0.8579 -0.3523
vn 0.3977 0.9081 -0.1308
vn 0.4220 0.8982 -0.1231
vn 0.4020 0.8650 -0.3003
vn 0.5139 0.8578 -0.0040
vn 0.5027 0.8555 -0.1243
vn 0.5908 0.7004 -0.4006
vn 0.4458 0.8405 -0.3079
vn 0.5380 0.6774 -0.5017
vn 0.4431 0.5091 -0.7379
vn 0.4378 0.4917 -0.7528
vn 0.7073 0.6845 -0.1766
vn 0.6189 0.7735 -0.1368
vn 0.7258 0.6816 -0.0931
vn 0.7128 0.6971 -0.0771
vn 0.7310 0.6810 -0.0424
vn 0.7271 0.6825 -0.0737
vn 0.4397 0.6581 -0.6112
vn 0.2289 0.4376 -0.8695
vn 0.3710 0.5374 -0.7573
vn 0.1606 0.2368 -0.9582
vn 0.1765 0.3506 -0.9197
vn 0.1476 0.1729 -0.9738
vn 0.3060 0.4782 -0.8232
vn 0.5426 0.5993 -0.5886
vn 0.6047 0.7160 -0.3489
vn 0.5506 0.7116 -0.4364
vn 0.5712 0.8017 -0.1763
vn 0.5184 0.7801 -0.3504
vn 0.4249 0.8283 -0.3652
vn 0.2794 0.7126 -0.6436
vn 0.2535 0.7875 -0.5618
vn 0.0976 0.6740 -0.7323
vn 0.1617 0.5448 -0.8229
vn 0.0376 0.6074 -0.7935
vn 0.0945 0.5139 -0.8526
vn 0.1817 0.4340 -0.8824
vn 0.2731 0.4617 -0.8440
vn 0.0064 0.2729 -0.9620
vn 0.2423 0.0248 -0.9699
vn 0.6511 -0.2612 -0.7127
vn 0.4795 -0.3288 -0.8136
vn 0.5987 -0.3325 -0.7286
vn 0.5630 -0.4784 -0.6739
vn 0.7050 -0.5104 -0.4923
vn 0.7782 -0.6230 -0.0788
vn 0.7971 -0.5813 -0.1635
vn 0.8113 -0.5079 -0.2895
vn 0.7641 -0.4241 -0.4861
vn 0.8325 -0.4429 -0.3329
vn 0.7243 -0.3061 -0.6178
vn 0.4122 -0.0954 -0.9061
vn 0.4081 -0.0933 -0.9081
vn 0.5733 -0.2258 -0.7876
vn 0.8382 -0.4630 -0.2881
vn 0.7939 -0.4366 -0.4231
vn 0.3642 -0.1307 -0.9221
vn 0.3689 -0.1419 -0.9186
vn 0.7699 -0.4058 -0.4925
vn 0.8325 -0.4831 -0.2713
vn 0.7050 -0.4292 -0.5646
vn 0.7241 -0.3642 -0.5857
vn 0.8386 -0.5435 -0.0362
vn 0.8403 -0.5366 -0.0769
vn 0.8344 -0.5493 -0.0457
vn 0.8826 -0.4383 -0.1700
vn 0.8197 -0.5495 -0.1615
vn 0.9421 -0.2656 -0.2047
vn 0.8446 -0.2709 -0.4619
vn 0.8163 -0.5582 -0.1484
vn 0.6372 -0.1789 -0.7497
vn 0.8653 0.0647 -0.4970
vn 0.6859 -0.0410 -0.7265
vn 0.7005 -0.2978 -0.6486
vn 0.8247 -0.4484 -0.3447
vn 0.1396 0.2822 -0.9492
vn 0.2682 0.2214 -0.9376
vn 0.6257 0.2334 -0.7443
vn 0.2943 0.2263 -0.9285
vn 0.1247 0.3069 -0.9435
vn 0.0936 0.3368 -0.9369
vn 0.1604 0.3585 -0.9197
vn 0.1868 0.3825 -0.9049
vn 0.5891 0.0942 -0.8025
vn 0.3636 0.1223 -0.9235
vn 0.2902 0.2416 -0.9259
vn 0.3242 0.4249 -0.8452
vn 0.4961 0.0672 -0.8657
vn 0.4729 0.1589 -0.8667
vn 0.4806 0.4771 -0.7358
vn 0.2290 0.2912 -0.9289
vn 0.3105 0.3853 -0.8690
vn 0.4154 0.7724 -0.4804
vn 0.4248 0.2414 -0.8725
vn 0.5615 0.2550 -0.7872
vn 0.2298 0.2593 -0.9381
vn 0.1588 0.2131 -0.9640
vn 0.1175 0.2126 -0.9700
vn 0.1247 0.1916 -0.9735
vn 0.1027 0.1967 -0.9751
vn 0.1724 0.2131 -0.9617
vn 0.1913 0.2068 -0.9595
vn 0.2770 0.2155 -0.9364
vn 0.2469 0.2323 -0.9408
vn 0.2061 0.0195 -0.9783
vn 0.2975 0.0705 -0.9521
vn 0.8306 0.0151 -0.5566
vn 0.8594 -0.0348 -0.5101
vn 0.9186 -0.0339 -0.3937
vn 0.9038 -0.0163 -0.4277
vn 0.9646 -0.0079 -0.2635
vn 0.9590 -0.0051 -0.2832
vn 0.9696 0.0125 -0.2444
vn 0.9650 0.0180 -0.2617
vn -0.0189 0.4559 -0.8898
vn 0.0123 0.4333 -0.9012
vn -0.0530 0.4632 -0.8847
vn -0.0764 0.4615 -0.8839
vn 0.0695 0.3910 -0.9178
vn -0.0101 0.3572 -0.9340
vn 0.1191 0.3697 -0.9215
vn 0.0086 0.2535 -0.9673
vn -0.0888 0.1456 -0.9854
vn 0.9721 -0.0029 -0.2344
vn 0.9685 -0.0254 -0.2479
vn 0.9698 -0.0351 -0.2414
vn 0.9730 -0.0123 -0.2306
vn 0.9282 -0.0503 -0.3686
vn 0.9446 -0.0650 -0.3216
vn 0.8813 -0.0512 -0.4697
vn 0.8910 -0.0645 -0.4495
vn 0.4835 -0.8443 -0.2310
vn 0.2482 -0.9116 -0.3278
vn 0.1648 -0.9781 -0.1272
vn 0.2272 -0.9693 -0.0942
vn 0.4510 -0.8813 -0.1408
vn 0.0201 -0.9997 -0.0156
vn 0.0134 -0.9999 -0.0087
vn 0.0580 -0.9838 -0.1699
vn 0.0128 -0.9993 -0.0340
vn 0.0091 -0.9997 0.0207
vn 0.0746 -0.9968 0.0283
vn -0.0136 -0.9998 -0.0112
vn -0.0176 -0.9998 0.0052
vn 0.0433 -0.9973 0.0594
vn -0.0062 -0.9990 -0.0443
vn -0.0144 -0.9994 -0.0325
vn -0.0270 -0.9995 -0.0144
vn 0.1516 -0.8392 -0.5222
vn 0.1811 -0.2235 -0.9577
vn 0.3016 -0.0152 -0.9533
vn 0.8456 -0.5306 -0.0577
vn 0.8993 -0.4318 -0.0693
vn 0.8889 -0.4508 -0.0812
vn 0.8675 -0.4938 -0.0598
vn 0.2234 -0.9742 0.0334
vn 0.8114 -0.5788 -0.0817
vn 0.8967 -0.4330 -0.0919
vn 0.9712 -0.1454 -0.1886
vn 0.7952 -0.5977 -0.1018
vn 0.8962 -0.4273 -0.1195
vn 0.9772 -0.0949 -0.1900
vn 0.8086 0.2177 -0.5466
vn 0.1462 0.1878 -0.9713
vn 0.1463 0.2000 -0.9688
vn 0.6591 0.3083 -0.6859
vn 0.8590 -0.5067 -0.0735
vn 0.6891 -0.7232 -0.0462
vn 0.1987 -0.9800 -0.0050
vn 0.6451 -0.7295 -0.2275
vn 0.2838 -0.9564 -0.0687
vn 0.0243 -0.9997 -0.0023
vn 0.3000 -0.9513 -0.0708
vn 0.0755 -0.9971 -0.0044
vn -0.0506 -0.9978 0.0439
vn -0.0238 -0.9995 0.0200
vn 0.4169 -0.9080 -0.0422
vn 0.1395 -0.9902 0.0033
vn -0.0705 -0.9944 0.0792
vn 0.3404 -0.9288 -0.1467
vn 0.0553 -0.9972 -0.0499
vn 0.5171 -0.5740 -0.6349
vn 0.6677 -0.7080 -0.2301
vn 0.6253 -0.6330 -0.4564
vn 0.0292 -0.9749 -0.2205
vn -0.0220 -0.9934 -0.1123
vn 0.6184 -0.7814 -0.0841
vn 0.6954 -0.6861 -0.2138
vn 0.7020 -0.7082 -0.0754
vn 0.5859 -0.7695 -0.2541
vn 0.6749 -0.5384 -0.5046
vn 0.6371 -0.5518 -0.5382
vn 0.6621 -0.4744 -0.5801
vn 0.8437 -0.5345 -0.0505
vn 0.7521 -0.6492 -0.1133
vn 0.8089 -0.5380 -0.2370
vn 0.7380 -0.6702 -0.0793
vn 0.4000 -0.2183 -0.8901
vn 0.7284 -0.6830 -0.0540
vn 0.7167 -0.6850 -0.1311
vn 0.3637 -0.5388 -0.7599
vn 0.4923 -0.5534 -0.6718
vn 0.5015 -0.5502 -0.6677
vn 0.2515 -0.4004 -0.8812
vn 0.1989 -0.3565 -0.9129
vn 0.2620 -0.4127 -0.8724
vn 0.0901 -0.1526 -0.9842
vn 0.0719 -0.3439 -0.9362
vn -0.1433 -0.8882 -0.4364
vn -0.0788 -0.9637 -0.2552
vn -0.0438 -0.9892 -0.1398
vn -0.1124 -0.9387 -0.3258
vn 0.2183 -0.2670 -0.9386
vn -0.0066 -0.9867 -0.1625
vn 0.0005 -0.9999 -0.0137
vn 0.0062 -0.7919 -0.6106
vn -0.0036 -0.8814 -0.4724
vn -0.0153 -0.9929 -0.1176
vn -0.0028 -0.9991 -0.0423
vn -0.0096 -0.1408 -0.9900
vn 0.1292 -0.0016 -0.9916
vn -0.0127 0.0336 -0.9994
vn -0.0090 -0.1137 -0.9935
vn -0.0024 -0.4925 -0.8703
vn 0.0224 -0.6771 -0.7356
vn 0.0318 -0.7286 -0.6842
vn -0.0020 0.3111 -0.9504
vn 0.1190 0.3364 -0.9342
vn 0.1134 0.1755 -0.9779
vn 0.1676 0.6377 -0.7518
vn 0.4975 0.8062 -0.3203
vn 0.6382 0.7415 -0.2071
vn 0.5820 0.8053 -0.1125
vn 0.6854 0.7269 -0.0421
vn 0.9761 0.2169 -0.0142
vn 0.9944 -0.0911 -0.0535
vn 0.9797 0.1983 -0.0306
vn 0.9793 0.2003 -0.0288
vn 0.6832 -0.7300 -0.0192
vn 0.8603 -0.5056 -0.0653
vn 0.6401 -0.7682 -0.0148
vn -0.0025 -1.0000 -0.0073
vn 0.1214 -0.9917 0.0433
vn 0.0303 -0.9995 0.0085
vn -0.0022 -0.9999 -0.0166
vn -0.0016 -0.9996 -0.0299
vn -0.0091 -0.9997 -0.0207
vn 0.0008 -1.0000 -0.0076
vn 0.3914 -0.8990 -0.1966
vn 0.8208 0.1633 -0.5474
vn 0.1685 -0.9486 -0.2677
vn 0.9640 -0.2335 -0.1275
vn 0.0698 -0.7129 -0.6978
vn 0.2204 -0.0962 -0.9706
vn 0.8875 -0.4376 -0.1443
vn 0.1250 0.1538 -0.9802
vn 0.1397 0.1647 -0.9764
vn 0.1623 0.3063 -0.9380
vn 0.3187 0.2442 -0.9158
vn 0.2242 0.2347 -0.9459
vn 0.2912 0.2801 -0.9147
vn 0.4911 0.2945 -0.8198
vn 0.8749 0.4253 -0.2315
vn 0.8701 0.4766 -0.1261
vn 0.9068 0.3951 -0.1473
vn 0.8979 0.4203 -0.1310
vn 0.8811 0.4321 -0.1921
vn 0.9197 0.3889 -0.0548
vn 0.9121 0.4045 -0.0660
vn 0.9168 0.3961 -0.0508
vn 0.9099 0.4093 -0.0674
vn 0.3499 0.2253 -0.9093
vn 0.4106 0.2268 -0.8832
vn 0.2880 0.2069 -0.9350
vn 0.2685 0.1910 -0.9441
vn 0.2001 0.1920 -0.9608
vn 0.1827 0.1632 -0.9695
vn 0.1771 0.1358 -0.9748
vn 0.3558 0.2960 -0.8864
vn 0.4922 0.3738 -0.7861
vn 0.8271 0.4855 -0.2831
vn 0.8657 0.4492 -0.2209
vn 0.8809 0.4523 -0.1396
vn 0.8480 0.5012 -0.1722
vn 0.8920 0.4509 -0.0316
vn 0.8546 0.5178 -0.0399
vn 0.8537 0.5137 -0.0851
vn 0.8524 0.5226 0.0156
vn 0.8502 0.5259 0.0235
vn 0.8581 0.5129 0.0251
vn 0.8696 0.4619 -0.1744
vn 0.9362 -0.2934 -0.1934
vn 0.9506 -0.3041 0.0620
vn 0.8275 -0.5598 0.0434
vn 0.9083 -0.3316 0.2550
vn 0.8163 -0.5262 0.2380
vn 0.8769 -0.3571 0.3217
vn 0.7715 -0.5914 0.2346
vn 0.4294 -0.8780 0.2114
vn 0.8801 0.4134 0.2333
vn 0.8623 0.4815 0.1569
vn 0.8587 0.4247 0.2869
vn 0.8684 0.3538 0.3474
vn 0.4866 0.3213 0.8124
vn 0.5621 0.4010 0.7234
vn 0.3838 0.3025 0.8725
vn 0.3386 0.2350 0.9111
vn 0.8498 0.5162 0.1069
vn 0.8410 0.5071 0.1885
vn 0.8798 0.4614 0.1140
vn 0.8673 0.4629 0.1832
vn 0.8905 0.4544 0.0234
vn 0.8311 0.5540 0.0481
vn 0.8047 0.5703 0.1648
vn 0.5105 0.8363 0.1999
vn 0.4490 0.8365 0.3141
vn 0.7727 0.5862 0.2434
vn 0.5593 0.3654 0.7441
vn 0.3783 0.2897 0.8792
vn 0.1962 0.2082 0.9582
vn 0.1864 0.1786 0.9661
vn 0.2414 0.2336 0.9419
vn 0.2062 0.1808 0.9616
vn 0.1980 0.1616 0.9668
vn 0.1858 0.1534 0.9705
vn 0.2149 0.1275 0.9683
vn 0.7205 0.4333 0.5415
vn 0.7332 0.4334 0.5240
vn 0.8560 0.4287 0.2890
vn 0.7206 0.4344 0.5404
vn 0.7698 0.2710 0.5780
vn 0.7825 0.2143 0.5846
vn 0.2424 -0.0622 0.9682
vn 0.8025 0.0707 0.5925
vn 0.2549 -0.4163 0.8727
vn 0.6667 -0.5984 0.4444
vn 0.3032 -0.9274 0.2190
vn 0.9236 0.3793 0.0546
vn 0.9169 0.3934 0.0665
vn 0.9297 0.3622 0.0676
vn 0.9189 0.3909 0.0530
vn 0.9041 0.4081 0.1270
vn 0.9016 0.3829 0.2012
vn 0.8719 0.4045 0.2759
vn 0.8113 0.5238 0.2596
vn 0.8259 0.5603 0.0638
vn 0.7681 0.4013 0.4989
vn 0.7543 0.4821 0.4458
vn 0.6434 0.7560 0.1207
vn 0.5537 0.8104 0.1916
vn 0.7800 0.6150 0.1156
vn 0.6673 0.6858 0.2906
vn 0.7635 0.5210 0.3816
vn 0.5856 0.7919 0.1734
vn 0.6341 0.6140 0.4700
vn 0.7057 0.3966 0.5872
vn 0.2462 0.2778 0.9286
vn 0.2522 0.3015 0.9195
vn 0.2476 0.2096 0.9459
vn 0.8860 0.3114 0.3435
vn 0.8722 0.2754 0.4043
vn 0.5493 0.2656 0.7922
vn 0.6718 0.3525 0.6514
vn 0.4875 0.8286 0.2753
vn 0.3757 0.6654 0.6451
vn 0.2543 0.6723 0.6952
vn 0.2126 0.5919 0.7775
vn 0.8808 0.3730 0.2918
vn 0.6307 0.1642 0.7585
vn 0.3847 0.2711 0.8823
vn 0.2838 0.2254 0.9320
vn 0.2548 0.1576 0.9541
vn 0.3441 0.0937 0.9342
vn 0.7041 0.0174 0.7099
vn -0.0774 -0.9964 0.0353
vn 0.0963 -0.9919 0.0830
vn 0.2401 -0.9682 0.0699
vn 0.1244 0.1429 0.9819
vn 0.0753 -0.9958 0.0529
vn 0.1265 0.1436 0.9815
vn 0.0036 -0.9998 0.0195
vn 0.0072 -0.9999 0.0107
vn 0.0011 -1.0000 -0.0002
vn 0.0079 -1.0000 -0.0008
vn 0.0005 -1.0000 -0.0001
vn 0.0016 -1.0000 0.0023
vn 0.8590 0.5092 -0.0541
vn 0.8590 0.5081 -0.0634
vn 0.5904 0.7985 -0.1178
vn 0.9057 0.1682 0.3891
vn 0.7417 0.4257 0.5183
vn 0.9911 0.0090 -0.1327
vn 0.4331 0.8995 0.0571
vn -0.4148 0.0144 -0.9098
vn -0.4970 -0.0268 -0.8674
vn -0.5255 0.7505 -0.4008
vn -0.4960 0.7734 -0.3947
vn -0.3237 0.7333 -0.5979
vn -0.4247 0.6792 -0.5986
vn -0.0399 0.4417 -0.8963
vn 0.2649 0.5656 -0.7810
vn -0.0139 0.7745 -0.6325
vn 0.4392 0.6956 -0.5685
vn 0.0942 0.7996 -0.5930
vn 0.5217 0.5837 -0.6222
vn 0.5527 0.6387 -0.5353
vn 0.5478 0.5734 -0.6092
vn 0.5810 0.6356 -0.5084
vn 0.5862 0.6579 -0.4728
vn 0.5504 0.6948 -0.4630
vn 0.5214 0.7364 -0.4311
vn 0.4951 0.7241 -0.4802
vn 0.4296 0.8373 -0.3381
vn 0.2870 0.8858 -0.3646
vn 0.2879 0.9071 -0.3070
vn 0.2816 0.8711 -0.4024
vn 0.2053 0.8355 -0.5097
vn -0.3257 0.9448 0.0357
vn 0.5477 0.6329 -0.5473
vn 0.2735 0.1859 -0.9437
vn 0.1566 0.2581 -0.9534
vn 0.1428 0.2289 -0.9629
vn 0.1430 0.2692 -0.9524
vn -0.1217 0.9922 0.0282
vn -0.0562 0.3834 -0.9219
vn -0.0315 0.1353 -0.9903
vn 0.2820 0.4153 -0.8649
vn -0.6843 0.7271 -0.0563
vn -0.2066 0.7288 -0.6528
vn -0.3510 0.9201 0.1740
vn 0.4072 0.5023 -0.7628
vn 0.6779 0.6171 -0.3996
vn 0.7551 0.6428 -0.1292
vn 0.7817 0.6236 -0.0135
vn 0.7903 0.6127 -0.0115
vn 0.7417 0.6704 -0.0187
vn -0.4545 0.8854 -0.0976
vn 0.3487 0.9098 0.2250
vn 0.5925 0.7855 0.1788
vn 0.7715 0.6321 0.0718
vn 0.7844 0.6187 0.0447
vn 0.8011 0.5985 0.0022
vn 0.6642 -0.3573 0.6567
vn 0.7563 -0.4459 0.4786
vn 0.7413 -0.4434 0.5039
vn 0.7768 -0.4126 0.4758
vn 0.5506 -0.3108 0.7748
vn 0.5178 -0.0484 0.8541
vn 0.5482 0.1116 0.8289
vn 0.5538 0.0959 0.8271
vn 0.4673 -0.4131 0.7816
vn 0.2031 -0.0549 0.9776
vn 0.0127 0.1434 0.9896
vn 0.0412 0.4329 0.9005
vn 0.0562 0.4112 0.9098
vn 0.2210 -0.2785 0.9347
vn 0.1465 -0.3495 0.9254
vn 0.0368 0.0382 0.9986
vn 0.1875 -0.3137 0.9308
vn 0.1561 -0.3806 0.9115
vn 0.0524 -0.5742 0.8170
vn 0.5453 -0.6368 0.5451
vn 0.4998 -0.6418 0.5816
vn 0.0711 0.3767 0.9236
vn 0.1814 0.5651 0.8048
vn 0.0734 0.6196 0.7815
vn 0.0896 0.5961 0.7979
vn 0.2691 0.3380 0.9019
vn 0.2381 0.7166 0.6556
vn 0.1732 0.6583 0.7326
vn 0.6778 0.6756 0.2901
vn 0.4357 0.7873 0.4363
vn 0.7675 0.6288 0.1244
vn 0.5947 0.7829 0.1829
vn 0.5736 0.7223 0.3864
vn 0.3436 0.4767 0.8091
vn 0.7922 0.5763 0.2010
vn 0.8506 0.5156 0.1034
vn 0.6715 0.6281 0.3933
vn 0.6076 0.6343 0.4779
vn 0.6873 0.6252 0.3698
vn 0.0034 -1.0000 0.0080
vn 0.0030 -0.9997 0.0233
vn 0.0014 -0.9979 0.0647
vn 0.0055 -0.9998 -0.0167
vn 0.0134 -0.9572 0.2892
vn -0.0452 -0.9908 0.1279
vn 0.1846 0.2097 0.9602
vn 0.2357 0.1971 0.9516
vn 0.2706 0.2705 0.9239
vn 0.4455 0.1347 0.8851
vn 0.3401 0.1981 0.9193
vn 0.8458 -0.0171 0.5332
vn 0.5074 0.1024 0.8556
vn 0.4992 0.1644 0.8507
vn 0.5104 0.0201 0.8597
vn 0.3722 0.1660 0.9132
vn 0.4426 0.1035 0.8907
vn 0.0571 0.3010 0.9519
vn 0.4875 0.7893 0.3733
vn 0.4560 0.7001 0.5495
vn 0.4457 0.7871 0.4264
vn 0.4879 0.8327 0.2617
vn 0.5230 0.8424 0.1298
vn 0.4905 0.8455 0.2112
vn -0.1286 0.3594 0.9243
vn 0.4696 0.8779 0.0931
vn 0.5437 0.8328 0.1039
vn 0.5026 0.8592 0.0956
vn 0.5143 0.8505 0.1105
vn 0.5238 0.8461 0.0988
vn 0.5148 0.8525 0.0905
vn 0.6266 0.7284 0.2773
vn 0.6331 0.7681 0.0953
vn 0.4851 0.8107 0.3277
vn 0.5839 0.6312 0.5104
vn 0.4100 0.8862 0.2157
vn 0.2630 0.7838 0.5626
vn 0.4028 0.7835 0.4731
vn 0.1316 0.3970 0.9083
vn 0.1235 0.3803 0.9166
vn 0.1439 0.5434 0.8270
vn 0.1366 0.3295 0.9342
vn 0.2347 0.3872 0.8916
vn 0.7259 0.6674 0.1661
vn 0.6934 0.7175 0.0664
vn 0.7049 0.7052 0.0759
vn 0.6782 0.7333 0.0481
vn 0.6627 0.7382 0.1260
vn 0.6311 0.7530 0.1862
vn 0.6931 0.7203 -0.0286
vn 0.5047 0.8611 -0.0613
vn 0.6709 0.7394 -0.0561
vn -0.3381 0.9411 -0.0021
vn -0.4593 0.8881 -0.0164
vn -0.4927 0.8697 -0.0302
vn -0.4331 0.9012 -0.0153
vn -0.5005 0.8652 -0.0323
vn -0.4962 0.8675 -0.0342
vn -0.4772 0.8786 -0.0183
vn -0.3794 0.9238 -0.0519
vn -0.2791 0.9591 -0.0469
vn -0.1658 0.9834 0.0734
vn -0.3842 0.9084 0.1647
vn -0.2996 0.8932 0.3354
vn -0.3179 0.8594 0.4004
vn -0.0969 0.9930 -0.0676
vn 0.0128 0.9998 0.0167
vn 0.7016 0.7121 -0.0236
vn 0.7371 0.6735 -0.0546
vn 0.7639 0.6441 -0.0415
vn 0.7424 0.6698 -0.0179
vn 0.7499 0.6614 -0.0147
vn 0.6830 0.7304 0.0019
vn 0.6265 0.7794 0.0037
vn 0.5687 0.8225 0.0077
vn 0.4382 0.8988 -0.0106
vn 0.2347 0.9440 0.2317
vn -0.4597 0.8869 0.0451
vn -0.4600 0.8874 -0.0291
vn -0.4931 0.8700 -0.0089
vn -0.4955 0.8683 0.0222
vn -0.4726 0.8537 0.2188
vn -0.2159 0.8728 0.4378
vn -0.4809 0.7784 0.4035
vn -0.2945 0.7382 0.6069
vn -0.4211 0.8496 0.3176
vn -0.1961 0.8306 0.5211
vn 0.1003 0.6350 0.7660
vn -0.2018 0.8190 0.5372
vn 0.0938 0.6270 0.7734
vn -0.3641 0.8760 0.3162
vn -0.5086 0.8311 0.2249
vn -0.4102 0.8953 0.1735
vn -0.5216 0.8189 0.2396
vn -0.4546 0.8779 0.1502
vn -0.4594 0.8827 0.0988
vn -0.4263 0.8964 0.1215
vn -0.3517 0.8410 0.4110
vn -0.3790 0.9061 0.1880
vn -0.3893 0.9173 0.0838
vn -0.3884 0.9161 0.0994
vn -0.3805 0.9211 0.0823
vn -0.3625 0.9242 0.1201
vn -0.4025 0.9086 0.1116
vn -0.4158 0.8607 0.2938
vn -0.3338 0.9050 0.2636
vn -0.4398 0.8864 0.1447
vn -0.3520 0.6440 0.6792
vn -0.3351 0.8635 0.3770
vn -0.2037 0.3646 0.9086
vn -0.2145 0.4941 0.8425
vn -0.3979 0.8917 0.2157
vn -0.2705 0.9475 0.1704
vn -0.2692 0.8708 0.4113
vn 0.3248 0.8860 0.3310
vn 0.2876 0.8209 0.4933
vn 0.3154 0.7128 0.6265
vn 0.2131 0.7725 0.5982
vn -0.0226 0.5502 0.8348
vn 0.3962 0.7053 0.5879
vn 0.2217 0.2572 0.9406
vn -0.4064 0.4310 0.8057
vn 0.1612 0.1656 0.9729
vn -0.4111 0.3722 0.8321
vn 0.4456 0.7716 0.4540
vn 0.5032 0.7156 0.4845
vn 0.3179 0.2956 0.9009
vn 0.2599 0.4037 0.8772
vn 0.2899 0.2051 0.9348
vn 0.3175 0.1798 0.9311
vn 0.3775 0.2701 0.8857
vn 0.3894 0.2671 0.8815
vn 0.3343 0.1347 0.9328
vn 0.2458 0.1281 0.9608
vn 0.3300 0.2370 0.9138
vn 0.1926 0.1973 0.9612
vn 0.3021 0.1307 0.9443
vn 0.3415 0.3251 0.8819
vn 0.1730 0.4836 0.8580
vn 0.1405 0.3444 0.9283
vn 0.0859 0.5861 0.8057
vn 0.1099 0.4294 0.8964
vn 0.6151 0.4317 0.6598
vn 0.3886 0.6388 0.6640
vn 0.2154 0.7486 0.6270
vn 0.5739 0.3816 0.7246
vn 0.3881 0.6479 0.6555
vn 0.1769 0.7959 0.5789
vn 0.2380 0.6634 0.7094
vn -0.2108 0.7933 0.5711
vn -0.4279 0.8637 0.2662
vn -0.4957 0.7161 0.4914
vn -0.1281 0.7616 0.6353
vn -0.3819 0.6843 0.6212
vn -0.4940 0.6579 0.5684
vn -0.5313 0.6138 0.5839
vn -0.6067 0.6818 0.4088
vn -0.5300 0.5965 0.6028
vn -0.6302 0.7255 0.2767
vn -0.5685 0.6867 0.4530
vn -0.5354 0.7365 0.4134
vn -0.6185 0.7009 0.3553
vn -0.3119 0.6883 0.6550
vn -0.4890 0.7361 0.4679
vn -0.0804 0.7422 0.6653
vn -0.1577 0.8302 0.5347
vn -0.0802 0.8047 0.5882
vn -0.0628 0.8060 0.5886
vn -0.1713 0.8393 0.5159
vn -0.0697 0.6272 0.7758
vn -0.1443 0.7556 0.6390
vn -0.1630 0.8571 0.4886
vn -0.2501 0.7429 0.6209
vn -0.2771 0.8613 0.4258
vn -0.3763 0.7934 0.4784
vn -0.3906 0.8667 0.3103
vn -0.4315 0.8079 0.4013
vn -0.4178 0.8060 0.4192
vn -0.3583 0.9018 0.2416
vn -0.3649 0.6831 0.6326
vn -0.3558 0.8536 0.3806
vn -0.4895 0.8424 0.2254
vn -0.5308 0.8388 0.1211
vn -0.7156 0.6899 0.1095
vn -0.7196 0.6925 0.0502
vn -0.6358 0.7660 0.0942
vn -0.6135 0.7878 0.0553
vn -0.6155 0.7860 0.0580
vn -0.6247 0.7801 0.0356
vn -0.6150 0.7884 0.0132
vn -0.6316 0.7752 0.0093
vn -0.6333 0.7736 0.0240
vn -0.6345 0.7719 0.0395
vn -0.3859 0.7236 0.5723
vn -0.3195 0.7695 0.5529
vn -0.6216 0.7833 0.0123
vn -0.5304 0.8476 0.0154
vn -0.4218 0.6525 0.6296
vn -0.4668 0.5913 0.6576
vn -0.4652 0.5932 0.6571
vn -0.3408 0.4428 0.8293
vn -0.0972 0.0832 0.9918
vn -0.2249 0.1751 0.9585
vn -0.3419 0.3029 0.8896
vn -0.4895 0.3556 0.7962
vn -0.5067 0.4459 0.7379
vn -0.5770 0.3391 0.7430
vn -0.5616 0.4895 0.6671
vn -0.7021 0.3814 0.6013
vn -0.6463 0.5562 0.5225
vn -0.6945 0.4223 0.5825
vn -0.5745 0.4510 0.6830
vn -0.5369 0.4218 0.7306
vn -0.5823 0.4032 0.7059
vn -0.5209 0.4099 0.7488
vn -0.7560 0.6076 0.2433
vn -0.7811 0.5934 0.1944
vn -0.8017 0.5934 0.0718
vn -0.7875 0.6162 0.0047
vn -0.8078 0.5894 0.0048
vn -0.7874 0.6164 -0.0010
vn -0.7839 0.6208 -0.0009
vn -0.7872 0.6167 0.0014
vn -0.7838 0.6211 0.0015
vn -0.7875 0.6164 0.0018
vn -0.7840 0.6208 0.0019
vn -0.7875 0.6163 0.0021
vn -0.8464 0.5317 0.0306
vn -0.7864 0.6177 -0.0031
vn -0.8824 0.4682 0.0461
vn -0.2161 -0.9747 -0.0571
vn -0.1337 -0.9900 -0.0457
vn -0.1483 -0.9315 -0.3320
vn -0.0366 -0.9984 -0.0424
vn -0.2913 -0.7809 -0.5525
vn -0.0260 -0.9994 -0.0218
vn -0.1116 -0.9819 -0.1529
vn -0.7276 0.6855 -0.0279
vn -0.2340 -0.9120 -0.3370
vn -0.2115 -0.8294 -0.5171
vn -0.3791 -0.2184 -0.8992
vn -0.4507 -0.0324 -0.8921
vn -0.3374 -0.0380 -0.9406
vn -0.4162 0.1507 -0.8967
vn -0.4825 0.3495 -0.8032
vn -0.6790 0.4498 -0.5802
vn -0.6946 0.5222 -0.4948
vn -0.6594 0.4257 -0.6197
vn -0.6936 0.4393 -0.5709
vn -0.5680 0.4477 -0.6906
vn -0.6731 0.5803 -0.4583
vn -0.5920 0.5113 -0.6229
vn -0.5352 0.4742 -0.6991
vn -0.6336 0.5395 -0.5545
vn -0.7195 0.6317 -0.2888
vn -0.7158 0.5951 -0.3653
vn -0.7706 0.3953 -0.4998
vn -0.5679 0.2895 -0.7705
vn -0.7092 0.6119 -0.3502
vn -0.7046 0.5580 -0.4383
vn -0.8206 0.4850 -0.3022
vn -0.8473 0.4795 -0.2286
vn -0.8314 0.4709 -0.2951
vn -0.4935 0.3889 -0.7780
vn -0.7963 0.4914 -0.3527
vn -0.7870 0.4872 -0.3785
vn -0.7228 0.6543 -0.2223
vn -0.6603 0.6518 -0.3730
vn -0.4469 0.3040 -0.8413
vn -0.3373 0.2463 -0.9086
vn -0.4584 0.3405 -0.8209
vn -0.7276 0.6398 -0.2474
vn -0.6469 0.5898 -0.4833
vn -0.6332 0.6831 -0.3639
vn -0.3739 0.3995 -0.8370
vn -0.2038 0.2054 -0.9572
vn -0.2541 0.3147 -0.9145
vn -0.3999 0.4077 -0.8209
vn -0.1687 0.2678 -0.9486
vn -0.2052 0.3158 -0.9264
vn -0.6209 0.5563 -0.5523
vn -0.5657 0.6300 -0.5320
vn -0.6395 0.7018 -0.3139
vn -0.7398 0.5927 -0.3185
vn -0.7916 0.5404 -0.2852
vn -0.8079 0.5885 -0.0291
vn -0.6785 0.7336 -0.0388
vn -0.6800 0.7331 -0.0102
vn -0.8031 0.5958 -0.0080
vn -0.6844 0.7291 0.0088
vn -0.8076 0.5892 0.0236
vn -0.6493 0.7167 0.2543
vn -0.8162 0.5760 0.0458
vn -0.8542 0.5112 0.0950
vn -0.5315 0.5119 0.6748
vn -0.4775 0.5259 0.7039
vn -0.5100 0.4938 0.7043
vn -0.5850 0.7928 0.1710
vn -0.5504 0.7530 0.3607
vn -0.3410 0.2184 0.9144
vn -0.5235 0.3496 0.7770
vn -0.5036 0.2640 0.8226
vn -0.5298 0.3037 0.7919
vn -0.7463 0.4758 0.4655
vn -0.7757 0.4636 0.4281
vn -0.4700 0.4923 0.7326
vn -0.4091 0.6062 0.6821
vn -0.4224 0.1557 0.8929
vn -0.4883 0.2844 0.8250
vn -0.4189 0.3855 0.8221
vn -0.3512 0.4293 0.8321
vn -0.2023 0.4014 0.8933
vn -0.2762 0.6987 0.6600
vn -0.3041 0.2681 0.9141
vn -0.1807 0.1946 0.9641
vn -0.0990 0.1359 0.9858
vn -0.0754 0.1180 0.9901
vn -0.1775 0.3746 0.9100
vn -0.0679 0.0803 0.9945
vn -0.0652 0.0748 0.9951
vn -0.0430 0.0642 0.9970
vn -0.0227 0.0546 0.9983
vn -0.0751 0.1213 0.9898
vn -0.1454 0.2262 0.9632
vn -0.0815 0.1960 0.9772
vn -0.0480 0.1089 0.9929
vn -0.0176 0.0823 0.9964
vn -0.0053 0.0699 0.9975
vn -0.1224 0.3345 0.9344
vn -0.0782 0.1720 0.9820
vn -0.1523 0.2841 0.9466
vn -0.0679 0.2409 0.9682
vn 0.0303 0.1083 0.9937
vn -0.2710 0.4652 0.8427
vn -0.2454 0.5614 0.7904
vn -0.1574 0.5257 0.8360
vn -0.0122 0.2779 0.9605
vn -0.2617 0.7149 0.6484
vn -0.1532 0.6213 0.7684
vn -0.1165 0.4940 0.8616
vn -0.1499 0.4887 0.8595
vn -0.1443 0.6436 0.7516
vn -0.0613 0.5747 0.8160
vn -0.1036 0.5103 0.8537
vn -0.2175 0.4545 0.8638
vn -0.1651 0.3897 0.9060
vn -0.1040 0.5968 0.7956
vn -0.2919 0.6615 0.6908
vn -0.2961 0.5729 0.7643
vn -0.6253 0.7266 0.2848
vn -0.6349 0.7307 0.2507
vn -0.6297 0.7363 0.2475
vn -0.6140 0.6958 0.3726
vn -0.3757 0.5299 0.7603
vn -0.2429 0.4196 0.8746
vn -0.1175 0.4104 0.9043
vn -0.1914 0.3816 0.9043
vn -0.1915 0.4248 0.8848
vn -0.1998 0.3928 0.8977
vn -0.1017 0.3566 0.9287
vn -0.0194 0.3217 0.9466
vn 0.0485 0.2390 0.9698
vn 0.1000 0.1864 0.9774
vn 0.0820 0.1506 0.9852
vn 0.0966 0.2099 0.9729
vn 0.0704 0.1732 0.9824
vn 0.0324 0.1189 0.9924
vn 0.0572 0.2001 0.9781
vn -0.1096 0.3308 0.9373
vn -0.0859 0.1894 0.9781
vn -0.2556 0.5280 0.8099
vn -0.1677 0.3179 0.9332
vn -0.1306 0.1925 0.9726
vn -0.4417 0.6466 0.6220
vn -0.5399 0.7426 0.3963
vn -0.5518 0.7881 0.2728
vn -0.4779 0.7496 0.4579
vn -0.2762 0.7260 0.6297
vn -0.4303 0.8150 0.3881
vn -0.2441 0.8156 0.5246
vn -0.2290 0.6781 0.6983
vn -0.1598 0.6190 0.7690
vn -0.3466 0.4601 0.8174
vn -0.2255 0.4472 0.8655
vn -0.4184 0.5080 0.7529
vn -0.4228 0.4863 0.7647
vn -0.4441 0.5550 0.7034
vn -0.4567 0.5166 0.7243
vn -0.4188 0.6014 0.6804
vn -0.5598 0.6760 0.4792
vn -0.1802 0.5358 0.8249
vn -0.0189 0.4441 0.8958
vn -0.2429 0.5245 0.8160
vn -0.0440 0.4920 0.8695
vn -0.1305 0.5317 0.8368
vn -0.3274 0.4592 0.8258
vn -0.1805 0.3127 0.9325
vn -0.3255 0.5316 0.7820
vn -0.3961 0.5513 0.7343
vn -0.2869 0.5567 0.7796
vn -0.3111 0.4246 0.8503
vn -0.3025 0.3331 0.8930
vn -0.2462 0.4051 0.8805
vn -0.0940 0.4202 0.9026
vn -0.0409 0.3654 0.9299
vn -0.1783 0.5343 0.8263
vn -0.0430 0.2722 0.9613
vn 0.0629 0.2449 0.9675
vn 0.0287 0.2487 0.9682
vn 0.0483 0.2853 0.9572
vn -0.0031 0.3840 0.9233
vn 0.0368 0.2989 0.9536
vn -0.0016 0.2733 0.9619
vn 0.0309 0.2785 0.9599
vn -0.0275 0.4032 0.9147
vn -0.0420 0.3276 0.9439
vn 0.0075 0.3047 0.9524
vn -0.4545 0.7918 0.4079
vn -0.4561 0.8590 0.2327
vn -0.4769 0.8705 0.1219
vn -0.5109 0.8357 0.2014
vn -0.4343 0.8564 0.2792
vn -0.4648 0.8472 0.2574
vn -0.5200 0.8003 0.2985
vn -0.6067 0.7943 0.0311
vn -0.6703 0.7359 0.0962
vn -0.3691 0.7999 0.4732
vn -0.3832 0.7451 0.5458
vn -0.1836 0.4681 0.8644
vn -0.3552 0.6308 0.6899
vn -0.1487 0.3568 0.9223
vn -0.2577 0.4350 0.8628
vn 0.0428 0.3112 0.9494
vn 0.0165 0.3056 0.9520
vn -0.0624 0.3494 0.9349
vn -0.0904 0.3261 0.9410
vn -0.0393 0.2651 0.9634
vn -0.1240 0.2957 0.9472
vn -0.1416 0.4128 0.8998
vn -0.0747 0.3779 0.9228
vn 0.0791 0.2813 0.9563
vn 0.2634 0.3826 0.8856
vn 0.1976 0.3506 0.9154
vn -0.0074 0.4529 0.8915
vn -0.1678 0.4489 0.8777
vn 0.0451 0.4939 0.8683
vn -0.0796 0.3276 0.9415
vn 0.0885 0.2487 0.9645
vn 0.0881 0.2682 0.9593
vn 0.0854 0.2342 0.9684
vn -0.3444 0.7784 0.5249
vn -0.3251 0.6915 0.6451
vn -0.3208 0.6731 0.6663
vn -0.5131 0.8514 0.1088
vn -0.4975 0.8583 0.1257
vn -0.5331 0.8274 0.1765
vn -0.5276 0.8198 0.2226
vn -0.4771 0.8631 0.1656
vn -0.4995 0.7744 0.3885
vn -0.5274 0.7932 0.3044
vn -0.3514 0.4936 0.7955
vn -0.3749 0.6384 0.6722
vn -0.2840 0.2893 0.9141
vn -0.0608 0.3776 0.9240
vn -0.1413 0.5131 0.8466
vn 0.4796 0.5400 0.6916
vn 0.2934 0.5897 0.7524
vn 0.0054 0.3863 0.9223
vn 0.4755 0.5988 0.6444
vn 0.0073 0.6373 0.7706
vn -0.2105 0.4598 0.8627
vn -0.3497 0.4470 0.8233
vn -0.5391 0.5645 0.6251
vn -0.6429 0.6073 0.4668
vn -0.6573 0.6623 0.3597
vn -0.6557 0.6705 0.3471
vn -0.6033 0.5759 0.5517
vn -0.6762 0.5746 0.4610
vn -0.5684 0.5495 0.6123
vn -0.4825 0.5260 0.7004
vn -0.6400 0.6681 0.3795
vn -0.6800 0.7001 0.2179
vn -0.7005 0.7108 0.0631
vn -0.5980 0.7721 0.2151
vn -0.6269 0.7672 0.1357
vn -0.6210 0.7674 0.1595
vn -0.4913 0.7881 0.3708
vn -0.5914 0.7940 0.1407
vn -0.6049 0.7910 0.0917
vn -0.1300 0.8430 0.5219
vn 0.0218 0.6714 0.7408
vn 0.2060 0.5437 0.8136
vn -0.1125 0.8166 0.5661
vn -0.1167 0.9197 0.3748
vn -0.0985 0.9235 0.3707
vn 0.4862 0.7649 0.4226
vn 0.3739 0.5334 0.7587
vn 0.4037 0.4736 0.7828
vn 0.5706 0.6945 0.4383
vn 0.5925 0.7536 0.2847
vn 0.3693 0.8668 0.3350
vn 0.5586 0.7449 0.3648
vn 0.4736 0.8011 0.3659
vn 0.6974 0.6672 0.2617
vn 0.5758 0.7267 0.3745
vn 0.4383 0.7599 0.4801
vn 0.5208 0.6336 0.5721
vn 0.3841 0.6606 0.6451
vn -0.1134 0.5367 0.8361
vn -0.1121 0.5033 0.8568
vn -0.1844 0.4512 0.8732
vn 0.5091 0.5076 0.6951
vn 0.3538 0.3870 0.8515
vn 0.3573 0.4319 0.8281
vn 0.4254 0.4634 0.7774
vn 0.4014 0.4001 0.8239
vn 0.4327 0.4315 0.7915
vn 0.4592 0.4993 0.7348
vn 0.3869 0.4102 0.8259
vn 0.4053 0.4587 0.7908
vn 0.4814 0.5303 0.6979
vn 0.2689 0.5112 0.8163
vn 0.4792 0.8373 0.2632
vn 0.4858 0.8342 0.2610
vn 0.5663 0.7983 0.2050
vn 0.5658 0.7980 0.2078
vn 0.1430 0.5764 0.8045
vn 0.2029 0.9295 0.3080
vn 0.2159 0.9269 0.3070
vn 0.3124 0.5985 -0.7377
vn 0.2175 0.5786 -0.7861
vn 0.3270 0.5256 -0.7854
vn 0.3772 0.5856 -0.7175
vn -0.2287 0.7149 -0.6608
vn -0.3302 0.7600 -0.5598
vn 0.4392 0.4940 -0.7504
vn 0.4602 0.5931 -0.6606
vn 0.1368 0.5568 -0.8193
vn 0.3926 0.3854 -0.8350
vn 0.4975 0.5378 -0.6806
vn 0.5386 0.6393 -0.5488
vn 0.5435 0.5896 -0.5975
vn 0.6656 0.7275 -0.1664
vn 0.5905 0.7914 0.1581
vn 0.6292 0.6935 0.3509
vn 0.5874 0.7930 0.1614
vn 0.6699 0.7235 -0.1667
vn 0.6472 0.7064 0.2865
vn 0.4853 0.5664 0.6661
vn 0.6475 0.7072 0.2838
vn 0.5105 0.5921 0.6235
vn 0.4088 0.4795 0.7766
vn 0.5089 0.5866 0.6300
vn 0.3564 0.5195 0.7766
vn 0.3757 0.6042 0.7027
vn 0.1418 0.5795 0.8025
vn 0.1407 0.6484 0.7482
vn -0.1188 0.6123 0.7816
vn -0.1141 0.6651 0.7380
vn -0.3400 0.6214 0.7059
vn -0.4648 0.5920 0.6584
vn -0.5563 0.6406 0.5293
vn -0.5728 0.6329 0.5210
vn -0.5471 0.6244 0.5576
vn -0.4955 0.5656 0.6593
vn -0.4961 0.6856 0.5328
vn -0.4132 0.5858 0.6972
vn -0.5825 0.6680 0.4632
vn -0.4715 0.5980 0.6481
vn -0.3140 0.4841 0.8167
vn -0.6280 0.6140 0.4782
vn -0.5007 0.5942 0.6294
vn -0.1899 0.3671 0.9106
vn -0.5999 0.7119 0.3651
vn -0.6466 0.6124 0.4549
vn -0.5391 0.6381 0.5498
vn -0.6455 0.6512 0.3990
vn -0.5105 0.6726 0.5358
vn -0.6551 0.6936 0.2997
vn -0.5357 0.7546 0.3790
vn -0.4273 0.5869 -0.6877
vn -0.6107 0.6292 -0.4808
vn -0.6199 0.6213 -0.4793
vn -0.4786 0.6047 -0.6366
vn -0.3605 0.5668 -0.7408
vn -0.3187 0.5206 -0.7921
vn -0.5871 0.6820 -0.4361
vn -0.6466 0.6206 -0.4435
vn -0.5898 0.6138 -0.5248
vn -0.5859 0.7000 -0.4083
vn -0.4372 0.5785 -0.6887
vn -0.5094 0.6290 -0.5872
vn -0.1928 0.5033 -0.8423
vn -0.3770 0.5592 -0.7384
vn -0.3747 0.4743 -0.7967
vn -0.1715 0.5091 -0.8434
vn -0.3550 0.4398 -0.8250
vn -0.1970 0.3827 -0.9026
vn -0.2787 0.4431 -0.8521
vn -0.3568 0.4830 -0.7996
vn -0.2485 0.4829 -0.8397
vn -0.0640 0.4862 -0.8715
vn -0.1334 0.4027 -0.9055
vn -0.6797 0.5265 -0.5106
vn -0.0246 0.4507 -0.8924
vn -0.1871 0.3510 -0.9175
vn -0.2657 0.4503 -0.8524
vn -0.4170 0.5653 -0.7117
vn -0.3802 0.5278 -0.7595
vn -0.4980 0.5369 -0.6810
vn -0.5417 0.6456 -0.5383
vn -0.4543 0.6469 -0.6126
vn -0.5259 0.5951 -0.6077
vn -0.5800 0.5896 -0.5621
vn -0.4895 0.5664 -0.6630
vn -0.5543 0.7393 -0.3824
vn -0.5887 0.6816 -0.4346
vn -0.6400 0.6634 -0.3877
vn -0.7014 0.6346 -0.3246
vn -0.5788 0.6015 -0.5506
vn -0.6489 0.7586 -0.0586
vn -0.6817 0.7306 -0.0390
vn -0.7530 0.6580 -0.0011
vn -0.8147 0.5792 -0.0281
vn -0.6999 0.5741 -0.4250
vn -0.6469 0.6984 0.3062
vn -0.7038 0.6538 0.2777
vn -0.7159 0.6133 0.3337
vn -0.8500 0.5142 0.1147
vn -0.7671 0.6310 -0.1161
vn -0.4192 0.6531 0.6306
vn -0.2663 0.6631 0.6996
vn -0.4914 0.6126 0.6191
vn 0.3935 0.8769 0.2761
vn 0.3867 0.8787 0.2800
vn 0.2468 0.9022 0.3537
vn 0.0437 0.6958 0.7169
vn 0.5152 0.8495 0.1135
vn 0.5152 0.8496 0.1128
vn 0.4836 0.6901 -0.5385
vn 0.2729 0.6702 -0.6902
vn 0.3815 0.6159 -0.6892
vn 0.3848 0.6166 -0.6869
vn 0.5797 0.8140 0.0363
vn 0.5575 0.8030 -0.2107
vn 0.3850 0.7002 -0.6013
vn 0.1109 0.6016 -0.7911
vn -0.1470 0.6041 -0.7833
vn 0.6691 0.7188 -0.1888
vn 0.4927 0.6581 -0.5693
vn 0.2720 0.5785 -0.7690
vn 0.0537 0.5692 -0.8205
vn -0.1590 0.5760 -0.8019
vn 0.5865 0.5931 -0.5516
vn 0.3987 0.5180 -0.7568
vn 0.2820 0.5040 -0.8164
vn 0.4583 0.4788 -0.7488
vn 0.5972 0.5944 -0.5385
vn 0.5556 0.6218 -0.5519
vn 0.4127 0.4736 -0.7780
vn 0.3779 0.4285 -0.8207
vn 0.3924 0.4234 -0.8165
vn 0.5840 0.6078 -0.5381
vn 0.6847 0.6441 -0.3411
vn 0.4973 0.7696 -0.4004
vn 0.4847 0.7867 -0.3825
vn 0.4440 0.7475 -0.4941
vn 0.1031 0.6321 -0.7680
vn 0.2361 0.6602 -0.7130
vn -0.0066 0.3171 -0.9484
vn 0.6896 0.7041 -0.1696
vn 0.7300 0.6643 -0.1605
vn 0.6848 0.6561 0.3170
vn 0.6343 0.6851 0.3581
vn 0.2935 0.6551 0.6962
vn -0.3875 0.5850 -0.7125
vn -0.4303 0.5730 -0.6975
vn -0.2799 0.5245 -0.8041
vn -0.4667 0.4451 -0.7643
vn 0.2551 0.5852 -0.7697
vn -0.6168 0.7113 0.3370
vn -0.6146 0.7879 -0.0378
vn -0.5841 0.7599 0.2852
vn -0.6604 0.7486 -0.0582
vn -0.6400 0.7206 0.2668
vn -0.6203 0.6978 -0.3582
vn -0.6887 0.6876 -0.2301
vn -0.3967 0.7539 0.5238
vn -0.5205 0.7673 0.3747
vn -0.6110 0.5976 0.5192
vn -0.3632 0.6519 0.6657
vn -0.1479 0.7704 0.6201
vn 0.2470 0.7447 0.6200
vn -0.2519 0.3747 0.8923
vn -0.1744 0.1845 0.9672
vn -0.2926 0.2993 0.9082
vn -0.0881 0.0863 0.9924
vn -0.1596 0.2089 0.9648
vn -0.2757 0.3776 0.8840
vn -0.1545 0.1055 0.9823
vn -0.0531 0.0353 0.9980
vn -0.4086 0.4878 0.7714
vn -0.4257 0.4908 0.7602
vn -0.4233 0.3037 0.8536
vn -0.8198 0.5007 0.2778
vn -0.9154 0.3907 0.0968
vn -0.9292 0.3642 0.0625
vn -0.8845 0.4666 0.0042
vn -0.9413 0.3376 0.0016
vn -0.8869 0.4619 0.0016
vn -0.8082 0.5889 -0.0009
vn -0.8833 0.4688 -0.0047
vn -0.8078 0.5894 -0.0042
vn -0.7875 0.6163 0.0024
vn -0.8095 0.5870 -0.0109
vn -0.7877 0.6161 -0.0010
vn -0.7842 0.6205 -0.0021
vn -0.7879 0.6157 -0.0068
vn -0.7844 0.6203 -0.0077
vn -0.7867 0.6170 -0.0192
vn -0.7848 0.6195 -0.0158
vn -0.7915 0.5996 -0.1186
vn -0.7511 0.5901 -0.2961
vn -0.7877 0.5763 -0.2177
vn -0.7657 0.5196 -0.3790
vn -0.4402 0.3633 -0.8211
vn -0.4907 0.4170 -0.7650
vn -0.7816 0.6176 -0.0875
vn -0.7645 0.6147 -0.1941
vn -0.7878 0.6158 -0.0128
vn -0.7983 0.5927 -0.1069
vn -0.7761 0.5878 -0.2286
vn -0.8083 0.5883 -0.0208
vn -0.8684 0.4925 -0.0570
vn -0.8312 0.5237 -0.1865
vn -0.8791 0.4765 -0.0135
vn -0.9412 0.3379 -0.0045
vn -0.9126 0.3692 -0.1755
vn -0.9418 0.3360 0.0086
vn -0.9518 0.3065 0.0098
vn -0.9564 0.2920 0.0031
vn -0.9508 0.3099 0.0001
vn -0.6065 0.7951 -0.0015
vn -0.6079 0.7940 -0.0046
vn -0.9292 0.3493 0.1210
vn -0.5917 0.8056 -0.0299
vn -0.7773 0.5640 -0.2786
vn -0.6737 0.5275 -0.5175
vn -0.8766 0.3891 -0.2832
vn -0.3265 0.2082 -0.9220
vn -0.1839 0.1959 -0.9632
vn -0.2730 0.1967 -0.9417
vn -0.3136 0.2293 -0.9215
vn -0.4575 0.2729 -0.8463
vn -0.2827 0.2343 -0.9302
vn -0.3338 0.2719 -0.9026
vn -0.4598 0.3718 -0.8064
vn -0.7414 0.5504 -0.3839
vn -0.3661 0.3034 -0.8797
vn -0.5710 0.4643 -0.6770
vn -0.4615 0.3798 -0.8017
vn -0.8962 0.3831 0.2237
vn -0.4769 0.4995 -0.7232
vn -0.3711 0.3434 -0.8628
vn -0.4484 0.2125 -0.8682
vn -0.4521 0.1659 -0.8764
vn -0.4704 0.4131 -0.7798
vn -0.5276 0.3455 -0.7761
vn -0.5720 0.3858 -0.7238
vn -0.5845 0.4254 -0.6909
vn -0.4819 0.3597 -0.7990
vn -0.5109 0.4440 -0.7360
vn -0.2139 0.1648 -0.9629
vn -0.3510 0.2957 -0.8884
vn -0.1994 0.2469 -0.9483
vn -0.2976 0.3116 -0.9024
vn -0.2651 0.3766 -0.8876
vn -0.3272 0.4076 -0.8525
vn -0.3915 0.3879 -0.8344
vn -0.6394 0.7537 -0.1520
vn -0.5715 0.7941 -0.2066
vn -0.5489 0.8267 -0.1237
vn -0.6522 0.7538 -0.0800
vn -0.6361 0.7676 -0.0792
vn -0.6190 0.7689 -0.1600
vn -0.4493 0.4367 -0.7794
vn -0.5056 0.8614 -0.0488
vn -0.5503 0.7496 -0.3678
vn -0.3709 0.9286 -0.0078
vn -0.4867 0.8460 -0.2177
vn -0.5722 0.7084 -0.4133
vn -0.1582 -0.9870 -0.0297
vn -0.7630 -0.3757 -0.5260
vn -0.6597 0.7515 0.0016
vn -0.5021 0.8648 0.0031
vn -0.3761 0.9265 0.0078
vn -0.6740 0.7386 0.0147
vn -0.5162 0.8565 0.0039
vn -0.3852 0.9228 0.0114
vn -0.6862 0.7265 0.0375
vn -0.5182 0.8553 -0.0031
vn -0.3854 0.9228 0.0008
vn -0.6923 0.7194 0.0565
vn -0.5162 0.8564 -0.0130
vn -0.3824 0.9237 -0.0230
vn -0.2237 -0.9719 -0.0727
vn -0.2041 -0.9788 -0.0179
vn -0.2172 -0.9758 -0.0241
vn -0.1987 -0.9798 -0.0224
vn -0.3036 -0.6536 -0.6933
vn -0.2883 -0.6501 -0.7030
vn -0.3427 -0.6615 -0.6670
vn -0.2314 -0.9724 -0.0308
vn -0.4815 -0.3575 -0.8002
vn -0.4507 -0.2624 -0.8532
vn -0.4551 -0.2391 -0.8577
vn -0.5208 -0.0991 -0.8479
vn -0.5883 0.8081 0.0300
vn -0.6066 0.7944 0.0297
vn -0.5827 0.8122 0.0272
vn -0.4776 0.8784 -0.0206
vn -0.4692 0.8815 -0.0525
vn -0.5983 0.8011 0.0169
vn -0.5013 0.8653 -0.0004
vn -0.6274 0.7787 -0.0025
vn -0.5217 0.8530 -0.0121
vn -0.5856 0.7977 -0.1441
vn -0.5594 0.7845 -0.2676
vn -0.5860 0.7285 -0.3548
vn -0.1775 0.2354 -0.9556
vn -0.1104 0.1324 -0.9850
vn -0.0468 0.0713 -0.9964
vn -0.0619 0.1049 -0.9926
vn -0.1385 0.0982 -0.9855
vn -0.0803 0.0820 -0.9934
vn -0.0615 0.0777 -0.9951
vn -0.3039 0.2659 -0.9149
vn -0.1977 0.2143 -0.9566
vn -0.1324 0.1895 -0.9729
vn -0.3941 0.4509 -0.8009
vn -0.2658 0.4825 -0.8346
vn -0.2303 0.5835 -0.7788
vn -0.3989 0.8307 -0.3884
vn -0.3447 0.8254 -0.4470
vn -0.3591 0.6547 -0.6651
vn -0.0767 0.5339 -0.8421
vn -0.2976 0.3203 -0.8994
vn -0.2196 0.1522 -0.9636
vn -0.4622 0.8740 -0.1499
vn -0.6614 0.7445 -0.0908
vn -0.6788 0.7024 -0.2143
vn -0.5981 0.0397 -0.8004
vn 0.0753 0.7951 0.6017
vn 0.3881 0.7046 0.5941
vn 0.4367 0.6519 0.6199
vn 0.0050 0.8172 0.5763
vn 0.2838 0.7342 0.6167
vn 0.5155 0.6519 0.5561
vn 0.5325 0.6418 0.5519
vn 0.4404 0.4606 0.7707
vn 0.4144 0.4000 0.8175
vn 0.5653 0.6334 0.5284
vn 0.4568 0.2606 0.8505
vn 0.6762 0.3414 0.6529
vn 0.6930 0.3591 0.6252
vn 0.7557 0.4500 0.4758
vn 0.4265 0.2210 0.8771
vn 0.5740 0.6268 0.5269
vn 0.4738 0.6718 0.5694
vn 0.5232 0.7006 0.4851
vn 0.5719 0.6708 0.4721
vn 0.5572 0.5949 0.5793
vn 0.5230 0.5616 0.6411
vn 0.4391 0.8085 0.3918
vn 0.4802 0.7790 0.4032
vn 0.4967 0.7354 0.4610
vn 0.2704 0.4089 0.8716
vn 0.2632 0.2887 0.9205
vn 0.3508 0.1469 0.9249
vn 0.3825 0.2153 0.8985
vn 0.3427 0.8683 0.3585
vn 0.3354 0.8390 0.4285
vn 0.0862 0.5180 0.8510
vn 0.0600 0.9498 0.3070
vn 0.0569 0.8924 0.4477
vn -0.0039 0.5340 0.8455
vn 0.3532 0.8911 0.2849
vn 0.1158 0.9805 0.1590
vn -0.3006 0.9532 0.0325
vn 0.1092 0.9720 0.2081
vn -0.5163 0.8559 -0.0275
vn 0.6834 0.7300 -0.0071
vn 0.6986 0.7153 -0.0145
vn 0.7141 0.7000 -0.0019
vn 0.7019 0.7122 0.0050
vn 0.6960 0.7179 0.0143
vn 0.6655 0.7464 0.0015
vn 0.7175 0.6962 0.0236
vn 0.5819 0.8132 0.0091
vn 0.3849 0.9229 0.0078
vn 0.4667 0.4669 0.7512
vn 0.4479 0.5182 0.7286
vn 0.2577 0.4003 0.8794
vn -0.0426 0.3357 0.9410
vn -0.1129 0.5394 0.8344
vn -0.0903 0.4423 0.8923
vn -0.3602 0.8770 0.3180
vn -0.3096 0.5088 0.8033
vn -0.3776 0.8319 0.4067
vn -0.3857 0.8541 0.3491
vn -0.3623 0.3961 0.8437
vn 0.2700 0.8607 0.4316
vn 0.0332 0.6507 0.7586
vn -0.2073 0.3550 0.9116
vn 0.3625 0.0977 0.9268
vn 0.2926 0.1319 0.9471
vn 0.2137 0.1686 0.9622
vn 0.2160 0.1974 0.9562
vn 0.2431 0.1778 0.9536
vn 0.2262 0.1888 0.9556
vn 0.3798 0.1247 0.9166
vn 0.3082 0.1484 0.9397
vn 0.4127 0.1054 0.9047
vn 0.4151 0.1082 0.9033
vn 0.0995 0.2195 0.9705
vn -0.0369 0.2481 0.9680
vn 0.1974 0.2520 0.9474
vn -0.0422 0.2417 0.9694
vn -0.2356 0.1537 0.9596
vn -0.3731 0.1061 0.9217
vn -0.1644 0.2791 0.9461
vn -0.0671 0.2868 0.9556
vn -0.3135 0.1110 0.9431
vn -0.4494 0.0204 0.8931
vn -0.3477 0.1398 0.9271
vn -0.3699 0.1540 0.9162
vn -0.3123 0.1583 0.9367
vn -0.4140 0.0251 0.9099
vn -0.2277 0.1709 0.9586
vn 0.0011 0.4267 0.9044
vn -0.0061 0.4366 0.8996
vn -0.3683 0.0593 0.9278
vn -0.1777 0.2043 0.9626
vn -0.0172 0.3930 0.9194
vn 0.0590 0.4920 0.8686
vn 0.2726 0.7142 0.6447
vn -0.2387 0.3419 0.9089
vn -0.0972 0.4614 0.8819
vn -0.2877 0.4496 0.8456
vn -0.2997 0.6878 0.6611
vn -0.4821 0.7568 0.4413
vn -0.5181 0.8150 0.2597
vn -0.4845 0.8285 0.2808
vn -0.5474 0.8357 0.0451
vn -0.5482 0.8355 0.0382
vn -0.5388 0.8421 0.0253
vn -0.5532 0.8329 -0.0189
vn -0.5645 0.8223 0.0720
vn -0.5794 0.7813 0.2321
vn -0.5544 0.8057 0.2084
vn -0.5373 0.8424 0.0402
vn -0.5043 0.8417 0.1930
vn -0.5039 0.8633 0.0275
vn -0.5036 0.8608 0.0729
vn -0.5057 0.8338 0.2213
vn -0.5631 0.7516 0.3436
vn -0.4630 0.6746 0.5749
vn -0.4671 0.3876 0.7947
vn -0.4223 0.2442 0.8729
vn -0.3333 0.3212 0.8864
vn -0.4711 0.0037 0.8821
vn 0.0332 0.3888 0.9207
vn 0.4602 0.8414 0.2832
vn 0.5896 0.7671 0.2528
vn 0.4066 0.7013 0.5855
vn 0.3267 0.7971 0.5078
vn 0.3957 0.8603 0.3214
vn 0.4468 0.8898 0.0926
vn 0.5146 0.8515 0.1010
vn 0.3090 0.9486 0.0678
vn 0.3273 0.9448 0.0137
vn 0.4485 0.8922 0.0523
vn 0.2102 0.9776 -0.0075
vn 0.3919 0.9191 -0.0416
vn 0.4950 0.8689 0.0083
vn 0.3816 0.9228 0.0537
vn 0.5459 0.8367 -0.0453
vn 0.6745 0.7369 -0.0453
vn 0.7094 0.7038 0.0382
vn 0.6497 0.6775 0.3448
vn 0.4738 0.8162 0.3307
vn 0.7771 0.6289 -0.0263
vn 0.7813 0.6231 -0.0364
vn 0.7462 0.6650 -0.0309
vn 0.6349 0.7725 -0.0151
vn 0.6889 0.7243 -0.0266
vn 0.4668 0.8843 -0.0088
vn -0.3916 0.9196 -0.0324
vn -0.2728 0.9598 -0.0657
vn -0.4416 0.8967 -0.0312
vn -0.4557 0.8900 -0.0148
vn -0.4141 0.8875 0.2021
vn -0.4937 0.8694 -0.0213
vn -0.4522 0.8849 0.1117
vn -0.4094 0.8741 0.2615
vn -0.3381 0.8296 0.4444
vn -0.4846 0.8738 -0.0415
vn -0.4826 0.8741 -0.0546
vn 0.0526 0.4168 0.9075
vn -0.1048 0.4578 0.8829
vn 0.1143 0.4301 0.8955
vn 0.3972 0.5491 0.7353
vn -0.2733 0.8022 0.5308
vn 0.2931 0.6231 0.7252
vn 0.3708 0.8409 0.3943
vn 0.4524 0.8551 0.2534
vn 0.4527 0.8800 0.1440
vn 0.5228 0.8490 0.0764
vn 0.6261 0.7671 0.1395
vn 0.7109 0.6713 0.2099
vn 0.6889 0.6864 0.2331
vn 0.6930 0.6740 0.2557
vn 0.2519 0.5723 0.7804
vn 0.0225 0.5288 0.8485
vn -0.1424 0.4240 0.8944
vn 0.2677 0.5784 0.7706
vn -0.3438 0.1915 0.9193
vn -0.2641 0.2954 0.9181
vn -0.1960 0.4965 0.8456
vn 0.6954 0.7186 0.0081
vn -0.0880 0.9956 -0.0307
vn -0.3406 0.9402 0.0056
vn 0.3652 0.2236 0.9037
vn 0.4096 0.2352 0.8814
vn 0.4189 0.1129 0.9010
vn -0.3020 0.5978 0.7425
vn -0.3393 0.5402 0.7701
vn -0.5151 0.6498 0.5590
vn -0.1341 0.5443 0.8281
vn 0.1723 0.3274 0.9291
vn 0.0333 0.3588 0.9328
vn 0.1634 0.2296 0.9595
vn -0.0414 0.4072 0.9124
vn 0.1294 0.2178 0.9674
vn 0.0403 0.3691 0.9285
vn 0.1461 0.2353 0.9609
vn 0.5044 0.5808 0.6389
vn -0.4185 0.6884 0.5924
vn -0.5417 0.7642 0.3500
vn -0.2178 0.5710 0.7915
vn -0.0525 0.4761 0.8778
vn -0.4478 0.7866 0.4252
vn -0.5793 0.7832 0.2259
vn -0.5820 0.6563 0.4801
vn -0.3483 0.4815 0.8043
vn -0.5410 0.7716 0.3348
vn -0.6322 0.7252 0.2728
vn -0.6493 0.6265 0.4311
vn -0.6021 0.7383 0.3038
vn -0.0811 0.6291 0.7731
vn -0.3649 0.3538 0.8612
vn -0.4230 0.4746 0.7719
vn -0.5166 0.5821 0.6279
vn -0.3514 0.5244 0.7756
vn -0.2371 0.4898 0.8390
vn -0.2507 0.4580 0.8529
vn -0.6631 0.5764 0.4775
vn 0.5784 0.6186 0.5317
vn -0.3136 0.9216 0.2286
vn 0.2935 0.8588 0.4199
vn 0.4950 0.8473 0.1925
vn 0.4566 0.8777 0.1452
vn 0.3394 0.9265 0.1626
vn -0.1020 0.0213 -0.9946
vn -0.0510 -0.0317 -0.9982
vn -0.9808 0.1076 -0.1628
vn -0.9953 0.0321 -0.0915
vn -0.9659 0.1708 -0.1946
vn -0.0643 -0.9978 0.0169
vn -0.1819 -0.6001 0.7789
vn -0.9122 0.1099 0.3947
vn 0.5607 0.8273 -0.0352
vn 0.5651 0.8236 -0.0489
vn -0.1353 0.9894 -0.0531
vn -0.3926 0.9196 0.0113
vn -0.0699 0.9972 -0.0262
vn -0.0679 0.9973 -0.0269
vn -0.6872 0.7120 0.1441
vn -0.6113 0.7835 0.1115
vn -0.6752 0.7046 0.2183
vn -0.7061 0.6195 0.3430
vn -0.6849 0.6661 0.2953
vn -0.6931 0.5885 0.4162
vn -0.6345 0.6514 0.4161
vn -0.5601 0.7919 0.2433
vn -0.5369 0.7258 0.4301
vn -0.5541 0.6869 0.4702
vn -0.5798 0.7576 0.2997
vn 0.3295 0.9385 0.1027
vn 0.2832 0.9539 0.0992
vn 0.2619 0.9534 0.1497
vn -0.3699 0.3125 0.8750
vn -0.1416 0.1622 0.9766
vn -0.3811 0.3697 0.8474
vn -0.6185 0.5489 0.5622
vn -0.0978 0.2251 0.9694
vn 0.0315 0.4778 0.8779
vn -0.6622 -0.7411 0.1112
vn 0.2245 0.5610 0.7968
vn 0.0340 0.5136 0.8573
vn 0.3037 0.3002 0.9043
vn -0.1809 0.5762 0.7970
vn 0.0196 -0.9996 0.0211
vn 0.0112 -0.9999 0.0130
vn -0.0010 -1.0000 0.0014
vn 0.0422 -0.8023 0.5954
vn -0.1767 -0.4086 0.8955
vn -0.1206 -0.4493 0.8852
vn -0.1630 -0.4188 0.8933
vn 0.8787 0.1432 0.4554
vn 0.8483 0.1178 0.5162
vn 0.9493 0.0226 0.3135
vn 0.9641 -0.0428 0.2623
vn 0.9522 -0.0811 0.2946
vn 0.9239 -0.0817 0.3739
vn 0.0132 -0.9545 0.2979
vn 0.0166 -0.9553 0.2951
vn 0.0053 -0.0742 0.9972
vn 0.1092 -0.9464 -0.3040
vn 0.6356 0.0543 -0.7701
vn -0.5436 0.8323 -0.1083
vn 0.4617 0.4523 -0.7631
vn -0.0369 0.3208 -0.9464
vn 0.8312 -0.3595 -0.4241
vn 0.5024 0.8276 -0.2504
vn 0.1450 0.0878 -0.9855
vn 0.4304 0.6766 -0.5975
vn -0.2716 0.3864 -0.8814
vn -0.3190 0.8561 -0.4065
vn -0.0319 0.3824 -0.9235
vn -0.2420 0.8571 -0.4547
vn -0.2517 0.8868 -0.3875
vn 0.1124 0.3303 -0.9372
vn 0.1657 0.4520 -0.8765
vn 0.1430 0.4600 -0.8763
vn 0.0908 0.4125 -0.9064
vn 0.1846 0.4987 -0.8469
vn -0.0571 0.5940 -0.8024
vn 0.0409 0.6273 -0.7777
vn -0.1680 0.5149 -0.8406
vn -0.2772 0.6443 -0.7127
vn -0.1593 0.6763 -0.7192
vn -0.4547 0.8742 -0.1704
vn -0.3536 0.9270 -0.1253
vn -0.0775 0.6784 -0.7306
vn -0.5339 0.8228 -0.1948
vn 0.6015 0.7954 -0.0744
vn 0.4028 0.7382 -0.5412
vn -0.0568 0.4079 -0.9113
vn 0.2439 0.1366 -0.9601
vn 0.0193 0.4663 -0.8844
vn 0.1225 0.7967 -0.5919
vn -0.1666 0.1794 -0.9696
vn -0.2552 0.3036 -0.9180
vn -0.6366 0.7403 -0.2161
vn -0.5115 0.8172 -0.2654
vn 0.1911 0.2896 -0.9379
vn -0.6092 0.6121 -0.5042
vn -0.5513 0.6329 -0.5436
vn -0.2578 0.4036 -0.8779
vn -0.2667 0.2877 -0.9198
vn -0.1680 0.4687 -0.8673
vn -0.2253 0.6038 -0.7646
vn -0.1173 0.4858 -0.8662
vn -0.0802 0.4411 -0.8938
vn -0.5235 0.6386 -0.5640
vn -0.5312 0.6677 -0.5216
vn -0.5639 0.6468 -0.5134
vn -0.5612 0.6358 -0.5299
vn -0.6718 0.5961 -0.4397
vn -0.6583 0.5830 -0.4761
vn -0.6533 0.5172 -0.5530
vn 0.8661 -0.4591 0.1979
vn 0.8355 -0.5283 0.1513
vn 0.0179 -0.8187 0.5740
vn 0.0346 -0.8814 0.4711
vn -0.6168 0.7056 -0.3488
vn 0.5964 -0.8001 -0.0647
vn 0.8799 -0.4605 0.1175
vn -0.8134 0.4861 -0.3194
vn -0.8339 0.4104 -0.3690
vn -0.0141 -0.9999 -0.0049
vn -0.2821 -0.9565 0.0739
vn -0.5232 0.6089 0.5963
vn -0.5986 0.6865 0.4129
vn -0.4612 0.6534 0.6003
vn -0.1580 0.3045 0.9393
vn -0.1284 0.2551 0.9583
vn -0.0977 0.2038 0.9741
vn -0.5364 0.7458 0.3949
vn 0.6059 0.6807 0.4117
vn 0.2925 0.6437 0.7072
vn -0.9686 0.2187 0.1186
vn -0.4966 -0.1419 0.8563
vn -0.0675 0.6201 0.7816
vn -0.2763 0.8765 0.3941
vn -0.1298 0.0109 -0.9915
vn -0.5402 0.8156 -0.2073
vn -0.7033 -0.0293 -0.7103
vn 0.2080 0.3253 -0.9224
vn 0.3255 0.3805 0.8656
vn -0.1729 -0.2703 -0.9471
vn -0.3367 -0.4115 0.8470
vn -0.7664 -0.6409 -0.0437
vn 0.7839 0.6116 0.1073
vn -0.6529 0.6569 -0.3770
vn -0.5638 0.7093 -0.4231
vn 0.3972 0.3530 0.8471
vn 0.1992 0.1726 0.9646
vn 0.3093 0.2944 0.9043
vn 0.9089 -0.3889 0.1502
vt 0.730999 0.645003
vt 0.727134 0.657537
vt 0.713184 0.661090
vt 0.711812 0.656932
vt 0.743441 0.637368
vt 0.738815 0.651840
vt 0.713371 0.653911
vt 0.731686 0.638578
vt 0.345467 0.431192
vt 0.334395 0.454673
vt 0.328759 0.459455
vt 0.338485 0.429252
vt 0.746674 0.697825
vt 0.743185 0.705028
vt 0.730362 0.687724
vt 0.732685 0.679981
vt 0.747437 0.665431
vt 0.745932 0.667425
vt 0.324766 0.478365
vt 0.330698 0.470366
vt 0.331113 0.474641
vt 0.328629 0.479918
vt 0.311896 0.488164
vt 0.316956 0.468740
vt 0.321316 0.491040
vt 0.309723 0.499478
vt 0.326742 0.487518
vt 0.743319 0.601422
vt 0.743561 0.605679
vt 0.740751 0.606370
vt 0.739632 0.601825
vt 0.330795 0.495315
vt 0.327296 0.499046
vt 0.326295 0.493749
vt 0.330310 0.491062
vt 0.737476 0.595616
vt 0.742487 0.597717
vt 0.695701 0.667921
vt 0.693660 0.673140
vt 0.685434 0.667942
vt 0.690576 0.663035
vt 0.699581 0.660283
vt 0.699985 0.661065
vt 0.701753 0.668038
vt 0.698299 0.658084
vt 0.732593 0.708656
vt 0.740091 0.709288
vt 0.731350 0.746787
vt 0.721108 0.725158
vt 0.724699 0.696742
vt 0.728745 0.691347
vt 0.562768 0.821845
vt 0.559436 0.812861
vt 0.566123 0.802140
vt 0.569013 0.818527
vt 0.247148 0.943778
vt 0.250487 0.947819
vt 0.249734 0.954732
vt 0.243295 0.948303
vt 0.247394 0.936836
vt 0.253322 0.943060
vt 0.240087 0.934612
vt 0.257864 0.946306
vt 0.258605 0.950894
vt 0.667042 0.657483
vt 0.669209 0.660809
vt 0.665535 0.664922
vt 0.664234 0.663445
vt 0.671214 0.654516
vt 0.673399 0.657125
vt 0.579832 0.860299
vt 0.579299 0.866666
vt 0.576765 0.865889
vt 0.578196 0.857051
vt 0.555818 0.804592
vt 0.562260 0.794134
vt 0.555822 0.786955
vt 0.560442 0.786863
vt 0.550647 0.805234
vt 0.551274 0.786659
vt 0.573844 0.865683
vt 0.574629 0.857868
vt 0.108631 0.908514
vt 0.098109 0.907059
vt 0.097085 0.904176
vt 0.104616 0.906122
vt 0.109713 0.912023
vt 0.099641 0.911149
vt 0.284841 0.508587
vt 0.292528 0.514289
vt 0.284121 0.518813
vt 0.262968 0.509516
vt 0.289957 0.495269
vt 0.296420 0.508252
vt 0.257056 0.488519
vt 0.663953 0.677044
vt 0.665550 0.674518
vt 0.670656 0.680221
vt 0.667721 0.682103
vt 0.661973 0.676165
vt 0.661161 0.671543
vt 0.665461 0.683444
vt 0.320664 0.807613
vt 0.325948 0.808432
vt 0.323557 0.829709
vt 0.319858 0.830774
vt 0.313504 0.830718
vt 0.310309 0.810344
vt 0.328867 0.799443
vt 0.333221 0.801922
vt 0.308243 0.796620
vt 0.315556 0.795388
vt 0.324439 0.793212
vt 0.717479 0.739028
vt 0.715021 0.737203
vt 0.711694 0.727777
vt 0.723658 0.757492
vt 0.715634 0.750143
vt 0.240277 0.479033
vt 0.255910 0.475682
vt 0.240777 0.515506
vt 0.225684 0.451412
vt 0.263931 0.444083
vt 0.213377 0.501884
vt 0.738381 0.779136
vt 0.733862 0.779570
vt 0.741458 0.747763
vt 0.744901 0.779655
vt 0.938566 0.870627
vt 0.947890 0.875514
vt 0.951994 0.882383
vt 0.943818 0.881760
vt 0.563163 0.879855
vt 0.553474 0.886582
vt 0.555009 0.869970
vt 0.564936 0.867113
vt 0.570264 0.865613
vt 0.569089 0.873884
vt 0.568637 0.879139
vt 0.565474 0.882224
vt 0.938934 0.868549
vt 0.946068 0.870650
vt 0.553009 0.918271
vt 0.552125 0.914049
vt 0.556307 0.913758
vt 0.556420 0.918850
vt 0.555341 0.923510
vt 0.550562 0.920843
vt 0.548103 0.915188
vt 0.938083 0.428566
vt 0.938022 0.420267
vt 0.941844 0.419844
vt 0.942104 0.427801
vt 0.935023 0.426891
vt 0.934402 0.420252
vt 0.908254 0.133372
vt 0.909304 0.126479
vt 0.914540 0.125974
vt 0.914193 0.131240
vt 0.913583 0.135575
vt 0.909052 0.136018
vt 0.912882 0.144595
vt 0.909114 0.145071
vt 0.263107 0.534147
vt 0.785530 0.943920
vt 0.788854 0.943379
vt 0.789104 0.948069
vt 0.785210 0.948655
vt 0.571748 0.940666
vt 0.571633 0.938747
vt 0.575971 0.940270
vt 0.573092 0.942223
vt 0.567094 0.941617
vt 0.566339 0.939180
vt 0.965445 0.125974
vt 0.965711 0.129517
vt 0.961024 0.129170
vt 0.961235 0.126130
vt 0.226675 0.759013
vt 0.226675 0.763534
vt 0.223758 0.762250
vt 0.224463 0.757787
vt 0.935675 0.207186
vt 0.932378 0.207477
vt 0.930555 0.203256
vt 0.935370 0.202680
vt 0.886015 0.259878
vt 0.879679 0.277634
vt 0.870939 0.277740
vt 0.872754 0.262979
vt 0.956107 0.091335
vt 0.956014 0.105049
vt 0.944453 0.103113
vt 0.944672 0.094234
vt 0.895930 0.262836
vt 0.890530 0.280212
vt 0.957081 0.889230
vt 0.955781 0.893093
vt 0.946802 0.894285
vt 0.938566 0.889537
vt 0.925270 0.108262
vt 0.921511 0.108395
vt 0.923880 0.100741
vt 0.928160 0.102726
vt 0.792409 0.951594
vt 0.789165 0.952906
vt 0.793438 0.948065
vt 0.412949 0.885423
vt 0.414861 0.891129
vt 0.409869 0.890839
vt 0.409558 0.885392
vt 0.920278 0.099102
vt 0.914171 0.101317
vt 0.915630 0.091693
vt 0.919392 0.091878
vt 0.714228 0.772804
vt 0.720776 0.780827
vt 0.716327 0.784721
vt 0.711013 0.779888
vt 0.917436 0.108232
vt 0.913575 0.108548
vt 0.706243 0.777915
vt 0.711240 0.771462
vt 0.400824 0.882961
vt 0.405305 0.884969
vt 0.404658 0.890419
vt 0.399811 0.889917
vt 0.560249 0.940509
vt 0.562211 0.943815
vt 0.394300 0.881306
vt 0.396731 0.874635
vt 0.400451 0.876003
vt 0.560083 0.933784
vt 0.565808 0.934909
vt 0.392982 0.888996
vt 0.895548 0.540544
vt 0.899833 0.546555
vt 0.889641 0.557192
vt 0.885803 0.545915
vt 0.950098 0.905737
vt 0.938985 0.902226
vt 0.715410 0.797387
vt 0.710517 0.795636
vt 0.925396 0.227506
vt 0.924517 0.218938
vt 0.930029 0.218105
vt 0.931406 0.224584
vt 0.930018 0.127699
vt 0.926474 0.133996
vt 0.920190 0.131998
vt 0.921472 0.126648
vt 0.934468 0.131414
vt 0.931080 0.135910
vt 0.388614 0.880608
vt 0.387699 0.889234
vt 0.931993 0.125306
vt 0.933258 0.116888
vt 0.937504 0.116888
vt 0.937806 0.123709
vt 0.904289 0.547623
vt 0.900705 0.556080
vt 0.897350 0.555428
vt 0.893677 0.565608
vt 0.909650 0.593911
vt 0.909650 0.575279
vt 0.913205 0.585612
vt 0.912145 0.594035
vt 0.935756 0.083618
vt 0.941374 0.075332
vt 0.932702 0.096126
vt 0.280282 0.571213
vt 0.265139 0.598320
vt 0.262665 0.599318
vt 0.281319 0.557551
vt 0.912916 0.594008
vt 0.917919 0.591239
vt 0.309703 0.744564
vt 0.300103 0.742026
vt 0.291767 0.731780
vt 0.290009 0.725147
vt 0.898328 0.567973
vt 0.459345 0.627190
vt 0.462614 0.623080
vt 0.467490 0.631345
vt 0.460591 0.633906
vt 0.452070 0.626604
vt 0.454856 0.619271
vt 0.452993 0.635693
vt 0.653448 0.324087
vt 0.646729 0.321274
vt 0.651021 0.312200
vt 0.656104 0.314939
vt 0.659231 0.322606
vt 0.661743 0.328362
vt 0.656855 0.332028
vt 0.659820 0.316288
vt 0.668351 0.328413
vt 0.663930 0.327738
vt 0.662736 0.322681
vt 0.670583 0.324403
vt 0.229557 0.839971
vt 0.226863 0.832554
vt 0.233615 0.832568
vt 0.234029 0.842648
vt 0.680764 0.328369
vt 0.675149 0.334399
vt 0.401863 0.911541
vt 0.396828 0.918384
vt 0.397117 0.902188
vt 0.403007 0.900613
vt 0.406471 0.913070
vt 0.400453 0.923988
vt 0.408823 0.899932
vt 0.690715 0.332278
vt 0.682637 0.320011
vt 0.688680 0.318491
vt 0.686151 0.343528
vt 0.693700 0.316532
vt 0.698235 0.328992
vt 0.730090 0.825421
vt 0.724161 0.827279
vt 0.720109 0.822279
vt 0.728737 0.809802
vt 0.737483 0.839741
vt 0.731370 0.839695
vt 0.736464 0.813652
vt 0.716521 0.812635
vt 0.717503 0.818025
vt 0.711804 0.822022
vt 0.713147 0.814198
vt 0.685514 0.814087
vt 0.695186 0.804232
vt 0.703411 0.810819
vt 0.702169 0.819130
vt 0.705796 0.824753
vt 0.689624 0.821801
vt 0.664742 0.827654
vt 0.661429 0.824542
vt 0.656285 0.820483
vt 0.674968 0.805037
vt 0.688533 0.797994
vt 0.296400 0.744945
vt 0.292534 0.743437
vt 0.668298 0.311876
vt 0.665091 0.317903
vt 0.664892 0.307245
vt 0.672451 0.299571
vt 0.674840 0.309827
vt 0.674368 0.319574
vt 0.390669 0.924944
vt 0.391128 0.930431
vt 0.462611 0.925141
vt 0.469329 0.926697
vt 0.467058 0.929161
vt 0.460725 0.927085
vt 0.393839 0.938895
vt 0.405068 0.925095
vt 0.494767 0.657772
vt 0.502196 0.655700
vt 0.503406 0.675158
vt 0.497208 0.676863
vt 0.140190 0.900526
vt 0.141696 0.882915
vt 0.147044 0.878564
vt 0.145956 0.893444
vt 0.482904 0.664008
vt 0.481108 0.652884
vt 0.491933 0.649299
vt 0.709441 0.844007
vt 0.720506 0.852387
vt 0.734664 0.875373
vt 0.728399 0.873221
vt 0.722712 0.874263
vt 0.703241 0.850806
vt 0.698594 0.833686
vt 0.712679 0.836139
vt 0.720629 0.478606
vt 0.713948 0.477711
vt 0.722236 0.462844
vt 0.727317 0.467544
vt 0.722329 0.486498
vt 0.712375 0.490063
vt 0.732477 0.474311
vt 0.397718 0.938895
vt 0.404764 0.947256
vt 0.404764 0.961501
vt 0.397512 0.958881
vt 0.695596 0.517243
vt 0.697829 0.499484
vt 0.704214 0.501616
vt 0.705754 0.512367
vt 0.709289 0.520101
vt 0.698277 0.525762
vt 0.745248 0.873300
vt 0.745484 0.875125
vt 0.743971 0.844842
vt 0.335863 0.223390
vt 0.337090 0.251837
vt 0.331307 0.244800
vt 0.332151 0.204545
vt 0.336307 0.195000
vt 0.337319 0.221554
vt 0.677933 0.285686
vt 0.669569 0.294639
vt 0.665662 0.290573
vt 0.673742 0.279851
vt 0.896682 0.830422
vt 0.899330 0.826378
vt 0.900419 0.837493
vt 0.897828 0.840145
vt 0.678055 0.295458
vt 0.218209 0.590225
vt 0.219700 0.603114
vt 0.200570 0.614596
vt 0.187223 0.608713
vt 0.115408 0.504327
vt 0.121079 0.482487
vt 0.167501 0.488315
vt 0.160526 0.523606
vt 0.089668 0.509662
vt 0.097211 0.482244
vt 0.498333 0.891917
vt 0.503345 0.896917
vt 0.499987 0.907073
vt 0.496365 0.906713
vt 0.491939 0.904431
vt 0.491317 0.889507
vt 0.504099 0.885728
vt 0.507602 0.890324
vt 0.697843 0.858340
vt 0.711845 0.876224
vt 0.695304 0.878500
vt 0.682429 0.856464
vt 0.677843 0.844699
vt 0.207304 0.619578
vt 0.213115 0.610144
vt 0.466583 0.699305
vt 0.469139 0.686313
vt 0.476422 0.686774
vt 0.477733 0.701812
vt 0.685129 0.252432
vt 0.685609 0.258594
vt 0.680355 0.264039
vt 0.676854 0.261986
vt 0.459810 0.709599
vt 0.457734 0.702780
vt 0.464893 0.693483
vt 0.072361 0.827893
vt 0.071841 0.811441
vt 0.078895 0.814514
vt 0.080370 0.827470
vt 0.082902 0.833317
vt 0.077601 0.835394
vt 0.727820 0.518736
vt 0.728685 0.525584
vt 0.716917 0.530962
vt 0.712836 0.525237
vt 0.707520 0.282617
vt 0.698813 0.282613
vt 0.700621 0.270730
vt 0.711219 0.273211
vt 0.712760 0.292824
vt 0.703503 0.295946
vt 0.725700 0.284958
vt 0.766989 0.941302
vt 0.770301 0.940210
vt 0.768711 0.945552
vt 0.766863 0.945804
vt 0.899570 0.806749
vt 0.898211 0.811221
vt 0.904084 0.806601
vt 0.903168 0.824495
vt 0.921231 0.904283
vt 0.925899 0.907722
vt 0.920825 0.913021
vt 0.916538 0.907108
vt 0.911834 0.896919
vt 0.919331 0.896339
vt 0.928565 0.897510
vt 0.595260 0.711905
vt 0.597803 0.708479
vt 0.600550 0.721017
vt 0.596184 0.721086
vt 0.591840 0.721280
vt 0.591273 0.709559
vt 0.594162 0.704190
vt 0.930470 0.910629
vt 0.925331 0.915796
vt 0.920700 0.918405
vt 0.918252 0.918765
vt 0.916441 0.914717
vt 0.923537 0.921378
vt 0.911873 0.908654
vt 0.957163 0.942985
vt 0.959365 0.936845
vt 0.960992 0.939078
vt 0.964185 0.954551
vt 0.951964 0.944986
vt 0.954955 0.933843
vt 0.965723 0.963586
vt 0.136266 0.832776
vt 0.131286 0.829748
vt 0.130546 0.825166
vt 0.139748 0.830582
vt 0.900471 0.365220
vt 0.901284 0.354289
vt 0.905037 0.355237
vt 0.905026 0.364734
vt 0.905583 0.368427
vt 0.902980 0.370436
vt 0.924432 0.807172
vt 0.919027 0.807508
vt 0.919375 0.804481
vt 0.927948 0.794249
vt 0.923825 0.815776
vt 0.917215 0.818609
vt 0.695958 0.263218
vt 0.709100 0.254365
vt 0.692764 0.271432
vt 0.272410 0.933177
vt 0.276235 0.927305
vt 0.282736 0.930976
vt 0.281775 0.934895
vt 0.283149 0.944808
vt 0.275537 0.946472
vt 0.913545 0.229245
vt 0.917705 0.244303
vt 0.911783 0.244442
vt 0.908127 0.231096
vt 0.088396 0.789636
vt 0.089764 0.774258
vt 0.095567 0.775203
vt 0.096199 0.790781
vt 0.591273 0.751768
vt 0.597470 0.757116
vt 0.597642 0.768753
vt 0.592139 0.767280
vt 0.451417 0.705890
vt 0.450282 0.701712
vt 0.456053 0.698272
vt 0.454026 0.714572
vt 0.689360 0.253400
vt 0.694293 0.245110
vt 0.697012 0.246768
vt 0.689687 0.257787
vt 0.595226 0.642765
vt 0.595190 0.639634
vt 0.599514 0.642602
vt 0.597177 0.645619
vt 0.594747 0.648185
vt 0.592187 0.644587
vt 0.590960 0.639973
vt 0.322084 0.159605
vt 0.328594 0.161632
vt 0.327373 0.171626
vt 0.311168 0.165217
vt 0.740797 0.950237
vt 0.737235 0.937620
vt 0.743655 0.935113
vt 0.741951 0.937189
vt 0.306870 0.145061
vt 0.318577 0.146583
vt 0.747437 0.931444
vt 0.747122 0.931650
vt 0.734023 0.930269
vt 0.733841 0.926123
vt 0.733211 0.917360
vt 0.741407 0.920653
vt 0.745602 0.923042
vt 0.582211 0.899014
vt 0.586288 0.892315
vt 0.589954 0.894415
vt 0.587881 0.902829
vt 0.762439 0.397071
vt 0.770302 0.385936
vt 0.773117 0.389826
vt 0.768127 0.398615
vt 0.762220 0.403266
vt 0.757937 0.404862
vt 0.755237 0.402177
vt 0.766362 0.402215
vt 0.059148 0.516102
vt 0.087788 0.551369
vt 0.060235 0.548331
vt 0.927948 0.868549
vt 0.928052 0.859126
vt 0.941472 0.868129
vt 0.944268 0.866985
vt 0.290009 0.809918
vt 0.271478 0.836301
vt 0.263669 0.827178
vt 0.283994 0.802922
vt 0.427642 0.938333
vt 0.423852 0.928679
vt 0.427598 0.927646
vt 0.432469 0.940595
vt 0.424638 0.942847
vt 0.420628 0.929720
vt 0.432627 0.949430
vt 0.861550 0.454129
vt 0.863450 0.451793
vt 0.867544 0.461740
vt 0.864993 0.462259
vt 0.625502 0.895176
vt 0.639986 0.877583
vt 0.642634 0.882556
vt 0.628135 0.897390
vt 0.958034 0.715059
vt 0.949940 0.718266
vt 0.947717 0.694216
vt 0.952683 0.696096
vt 0.486637 0.743954
vt 0.485440 0.735216
vt 0.493418 0.734239
vt 0.491323 0.747554
vt 0.486678 0.753145
vt 0.483436 0.747199
vt 0.478642 0.737019
vt 0.784708 0.328450
vt 0.763149 0.339221
vt 0.757421 0.334619
vt 0.776673 0.323840
vt 0.785435 0.335442
vt 0.768801 0.344334
vt 0.792954 0.317690
vt 0.798007 0.319585
vt 0.798479 0.328418
vt 0.799038 0.333974
vt 0.397512 0.938895
vt 0.397512 0.951948
vt 0.389054 0.956081
vt 0.387699 0.948051
vt 0.799021 0.285769
vt 0.792727 0.287116
vt 0.788459 0.279880
vt 0.792033 0.275531
vt 0.794844 0.272023
vt 0.801584 0.280540
vt 0.801801 0.294179
vt 0.795190 0.292158
vt 0.791983 0.437281
vt 0.783689 0.445808
vt 0.779672 0.442874
vt 0.785638 0.434432
vt 0.788066 0.429087
vt 0.794648 0.430492
vt 0.794160 0.440049
vt 0.786172 0.448083
vt 0.799993 0.432650
vt 0.801280 0.434929
vt 0.799411 0.429187
vt 0.316611 0.128185
vt 0.316902 0.130417
vt 0.304024 0.129364
vt 0.304551 0.128991
vt 0.191286 0.867773
vt 0.204182 0.886076
vt 0.199062 0.886727
vt 0.190981 0.868147
vt 0.606245 0.889260
vt 0.603062 0.883924
vt 0.616820 0.874350
vt 0.619290 0.878256
vt 0.861952 0.482413
vt 0.868023 0.496940
vt 0.863517 0.498958
vt 0.859934 0.486194
vt 0.870367 0.484473
vt 0.874658 0.493263
vt 0.788679 0.301468
vt 0.788590 0.297250
vt 0.796056 0.296738
vt 0.793831 0.303307
vt 0.781971 0.309698
vt 0.777701 0.306658
vt 0.086967 0.815721
vt 0.089525 0.816061
vt 0.090301 0.819296
vt 0.087741 0.819497
vt 0.085466 0.819937
vt 0.085535 0.816787
vt 0.151788 0.629162
vt 0.150328 0.627142
vt 0.152914 0.626487
vt 0.154339 0.629014
vt 0.032237 0.513752
vt 0.027106 0.504827
vt 0.033312 0.501973
vt 0.036830 0.511110
vt 0.954896 0.868161
vt 0.950264 0.868549
vt 0.948942 0.865397
vt 0.954801 0.865518
vt 0.914931 0.540203
vt 0.917594 0.541438
vt 0.918116 0.545882
vt 0.914931 0.549495
vt 0.022796 0.479157
vt 0.027411 0.479358
vt 0.021261 0.507427
vt 0.019366 0.480583
vt 0.324310 0.718473
vt 0.327661 0.718376
vt 0.328104 0.724254
vt 0.323283 0.724254
vt 0.750859 0.646704
vt 0.754004 0.617928
vt 0.758129 0.616119
vt 0.756202 0.625996
vt 0.012959 0.456414
vt 0.016836 0.477101
vt 0.013633 0.473992
vt 0.012096 0.463878
vt 0.013748 0.444015
vt 0.019402 0.485136
vt 0.433255 0.957470
vt 0.421548 0.943701
vt 0.427237 0.960884
vt 0.416926 0.944433
vt 0.704962 0.941942
vt 0.712946 0.942581
vt 0.710468 0.952455
vt 0.696398 0.959080
vt 0.684473 0.952518
vt 0.681686 0.940145
vt 0.702250 0.935345
vt 0.657777 0.926244
vt 0.653976 0.920290
vt 0.668552 0.916817
vt 0.669502 0.923370
vt 0.747437 0.942708
vt 0.758140 0.940210
vt 0.757935 0.945906
vt 0.747437 0.954240
vt 0.239498 0.629162
vt 0.243064 0.640746
vt 0.235641 0.651108
vt 0.234029 0.633632
vt 0.913657 0.346714
vt 0.915121 0.351604
vt 0.909045 0.363341
vt 0.910704 0.351213
vt 0.753001 0.595616
vt 0.756696 0.600932
vt 0.752470 0.622476
vt 0.118511 0.764526
vt 0.112652 0.769329
vt 0.114137 0.753913
vt 0.121686 0.753028
vt 0.128879 0.753663
vt 0.125204 0.769898
vt 0.118715 0.779943
vt 0.118725 0.796300
vt 0.112708 0.784679
vt 0.126893 0.784833
vt 0.963107 0.664633
vt 0.956420 0.662118
vt 0.956984 0.651094
vt 0.962266 0.651558
vt 0.013829 0.929579
vt 0.013924 0.947116
vt 0.009381 0.949502
vt 0.006570 0.935090
vt 0.896682 0.729980
vt 0.900194 0.716178
vt 0.905494 0.715695
vt 0.903483 0.729442
vt 0.441327 0.092517
vt 0.435916 0.094594
vt 0.428068 0.079132
vt 0.432480 0.076212
vt 0.794265 0.427250
vt 0.789720 0.425353
vt 0.791866 0.422696
vt 0.797319 0.426100
vt 0.291952 0.887524
vt 0.296976 0.890409
vt 0.294142 0.895027
vt 0.290392 0.894935
vt 0.875366 0.501545
vt 0.872225 0.503549
vt 0.883040 0.478475
vt 0.884718 0.483673
vt 0.929184 0.354658
vt 0.925647 0.340364
vt 0.929862 0.341334
vt 0.933259 0.351744
vt 0.271323 0.786918
vt 0.254920 0.792216
vt 0.262853 0.771655
vt 0.269660 0.770122
vt 0.271824 0.792265
vt 0.254747 0.818917
vt 0.252748 0.816994
vt 0.246915 0.816413
vt 0.384101 0.857404
vt 0.381650 0.850749
vt 0.390710 0.849334
vt 0.393445 0.858054
vt 0.939820 0.699420
vt 0.936668 0.697912
vt 0.936154 0.692482
vt 0.938826 0.690493
vt 0.937027 0.705272
vt 0.935794 0.703594
vt 0.375103 0.858292
vt 0.372669 0.851474
vt 0.249182 0.152918
vt 0.279441 0.156279
vt 0.280112 0.190339
vt 0.239094 0.183110
vt 0.234935 0.148866
vt 0.235441 0.145106
vt 0.243904 0.147123
vt 0.259812 0.138442
vt 0.280532 0.140355
vt 0.251769 0.139094
vt 0.475624 0.762865
vt 0.475818 0.759710
vt 0.478950 0.760255
vt 0.479346 0.765109
vt 0.729968 0.197467
vt 0.726676 0.201445
vt 0.724235 0.199276
vt 0.726380 0.196800
vt 0.474435 0.769607
vt 0.471703 0.764563
vt 0.251765 0.641556
vt 0.245099 0.656390
vt 0.243206 0.632125
vt 0.660518 0.939633
vt 0.683260 0.932583
vt 0.664256 0.949179
vt 0.963569 0.401716
vt 0.956918 0.394795
vt 0.956918 0.376165
vt 0.963746 0.379595
vt 0.357647 0.015082
vt 0.359935 0.011889
vt 0.370276 0.030307
vt 0.367439 0.033531
vt 0.364227 0.039167
vt 0.356461 0.025262
vt 0.350035 0.017718
vt 0.351367 0.008038
vt 0.347895 0.002022
vt 0.351294 0.000000
vt 0.099065 0.686461
vt 0.098418 0.695199
vt 0.093885 0.695508
vt 0.093203 0.686051
vt 0.090695 0.677234
vt 0.093173 0.677311
vt 0.095779 0.675996
vt 0.102827 0.681566
vt 0.111833 0.690204
vt 0.108217 0.696631
vt 0.114911 0.685619
vt 0.007282 0.451900
vt 0.004871 0.435547
vt 0.077380 0.568550
vt 0.063115 0.569446
vt 0.084208 0.579152
vt 0.066474 0.575969
vt 0.098166 0.578178
vt 0.911996 0.125470
vt 0.917346 0.108548
vt 0.915505 0.114782
vt 0.916974 0.125026
vt 0.254341 0.858132
vt 0.251095 0.854475
vt 0.254000 0.846845
vt 0.258906 0.853314
vt 0.934488 0.710957
vt 0.931522 0.709264
vt 0.389668 0.861728
vt 0.395119 0.864799
vt 0.246957 0.138342
vt 0.244169 0.142724
vt 0.246100 0.129310
vt 0.254215 0.128042
vt 0.937415 0.345885
vt 0.937192 0.355349
vt 0.933746 0.357441
vt 0.934198 0.339754
vt 0.937469 0.330166
vt 0.941832 0.332738
vt 0.940564 0.346536
vt 0.932540 0.327084
vt 0.940495 0.354426
vt 0.116640 0.718591
vt 0.111457 0.713850
vt 0.119154 0.702142
vt 0.122470 0.714414
vt 0.116042 0.733979
vt 0.109365 0.737175
vt 0.123676 0.733150
vt 0.102209 0.674605
vt 0.098872 0.675080
vt 0.096996 0.671163
vt 0.101637 0.671481
vt 0.108940 0.673064
vt 0.107494 0.676787
vt 0.189046 0.936366
vt 0.189882 0.941952
vt 0.186651 0.941676
vt 0.187571 0.933908
vt 0.227618 0.156513
vt 0.201360 0.143999
vt 0.226128 0.136293
vt 0.198822 0.185232
vt 0.239657 0.132363
vt 0.243088 0.134477
vt 0.238938 0.143827
vt 0.234978 0.135861
vt 0.511289 0.809180
vt 0.509658 0.793758
vt 0.514687 0.788497
vt 0.514687 0.798102
vt 0.759232 0.647614
vt 0.753309 0.651596
vt 0.755050 0.640261
vt 0.758627 0.632041
vt 0.764256 0.636340
vt 0.770786 0.650331
vt 0.766426 0.657398
vt 0.926878 0.324532
vt 0.395470 0.610391
vt 0.398727 0.612342
vt 0.393358 0.623651
vt 0.390362 0.622682
vt 0.388008 0.622009
vt 0.392018 0.612676
vt 0.750205 0.651274
vt 0.751995 0.639252
vt 0.752203 0.663561
vt 0.749231 0.667647
vt 0.399294 0.604464
vt 0.400443 0.604156
vt 0.780217 0.609258
vt 0.787965 0.627348
vt 0.781966 0.634437
vt 0.774549 0.616947
vt 0.957166 0.839785
vt 0.949848 0.848399
vt 0.947462 0.840436
vt 0.952813 0.833144
vt 0.766272 0.608440
vt 0.768398 0.602711
vt 0.787946 0.608481
vt 0.793476 0.622736
vt 0.379533 0.818813
vt 0.376667 0.816537
vt 0.379928 0.812980
vt 0.382700 0.816226
vt 0.379980 0.825078
vt 0.374242 0.824251
vt 0.386145 0.824062
vt 0.103101 0.713169
vt 0.123398 0.691669
vt 0.133923 0.691211
vt 0.131330 0.700180
vt 0.130162 0.714068
vt 0.922494 0.485181
vt 0.922453 0.481370
vt 0.928501 0.484125
vt 0.927581 0.487414
vt 0.302194 0.902362
vt 0.302708 0.907894
vt 0.299124 0.908332
vt 0.299308 0.901156
vt 0.301409 0.896404
vt 0.303881 0.900531
vt 0.134795 0.676478
vt 0.128649 0.676066
vt 0.127724 0.669509
vt 0.132546 0.669804
vt 0.923190 0.710198
vt 0.927112 0.705681
vt 0.929550 0.707107
vt 0.924229 0.714328
vt 0.332280 0.718940
vt 0.336505 0.718376
vt 0.336505 0.723718
vt 0.331308 0.724359
vt 0.935675 0.207788
vt 0.939207 0.199309
vt 0.943683 0.201445
vt 0.941823 0.210029
vt 0.941723 0.216200
vt 0.936846 0.215494
vt 0.806827 0.242994
vt 0.804667 0.249584
vt 0.793405 0.243884
vt 0.796655 0.237797
vt 0.241923 0.125810
vt 0.254783 0.116594
vt 0.260845 0.118824
vt 0.927688 0.715895
vt 0.924935 0.721100
vt 0.920719 0.721422
vt 0.927948 0.829364
vt 0.930826 0.828866
vt 0.931239 0.831892
vt 0.929087 0.833144
vt 0.928056 0.826265
vt 0.930425 0.826511
vt 0.124365 0.926867
vt 0.120814 0.924742
vt 0.122642 0.922174
vt 0.125603 0.923745
vt 0.121336 0.929181
vt 0.118901 0.927048
vt 0.126950 0.930643
vt 0.123876 0.932395
vt 0.234193 0.128626
vt 0.232975 0.126685
vt 0.239409 0.116584
vt 0.360778 0.732147
vt 0.362994 0.725111
vt 0.372377 0.742836
vt 0.364323 0.743990
vt 0.353926 0.730446
vt 0.354944 0.718392
vt 0.355443 0.745123
vt 0.878072 0.952083
vt 0.878081 0.953151
vt 0.876955 0.953696
vt 0.876753 0.952454
vt 0.115076 0.923975
vt 0.116191 0.922200
vt 0.117292 0.922752
vt 0.116050 0.924827
vt 0.877188 0.950396
vt 0.878795 0.950504
vt 0.461404 0.864669
vt 0.462233 0.862807
vt 0.467070 0.867529
vt 0.463469 0.869113
vt 0.459218 0.869771
vt 0.457723 0.865540
vt 0.457033 0.863397
vt 0.752338 0.677026
vt 0.747437 0.670680
vt 0.007336 0.390420
vt 0.011648 0.395666
vt -0.000000 0.432558
vt 0.003549 0.400289
vt 0.057242 0.940383
vt 0.056067 0.940000
vt 0.056363 0.938703
vt 0.057494 0.939277
vt 0.115469 0.927816
vt 0.116174 0.926922
vt 0.117468 0.928463
vt 0.116546 0.929128
vt 0.057763 0.941647
vt 0.056209 0.941550
vt 0.142595 0.673243
vt 0.141572 0.659102
vt 0.146329 0.658601
vt 0.148056 0.672769
vt 0.931339 0.721466
vt 0.931942 0.716724
vt 0.940779 0.714993
vt 0.942501 0.719747
vt 0.148448 0.683281
vt 0.144522 0.683213
vt 0.924645 0.727751
vt 0.921823 0.727484
vt 0.226473 0.097680
vt 0.234851 0.093240
vt 0.240263 0.089744
vt 0.455360 0.870859
vt 0.460768 0.879301
vt 0.455365 0.878061
vt 0.451083 0.875980
vt 0.453341 0.867751
vt 0.448787 0.941902
vt 0.456330 0.941593
vt 0.447868 0.954828
vt 0.441863 0.949268
vt 0.449742 0.935360
vt 0.458854 0.934045
vt 0.438686 0.939907
vt 0.220155 0.905164
vt 0.225622 0.905497
vt 0.224902 0.911004
vt 0.219329 0.910013
vt 0.214928 0.895362
vt 0.220728 0.896288
vt 0.212024 0.904663
vt 0.208641 0.894679
vt 0.213420 0.909996
vt 0.935675 0.223318
vt 0.942401 0.222431
vt 0.546121 0.353423
vt 0.545012 0.360472
vt 0.535757 0.363980
vt 0.533166 0.359256
vt 0.530288 0.353277
vt 0.543872 0.346955
vt 0.211274 0.918527
vt 0.210984 0.916217
vt 0.214311 0.916275
vt 0.214013 0.919417
vt 0.307639 0.652643
vt 0.307737 0.655479
vt 0.305212 0.655555
vt 0.305126 0.652557
vt 0.681012 0.999955
vt 0.679826 0.997217
vt 0.682194 0.996699
vt 0.683372 1.000000
vt 0.896582 0.534633
vt 0.895039 0.536301
vt 0.892372 0.533118
vt 0.894039 0.531648
vt 0.291392 0.934228
vt 0.290737 0.930362
vt 0.292667 0.929874
vt 0.293163 0.934222
vt 0.727050 0.179158
vt 0.727526 0.177441
vt 0.729826 0.178691
vt 0.729117 0.180438
vt 0.400610 0.701182
vt 0.402127 0.691110
vt 0.415719 0.697318
vt 0.416669 0.705229
vt 0.421112 0.720227
vt 0.410692 0.720277
vt 0.400179 0.722834
vt 0.391317 0.702484
vt 0.758249 0.695280
vt 0.755908 0.675566
vt 0.762821 0.673196
vt 0.764375 0.683560
vt 0.767920 0.690679
vt 0.761654 0.704136
vt 0.755424 0.701355
vt 0.802561 0.677916
vt 0.787852 0.658202
vt 0.792631 0.652783
vt 0.808441 0.668554
vt 0.929740 0.794249
vt 0.933037 0.799102
vt 0.933437 0.815957
vt 0.927948 0.815957
vt 0.800245 0.702339
vt 0.795410 0.697171
vt 0.800068 0.673835
vt 0.733606 0.165102
vt 0.723820 0.155586
vt 0.726705 0.155247
vt 0.735674 0.163909
vt 0.728575 0.163528
vt 0.721009 0.155892
vt 0.735865 0.169248
vt 0.731778 0.167690
vt 0.945267 0.499890
vt 0.946082 0.504670
vt 0.943838 0.504597
vt 0.943654 0.498358
vt 0.946175 0.498594
vt 0.948224 0.504836
vt 0.944094 0.496602
vt 0.748607 0.702915
vt 0.758377 0.723129
vt 0.755885 0.723800
vt 0.738087 0.145556
vt 0.734731 0.149387
vt 0.728919 0.140639
vt 0.734723 0.138417
vt 0.743087 0.137186
vt 0.744403 0.148208
vt 0.742312 0.155122
vt 0.464176 0.908660
vt 0.470444 0.907227
vt 0.475377 0.917163
vt 0.470986 0.918105
vt 0.457415 0.907286
vt 0.454722 0.892236
vt 0.461395 0.892242
vt 0.467883 0.892275
vt 0.514723 0.938910
vt 0.517695 0.933708
vt 0.520832 0.937586
vt 0.519861 0.943303
vt 0.769764 0.197798
vt 0.760241 0.189191
vt 0.761049 0.186255
vt 0.767014 0.191281
vt 0.011791 0.888512
vt 0.008933 0.882215
vt 0.013199 0.883407
vt 0.017972 0.893293
vt 0.012846 0.898222
vt 0.009590 0.888818
vt 0.004917 0.882340
vt 0.459859 0.912504
vt 0.457078 0.914001
vt 0.453034 0.907542
vt 0.940398 0.498516
vt 0.942085 0.497980
vt 0.941532 0.504679
vt 0.939452 0.504905
vt 0.868859 0.941855
vt 0.868269 0.943721
vt 0.866144 0.943249
vt 0.867257 0.941184
vt 0.601427 0.299256
vt 0.595606 0.303278
vt 0.594920 0.302236
vt 0.602069 0.297165
vt 0.521941 0.932275
vt 0.524625 0.933636
vt 0.523568 0.938592
vt 0.519149 0.929458
vt 0.007426 0.901126
vt 0.004424 0.890876
vt 0.448100 0.908058
vt 0.453578 0.915967
vt 0.449805 0.920300
vt 0.446773 0.916609
vt 0.442425 0.916623
vt 0.442462 0.903761
vt 0.923468 0.389856
vt 0.917923 0.386077
vt 0.934402 0.376696
vt 0.934293 0.385433
vt 0.934124 0.395774
vt 0.919253 0.400851
vt 0.934402 0.423098
vt 0.918153 0.428566
vt 0.917327 0.412803
vt 0.934097 0.408270
vt 0.831674 0.659343
vt 0.833740 0.673859
vt 0.810974 0.660948
vt 0.816230 0.650241
vt 0.352405 0.773534
vt 0.367169 0.772247
vt 0.367015 0.789457
vt 0.353120 0.788185
vt 0.405975 0.957223
vt 0.405975 0.942553
vt 0.412677 0.938895
vt 0.414861 0.949161
vt 0.526913 0.269774
vt 0.528812 0.262389
vt 0.542934 0.262673
vt 0.542372 0.268368
vt 0.504859 0.259030
vt 0.511108 0.254103
vt 0.517934 0.275254
vt 0.499263 0.264616
vt 0.540569 0.277124
vt 0.533484 0.280593
vt 0.010616 0.351887
vt 0.009972 0.362254
vt 0.015361 0.349720
vt 0.014062 0.392575
vt 0.251777 0.056903
vt 0.251286 0.083594
vt 0.251207 0.084643
vt 0.247668 0.047937
vt 0.754000 0.136347
vt 0.731513 0.121994
vt 0.736156 0.117406
vt 0.741878 0.111208
vt 0.757670 0.127620
vt 0.753302 0.151246
vt 0.768916 0.143962
vt 0.769075 0.155335
vt 0.770294 0.137193
vt 0.476162 0.240725
vt 0.481507 0.234286
vt 0.492564 0.247323
vt 0.487365 0.252269
vt 0.881296 0.056454
vt 0.883126 0.041993
vt 0.888133 0.042270
vt 0.888570 0.053451
vt 0.892023 0.061801
vt 0.886891 0.064341
vt 0.248547 0.086340
vt 0.245295 0.047897
vt 0.768959 0.708286
vt 0.773660 0.697997
vt 0.782109 0.706826
vt 0.775117 0.718814
vt 0.767875 0.723269
vt 0.535315 0.316975
vt 0.539158 0.307332
vt 0.548747 0.305451
vt 0.547488 0.311001
vt 0.548052 0.316013
vt 0.538078 0.323165
vt 0.525596 0.334099
vt 0.523228 0.330125
vt 0.519031 0.323391
vt 0.527541 0.311174
vt 0.530448 0.304936
vt 0.443023 0.924729
vt 0.542343 0.295350
vt 0.547832 0.293361
vt 0.549695 0.298818
vt 0.541187 0.300630
vt 0.532146 0.299352
vt 0.534596 0.294121
vt 0.539750 0.289252
vt 0.023986 0.910039
vt 0.032028 0.909450
vt 0.031929 0.913716
vt 0.024894 0.915841
vt 0.020408 0.917526
vt 0.018053 0.913274
vt 0.020521 0.904833
vt 0.025515 0.899346
vt 0.029559 0.904151
vt 0.281608 0.924546
vt 0.274254 0.921324
vt 0.273547 0.915138
vt 0.279584 0.916222
vt 0.015638 0.908528
vt 0.539945 0.939842
vt 0.547373 0.936173
vt 0.548103 0.939780
vt 0.543488 0.943748
vt 0.540040 0.932928
vt 0.548103 0.932353
vt 0.532329 0.938851
vt 0.532446 0.933517
vt 0.437978 0.925141
vt 0.439077 0.916522
vt 0.634471 0.056670
vt 0.630030 0.051918
vt 0.633579 0.048950
vt 0.639611 0.055074
vt 0.026908 0.920031
vt 0.022484 0.921822
vt 0.031736 0.917753
vt 0.379635 0.771494
vt 0.379724 0.787689
vt 0.925504 0.285120
vt 0.924534 0.272393
vt 0.932355 0.270998
vt 0.931340 0.279908
vt 0.155549 0.757786
vt 0.153677 0.750062
vt 0.166688 0.751173
vt 0.169254 0.751560
vt 0.362038 0.802173
vt 0.352565 0.802897
vt 0.006298 0.336542
vt 0.010173 0.299625
vt 0.011013 0.304331
vt 0.748996 0.766632
vt 0.754849 0.754093
vt 0.759603 0.756459
vt 0.757269 0.773944
vt 0.761312 0.805952
vt 0.754790 0.803527
vt 0.764393 0.167059
vt 0.751962 0.159877
vt 0.776590 0.159799
vt 0.770272 0.171732
vt 0.775902 0.151157
vt 0.780414 0.152613
vt 0.777080 0.145956
vt 0.782502 0.147971
vt 0.937650 0.267369
vt 0.935533 0.259685
vt 0.943303 0.258392
vt 0.935459 0.277104
vt 0.227380 0.046503
vt 0.200095 0.056820
vt 0.201100 0.035826
vt 0.226582 0.039992
vt 0.602069 0.024637
vt 0.602229 0.018121
vt 0.615963 0.026724
vt 0.613171 0.031209
vt 0.387476 0.930027
vt 0.387344 0.942505
vt 0.382790 0.942003
vt 0.381512 0.929566
vt 0.647097 0.053678
vt 0.637133 0.045670
vt 0.639723 0.042670
vt 0.648754 0.053348
vt 0.015403 0.922806
vt 0.012737 0.919379
vt 0.015005 0.927185
vt 0.000000 0.929578
vt 0.000531 0.925537
vt 0.000461 0.921921
vt 0.502248 0.833460
vt 0.506692 0.849227
vt 0.501109 0.848370
vt 0.496273 0.837288
vt 0.491154 0.830038
vt 0.495881 0.828370
vt 0.721419 0.107235
vt 0.726664 0.103603
vt 0.931094 0.113555
vt 0.931690 0.124321
vt 0.924480 0.124321
vt 0.927308 0.108548
vt 0.942056 0.267320
vt 0.938884 0.276520
vt 0.947221 0.258772
vt 0.330842 0.723374
vt 0.328104 0.725043
vt 0.328104 0.718376
vt 0.331158 0.718533
vt 0.160163 0.953518
vt 0.155287 0.954501
vt 0.155507 0.951088
vt 0.160920 0.949448
vt 0.148448 0.677697
vt 0.153077 0.677766
vt 0.154497 0.681387
vt 0.148581 0.681201
vt 0.457218 0.246641
vt 0.457566 0.242656
vt 0.463876 0.242193
vt 0.463308 0.246671
vt 0.905279 0.068268
vt 0.906936 0.072570
vt 0.903492 0.074057
vt 0.900002 0.069532
vt 0.155668 0.686101
vt 0.151589 0.686147
vt 0.777490 0.737334
vt 0.771521 0.740161
vt 0.763271 0.722377
vt 0.783066 0.725707
vt 0.786532 0.727962
vt 0.782741 0.739822
vt 0.782984 0.749287
vt 0.778829 0.751518
vt 0.220736 0.952605
vt 0.216506 0.949419
vt 0.216507 0.940558
vt 0.221292 0.939928
vt 0.651686 0.035156
vt 0.644117 0.037346
vt 0.635631 0.029661
vt 0.638790 0.026847
vt 0.641576 0.023982
vt 0.657159 0.030043
vt 0.660063 0.045982
vt 0.655774 0.048672
vt 0.766612 0.758869
vt 0.761630 0.741801
vt 0.766056 0.741321
vt 0.773531 0.755194
vt 0.757851 0.741549
vt 0.778335 0.760321
vt 0.772783 0.765063
vt 0.762708 0.777040
vt 0.767751 0.778962
vt 0.513270 0.436515
vt 0.507400 0.425820
vt 0.511857 0.423609
vt 0.519142 0.435350
vt 0.518309 0.445223
vt 0.504990 0.445180
vt 0.501875 0.437366
vt 0.498394 0.430297
vt 0.618461 0.021880
vt 0.629993 0.034160
vt 0.627084 0.036487
vt 0.611631 0.010494
vt 0.618246 0.012123
vt 0.624472 0.021562
vt 0.632635 0.032063
vt 0.911996 0.120767
vt 0.911195 0.124908
vt 0.907804 0.118246
vt 0.909558 0.115665
vt 0.958944 0.575314
vt 0.959347 0.568829
vt 0.963036 0.569193
vt 0.960549 0.577881
vt 0.523763 0.444142
vt 0.481690 0.429640
vt 0.480740 0.425905
vt 0.489406 0.420827
vt 0.491741 0.424196
vt 0.494535 0.426806
vt 0.485145 0.432529
vt 0.478269 0.437284
vt 0.475405 0.434286
vt 0.472683 0.430732
vt 0.474431 0.427964
vt 0.473969 0.426045
vt 0.109016 0.144685
vt 0.120079 0.103408
vt 0.154864 0.103490
vt 0.152577 0.144229
vt 0.150767 0.186007
vt 0.106524 0.187226
vt 0.470601 0.818214
vt 0.477564 0.817635
vt 0.484858 0.828677
vt 0.477216 0.825867
vt 0.471007 0.803578
vt 0.474520 0.803244
vt 0.467091 0.828460
vt 0.463536 0.827804
vt 0.459397 0.826377
vt 0.464832 0.817380
vt 0.467550 0.804211
vt 0.334605 0.955275
vt 0.334633 0.952351
vt 0.343914 0.951630
vt 0.344858 0.955275
vt 0.473410 0.790795
vt 0.475202 0.789959
vt 0.476773 0.794394
vt 0.473840 0.793935
vt 0.470919 0.794150
vt 0.471763 0.789862
vt 0.473570 0.787924
vt 0.667656 0.046242
vt 0.668667 0.041368
vt 0.204065 0.947448
vt 0.212535 0.948787
vt 0.213712 0.957894
vt 0.204736 0.956838
vt 0.198390 0.957312
vt 0.196893 0.950512
vt 0.194852 0.945882
vt 0.202543 0.942027
vt 0.210354 0.940686
vt 0.543988 0.892405
vt 0.543260 0.890925
vt 0.545879 0.890698
vt 0.546118 0.892668
vt 0.543180 0.894531
vt 0.541339 0.893004
vt 0.545782 0.895108
vt 0.898345 0.331497
vt 0.894140 0.334357
vt 0.891014 0.332270
vt 0.895175 0.328762
vt 0.896736 0.326571
vt 0.900471 0.331456
vt 0.896424 0.335767
vt 0.105778 0.128945
vt 0.104544 0.123403
vt 0.102830 0.104444
vt 0.110276 0.103357
vt 0.664485 0.028386
vt 0.677167 0.027856
vt 0.682055 0.035413
vt 0.678397 0.036575
vt 0.660258 0.021430
vt 0.674624 0.022781
vt 0.673892 0.038070
vt 0.000000 0.652240
vt 0.000731 0.648219
vt 0.003554 0.647517
vt 0.003237 0.652509
vt 0.626031 0.007793
vt 0.627322 0.012372
vt 0.623657 0.012643
vt 0.621957 0.007456
vt 0.918740 0.582887
vt 0.922079 0.582969
vt 0.921743 0.587214
vt 0.918429 0.587386
vt 0.765231 0.095525
vt 0.765038 0.098104
vt 0.758760 0.095355
vt 0.760342 0.093751
vt 0.337224 0.940732
vt 0.340791 0.939643
vt 0.343440 0.941006
vt 0.336024 0.943207
vt 0.487764 0.951951
vt 0.490942 0.947295
vt 0.492993 0.950553
vt 0.491659 0.954347
vt 0.178246 0.681534
vt 0.162815 0.682153
vt 0.160713 0.676965
vt 0.174918 0.673069
vt 0.173989 0.691905
vt 0.161527 0.688089
vt 0.189873 0.683854
vt 0.188433 0.691514
vt 0.187322 0.666935
vt 0.189062 0.672324
vt 0.192745 0.676657
vt 0.009047 0.629162
vt 0.009312 0.629550
vt 0.021941 0.633614
vt 0.020184 0.635341
vt 0.011772 0.636396
vt 0.006804 0.635734
vt 0.327961 0.949391
vt 0.325429 0.951825
vt 0.324609 0.946310
vt 0.328509 0.945954
vt 0.330341 0.950772
vt 0.329108 0.953978
vt 0.332142 0.947029
vt 0.555498 0.625015
vt 0.552762 0.628395
vt 0.546745 0.617416
vt 0.548123 0.613241
vt 0.561080 0.627661
vt 0.560040 0.634530
vt 0.556091 0.634776
vt 0.472158 0.401361
vt 0.466913 0.393835
vt 0.469375 0.391374
vt 0.473985 0.396722
vt 0.015481 0.681137
vt 0.013552 0.689766
vt 0.008191 0.688156
vt 0.011241 0.676693
vt 0.020845 0.686477
vt 0.018956 0.692067
vt 0.947751 0.779802
vt 0.952220 0.780570
vt 0.953540 0.786677
vt 0.949356 0.786558
vt 0.191853 0.951856
vt 0.193328 0.957894
vt 0.229661 0.739677
vt 0.223413 0.743063
vt 0.222242 0.740643
vt 0.229007 0.736769
vt 0.190640 0.949697
vt 0.334492 0.948730
vt 0.334194 0.951877
vt 0.926046 0.498667
vt 0.927623 0.496602
vt 0.931989 0.499289
vt 0.928668 0.501973
vt 0.924716 0.505113
vt 0.922876 0.498595
vt 0.919233 0.504208
vt 0.918991 0.498286
vt 0.924538 0.513893
vt 0.920245 0.513882
vt 0.930854 0.506818
vt 0.927518 0.510262
vt 0.780085 0.774960
vt 0.782627 0.780309
vt 0.778829 0.786960
vt 0.775428 0.784265
vt 0.939731 0.223914
vt 0.939723 0.228616
vt 0.935687 0.228616
vt 0.002362 0.795043
vt 0.003543 0.787075
vt 0.007874 0.789503
vt 0.004833 0.798307
vt 0.755976 0.085153
vt 0.754052 0.087414
vt 0.745867 0.078237
vt 0.749348 0.077136
vt 0.205452 0.928692
vt 0.208225 0.934761
vt 0.201480 0.937907
vt 0.200497 0.933550
vt 0.213730 0.930010
vt 0.215428 0.934902
vt 0.795440 0.759036
vt 0.798692 0.753713
vt 0.805611 0.758301
vt 0.801869 0.764405
vt 0.798701 0.767820
vt 0.794560 0.763305
vt 0.206435 0.924591
vt 0.213011 0.926335
vt 0.497275 0.458424
vt 0.493952 0.447777
vt 0.508735 0.453771
vt 0.881249 0.940210
vt 0.886933 0.943596
vt 0.886730 0.951649
vt 0.881249 0.951446
vt 0.511393 0.459990
vt 0.501381 0.466550
vt 0.490936 0.468693
vt 0.485958 0.462084
vt 0.491888 0.456995
vt 0.054750 0.943959
vt 0.053561 0.951801
vt 0.046285 0.951914
vt 0.046267 0.946813
vt 0.045897 0.942354
vt 0.053593 0.938703
vt 0.784098 0.791125
vt 0.787558 0.786131
vt 0.797886 0.795985
vt 0.792059 0.799987
vt 0.785337 0.802509
vt 0.953690 0.322311
vt 0.949467 0.324065
vt 0.949945 0.316439
vt 0.955270 0.316160
vt 0.961050 0.316253
vt 0.959050 0.325305
vt 0.954721 0.329994
vt 0.480046 0.453593
vt 0.488666 0.449466
vt 0.203156 0.668323
vt 0.204903 0.675230
vt 0.184564 0.011468
vt 0.204378 0.019585
vt 0.202653 0.022447
vt 0.175144 0.014205
vt 0.177362 0.004448
vt 0.194189 0.007730
vt 0.197601 0.011955
vt 0.205723 0.018300
vt 0.200179 0.008369
vt 0.200708 0.010807
vt 0.199209 0.009636
vt 0.198186 0.006691
vt 0.947088 0.285822
vt 0.949281 0.288964
vt 0.946057 0.290566
vt 0.944853 0.286955
vt 0.948710 0.285120
vt 0.953091 0.287639
vt 0.915672 0.610621
vt 0.920273 0.606616
vt 0.923439 0.614458
vt 0.917955 0.617934
vt 0.963791 0.036716
vt 0.960333 0.037840
vt 0.959789 0.030399
vt 0.963785 0.030731
vt 0.949149 0.002923
vt 0.949265 0.012105
vt 0.945712 0.012259
vt 0.946142 0.001055
vt 0.444990 0.317385
vt 0.449663 0.309589
vt 0.459133 0.322816
vt 0.447454 0.330115
vt 0.440512 0.332407
vt 0.438021 0.316626
vt 0.442178 0.304812
vt 0.955249 0.046592
vt 0.953758 0.038927
vt 0.956915 0.038415
vt 0.959301 0.044673
vt 0.950600 0.046261
vt 0.950743 0.039400
vt 0.937840 0.003040
vt 0.941015 0.005833
vt 0.938428 0.015423
vt 0.934459 0.015039
vt 0.876076 0.370817
vt 0.872636 0.377049
vt 0.867575 0.374871
vt 0.871748 0.367426
vt 0.883280 0.380335
vt 0.881432 0.384251
vt 0.693217 0.032223
vt 0.686824 0.033608
vt 0.686157 0.027150
vt 0.696135 0.028569
vt 0.700182 0.033135
vt 0.695579 0.037242
vt 0.690608 0.041381
vt 0.769236 0.836538
vt 0.763435 0.835792
vt 0.765845 0.806202
vt 0.770597 0.804084
vt 0.776680 0.821990
vt 0.780933 0.830229
vt 0.774244 0.849316
vt 0.942689 0.000000
vt 0.942416 0.017688
vt 0.949606 0.273663
vt 0.954920 0.275094
vt 0.954728 0.285120
vt 0.949707 0.285120
vt 0.948874 0.027306
vt 0.943067 0.028182
vt 0.795269 0.820183
vt 0.781213 0.803384
vt 0.801772 0.817317
vt 0.934261 0.551220
vt 0.925762 0.550645
vt 0.923117 0.534212
vt 0.928261 0.533363
vt 0.795896 0.829163
vt 0.786596 0.826784
vt 0.784216 0.819244
vt 0.580591 0.634870
vt 0.573460 0.632666
vt 0.575880 0.629453
vt 0.584604 0.632846
vt 0.580725 0.640727
vt 0.576040 0.640183
vt 0.936761 0.028393
vt 0.862952 0.375273
vt 0.860931 0.372989
vt 0.865088 0.364322
vt 0.868292 0.365802
vt 0.866437 0.382751
vt 0.863428 0.383866
vt 0.893834 0.895570
vt 0.890888 0.889143
vt 0.893393 0.887565
vt 0.896682 0.894164
vt 0.887079 0.896498
vt 0.885598 0.891412
vt 0.009372 0.728150
vt 0.004527 0.715674
vt 0.008574 0.714706
vt 0.015483 0.727266
vt 0.699084 0.025345
vt 0.687185 0.023131
vt 0.018927 0.732507
vt 0.016533 0.734630
vt 0.014440 0.738266
vt 0.008241 0.733971
vt 0.003404 0.730292
vt 0.004337 0.725505
vt 0.919379 0.557994
vt 0.920092 0.551166
vt 0.926579 0.558505
vt 0.929773 0.564869
vt 0.920993 0.562525
vt 0.782438 0.825144
vt 0.780378 0.818947
vt 0.804170 0.775003
vt 0.810340 0.775209
vt 0.811891 0.787999
vt 0.801064 0.780123
vt 0.215324 0.659120
vt 0.214581 0.669302
vt 0.201891 0.663040
vt 0.214784 0.656878
vt 0.045897 0.907228
vt 0.048626 0.908565
vt 0.048280 0.923219
vt 0.045897 0.924004
vt 0.221871 0.656796
vt 0.220635 0.667987
vt 0.033221 0.713724
vt 0.024298 0.713027
vt 0.024887 0.702611
vt 0.037576 0.707176
vt 0.047229 0.712912
vt 0.037603 0.720445
vt 0.027861 0.723525
vt 0.534346 0.764318
vt 0.537328 0.768562
vt 0.530449 0.771132
vt 0.528272 0.764189
vt 0.528601 0.755313
vt 0.535184 0.757362
vt 0.541782 0.760428
vt 0.076911 0.932803
vt 0.076469 0.938703
vt 0.071539 0.934826
vt 0.070560 0.928964
vt 0.070749 0.917334
vt 0.075269 0.916908
vt 0.009939 0.226626
vt 0.007168 0.217432
vt 0.011469 0.216042
vt 0.011853 0.235921
vt 0.009674 0.200020
vt 0.528744 0.686219
vt 0.530643 0.682750
vt 0.535009 0.685898
vt 0.532753 0.690155
vt 0.775935 0.940210
vt 0.775892 0.945823
vt 0.772335 0.947002
vt 0.772955 0.941063
vt 0.432004 0.340579
vt 0.434448 0.337751
vt 0.436349 0.342064
vt 0.433872 0.344277
vt 0.120783 0.048048
vt 0.113221 0.072444
vt 0.105839 0.077780
vt 0.108558 0.059621
vt 0.109759 0.053062
vt 0.118021 0.045022
vt 0.135979 0.039750
vt 0.127032 0.066102
vt 0.127301 0.029444
vt 0.132946 0.028504
vt 0.141195 0.017701
vt 0.131700 0.018290
vt 0.365704 0.957463
vt 0.356198 0.957644
vt 0.356828 0.952659
vt 0.365200 0.953328
vt 0.144668 0.014072
vt 0.157094 0.011681
vt 0.151539 0.015795
vt 0.145561 0.023996
vt 0.324609 0.937641
vt 0.325630 0.933806
vt 0.328607 0.935081
vt 0.328146 0.938776
vt 0.331067 0.939643
vt 0.331767 0.935959
vt 0.145395 0.011136
vt 0.155714 0.006780
vt 0.335350 0.935948
vt 0.337083 0.938556
vt 0.147444 0.006628
vt 0.156079 0.002789
vt 0.335027 0.887524
vt 0.338094 0.892349
vt 0.333834 0.895361
vt 0.330119 0.893286
vt 0.947751 0.829291
vt 0.949230 0.822193
vt 0.953648 0.822353
vt 0.952440 0.827514
vt 0.061589 0.699457
vt 0.066244 0.701382
vt 0.061914 0.711118
vt 0.057408 0.708038
vt 0.052000 0.705048
vt 0.054615 0.697851
vt 0.066083 0.693801
vt 0.069774 0.694661
vt 0.777476 0.855188
vt 0.791336 0.844302
vt 0.792076 0.855531
vt 0.779616 0.875030
vt 0.783728 0.834277
vt 0.795027 0.836593
vt 0.938779 0.582887
vt 0.929980 0.578618
vt 0.020619 0.738664
vt 0.023882 0.739042
vt 0.023665 0.741984
vt 0.020195 0.741195
vt 0.071006 0.942361
vt 0.071438 0.945505
vt 0.068182 0.944514
vt 0.069151 0.940596
vt 0.020135 0.736064
vt 0.022926 0.735486
vt 0.877077 0.394271
vt 0.879253 0.388117
vt 0.885825 0.397763
vt 0.879694 0.403912
vt 0.871334 0.392805
vt 0.871097 0.383008
vt 0.874471 0.408349
vt 0.508750 0.936553
vt 0.512353 0.936428
vt 0.510509 0.943872
vt 0.507207 0.943806
vt 0.350648 0.572397
vt 0.354221 0.565979
vt 0.356924 0.567851
vt 0.354633 0.576729
vt 0.502822 0.944253
vt 0.503139 0.938812
vt 0.033410 0.156591
vt 0.022408 0.167886
vt 0.024383 0.162963
vt 0.038083 0.146210
vt 0.042329 0.154106
vt 0.023238 0.170523
vt 0.050574 0.139104
vt 0.822822 0.805269
vt 0.833225 0.805130
vt 0.840803 0.817061
vt 0.835913 0.818680
vt 0.573371 0.739669
vt 0.576595 0.724012
vt 0.583375 0.725523
vt 0.580823 0.743332
vt 0.821867 0.797630
vt 0.828889 0.796124
vt 0.048508 0.931471
vt 0.051609 0.923567
vt 0.052645 0.931841
vt 0.052702 0.936387
vt 0.048640 0.933468
vt 0.222194 0.634914
vt 0.224111 0.633717
vt 0.221770 0.643613
vt 0.219948 0.643111
vt 0.338838 0.934850
vt 0.336702 0.930917
vt 0.341054 0.930868
vt 0.381990 0.928139
vt 0.383178 0.923725
vt 0.386921 0.925361
vt 0.384133 0.929210
vt 0.377567 0.927169
vt 0.378158 0.921535
vt 0.889817 0.156125
vt 0.895958 0.161927
vt 0.891131 0.166779
vt 0.886997 0.164557
vt 0.894116 0.152213
vt 0.899736 0.157151
vt 0.881466 0.164180
vt 0.883635 0.153524
vt 0.884011 0.143698
vt 0.887389 0.147659
vt 0.890010 0.144432
vt 0.121019 0.020208
vt 0.125629 0.018535
vt 0.122786 0.030002
vt 0.119437 0.030722
vt 0.345467 0.598854
vt 0.346563 0.588351
vt 0.350135 0.587282
vt 0.350876 0.597145
vt 0.345467 0.957613
vt 0.346105 0.951990
vt 0.350868 0.952307
vt 0.350130 0.957980
vt 0.330691 0.898439
vt 0.338021 0.899157
vt 0.333056 0.901448
vt 0.328671 0.903543
vt 0.327587 0.898972
vt 0.866519 0.904799
vt 0.870666 0.896337
vt 0.877674 0.894013
vt 0.879041 0.899503
vt 0.867558 0.408966
vt 0.864432 0.394152
vt 0.867378 0.393355
vt 0.871595 0.409518
vt 0.947217 0.592565
vt 0.941686 0.592977
vt 0.945082 0.585291
vt 0.948970 0.584724
vt 0.553280 0.688042
vt 0.545961 0.697872
vt 0.542841 0.687200
vt 0.547842 0.676417
vt 0.566225 0.686517
vt 0.561919 0.700786
vt 0.550685 0.700856
vt 0.547220 0.701796
vt 0.897688 0.794249
vt 0.897935 0.790303
vt 0.901769 0.789845
vt 0.901341 0.793763
vt 0.512544 0.959933
vt 0.508787 0.959615
vt 0.507753 0.957341
vt 0.511941 0.957388
vt 0.094574 0.050094
vt 0.097066 0.049413
vt 0.096269 0.053223
vt 0.093697 0.054048
vt 0.941035 0.587798
vt 0.940019 0.578855
vt 0.942935 0.578613
vt 0.942629 0.585879
vt 0.869104 0.899174
vt 0.868578 0.897422
vt 0.861085 0.904839
vt 0.857118 0.902280
vt 0.853591 0.897599
vt 0.863520 0.890954
vt 0.905069 0.790227
vt 0.903116 0.794212
vt 0.430315 0.565254
vt 0.433049 0.568977
vt 0.422233 0.570695
vt 0.424344 0.565017
vt 0.427806 0.557421
vt 0.432107 0.559363
vt 0.436836 0.562764
vt 0.029105 0.132628
vt 0.030682 0.131484
vt 0.030187 0.136852
vt 0.028784 0.137501
vt 0.060871 0.863410
vt 0.059504 0.859257
vt 0.063799 0.858347
vt 0.062145 0.863567
vt 0.055961 0.864233
vt 0.053932 0.860883
vt 0.933574 0.761326
vt 0.928724 0.766165
vt 0.923643 0.763016
vt 0.926468 0.758133
vt 0.822365 0.941234
vt 0.829284 0.940210
vt 0.828933 0.945349
vt 0.822365 0.945548
vt 0.885590 0.139798
vt 0.888395 0.135393
vt 0.891162 0.137618
vt 0.410485 0.569963
vt 0.406158 0.567547
vt 0.415994 0.562138
vt 0.419621 0.563938
vt 0.420743 0.574669
vt 0.407717 0.575052
vt 0.043363 0.738792
vt 0.043325 0.741618
vt 0.034483 0.740317
vt 0.035789 0.736518
vt 0.441090 0.565973
vt 0.439324 0.569530
vt 0.045403 0.733412
vt 0.049676 0.735673
vt 0.811888 0.864315
vt 0.799709 0.874053
vt 0.812674 0.851818
vt 0.881555 0.192372
vt 0.880318 0.188366
vt 0.886725 0.188323
vt 0.886553 0.194119
vt 0.879843 0.197323
vt 0.876004 0.192957
vt 0.886357 0.200955
vt 0.368883 0.587074
vt 0.364751 0.587778
vt 0.363770 0.580847
vt 0.368839 0.581822
vt 0.313656 0.952383
vt 0.309775 0.955834
vt 0.308428 0.951564
vt 0.313113 0.949067
vt 0.346614 0.932108
vt 0.349551 0.931135
vt 0.349304 0.935490
vt 0.345985 0.936261
vt 0.376556 0.537772
vt 0.380534 0.540906
vt 0.377132 0.544943
vt 0.373525 0.542955
vt 0.376790 0.575193
vt 0.370584 0.574020
vt 0.374326 0.567154
vt 0.378950 0.568320
vt 0.372186 0.582951
vt 0.301849 0.954418
vt 0.302900 0.949103
vt 0.306841 0.947471
vt 0.385611 0.568974
vt 0.385812 0.573485
vt 0.386790 0.576869
vt 0.378767 0.579102
vt 0.407078 0.554392
vt 0.401700 0.554877
vt 0.409616 0.546350
vt 0.413372 0.549033
vt 0.416956 0.551784
vt 0.409450 0.557901
vt 0.401263 0.561522
vt 0.001490 0.167897
vt 0.008109 0.167949
vt 0.008369 0.171271
vt 0.003019 0.171646
vt 0.749048 0.935319
vt 0.748003 0.931551
vt 0.748811 0.931507
vt 0.750499 0.935377
vt 0.323751 0.718376
vt 0.323558 0.716970
vt 0.330506 0.716564
vt 0.330481 0.717330
vt 0.881030 0.141363
vt 0.879226 0.151073
vt 0.873926 0.148783
vt 0.873885 0.139542
vt 0.883335 0.137744
vt 0.876027 0.135043
vt 0.878962 0.202688
vt 0.874374 0.199692
vt 0.870441 0.197154
vt 0.870987 0.191770
vt 0.391422 0.541411
vt 0.385960 0.549468
vt 0.381286 0.547324
vt 0.384550 0.542606
vt 0.878237 0.132295
vt 0.884868 0.134461
vt 0.933877 0.923514
vt 0.938240 0.921378
vt 0.938240 0.930553
vt 0.934473 0.930579
vt 0.813351 0.834184
vt 0.820350 0.830833
vt 0.835935 0.844539
vt 0.816832 0.838006
vt 0.215473 0.772060
vt 0.200822 0.774370
vt 0.201133 0.769004
vt 0.218278 0.764138
vt 0.213129 0.777845
vt 0.201378 0.780799
vt 0.840277 0.858506
vt 0.848912 0.858895
vt 0.857871 0.876646
vt 0.855829 0.877625
vt 0.855896 0.879151
vt 0.837497 0.863049
vt 0.841892 0.843890
vt 0.814683 0.844445
vt 0.071111 0.798307
vt 0.071762 0.800878
vt 0.067280 0.801040
vt 0.066949 0.798511
vt 0.223758 0.830833
vt 0.220109 0.831525
vt 0.219952 0.828606
vt 0.222650 0.827815
vt 0.864299 0.198579
vt 0.864063 0.195361
vt 0.867251 0.195868
vt 0.866646 0.199530
vt 0.784007 0.940210
vt 0.777512 0.938597
vt 0.776126 0.932420
vt 0.784656 0.932136
vt 0.797513 0.930523
vt 0.796846 0.935534
vt 0.323283 0.684500
vt 0.328515 0.670113
vt 0.331946 0.675863
vt 0.323502 0.690650
vt 0.332378 0.690858
vt 0.323914 0.698865
vt 0.340967 0.671103
vt 0.338897 0.686292
vt 0.170850 0.855334
vt 0.168264 0.858907
vt 0.162611 0.857203
vt 0.165568 0.850562
vt 0.015411 0.802023
vt 0.003291 0.802628
vt 0.000000 0.798886
vt 0.003799 0.798307
vt 0.180571 0.849527
vt 0.178680 0.853255
vt 0.833389 0.930849
vt 0.834499 0.926914
vt 0.837522 0.930368
vt 0.833673 0.933876
vt 0.826898 0.927283
vt 0.828000 0.923875
vt 0.826338 0.930913
vt 0.204040 0.821292
vt 0.213504 0.819230
vt 0.214761 0.826260
vt 0.206700 0.830146
vt 0.210096 0.806273
vt 0.215605 0.807519
vt 0.196525 0.817105
vt 0.199274 0.805730
vt 0.194587 0.837893
vt 0.192433 0.830649
vt 0.189711 0.823883
vt 0.177970 0.820675
vt 0.180890 0.813979
vt 0.176929 0.829587
vt 0.177654 0.837603
vt 0.163513 0.831219
vt 0.163152 0.823721
vt 0.163190 0.817174
vt 0.150713 0.821723
vt 0.152361 0.816462
vt 0.938632 0.058995
vt 0.937208 0.043067
vt 0.943336 0.042913
vt 0.944903 0.058203
vt 0.949115 0.075332
vt 0.943621 0.074818
vt 0.948573 0.043199
vt 0.949265 0.058276
vt 0.166928 0.813272
vt 0.169443 0.809173
vt 0.182307 0.808619
vt 0.932131 0.668403
vt 0.927915 0.655403
vt 0.932789 0.653818
vt 0.938011 0.666046
vt 0.181553 0.802325
vt 0.201695 0.798077
vt 0.213425 0.797232
vt 0.181187 0.794985
vt 0.201173 0.790286
vt 0.213890 0.788366
vt 0.219672 0.788652
vt 0.218701 0.798150
vt 0.217895 0.780223
vt 0.222635 0.799307
vt 0.219245 0.808552
vt 0.223758 0.789258
vt 0.867265 0.158520
vt 0.871649 0.160492
vt 0.867657 0.170151
vt 0.864263 0.167792
vt 0.220849 0.778765
vt 0.867683 0.147639
vt 0.872038 0.171531
vt 0.868393 0.178427
vt 0.864537 0.177522
vt 0.861629 0.175716
vt 0.876525 0.162652
vt 0.876476 0.171689
vt 0.881239 0.171033
vt 0.877224 0.178136
vt 0.872470 0.178376
vt 0.874848 0.184216
vt 0.870559 0.184840
vt 0.866955 0.185259
vt 0.867137 0.191011
vt 0.863097 0.191008
vt 0.863125 0.185179
vt 0.860037 0.191091
vt 0.859934 0.184676
vt 0.217570 0.818357
vt 0.218823 0.824647
vt 0.860906 0.195260
vt 0.215586 0.830012
vt 0.215765 0.832751
vt 0.208270 0.838327
vt 0.207698 0.834827
vt 0.195078 0.847083
vt 0.194432 0.842638
vt 0.179957 0.844047
vt 0.164427 0.840684
vt 0.150945 0.847229
vt 0.152006 0.836439
vt 0.151271 0.828047
vt 0.896508 0.402735
vt 0.891304 0.409245
vt 0.889719 0.393464
vt 0.892884 0.388879
vt 0.900471 0.397857
vt 0.931993 0.028624
vt 0.933152 0.043374
vt 0.885831 0.417792
vt 0.150063 0.854253
vt 0.881672 0.422906
vt 0.161124 0.860122
vt 0.149318 0.857515
vt 0.879259 0.424861
vt 0.159996 0.862538
vt 0.148448 0.859928
vt 0.877119 0.425977
vt 0.159015 0.864925
vt 0.148503 0.863277
vt 0.875141 0.428566
vt 0.865995 0.414559
vt 0.848323 0.915536
vt 0.840571 0.926368
vt 0.839053 0.924134
vt 0.846800 0.913874
vt 0.863358 0.905355
vt 0.835847 0.921533
vt 0.843811 0.911645
vt 0.831219 0.918797
vt 0.840221 0.908982
vt 0.822672 0.913658
vt 0.831787 0.903100
vt 0.846390 0.887571
vt 0.816725 0.891171
vt 0.830205 0.872547
vt 0.807357 0.904600
vt 0.789591 0.892194
vt 0.786193 0.903355
vt 0.772821 0.896276
vt 0.802332 0.911932
vt 0.799622 0.917091
vt 0.783996 0.912701
vt 0.817245 0.919820
vt 0.077147 0.896274
vt 0.079247 0.880025
vt 0.083484 0.881587
vt 0.083733 0.897909
vt 0.815089 0.922651
vt 0.814063 0.927106
vt 0.797727 0.924301
vt 0.080793 0.868669
vt 0.083733 0.869049
vt 0.782964 0.924279
vt 0.813863 0.931643
vt 0.813604 0.935005
vt 0.826008 0.933845
vt 0.326411 0.652800
vt 0.326606 0.641066
vt 0.329976 0.640948
vt 0.330033 0.653109
vt 0.333851 0.640858
vt 0.334912 0.653868
vt 0.326390 0.634059
vt 0.328854 0.634005
vt 0.331618 0.634174
vt 0.335489 0.634011
vt 0.338747 0.640808
vt 0.328510 0.629262
vt 0.330673 0.629162
vt 0.333113 0.629398
vt 0.167207 0.861390
vt 0.166232 0.863732
vt 0.326652 0.629233
vt 0.165092 0.865776
vt 0.324161 0.633806
vt 0.324960 0.629236
vt 0.163594 0.867774
vt 0.157085 0.866894
vt 0.007125 0.808727
vt 0.017734 0.807268
vt 0.020433 0.815641
vt 0.012097 0.819598
vt 0.340870 0.652484
vt 0.027113 0.828317
vt 0.021292 0.835581
vt 0.035343 0.813276
vt 0.036465 0.823219
vt 0.039594 0.839461
vt 0.033467 0.843461
vt 0.028837 0.848218
vt 0.042249 0.853555
vt 0.034852 0.856705
vt 0.029933 0.860141
vt 0.339214 0.697079
vt 0.344853 0.695899
vt 0.345136 0.703062
vt 0.338255 0.704455
vt 0.331642 0.706798
vt 0.332056 0.700940
vt 0.323614 0.709114
vt 0.323798 0.705336
vt 0.762305 0.936264
vt 0.758466 0.935857
vt 0.758096 0.930589
vt 0.761894 0.930752
vt 0.767896 0.931326
vt 0.768964 0.937264
vt 0.761351 0.923840
vt 0.766584 0.924029
vt 0.774025 0.924273
vt 0.764726 0.909753
vt 0.772290 0.909825
vt 0.764297 0.893369
vt 0.760160 0.888705
vt 0.756726 0.886964
vt 0.756163 0.874895
vt 0.760763 0.910409
vt 0.757506 0.910184
vt 0.757612 0.924035
vt 0.754602 0.924140
vt 0.755037 0.908555
vt 0.342551 0.785875
vt 0.341651 0.784012
vt 0.341651 0.750395
vt 0.344158 0.762145
vt 0.751973 0.924502
vt 0.751585 0.909836
vt 0.752431 0.876517
vt 0.748853 0.911926
vt 0.748811 0.885728
vt 0.749321 0.924867
vt 0.747437 0.925490
vt 0.747933 0.913469
vt 0.002830 0.191276
vt 0.004007 0.189719
vt 0.001508 0.177721
vt 0.004652 0.176681
vt 0.006792 0.184075
vt 0.008991 0.175433
vt 0.010282 0.181302
vt 0.012332 0.193195
vt 0.014662 0.178402
vt 0.015311 0.189149
vt 0.018019 0.209462
vt 0.014832 0.213187
vt 0.019247 0.236172
vt 0.015267 0.237327
vt 0.019088 0.269765
vt 0.014863 0.269527
vt 0.011057 0.269067
vt 0.014885 0.304998
vt 0.749870 0.834058
vt 0.749847 0.798797
vt 0.755892 0.836457
vt 0.750120 0.867195
vt 0.019018 0.306140
vt 0.019136 0.348652
vt 0.023401 0.307659
vt 0.023287 0.348211
vt 0.021275 0.391668
vt 0.017063 0.391908
vt 0.020654 0.438908
vt 0.016260 0.439464
vt 0.029758 0.393342
vt 0.029053 0.438670
vt 0.035998 0.479815
vt 0.052418 0.438621
vt 0.056261 0.480997
vt 0.042860 0.504966
vt 0.097079 0.441141
vt 0.098915 0.395270
vt 0.141083 0.396671
vt 0.133314 0.441264
vt 0.054012 0.393627
vt 0.056569 0.350270
vt 0.101502 0.352456
vt 0.032118 0.349296
vt 0.032320 0.309242
vt 0.058370 0.309582
vt 0.060214 0.269968
vt 0.105246 0.270308
vt 0.103804 0.311060
vt 0.033193 0.269840
vt 0.033833 0.232834
vt 0.062046 0.230903
vt 0.023678 0.270425
vt 0.024018 0.235503
vt 0.022675 0.204594
vt 0.032959 0.197882
vt 0.034847 0.170326
vt 0.065052 0.156091
vt 0.063243 0.191259
vt 0.021740 0.181927
vt 0.105895 0.229362
vt 0.150682 0.229077
vt 0.149981 0.271113
vt 0.196278 0.229736
vt 0.194408 0.272406
vt 0.192633 0.314367
vt 0.148347 0.312654
vt 0.189733 0.356056
vt 0.145609 0.354287
vt 0.185688 0.398339
vt 0.233906 0.357489
vt 0.231277 0.400266
vt 0.178036 0.443200
vt 0.276294 0.357577
vt 0.271647 0.401186
vt 0.314876 0.355503
vt 0.312145 0.401531
vt 0.305095 0.440546
vt 0.333102 0.399856
vt 0.326102 0.435841
vt 0.294666 0.475775
vt 0.341587 0.398828
vt 0.331379 0.354556
vt 0.339284 0.352349
vt 0.746021 0.744319
vt 0.745019 0.779266
vt 0.328447 0.316248
vt 0.334852 0.317435
vt 0.326034 0.277659
vt 0.332415 0.279465
vt 0.315486 0.318472
vt 0.313856 0.276082
vt 0.313771 0.237074
vt 0.324859 0.240743
vt 0.279042 0.317815
vt 0.280422 0.275500
vt 0.280821 0.233927
vt 0.314761 0.195124
vt 0.237578 0.274027
vt 0.238618 0.231231
vt 0.236171 0.316133
vt 0.325684 0.200346
vt 0.333272 0.175249
vt 0.334036 0.163495
vt 0.337425 0.163996
vt 0.337051 0.174739
vt 0.339766 0.164417
vt 0.340284 0.173622
vt 0.340627 0.188032
vt 0.746603 0.908622
vt 0.744649 0.905569
vt 0.741939 0.890212
vt 0.744451 0.887762
vt 0.338995 0.208901
vt 0.739757 0.882127
vt 0.743906 0.878863
vt 0.737859 0.862854
vt 0.732345 0.858241
vt 0.723978 0.839254
vt 0.740350 0.874595
vt 0.717706 0.837983
vt 0.713642 0.830028
vt 0.718597 0.830209
vt 0.725820 0.856029
vt 0.923920 0.017743
vt 0.927767 0.021379
vt 0.924590 0.035831
vt 0.919873 0.033778
vt 0.738483 0.876902
vt 0.929861 0.000000
vt 0.931993 0.001378
vt 0.931751 0.823088
vt 0.927948 0.822857
vt 0.928272 0.817943
vt 0.931751 0.815957
vt 0.737058 0.883349
vt 0.733793 0.884732
vt 0.739161 0.892059
vt 0.734989 0.890930
vt 0.729324 0.893151
vt 0.728581 0.887190
vt 0.743258 0.911021
vt 0.737253 0.904685
vt 0.730867 0.903630
vt 0.719967 0.905978
vt 0.718769 0.897598
vt 0.720267 0.916762
vt 0.704425 0.920073
vt 0.704524 0.910543
vt 0.719079 0.925545
vt 0.702106 0.928786
vt 0.685745 0.925297
vt 0.718751 0.931844
vt 0.687357 0.917066
vt 0.687033 0.911310
vt 0.703445 0.902959
vt 0.683764 0.900739
vt 0.702877 0.895691
vt 0.718017 0.890783
vt 0.674288 0.883236
vt 0.651104 0.890480
vt 0.662350 0.865340
vt 0.663927 0.904115
vt 0.642918 0.907251
vt 0.632262 0.900252
vt 0.866540 0.448400
vt 0.871459 0.461306
vt 0.874192 0.439425
vt 0.880174 0.457228
vt 0.889127 0.444774
vt 0.893043 0.459962
vt 0.882130 0.471183
vt 0.870736 0.474270
vt 0.882082 0.428566
vt 0.865439 0.471501
vt 0.615705 0.894453
vt 0.622720 0.884813
vt 0.942501 0.721282
vt 0.943687 0.709633
vt 0.949910 0.720866
vt 0.636097 0.864671
vt 0.639013 0.869635
vt 0.942501 0.691459
vt 0.647618 0.849135
vt 0.650757 0.851147
vt 0.947694 0.668403
vt 0.947650 0.670479
vt 0.653210 0.853516
vt 0.671142 0.833412
vt 0.676036 0.838235
vt 0.656056 0.857278
vt 0.638496 0.873909
vt 0.668001 0.831008
vt 0.693431 0.828288
vt 0.709024 0.829187
vt 0.923486 0.042018
vt 0.923487 0.045970
vt 0.918091 0.044593
vt 0.918164 0.040783
vt 0.924458 0.051265
vt 0.918656 0.048727
vt 0.913854 0.047645
vt 0.913323 0.043610
vt 0.935396 0.939363
vt 0.933877 0.934307
vt 0.937599 0.930579
vt 0.937599 0.936737
vt 0.714030 0.826265
vt 0.708945 0.821507
vt 0.709419 0.813076
vt 0.920398 0.057688
vt 0.915482 0.056111
vt 0.921102 0.074652
vt 0.916313 0.072055
vt 0.913365 0.093301
vt 0.911996 0.069621
vt 0.912087 0.057512
vt 0.720103 0.801198
vt 0.724478 0.778737
vt 0.730078 0.779608
vt 0.724457 0.803959
vt 0.719375 0.766992
vt 0.721712 0.763984
vt 0.712406 0.759157
vt 0.713950 0.756081
vt 0.707853 0.754742
vt 0.709487 0.750943
vt 0.711506 0.745316
vt 0.573454 0.927831
vt 0.574993 0.933705
vt 0.569861 0.931649
vt 0.568641 0.925912
vt 0.567874 0.919193
vt 0.570079 0.919195
vt 0.712857 0.736781
vt 0.567601 0.913248
vt 0.570164 0.911255
vt 0.573064 0.910485
vt 0.572561 0.919264
vt 0.567634 0.901203
vt 0.572231 0.898464
vt 0.575971 0.895349
vt 0.708540 0.711942
vt 0.705547 0.714609
vt 0.699038 0.702460
vt 0.702244 0.699688
vt 0.708088 0.695342
vt 0.714765 0.705622
vt 0.715255 0.689364
vt 0.698869 0.688837
vt 0.703942 0.683995
vt 0.708202 0.679761
vt 0.719656 0.684838
vt 0.711955 0.676112
vt 0.722611 0.681654
vt 0.715966 0.674151
vt 0.723634 0.678670
vt 0.719420 0.671254
vt 0.703907 0.667252
vt 0.706643 0.666149
vt 0.724483 0.666651
vt 0.699695 0.661565
vt 0.701680 0.660901
vt 0.289104 0.912058
vt 0.287916 0.911415
vt 0.288174 0.895275
vt 0.289559 0.896830
vt 0.285474 0.911146
vt 0.284997 0.893773
vt 0.286166 0.874529
vt 0.289251 0.875064
vt 0.714228 0.652023
vt 0.731049 0.635441
vt 0.822365 0.954271
vt 0.819139 0.953851
vt 0.818486 0.944130
vt 0.821430 0.943796
vt 0.739467 0.626185
vt 0.741189 0.627582
vt 0.742689 0.622783
vt 0.743813 0.624196
vt 0.745807 0.623394
vt 0.742267 0.629885
vt 0.339494 0.466777
vt 0.339192 0.473278
vt 0.337411 0.473471
vt 0.337912 0.469387
vt 0.745528 0.627295
vt 0.334690 0.474512
vt 0.334370 0.471649
vt 0.334508 0.465727
vt 0.338429 0.459305
vt 0.337925 0.454079
vt 0.342193 0.444793
vt 0.332251 0.476784
vt 0.743454 0.619940
vt 0.742109 0.619133
vt 0.741267 0.616100
vt 0.742803 0.616273
vt 0.330558 0.480464
vt 0.335027 0.476004
vt 0.332748 0.477584
vt 0.077652 0.933843
vt 0.079939 0.934350
vt 0.080027 0.936958
vt 0.077547 0.936129
vt 0.337276 0.475178
vt 0.077547 0.931585
vt 0.079867 0.931828
vt 0.818435 0.940291
vt 0.815420 0.943673
vt 0.815851 0.940210
vt 0.077869 0.930151
vt 0.079738 0.929538
vt 0.083696 0.929851
vt 0.083733 0.932809
vt 0.737588 0.624695
vt 0.730025 0.632622
vt 0.728502 0.629522
vt 0.736059 0.622230
vt 0.739623 0.619993
vt 0.740882 0.621848
vt 0.815420 0.952842
vt 0.726178 0.625488
vt 0.734191 0.618545
vt 0.738446 0.616567
vt 0.732289 0.614139
vt 0.737321 0.611964
vt 0.740976 0.611242
vt 0.736236 0.607140
vt 0.743285 0.610726
vt 0.330246 0.486014
vt 0.730598 0.609252
vt 0.728730 0.604377
vt 0.734764 0.602511
vt 0.725824 0.600452
vt 0.732522 0.597038
vt 0.243891 0.927731
vt 0.250825 0.930209
vt 0.254310 0.936767
vt 0.239253 0.924621
vt 0.266286 0.932464
vt 0.268926 0.936994
vt 0.259801 0.940237
vt 0.876008 0.944271
vt 0.875650 0.951598
vt 0.869681 0.948434
vt 0.869681 0.940210
vt 0.264558 0.929506
vt 0.713721 0.607528
vt 0.701004 0.624894
vt 0.699383 0.622237
vt 0.710657 0.604145
vt 0.716845 0.611298
vt 0.702945 0.627989
vt 0.689189 0.640735
vt 0.687471 0.639142
vt 0.719604 0.616023
vt 0.705367 0.631501
vt 0.691488 0.643819
vt 0.679735 0.650448
vt 0.677282 0.647973
vt 0.708672 0.635958
vt 0.693553 0.647064
vt 0.681950 0.652884
vt 0.695151 0.650346
vt 0.684247 0.655667
vt 0.676473 0.659951
vt 0.671424 0.663813
vt 0.687135 0.659208
vt 0.680259 0.663509
vt 0.674768 0.667677
vt 0.680135 0.672588
vt 0.676012 0.675983
vt 0.671039 0.670811
vt 0.667680 0.667195
vt 0.668328 0.673013
vt 0.664526 0.669774
vt 0.662557 0.668725
vt 0.580076 0.872114
vt 0.579351 0.876130
vt 0.577080 0.876723
vt 0.578052 0.871967
vt 0.581020 0.867833
vt 0.581318 0.872775
vt 0.580807 0.875085
vt 0.574590 0.877393
vt 0.575530 0.872094
vt 0.571917 0.878089
vt 0.572789 0.872354
vt 0.571112 0.882432
vt 0.567765 0.883048
vt 0.574030 0.881860
vt 0.573991 0.887242
vt 0.570634 0.887393
vt 0.576634 0.881226
vt 0.576984 0.887008
vt 0.944804 0.376774
vt 0.946112 0.385934
vt 0.942328 0.385584
vt 0.941805 0.376892
vt 0.578946 0.880468
vt 0.579745 0.886648
vt 0.947575 0.376519
vt 0.949809 0.385824
vt 0.952394 0.397112
vt 0.947527 0.397171
vt 0.950063 0.376165
vt 0.952996 0.385692
vt 0.956918 0.397326
vt 0.956694 0.407669
vt 0.952096 0.407362
vt 0.685132 0.699071
vt 0.674023 0.691806
vt 0.676583 0.689709
vt 0.687872 0.696616
vt 0.696355 0.704860
vt 0.693478 0.708093
vt 0.702891 0.716948
vt 0.700334 0.719843
vt 0.690914 0.694166
vt 0.567591 0.890308
vt 0.572064 0.887505
vt 0.679513 0.687163
vt 0.682461 0.684471
vt 0.694137 0.692235
vt 0.685009 0.682036
vt 0.673445 0.678127
vt 0.689224 0.678202
vt 0.954811 0.417494
vt 0.954433 0.426870
vt 0.950495 0.427169
vt 0.950602 0.418341
vt 0.565058 0.904472
vt 0.564477 0.913564
vt 0.946279 0.427435
vt 0.946180 0.419130
vt 0.947271 0.407839
vt 0.942626 0.408356
vt 0.942872 0.396921
vt 0.938436 0.408938
vt 0.938455 0.396574
vt 0.938344 0.384865
vt 0.934446 0.396071
vt 0.934402 0.383941
vt 0.934894 0.376691
vt 0.938442 0.376897
vt 0.915432 0.196997
vt 0.914862 0.188047
vt 0.918469 0.188402
vt 0.918962 0.197637
vt 0.918455 0.203240
vt 0.914748 0.202512
vt 0.567098 0.887505
vt 0.923584 0.197834
vt 0.924437 0.203476
vt 0.926006 0.207161
vt 0.918029 0.207039
vt 0.913369 0.206565
vt 0.929032 0.197798
vt 0.927523 0.188870
vt 0.933391 0.188970
vt 0.934605 0.197440
vt 0.922693 0.188673
vt 0.919998 0.175089
vt 0.924887 0.174986
vt 0.915427 0.175362
vt 0.913088 0.158958
vt 0.917119 0.157963
vt 0.911233 0.175326
vt 0.909640 0.159416
vt 0.934530 0.409102
vt 0.917324 0.144317
vt 0.922332 0.144554
vt 0.921919 0.157084
vt 0.928563 0.144991
vt 0.928469 0.156159
vt 0.931369 0.175371
vt 0.965031 0.153310
vt 0.965711 0.169733
vt 0.958852 0.166704
vt 0.959312 0.151683
vt 0.959911 0.140276
vt 0.965067 0.141538
vt 0.953598 0.149300
vt 0.955002 0.138648
vt 0.955846 0.132216
vt 0.960614 0.133237
vt 0.965582 0.134080
vt 0.956198 0.128585
vt 0.679567 0.383191
vt 0.676840 0.379681
vt 0.680257 0.376375
vt 0.682846 0.379816
vt 0.684599 0.382294
vt 0.681370 0.385922
vt 0.956259 0.126158
vt 0.685645 0.384346
vt 0.682402 0.388366
vt 0.226535 0.768809
vt 0.224482 0.767905
vt 0.909650 0.543670
vt 0.905959 0.549181
vt 0.908471 0.540203
vt 0.955631 0.882719
vt 0.953325 0.877294
vt 0.689899 0.375576
vt 0.690771 0.377661
vt 0.903962 0.557305
vt 0.906247 0.558726
vt 0.905334 0.570757
vt 0.901984 0.569307
vt 0.901131 0.580246
vt 0.897988 0.578438
vt 0.894536 0.576748
vt 0.893418 0.583509
vt 0.890154 0.581302
vt 0.885273 0.576675
vt 0.889769 0.573313
vt 0.878228 0.565546
vt 0.882972 0.563226
vt 0.873331 0.552793
vt 0.878542 0.551098
vt 0.952581 0.914590
vt 0.953188 0.920221
vt 0.939001 0.916033
vt 0.939322 0.910901
vt 0.523960 0.887446
vt 0.518826 0.887505
vt 0.523409 0.869404
vt 0.528178 0.870640
vt 0.534694 0.870978
vt 0.532377 0.885804
vt 0.532118 0.857873
vt 0.537128 0.859104
vt 0.543686 0.859844
vt 0.544527 0.869447
vt 0.544679 0.883136
vt 0.554311 0.859309
vt 0.113924 0.932009
vt 0.115076 0.942583
vt 0.104710 0.940901
vt 0.105611 0.932649
vt 0.103822 0.921652
vt 0.111880 0.921271
vt 0.565199 0.858545
vt 0.101311 0.915088
vt 0.110685 0.915487
vt 0.571093 0.858331
vt 0.088272 0.920449
vt 0.086875 0.914514
vt 0.085964 0.910073
vt 0.578111 0.838197
vt 0.573573 0.838195
vt 0.573571 0.819176
vt 0.577315 0.820434
vt 0.580527 0.822641
vt 0.582195 0.838797
vt 0.084985 0.906148
vt 0.567527 0.838701
vt 0.570516 0.800700
vt 0.575168 0.800863
vt 0.088974 0.928764
vt 0.559139 0.838410
vt 0.086700 0.935110
vt 0.552884 0.835408
vt 0.102941 0.945977
vt 0.083968 0.939098
vt 0.549002 0.832010
vt 0.541117 0.850026
vt 0.537163 0.846978
vt 0.544243 0.830339
vt 0.323349 0.856835
vt 0.318395 0.876773
vt 0.313925 0.874116
vt 0.317961 0.855019
vt 0.308849 0.871577
vt 0.311441 0.853965
vt 0.300681 0.869590
vt 0.301119 0.851604
vt 0.301535 0.830926
vt 0.290106 0.850762
vt 0.290009 0.831746
vt 0.294216 0.811695
vt 0.303344 0.811641
vt 0.295767 0.798173
vt 0.302119 0.797770
vt 0.794032 0.953792
vt 0.794734 0.940210
vt 0.800222 0.940570
vt 0.802407 0.953792
vt 0.190640 0.867773
vt 0.189387 0.873559
vt 0.175224 0.874292
vt 0.175277 0.868878
vt 0.299602 0.782126
vt 0.306230 0.780958
vt 0.299157 0.764373
vt 0.304642 0.759846
vt 0.307009 0.739679
vt 0.312296 0.776776
vt 0.307025 0.741337
vt 0.319507 0.776797
vt 0.326154 0.776180
vt 0.332722 0.791512
vt 0.336007 0.796961
vt 0.333619 0.779892
vt 0.337685 0.790556
vt 0.340989 0.794243
vt 0.238304 0.956308
vt 0.236868 0.945919
vt 0.243213 0.959544
vt 0.237197 0.960427
vt 0.235023 0.960239
vt 0.235371 0.955237
vt 0.234029 0.943787
vt 0.308189 0.506422
vt 0.320068 0.499098
vt 0.319591 0.505759
vt 0.305898 0.511799
vt 0.296707 0.512396
vt 0.234029 0.932355
vt 0.234748 0.924546
vt 0.291758 0.515621
vt 0.340780 0.790560
vt 0.337240 0.783295
vt 0.287998 0.523677
vt 0.291557 0.528469
vt 0.279971 0.547917
vt 0.275772 0.541388
vt 0.263299 0.586678
vt 0.259661 0.583033
vt 0.250460 0.581506
vt 0.260006 0.589870
vt 0.253063 0.587757
vt 0.469171 0.933033
vt 0.481491 0.934992
vt 0.478555 0.944838
vt 0.468862 0.940307
vt 0.148128 0.930080
vt 0.143531 0.933765
vt 0.143531 0.921056
vt 0.146906 0.927036
vt 0.481455 0.929687
vt 0.939522 0.938639
vt 0.951964 0.933651
vt 0.951602 0.940859
vt 0.941044 0.943743
vt 0.481983 0.925141
vt 0.938566 0.934095
vt 0.949040 0.928093
vt 0.148448 0.885932
vt 0.159400 0.878354
vt 0.160937 0.884128
vt 0.150693 0.890808
vt 0.938566 0.929069
vt 0.944096 0.925163
vt 0.291606 0.753676
vt 0.297272 0.751357
vt 0.294092 0.765742
vt 0.302220 0.747528
vt 0.175392 0.879477
vt 0.176875 0.889586
vt 0.163138 0.893173
vt 0.153316 0.897633
vt 0.179840 0.905550
vt 0.166743 0.908072
vt 0.157861 0.910579
vt 0.168450 0.919082
vt 0.159349 0.921560
vt 0.951016 0.954458
vt 0.949156 0.965382
vt 0.938799 0.964811
vt 0.941049 0.954034
vt 0.149428 0.924066
vt 0.159038 0.928592
vt 0.148448 0.933908
vt 0.957442 0.046592
vt 0.958654 0.056104
vt 0.949265 0.073588
vt 0.949265 0.050160
vt 0.473241 0.954512
vt 0.464130 0.952040
vt 0.611148 0.560709
vt 0.618605 0.550471
vt 0.622052 0.554661
vt 0.615305 0.567507
vt 0.609445 0.581225
vt 0.602069 0.568278
vt 0.627246 0.559712
vt 0.619653 0.574568
vt 0.613357 0.588227
vt 0.631056 0.564215
vt 0.622940 0.580969
vt 0.616217 0.590302
vt 0.634858 0.570179
vt 0.624366 0.582540
vt 0.962569 0.925163
vt 0.965723 0.928573
vt 0.943299 0.199009
vt 0.936775 0.183653
vt 0.943437 0.184585
vt 0.947142 0.199309
vt 0.625696 0.584885
vt 0.617999 0.594556
vt 0.617206 0.593380
vt 0.627439 0.588218
vt 0.619246 0.595616
vt 0.140190 0.829668
vt 0.129232 0.821939
vt 0.601203 0.599934
vt 0.601161 0.613472
vt 0.600550 0.615490
vt 0.600550 0.598854
vt 0.115609 0.823682
vt 0.111940 0.819284
vt 0.107836 0.815137
vt 0.127235 0.820900
vt 0.098894 0.818958
vt 0.096854 0.815190
vt 0.172656 0.627766
vt 0.161677 0.628304
vt 0.159572 0.624680
vt 0.167359 0.624134
vt 0.184412 0.623743
vt 0.191950 0.625425
vt 0.156758 0.620523
vt 0.162729 0.619520
vt 0.176390 0.619252
vt 0.157249 0.614830
vt 0.166556 0.613514
vt 0.145740 0.609089
vt 0.154941 0.605462
vt 0.168860 0.599394
vt 0.186819 0.577676
vt 0.136957 0.597347
vt 0.142730 0.584805
vt 0.151455 0.560047
vt 0.200956 0.545928
vt 0.118381 0.578304
vt 0.117012 0.550468
vt 0.119890 0.594709
vt 0.106485 0.594211
vt 0.120273 0.602186
vt 0.110212 0.601920
vt 0.103438 0.601565
vt 0.098924 0.592981
vt 0.099078 0.601239
vt 0.094112 0.592666
vt 0.077738 0.581025
vt 0.096350 0.601019
vt 0.090926 0.594413
vt 0.077523 0.581371
vt 0.917179 0.115655
vt 0.921049 0.125314
vt 0.321164 0.642363
vt 0.321401 0.629162
vt 0.321164 0.630115
vt 0.323108 0.641658
vt 0.918926 0.116126
vt 0.924480 0.125470
vt 0.245286 0.849626
vt 0.247676 0.839312
vt 0.250980 0.841770
vt 0.248112 0.851676
vt 0.244876 0.859061
vt 0.242981 0.858629
vt 0.242418 0.848433
vt 0.244677 0.837869
vt 0.239584 0.847730
vt 0.241469 0.836716
vt 0.236847 0.847387
vt 0.239569 0.835290
vt 0.375850 0.643484
vt 0.378154 0.643770
vt 0.375893 0.664163
vt 0.372635 0.664491
vt 0.378575 0.686101
vt 0.372943 0.689841
vt 0.380736 0.644321
vt 0.379491 0.663710
vt 0.383307 0.683522
vt 0.244545 0.793328
vt 0.243236 0.771062
vt 0.253890 0.771600
vt 0.250645 0.793806
vt 0.243413 0.814994
vt 0.240345 0.814381
vt 0.237931 0.792699
vt 0.234029 0.767289
vt 0.387962 0.680865
vt 0.382375 0.662710
vt 0.387429 0.661526
vt 0.392303 0.676922
vt 0.395888 0.659788
vt 0.399690 0.673055
vt 0.407389 0.685211
vt 0.041353 0.961860
vt 0.027593 0.963963
vt 0.028121 0.948980
vt 0.040606 0.949394
vt 0.411931 0.669762
vt 0.416594 0.682079
vt 0.027899 0.939694
vt 0.040077 0.939829
vt 0.421367 0.668391
vt 0.423989 0.681171
vt 0.437978 0.932473
vt 0.450418 0.930049
vt 0.427120 0.667744
vt 0.429567 0.680891
vt 0.438067 0.926889
vt 0.451066 0.925141
vt 0.460725 0.925141
vt 0.459907 0.929190
vt 0.402974 0.099274
vt 0.391810 0.089404
vt 0.395196 0.087164
vt 0.406244 0.097015
vt 0.414021 0.105102
vt 0.411097 0.105826
vt 0.418908 0.114950
vt 0.414697 0.115476
vt 0.409433 0.093992
vt 0.417509 0.103491
vt 0.422844 0.113848
vt 0.430277 0.126683
vt 0.426153 0.127938
vt 0.421140 0.101672
vt 0.426621 0.112455
vt 0.434185 0.125319
vt 0.445712 0.137649
vt 0.441539 0.139561
vt 0.431007 0.110569
vt 0.438270 0.123596
vt 0.450338 0.135638
vt 0.461367 0.149397
vt 0.457873 0.150478
vt 0.913755 0.687357
vt 0.913038 0.701206
vt 0.910220 0.701582
vt 0.909644 0.686642
vt 0.908330 0.671239
vt 0.912580 0.671802
vt 0.905737 0.654481
vt 0.910344 0.655636
vt 0.903916 0.685917
vt 0.903664 0.670388
vt 0.902060 0.653517
vt 0.899298 0.639724
vt 0.903396 0.639819
vt 0.140763 0.719157
vt 0.139307 0.738097
vt 0.135527 0.735827
vt 0.136432 0.716188
vt 0.138083 0.701981
vt 0.142553 0.704224
vt 0.140242 0.691076
vt 0.144870 0.692344
vt 0.148346 0.693411
vt 0.145783 0.705998
vt 0.140480 0.683894
vt 0.902677 0.627764
vt 0.900598 0.618999
vt 0.904799 0.617846
vt 0.906932 0.628350
vt 0.908287 0.640832
vt 0.911035 0.628453
vt 0.912719 0.641632
vt 0.914414 0.656521
vt 0.469911 0.163573
vt 0.479551 0.176843
vt 0.475773 0.178296
vt 0.465528 0.165194
vt 0.453653 0.152094
vt 0.915672 0.671592
vt 0.461480 0.166800
vt 0.449427 0.153759
vt 0.437458 0.141177
vt 0.445048 0.155353
vt 0.433324 0.142868
vt 0.421935 0.128868
vt 0.429219 0.144244
vt 0.418378 0.128609
vt 0.435634 0.724410
vt 0.432088 0.723857
vt 0.429567 0.709032
vt 0.434064 0.710093
vt 0.427382 0.722208
vt 0.424772 0.707380
vt 0.423356 0.698589
vt 0.428265 0.699635
vt 0.432345 0.700090
vt 0.431230 0.740450
vt 0.425860 0.739389
vt 0.435871 0.740806
vt 0.422239 0.143147
vt 0.431369 0.160152
vt 0.425351 0.162044
vt 0.416673 0.144269
vt 0.419612 0.740095
vt 0.434430 0.756858
vt 0.428695 0.757490
vt 0.435909 0.159232
vt 0.443688 0.174965
vt 0.437639 0.177313
vt 0.437978 0.755748
vt 0.440653 0.157615
vt 0.450599 0.172113
vt 0.458899 0.186994
vt 0.451466 0.191517
vt 0.456926 0.168832
vt 0.467197 0.182224
vt 0.475235 0.194282
vt 0.467301 0.200482
vt 0.471852 0.179836
vt 0.480036 0.192059
vt 0.487897 0.203521
vt 0.483680 0.206358
vt 0.483900 0.190312
vt 0.491726 0.201244
vt 0.499695 0.211393
vt 0.496858 0.215056
vt 0.486907 0.188767
vt 0.494460 0.199032
vt 0.502098 0.207809
vt 0.511754 0.217273
vt 0.509675 0.221113
vt 0.906845 0.606700
vt 0.908863 0.616840
vt 0.902264 0.608278
vt 0.901370 0.597445
vt 0.905553 0.595616
vt 0.411218 0.861769
vt 0.409704 0.848286
vt 0.413068 0.847867
vt 0.415123 0.861271
vt 0.413259 0.873408
vt 0.407933 0.874635
vt 0.407186 0.861846
vt 0.405823 0.848982
vt 0.403789 0.835073
vt 0.407484 0.833760
vt 0.144373 0.644322
vt 0.140023 0.645677
vt 0.138162 0.630864
vt 0.141623 0.629162
vt 0.399969 0.835420
vt 0.395364 0.821656
vt 0.398389 0.820925
vt 0.402929 0.848275
vt 0.397484 0.848330
vt 0.395431 0.835869
vt 0.391267 0.822758
vt 0.385801 0.814709
vt 0.388467 0.813479
vt 0.388574 0.837381
vt 0.380472 0.838742
vt 0.372652 0.838948
vt 0.365971 0.851132
vt 0.367133 0.838204
vt 0.369405 0.823554
vt 0.373881 0.814967
vt 0.362277 0.837606
vt 0.365761 0.823036
vt 0.371888 0.813920
vt 0.375806 0.809919
vt 0.377650 0.811149
vt 0.363317 0.822570
vt 0.370016 0.812938
vt 0.374263 0.808971
vt 0.376809 0.807002
vt 0.378247 0.807929
vt 0.876231 0.945736
vt 0.876008 0.940725
vt 0.878587 0.940210
vt 0.878199 0.945413
vt 0.877741 0.948075
vt 0.876008 0.948529
vt 0.375531 0.806085
vt 0.377831 0.804760
vt 0.378932 0.805690
vt 0.880346 0.945710
vt 0.879672 0.948356
vt 0.825204 0.351042
vt 0.822554 0.351532
vt 0.821781 0.349297
vt 0.824507 0.349124
vt 0.880979 0.949598
vt 0.879471 0.951647
vt 0.118731 0.920144
vt 0.120688 0.917371
vt 0.122464 0.918002
vt 0.120429 0.921004
vt 0.118683 0.923593
vt 0.117255 0.925669
vt 0.115108 0.925935
vt 0.124812 0.919133
vt 0.126159 0.911994
vt 0.128941 0.913090
vt 0.131997 0.914649
vt 0.127313 0.920599
vt 0.135188 0.916315
vt 0.128745 0.921705
vt 0.927948 0.823191
vt 0.930489 0.824045
vt 0.816928 0.339859
vt 0.817653 0.336990
vt 0.820405 0.337999
vt 0.819812 0.340653
vt 0.809608 0.337296
vt 0.810324 0.332793
vt 0.814652 0.328619
vt 0.820187 0.332866
vt 0.805815 0.322071
vt 0.962140 0.229269
vt 0.963561 0.236379
vt 0.959078 0.237659
vt 0.958554 0.230746
vt 0.822803 0.334217
vt 0.821745 0.323383
vt 0.825764 0.327516
vt 0.831015 0.317861
vt 0.834070 0.321114
vt 0.815942 0.318489
vt 0.827416 0.313966
vt 0.833972 0.307730
vt 0.839327 0.312252
vt 0.809021 0.312817
vt 0.819200 0.307662
vt 0.823326 0.302257
vt 0.825092 0.297052
vt 0.837052 0.302946
vt 0.809567 0.303059
vt 0.811703 0.297939
vt 0.811710 0.291626
vt 0.812189 0.287533
vt 0.825994 0.293576
vt 0.826788 0.290354
vt 0.839560 0.296696
vt 0.838554 0.299679
vt 0.814269 0.283041
vt 0.816517 0.279350
vt 0.827914 0.287475
vt 0.805286 0.276075
vt 0.807067 0.272128
vt 0.908969 0.501066
vt 0.913272 0.500964
vt 0.912964 0.512459
vt 0.909679 0.511769
vt 0.148252 0.941696
vt 0.143531 0.942794
vt 0.148336 0.934107
vt 0.906446 0.490770
vt 0.911635 0.490341
vt 0.917279 0.490636
vt 0.918429 0.501836
vt 0.903412 0.477085
vt 0.908091 0.477157
vt 0.913319 0.478166
vt 0.787177 0.253339
vt 0.789804 0.249591
vt 0.801910 0.255539
vt 0.798270 0.260444
vt 0.905510 0.460218
vt 0.910616 0.461959
vt 0.916206 0.463897
vt 0.917665 0.480268
vt 0.774793 0.241526
vt 0.778856 0.236880
vt 0.910096 0.443631
vt 0.916758 0.446144
vt 0.759197 0.228658
vt 0.763814 0.225433
vt 0.769275 0.220615
vt 0.783493 0.230954
vt 0.747034 0.212852
vt 0.750685 0.211600
vt 0.755934 0.208909
vt 0.760376 0.206082
vt 0.773649 0.216333
vt 0.742203 0.199833
vt 0.746515 0.198264
vt 0.750880 0.196506
vt 0.754858 0.194236
vt 0.764361 0.202620
vt 0.740358 0.190079
vt 0.743722 0.188224
vt 0.746752 0.186308
vt 0.749732 0.184207
vt 0.758392 0.191838
vt 0.737813 0.181990
vt 0.739771 0.179891
vt 0.741623 0.177685
vt 0.743010 0.175643
vt 0.751160 0.182838
vt 0.734798 0.176451
vt 0.735710 0.174169
vt 0.736277 0.171878
vt 0.743727 0.173388
vt 0.731412 0.171956
vt 0.731878 0.169841
vt 0.301373 0.934536
vt 0.299218 0.936155
vt 0.299303 0.931926
vt 0.301453 0.930808
vt 0.303773 0.929424
vt 0.303470 0.932655
vt 0.307002 0.926612
vt 0.307038 0.929569
vt 0.301429 0.927381
vt 0.303974 0.926088
vt 0.947092 0.496602
vt 0.944317 0.494721
vt 0.943900 0.489824
vt 0.946558 0.491711
vt 0.307111 0.923381
vt 0.313830 0.917881
vt 0.313580 0.921542
vt 0.940881 0.492300
vt 0.940663 0.487601
vt 0.939166 0.478465
vt 0.942530 0.480923
vt 0.313964 0.913759
vt 0.323719 0.906907
vt 0.324609 0.911343
vt 0.936006 0.484372
vt 0.935187 0.475108
vt 0.936880 0.459984
vt 0.939052 0.464368
vt 0.940128 0.445887
vt 0.944021 0.450323
vt 0.930191 0.470078
vt 0.932977 0.455846
vt 0.935769 0.442521
vt 0.937142 0.431082
vt 0.941995 0.434086
vt 0.928975 0.452230
vt 0.931746 0.439354
vt 0.933033 0.428566
vt 0.267321 0.683321
vt 0.278117 0.678865
vt 0.278680 0.683375
vt 0.267087 0.688122
vt 0.941832 0.289601
vt 0.941027 0.303029
vt 0.938622 0.300999
vt 0.938933 0.287711
vt 0.266165 0.679928
vt 0.277276 0.674017
vt 0.931464 0.372558
vt 0.930622 0.358388
vt 0.936305 0.358185
vt 0.936305 0.372830
vt 0.265164 0.675860
vt 0.275723 0.668351
vt 0.925753 0.369251
vt 0.923708 0.357441
vt 0.286067 0.666714
vt 0.297448 0.665120
vt 0.299753 0.672029
vt 0.287758 0.673634
vt 0.487765 0.925818
vt 0.487765 0.941362
vt 0.482112 0.939402
vt 0.485377 0.925141
vt 0.284980 0.660599
vt 0.295949 0.659876
vt 0.301527 0.659349
vt 0.301947 0.664056
vt 0.284201 0.655150
vt 0.295317 0.656475
vt 0.301386 0.655995
vt 0.305140 0.659141
vt 0.294897 0.653201
vt 0.300969 0.653442
vt 0.678198 0.992786
vt 0.676369 0.986336
vt 0.678710 0.985830
vt 0.680548 0.992258
vt 0.681660 0.983984
vt 0.683369 0.991249
vt 0.684910 0.995842
vt 0.686248 0.999123
vt 0.686707 0.988381
vt 0.688414 0.993406
vt 0.689989 0.997423
vt 0.209233 0.910333
vt 0.214068 0.913271
vt 0.210433 0.913594
vt 0.694778 0.985445
vt 0.696272 0.991533
vt 0.206690 0.905472
vt 0.706083 0.973356
vt 0.706307 0.981775
vt 0.707701 0.987924
vt 0.696133 0.993888
vt 0.720568 0.971621
vt 0.719432 0.973374
vt 0.719045 0.976302
vt 0.706976 0.970284
vt 0.722703 0.964926
vt 0.740571 0.959546
vt 0.740457 0.963682
vt 0.193615 0.886451
vt 0.190640 0.868584
vt 0.317230 0.133147
vt 0.317640 0.137280
vt 0.304854 0.136645
vt 0.304183 0.132203
vt 0.283063 0.133227
vt 0.284873 0.126371
vt 0.287756 0.121468
vt 0.266915 0.130261
vt 0.273380 0.123823
vt 0.222294 0.874433
vt 0.233769 0.875129
vt 0.229893 0.881829
vt 0.218341 0.879790
vt 0.592154 0.648185
vt 0.597429 0.649481
vt 0.597387 0.658591
vt 0.592576 0.657722
vt 0.229533 0.888759
vt 0.222646 0.888155
vt 0.275998 0.120416
vt 0.266700 0.121010
vt 0.270750 0.115266
vt 0.259702 0.128563
vt 0.264323 0.114485
vt 0.258449 0.113366
vt 0.258946 0.108360
vt 0.265642 0.108585
vt 0.045813 0.881066
vt 0.040785 0.879655
vt 0.038452 0.873481
vt 0.045897 0.874658
vt 0.256769 0.101204
vt 0.263030 0.102266
vt 0.034204 0.882180
vt 0.031304 0.875792
vt 0.027273 0.888091
vt 0.024205 0.881080
vt 0.598517 0.669612
vt 0.600233 0.682159
vt 0.595692 0.681293
vt 0.592960 0.669092
vt 0.231918 0.896832
vt 0.233769 0.904018
vt 0.230083 0.905819
vt 0.226618 0.896960
vt 0.216902 0.888948
vt 0.592565 0.680456
vt 0.596044 0.689927
vt 0.592854 0.688475
vt 0.229532 0.911714
vt 0.595262 0.694744
vt 0.592318 0.692887
vt 0.228200 0.915516
vt 0.223540 0.914754
vt 0.227245 0.918853
vt 0.222580 0.918060
vt 0.218168 0.916870
vt 0.218556 0.913653
vt 0.221745 0.921252
vt 0.217748 0.920071
vt 0.221518 0.923652
vt 0.217323 0.922522
vt 0.307736 0.659269
vt 0.226598 0.921998
vt 0.227231 0.924591
vt 0.305227 0.663452
vt 0.306757 0.669264
vt 0.304096 0.670550
vt 0.309964 0.674674
vt 0.307218 0.676606
vt 0.301917 0.678374
vt 0.310503 0.681692
vt 0.304161 0.683415
vt 0.080484 0.898565
vt 0.083304 0.911535
vt 0.077963 0.912099
vt 0.289474 0.679348
vt 0.292939 0.683163
vt 0.306174 0.688926
vt 0.294833 0.688843
vt 0.279040 0.690101
vt 0.083733 0.929538
vt 0.082389 0.929485
vt 0.294952 0.696528
vt 0.279343 0.697470
vt 0.266654 0.699868
vt 0.266841 0.693809
vt 0.226795 0.774057
vt 0.230017 0.757786
vt 0.234029 0.760141
vt 0.231707 0.775735
vt 0.232857 0.790931
vt 0.228468 0.789317
vt 0.947092 0.437429
vt 0.942902 0.358944
vt 0.941832 0.345947
vt 0.946905 0.347489
vt 0.948141 0.360623
vt 0.952173 0.373610
vt 0.947688 0.372357
vt 0.234029 0.807684
vt 0.231331 0.805652
vt 0.952891 0.362053
vt 0.956219 0.374724
vt 0.324148 0.915843
vt 0.323613 0.919905
vt 0.313314 0.924988
vt 0.957280 0.363600
vt 0.959763 0.375926
vt 0.323250 0.923460
vt 0.314086 0.927304
vt 0.714318 0.144706
vt 0.703715 0.133360
vt 0.706849 0.133506
vt 0.717677 0.144347
vt 0.710803 0.132389
vt 0.721242 0.143385
vt 0.729554 0.154013
vt 0.724797 0.142239
vt 0.731788 0.151777
vt 0.739737 0.159323
vt 0.737500 0.161983
vt 0.748696 0.164836
vt 0.746262 0.167575
vt 0.744698 0.169493
vt 0.756301 0.176194
vt 0.753957 0.177772
vt 0.752279 0.180279
vt 0.743526 0.171473
vt 0.078438 0.938703
vt 0.077299 0.950384
vt 0.074376 0.948999
vt 0.076510 0.939134
vt 0.075272 0.961113
vt 0.071809 0.958103
vt 0.481918 0.925141
vt 0.479720 0.916067
vt 0.485122 0.924495
vt 0.071809 0.946831
vt 0.074024 0.939596
vt 0.476090 0.906033
vt 0.481089 0.905601
vt 0.483989 0.915644
vt 0.487764 0.924907
vt 0.473317 0.892007
vt 0.478103 0.891614
vt 0.767425 0.200180
vt 0.779908 0.210730
vt 0.777084 0.213199
vt 0.792581 0.220660
vt 0.790151 0.223332
vt 0.787225 0.226327
vt 0.801600 0.231086
vt 0.799488 0.233712
vt 0.946610 0.202568
vt 0.948719 0.203343
vt 0.945474 0.211039
vt 0.943951 0.210557
vt 0.803336 0.229230
vt 0.946067 0.216797
vt 0.944115 0.216571
vt 0.945315 0.222407
vt 0.947899 0.222433
vt 0.546283 0.365820
vt 0.546704 0.367932
vt 0.539064 0.373695
vt 0.538575 0.370962
vt 0.537230 0.367853
vt 0.545579 0.363326
vt 0.947984 0.216771
vt 0.950012 0.221804
vt 0.526079 0.380612
vt 0.524801 0.376763
vt 0.522911 0.372710
vt 0.511367 0.389552
vt 0.509196 0.384895
vt 0.505568 0.380019
vt 0.519792 0.366849
vt 0.500435 0.375299
vt 0.515784 0.360831
vt 0.497219 0.372777
vt 0.512749 0.356999
vt 0.527438 0.347938
vt 0.435648 0.876529
vt 0.434373 0.892877
vt 0.428289 0.894491
vt 0.430123 0.877697
vt 0.526405 0.345246
vt 0.539042 0.336630
vt 0.541629 0.341173
vt 0.550709 0.328181
vt 0.553613 0.332327
vt 0.556963 0.336446
vt 0.565113 0.323575
vt 0.568488 0.326726
vt 0.570852 0.328548
vt 0.559950 0.340085
vt 0.940925 0.547563
vt 0.941244 0.534603
vt 0.945456 0.533845
vt 0.945945 0.545333
vt 0.946328 0.560655
vt 0.938779 0.563459
vt 0.949582 0.534106
vt 0.951412 0.545755
vt 0.954012 0.559848
vt 0.818748 0.255930
vt 0.828263 0.267823
vt 0.825296 0.269586
vt 0.815401 0.259352
vt 0.821918 0.272425
vt 0.811382 0.263512
vt 0.819139 0.275456
vt 0.808087 0.268254
vt 0.832710 0.281266
vt 0.830598 0.283367
vt 0.915959 0.513941
vt 0.913112 0.526560
vt 0.910309 0.525236
vt 0.909194 0.538696
vt 0.907109 0.538266
vt 0.905233 0.537762
vt 0.907337 0.524395
vt 0.840258 0.294534
vt 0.841110 0.292251
vt 0.850466 0.298365
vt 0.849789 0.300074
vt 0.848627 0.302167
vt 0.854891 0.303647
vt 0.853265 0.305507
vt 0.851140 0.307558
vt 0.846900 0.304357
vt 0.847887 0.310522
vt 0.844242 0.307490
vt 0.842301 0.315160
vt 0.965036 0.256044
vt 0.964448 0.262529
vt 0.960221 0.263257
vt 0.960154 0.256863
vt 0.959719 0.247337
vt 0.964588 0.246367
vt 0.954645 0.257007
vt 0.954293 0.247342
vt 0.954252 0.237666
vt 0.954992 0.230905
vt 0.949606 0.246463
vt 0.949829 0.236302
vt 0.951374 0.229245
vt 0.562656 0.263330
vt 0.560562 0.259200
vt 0.563541 0.258331
vt 0.565565 0.262036
vt 0.568027 0.268679
vt 0.564085 0.272914
vt 0.557408 0.267388
vt 0.553668 0.262855
vt 0.553098 0.258433
vt 0.560017 0.256248
vt 0.548954 0.274337
vt 0.134689 0.934575
vt 0.143531 0.943995
vt 0.139318 0.945682
vt 0.131431 0.936478
vt 0.128462 0.929605
vt 0.135401 0.947594
vt 0.128091 0.938357
vt 0.557540 0.251918
vt 0.548047 0.251362
vt 0.549805 0.246844
vt 0.559431 0.248457
vt 0.125252 0.939554
vt 0.121468 0.933785
vt 0.119119 0.930698
vt 0.061798 0.945038
vt 0.064274 0.950447
vt 0.061243 0.951797
vt 0.059739 0.946348
vt 0.058695 0.943600
vt 0.060171 0.942285
vt 0.058579 0.940513
vt 0.057214 0.946679
vt 0.056562 0.943817
vt 0.054920 0.946118
vt 0.054768 0.943210
vt 0.054750 0.940973
vt 0.381972 0.805514
vt 0.380817 0.804588
vt 0.381786 0.803821
vt 0.383191 0.804803
vt 0.383914 0.806892
vt 0.382098 0.808014
vt 0.380131 0.806671
vt 0.380122 0.809282
vt 0.384521 0.809856
vt 0.382436 0.811125
vt 0.386494 0.808821
vt 0.390816 0.812359
vt 0.054863 0.951166
vt 0.058004 0.951849
vt 0.058430 0.961046
vt 0.054750 0.960099
vt 0.062641 0.961184
vt 0.551305 0.239216
vt 0.550842 0.242888
vt 0.536657 0.237100
vt 0.537442 0.233447
vt 0.400983 0.820164
vt 0.535657 0.241004
vt 0.521761 0.231419
vt 0.523363 0.227399
vt 0.524454 0.224349
vt 0.534463 0.245740
vt 0.520478 0.236430
vt 0.507416 0.225850
vt 0.518341 0.244609
vt 0.504465 0.232088
vt 0.493423 0.219616
vt 0.498309 0.241040
vt 0.486854 0.227538
vt 0.477072 0.212877
vt 0.470781 0.219589
vt 0.461224 0.206328
vt 0.465654 0.224888
vt 0.456521 0.210531
vt 0.446273 0.195305
vt 0.452539 0.213922
vt 0.442321 0.198436
vt 0.431477 0.180862
vt 0.438843 0.201290
vt 0.426450 0.184569
vt 0.419230 0.164615
vt 0.422511 0.187009
vt 0.414336 0.167657
vt 0.418502 0.760744
vt 0.413852 0.763330
vt 0.403854 0.745119
vt 0.410595 0.742142
vt 0.422999 0.758838
vt 0.390451 0.727788
vt 0.253853 0.748263
vt 0.252183 0.727140
vt 0.259034 0.726759
vt 0.262806 0.748185
vt 0.243546 0.747958
vt 0.264644 0.725484
vt 0.268852 0.747827
vt 0.268405 0.725147
vt 0.273747 0.747611
vt 0.274202 0.770061
vt 0.370375 0.718430
vt 0.379961 0.737798
vt 0.375630 0.739791
vt 0.366768 0.720959
vt 0.358674 0.710809
vt 0.363507 0.705851
vt 0.938053 0.837865
vt 0.943299 0.835008
vt 0.940858 0.847422
vt 0.349530 0.716522
vt 0.353972 0.707410
vt 0.388129 0.757484
vt 0.384788 0.763005
vt 0.391090 0.754950
vt 0.404358 0.770662
vt 0.398692 0.770725
vt 0.394268 0.752766
vt 0.406562 0.768317
vt 0.413940 0.787722
vt 0.409110 0.788637
vt 0.398998 0.748810
vt 0.409913 0.765935
vt 0.417467 0.785842
vt 0.923708 0.234589
vt 0.941952 0.229245
vt 0.942043 0.233483
vt 0.924097 0.238162
vt 0.420717 0.783267
vt 0.418900 0.189943
vt 0.436968 0.202741
vt 0.435398 0.203399
vt 0.867791 0.099794
vt 0.877831 0.087255
vt 0.882013 0.088334
vt 0.871132 0.101427
vt 0.864046 0.098772
vt 0.872604 0.085176
vt 0.883585 0.075373
vt 0.889317 0.077105
vt 0.859934 0.098844
vt 0.867310 0.083462
vt 0.877342 0.072079
vt 0.891896 0.069825
vt 0.462417 0.227459
vt 0.871109 0.070538
vt 0.463837 0.236997
vt 0.457657 0.238789
vt 0.454906 0.230840
vt 0.459778 0.228431
vt 0.896379 0.066579
vt 0.895208 0.071011
vt 0.899244 0.074670
vt 0.452699 0.238643
vt 0.450044 0.232723
vt 0.892886 0.078090
vt 0.902536 0.080734
vt 0.896425 0.082395
vt 0.884919 0.089743
vt 0.444855 0.218933
vt 0.448214 0.217048
vt 0.898578 0.088832
vt 0.888337 0.093491
vt 0.878626 0.105827
vt 0.874911 0.103412
vt 0.890872 0.101954
vt 0.884030 0.110631
vt 0.941929 0.237927
vt 0.940539 0.245203
vt 0.925021 0.249773
vt 0.924747 0.242990
vt 0.923708 0.260816
vt 0.402322 0.788706
vt 0.391308 0.786852
vt 0.389965 0.771058
vt 0.949606 0.245324
vt 0.897472 0.099417
vt 0.898517 0.114225
vt 0.895925 0.116877
vt 0.901689 0.099795
vt 0.901020 0.112726
vt 0.903887 0.088869
vt 0.908260 0.088991
vt 0.906127 0.100433
vt 0.906605 0.079963
vt 0.910243 0.078571
vt 0.911996 0.088448
vt 0.154326 0.700188
vt 0.158535 0.699941
vt 0.157882 0.712539
vt 0.153521 0.712742
vt 0.149988 0.713016
vt 0.151057 0.701115
vt 0.153359 0.691024
vt 0.157591 0.691354
vt 0.162538 0.692991
vt 0.163652 0.700098
vt 0.955571 0.736269
vt 0.956350 0.732487
vt 0.962429 0.729980
vt 0.962151 0.733562
vt 0.961886 0.739773
vt 0.955137 0.741439
vt 0.172661 0.701289
vt 0.171759 0.710283
vt 0.162831 0.711761
vt 0.947752 0.744144
vt 0.955318 0.752493
vt 0.948950 0.753163
vt 0.956636 0.766795
vt 0.950116 0.767207
vt 0.961666 0.752862
vt 0.962429 0.765875
vt 0.188271 0.700658
vt 0.202099 0.698114
vt 0.202904 0.705528
vt 0.188285 0.707606
vt 0.958080 0.779802
vt 0.952174 0.778912
vt 0.203344 0.694679
vt 0.213305 0.692967
vt 0.212292 0.699326
vt 0.188238 0.696614
vt 0.205754 0.685100
vt 0.215097 0.681250
vt 0.220310 0.680571
vt 0.219250 0.692789
vt 0.522693 0.754734
vt 0.521952 0.762635
vt 0.219037 0.701098
vt 0.225735 0.681068
vt 0.223386 0.692508
vt 0.532308 0.744724
vt 0.536466 0.734147
vt 0.541290 0.734974
vt 0.537987 0.746358
vt 0.226080 0.668226
vt 0.547129 0.737505
vt 0.544627 0.749170
vt 0.553033 0.739937
vt 0.550809 0.751768
vt 0.546820 0.763358
vt 0.555963 0.753327
vt 0.550823 0.765661
vt 0.543239 0.776304
vt 0.540301 0.772492
vt 0.534670 0.780190
vt 0.532644 0.775681
vt 0.528596 0.781764
vt 0.526589 0.776835
vt 0.523736 0.770475
vt 0.520845 0.777636
vt 0.518136 0.769636
vt 0.219267 0.708203
vt 0.213029 0.706828
vt 0.213772 0.713882
vt 0.205118 0.713883
vt 0.514723 0.779251
vt 0.524192 0.783854
vt 0.519503 0.786659
vt 0.206737 0.719698
vt 0.192900 0.723203
vt 0.189915 0.716666
vt 0.174166 0.726653
vt 0.172577 0.720309
vt 0.161933 0.728020
vt 0.162281 0.722242
vt 0.155302 0.728922
vt 0.156047 0.723282
vt 0.151231 0.730165
vt 0.151881 0.723781
vt 0.906750 0.110685
vt 0.906050 0.120098
vt 0.903838 0.111770
vt 0.148448 0.724637
vt 0.904519 0.121456
vt 0.944573 0.268005
vt 0.946308 0.268383
vt 0.943682 0.275773
vt 0.941573 0.275973
vt 0.902775 0.122502
vt 0.151316 0.737987
vt 0.150878 0.735718
vt 0.162141 0.736076
vt 0.162441 0.739466
vt 0.162962 0.743012
vt 0.151954 0.740941
vt 0.179445 0.745643
vt 0.180610 0.749620
vt 0.163935 0.747140
vt 0.152554 0.744823
vt 0.178670 0.741518
vt 0.196121 0.742294
vt 0.196711 0.746314
vt 0.178021 0.737402
vt 0.195818 0.737958
vt 0.210778 0.735840
vt 0.211269 0.740033
vt 0.177226 0.732881
vt 0.195834 0.732737
vt 0.209959 0.730870
vt 0.217611 0.728504
vt 0.219497 0.732789
vt 0.194832 0.727440
vt 0.208445 0.725257
vt 0.215669 0.723789
vt 0.220949 0.721238
vt 0.223258 0.725008
vt 0.214152 0.718562
vt 0.219466 0.717088
vt 0.228301 0.721012
vt 0.231003 0.725365
vt 0.225723 0.729098
vt 0.225195 0.717762
vt 0.232930 0.730443
vt 0.227622 0.733414
vt 0.221022 0.736788
vt 0.211819 0.743907
vt 0.577296 0.914276
vt 0.576981 0.906382
vt 0.580600 0.905107
vt 0.581247 0.913617
vt 0.580730 0.925540
vt 0.576981 0.926678
vt 0.586262 0.913915
vt 0.585604 0.925461
vt 0.583739 0.939021
vt 0.578995 0.940176
vt 0.197690 0.748879
vt 0.591217 0.925485
vt 0.589933 0.937494
vt 0.586034 0.951462
vt 0.580924 0.952559
vt 0.577010 0.956001
vt 0.600658 0.925316
vt 0.599678 0.936770
vt 0.595523 0.951393
vt 0.815392 0.699804
vt 0.805708 0.709910
vt 0.828990 0.689407
vt 0.797585 0.719834
vt 0.792433 0.715616
vt 0.592014 0.914417
vt 0.599920 0.915011
vt 0.591967 0.904577
vt 0.600979 0.905936
vt 0.585639 0.904617
vt 0.790239 0.730121
vt 0.850274 0.951315
vt 0.852361 0.940210
vt 0.856087 0.943443
vt 0.856087 0.954876
vt 0.789354 0.713223
vt 0.789971 0.690824
vt 0.800648 0.672531
vt 0.784478 0.682168
vt 0.801481 0.671116
vt 0.345061 0.802897
vt 0.345467 0.824722
vt 0.343289 0.823171
vt 0.345467 0.803414
vt 0.285857 0.924546
vt 0.289975 0.943547
vt 0.284880 0.945965
vt 0.284880 0.925063
vt 0.800898 0.671176
vt 0.780642 0.667926
vt 0.780474 0.665222
vt 0.782600 0.662447
vt 0.763429 0.663774
vt 0.785610 0.659227
vt 0.341638 0.820879
vt 0.343931 0.803629
vt 0.756430 0.662185
vt 0.781237 0.679729
vt 0.233992 0.735359
vt 0.045986 0.957124
vt 0.053375 0.957644
vt 0.053326 0.963221
vt 0.045897 0.961660
vt 0.529616 0.785558
vt 0.536143 0.783266
vt 0.176163 0.729448
vt 0.960894 0.540718
vt 0.959657 0.556485
vt 0.954012 0.557857
vt 0.954012 0.542354
vt 0.963098 0.554902
vt 0.954170 0.568488
vt 0.161769 0.732766
vt 0.150612 0.734248
vt 0.910756 0.125974
vt 0.954068 0.574105
vt 0.546029 0.779932
vt 0.554474 0.767728
vt 0.817954 0.771938
vt 0.824183 0.785635
vt 0.819682 0.787699
vt 0.814074 0.773433
vt 0.811110 0.758078
vt 0.560944 0.754740
vt 0.807554 0.793234
vt 0.803743 0.794951
vt 0.791899 0.784017
vt 0.795568 0.782739
vt 0.938779 0.511959
vt 0.933872 0.513918
vt 0.935542 0.504238
vt 0.788547 0.775465
vt 0.793999 0.771825
vt 0.785991 0.770126
vt 0.790702 0.767160
vt 0.329046 0.940214
vt 0.333792 0.943066
vt 0.324609 0.939643
vt 0.785677 0.777280
vt 0.957081 0.889547
vt 0.957081 0.868549
vt 0.962827 0.876457
vt 0.960974 0.895464
vt 0.558826 0.742041
vt 0.564521 0.744054
vt 0.560500 0.731155
vt 0.566821 0.734404
vt 0.554665 0.728588
vt 0.557699 0.714747
vt 0.564462 0.717726
vt 0.548981 0.726246
vt 0.551299 0.712700
vt 0.543585 0.724449
vt 0.546787 0.711578
vt 0.234029 0.644213
vt 0.232459 0.658143
vt 0.227392 0.657274
vt 0.229467 0.643683
vt 0.229336 0.633172
vt 0.231701 0.632688
vt 0.229463 0.629292
vt 0.231372 0.629210
vt 0.225653 0.643296
vt 0.226688 0.633577
vt 0.226481 0.629162
vt 0.775444 0.960724
vt 0.775600 0.954126
vt 0.778682 0.953008
vt 0.778108 0.960882
vt 0.223499 0.629426
vt 0.772956 0.960805
vt 0.772335 0.955032
vt 0.058471 0.936122
vt 0.057979 0.931720
vt 0.065283 0.932555
vt 0.066377 0.936607
vt 0.072147 0.937712
vt 0.056904 0.924682
vt 0.064066 0.926899
vt 0.057008 0.912946
vt 0.064328 0.916119
vt 0.059547 0.900701
vt 0.066342 0.902132
vt 0.072028 0.903068
vt 0.436575 0.302537
vt 0.431611 0.317549
vt 0.069004 0.887773
vt 0.075654 0.889343
vt 0.446494 0.287543
vt 0.452173 0.290638
vt 0.460591 0.295425
vt 0.456735 0.272745
vt 0.462741 0.275884
vt 0.473267 0.281945
vt 0.491501 0.293789
vt 0.476864 0.307288
vt 0.470140 0.268039
vt 0.481370 0.276616
vt 0.499457 0.289472
vt 0.515380 0.301402
vt 0.509149 0.311534
vt 0.486608 0.273773
vt 0.503514 0.286776
vt 0.518236 0.297671
vt 0.506873 0.283573
vt 0.520722 0.293539
vt 0.903177 0.000060
vt 0.902376 0.013841
vt 0.897694 0.012704
vt 0.897846 -0.000000
vt 0.521692 0.290559
vt 0.785210 0.944392
vt 0.785210 0.959710
vt 0.778681 0.955808
vt 0.782133 0.940210
vt 0.526267 0.285834
vt 0.511240 0.279766
vt 0.545740 0.286535
vt 0.551596 0.283844
vt 0.561386 0.288983
vt 0.552980 0.292578
vt 0.856088 0.948566
vt 0.856528 0.940210
vt 0.861883 0.945148
vt 0.861883 0.953921
vt 0.565720 0.293983
vt 0.556056 0.297344
vt 0.937806 0.116888
vt 0.943028 0.118407
vt 0.943507 0.124569
vt 0.937806 0.123439
vt 0.567520 0.298335
vt 0.556995 0.302550
vt 0.568679 0.302064
vt 0.557458 0.306654
vt 0.569587 0.305044
vt 0.558402 0.310514
vt 0.570618 0.307863
vt 0.559629 0.314006
vt 0.549902 0.320300
vt 0.560712 0.316686
vt 0.550595 0.324108
vt 0.509635 0.852761
vt 0.514110 0.853137
vt 0.514443 0.862405
vt 0.509635 0.862284
vt 0.540513 0.327437
vt 0.419894 0.861650
vt 0.423204 0.862103
vt 0.420131 0.877233
vt 0.416468 0.877013
vt 0.527260 0.337517
vt 0.418821 0.896019
vt 0.415123 0.896635
vt 0.509703 0.348908
vt 0.507582 0.346134
vt 0.492267 0.363274
vt 0.488897 0.359797
vt 0.485179 0.356984
vt 0.505070 0.343225
vt 0.478262 0.352582
vt 0.501635 0.339123
vt 0.469860 0.340752
vt 0.493511 0.327052
vt 0.463604 0.360398
vt 0.454986 0.346138
vt 0.456573 0.363125
vt 0.448307 0.348359
vt 0.451909 0.364496
vt 0.444463 0.349949
vt 0.438480 0.338623
vt 0.447460 0.365321
vt 0.440247 0.350961
vt 0.530460 0.673949
vt 0.536239 0.659618
vt 0.539770 0.662979
vt 0.534051 0.676067
vt 0.527179 0.682885
vt 0.543656 0.668013
vt 0.538204 0.679723
vt 0.540449 0.692174
vt 0.553700 0.655268
vt 0.558174 0.659233
vt 0.550147 0.652251
vt 0.557819 0.642784
vt 0.561500 0.644368
vt 0.547216 0.650292
vt 0.554159 0.642021
vt 0.460861 0.387455
vt 0.454918 0.377711
vt 0.458268 0.376154
vt 0.464033 0.385214
vt 0.462291 0.373721
vt 0.467653 0.381977
vt 0.472648 0.387566
vt 0.476431 0.392162
vt 0.474969 0.373459
vt 0.479422 0.378049
vt 0.482683 0.381987
vt 0.542822 0.637906
vt 0.538803 0.632028
vt 0.544233 0.623367
vt 0.549646 0.631362
vt 0.494356 0.366353
vt 0.531593 0.647169
vt 0.528353 0.642872
vt 0.524678 0.637492
vt 0.533112 0.625897
vt 0.423570 0.913689
vt 0.418535 0.914630
vt 0.422994 0.895537
vt 0.429871 0.913349
vt 0.424773 0.878034
vt 0.428216 0.863294
vt 0.433161 0.863257
vt 0.425983 0.850356
vt 0.430168 0.850915
vt 0.434880 0.849961
vt 0.426432 0.838929
vt 0.429490 0.838436
vt 0.432325 0.837204
vt 0.426404 0.826173
vt 0.428908 0.825064
vt 0.562408 0.320154
vt 0.573746 0.312994
vt 0.575790 0.315754
vt 0.584808 0.306785
vt 0.585947 0.308329
vt 0.587599 0.309887
vt 0.578951 0.318302
vt 0.589619 0.310843
vt 0.581352 0.320126
vt 0.941322 0.522577
vt 0.941348 0.512612
vt 0.944502 0.512138
vt 0.945003 0.521954
vt 0.947405 0.512538
vt 0.948867 0.522243
vt 0.838192 0.276707
vt 0.846196 0.286105
vt 0.844184 0.287676
vt 0.835356 0.278879
vt 0.842586 0.289447
vt 0.851862 0.293672
vt 0.851179 0.295151
vt 0.323279 0.643009
vt 0.322568 0.652516
vt 0.321164 0.652451
vt 0.841698 0.290890
vt 0.850866 0.296595
vt 0.857366 0.298809
vt 0.856740 0.300424
vt 0.855979 0.302029
vt 0.859535 0.302359
vt 0.858611 0.303918
vt 0.857216 0.305455
vt 0.861883 0.948222
vt 0.862352 0.946535
vt 0.865289 0.947792
vt 0.865132 0.949706
vt 0.960142 0.271981
vt 0.956585 0.272228
vt 0.956209 0.269897
vt 0.960093 0.269782
vt 0.323039 0.656193
vt 0.321164 0.657028
vt 0.321164 0.653151
vt 0.323169 0.652516
vt 0.955829 0.267302
vt 0.960169 0.267077
vt 0.963939 0.266324
vt 0.963688 0.268846
vt 0.955214 0.263489
vt 0.499029 0.936386
vt 0.502391 0.936950
vt 0.502796 0.941773
vt 0.499029 0.941417
vt 0.950499 0.263148
vt 0.949606 0.256422
vt 0.585003 0.281548
vt 0.590848 0.286290
vt 0.587196 0.289384
vt 0.581983 0.284529
vt 0.573248 0.278730
vt 0.576528 0.275375
vt 0.576199 0.289021
vt 0.569080 0.283120
vt 0.558344 0.278241
vt 0.579471 0.293653
vt 0.589995 0.292613
vt 0.581084 0.296875
vt 0.591797 0.294950
vt 0.582285 0.299509
vt 0.592879 0.296761
vt 0.583087 0.301781
vt 0.593568 0.298268
vt 0.583699 0.303639
vt 0.571738 0.309961
vt 0.423071 0.827171
vt 0.420441 0.814477
vt 0.422936 0.814055
vt 0.421330 0.803620
vt 0.422339 0.803265
vt 0.423541 0.802896
vt 0.425028 0.813425
vt 0.594553 0.301034
vt 0.594091 0.299786
vt 0.600555 0.295292
vt 0.601449 0.296479
vt 0.869008 0.944750
vt 0.869583 0.946291
vt 0.865452 0.946136
vt 0.865739 0.944670
vt 0.862900 0.944935
vt 0.863702 0.943453
vt 0.864698 0.942009
vt 0.859934 0.300731
vt 0.861883 0.941179
vt 0.863356 0.940210
vt 0.869681 0.947796
vt 0.869531 0.949408
vt 0.599409 0.294046
vt 0.597983 0.292672
vt 0.952530 0.271230
vt 0.952151 0.269356
vt 0.596329 0.291306
vt 0.951450 0.266973
vt 0.594184 0.289485
vt 0.857825 0.297435
vt 0.852940 0.292641
vt 0.938779 0.514002
vt 0.527209 0.620530
vt 0.533146 0.611309
vt 0.538134 0.616295
vt 0.518445 0.632242
vt 0.536374 0.605615
vt 0.540677 0.609960
vt 0.538569 0.602108
vt 0.542417 0.605806
vt 0.533867 0.601754
vt 0.537416 0.598854
vt 0.529828 0.606762
vt 0.483569 0.403244
vt 0.487583 0.405900
vt 0.482753 0.412728
vt 0.479807 0.410286
vt 0.523353 0.615289
vt 0.489644 0.391503
vt 0.494487 0.394876
vt 0.498079 0.397846
vt 0.490883 0.408731
vt 0.493417 0.411534
vt 0.488168 0.418170
vt 0.485687 0.415391
vt 0.500399 0.401743
vt 0.480062 0.422995
vt 0.478927 0.420127
vt 0.477483 0.417521
vt 0.472294 0.422086
vt 0.471202 0.420125
vt 0.470378 0.418374
vt 0.476036 0.415217
vt 0.952735 0.000064
vt 0.954850 0.000000
vt 0.953645 0.006217
vt 0.951376 0.006228
vt 0.949265 0.006279
vt 0.950894 0.000405
vt 0.952149 0.013635
vt 0.949708 0.013690
vt 0.897202 0.336290
vt 0.892211 0.341879
vt 0.890033 0.340412
vt 0.885119 0.348070
vt 0.882182 0.346424
vt 0.878319 0.345340
vt 0.887063 0.338639
vt 0.549176 0.609118
vt 0.557415 0.615567
vt 0.883508 0.337820
vt 0.875624 0.352293
vt 0.873512 0.351374
vt 0.562984 0.621175
vt 0.564265 0.618353
vt 0.570570 0.622773
vt 0.568895 0.625464
vt 0.566992 0.629591
vt 0.570199 0.637593
vt 0.564736 0.635660
vt 0.566055 0.646413
vt 0.571685 0.648756
vt 0.564525 0.664329
vt 0.577682 0.650137
vt 0.573032 0.665740
vt 0.582809 0.650845
vt 0.579472 0.667103
vt 0.576956 0.686410
vt 0.584731 0.667736
vt 0.583515 0.687033
vt 0.580708 0.704884
vt 0.572435 0.702967
vt 0.570786 0.721796
vt 0.588549 0.687256
vt 0.585990 0.706036
vt 0.590953 0.686587
vt 0.590960 0.707075
vt 0.848251 0.838751
vt 0.855536 0.855806
vt 0.852427 0.857741
vt 0.845204 0.841503
vt 0.827641 0.825154
vt 0.831132 0.821380
vt 0.824428 0.828591
vt 0.807671 0.811942
vt 0.815004 0.806861
vt 0.861037 0.874955
vt 0.865327 0.872692
vt 0.874263 0.886346
vt 0.868597 0.888923
vt 0.857072 0.853803
vt 0.869324 0.869973
vt 0.881108 0.884092
vt 0.871819 0.866971
vt 0.884926 0.881304
vt 0.586949 0.650491
vt 0.584592 0.640656
vt 0.587364 0.640838
vt 0.588909 0.667081
vt 0.950030 0.576994
vt 0.946222 0.578241
vt 0.865808 0.890376
vt 0.941222 0.564383
vt 0.945493 0.563459
vt 0.577261 0.627449
vt 0.870432 0.358081
vt 0.878392 0.354073
vt 0.872997 0.359998
vt 0.880862 0.355694
vt 0.875601 0.361757
vt 0.950433 0.031452
vt 0.951310 0.022602
vt 0.953958 0.022128
vt 0.953274 0.031101
vt 0.887314 0.349375
vt 0.956765 0.021643
vt 0.956522 0.030592
vt 0.959597 0.021279
vt 0.959147 0.013135
vt 0.962210 0.014003
vt 0.962800 0.021417
vt 0.957025 0.013262
vt 0.957689 0.006461
vt 0.959579 0.006859
vt 0.954761 0.013447
vt 0.955722 0.006297
vt 0.956904 0.000215
vt 0.959098 0.000654
vt 0.473239 0.423986
vt 0.961161 0.001741
vt 0.963791 0.003927
vt 0.962391 0.008008
vt 0.940667 0.596442
vt 0.944846 0.595616
vt 0.944336 0.605846
vt 0.940588 0.606969
vt 0.936308 0.608239
vt 0.935024 0.598636
vt 0.170862 0.945336
vt 0.184158 0.949362
vt 0.182903 0.954396
vt 0.171972 0.951759
vt 0.930508 0.611213
vt 0.928403 0.602021
vt 0.170862 0.940887
vt 0.183908 0.944517
vt 0.954580 0.637868
vt 0.958197 0.624786
vt 0.963490 0.624622
vt 0.959367 0.638327
vt 0.170960 0.936963
vt 0.183434 0.940163
vt 0.950225 0.637489
vt 0.953099 0.624500
vt 0.952912 0.610173
vt 0.957838 0.610880
vt 0.946304 0.637201
vt 0.948493 0.624340
vt 0.948429 0.609452
vt 0.169158 0.773211
vt 0.183578 0.767551
vt 0.183518 0.771577
vt 0.169929 0.777645
vt 0.944846 0.625365
vt 0.944846 0.610020
vt 0.432691 0.477106
vt 0.434556 0.478799
vt 0.424364 0.497004
vt 0.422206 0.494522
vt 0.416467 0.517070
vt 0.413998 0.514872
vt 0.437582 0.482222
vt 0.427283 0.500235
vt 0.419358 0.519821
vt 0.411795 0.533831
vt 0.408663 0.532308
vt 0.430067 0.503622
vt 0.422475 0.522688
vt 0.414949 0.535639
vt 0.406131 0.544218
vt 0.402711 0.542329
vt 0.426535 0.525494
vt 0.418248 0.537804
vt 0.431314 0.528830
vt 0.422227 0.540640
vt 0.435160 0.531581
vt 0.425546 0.543025
vt 0.438916 0.534503
vt 0.428461 0.545150
vt 0.419926 0.553876
vt 0.412709 0.560019
vt 0.431181 0.547311
vt 0.422835 0.555751
vt 0.433115 0.548235
vt 0.425762 0.557081
vt 0.224795 0.961240
vt 0.224438 0.952274
vt 0.228676 0.951602
vt 0.229306 0.959875
vt 0.942713 0.722091
vt 0.947323 0.721282
vt 0.948392 0.728221
vt 0.942501 0.728221
vt 0.223755 0.939857
vt 0.227769 0.939314
vt 0.231700 0.939397
vt 0.231927 0.950135
vt 0.434455 0.548751
vt 0.436792 0.551030
vt 0.445805 0.541411
vt 0.448467 0.545175
vt 0.440667 0.555425
vt 0.452059 0.549492
vt 0.445000 0.560040
vt 0.455878 0.553498
vt 0.449382 0.563271
vt 0.042073 0.746687
vt 0.034068 0.745886
vt 0.033261 0.755124
vt 0.027025 0.753611
vt 0.027200 0.745167
vt 0.027547 0.740538
vt 0.027624 0.737557
vt 0.509635 0.826821
vt 0.509635 0.820167
vt 0.514170 0.820335
vt 0.513830 0.826798
vt 0.513657 0.830801
vt 0.509727 0.831095
vt 0.510259 0.809247
vt 0.513562 0.809180
vt 0.317854 0.956359
vt 0.316077 0.947188
vt 0.321109 0.948129
vt 0.321702 0.957104
vt 0.022736 0.746414
vt 0.018971 0.745800
vt 0.071809 0.951670
vt 0.070641 0.963090
vt 0.067200 0.960775
vt 0.068105 0.950403
vt 0.064274 0.958917
vt 0.064274 0.948959
vt 0.064751 0.943233
vt 0.010710 0.745160
vt 0.014271 0.748793
vt 0.010416 0.758458
vt 0.005523 0.756044
vt 0.000656 0.752802
vt 0.005030 0.741523
vt 0.710238 0.039532
vt 0.719532 0.052348
vt 0.715328 0.055736
vt 0.705916 0.042316
vt 0.703990 0.030971
vt 0.712095 0.058324
vt 0.701207 0.045535
vt 0.709330 0.059667
vt 0.697163 0.048541
vt 0.965694 0.096642
vt 0.962026 0.110351
vt 0.960216 0.108304
vt 0.963828 0.092990
vt 0.693499 0.049626
vt 0.688054 0.044051
vt 0.964965 0.086678
vt 0.960159 0.089065
vt 0.960875 0.086483
vt 0.962111 0.075332
vt 0.965694 0.079179
vt 0.957710 0.105597
vt 0.956230 0.101979
vt 0.958315 0.088550
vt 0.685158 0.048555
vt 0.681831 0.051815
vt 0.690557 0.064177
vt 0.685356 0.067092
vt 0.676346 0.054469
vt 0.680271 0.070185
vt 0.671750 0.057683
vt 0.676413 0.072590
vt 0.668063 0.060065
vt 0.672754 0.074953
vt 0.664585 0.062307
vt 0.652372 0.051304
vt 0.641254 0.040529
vt 0.662228 0.063167
vt 0.668918 0.076697
vt 0.678981 0.089965
vt 0.676079 0.091370
vt 0.308822 0.725147
vt 0.295568 0.723652
vt 0.295210 0.720707
vt 0.308227 0.721630
vt 0.321164 0.720507
vt 0.321116 0.724522
vt 0.295304 0.716844
vt 0.308121 0.717621
vt 0.321126 0.716890
vt 0.295352 0.712253
vt 0.307746 0.713197
vt 0.320817 0.712493
vt 0.000463 0.917525
vt 0.011165 0.915634
vt 0.307391 0.707536
vt 0.317041 0.707449
vt 0.002157 0.912466
vt 0.009730 0.910724
vt 0.001537 0.903309
vt 0.315941 0.698255
vt 0.307029 0.698319
vt 0.313355 0.687636
vt 0.000000 0.892786
vt 0.314333 0.679515
vt 0.318227 0.685988
vt 0.002230 0.884550
vt 0.311593 0.672974
vt 0.316673 0.677455
vt 0.592154 0.701291
vt 0.594045 0.698263
vt 0.598660 0.700810
vt 0.596594 0.704190
vt 0.231302 0.921655
vt 0.232657 0.924469
vt 0.231561 0.918093
vt 0.600460 0.697346
vt 0.232479 0.914548
vt 0.295293 0.705452
vt 0.281050 0.710243
vt 0.280744 0.704648
vt 0.280814 0.714862
vt 0.948146 0.335454
vt 0.952770 0.335985
vt 0.951728 0.348520
vt 0.942554 0.334321
vt 0.956915 0.336453
vt 0.956115 0.349541
vt 0.960795 0.337251
vt 0.959952 0.351106
vt 0.960795 0.365957
vt 0.694097 0.122331
vt 0.683367 0.107860
vt 0.686741 0.106438
vt 0.698025 0.120876
vt 0.690466 0.104691
vt 0.702206 0.119201
vt 0.715141 0.131188
vt 0.706640 0.117359
vt 0.719981 0.129596
vt 0.711218 0.114739
vt 0.725453 0.126630
vt 0.716097 0.111250
vt 0.703513 0.097734
vt 0.709191 0.095117
vt 0.698440 0.100287
vt 0.690942 0.082453
vt 0.696570 0.080007
vt 0.694193 0.102624
vt 0.686002 0.085196
vt 0.682424 0.087803
vt 0.694749 0.062452
vt 0.702231 0.078423
vt 0.698164 0.062738
vt 0.707273 0.077549
vt 0.714595 0.092979
vt 0.709532 0.075762
vt 0.718073 0.091821
vt 0.509635 0.862807
vt 0.504660 0.860899
vt 0.342156 0.802731
vt 0.340993 0.787612
vt 0.345467 0.788415
vt 0.345467 0.802896
vt 0.501337 0.859908
vt 0.497074 0.847999
vt 0.730989 0.101289
vt 0.720023 0.091537
vt 0.723512 0.090192
vt 0.733544 0.099508
vt 0.744447 0.105141
vt 0.741328 0.106851
vt 0.491846 0.837833
vt 0.756697 0.109036
vt 0.751479 0.110798
vt 0.737392 0.096940
vt 0.747814 0.102607
vt 0.757598 0.106231
vt 0.741332 0.094291
vt 0.751781 0.100134
vt 0.760157 0.103204
vt 0.755803 0.097684
vt 0.763067 0.100430
vt 0.335065 0.948971
vt 0.335692 0.945804
vt 0.343899 0.944487
vt 0.343674 0.947906
vt 0.501438 0.494890
vt 0.494181 0.500142
vt 0.491328 0.496585
vt 0.498604 0.491589
vt 0.503656 0.497990
vt 0.496655 0.502837
vt 0.486424 0.511137
vt 0.484656 0.508797
vt 0.504942 0.501298
vt 0.497848 0.504907
vt 0.488901 0.514124
vt 0.480037 0.526869
vt 0.477593 0.524312
vt 0.498847 0.506602
vt 0.491432 0.517245
vt 0.481980 0.528862
vt 0.014683 0.778999
vt 0.020220 0.763430
vt 0.024954 0.765811
vt 0.018893 0.779909
vt 0.011617 0.790633
vt 0.010209 0.777603
vt 0.015156 0.760947
vt 0.319277 0.937243
vt 0.313656 0.936848
vt 0.006303 0.775239
vt 0.324533 0.936908
vt 0.324533 0.947207
vt 0.000000 0.783608
vt 0.002216 0.772192
vt 0.736306 0.066886
vt 0.742073 0.079996
vt 0.732859 0.068457
vt 0.722844 0.050439
vt 0.738540 0.081863
vt 0.728822 0.071231
vt 0.735532 0.083698
vt 0.724878 0.073653
vt 0.732001 0.086079
vt 0.721860 0.074405
vt 0.727774 0.088408
vt 0.718464 0.075418
vt 0.707566 0.059280
vt 0.715513 0.075734
vt 0.705289 0.058551
vt 0.712737 0.076044
vt 0.702129 0.056956
vt 0.745167 0.091818
vt 0.748326 0.089613
vt 0.750903 0.088590
vt 0.499028 0.936386
vt 0.498950 0.940745
vt 0.490373 0.943965
vt 0.498130 0.944908
vt 0.030188 0.767508
vt 0.957094 0.228005
vt 0.951311 0.225706
vt 0.952730 0.210971
vt 0.957094 0.213226
vt 0.021697 0.753296
vt 0.465771 0.540793
vt 0.462474 0.535698
vt 0.474322 0.520042
vt 0.459406 0.531115
vt 0.471942 0.515572
vt 0.481635 0.504487
vt 0.468761 0.511067
vt 0.478288 0.500525
vt 0.488518 0.492878
vt 0.475205 0.496590
vt 0.486709 0.489471
vt 0.495279 0.485090
vt 0.496064 0.488330
vt 0.457919 0.835952
vt 0.453223 0.847795
vt 0.449981 0.847997
vt 0.454265 0.835014
vt 0.445282 0.847598
vt 0.448666 0.833639
vt 0.453636 0.824749
vt 0.441474 0.833287
vt 0.446015 0.822481
vt 0.298669 0.937272
vt 0.301210 0.945427
vt 0.290373 0.945119
vt 0.290009 0.936848
vt 0.459775 0.816644
vt 0.503074 0.472328
vt 0.513910 0.464035
vt 0.516130 0.466537
vt 0.504454 0.477296
vt 0.522341 0.454464
vt 0.523763 0.457359
vt 0.524801 0.459325
vt 0.528414 0.453950
vt 0.529084 0.455451
vt 0.468547 0.794335
vt 0.470230 0.789681
vt 0.531690 0.451974
vt 0.531969 0.453568
vt 0.472124 0.786862
vt 0.527414 0.451706
vt 0.530680 0.449804
vt 0.520296 0.450680
vt 0.525938 0.448575
vt 0.529033 0.446791
vt 0.526754 0.442669
vt 0.544662 0.898189
vt 0.543000 0.902338
vt 0.540226 0.901607
vt 0.542022 0.897488
vt 0.537468 0.900003
vt 0.539713 0.896007
vt 0.535387 0.898030
vt 0.538111 0.894264
vt 0.787299 0.150433
vt 0.785421 0.149524
vt 0.787145 0.146254
vt 0.788814 0.147233
vt 0.784345 0.144452
vt 0.785657 0.141794
vt 0.788104 0.143650
vt 0.789765 0.144564
vt 0.542686 0.889802
vt 0.542008 0.887657
vt 0.544390 0.887505
vt 0.545108 0.889282
vt 0.780899 0.138521
vt 0.782294 0.136761
vt 0.786359 0.140468
vt 0.779180 0.141581
vt 0.772221 0.132811
vt 0.758886 0.122931
vt 0.761129 0.119202
vt 0.774303 0.130005
vt 0.478240 0.803468
vt 0.482906 0.817723
vt 0.487955 0.817843
vt 0.783357 0.153887
vt 0.532748 0.907201
vt 0.529945 0.904483
vt 0.779644 0.161761
vt 0.526909 0.918138
vt 0.523326 0.915191
vt 0.773400 0.173485
vt 0.523775 0.925833
vt 0.520391 0.923690
vt 0.770134 0.181791
vt 0.765684 0.179822
vt 0.768008 0.187029
vt 0.763328 0.183455
vt 0.759683 0.173611
vt 0.530955 0.920848
vt 0.527123 0.928148
vt 0.534763 0.922792
vt 0.530064 0.929646
vt 0.513568 0.414189
vt 0.510219 0.414830
vt 0.506229 0.409916
vt 0.509536 0.408761
vt 0.506117 0.417322
vt 0.502387 0.413830
vt 0.527179 0.934340
vt 0.526864 0.940109
vt 0.501227 0.421209
vt 0.497284 0.418870
vt 0.515168 0.422386
vt 0.540244 0.911105
vt 0.543454 0.912214
vt 0.538586 0.924107
vt 0.536438 0.909445
vt 0.522331 0.434259
vt 0.494507 0.474702
vt 0.484129 0.482161
vt 0.480259 0.476231
vt 0.301849 0.954651
vt 0.290009 0.956358
vt 0.465906 0.485151
vt 0.461480 0.479575
vt 0.475404 0.469415
vt 0.470266 0.489962
vt 0.457411 0.500048
vt 0.452485 0.496541
vt 0.439238 0.848227
vt 0.442689 0.861149
vt 0.437978 0.862807
vt 0.460594 0.502402
vt 0.451934 0.519633
vt 0.448273 0.517376
vt 0.447454 0.860620
vt 0.834504 0.941165
vt 0.834504 0.957663
vt 0.830901 0.956082
vt 0.454231 0.521919
vt 0.443833 0.539011
vt 0.441934 0.537266
vt 0.462651 0.504638
vt 0.464892 0.507019
vt 0.456518 0.524711
vt 0.341314 0.824722
vt 0.345080 0.827157
vt 0.345467 0.840591
vt 0.341314 0.840183
vt 0.458071 0.527844
vt 0.227272 0.925114
vt 0.230595 0.924591
vt 0.473802 0.494199
vt 0.221292 0.941093
vt 0.221292 0.953604
vt 0.443420 0.514436
vt 0.438509 0.511202
vt 0.448089 0.492750
vt 0.433798 0.507511
vt 0.444040 0.488908
vt 0.457369 0.475072
vt 0.440696 0.485542
vt 0.453841 0.471704
vt 0.465847 0.459636
vt 0.470049 0.463299
vt 0.475948 0.449339
vt 0.462291 0.457240
vt 0.472801 0.446612
vt 0.481148 0.439980
vt 0.484435 0.443452
vt 0.488478 0.435661
vt 0.491792 0.440484
vt 0.469598 0.444217
vt 0.459043 0.454981
vt 0.455949 0.452929
vt 0.466595 0.441709
vt 0.172845 0.933908
vt 0.183148 0.936212
vt 0.464314 0.439425
vt 0.447180 0.465909
vt 0.444927 0.464634
vt 0.450433 0.468835
vt 0.341235 0.880851
vt 0.342525 0.871432
vt 0.345191 0.872417
vt 0.345191 0.882450
vt 0.498235 0.954605
vt 0.499028 0.957747
vt 0.491374 0.957315
vt 0.497233 0.952158
vt 0.692240 0.050334
vt 0.280508 0.722881
vt 0.280530 0.719003
vt 0.026578 0.734413
vt 0.032084 0.732747
vt 0.024761 0.730481
vt 0.030115 0.728944
vt 0.040641 0.725311
vt 0.042879 0.729257
vt 0.052235 0.716999
vt 0.055466 0.720892
vt 0.057558 0.725132
vt 0.065852 0.715171
vt 0.022510 0.725140
vt 0.021312 0.731335
vt 0.019141 0.726371
vt 0.013374 0.713825
vt 0.018137 0.713229
vt 0.011100 0.700802
vt 0.017164 0.700998
vt 0.027237 0.695371
vt 0.029480 0.689717
vt 0.043398 0.694472
vt 0.040771 0.700537
vt 0.949537 0.810482
vt 0.949685 0.795779
vt 0.954549 0.796247
vt 0.954630 0.811419
vt 0.961625 0.796967
vt 0.961531 0.812051
vt 0.959756 0.822208
vt 0.345467 0.917935
vt 0.345557 0.907726
vt 0.352298 0.908088
vt 0.351694 0.917639
vt 0.351993 0.923391
vt 0.346085 0.923008
vt 0.957950 0.827249
vt 0.342018 0.897170
vt 0.344859 0.904629
vt 0.340474 0.905353
vt 0.343932 0.914868
vt 0.340421 0.914899
vt 0.336225 0.914312
vt 0.335620 0.906263
vt 0.332056 0.913891
vt 0.331160 0.907710
vt 0.328541 0.914008
vt 0.327998 0.909477
vt 0.325826 0.905723
vt 0.324609 0.899964
vt 0.301849 0.939099
vt 0.304509 0.936848
vt 0.307359 0.940956
vt 0.304296 0.943063
vt 0.074413 0.683556
vt 0.079106 0.684103
vt 0.077172 0.689271
vt 0.072863 0.688356
vt 0.073897 0.696076
vt 0.083968 0.685504
vt 0.081368 0.690423
vt 0.077522 0.697821
vt 0.070140 0.703563
vt 0.073947 0.705858
vt 0.067739 0.720770
vt 0.395178 0.574485
vt 0.394237 0.571386
vt 0.393543 0.567937
vt 0.403296 0.565093
vt 0.393739 0.562563
vt 0.387946 0.561723
vt 0.394026 0.551540
vt 0.397482 0.553311
vt 0.383697 0.559791
vt 0.390950 0.550146
vt 0.399329 0.540440
vt 0.388570 0.549717
vt 0.395373 0.539449
vt 0.406376 0.531952
vt 0.863039 0.125974
vt 0.875390 0.127528
vt 0.864606 0.129770
vt 0.216501 0.757787
vt 0.218078 0.761203
vt 0.200844 0.765222
vt 0.201219 0.761235
vt 0.183618 0.775967
vt 0.183516 0.781133
vt 0.954813 0.596466
vt 0.959779 0.597530
vt 0.962663 0.611802
vt 0.950545 0.595616
vt 0.144843 0.848252
vt 0.146702 0.866707
vt 0.144072 0.865780
vt 0.140190 0.847165
vt 0.140261 0.831608
vt 0.144911 0.832503
vt 0.937559 0.638185
vt 0.944053 0.648906
vt 0.938545 0.651881
vt 0.932595 0.640534
vt 0.927051 0.626570
vt 0.932346 0.624338
vt 0.143490 0.815137
vt 0.146702 0.815323
vt 0.927127 0.642481
vt 0.921626 0.629359
vt 0.922525 0.644080
vt 0.917208 0.631479
vt 0.944846 0.663525
vt 0.168203 0.798142
vt 0.168267 0.791647
vt 0.182776 0.787250
vt 0.863656 0.132611
vt 0.380728 0.557975
vt 0.369939 0.565367
vt 0.378811 0.556848
vt 0.044992 0.939020
vt 0.042062 0.940086
vt 0.041353 0.931349
vt 0.044992 0.929579
vt 0.366091 0.562778
vt 0.374708 0.554355
vt 0.362385 0.559897
vt 0.370677 0.552015
vt 0.358776 0.558647
vt 0.366832 0.550394
vt 0.890658 0.951089
vt 0.891022 0.941427
vt 0.896682 0.940210
vt 0.896682 0.949971
vt 0.828507 0.952276
vt 0.822675 0.953901
vt 0.910940 0.214144
vt 0.918721 0.214128
vt 0.918953 0.220286
vt 0.908254 0.219560
vt 0.922508 0.775133
vt 0.918688 0.772643
vt 0.911964 0.784510
vt 0.909201 0.783633
vt 0.912904 0.770047
vt 0.915616 0.759156
vt 0.908277 0.769898
vt 0.909417 0.757630
vt 0.911536 0.750100
vt 0.918571 0.753451
vt 0.904380 0.757407
vt 0.906256 0.746668
vt 0.908878 0.740548
vt 0.913936 0.746463
vt 0.904640 0.162304
vt 0.900169 0.166027
vt 0.909776 0.737432
vt 0.916340 0.742574
vt 0.923219 0.751048
vt 0.920603 0.753333
vt 0.895572 0.169962
vt 0.900818 0.171703
vt 0.899975 0.178196
vt 0.894220 0.175985
vt 0.887035 0.172668
vt 0.891819 0.181536
vt 0.884421 0.179004
vt 0.914930 0.547952
vt 0.914909 0.557829
vt 0.910434 0.558123
vt 0.910296 0.549105
vt 0.909650 0.542730
vt 0.913382 0.540203
vt 0.881250 0.182355
vt 0.888544 0.183390
vt 0.914254 0.566675
vt 0.909650 0.567151
vt 0.895125 0.184797
vt 0.893217 0.189845
vt 0.901342 0.186577
vt 0.899282 0.191319
vt 0.899807 0.200297
vt 0.893565 0.197666
vt 0.899771 0.211332
vt 0.894466 0.207099
vt 0.899875 0.218135
vt 0.893361 0.213521
vt 0.886764 0.206741
vt 0.068972 0.827734
vt 0.063309 0.841168
vt 0.060691 0.843226
vt 0.062912 0.829161
vt 0.067676 0.817082
vt 0.070202 0.816746
vt 0.876439 0.206815
vt 0.871929 0.204020
vt 0.055190 0.831603
vt 0.060141 0.817079
vt 0.065380 0.808939
vt 0.070205 0.809433
vt 0.067046 0.804277
vt 0.071841 0.804358
vt 0.052218 0.818382
vt 0.058466 0.808967
vt 0.061094 0.804390
vt 0.061758 0.801140
vt 0.048726 0.810767
vt 0.051015 0.806238
vt 0.052146 0.802554
vt 0.052312 0.800028
vt 0.061674 0.798461
vt 0.035643 0.807585
vt 0.035990 0.803814
vt 0.207616 0.840951
vt 0.195445 0.850542
vt 0.045856 0.820212
vt 0.052522 0.832848
vt 0.046460 0.836171
vt 0.054863 0.846866
vt 0.049241 0.850033
vt 0.057640 0.854613
vt 0.051909 0.856953
vt 0.044452 0.860458
vt 0.045705 0.864105
vt 0.035384 0.868963
vt 0.035108 0.864927
vt 0.047175 0.866985
vt 0.035440 0.871480
vt 0.344971 0.706704
vt 0.344996 0.708894
vt 0.337443 0.710420
vt 0.337703 0.708092
vt 0.330754 0.712490
vt 0.331020 0.710070
vt 0.323283 0.714089
vt 0.323444 0.711994
vt 0.755560 0.935637
vt 0.753457 0.935508
vt 0.752874 0.930822
vt 0.755184 0.930659
vt 0.751892 0.935433
vt 0.750746 0.931069
vt 0.323372 0.715621
vt 0.330465 0.714622
vt 0.337299 0.712663
vt 0.337012 0.714635
vt 0.345240 0.710674
vt 0.345467 0.711978
vt 0.015097 0.164593
vt 0.023824 0.160294
vt 0.023955 0.160759
vt 0.014674 0.166539
vt 0.008388 0.166317
vt 0.014572 0.169544
vt 0.014331 0.173396
vt 0.031524 0.145513
vt 0.034691 0.144865
vt 0.037882 0.135270
vt 0.043353 0.134551
vt 0.033718 0.136117
vt 0.034526 0.130842
vt 0.039197 0.130146
vt 0.028667 0.146161
vt 0.024105 0.159864
vt 0.048577 0.869110
vt 0.035621 0.873481
vt 0.057134 0.865477
vt 0.908254 0.220739
vt 0.904440 0.219342
vt 0.904087 0.212800
vt 0.907919 0.214415
vt 0.045441 0.128856
vt 0.907891 0.225411
vt 0.904403 0.224516
vt 0.899766 0.223280
vt 0.907448 0.229245
vt 0.903735 0.229067
vt 0.898786 0.227571
vt 0.889770 0.224908
vt 0.891877 0.218981
vt 0.062805 0.852886
vt 0.058969 0.844214
vt 0.880067 0.214030
vt 0.883452 0.210298
vt 0.904049 0.201957
vt 0.907847 0.204092
vt 0.055695 0.127656
vt 0.053632 0.132511
vt 0.067373 0.126398
vt 0.066904 0.129478
vt 0.066590 0.134591
vt 0.077744 0.125298
vt 0.081557 0.129929
vt 0.088831 0.136493
vt 0.065821 0.141614
vt 0.085254 0.121762
vt 0.090479 0.127472
vt 0.095892 0.132983
vt 0.090022 0.118530
vt 0.097305 0.125273
vt 0.086980 0.116993
vt 0.090637 0.114393
vt 0.092021 0.113769
vt 0.099155 0.123879
vt 0.081724 0.119435
vt 0.078170 0.116727
vt 0.084213 0.115139
vt 0.075097 0.121853
vt 0.072005 0.119314
vt 0.072330 0.116398
vt 0.075752 0.112595
vt 0.067437 0.123402
vt 0.906522 0.187415
vt 0.904201 0.191897
vt 0.908254 0.192379
vt 0.904156 0.183294
vt 0.898031 0.183814
vt 0.904471 0.177409
vt 0.081627 0.111874
vt 0.913448 0.574385
vt 0.909670 0.575280
vt 0.080352 0.107313
vt 0.086886 0.106950
vt 0.087336 0.111075
vt 0.088921 0.113573
vt 0.091753 0.107268
vt 0.091979 0.109395
vt 0.903108 0.730812
vt 0.902223 0.734962
vt 0.900286 0.733865
vt 0.901326 0.729980
vt 0.898798 0.744176
vt 0.896681 0.743534
vt 0.092171 0.110497
vt 0.094995 0.100811
vt 0.098496 0.101052
vt 0.092687 0.109630
vt 0.898556 0.734731
vt 0.898251 0.730601
vt 0.097071 0.083659
vt 0.101299 0.081196
vt 0.093613 0.100175
vt 0.093746 0.085481
vt 0.094333 0.069866
vt 0.098126 0.067572
vt 0.897409 0.758873
vt 0.902228 0.745283
vt 0.900538 0.757949
vt 0.899359 0.772684
vt 0.896681 0.774484
vt 0.898462 0.784057
vt 0.896938 0.785015
vt 0.903613 0.771136
vt 0.902380 0.783509
vt 0.906051 0.783347
vt 0.917390 0.227741
vt 0.917964 0.224732
vt 0.924517 0.223445
vt 0.923958 0.226667
vt 0.503398 0.954786
vt 0.506944 0.953947
vt 0.504771 0.958030
vt 0.924502 0.218611
vt 0.503015 0.949943
vt 0.506595 0.949242
vt 0.510904 0.949432
vt 0.511514 0.953841
vt 0.513811 0.950210
vt 0.513422 0.954539
vt 0.100580 0.049246
vt 0.100063 0.052337
vt 0.104381 0.051156
vt 0.103511 0.055964
vt 0.099032 0.057887
vt 0.095170 0.059325
vt 0.102461 0.064570
vt 0.110316 0.048958
vt 0.512826 0.944159
vt 0.513811 0.936386
vt 0.118013 0.043836
vt 0.117896 0.044174
vt 0.924103 0.212935
vt 0.092709 0.060303
vt 0.904950 0.737081
vt 0.091594 0.103789
vt 0.869062 0.201733
vt 0.918086 0.208462
vt 0.924517 0.207477
vt 0.361172 0.570456
vt 0.358707 0.579225
vt 0.365527 0.572545
vt 0.359345 0.588147
vt 0.354424 0.588121
vt 0.356124 0.595189
vt 0.361521 0.592286
vt 0.348561 0.940907
vt 0.353878 0.934615
vt 0.353209 0.940018
vt 0.351965 0.946683
vt 0.346962 0.946532
vt 0.366787 0.590782
vt 0.358779 0.939749
vt 0.357715 0.947200
vt 0.365704 0.940356
vt 0.365333 0.948117
vt 0.326460 0.928611
vt 0.327423 0.920721
vt 0.331207 0.922044
vt 0.329867 0.929411
vt 0.334877 0.923213
vt 0.333215 0.930402
vt 0.338624 0.924062
vt 0.342710 0.924492
vt 0.371513 0.924490
vt 0.362204 0.923089
vt 0.362143 0.917612
vt 0.371885 0.918963
vt 0.362314 0.908747
vt 0.372453 0.910412
vt 0.378999 0.912267
vt 0.372912 0.896445
vt 0.379213 0.896931
vt 0.384204 0.897478
vt 0.383196 0.914670
vt 0.387699 0.897596
vt 0.387699 0.916640
vt 0.382281 0.881525
vt 0.386239 0.880699
vt 0.175062 -0.000000
vt 0.192060 0.004239
vt 0.382550 0.874658
vt 0.387037 0.874635
vt 0.377967 0.883265
vt 0.377694 0.876008
vt 0.955804 0.291895
vt 0.957531 0.297987
vt 0.953247 0.298319
vt 0.951418 0.292838
vt 0.372191 0.884699
vt 0.371780 0.877727
vt 0.363176 0.884860
vt 0.363405 0.878760
vt 0.363048 0.895056
vt 0.352780 0.893496
vt 0.353173 0.883896
vt 0.345818 0.883237
vt 0.346438 0.878027
vt 0.353619 0.878122
vt 0.345669 0.892635
vt 0.960141 0.787533
vt 0.958258 0.782290
vt 0.959065 0.306712
vt 0.954860 0.306899
vt 0.949996 0.307813
vt 0.948326 0.299598
vt 0.945647 0.308825
vt 0.943721 0.301194
vt 0.942616 0.296037
vt 0.947034 0.294357
vt 0.942213 0.292421
vt 0.024538 0.640318
vt 0.023537 0.643606
vt 0.019222 0.642477
vt 0.019850 0.638756
vt 0.025637 0.637516
vt 0.941849 0.289330
vt 0.027368 0.635729
vt 0.941832 0.287155
vt 0.944898 0.285167
vt 0.200536 0.013253
vt 0.206468 0.017872
vt 0.012832 0.641651
vt 0.012905 0.647312
vt 0.007848 0.647229
vt 0.007481 0.641452
vt 0.018297 0.647722
vt 0.016500 0.654825
vt 0.011956 0.653936
vt 0.022242 0.648565
vt 0.020217 0.656037
vt 0.010532 0.658851
vt 0.006656 0.657687
vt 0.007345 0.653090
vt 0.014776 0.660350
vt 0.013601 0.666385
vt 0.009420 0.664669
vt 0.018248 0.662386
vt 0.943114 0.315623
vt 0.945485 0.316338
vt 0.945984 0.324667
vt 0.941832 0.323343
vt 0.016958 0.669819
vt 0.952061 0.334321
vt 0.007194 0.674097
vt 0.002679 0.673908
vt 0.006216 0.663260
vt 0.928589 0.593017
vt 0.924947 0.592871
vt 0.925639 0.587272
vt 0.929770 0.587742
vt 0.635105 0.016445
vt 0.645223 0.021377
vt 0.633143 0.017934
vt 0.921652 0.593509
vt 0.631062 0.019606
vt 0.918429 0.594389
vt 0.628523 0.021038
vt 0.645714 0.018150
vt 0.002811 0.688725
vt 0.926315 0.583286
vt 0.003596 0.641696
vt 0.004051 0.635241
vt 0.609656 0.001656
vt 0.616053 0.002659
vt 0.616231 0.006556
vt 0.609823 0.005068
vt 0.603994 0.003303
vt 0.604100 0.000000
vt 0.008212 0.629753
vt 0.220804 0.021906
vt 0.224300 0.025181
vt 0.219808 0.020904
vt 0.602788 0.006597
vt 0.224826 0.028479
vt 0.602366 0.011272
vt 0.225502 0.033151
vt 0.201838 0.026930
vt 0.164428 0.032361
vt 0.169687 0.019565
vt 0.159392 0.061880
vt 0.200061 0.101386
vt 0.621612 0.004504
vt 0.359332 0.933859
vt 0.364872 0.933390
vt 0.359453 0.930192
vt 0.364397 0.929210
vt 0.354076 0.930641
vt 0.310773 0.945142
vt 0.069075 0.688324
vt 0.005855 0.701625
vt 0.001270 0.703013
vt 0.949266 0.022771
vt 0.514723 0.626777
vt 0.437529 0.910777
vt 0.415123 0.916527
vt 0.469835 0.368309
vt 0.890388 0.009911
vt 0.895815 0.028566
vt 0.889445 0.025789
vt 0.496755 0.268028
vt 0.892321 0.043075
vt 0.882797 0.025108
vt 0.482814 0.257048
vt 0.494810 0.269397
vt 0.491078 0.271177
vt 0.479108 0.259754
vt 0.472702 0.253829
vt 0.475435 0.250502
vt 0.892194 0.052044
vt 0.467540 0.251110
vt 0.469749 0.247293
vt 0.895940 0.059230
vt 0.462336 0.249866
vt 0.470769 0.242806
vt 0.469168 0.257758
vt 0.464413 0.255119
vt 0.148448 0.957167
vt 0.148503 0.953127
vt 0.463819 0.263453
vt 0.459428 0.261088
vt 0.148838 0.946859
vt 0.155542 0.945361
vt 0.148448 0.936177
vt 0.155257 0.933908
vt 0.158250 0.672479
vt 0.172542 0.668662
vt 0.161510 0.942963
vt 0.061483 0.875289
vt 0.068131 0.875591
vt 0.062130 0.886543
vt 0.056117 0.884953
vt 0.054880 0.873481
vt 0.054020 0.898830
vt 0.051661 0.910906
vt 0.049920 0.896504
vt 0.051957 0.881661
vt 0.451400 0.271946
vt 0.442669 0.285759
vt 0.474999 0.263216
vt 0.900473 0.030136
vt 0.545328 0.698700
vt 0.538922 0.695499
vt 0.230995 0.669250
vt 0.532157 0.252582
vt 0.545559 0.256455
vt 0.560718 0.244903
vt 0.379841 0.803636
vt 0.380808 0.802896
vt 0.563416 0.255821
vt 0.933364 0.828865
vt 0.933121 0.826170
vt 0.937182 0.825356
vt 0.937425 0.828916
vt 0.512432 0.394265
vt 0.501562 0.404492
vt 0.443636 0.887718
vt 0.446885 0.889475
vt 0.446080 0.873870
vt 0.448149 0.874357
vt 0.450446 0.890230
vt 0.452125 0.866480
vt 0.946672 0.211570
vt 0.950695 0.206923
vt 0.470618 0.866176
vt 0.475208 0.877529
vt 0.470977 0.877927
vt 0.466040 0.879040
vt 0.079908 0.949364
vt 0.078692 0.960838
vt 0.600550 0.691890
vt 0.017526 0.883482
vt 0.022229 0.890952
vt 0.031864 0.892715
vt 0.035515 0.898065
vt 0.036004 0.888398
vt 0.040015 0.892478
vt 0.253441 0.920236
vt 0.255388 0.915470
vt 0.264131 0.914730
vt 0.264203 0.919564
vt 0.252682 0.924225
vt 0.242517 0.924546
vt 0.244023 0.922592
vt 0.247046 0.916497
vt 0.255878 0.903053
vt 0.260180 0.906462
vt 0.237199 0.923342
vt 0.240507 0.916912
vt 0.252893 0.901699
vt 0.234029 0.922962
vt 0.236298 0.917915
vt 0.250937 0.902164
vt 0.254673 0.111145
vt 0.254502 0.105940
vt 0.254055 0.113036
vt 0.269239 0.892016
vt 0.274944 0.890888
vt 0.267197 0.906349
vt 0.270258 0.879967
vt 0.278851 0.891046
vt 0.274982 0.906279
vt 0.281172 0.889261
vt 0.281371 0.904963
vt 0.376024 0.955238
vt 0.373061 0.942822
vt 0.377797 0.942169
vt 0.380245 0.954084
vt 0.937425 0.824016
vt 0.942194 0.823191
vt 0.942007 0.832803
vt 0.937425 0.832959
vt 0.384506 0.953655
vt 0.946600 0.823517
vt 0.946529 0.832128
vt 0.387476 0.954879
vt 0.621471 0.042345
vt 0.623754 0.040243
vt 0.373004 0.929325
vt 0.376670 0.929441
vt 0.369206 0.943745
vt 0.365704 0.942024
vt 0.367244 0.929213
vt 0.369617 0.929210
vt 0.238236 0.047871
vt 0.241906 0.047875
vt 0.244780 0.088169
vt 0.233395 0.047962
vt 0.252243 0.107814
vt 0.247332 0.112140
vt 0.723315 0.956490
vt 0.708428 0.962751
vt 0.722734 0.946017
vt 0.722404 0.939888
vt 0.437529 0.939538
vt 0.433878 0.926510
vt 0.693526 0.978858
vt 0.693817 0.971218
vt 0.685113 0.979807
vt 0.684619 0.968737
vt 0.679978 0.972271
vt 0.675039 0.958710
vt 0.268484 0.637346
vt 0.280952 0.640790
vt 0.282942 0.644792
vt 0.271521 0.643545
vt 0.262573 0.650466
vt 0.260577 0.642159
vt 0.272339 0.650685
vt 0.262978 0.658252
vt 0.809884 0.940210
vt 0.815420 0.945677
vt 0.815354 0.958919
vt 0.809884 0.952735
vt 0.254386 0.658957
vt 0.254787 0.667188
vt 0.245377 0.673876
vt 0.245883 0.667408
vt 0.234029 0.678436
vt 0.234826 0.672702
vt 0.236015 0.666019
vt 0.894837 0.466769
vt 0.896582 0.472474
vt 0.244591 0.678808
vt 0.235059 0.683225
vt 0.923708 0.322136
vt 0.254764 0.673046
vt 0.254473 0.677935
vt 0.246109 0.682236
vt 0.926780 0.308059
vt 0.930854 0.311000
vt 0.930258 0.295844
vt 0.934922 0.298766
vt 0.935765 0.313837
vt 0.940532 0.316048
vt 0.925578 0.448754
vt 0.928965 0.435555
vt 0.925470 0.466124
vt 0.921423 0.462830
vt 0.929289 0.479718
vt 0.923486 0.475961
vt 0.919767 0.473583
vt 0.918429 0.480006
vt 0.935673 0.488620
vt 0.940727 0.494768
vt 0.934866 0.491484
vt 0.302558 0.916243
vt 0.301636 0.922989
vt 0.299309 0.923530
vt 0.299433 0.916701
vt 0.296827 0.924047
vt 0.296460 0.916983
vt 0.295916 0.908545
vt 0.293478 0.917232
vt 0.292828 0.908623
vt 0.292749 0.900997
vt 0.295889 0.900945
vt 0.298166 0.895336
vt 0.290058 0.908736
vt 0.290009 0.901253
vt 0.877835 0.507448
vt 0.882204 0.513533
vt 0.879984 0.515134
vt 0.875565 0.509215
vt 0.877240 0.516923
vt 0.872737 0.511284
vt 0.868892 0.506104
vt 0.488684 0.769540
vt 0.483104 0.772784
vt 0.481690 0.769978
vt 0.487025 0.766984
vt 0.494501 0.761977
vt 0.496372 0.764964
vt 0.485203 0.763358
vt 0.492018 0.759404
vt 0.498910 0.749788
vt 0.502027 0.751019
vt 0.504519 0.752714
vt 0.501748 0.734584
vt 0.505484 0.735890
vt 0.602069 0.881158
vt 0.615288 0.870776
vt 0.503648 0.716283
vt 0.506927 0.717380
vt 0.632562 0.857086
vt 0.634078 0.860657
vt 0.509228 0.719943
vt 0.510795 0.698204
vt 0.514723 0.699705
vt 0.644183 0.845912
vt 0.642065 0.842544
vt 0.506157 0.697542
vt 0.509769 0.675774
vt 0.499161 0.715595
vt 0.500852 0.697335
vt 0.492873 0.715506
vt 0.490330 0.699355
vt 0.485693 0.683424
vt 0.474787 0.668385
vt 0.468500 0.670862
vt 0.467151 0.657627
vt 0.473643 0.655247
vt 0.463962 0.644944
vt 0.470977 0.642537
vt 0.477223 0.640615
vt 0.472520 0.628869
vt 0.476520 0.626746
vt 0.482761 0.638849
vt 0.465900 0.618956
vt 0.469129 0.615738
vt 0.472066 0.614169
vt 0.479540 0.625555
vt 0.484629 0.637304
vt 0.387699 0.903403
vt 0.391754 0.904037
vt 0.387903 0.916815
vt 0.458934 0.614065
vt 0.461666 0.610708
vt 0.449360 0.617140
vt 0.453998 0.611401
vt 0.455923 0.607182
vt 0.444728 0.616184
vt 0.451106 0.608904
vt 0.935675 0.136145
vt 0.935220 0.140555
vt 0.929303 0.139780
vt 0.935395 0.146245
vt 0.924164 0.138483
vt 0.918787 0.136703
vt 0.447541 0.606192
vt 0.441460 0.613201
vt 0.437978 0.604188
vt 0.443461 0.598854
vt 0.934605 0.157185
vt 0.654110 0.347079
vt 0.648625 0.336393
vt 0.661716 0.343361
vt 0.670073 0.359929
vt 0.664132 0.363507
vt 0.951311 0.163675
vt 0.667282 0.339574
vt 0.676493 0.354183
vt 0.682462 0.364298
vt 0.676269 0.370355
vt 0.672081 0.373456
vt 0.685291 0.369233
vt 0.689150 0.355118
vt 0.692631 0.359670
vt 0.695112 0.362896
vt 0.687913 0.372889
vt 0.697130 0.365132
vt 0.699483 0.352367
vt 0.702482 0.355106
vt 0.704521 0.358000
vt 0.936891 0.583266
vt 0.938129 0.586591
vt 0.930183 0.586228
vt 0.929770 0.582887
vt 0.902773 0.582445
vt 0.897480 0.588099
vt 0.896055 0.585668
vt 0.708956 0.354593
vt 0.707421 0.351605
vt 0.712179 0.348882
vt 0.713126 0.352471
vt 0.892321 0.589420
vt 0.889334 0.586730
vt 0.888397 0.592727
vt 0.885584 0.589487
vt 0.952152 0.662464
vt 0.946940 0.665102
vt 0.945046 0.660757
vt 0.951395 0.658704
vt 0.885632 0.583679
vt 0.944846 0.651771
vt 0.950777 0.651477
vt 0.956420 0.650945
vt 0.955705 0.656764
vt 0.881156 0.577313
vt 0.875722 0.577979
vt 0.868935 0.566776
vt 0.873927 0.565922
vt 0.951963 0.638374
vt 0.956420 0.638327
vt 0.864682 0.554573
vt 0.868681 0.554037
vt 0.865313 0.540203
vt 0.868041 0.541057
vt 0.953659 0.925163
vt 0.938804 0.920031
vt 0.683297 0.400949
vt 0.685537 0.402808
vt 0.674372 0.420431
vt 0.671167 0.418047
vt 0.514723 0.886202
vt 0.519368 0.867095
vt 0.515808 0.865443
vt 0.518630 0.848292
vt 0.524347 0.851224
vt 0.527776 0.854776
vt 0.312112 0.887524
vt 0.306674 0.885850
vt 0.533808 0.842911
vt 0.301014 0.884825
vt 0.670015 0.436929
vt 0.679775 0.422560
vt 0.675092 0.440078
vt 0.885242 0.315714
vt 0.879004 0.313349
vt 0.883640 0.297566
vt 0.891892 0.301724
vt 0.873672 0.311917
vt 0.875127 0.295864
vt 0.900103 0.285546
vt 0.868348 0.311118
vt 0.869371 0.295524
vt 0.862939 0.310978
vt 0.864212 0.295906
vt 0.865435 0.278818
vt 0.860652 0.295247
vt 0.860868 0.279230
vt 0.861342 0.265241
vt 0.866096 0.264380
vt 0.955627 0.111845
vt 0.956107 0.116888
vt 0.945162 0.115113
vt 0.944875 0.109579
vt 0.932046 0.111804
vt 0.931993 0.105289
vt 0.866218 0.241589
vt 0.859934 0.242585
vt 0.860974 0.230194
vt 0.867144 0.229583
vt 0.878366 0.229245
vt 0.875249 0.240147
vt 0.965438 0.523300
vt 0.965944 0.534531
vt 0.954424 0.534098
vt 0.954832 0.523050
vt 0.954578 0.506811
vt 0.965413 0.508475
vt 0.893192 0.229245
vt 0.888125 0.240115
vt 0.954012 0.496602
vt 0.966737 0.499262
vt 0.902459 0.231514
vt 0.897600 0.243400
vt 0.576018 0.903480
vt 0.578585 0.888688
vt 0.582212 0.887505
vt 0.582212 0.903526
vt 0.908127 0.234581
vt 0.905100 0.246296
vt 0.966737 0.540718
vt 0.954075 0.540549
vt 0.181548 0.916479
vt 0.182496 0.922871
vt 0.168757 0.925832
vt 0.624878 0.541332
vt 0.631869 0.528260
vt 0.636138 0.531035
vt 0.628151 0.543903
vt 0.642283 0.535077
vt 0.633730 0.547720
vt 0.649297 0.540687
vt 0.639031 0.551611
vt 0.654654 0.545436
vt 0.643607 0.556252
vt 0.658859 0.550250
vt 0.647715 0.560354
vt 0.935675 0.171326
vt 0.941496 0.169768
vt 0.939525 0.155593
vt 0.946074 0.154612
vt 0.947004 0.168767
vt 0.948300 0.183954
vt 0.639078 0.575584
vt 0.650857 0.562942
vt 0.654511 0.566671
vt 0.641340 0.579380
vt 0.628298 0.590192
vt 0.636388 0.572547
vt 0.136559 0.840092
vt 0.137997 0.855949
vt 0.133160 0.854769
vt 0.131677 0.838443
vt 0.140015 0.840518
vt 0.125145 0.852498
vt 0.122454 0.836729
vt 0.118947 0.828519
vt 0.103543 0.836197
vt 0.102438 0.827920
vt 0.100921 0.823409
vt 0.095138 0.827895
vt 0.094409 0.822983
vt 0.093582 0.819174
vt 0.091052 0.822884
vt 0.092622 0.815953
vt 0.157438 0.628985
vt 0.155783 0.625685
vt 0.150169 0.623399
vt 0.152906 0.621793
vt 0.145780 0.618805
vt 0.147120 0.616786
vt 0.151011 0.616540
vt 0.514119 0.831095
vt 0.511360 0.833841
vt 0.514119 0.852760
vt 0.509635 0.845500
vt 0.137727 0.610848
vt 0.148581 0.624508
vt 0.913173 0.373661
vt 0.911344 0.372928
vt 0.914664 0.367527
vt 0.915686 0.369128
vt 0.909791 0.371078
vt 0.913221 0.366768
vt 0.935795 0.818303
vt 0.935099 0.817197
vt 0.938932 0.804543
vt 0.941069 0.805336
vt 0.943372 0.806996
vt 0.936902 0.819949
vt 0.362303 0.011230
vt 0.373601 0.026292
vt 0.943840 0.787439
vt 0.947752 0.788955
vt 0.376665 0.023636
vt 0.387929 0.037470
vt 0.384245 0.041352
vt 0.936900 0.804375
vt 0.939563 0.787383
vt 0.941133 0.772027
vt 0.945142 0.772720
vt 0.943332 0.756911
vt 0.946913 0.758253
vt 0.936609 0.787112
vt 0.938117 0.771508
vt 0.939533 0.756618
vt 0.941877 0.743835
vt 0.946704 0.744354
vt 0.935679 0.770503
vt 0.935845 0.756076
vt 0.936897 0.743591
vt 0.938734 0.730238
vt 0.943817 0.729980
vt 0.920529 0.287372
vt 0.920939 0.299979
vt 0.917279 0.299214
vt 0.917365 0.287055
vt 0.933574 0.742908
vt 0.933908 0.730854
vt -0.000000 0.967368
vt 0.001029 0.953535
vt 0.005895 0.952301
vt 0.004824 0.966501
vt 0.919466 0.273699
vt 0.912719 0.286894
vt 0.915387 0.274152
vt 0.918803 0.258272
vt 0.923708 0.258150
vt 0.591273 0.780661
vt 0.595371 0.782329
vt 0.911103 0.274324
vt 0.913136 0.258926
vt 0.898366 0.884037
vt 0.896682 0.870503
vt 0.900122 0.870244
vt 0.902046 0.883944
vt 0.905959 0.897940
vt 0.901512 0.897624
vt 0.907951 0.910158
vt 0.907301 0.883154
vt 0.904765 0.869299
vt 0.911984 0.868549
vt 0.915000 0.882782
vt 0.926277 0.869187
vt 0.928558 0.883401
vt 0.938566 0.871054
vt 0.938566 0.885364
vt 0.936968 0.899246
vt 0.704451 0.538776
vt 0.692355 0.548368
vt 0.690196 0.544236
vt 0.701000 0.532014
vt 0.686176 0.538176
vt 0.961919 0.428566
vt 0.958302 0.435666
vt 0.947092 0.436803
vt 0.949131 0.428966
vt 0.681674 0.555793
vt 0.676986 0.549736
vt 0.671459 0.562595
vt 0.666811 0.557399
vt 0.662133 0.552154
vt 0.672820 0.545812
vt 0.951311 0.140489
vt 0.943827 0.141655
vt 0.942052 0.125974
vt 0.949255 0.127956
vt 0.936066 0.143351
vt 0.935675 0.129786
vt 0.679229 0.532589
vt 0.688068 0.513885
vt 0.685521 0.535815
vt 0.668527 0.544070
vt 0.664304 0.538015
vt 0.673541 0.527437
vt 0.682655 0.512034
vt 0.688343 0.495053
vt 0.693546 0.497022
vt 0.667199 0.521538
vt 0.676091 0.507750
vt 0.682677 0.492745
vt 0.687220 0.479299
vt 0.691656 0.481211
vt 0.670191 0.502960
vt 0.677745 0.490567
vt 0.683375 0.477166
vt 0.691615 0.463446
vt 0.695582 0.465588
vt 0.673683 0.488854
vt 0.679222 0.475473
vt 0.687562 0.461495
vt 0.697901 0.449556
vt 0.701972 0.451886
vt 0.674814 0.474353
vt 0.683483 0.459551
vt 0.693666 0.446917
vt 0.703535 0.434697
vt 0.708649 0.437687
vt 0.680258 0.458401
vt 0.689281 0.444600
vt 0.697807 0.431530
vt 0.705429 0.416092
vt 0.713648 0.420149
vt 0.862760 0.325264
vt 0.868413 0.326571
vt 0.692468 0.429402
vt 0.698617 0.413218
vt 0.707540 0.398215
vt 0.712629 0.401913
vt 0.686294 0.426168
vt 0.693217 0.409809
vt 0.703773 0.395396
vt 0.712292 0.382111
vt 0.716201 0.385293
vt 0.688882 0.406135
vt 0.700736 0.393111
vt 0.709392 0.380203
vt 0.491725 0.863239
vt 0.497734 0.875617
vt 0.492856 0.876985
vt 0.487764 0.862807
vt 0.863865 0.567496
vt 0.859934 0.553889
vt 0.841098 0.954007
vt 0.836053 0.953382
vt 0.834504 0.941021
vt 0.841098 0.940210
vt 0.721955 0.368505
vt 0.733012 0.354293
vt 0.736014 0.358934
vt 0.725239 0.372908
vt 0.739943 0.363814
vt 0.729415 0.377714
vt 0.720933 0.389273
vt 0.736107 0.383928
vt 0.728480 0.396157
vt 0.721152 0.407845
vt 0.736192 0.400664
vt 0.728777 0.412171
vt 0.719944 0.424127
vt 0.732803 0.414255
vt 0.723707 0.426611
vt 0.712990 0.439729
vt 0.727481 0.428681
vt 0.716942 0.441707
vt 0.706347 0.454220
vt 0.720621 0.443409
vt 0.710600 0.456612
vt 0.699478 0.468188
vt 0.596951 0.816465
vt 0.598417 0.829621
vt 0.594329 0.829893
vt 0.593226 0.815858
vt 0.703086 0.469809
vt 0.695878 0.482824
vt 0.591447 0.801952
vt 0.588198 0.815909
vt 0.586861 0.801338
vt 0.583056 0.786659
vt 0.588691 0.787780
vt 0.698870 0.484445
vt 0.705376 0.470694
vt 0.708562 0.473482
vt 0.703597 0.487968
vt 0.713541 0.499416
vt 0.725414 0.491322
vt 0.727828 0.494818
vt 0.714893 0.505641
vt 0.731294 0.498958
vt 0.719849 0.513836
vt 0.736898 0.503837
vt 0.742572 0.488833
vt 0.744595 0.491676
vt 0.739976 0.484554
vt 0.751804 0.473824
vt 0.755237 0.477705
vt 0.736831 0.480396
vt 0.747204 0.467815
vt 0.760542 0.451295
vt 0.766630 0.456742
vt 0.744021 0.460052
vt 0.754057 0.446358
vt 0.763963 0.430772
vt 0.770882 0.436465
vt 0.738598 0.452747
vt 0.748032 0.439977
vt 0.757417 0.425500
vt 0.761440 0.417233
vt 0.768023 0.423143
vt 0.742584 0.433984
vt 0.750984 0.421549
vt 0.756723 0.412802
vt 0.760769 0.408412
vt 0.764478 0.412533
vt 0.746510 0.419456
vt 0.752811 0.410018
vt 0.742350 0.417500
vt 0.749016 0.407817
vt 0.587215 0.885593
vt 0.587223 0.874886
vt 0.591971 0.874567
vt 0.591318 0.886126
vt 0.596895 0.873651
vt 0.595935 0.885831
vt 0.594590 0.895988
vt 0.593594 0.904577
vt 0.599512 0.886697
vt 0.598363 0.897630
vt 0.752953 0.397179
vt 0.750918 0.394770
vt 0.757995 0.385683
vt 0.759930 0.389790
vt 0.766616 0.375895
vt 0.768564 0.380126
vt 0.747398 0.391923
vt 0.755075 0.381593
vt 0.764713 0.371049
vt 0.776003 0.360358
vt 0.777197 0.365469
vt 0.751322 0.376822
vt 0.762296 0.364928
vt 0.774301 0.353647
vt 0.787686 0.344781
vt 0.789471 0.350974
vt 0.756767 0.356493
vt 0.745532 0.370016
vt 0.751113 0.350339
vt 0.746342 0.345839
vt 0.742888 0.388929
vt 0.740303 0.402386
vt 0.743884 0.404493
vt 0.736504 0.416088
vt 0.600416 0.873878
vt 0.597737 0.859411
vt 0.600979 0.859834
vt 0.593099 0.860117
vt 0.594300 0.844448
vt 0.598254 0.844389
vt 0.730715 0.430002
vt 0.589011 0.860506
vt 0.589467 0.844821
vt 0.588445 0.830389
vt 0.585732 0.844465
vt 0.582211 0.829818
vt 0.583318 0.814202
vt 0.717400 0.459333
vt 0.728231 0.445979
vt 0.732755 0.448173
vt 0.738021 0.431824
vt 0.724150 0.444531
vt 0.733974 0.430404
vt 0.803161 0.344526
vt 0.805098 0.348430
vt 0.790497 0.355205
vt 0.800966 0.339847
vt 0.140016 0.904091
vt 0.136468 0.902751
vt 0.143531 0.905442
vt 0.806152 0.352305
vt 0.791533 0.359204
vt 0.778685 0.369584
vt 0.792435 0.362829
vt 0.779886 0.372947
vt 0.347599 0.849403
vt 0.350553 0.849706
vt 0.350421 0.863047
vt 0.345960 0.861516
vt 0.354692 0.850912
vt 0.355093 0.863441
vt 0.768775 0.382721
vt 0.759450 0.392105
vt 0.350807 0.874635
vt 0.345467 0.872235
vt 0.780262 0.375201
vt 0.792577 0.365138
vt 0.793000 0.367503
vt 0.782149 0.379065
vt 0.351826 0.835137
vt 0.355385 0.836437
vt 0.794498 0.371031
vt 0.784418 0.382614
vt 0.357029 0.850470
vt 0.360916 0.849980
vt 0.362274 0.861231
vt 0.357607 0.862114
vt 0.368241 0.860432
vt 0.371017 0.863754
vt 0.365167 0.867344
vt 0.935886 0.677897
vt 0.929983 0.681294
vt 0.927643 0.675942
vt 0.937070 0.673188
vt 0.933691 0.686842
vt 0.931309 0.689612
vt 0.927164 0.684692
vt 0.923862 0.678746
vt 0.770569 0.399697
vt 0.775830 0.396476
vt 0.778121 0.399412
vt 0.772125 0.403079
vt 0.924141 0.687441
vt 0.920208 0.681182
vt 0.766641 0.406018
vt 0.774767 0.406063
vt 0.768912 0.409849
vt 0.916819 0.682096
vt 0.915671 0.675319
vt 0.918659 0.674695
vt 0.922043 0.673909
vt 0.232527 0.847591
vt 0.230122 0.850335
vt 0.227115 0.846328
vt 0.229574 0.842648
vt 0.916623 0.669123
vt 0.919649 0.668403
vt 0.234029 0.855986
vt 0.231404 0.859979
vt 0.226962 0.855295
vt 0.224168 0.852686
vt 0.770356 0.418410
vt 0.771550 0.414871
vt 0.779097 0.420516
vt 0.777281 0.423751
vt 0.774932 0.429002
vt 0.781296 0.418102
vt 0.224168 0.863722
vt 0.226380 0.867390
vt 0.785906 0.414847
vt 0.794547 0.420529
vt 0.773188 0.412891
vt 0.778642 0.409398
vt 0.783894 0.406289
vt 0.790363 0.412544
vt 0.780489 0.402275
vt 0.784987 0.400139
vt 0.788146 0.404717
vt 0.782864 0.397267
vt 0.075327 0.835394
vt 0.079662 0.836460
vt 0.079768 0.839035
vt 0.075321 0.838109
vt 0.781545 0.394869
vt 0.931766 0.693685
vt 0.933907 0.693251
vt 0.934870 0.697861
vt 0.932709 0.697960
vt 0.130491 0.658302
vt 0.133306 0.662530
vt 0.130099 0.663430
vt 0.128170 0.659366
vt 0.131635 0.656919
vt 0.135870 0.661407
vt 0.126313 0.664147
vt 0.124631 0.660376
vt 0.136014 0.669344
vt 0.120460 0.669503
vt 0.119858 0.665186
vt 0.118973 0.661784
vt 0.079784 0.843226
vt 0.083733 0.841630
vt 0.083733 0.850108
vt 0.079774 0.850074
vt 0.075632 0.848997
vt 0.075195 0.842240
vt 0.079740 0.857256
vt 0.076248 0.856795
vt 0.073274 0.855183
vt 0.071841 0.846876
vt 0.793571 0.411717
vt 0.797707 0.418826
vt 0.800202 0.418022
vt 0.803715 0.422206
vt 0.802030 0.423078
vt 0.799956 0.424460
vt 0.804920 0.426040
vt 0.802811 0.427433
vt 0.806755 0.428253
vt 0.804355 0.430134
vt 0.808089 0.430209
vt 0.805149 0.432376
vt 0.808990 0.431954
vt 0.805871 0.434022
vt 0.802235 0.436770
vt 0.806644 0.435451
vt 0.803203 0.438215
vt 0.797354 0.443677
vt 0.795811 0.442075
vt 0.790782 0.451496
vt 0.788547 0.450003
vt 0.779317 0.469114
vt 0.776926 0.466787
vt 0.774324 0.464174
vt 0.759111 0.482938
vt 0.757504 0.481089
vt 0.771334 0.461175
vt 0.931867 0.936150
vt 0.928047 0.936538
vt 0.928026 0.921463
vt 0.933877 0.921378
vt 0.924319 0.937034
vt 0.923167 0.923101
vt 0.079098 0.801861
vt 0.083817 0.803532
vt 0.083817 0.816990
vt 0.073635 0.798307
vt 0.596769 0.735365
vt 0.594211 0.751623
vt 0.592607 0.735956
vt 0.901621 0.340504
vt 0.902359 0.326571
vt 0.905583 0.327407
vt 0.905397 0.341728
vt 0.591521 0.614888
vt 0.590960 0.598854
vt 0.593733 0.599303
vt 0.595475 0.615813
vt 0.595497 0.630728
vt 0.591262 0.629655
vt 0.599376 0.616756
vt 0.600550 0.632059
vt 0.908142 0.922310
vt 0.909348 0.937631
vt 0.905412 0.937653
vt 0.902255 0.921567
vt 0.284880 0.958100
vt 0.279192 0.960092
vt 0.345467 0.855095
vt 0.341235 0.855799
vt 0.341418 0.841543
vt 0.901633 0.937533
vt 0.896682 0.921379
vt 0.274039 0.964140
vt 0.268926 0.949937
vt 0.095494 0.757440
vt 0.091851 0.739347
vt 0.095751 0.738657
vt 0.098018 0.756981
vt 0.101629 0.775003
vt 0.102150 0.755792
vt 0.106028 0.773482
vt 0.109610 0.786803
vt 0.102915 0.789346
vt 0.112260 0.798429
vt 0.105407 0.800383
vt 0.100055 0.802297
vt 0.110229 0.814400
vt 0.106410 0.815137
vt 0.601762 0.770215
vt 0.600236 0.782880
vt 0.107579 0.754931
vt 0.108604 0.771823
vt 0.959898 0.638327
vt 0.963107 0.638707
vt 0.101141 0.738661
vt 0.096090 0.713621
vt 0.091212 0.714350
vt 0.089087 0.739811
vt 0.087579 0.714965
vt 0.090365 0.695646
vt 0.090482 0.685890
vt 0.083968 0.715445
vt 0.087515 0.695342
vt 0.088098 0.685881
vt 0.086945 0.678124
vt 0.088630 0.677624
vt 0.084847 0.694978
vt 0.085279 0.685476
vt 0.016519 0.958732
vt 0.019459 0.957315
vt 0.019997 0.963582
vt 0.017990 0.964505
vt 0.843138 0.940248
vt 0.844115 0.944393
vt 0.842714 0.944367
vt 0.022235 0.956996
vt 0.022581 0.963385
vt 0.845759 0.940560
vt 0.846278 0.944353
vt 0.846265 0.947276
vt 0.844656 0.947269
vt 0.848326 0.940385
vt 0.848249 0.944209
vt 0.847760 0.947418
vt 0.847351 0.949880
vt 0.846094 0.949139
vt 0.849819 0.944136
vt 0.849013 0.947396
vt 0.810018 0.434275
vt 0.809622 0.433415
vt 0.811831 0.431790
vt 0.812304 0.433042
vt 0.340044 0.719584
vt 0.338293 0.721049
vt 0.337949 0.720708
vt 0.338932 0.718701
vt 0.811063 0.430328
vt 0.340703 0.720764
vt 0.338703 0.721871
vt 0.086083 0.665642
vt 0.086481 0.667213
vt 0.085194 0.667574
vt 0.084713 0.665839
vt 0.341651 0.722224
vt 0.339206 0.723136
vt 0.336786 0.722937
vt 0.336505 0.721529
vt 0.088252 0.666678
vt 0.088446 0.669040
vt 0.086820 0.669720
vt 0.339508 0.724843
vt 0.336942 0.724510
vt 0.090551 0.666356
vt 0.090526 0.668538
vt 0.090869 0.671879
vt 0.089121 0.672445
vt 0.093409 0.666328
vt 0.093449 0.668495
vt 0.093769 0.671277
vt 0.096780 0.668595
vt 0.096676 0.666349
vt 0.101739 0.666067
vt 0.101842 0.668694
vt 0.109992 0.665495
vt 0.109701 0.669104
vt 0.120146 0.674846
vt 0.119202 0.679743
vt 0.128810 0.680279
vt 0.190364 0.953442
vt 0.186483 0.953380
vt 0.190640 0.961873
vt 0.184720 0.961873
vt 0.915671 0.720658
vt 0.917191 0.715044
vt 0.127287 0.681764
vt 0.135528 0.681242
vt 0.134816 0.684998
vt 0.125354 0.685884
vt 0.117348 0.681965
vt 0.917717 0.726865
vt 0.105548 0.678855
vt 0.082841 0.856792
vt 0.082536 0.860993
vt 0.079718 0.861297
vt 0.082485 0.863856
vt 0.079743 0.864294
vt 0.076892 0.864243
vt 0.076705 0.861058
vt 0.079703 0.866733
vt 0.076930 0.866691
vt 0.806383 0.424907
vt 0.808461 0.426706
vt 0.074448 0.863605
vt 0.074218 0.860156
vt 0.079504 0.868517
vt 0.076900 0.868669
vt 0.810063 0.428474
vt 0.082038 0.866227
vt 0.087380 0.673052
vt 0.085779 0.673491
vt 0.085493 0.670131
vt 0.843487 0.947190
vt 0.084460 0.670265
vt 0.083974 0.667971
vt 0.083968 0.665879
vt 0.850274 0.940210
vt 0.025163 0.963773
vt 0.024981 0.957287
vt 0.027593 0.958309
vt 0.027142 0.964650
vt 0.223758 0.769127
vt 0.226511 0.768809
vt 0.226354 0.777438
vt 0.223758 0.777483
vt 0.024447 0.948716
vt 0.027368 0.949520
vt 0.021849 0.948517
vt 0.020346 0.929620
vt 0.024240 0.929579
vt 0.027593 0.930267
vt 0.921350 0.959534
vt 0.917463 0.959978
vt 0.916960 0.939265
vt 0.920224 0.938371
vt 0.924677 0.959013
vt 0.019107 0.949129
vt 0.016774 0.930315
vt 0.913876 0.960044
vt 0.913334 0.938030
vt 0.015900 0.950516
vt 0.013924 0.931840
vt 0.910986 0.959868
vt 0.844793 0.949520
vt 0.908066 0.958993
vt 0.927970 0.957834
vt 0.933257 0.701790
vt 0.936890 0.683792
vt 0.807472 0.361024
vt 0.808192 0.363526
vt 0.358927 0.837462
vt 0.360837 0.821932
vt 0.368234 0.812131
vt 0.358323 0.820908
vt 0.806918 0.358542
vt 0.806658 0.355703
vt 0.817448 0.353038
vt 0.817848 0.355343
vt 0.816562 0.350091
vt 0.815388 0.346877
vt 0.820658 0.347027
vt 0.813603 0.343600
vt 0.503756 0.873522
vt 0.510389 0.881011
vt 0.698486 0.390939
vt 0.686076 0.444005
vt 0.681560 0.442524
vt 0.669736 0.487697
vt 0.665684 0.499871
vt 0.660899 0.496656
vt 0.660594 0.514800
vt 0.655264 0.510505
vt 0.649741 0.507329
vt 0.651702 0.525093
vt 0.646367 0.520806
vt 0.642424 0.518692
vt 0.658447 0.532103
vt 0.658006 0.568754
vt 0.134624 0.874220
vt 0.135432 0.889314
vt 0.128653 0.891414
vt 0.127081 0.876556
vt 0.139946 0.872478
vt 0.115371 0.893277
vt 0.111869 0.877591
vt 0.106632 0.852065
vt 0.098864 0.876377
vt 0.096648 0.853542
vt 0.095781 0.837152
vt 0.093045 0.854794
vt 0.092852 0.837665
vt 0.092066 0.827703
vt 0.090434 0.838269
vt 0.089677 0.827433
vt 0.088701 0.823018
vt 0.087634 0.827001
vt 0.086698 0.823089
vt 0.085975 0.827003
vt 0.085139 0.823448
vt 0.083968 0.820951
vt 0.908658 0.368607
vt 0.908808 0.364612
vt 0.910879 0.365939
vt 0.917032 0.352309
vt 0.917786 0.352717
vt 0.085987 0.838896
vt 0.084289 0.839588
vt 0.085206 0.828337
vt 0.088203 0.838588
vt 0.087669 0.855851
vt 0.085469 0.856174
vt 0.090277 0.855393
vt 0.090513 0.874617
vt 0.087366 0.874117
vt 0.093947 0.875529
vt 0.095176 0.891969
vt 0.091019 0.890753
vt 0.101197 0.893243
vt 0.102502 0.902751
vt 0.095797 0.902684
vt 0.116920 0.902663
vt 0.947687 0.450037
vt 0.956542 0.448093
vt 0.956537 0.462413
vt 0.948570 0.464427
vt 0.130169 0.902751
vt 0.948532 0.471142
vt 0.958079 0.469547
vt 0.959722 0.474093
vt 0.948867 0.475969
vt 0.090961 0.902530
vt 0.961919 0.477427
vt 0.951324 0.479115
vt 0.087717 0.901601
vt 0.087310 0.889807
vt 0.909441 0.298582
vt 0.908127 0.286716
vt 0.913104 0.298806
vt 0.913487 0.314674
vt 0.911467 0.314092
vt 0.916431 0.315088
vt 0.913781 0.333269
vt 0.911399 0.333332
vt 0.085194 0.873357
vt 0.919654 0.315530
vt 0.916455 0.332778
vt 0.909873 0.351795
vt 0.921825 0.316349
vt 0.918744 0.333500
vt 0.137919 0.901707
vt 0.009915 0.965700
vt 0.013924 0.963934
vt 0.947752 0.731297
vt 0.423319 0.060691
vt 0.419067 0.064989
vt 0.409260 0.055516
vt 0.412773 0.050840
vt 0.414996 0.069438
vt 0.405453 0.060531
vt 0.395522 0.052893
vt 0.399472 0.048340
vt 0.402302 0.045582
vt 0.400542 0.064978
vt 0.390974 0.056747
vt 0.380090 0.044932
vt 0.385578 0.061069
vt 0.375907 0.047983
vt 0.380220 0.063632
vt 0.371872 0.051065
vt 0.375758 0.065978
vt 0.368976 0.053338
vt 0.360776 0.044322
vt 0.429532 0.631172
vt 0.429371 0.641457
vt 0.424983 0.642636
vt 0.424469 0.633501
vt 0.422966 0.622976
vt 0.429045 0.619269
vt 0.352985 0.033550
vt 0.420595 0.611325
vt 0.429003 0.608879
vt 0.345467 0.024297
vt 0.417577 0.601935
vt 0.427602 0.601129
vt 0.437978 0.598854
vt 0.436810 0.602481
vt 0.130716 0.604126
vt 0.143531 0.917955
vt 0.145432 0.902751
vt 0.148062 0.912137
vt 0.148062 0.921056
vt 0.416861 0.625268
vt 0.413784 0.612239
vt 0.410833 0.602645
vt 0.408693 0.626676
vt 0.408135 0.613206
vt 0.406501 0.603213
vt 0.400495 0.625988
vt 0.404102 0.613487
vt 0.403793 0.603591
vt 0.396128 0.624860
vt 0.400980 0.613223
vt 0.401850 0.603854
vt 0.094394 0.600867
vt 0.092972 0.600647
vt 0.088630 0.593926
vt 0.090101 0.593480
vt 0.078000 0.582705
vt 0.077712 0.581989
vt 0.091807 0.600406
vt 0.086945 0.594020
vt 0.078752 0.583997
vt 0.240812 0.858714
vt 0.239850 0.870322
vt 0.238268 0.867734
vt 0.238688 0.857996
vt 0.954107 0.198200
vt 0.965081 0.202722
vt 0.964277 0.205881
vt 0.953017 0.200988
vt 0.955067 0.193818
vt 0.966070 0.196454
vt 0.397608 0.635458
vt 0.395954 0.644482
vt 0.388032 0.644591
vt 0.391330 0.633520
vt 0.955425 0.185618
vt 0.965729 0.184665
vt 0.409445 0.636620
vt 0.410219 0.644175
vt 0.410821 0.658476
vt 0.419032 0.635419
vt 0.419456 0.643744
vt 0.420014 0.657301
vt 0.425410 0.656340
vt 0.027655 0.934223
vt 0.040070 0.934032
vt 0.430085 0.655025
vt 0.028674 0.929578
vt 0.040830 0.929578
vt 0.431604 0.667087
vt 0.433571 0.678905
vt 0.385659 0.076646
vt 0.389783 0.074078
vt 0.398939 0.084119
vt 0.394864 0.070597
vt 0.403636 0.080501
vt 0.412966 0.090915
vt 0.409540 0.074887
vt 0.418045 0.086203
vt 0.425927 0.099083
vt 0.423927 0.081752
vt 0.431037 0.096531
vt 0.435819 0.109062
vt 0.442221 0.122297
vt 0.439188 0.108115
vt 0.909431 0.715674
vt 0.905305 0.701470
vt 0.900129 0.702383
vt 0.897743 0.686515
vt 0.899691 0.670189
vt 0.134180 0.754581
vt 0.132033 0.771790
vt 0.130946 0.734224
vt 0.964033 0.175119
vt 0.953727 0.177485
vt 0.951311 0.171423
vt 0.961717 0.169733
vt 0.384117 0.644780
vt 0.388172 0.632224
vt 0.385663 0.631243
vt 0.383149 0.631228
vt 0.963642 0.208391
vt 0.962427 0.210971
vt 0.951311 0.206376
vt 0.952040 0.204005
vt 0.935304 0.803368
vt 0.909591 0.375059
vt 0.908417 0.372270
vt 0.513811 0.884862
vt 0.718652 0.354916
vt 0.718571 0.351043
vt 0.727431 0.348984
vt 0.728465 0.352755
vt 0.725077 0.345627
vt 0.729835 0.342609
vt 0.731979 0.345371
vt 0.509900 0.893397
vt 0.505510 0.898980
vt 0.718184 0.347049
vt 0.716356 0.343077
vt 0.722177 0.342175
vt 0.709796 0.345567
vt 0.705810 0.340858
vt 0.712477 0.338122
vt 0.704789 0.349251
vt 0.700541 0.344749
vt 0.930568 0.591964
vt 0.937950 0.591964
vt 0.695505 0.349687
vt 0.224841 0.807684
vt 0.234029 0.808679
vt 0.232879 0.818222
vt 0.224200 0.819764
vt 0.682617 0.347429
vt 0.671524 0.336325
vt 0.765762 0.948655
vt 0.758417 0.945611
vt 0.765897 0.943651
vt 0.704524 0.327526
vt 0.765152 0.959103
vt 0.758140 0.955620
vt 0.710001 0.327471
vt 0.716068 0.326894
vt 0.723071 0.334779
vt 0.717793 0.337203
vt 0.919433 0.868069
vt 0.912628 0.868549
vt 0.914118 0.857875
vt 0.920934 0.857080
vt 0.808357 0.943758
vt 0.809884 0.954550
vt 0.802407 0.953228
vt 0.802407 0.940210
vt 0.706704 0.314096
vt 0.713633 0.312178
vt 0.722733 0.324139
vt 0.927948 0.855971
vt 0.919098 0.842146
vt 0.925052 0.841296
vt 0.696604 0.297787
vt 0.917494 0.828621
vt 0.923802 0.827502
vt 0.691276 0.283044
vt 0.912609 0.843714
vt 0.909993 0.831796
vt 0.909472 0.822166
vt 0.904371 0.834979
vt 0.911749 0.807210
vt 0.766343 0.953478
vt 0.769180 0.954099
vt 0.769619 0.961060
vt 0.765897 0.960754
vt 0.772335 0.955107
vt 0.772335 0.961803
vt 0.770859 0.945057
vt 0.464349 0.692436
vt 0.687199 0.260051
vt 0.689116 0.261747
vt 0.685317 0.267386
vt 0.683155 0.265705
vt 0.669292 0.276541
vt 0.660705 0.287457
vt 0.463895 0.671569
vt 0.461620 0.659236
vt 0.665014 0.274559
vt 0.657545 0.301695
vt 0.654132 0.299457
vt 0.457822 0.646781
vt 0.454073 0.646668
vt 0.447480 0.637108
vt 0.661280 0.304315
vt 0.907572 0.846120
vt 0.904257 0.848980
vt 0.685186 0.305122
vt 0.687741 0.302422
vt 0.681344 0.307283
vt 0.680316 0.292969
vt 0.908296 0.859149
vt 0.733596 0.318542
vt 0.739521 0.322470
vt 0.729204 0.330423
vt 0.723164 0.308753
vt 0.740839 0.301083
vt 0.750572 0.308583
vt 0.768877 0.296519
vt 0.771788 0.299743
vt 0.755104 0.310813
vt 0.762015 0.285723
vt 0.773820 0.273686
vt 0.782040 0.286112
vt 0.744649 0.267603
vt 0.755372 0.256708
vt 0.760824 0.253550
vt 0.778216 0.267071
vt 0.722396 0.255749
vt 0.732834 0.243173
vt 0.740774 0.239196
vt 0.745512 0.237918
vt 0.764216 0.251484
vt 0.719390 0.236514
vt 0.725966 0.227926
vt 0.731223 0.223168
vt 0.735377 0.220369
vt 0.749494 0.235495
vt 0.719014 0.222339
vt 0.723791 0.213944
vt 0.727512 0.209160
vt 0.730964 0.206079
vt 0.739000 0.217804
vt 0.720499 0.210262
vt 0.723927 0.204955
vt 0.717772 0.207998
vt 0.721487 0.202429
vt 0.475365 0.756007
vt 0.473212 0.750285
vt 0.476458 0.749928
vt 0.478359 0.756149
vt 0.479912 0.748901
vt 0.481984 0.755378
vt 0.483491 0.759616
vt 0.489290 0.756575
vt 0.495031 0.748781
vt 0.497838 0.734273
vt 0.470857 0.740959
vt 0.474464 0.739216
vt 0.460579 0.729101
vt 0.464853 0.724864
vt 0.471069 0.719532
vt 0.481172 0.716179
vt 0.467580 0.741891
vt 0.456638 0.731641
vt 0.449869 0.715148
vt 0.704835 0.230004
vt 0.712185 0.217179
vt 0.715444 0.219205
vt 0.708488 0.231294
vt 0.698202 0.250275
vt 0.711834 0.235254
vt 0.462094 0.748509
vt 0.459000 0.752412
vt 0.447738 0.742051
vt 0.450805 0.738792
vt 0.752395 0.233716
vt 0.470151 0.756116
vt 0.467388 0.760814
vt 0.461956 0.765790
vt 0.454674 0.756237
vt 0.733685 0.203349
vt 0.465047 0.771151
vt 0.458163 0.776165
vt 0.455123 0.770358
vt 0.466703 0.776008
vt 0.460058 0.780866
vt 0.455557 0.784031
vt 0.453037 0.779579
vt 0.468167 0.779278
vt 0.461523 0.783528
vt 0.883558 0.533163
vt 0.886277 0.531240
vt 0.890243 0.534864
vt 0.887526 0.537072
vt 0.892738 0.537753
vt 0.890194 0.540203
vt 0.888741 0.529352
vt 0.880612 0.525565
vt 0.883277 0.523646
vt 0.885719 0.521866
vt 0.890776 0.527769
vt 0.887544 0.520490
vt 0.891811 0.526724
vt 0.290009 0.925357
vt 0.291894 0.924975
vt 0.290562 0.917462
vt 0.294362 0.924533
vt 0.294890 0.929311
vt 0.295216 0.933472
vt 0.297079 0.928731
vt 0.297290 0.932715
vt 0.296944 0.936566
vt 0.294532 0.936848
vt 0.299229 0.928097
vt 0.730301 0.176525
vt 0.730915 0.174180
vt 0.733669 0.178608
vt 0.732429 0.180667
vt 0.292317 0.936524
vt 0.735810 0.183898
vt 0.734389 0.185690
vt 0.731452 0.182284
vt 0.737486 0.191618
vt 0.448982 0.782547
vt 0.444391 0.776575
vt 0.449020 0.773601
vt 0.452402 0.786862
vt 0.437978 0.768257
vt 0.442385 0.764248
vt 0.448884 0.760586
vt 0.911461 0.428566
vt 0.918429 0.431267
vt 0.439934 0.748849
vt 0.444151 0.745019
vt 0.904660 0.442740
vt 0.901534 0.459404
vt 0.900322 0.441458
vt 0.899579 0.477086
vt 0.897792 0.458437
vt 0.896582 0.439343
vt 0.769144 0.247183
vt 0.785903 0.258096
vt 0.784028 0.260870
vt 0.767117 0.249156
vt 0.781171 0.263859
vt 0.797746 0.268538
vt 0.902624 0.490880
vt 0.874384 0.518538
vt 0.476153 0.774491
vt 0.870432 0.512813
vt 0.785108 0.291195
vt 0.787095 0.294154
vt 0.774300 0.302402
vt 0.776192 0.305077
vt 0.762177 0.315838
vt 0.758894 0.313134
vt 0.747841 0.326890
vt 0.743878 0.324695
vt 0.736597 0.337100
vt 0.733323 0.334141
vt 0.727113 0.339361
vt 0.750870 0.328365
vt 0.739756 0.339424
vt 0.503918 0.906762
vt 0.502968 0.920152
vt 0.497201 0.921197
vt 0.493582 0.936386
vt 0.487764 0.935872
vt 0.491548 0.921133
vt 0.499220 0.935057
vt 0.166571 0.935779
vt 0.165826 0.952111
vt 0.164042 0.955983
vt 0.161510 0.938672
vt 0.506903 0.920127
vt 0.503954 0.934568
vt 0.170862 0.933908
vt 0.170021 0.950254
vt 0.753728 0.330770
vt 0.770887 0.320105
vt 0.742648 0.341867
vt 0.787349 0.313440
vt 0.765718 0.317270
vt 0.798585 0.307454
vt 0.803153 0.309949
vt 0.289559 0.922257
vt 0.282055 0.923578
vt 0.283185 0.913778
vt 0.289559 0.912058
vt 0.802299 0.300217
vt 0.170862 0.964084
vt 0.167445 0.963834
vt 0.697706 0.315500
vt 0.644014 0.331509
vt 0.640332 0.328078
vt 0.445470 0.627421
vt 0.304207 0.921917
vt 0.935698 0.285120
vt 0.256484 0.681391
vt 0.264401 0.670723
vt 0.484413 0.954528
vt 0.486733 0.955682
vt 0.263514 0.664907
vt 0.939788 0.375400
vt 0.936305 0.370235
vt 0.936305 0.357441
vt 0.941412 0.361970
vt 0.272564 0.657778
vt 0.272931 0.664560
vt 0.283671 0.650046
vt 0.294160 0.650025
vt 0.677010 0.973979
vt 0.404470 0.860132
vt 0.399667 0.858848
vt 0.896682 0.610014
vt 0.383468 0.707223
vt 0.377826 0.711492
vt 0.258742 0.822543
vt 0.276495 0.796904
vt 0.928856 0.849265
vt 0.940072 0.860380
vt 0.929781 0.842372
vt 0.230559 0.566480
vt 0.159452 0.873892
vt 0.291318 0.535631
vt 0.250190 0.959182
vt 0.114423 0.949203
vt 0.560530 0.913685
vt 0.560567 0.919004
vt 0.564541 0.919066
vt 0.564753 0.925044
vt 0.560279 0.924308
vt 0.565125 0.930177
vt 0.559942 0.928663
vt 0.935670 0.207668
vt 0.935432 0.212164
vt 0.930089 0.212063
vt 0.930745 0.207477
vt 0.935670 0.217084
vt 0.925047 0.212277
vt 0.926065 0.207750
vt 0.570860 0.935620
vt 0.575693 0.937714
vt 0.580833 0.879524
vt 0.582211 0.886094
vt 0.696959 0.654421
vt 0.711385 0.640020
vt 0.713194 0.644190
vt 0.714415 0.647253
vt 0.281608 0.892691
vt 0.282723 0.874127
vt 0.281608 0.911147
vt 0.722847 0.620853
vt 0.670143 0.651248
vt 0.083968 0.902751
vt 0.566809 0.791136
vt 0.264603 0.944846
vt 0.338719 0.475008
vt 0.711231 0.761546
vt 0.706415 0.757100
vt 0.717208 0.769797
vt 0.722597 0.780507
vt 0.666583 0.931542
vt 0.341769 0.164788
vt 0.343662 0.172408
vt 0.343241 0.179495
vt 0.343409 0.164981
vt 0.345467 0.173570
vt 0.747416 0.924222
vt 0.747366 0.917138
vt 0.418862 0.916929
vt 0.418812 0.929486
vt 0.416926 0.929671
vt 0.417269 0.916528
vt 0.420784 0.917476
vt 0.423024 0.918131
vt 0.426273 0.919073
vt 0.431510 0.920457
vt 0.337866 0.281196
vt 0.338421 0.317017
vt 0.744246 0.815478
vt 0.000612 0.171717
vt 0.833300 0.935098
vt 0.938779 0.566062
vt 0.862023 0.139460
vt 0.434536 0.574521
vt 0.938779 0.592298
vt 0.347653 0.574910
vt 0.066130 0.938703
vt 0.437028 0.334342
vt 0.774972 0.803037
vt 0.919094 0.534336
vt 0.771821 0.781188
vt 0.918429 0.511729
vt 0.776230 0.769268
vt 0.778852 0.772898
vt 0.773827 0.783437
vt 0.781257 0.763771
vt 0.783336 0.766320
vt 0.786003 0.760370
vt 0.787635 0.763361
vt 0.783123 0.756800
vt 0.786575 0.754446
vt 0.789494 0.758135
vt 0.219155 0.930216
vt 0.218568 0.926897
vt 0.791305 0.761222
vt 0.220452 0.934288
vt 0.585085 0.632915
vt 0.859934 0.371803
vt 0.864029 0.363478
vt 0.333630 0.955712
vt 0.784171 0.740322
vt 0.754052 0.740900
vt 0.749365 0.712747
vt 0.754145 0.726615
vt 0.345467 0.720358
vt 0.345467 0.750395
vt 0.341651 0.738620
vt 0.344918 0.718376
vt 0.796139 0.644733
vt 0.801707 0.637442
vt 0.345467 0.747708
vt 0.346726 0.731743
vt 0.900471 0.427646
vt 0.901959 0.417643
vt 0.361468 0.759832
vt 0.373520 0.760364
vt 0.865979 0.940235
vt 0.776014 0.676526
vt 0.950773 0.495194
vt 0.947092 0.479115
vt 0.956201 0.479236
vt 0.956201 0.495468
vt 0.775088 0.644773
vt 0.768807 0.627110
vt 0.758988 0.627585
vt 0.762886 0.618838
vt 0.760822 0.604088
vt 0.345206 0.871432
vt 0.341235 0.870247
vt 0.341378 0.862364
vt 0.344993 0.863497
vt 0.762178 0.598392
vt 0.341483 0.855799
vt 0.345206 0.857023
vt 0.958333 0.859941
vt 0.953475 0.860569
vt 0.952373 0.855173
vt 0.956944 0.853060
vt 0.210489 0.884331
vt 0.400647 0.868028
vt 0.509635 0.790512
vt 0.512341 0.786862
vt 0.203247 0.869465
vt 0.203763 0.869629
vt 0.946724 0.858665
vt 0.045631 0.511000
vt 0.691779 0.260159
vt 0.279836 0.924546
vt 0.284880 0.927245
vt 0.240416 0.587996
vt 0.410971 0.912716
vt 0.140190 0.870516
vt 0.145101 0.866707
vt 0.926419 0.082003
vt 0.931993 0.083827
vt 0.929860 0.094954
vt 0.924971 0.093647
vt 0.698686 0.788538
vt 0.704425 0.791486
vt 0.413842 0.899842
vt 0.900471 0.376604
vt 0.901062 0.372436
vt 0.904815 0.370979
vt 0.904815 0.376696
vt 0.785210 0.953737
vt 0.794018 0.940210
vt 0.794032 0.944057
vt 0.788460 0.940268
vt 0.951755 0.872584
vt 0.259532 0.955372
vt 0.744097 0.621665
vt 0.666432 0.654016
vt 0.489932 0.644327
vt 0.756468 0.629137
vt 0.336505 0.719385
vt 0.337573 0.718376
vt 0.236769 0.869232
vt 0.234029 0.874127
vt 0.277189 0.874127
vt 0.750954 0.751250
vt 0.742734 0.642597
vt 0.744700 0.642035
vt 0.956107 0.090910
vt 0.930620 0.837859
vt 0.370785 0.701880
vt 0.374003 0.716123
vt 0.688103 0.045465
vt 0.688403 0.052716
s 1
usemtl Material.003
f 1/1/1 276/2/2 277/3/3 278/4/4
f 1/1/1 279/5/5 280/6/6 276/2/2
f 1/1/1 278/4/4 281/7/7 282/8/8
f 2/9/9 287/10/10 288/11/11 289/12/12
f 290/13/13 291/14/14 292/15/15 293/16/16
f 2/17/17 289/18/17 290/13/13 293/16/16
f 3/19/18 288/11/11 287/10/10 294/20/19
f 3/19/18 294/20/19 295/21/20 296/22/21
f 3/19/18 297/23/22 298/24/23 288/11/11
f 3/19/18 299/25/24 300/26/25 297/23/22
f 3/19/18 296/22/21 301/27/26 299/25/24
f 4/28/27 302/29/28 303/30/29 304/31/30
f 4/32/31 305/33/32 306/34/33 302/35/34
f 4/28/27 304/31/30 307/36/35 305/37/36
f 5/38/37 308/39/38 309/40/39 310/41/40
f 5/38/41 311/42/42 312/43/43 313/44/44
f 5/38/41 310/41/40 314/45/45 311/42/42
f 6/46/46 317/47/47 17/48/48 318/49/49
f 6/46/46 319/50/50 320/51/51 317/47/47
f 321/52/52 322/53/53 323/54/54 324/55/55
f 7/56/56 325/57/57 326/58/58 327/59/59
f 329/60/60 330/61/61 325/57/57 7/56/56
f 7/56/56 327/59/59 328/62/62 329/60/60
f 331/63/63 332/64/64 325/57/57 330/61/61
f 8/65/65 333/66/66 334/67/67 335/68/68
f 8/65/65 337/69/69 338/70/70 333/66/66
f 8/71/71 335/72/72 339/73/73 10/74/74
f 9/75/75 340/76/76 323/54/54 322/53/53
f 9/75/75 332/77/77 331/78/63 340/76/76
f 9/75/75 341/79/78 342/80/79 332/77/77
f 10/74/74 339/73/73 343/81/80 344/82/81
f 10/83/82 345/84/83 346/85/84 336/86/85
f 10/83/82 344/87/86 347/88/87 345/84/83
f 11/89/88 348/90/89 349/91/90 350/92/91
f 351/93/92 352/94/93 348/90/89 11/89/88
f 11/89/88 350/92/91 16/95/94 351/93/92
f 12/96/95 353/97/96 354/98/97 355/99/98
f 12/96/95 356/100/99 357/101/100 353/97/96
f 12/96/95 355/99/98 358/102/101 356/100/99
f 13/103/102 342/104/103 341/105/78 359/106/104
f 13/103/102 359/106/104 360/107/105 361/108/106
f 13/103/107 362/109/107 326/110/107 342/104/107
f 13/103/102 361/108/106 363/111/108 364/112/109
f 13/103/102 364/112/109 365/113/110 362/109/111
f 14/114/112 366/115/113 367/116/114 318/49/49
f 368/117/115 369/118/116 366/115/113 14/114/112
f 14/114/112 318/49/49 17/48/48 368/117/115
f 15/119/117 370/120/118 16/95/94 371/121/119
f 373/122/120 374/123/121 370/120/118 15/119/117
f 15/119/117 371/121/119 372/124/122 373/122/120
f 17/48/48 375/125/123 376/126/124 368/117/115
f 17/48/48 377/127/125 378/128/126 375/125/123
f 18/129/127 379/130/128 380/131/129 25/132/130
f 18/133/127 25/134/130 381/135/131 382/136/132
f 18/133/127 382/136/132 383/137/133 384/138/134
f 18/133/127 384/138/134 385/139/135 386/140/135
f 18/129/127 386/141/136 387/142/137 379/130/128
f 19/143/138 388/144/139 389/145/140 390/146/141
f 19/143/138 390/146/141 391/147/142 392/148/143
f 19/143/138 392/148/143 20/149/144 388/144/139
f 20/150/144 393/151/145 394/152/146 388/153/139
f 20/150/144 21/154/147 395/155/148 393/151/145
f 20/156/149 392/157/150 396/158/151 397/159/152
f 20/156/149 397/159/152 398/160/153 21/161/154
f 21/161/155 398/160/156 399/162/157 395/163/158
f 16/95/94 350/92/91 400/164/159 371/121/119
f 22/165/160 401/166/161 402/167/162 403/168/163
f 22/169/164 404/170/165 405/171/166 401/172/161
f 22/169/164 403/173/163 406/174/167 404/170/165
f 23/175/168 407/176/169 408/177/170 409/178/171
f 23/179/172 409/180/172 410/181/173 411/182/174
f 23/183/175 411/184/176 412/185/177 407/186/178
f 24/187/179 413/188/180 414/189/181 415/190/182
f 24/191/183 415/192/182 416/193/184 34/194/185
f 24/187/179 417/195/186 418/196/187 413/188/180
f 25/132/130 380/131/129 419/197/188 32/198/189
f 25/132/130 32/198/189 29/199/190 420/200/191
f 26/201/192 421/202/193 422/203/194 423/204/192
f 26/205/195 424/206/196 402/167/162 421/207/197
f 26/208/198 423/209/199 425/210/200 424/211/201
f 27/212/202 426/213/203 427/214/204 428/215/205
f 27/216/206 428/217/207 30/218/208 429/219/209
f 27/212/202 430/220/210 431/221/211 426/213/203
f 27/216/212 429/219/209 432/222/213 422/223/214
f 27/212/202 422/203/194 421/202/193 430/220/210
f 28/224/215 433/225/216 434/226/217 435/227/218
f 28/228/219 406/174/167 403/173/163 433/229/220
f 28/224/215 436/230/221 437/231/222 438/232/223
f 28/228/224 438/233/223 439/234/225 406/174/226
f 28/224/215 435/227/218 440/235/227 436/230/221
f 29/236/190 32/237/189 441/238/228 442/239/229
f 29/199/190 442/240/229 443/241/230 420/200/191
f 30/218/208 428/217/207 444/242/231 445/243/232
f 31/244/233 446/245/234 437/246/222 436/247/221
f 31/248/233 447/249/235 448/250/236 446/251/234
f 31/248/233 449/252/237 450/253/238 447/249/235
f 31/254/233 436/230/221 440/235/227 451/255/239
f 31/256/233 451/257/239 452/258/240 449/259/237
f 32/237/189 419/260/188 453/261/241 36/262/242
f 32/237/189 36/262/242 454/263/243 441/238/228
f 33/264/244 455/265/245 456/266/246 457/267/244
f 34/194/185 458/268/247 459/269/248 24/191/183
f 34/194/185 416/193/184 460/270/249 458/268/247
f 35/271/250 46/272/250 461/273/251 462/274/252
f 35/275/253 457/267/253 456/266/253 463/276/253
f 35/277/254 463/278/255 464/279/256 46/280/254
f 36/262/242 453/261/241 465/281/257 454/263/243
f 37/282/258 466/283/259 467/284/260 468/285/261
f 37/282/258 469/286/262 470/287/263 466/283/259
f 37/282/258 468/285/261 471/288/264 469/286/262
f 38/289/265 472/290/266 473/291/267 474/292/268
f 38/289/265 475/293/269 476/294/270 477/295/271
f 38/289/265 474/292/268 478/296/272 475/293/269
f 39/297/273 479/298/274 480/299/275 481/300/276
f 39/301/273 482/302/277 483/303/278 479/304/274
f 39/297/273 481/300/276 484/305/279 482/306/280
f 40/307/281 485/308/282 486/309/283 487/310/284
f 40/307/281 488/311/285 489/312/286 485/308/282
f 40/307/281 487/310/284 490/313/287 488/311/285
f 41/314/288 484/305/279 491/315/289 492/316/290
f 41/314/288 493/317/291 482/306/280 484/305/279
f 41/314/288 492/316/290 494/318/292 495/319/293
f 42/320/294 496/321/295 497/322/296 498/323/297
f 500/324/298 501/325/299 496/321/295 42/320/294
f 42/320/294 498/323/297 499/326/300 500/324/298
f 502/327/301 503/328/302 504/329/303 505/330/304
f 43/331/305 506/332/306 507/333/307 508/334/308
f 43/331/305 508/334/308 509/335/309 510/336/310
f 43/331/305 510/336/310 511/337/311 512/338/312
f 43/331/305 512/338/312 513/339/313 514/340/314
f 43/331/305 514/340/314 515/341/315 506/332/306
f 516/342/316 517/343/317 464/279/256 463/278/255
f 44/344/318 518/345/319 478/296/320 519/346/321
f 44/344/318 519/346/321 520/347/322 521/348/323
f 44/344/318 521/348/323 522/349/324 518/345/319
f 45/350/325 485/308/282 489/312/286 523/351/326
f 46/352/327 464/353/328 526/354/329 461/355/327
f 47/356/330 523/351/326 489/312/286 527/357/331
f 47/358/332 514/359/314 513/360/313 528/361/333
f 47/362/332 527/363/331 515/364/334 514/365/314
f 47/358/332 529/366/335 530/367/336 523/368/337
f 48/369/338 531/370/339 532/371/340 533/372/341
f 48/369/338 533/372/342 534/373/343 535/374/344
f 48/369/338 536/375/345 537/376/346 531/370/339
f 49/377/347 538/378/348 539/379/349 540/380/350
f 49/377/347 541/381/351 542/382/352 538/378/348
f 49/377/347 540/380/350 543/383/353 541/381/351
f 50/384/354 544/385/355 545/386/356 546/387/357
f 50/388/354 547/389/358 548/390/359 549/391/360
f 50/388/354 549/391/360 550/392/361 544/393/355
f 51/394/362 551/395/363 500/324/298 552/396/364
f 51/397/365 552/398/366 553/399/367 554/400/368
f 51/397/365 554/400/368 555/401/369 551/402/370
f 52/403/371 556/404/372 557/405/373 558/406/374
f 52/407/371 559/408/375 560/409/376 561/410/377
f 52/403/371 561/411/377 520/347/322 556/404/372
f 53/412/378 562/413/379 563/414/380 564/415/381
f 54/416/382 567/417/383 568/418/384 569/419/385
f 54/416/382 570/420/386 571/421/387 567/417/383
f 55/422/388 572/423/389 573/424/390 574/425/391
f 55/422/388 574/425/391 575/426/392 576/427/393
f 55/422/388 577/428/394 578/429/395 572/423/389
f 56/430/396 579/431/397 580/432/398 581/433/399
f 56/430/396 535/374/344 534/373/343 579/431/397
f 56/430/396 581/433/399 582/434/400 535/374/344
f 583/435/401 563/414/380 562/413/379 584/436/401
f 57/437/402 585/438/403 586/439/404 587/440/405
f 57/441/406 588/442/407 589/443/408 585/444/409
f 57/437/402 590/445/410 591/446/411 588/447/412
f 58/448/413 592/449/414 593/450/415 594/451/416
f 58/448/413 594/451/416 595/452/417 596/453/418
f 58/454/413 596/455/418 597/456/419 598/457/420
f 59/458/421 599/459/422 600/460/423 601/461/424
f 59/458/421 602/462/425 603/463/426 599/459/422
f 59/458/421 601/461/424 604/464/427 602/462/425
f 60/465/428 605/466/428 606/467/428 607/468/428
f 60/469/429 559/408/375 52/407/371 605/470/429
f 60/469/430 607/471/431 608/472/432 559/408/375
f 61/473/433 609/474/434 63/475/435 610/476/436
f 61/473/433 610/476/436 611/477/437 612/478/438
f 61/473/433 612/478/438 613/479/439 609/474/434
f 62/480/440 594/481/416 593/482/415 614/483/441
f 62/480/440 614/483/441 615/484/442 65/485/443
f 62/480/440 65/485/443 595/486/417 594/481/416
f 63/475/435 609/474/434 596/487/444 595/488/417
f 63/475/435 66/489/445 616/490/445 617/491/446
f 63/475/435 595/488/417 65/492/443 66/489/447
f 63/475/435 617/491/446 618/493/448 610/476/436
f 64/494/449 619/495/450 620/496/451 621/497/452
f 583/498/453 584/499/454 619/495/450 64/494/449
f 64/494/455 621/497/455 622/500/455 583/498/455
f 623/501/456 624/502/457 625/503/458 626/504/459
f 65/505/460 615/506/442 627/507/461 628/508/462
f 65/505/460 628/508/462 616/509/463 66/510/463
f 67/511/464 633/512/464 634/513/465 635/514/466
f 67/511/467 636/515/468 637/516/469 633/512/470
f 67/517/471 638/518/472 600/460/423 636/519/473
f 68/520/474 639/521/475 640/522/476 641/523/477
f 68/520/474 641/523/477 642/524/478 643/525/479
f 68/526/474 644/527/480 645/528/481 639/529/475
f 68/530/474 643/531/479 646/532/482 647/533/483
f 68/534/474 647/535/483 648/536/484 644/537/480
f 69/538/485 649/539/485 650/540/486 591/446/487
f 69/538/488 591/446/411 590/445/410 651/541/489
f 69/542/490 651/543/489 652/544/491 649/545/492
f 70/546/493 653/547/494 641/548/477 640/549/476
f 70/546/493 640/549/476 617/550/446 616/551/495
f 70/546/493 616/551/495 628/552/496 653/547/494
f 71/553/497 654/554/498 655/555/499 656/556/500
f 658/557/501 659/558/501 654/559/501 71/560/501
f 71/553/497 656/556/500 657/561/502 658/562/503
f 72/563/504 660/564/505 661/565/506 662/566/507
f 72/563/504 662/566/507 663/567/508 664/568/509
f 72/563/504 664/568/509 665/569/510 660/564/505
f 73/570/511 666/571/512 667/572/513 668/573/514
f 73/574/511 669/575/515 670/576/516 671/577/517
f 73/574/511 672/578/518 673/579/519 666/580/512
f 73/574/511 671/577/517 674/581/520 672/578/518
f 74/582/521 570/420/386 675/583/522 676/584/523
f 74/585/524 677/586/525 678/587/526 679/588/524
f 74/589/527 676/590/528 680/591/529 677/592/530
f 75/593/531 681/594/532 682/595/533 683/596/534
f 75/593/531 684/597/535 685/598/536 681/594/532
f 75/593/531 683/596/534 686/599/537 684/597/535
f 76/600/538 687/601/539 688/602/540 689/603/538
f 76/604/541 690/605/542 691/606/543 687/607/544
f 76/608/545 689/609/546 692/610/547 690/611/545
f 77/612/548 693/613/549 694/614/550 695/615/551
f 77/612/548 695/615/551 696/616/552 697/617/553
f 77/612/548 697/617/553 698/618/554 693/613/549
f 78/619/555 699/620/556 700/621/557 701/622/558
f 78/619/555 702/623/559 703/624/560 699/620/556
f 78/619/555 701/622/558 704/625/561 705/626/562
f 78/619/563 706/627/564 707/628/565 702/623/559
f 78/629/555 705/630/562 708/631/566 706/632/567
f 79/633/568 709/634/569 710/635/570 711/636/571
f 79/633/568 711/636/571 712/637/572 713/638/573
f 79/633/568 714/639/574 715/640/575 709/634/569
f 80/641/576 716/642/577 717/643/578 718/644/579
f 80/641/576 718/644/579 719/645/580 720/646/581
f 80/641/576 721/647/582 722/648/583 716/642/577
f 80/641/576 723/649/584 724/650/585 721/647/582
f 80/641/576 720/646/581 725/651/586 723/649/584
f 81/652/587 726/653/588 727/654/589 728/655/587
f 81/656/590 730/657/591 731/658/592 726/659/593
f 82/660/594 732/661/595 733/662/596 734/663/597
f 82/664/598 735/665/599 736/666/600 732/667/595
f 82/664/598 737/668/601 95/669/602 735/665/599
f 83/670/603 738/671/604 739/672/605 740/673/606
f 83/670/603 740/673/606 741/674/607 742/675/608
f 84/676/609 743/677/610 744/678/611 745/679/612
f 84/676/609 745/679/612 746/680/613 747/681/614
f 84/682/615 747/683/616 748/684/617 743/685/618
f 85/686/619 86/687/620 749/688/621 750/689/622
f 85/690/623 750/691/624 751/692/625 752/693/623
f 85/694/626 752/695/626 753/696/626 86/697/626
f 86/687/620 754/698/627 755/699/628 749/688/621
f 86/687/620 91/700/629 756/701/630 754/698/627
f 86/702/631 753/703/631 757/704/631 91/705/631
f 87/706/632 758/707/632 759/708/632 760/709/632
f 87/710/633 760/711/634 761/712/634 762/713/635
f 87/710/633 763/714/636 756/701/630 758/715/637
f 88/716/638 764/717/639 684/597/535 686/599/537
f 88/716/638 765/718/640 766/719/641 764/717/639
f 88/720/642 686/721/643 767/722/644 768/723/645
f 88/720/642 769/724/646 770/725/647 765/726/640
f 89/727/648 771/728/649 772/729/650 773/730/651
f 89/731/652 773/732/652 774/733/652 775/734/652
f 89/735/653 775/736/654 776/737/655 771/738/656
f 777/739/657 778/740/658 779/741/659 780/742/660
f 91/743/661 757/744/662 758/707/663 756/745/661
f 92/746/664 783/747/665 784/748/666 785/749/667
f 92/746/664 785/749/667 786/750/668 787/751/669
f 92/746/664 787/751/669 788/752/670 783/747/665
f 93/753/671 789/754/672 788/752/670 790/755/673
f 93/756/671 791/757/674 792/758/675 789/759/676
f 93/760/671 793/761/677 794/762/678 791/763/674
f 93/764/671 790/765/673 795/766/679 796/767/680
f 93/768/671 796/769/680 797/770/681 793/771/677
f 94/772/682 798/773/683 799/774/684 800/775/685
f 94/772/682 800/775/685 725/651/586 720/646/581
f 94/772/682 720/646/581 719/645/686 798/773/683
f 95/776/687 803/777/688 804/778/689 805/779/690
f 95/669/602 805/780/691 806/781/692 735/665/599
f 95/669/602 737/668/601 807/782/693 808/783/694
f 95/784/695 808/785/694 809/786/696 803/787/688
f 810/788/697 811/789/698 812/790/699 813/791/700
f 810/788/697 814/792/701 815/793/702 816/794/703
f 810/788/697 816/794/703 817/795/704 811/789/698
f 96/796/705 818/797/706 819/798/707 820/799/708
f 96/800/709 821/801/710 822/802/711 823/803/709
f 96/800/705 104/804/712 824/805/713 821/801/714
f 96/796/705 823/806/715 825/807/716 818/797/706
f 97/808/717 826/809/718 827/810/719 828/811/720
f 97/808/721 829/812/721 830/813/722 831/814/723
f 97/808/717 832/815/724 833/816/725 826/809/718
f 97/808/717 831/814/726 834/817/727 832/815/724
f 98/818/728 835/819/729 836/820/730 837/821/731
f 839/822/732 840/823/733 835/824/729 98/825/728
f 98/818/728 837/821/731 838/826/734 839/827/732
f 99/828/735 845/829/736 775/736/654 774/830/737
f 99/831/738 846/832/739 770/725/647 847/833/740
f 99/834/738 774/835/741 848/836/742 846/837/739
f 100/838/743 849/839/744 850/840/745 851/841/746
f 100/838/743 851/841/746 852/842/747 853/843/748
f 100/838/743 853/843/748 854/844/749 855/845/750
f 100/838/751 856/846/751 857/847/751 849/839/751
f 101/848/752 858/849/753 859/850/754 860/851/755
f 101/848/752 860/851/755 861/852/756 862/853/757
f 101/848/752 862/853/757 863/854/758 864/855/759
f 101/848/752 865/856/760 866/857/761 858/849/753
f 101/848/752 864/855/759 867/858/762 865/856/760
f 87/710/633 762/713/635 113/859/763 128/860/764
f 102/861/765 868/862/766 676/584/523 675/583/522
f 870/863/767 103/864/768 868/862/766 102/861/765
f 102/861/765 675/583/522 869/865/769 870/863/767
f 103/866/770 870/867/770 871/868/770 872/869/770
f 103/870/771 872/871/772 873/872/773 868/873/774
f 104/804/712 874/874/775 875/875/776 824/805/713
f 104/876/712 96/796/705 820/799/708 874/877/775
f 105/878/777 876/879/778 121/880/779 877/881/780
f 105/878/777 834/817/727 831/814/726 876/879/778
f 106/882/781 878/883/782 804/884/689 803/787/688
f 106/882/781 803/787/688 809/786/696 111/885/783
f 106/882/781 879/886/784 880/887/785 881/888/786
f 106/882/781 111/885/783 882/889/787 879/886/784
f 106/882/781 881/888/786 883/890/788 878/883/782
f 107/891/789 884/892/790 116/893/791 885/894/792
f 107/891/789 886/895/793 887/896/794 884/892/790
f 107/891/789 885/894/792 888/897/795 886/895/793
f 108/898/796 889/899/797 890/900/798 891/901/799
f 108/898/796 891/901/799 892/902/800 893/903/801
f 108/904/796 893/905/801 894/906/802 889/907/797
f 109/908/803 829/812/804 97/808/717 828/811/720
f 896/909/805 897/910/806 829/812/804 109/908/803
f 109/908/803 828/811/720 895/911/807 896/909/805
f 898/912/808 120/913/809 899/914/810 900/915/811
f 110/916/812 801/917/813 901/918/814 902/919/815
f 110/920/816 903/921/817 802/922/818 801/923/819
f 110/920/816 902/924/820 904/925/821 905/926/822
f 111/885/783 809/786/696 906/927/823 882/889/787
f 112/928/824 910/929/825 911/930/826 912/931/827
f 112/928/824 912/931/827 913/932/828 907/933/829
f 113/934/830 762/935/831 802/922/818 903/921/817
f 113/934/830 903/921/817 914/936/832 128/937/833
f 112/928/824 909/938/834 915/939/835 910/929/825
f 114/940/836 916/941/837 917/942/838 918/943/839
f 114/944/836 919/945/840 920/946/841 921/947/842
f 114/940/836 918/943/839 922/948/843 923/949/844
f 114/940/836 921/950/842 924/951/845 916/941/837
f 115/952/846 925/953/847 926/954/848 927/955/849
f 115/952/846 928/956/850 929/957/851 925/953/847
f 115/952/846 927/955/849 930/958/852 928/956/850
f 116/893/791 884/892/790 931/959/853 866/857/761
f 116/893/791 866/857/761 865/856/760 932/960/854
f 116/893/791 932/960/854 933/961/855 934/962/856
f 116/893/791 934/962/856 935/963/857 885/894/792
f 117/964/858 936/965/859 937/966/860 938/967/861
f 117/968/862 938/969/863 939/970/864 940/971/865
f 117/968/866 940/971/866 883/972/867 936/973/859
f 118/974/868 941/975/869 942/976/870 943/977/871
f 118/978/872 943/979/872 944/980/872 122/981/872
f 118/982/873 122/983/874 945/984/875 941/985/869
f 119/986/876 946/987/877 947/988/878 948/989/879
f 119/986/880 948/989/879 949/990/881 950/991/882
f 119/992/876 951/993/883 952/994/884 946/995/877
f 120/913/885 898/912/886 953/996/886 121/880/779
f 120/913/885 121/880/779 876/879/778 899/914/887
f 121/880/779 954/997/888 955/998/889 877/881/780
f 122/981/890 944/980/891 875/875/776 956/999/892
f 122/981/893 956/999/892 957/1000/894 958/1001/893
f 123/1002/895 959/1003/896 960/1004/897 961/1005/898
f 123/1002/899 962/1006/900 963/1007/901 959/1003/902
f 123/1008/895 964/1009/903 965/1010/904 962/1011/900
f 123/1008/895 966/1012/905 967/1013/906 964/1009/903
f 123/1008/895 961/1014/898 968/1015/907 966/1012/905
f 124/1016/908 900/915/811 131/1017/909 969/1018/910
f 124/1016/908 953/996/911 898/912/808 900/915/811
f 125/1019/912 970/1020/913 971/1021/914 972/1022/915
f 125/1019/912 973/1023/916 974/1024/917 970/1020/913
f 125/1019/912 972/1022/915 975/1025/918 973/1023/916
f 126/1026/919 976/1027/919 977/1028/919 978/1029/919
f 126/1030/920 979/1031/921 980/1032/922 976/1033/923
f 126/1026/924 978/1029/925 981/1034/926 979/1035/927
f 127/1036/928 982/1037/929 983/1038/930 984/1039/931
f 127/1036/928 984/1039/931 985/1040/932 986/1041/933
f 127/1036/928 986/1041/933 987/1042/934 982/1037/929
f 128/937/833 914/936/832 988/1043/935 132/1044/936
f 128/860/764 989/1045/937 990/1046/938 87/710/633
f 128/860/764 132/1047/939 144/1048/939 989/1045/937
f 129/1049/940 992/1050/940 977/1051/940 993/1052/940
f 129/1053/941 993/1054/942 994/1055/943 995/1056/944
f 129/1049/945 995/1057/946 996/1058/947 992/1050/948
f 130/1059/949 997/1060/950 998/1061/951 999/1062/952
f 130/1063/949 1000/1064/953 1001/1065/954 997/1066/950
f 130/1059/949 999/1062/952 1002/1067/955 1003/1068/956
f 130/1063/949 957/1000/894 956/999/892 1000/1064/953
f 130/1063/949 1003/1069/956 1004/1070/957 957/1000/894
f 131/1017/909 897/910/806 1005/1071/958 1006/1072/959
f 131/1017/909 1006/1072/959 1007/1073/960 969/1018/961
f 133/1074/962 985/1040/932 1008/1075/963 1009/1076/964
f 133/1074/962 1009/1076/964 1010/1077/965 1011/1078/966
f 133/1074/962 1011/1078/966 986/1041/933 985/1040/932
f 134/1079/967 1012/1080/968 1013/1081/969 1014/1082/970
f 134/1079/967 1015/1083/971 1016/1084/972 1012/1080/968
f 134/1079/967 1014/1082/970 1017/1085/973 1015/1083/971
f 135/1086/974 1018/1087/975 1019/1088/976 1020/1089/977
f 135/1086/974 1021/1090/978 1022/1091/979 1018/1087/975
f 135/1086/974 1023/1092/980 1024/1093/981 1021/1090/978
f 135/1086/974 1020/1089/977 1025/1094/982 1023/1092/980
f 136/1095/983 950/991/882 949/990/881 1026/1096/984
f 136/1097/983 1026/1098/984 1027/1099/985 1028/1100/986
f 136/1097/983 1028/1100/986 1029/1101/987 1030/1102/988
f 137/1103/989 1031/1104/990 1032/1105/991 1033/1106/992
f 137/1107/993 1033/1108/994 1034/1109/995 1035/1110/996
f 137/1111/997 1035/1112/998 1036/1113/999 1031/1114/1000
f 138/1115/1001 1037/1116/1002 1038/1117/1003 1039/1118/1004
f 138/1119/1005 1039/1120/1006 1040/1121/1007 1041/1122/1008
f 138/1123/1009 1041/1124/1009 1042/1125/1010 1037/1126/1002
f 139/1127/1011 1013/1128/969 1012/1129/968 1043/1130/1012
f 139/1127/1011 1043/1130/1012 1044/1131/1013 1045/1132/1014
f 139/1127/1011 1045/1132/1014 1046/1133/1015 1047/1134/1016
f 140/1135/1017 1048/1136/1018 1049/1137/1019 1050/1138/1020
f 140/1135/1021 1050/1138/1020 1051/1139/1022 1052/1140/1023
f 140/1135/1017 1053/1141/1024 988/1043/935 1048/1136/1018
f 141/1142/1025 1054/1143/1026 1055/1144/1027 1056/1145/1028
f 141/1146/1029 1057/1147/1029 1058/1148/1030 1054/1149/1031
f 141/1142/1025 1059/1150/1032 1060/1151/1033 1057/1152/1034
f 142/1153/1035 1061/1154/1036 1062/1155/1037 1063/1156/1038
f 142/1153/1035 1064/1157/1039 1065/1158/1040 1061/1154/1041
f 142/1153/1035 1066/1159/1042 1067/1160/1043 1064/1157/1039
f 143/1161/1044 1068/1162/1045 1069/1163/1046 1070/1164/1047
f 143/1161/1044 1071/1165/1048 1072/1166/1049 1068/1162/1045
f 143/1161/1044 1070/1164/1047 1073/1167/1050 1071/1165/1048
f 144/1168/1051 132/1044/936 988/1043/935 1053/1141/1024
f 144/1168/1051 1053/1141/1024 1074/1169/1052 1075/1170/1053
f 145/1171/1054 1080/1172/1055 1081/1173/1056 1082/1174/1057
f 145/1171/1054 1082/1174/1057 1083/1175/1058 1084/1176/1059
f 145/1171/1054 1084/1176/1059 1085/1177/1060 1080/1172/1055
f 146/1178/1061 1086/1179/1062 1087/1180/1063 1088/1181/1064
f 146/1178/1061 1089/1182/1065 1090/1183/1066 1091/1184/1067
f 146/1178/1061 1091/1184/1067 1092/1185/1068 1086/1179/1062
f 146/1186/1061 1093/1187/1069 148/1188/1070 1089/1189/1065
f 146/1190/1071 1088/1191/1072 1094/1192/1073 1093/1193/1071
f 147/1194/1074 1095/1195/1075 1096/1196/1076 1097/1197/1077
f 147/1194/1074 1097/1197/1077 1098/1198/1078 150/1199/1079
f 147/1194/1074 150/1199/1079 1099/1200/1080 1095/1195/1075
f 148/1201/1070 1100/1202/1081 1101/1203/1082 1089/1182/1065
f 149/1204/1083 1102/1205/1084 1103/1206/1085 1104/1207/1086
f 149/1208/1087 1105/1209/1088 1106/1210/1089 1102/1211/1084
f 149/1212/1083 1104/1213/1086 1107/1214/1090 1105/1215/1091
f 148/1188/1092 1108/1216/1093 1109/1217/1094 1100/1218/1095
f 148/1188/1096 1093/1187/1096 1110/1219/1097 1108/1216/1098
f 150/1199/1099 1098/1198/1100 1111/1220/1101 1112/1221/1102
f 151/1222/1103 1113/1223/1104 1114/1224/1105 1115/1225/1106
f 151/1222/1103 1115/1225/1106 1116/1226/1107 1117/1227/1108
f 151/1222/1103 1101/1203/1082 1100/1202/1081 1113/1223/1104
f 152/1228/1109 1118/1229/1110 1119/1230/1111 1120/1231/1112
f 152/1228/1109 1120/1231/1112 1121/1232/1113 1122/1233/1114
f 153/1234/1115 1123/1235/1116 1124/1236/1117 1125/1237/1118
f 153/1238/1119 1126/1239/1120 1127/1240/1121 1123/1241/1122
f 153/1242/1123 1125/1243/1124 165/1244/1125 1126/1245/1126
f 154/1246/1127 1128/1247/1128 1129/1248/1129 1130/1249/1130
f 154/1250/1131 1131/1251/1132 1132/1252/1133 1128/1253/1134
f 154/1250/1127 1133/1254/1135 1134/1255/1136 1131/1251/1132
f 154/1250/1127 1135/1256/1137 1136/1257/1138 1133/1254/1135
f 154/1250/1127 1130/1258/1130 1137/1259/1139 1135/1256/1137
f 155/1260/1140 990/1046/1140 989/1045/1140 1138/1261/1140
f 155/1260/1141 1139/1262/1142 1140/1263/1143 990/1046/938
f 156/1264/1144 1142/1265/1144 1143/1266/1145 1144/1267/1146
f 157/1268/1147 1083/1175/1058 1146/1269/1148 1147/1270/1149
f 157/1268/1147 1147/1270/1149 172/1271/1150 1148/1272/1151
f 157/1268/1147 1149/1273/1152 1084/1176/1059 1083/1175/1058
f 157/1268/1147 1150/1274/1153 167/1275/1154 1149/1273/1152
f 157/1268/1147 1148/1272/1151 1151/1276/1155 1150/1274/1153
f 158/1277/1156 1152/1278/1157 1153/1279/1158 1154/1280/1159
f 158/1281/1156 1154/1282/1159 1155/1283/1160 1156/1284/1161
f 158/1281/1156 1156/1284/1161 1157/1285/1162 1158/1286/1163
f 1144/1267/1146 1143/1266/1145 1159/1287/1164 1160/1288/1165
f 159/1289/1166 1161/1290/1167 1162/1291/1168 1163/1292/1169
f 159/1289/1166 1163/1292/1169 1164/1293/1170 1052/1140/1023
f 159/1289/1166 1052/1140/1023 1051/1139/1022 1161/1290/1167
f 160/1294/1171 1165/1295/1172 1166/1296/1173 1167/1297/1174
f 160/1294/1171 1167/1297/1174 1168/1298/1175 1169/1299/1176
f 160/1294/1171 1169/1299/1176 1170/1300/1177 1171/1301/1178
f 160/1294/1171 1171/1301/1178 1172/1302/1179 1173/1303/1180
f 160/1294/1171 1173/1303/1180 1174/1304/1181 1165/1295/1172
f 1115/1225/1106 1114/1224/1105 163/1305/1182 1116/1226/1107
f 161/1306/1183 1175/1307/1184 1176/1308/1185 1177/1309/1186
f 161/1306/1183 1177/1309/1186 1178/1310/1187 1179/1311/1188
f 161/1306/1183 1179/1311/1188 1180/1312/1189 1175/1307/1184
f 162/1313/1190 1182/1314/1191 1183/1315/1192 1184/1316/1193
f 162/1313/1194 1184/1316/1195 1185/1317/1196 1186/1318/1197
f 162/1313/1194 1187/1319/1198 1188/1320/1199 1189/1321/1200
f 162/1322/1201 1189/1323/1202 1190/1324/1203 1182/1325/1204
f 162/1313/1194 1186/1318/1197 1191/1326/1205 1187/1319/1198
f 163/1327/1182 1192/1328/1206 1193/1329/1207 1194/1330/1208
f 163/1327/1182 1195/1331/1209 1196/1332/1210 1192/1328/1206
f 163/1327/1182 1114/1333/1211 1197/1334/1212 1195/1331/1209
f 163/1305/1182 1194/1335/1208 1198/1336/1213 1116/1226/1107
f 164/1337/1214 1199/1338/1215 1200/1339/1216 1201/1340/1217
f 164/1341/1218 1201/1342/1219 1185/1317/1196 1184/1316/1195
f 164/1341/1220 1184/1316/1193 1183/1315/1192 1199/1343/1221
f 165/1244/1125 1125/1243/1124 1121/1344/1222 1202/1345/1223
f 165/1346/1125 1202/1347/1223 1203/1348/1224 1204/1349/1225
f 165/1350/1226 1204/1351/1227 1205/1352/1228 1206/1353/1226
f 165/1244/1125 1206/1354/1229 1207/1355/1229 1126/1245/1126
f 166/1356/1230 1208/1357/1230 1209/1358/1231 155/1260/1141
f 166/1359/1232 1141/1360/1233 1210/1361/1234 1211/1362/1235
f 166/1359/1232 1211/1362/1235 1212/1363/1236 1208/1364/1237
f 167/1275/1154 1213/1365/1238 1214/1366/1239 1149/1273/1152
f 167/1275/1154 1215/1367/1240 1216/1368/1241 1213/1365/1238
f 167/1275/1154 168/1369/1242 1217/1370/1243 1215/1367/1240
f 167/1275/1154 1150/1274/1153 1218/1371/1244 168/1369/1242
f 168/1369/1242 1218/1371/1244 1219/1372/1245 1217/1370/1243
f 169/1373/1246 1203/1348/1224 1220/1374/1247 1221/1375/1248
f 169/1373/1246 1222/1376/1249 1204/1349/1225 1203/1348/1224
f 170/1377/1250 1224/1378/1251 1225/1379/1252 1226/1380/1253
f 170/1381/1254 1226/1382/1255 1227/1383/1256 1228/1384/1257
f 170/1385/1258 1228/1386/1259 1229/1387/1260 1223/1388/1261
f 171/1389/1262 1230/1390/1263 1231/1391/1264 1232/1392/1265
f 171/1389/1266 1201/1340/1217 1200/1339/1216 1230/1390/1263
f 171/1393/1267 1233/1394/1268 1185/1317/1196 1201/1342/1219
f 171/1393/1269 1232/1395/1270 1234/1396/1270 1235/1397/1271
f 171/1393/1269 1235/1397/1271 1236/1398/1272 1233/1394/1268
f 172/1399/1150 1237/1400/1273 1238/1401/1274 1239/1402/1275
f 172/1399/1150 1239/1402/1275 1240/1403/1276 173/1404/1277
f 172/1271/1150 1147/1270/1149 1241/1405/1278 1237/1406/1273
f 173/1407/1277 1242/1408/1279 1148/1409/1151 172/1410/1150
f 169/1373/1246 1243/1411/1280 1244/1412/1281 1222/1376/1249
f 169/1373/1246 1221/1375/1248 1245/1413/1282 1243/1411/1280
f 174/1414/1283 175/1415/1284 1246/1416/1285 1247/1417/1286
f 174/1418/1287 1247/1419/1286 1248/1420/1288 1249/1421/1289
f 174/1422/1290 1249/1423/1289 1250/1424/1291 175/1425/1292
f 175/1426/1284 1251/1427/1293 1252/1428/1294 1246/1429/1285
f 175/1430/1284 1253/1431/1295 1254/1432/1296 1251/1433/1293
f 175/1425/1292 1250/1424/1291 1255/1434/1297 1253/1435/1298
f 176/1436/1299 1256/1437/1300 1257/1438/1301 1164/1293/1170
f 176/1436/1302 1258/1439/1303 1259/1440/1304 1260/1441/1305
f 176/1436/1299 1261/1442/1306 1262/1443/1307 1256/1437/1300
f 176/1444/1308 1260/1445/1309 1263/1446/1310 1261/1447/1311
f 177/1448/1312 1264/1449/1313 1265/1450/1314 1266/1451/1315
f 177/1448/1312 1266/1451/1315 1267/1452/1316 1268/1453/1317
f 177/1448/1312 1269/1454/1318 1270/1455/1319 1264/1449/1313
f 178/1456/1320 1271/1457/1321 1272/1458/1322 1273/1459/1323
f 178/1456/1320 1210/1361/1234 1274/1460/1324 1271/1457/1321
f 178/1456/1320 1273/1459/1323 1275/1461/1325 1276/1462/1326
f 178/1456/1320 1277/1463/1327 1211/1362/1235 1210/1361/1234
f 178/1456/1320 1276/1462/1326 1278/1464/1328 1277/1463/1327
f 179/1465/1329 1279/1466/1330 1280/1467/1331 1281/1468/1332
f 179/1465/1329 1282/1469/1333 1283/1470/1334 1284/1471/1335
f 179/1465/1329 1284/1471/1335 1285/1472/1336 1279/1466/1330
f 180/1473/1337 1286/1474/1338 1287/1475/1339 1227/1383/1256
f 180/1473/1337 1288/1476/1340 1289/1477/1341 1290/1478/1342
f 180/1473/1337 1290/1478/1342 1291/1479/1343 1286/1474/1338
f 181/1480/1344 1292/1481/1345 1293/1482/1346 1294/1483/1347
f 181/1484/1344 1295/1485/1348 1296/1486/1349 1292/1487/1345
f 179/1465/1329 1281/1468/1332 1297/1488/1350 1282/1469/1333
f 182/1489/1351 1298/1490/1352 1192/1491/1206 1196/1492/1210
f 182/1489/1351 1196/1492/1210 1299/1493/1353 1300/1494/1354
f 182/1489/1351 1300/1494/1354 1301/1495/1355 1302/1496/1356
f 182/1489/1351 1302/1496/1356 1303/1497/1357 1304/1498/1358
f 182/1489/1351 1304/1498/1358 1305/1499/1359 1298/1490/1352
f 183/1500/1360 1306/1501/1361 1307/1502/1362 1308/1503/1363
f 183/1500/1360 1308/1503/1363 1309/1504/1364 1310/1505/1365
f 184/1506/1366 1311/1507/1367 1312/1508/1368 185/1509/1369
f 184/1506/1366 1313/1510/1370 1314/1511/1371 1311/1507/1367
f 184/1506/1366 185/1509/1369 1315/1512/1372 1316/1513/1373
f 184/1506/1366 1316/1513/1373 1317/1514/1374 1318/1515/1375
f 184/1506/1366 1318/1515/1375 1319/1516/1376 1313/1510/1370
f 185/1517/1377 1320/1518/1378 1321/1519/1379 1315/1520/1377
f 186/1521/1380 1322/1522/1381 1323/1523/1382 1324/1524/1383
f 186/1521/1380 1324/1524/1383 1325/1525/1384 1326/1526/1385
f 186/1521/1380 1326/1526/1385 1327/1527/1386 1322/1522/1381
f 1328/1528/1387 1269/1454/1318 177/1448/1312 1329/1529/1388
f 187/1530/1389 1330/1531/1390 1331/1532/1391 1332/1533/1392
f 187/1530/1389 1332/1533/1392 1333/1534/1393 1334/1535/1394
f 187/1530/1395 1334/1535/1396 1335/1536/1397 1336/1537/1398
f 187/1530/1395 1336/1537/1398 1337/1538/1399 1330/1531/1400
f 188/1539/1401 1338/1540/1402 1339/1541/1403 1340/1542/1404
f 188/1539/1405 1341/1543/1406 1342/1544/1407 1338/1540/1408
f 188/1539/1409 1340/1542/1404 1343/1545/1410 1341/1543/1411
f 189/1546/1412 1344/1547/1413 1345/1548/1414 1346/1549/1415
f 189/1546/1416 1346/1549/1415 1347/1550/1417 1348/1551/1416
f 189/1546/1412 1348/1551/1418 1349/1552/1419 1344/1547/1413
f 190/1553/1420 196/1554/1421 1352/1555/1422 1353/1556/1423
f 191/1557/1424 1354/1558/1425 1355/1559/1426 1356/1560/1427
f 191/1557/1424 1357/1561/1428 1358/1562/1429 1354/1558/1425
f 191/1557/1424 1356/1560/1427 1359/1563/1430 1268/1453/1317
f 192/1564/1431 1360/1565/1432 1361/1566/1433 1362/1567/1434
f 192/1568/1435 1363/1569/1436 1364/1570/1437 1360/1571/1432
f 192/1572/1438 1362/1573/1434 1365/1574/1439 1363/1575/1436
f 193/1576/1440 1366/1577/1440 1367/1578/1441 1368/1579/1442
f 193/1580/1443 1369/1581/1443 1370/1582/1443 1366/1583/1443
f 193/1584/1444 1368/1585/1442 1371/1586/1445 1369/1587/1446
f 194/1588/1447 1372/1589/1448 1373/1590/1449 1374/1591/1450
f 194/1588/1447 1375/1592/1451 1376/1593/1452 1372/1589/1448
f 194/1588/1447 1377/1594/1453 1378/1595/1454 1375/1592/1451
f 194/1588/1447 1374/1591/1450 1379/1596/1455 1380/1597/1456
f 194/1588/1447 1380/1597/1456 210/1598/1457 1377/1594/1453
f 195/1599/1458 1381/1600/1458 1382/1601/1458 1383/1602/1458
f 195/1599/1459 1384/1603/1460 1385/1604/1461 1381/1600/1462
f 197/1605/1463 1386/1606/1464 1387/1607/1465 1388/1608/1466
f 197/1605/1463 1389/1609/1467 1390/1610/1468 1386/1606/1464
f 197/1605/1463 1388/1608/1466 1391/1611/1469 1389/1609/1467
f 198/1612/1470 1392/1613/1471 1393/1614/1472 1394/1615/1473
f 198/1612/1470 1395/1616/1474 1396/1617/1475 1397/1618/1476
f 198/1619/1470 1397/1620/1476 1398/1621/1477 1392/1622/1478
f 199/1623/1479 1399/1624/1480 1400/1625/1481 1401/1626/1482
f 199/1623/1479 1402/1627/1483 1403/1628/1484 1399/1624/1480
f 199/1629/1485 1404/1630/1486 1405/1631/1487 1402/1632/1483
f 200/1633/1488 1334/1535/1394 1333/1534/1393 1406/1634/1489
f 200/1635/1490 1406/1636/1489 1407/1637/1491 1408/1638/1490
f 200/1633/1492 1408/1639/1492 1335/1536/1397 1334/1535/1396
f 201/1640/1493 1409/1641/1494 1389/1609/1467 1391/1611/1469
f 201/1642/1493 1391/1643/1469 1410/1644/1495 1411/1645/1496
f 201/1642/1493 1411/1645/1496 202/1646/1497 1409/1647/1494
f 202/1646/1497 1412/1648/1498 1413/1649/1499 1409/1647/1494
f 202/1646/1497 1414/1650/1500 1415/1651/1500 1412/1648/1498
f 202/1646/1501 1411/1645/1502 1416/1652/1503 1417/1653/1504
f 202/1654/1505 1417/1655/1506 1418/1656/1507 1414/1657/1508
f 203/1658/1509 1419/1659/1510 1371/1660/1445 1420/1095/1511
f 203/1661/1509 1421/1662/1512 1422/1663/1513 1419/1664/1510
f 203/1665/1509 1420/1666/1511 1423/1667/1514 1421/1668/1512
f 204/1669/1515 1424/1670/1516 1425/1671/1517 1426/1672/1518
f 204/1669/1519 1427/1673/1520 1428/1674/1521 1424/1670/1516
f 204/1675/1515 1426/1676/1518 206/1677/1522 1429/1678/1523
f 204/1675/1515 1429/1678/1523 1430/1679/1524 1431/1680/1525
f 204/1669/1526 1431/1681/1526 1387/1682/1527 1427/1673/1520
f 205/1683/1528 1432/1684/1529 1283/1470/1334 1433/1685/1530
f 205/1686/1528 209/1687/1531 1434/1688/1532 1432/1689/1529
f 205/1683/1528 1433/1685/1530 1435/1690/1533 1436/1691/1534
f 205/1683/1528 1437/1692/1535 1438/1693/1536 209/1694/1531
f 206/1695/1522 1426/1696/1518 1439/1697/1537 1440/1698/1538
f 206/1695/1522 1440/1698/1538 1441/1699/1539 1442/1700/1540
f 207/1701/1541 1418/1656/1507 1417/1655/1506 1443/1702/1542
f 207/1701/1541 1443/1702/1542 1444/1703/1543 1445/1704/1544
f 207/1701/1541 1445/1704/1544 1446/1705/1545 1418/1656/1507
f 208/1706/1546 1447/1707/1547 1448/1708/1548 1449/1709/1549
f 208/1706/1546 1449/1709/1549 1450/1710/1550 1451/1711/1551
f 208/1706/1546 1451/1711/1551 1404/1712/1552 1447/1707/1547
f 209/1694/1531 1438/1693/1536 1452/1713/1553 1434/1714/1532
f 210/1598/1457 1453/1715/1554 1454/1716/1555 1377/1594/1453
f 211/1717/1556 1455/1718/1557 1456/1719/1558 1457/1720/1559
f 211/1717/1556 1458/1721/1560 1459/1722/1561 1460/1723/1562
f 211/1717/1556 1460/1723/1562 1461/1724/1563 1455/1718/1557
f 212/1725/1564 1462/1726/1565 1463/1727/1566 1464/1728/1564
f 212/1729/1567 1465/1730/1568 1466/1731/1569 1462/1732/1565
f 212/1729/1567 1464/1733/1570 1467/1734/1571 1465/1730/1568
f 213/1735/1572 1468/1736/1573 1469/1737/1574 1470/1738/1575
f 213/1739/1576 1471/1740/1577 1472/1741/1578 1468/1742/1579
f 213/1743/1580 1470/1744/1575 218/1745/1581 1471/1746/1582
f 214/1747/1583 1473/1748/1584 1474/1749/1585 1475/1750/1586
f 214/1747/1583 1475/1750/1586 228/1751/1587 1476/1752/1588
f 214/1747/1583 1476/1752/1588 1477/1753/1589 1473/1748/1584
f 215/1754/1590 1478/1755/1591 1479/1756/1592 1480/1757/1593
f 215/1754/1594 1481/1758/1595 1482/1759/1596 1478/1755/1597
f 215/1760/1598 1480/1761/1593 1483/1762/1599 1484/1763/1600
f 215/1764/1594 1485/1765/1601 1486/1766/1602 1481/1767/1595
f 215/1764/1594 1484/1768/1603 1487/1769/1604 1485/1765/1601
f 216/1770/1605 1488/1771/1606 1489/1772/1607 1490/1773/1608
f 216/1770/1605 1490/1773/1608 1491/1774/1609 1492/1775/1610
f 216/1770/1605 1492/1775/1610 1493/1776/1611 1488/1771/1606
f 217/1777/1612 1494/1778/1613 1212/1363/1236 1495/1779/1614
f 217/1777/1612 1495/1779/1614 1496/1780/1615 1497/1781/1616
f 217/1777/1612 1497/1781/1616 1498/1782/1617 1499/1783/1618
f 218/1745/1581 1480/1761/1593 1479/1784/1592 1471/1746/1582
f 218/1745/1581 221/1785/1619 1483/1762/1599 1480/1761/1593
f 218/1786/1581 1470/1787/1575 1500/1788/1620 1501/1789/1621
f 218/1745/1581 1501/1790/1622 1502/1791/1623 221/1785/1619
f 219/1792/1624 1503/1793/1625 1446/1705/1545 1504/1794/1626
f 219/1795/1624 1505/1796/1627 1506/1797/1628 1503/1798/1625
f 219/1792/1624 1507/1799/1629 1508/1800/1630 1505/1801/1627
f 220/1802/1631 1509/1803/1632 1510/1804/1633 1511/1805/1634
f 220/1802/1631 1511/1805/1634 1512/1806/1635 1513/1807/1636
f 221/1785/1619 1502/1791/1623 1514/1808/1637 1483/1762/1599
f 222/1809/1638 1515/1810/1639 1516/1811/1640 1517/1812/1641
f 222/1809/1638 1517/1812/1641 1481/1767/1595 1486/1766/1602
f 222/1809/1638 1486/1766/1602 1518/1813/1642 1519/1814/1643
f 222/1815/1638 1520/1816/1644 1521/1817/1645 1515/1818/1646
f 222/1815/1638 1519/1819/1643 1522/1820/1647 1520/1816/1644
f 223/1821/1648 1523/1822/1649 1524/1823/1650 1525/1824/1651
f 223/1825/1648 1490/1773/1608 1489/1772/1607 1523/1826/1649
f 223/1821/1648 1525/1824/1651 1526/1827/1652 1527/1828/1653
f 223/1821/1648 1527/1828/1653 1528/1829/1654 1529/1830/1655
f 223/1821/1648 1529/1830/1655 1491/1831/1609 1490/1832/1608
f 224/1833/1656 1530/1834/1657 1505/1796/1627 1508/1835/1630
f 224/1833/1658 1508/1835/1659 1531/1836/1660 1498/1837/1661
f 224/1838/1662 1498/1782/1617 1497/1781/1616 1530/1839/1663
f 1532/1840/1664 1533/1841/1665 1534/1842/1666 1535/1843/1667
f 225/1844/1668 1536/1845/1669 1454/1716/1555 1453/1715/1554
f 225/1844/1668 1453/1715/1554 1537/1846/1670 1538/1847/1671
f 225/1848/1672 1538/1849/1673 1539/1850/1674 1540/1851/1675
f 225/1844/1668 1541/1852/1676 1542/1853/1677 1536/1845/1669
f 226/1854/1678 1543/1855/1679 1544/1856/1680 1545/1857/1681
f 226/1854/1678 1545/1857/1681 1546/1858/1682 1547/1859/1683
f 226/1854/1678 1547/1859/1683 1548/1860/1684 1543/1855/1679
f 227/1861/1685 1549/1862/1686 1550/1863/1687 1551/1864/1688
f 227/1861/1685 1551/1864/1688 1552/1865/1689 1553/1866/1690
f 227/1861/1685 1553/1866/1690 1554/1867/1691 1549/1862/1686
f 228/1868/1587 1555/1869/1692 1556/1870/1692 1557/1871/1693
f 228/1868/1587 1557/1871/1693 1558/1872/1694 1476/1873/1588
f 229/1874/1695 230/1875/1696 1559/1876/1697 1560/1877/1695
f 230/1875/1698 1562/1878/1699 1559/1876/1700
f 231/1879/1701 1563/1880/1702 1564/1881/1703 1565/1882/1704
f 231/1883/1705 1565/1884/1704 1566/1885/1706 1567/1886/1707
f 231/1887/1708 1567/1888/1709 1568/1889/1710 1563/1890/1702
f 232/1891/1711 1569/1892/1712 1570/1893/1713 1571/1894/1714
f 232/1891/1711 1571/1894/1714 1572/1895/1715 1573/1896/1716
f 232/1891/1711 1574/1897/1717 1575/1898/1718 1569/1892/1712
f 232/1891/1711 1573/1896/1716 1576/1899/1719 1577/1900/1720
f 233/1901/1721 1577/1900/1720 1576/1899/1719 1578/1902/1722
f 233/1903/1723 1578/1904/1724 1579/1905/1725 1580/1906/1726
f 233/1901/1721 1581/1907/1727 1582/1908/1728 1583/1909/1729
f 233/1901/1721 1583/1909/1729 1584/1910/1730 1577/1900/1720
f 233/1911/1731 1580/1912/1732 1585/1913/1733 1581/1914/1734
f 234/1915/1735 1581/1914/1734 1585/1913/1733 1586/1916/1736
f 234/1917/1737 1587/1918/1738 1582/1908/1728 1581/1907/1727
f 234/1915/1735 1586/1916/1736 1588/1919/1739 1589/1920/1740
f 234/1917/1737 1589/1921/1740 1590/1922/1741 1587/1918/1738
f 235/1923/1742 1591/1924/1743 1592/1925/1744 1593/1926/1745
f 235/1927/1742 1594/1928/1746 1595/1929/1747 1591/1930/1748
f 235/1931/1742 1596/1932/1749 1597/1933/1750 1598/1934/1751
f 235/1931/1742 1598/1934/1751 1599/1935/1752 1594/1936/1746
f 235/1931/1742 1593/1937/1745 1600/1938/1753 1596/1932/1749
f 236/1939/1754 1601/1940/1755 1602/1941/1756 1603/1942/1757
f 236/1939/1754 1531/1943/1660 1604/1944/1758 1601/1940/1755
f 236/1945/1754 1499/1946/1618 1498/1837/1661 1531/1836/1660
f 237/1947/1759 1605/1948/1760 1606/1949/1761 1607/1950/1762
f 237/1951/1763 1607/1952/1764 1608/1953/1765 1609/1954/1766
f 237/1947/1759 1609/1955/1766 1610/1956/1767 1605/1948/1760
f 238/1957/1768 1611/1958/1769 1612/1959/1770 1613/1960/1771
f 238/1957/1768 1614/1961/1772 1615/1962/1773 1611/1958/1769
f 238/1957/1768 1613/1960/1771 1616/1963/1774 1614/1961/1772
f 239/1964/1775 1617/1965/1776 1618/1966/1777 1619/1967/1778
f 239/1968/1779 1620/1969/1780 1621/1970/1781 1622/1971/1782
f 239/1964/1775 1619/1967/1778 1623/1972/1783 1620/1973/1780
f 240/1974/1784 1624/1975/1785 1625/1976/1786 1626/1977/1787
f 1628/1978/1788 1629/1979/1789 1624/1975/1785 240/1974/1784
f 240/1974/1784 1626/1977/1787 1627/1980/1790 1628/1978/1788
f 241/1981/1791 1630/1982/1792 1631/1983/1793 1632/1984/1794
f 241/1985/1791 1632/1986/1794 1633/1987/1795 1634/1988/1796
f 241/1981/1791 1635/1989/1797 1636/1990/1798 1630/1982/1792
f 242/1991/1799 1539/1850/1674 1637/1992/1800 1638/1993/1801
f 242/1991/1802 1638/1993/1801 1639/1994/1803 1640/1995/1802
f 242/1996/1804 1640/1997/1804 1540/1998/1675 1539/1999/1674
f 243/2000/1805 1588/1919/1806 1641/2001/1807 1642/2002/1808
f 243/2003/1809 1643/2004/1810 1589/2005/1740 1588/2006/1739
f 243/2003/1811 1642/2007/1812 1644/2008/1813 1643/2004/1814
f 244/2009/1815 1645/2010/1816 1646/2011/1817 1647/2012/1818
f 244/2009/1815 1648/2013/1819 1649/2014/1820 1645/2010/1816
f 244/2009/1815 1647/2012/1818 1650/2015/1821 1651/2016/1822
f 244/2009/1815 1651/2016/1822 1652/2017/1823 258/2018/1824
f 244/2009/1815 258/2018/1824 254/2019/1825 1648/2013/1819
f 245/2020/1826 1653/2021/1827 1654/2022/1828 1655/2023/1826
f 245/2024/1829 1655/2025/1830 1656/2026/1831 1657/2027/1832
f 245/2028/1833 1657/2029/1834 1658/2030/1835 1653/2031/1836
f 246/2032/1837 1592/1925/1744 1659/2033/1838 1660/2034/1839
f 246/2032/1837 1660/2034/1839 1661/2035/1840 1662/2036/1841
f 246/2032/1837 1662/2036/1841 1593/1926/1745 1592/1925/1744
f 247/2037/1842 1663/2038/1843 1664/2039/1844 1665/2040/1845
f 247/2041/1846 1665/2042/1845 1666/2043/1847 1667/2044/1848
f 247/2045/1846 1668/2046/1849 1669/2047/1850 1663/2048/1851
f 248/2049/1852 1670/2050/1853 1671/2051/1854 1672/2052/1855
f 248/2049/1852 1673/2053/1856 1674/2054/1857 1675/2055/1858
f 248/2049/1852 1675/2055/1858 1676/2056/1859 1670/2050/1860
f 249/2057/1861 1677/2058/1862 1678/2059/1863 251/2060/1861
f 249/2061/1864 251/2062/1864 1679/2063/1865 1680/2064/1866
f 249/2065/1867 1680/2066/1868 1681/2067/1869 1677/2068/1870
f 250/2069/1871 1682/2070/1872 1683/2071/1873 1684/2072/1874
f 250/2073/1875 1684/2074/1875 1685/2075/1875 1686/2076/1875
f 250/2073/1876 1686/2076/1877 1687/2077/1878 1682/2078/1879
f 251/2060/1880 1678/2059/1863 1688/2079/1881 1679/2080/1882
f 252/2081/1883 1689/2082/1884 1690/2083/1885 1691/2084/1886
f 252/2081/1883 1691/2084/1886 1692/2085/1887 1693/2086/1888
f 252/2081/1883 1693/2086/1888 1694/2087/1889 1689/2082/1884
f 253/2088/1890 1695/2089/1890 1696/2090/1891 1697/2091/1892
f 253/2092/1893 1698/2093/1894 1699/2094/1895 1695/2095/1896
f 253/2092/1893 1697/2096/1897 1700/2097/1898 1698/2093/1894
f 254/2098/1899 1701/2099/1900 1702/2100/1901 1648/2101/1902
f 254/2102/1899 260/2103/1903 1703/2104/1904 1701/2105/1900
f 254/2019/1825 258/2018/1824 1652/2017/1823 1704/2106/1905
f 254/2019/1825 1704/2106/1905 1705/2107/1906 260/2108/1907
f 255/2109/1908 1706/2110/1909 1707/2111/1910 1708/2112/1911
f 255/2109/1908 1690/2083/1885 1709/2113/1912 1710/2114/1913
f 255/2109/1908 1708/2112/1911 1691/2084/1886 1690/2083/1885
f 256/2115/1914 1711/2116/1915 1712/2117/1916 1713/2118/1917
f 1689/2082/1884 1694/2087/1889 1711/2119/1915 256/2120/1914
f 256/2115/1914 1713/2118/1917 1714/2121/1918 1689/2122/1884
f 1715/2123/1919 1716/2124/1920 1602/1941/1756 1717/2125/1921
f 257/2126/1922 1718/2127/1923 1719/2128/1924 1720/2129/1925
f 257/2126/1922 1721/2130/1926 265/2131/1927 1718/2127/1923
f 257/2126/1922 1720/2129/1925 1722/2132/1928 1721/2130/1926
f 259/2133/1929 1723/2134/1930 1724/2135/1931 1725/2136/1932
f 259/2137/1933 1725/2138/1932 1726/2139/1934 1727/2140/1935
f 259/2141/1936 1727/2142/1937 1728/2143/1938 1723/2144/1930
f 260/2145/1939 1705/2146/1940 1729/2147/1941 1703/2148/1904
f 261/2149/1942 1730/2150/1943 1731/2151/1944 1732/2152/1945
f 261/2149/1942 1726/2153/1934 1725/2136/1932 1730/2150/1943
f 261/2154/1942 1733/2155/1946 1734/2156/1947 1726/2139/1934
f 261/2149/1942 1732/2152/1945 1735/2157/1948 1736/2158/1949
f 261/2149/1942 1736/2158/1949 1737/2159/1950 1733/2160/1951
f 262/2161/1952 1738/2162/1953 1739/2163/1954 1740/2164/1955
f 262/2161/1952 1740/2164/1955 1741/2165/1956 1742/2166/1957
f 262/2161/1952 1742/2166/1957 1743/2167/1958 1738/2162/1953
f 263/2168/1959 1744/2169/1960 1745/2170/1961 1746/2171/1962
f 263/2172/1963 1746/2173/1963 1747/2174/1963 1748/2175/1963
f 263/2176/1964 1748/2177/1964 1749/2178/1964 1744/2179/1964
f 264/2180/1965 1750/2181/1966 1751/2182/1967 1752/2183/1968
f 264/2180/1969 1652/2017/1823 1651/2016/1822 1750/2181/1970
f 264/2180/1969 1753/2184/1971 1704/2106/1905 1652/2017/1823
f 264/2180/1965 1752/2183/1968 1754/2185/1972 1753/2184/1973
f 265/2131/1927 1721/2130/1926 1755/2186/1974 1756/2187/1975
f 265/2131/1927 1756/2187/1975 1757/2188/1976 1758/2189/1977
f 266/2190/1978 1759/2191/1979 1760/2192/1980 1761/2193/1981
f 266/2194/1982 1761/2195/1983 1753/2184/1973 1754/2185/1972
f 266/2196/1982 1762/2197/1984 1763/2198/1985 1759/2199/1986
f 1764/2200/1987 1765/2201/1988 1766/2202/1989 1767/2203/1990
f 267/2204/1991 1768/2205/1992 1769/2206/1993 1770/2207/1994
f 267/2204/1991 1771/2208/1995 1772/2209/1996 1768/2205/1992
f 268/2210/1997 1773/2211/1998 1774/2212/1999 1775/2213/2000
f 268/2210/1997 1775/2213/2000 1776/2214/2001 1777/2215/2002
f 268/2210/1997 1766/2202/1989 1778/2216/2003 1773/2211/1998
f 268/2210/1997 1777/2215/2002 1717/2125/1921 1779/2217/2004
f 269/2218/2005 1780/2219/2006 1781/2220/2007 1782/2221/2008
f 269/2222/2009 1782/2223/2008 1783/2224/2010 1784/2225/2011
f 269/2226/2012 1784/2227/2013 1785/2228/2014 1780/2229/2015
f 270/2230/2016 1786/2231/2017 1787/2232/2018 1788/2233/2019
f 270/2230/2016 1788/2233/2019 1789/2234/2020 1790/2235/2021
f 270/2236/2022 1790/2237/2023 271/2238/2024 1786/2239/2025
f 271/2238/2024 1791/2240/2026 1792/2241/2027 1786/2239/2025
f 271/2238/2024 1793/2242/2028 1794/2243/2029 1791/2240/2026
f 272/2244/2030 1795/2245/2031 1796/2246/2032 1797/2247/2033
f 1799/2248/2034 1800/2249/2035 1795/2250/2036 272/2251/2036
f 272/2244/2030 1797/2247/2033 1798/2252/2037 1799/2253/2038
f 273/2254/2039 1801/2255/2040 1802/2256/2041 1803/2257/2042
f 273/2254/2039 1804/2258/2043 1805/2259/2044 1801/2255/2040
f 273/2254/2039 1803/2257/2042 1806/2260/2045 1804/2258/2046
f 274/2261/2047 1807/2262/2048 1808/2263/2049 1809/2264/2050
f 274/2261/2047 1810/2265/2051 1811/2266/2052 1807/2262/2048
f 274/2261/2047 1812/2267/2053 1813/2268/2054 1810/2265/2051
f 274/2261/2047 1809/2264/2050 1814/2269/2055 1815/2270/2056
f 274/2261/2047 1815/2270/2056 275/2271/2057 1812/2267/2053
f 275/2271/2057 1816/2272/2058 1817/2273/2059 1812/2267/2053
f 275/2271/2057 1815/2270/2056 1818/2274/2060 1816/2272/2058
f 1818/2274/2060 1815/2270/2056 1814/2269/2055 1819/2275/2061
f 1818/2274/2060 1819/2275/2061 1820/2276/2062 1821/2277/2063
f 1818/2274/2060 1821/2277/2063 1822/2278/2064 1816/2272/2058
f 1822/2278/2064 1821/2277/2063 1823/2279/2065 1824/2280/2066
f 1822/2281/2067 1824/2282/2068 1825/2283/2069 1826/2284/2070
f 1822/2281/2067 1826/2284/2070 1817/2285/2059 1816/2286/2058
f 1826/2284/2070 1825/2283/2069 1827/2287/2071 1828/2288/2072
f 1826/2289/2070 1828/2290/2072 1829/2291/2073 1817/2273/2059
f 1829/2291/2073 1813/2268/2054 1812/2267/2053 1817/2273/2059
f 1829/2292/2073 1828/2293/2074 1830/2294/2075 1831/2295/2076
f 1829/2291/2073 1831/2296/2076 1832/2297/2077 1813/2268/2054
f 1832/2297/2077 1833/2298/2078 1810/2265/2051 1813/2268/2054
f 1832/2297/2077 1831/2296/2076 1834/2299/2079 1835/2300/2080
f 1832/2297/2077 1835/2300/2080 1836/2301/2081 1833/2298/2078
f 1836/2301/2081 1837/2302/2082 1838/2303/2083 1833/2298/2078
f 1836/2301/2081 1835/2300/2080 1772/2209/1996 1771/2208/1995
f 1836/2301/2081 1771/2208/1995 1839/2304/2084 1837/2302/2082
f 1838/2303/2083 1840/2305/2085 1841/2306/2086 1811/2266/2052
f 1838/2303/2083 1811/2266/2052 1810/2265/2051 1833/2298/2078
f 1838/2303/2083 1837/2302/2082 1842/2307/2087 1840/2305/2085
f 1842/2308/2087 1843/2309/2088 1844/2310/2089 1840/2311/2085
f 1842/2307/2087 1837/2302/2082 1839/2304/2084 1845/2312/2090
f 1842/2308/2087 1845/2313/2090 1751/2182/1967 1843/2309/2088
f 1844/2310/2089 1846/2314/2091 1847/2315/2092 1848/2316/2093
f 1844/2310/2089 1848/2316/2094 1841/2317/2086 1840/2311/2085
f 1844/2310/2089 1843/2309/2088 1849/2318/2095 1846/2314/2091
f 1849/2318/2096 1650/2015/1821 1850/2319/2097 1846/2314/2091
f 1849/2318/2095 1843/2309/2088 1751/2182/1967 1750/2181/1966
f 1849/2318/2096 1750/2181/1970 1651/2016/1822 1650/2015/1821
f 1850/2319/2097 1851/2320/2098 1852/2321/2099 1853/2322/2100
f 1850/2319/2097 1853/2322/2100 1847/2315/2092 1846/2314/2091
f 1850/2319/2097 1650/2015/1821 1647/2012/1818 1851/2320/2098
f 1853/2322/2100 1852/2321/2099 1854/2323/2101 1855/2324/2102
f 1853/2322/2100 1855/2324/2102 1856/2325/2103 1847/2315/2092
f 1856/2325/2103 1855/2324/2102 1758/2189/1977 1857/2326/2104
f 1856/2325/2103 1857/2326/2104 1858/2327/2105 1859/2328/2106
f 1856/2325/2103 1859/2328/2106 1848/2316/2093 1847/2315/2092
f 1859/2328/2107 1858/2327/2108 1860/2329/2109 1861/2330/2110
f 1859/2328/2107 1861/2330/2110 1841/2317/2086 1848/2316/2094
f 1861/2331/2110 1860/2332/2109 1808/2263/2049 1807/2262/2048
f 1861/2331/2110 1807/2262/2048 1811/2266/2052 1841/2306/2086
f 1860/2329/2109 1858/2327/2108 1784/2227/2011 1783/2333/2010
f 1860/2332/2109 1783/2224/2010 1862/2334/2111 1808/2263/2049
f 1862/2334/2111 1783/2224/2010 1782/2223/2008 1863/2335/2112
f 1862/2334/2111 1863/2335/2112 1864/2336/2113 1865/2337/2114
f 1862/2334/2111 1865/2337/2114 1809/2264/2050 1808/2263/2049
f 1865/2337/2114 1864/2336/2113 1866/2338/2115 1867/2339/2116
f 1865/2337/2114 1867/2339/2116 1814/2269/2055 1809/2264/2050
f 1867/2339/2116 1866/2338/2115 1798/2252/2037 1868/2340/2117
f 1867/2339/2116 1868/2340/2117 1819/2275/2061 1814/2269/2055
f 1868/2340/2117 1798/2252/2037 1797/2247/2033 1869/2341/2118
f 1868/2340/2117 1869/2341/2118 1820/2276/2062 1819/2275/2061
f 1869/2341/2118 1797/2247/2033 1870/2342/2119 1871/2343/2120
f 1869/2341/2118 1871/2343/2120 1872/2344/2121 1820/2276/2062
f 1872/2345/2121 1871/2346/2120 1612/1959/1770 1873/2347/2122
f 1872/2345/2121 1873/2347/2122 1874/2348/2123 1823/2349/2065
f 1872/2344/2121 1823/2279/2065 1821/2277/2063 1820/2276/2062
f 1874/2348/2123 1873/2347/2122 1487/1769/1604 1484/1768/1603
f 1874/2350/2124 1484/1763/1600 1483/1762/1599 1514/1808/1637
f 1874/2350/2124 1514/1808/1637 1824/2282/2066 1823/2351/2065
f 1873/2347/2122 1612/1959/1770 1611/1958/1769 1487/1769/1604
f 1871/2346/2120 1870/2352/2119 1613/1960/1771 1612/1959/1770
f 1870/2342/2119 1797/2247/2033 1796/2246/2032 1875/2353/2125
f 1870/2352/2119 1875/2354/2125 1616/1963/1774 1613/1960/1771
f 1875/2353/2125 1796/2246/2032 1876/2355/2126 1877/2356/2127
f 1875/2354/2125 1877/2357/2127 1667/2044/1848 1616/1963/1774
f 1877/2356/2127 1876/2355/2126 1878/2358/2128 1879/2359/2129
f 1877/2357/2127 1879/2360/2129 247/2041/1846 1667/2044/1848
f 1879/2359/2129 1878/2358/2128 1880/2361/2130 1881/2362/2131
f 1879/2360/2129 1881/2363/2131 1668/2364/1849 247/2041/1846
f 1881/2365/2131 1880/2366/2130 1882/2367/2132 1883/2368/2133
f 1881/2365/2131 1883/2368/2133 1685/2075/2134 1668/2369/1849
f 1883/2368/2135 1882/2367/2136 1884/2370/2137 1885/2371/2138
f 1883/2368/2135 1885/2371/2138 1686/2076/1877 1685/2075/2139
f 1885/2371/2138 1884/2370/2137 1886/2372/2140 1887/2373/2141
f 1885/2371/2138 1887/2373/2141 1687/2077/1878 1686/2076/1877
f 1887/2373/2141 1886/2372/2140 1888/2374/2142 1889/2375/2143
f 1887/2373/2141 1889/2375/2143 1890/2376/2144 1687/2077/1878
f 1890/2376/2144 1889/2375/2143 1891/2377/2145 1892/2378/2146
f 1890/2376/2144 1892/2378/2146 1777/2215/2002 1776/2214/2001
f 1890/2376/2144 1776/2214/2001 1682/2078/1879 1687/2077/1878
f 1892/2378/2146 1891/2377/2145 1716/2124/1920 1715/2123/1919
f 1892/2378/2146 1715/2123/1919 1717/2125/1921 1777/2215/2002
f 1891/2377/2145 1893/2379/2147 1894/2380/2148 1716/2124/1920
f 1891/2377/2145 1889/2375/2143 1888/2374/2142 1893/2379/2147
f 1894/2380/2148 1895/2381/2149 1896/2382/2150 1603/1942/1757
f 1894/2380/2148 1603/1942/1757 1602/1941/1756 1716/2124/1920
f 1894/2380/2148 1893/2379/2147 1897/2383/2151 1895/2381/2149
f 1897/2383/2151 1898/2384/2152 1899/2385/2153 1895/2381/2149
f 1897/2383/2151 1893/2379/2147 1888/2374/2142 1900/2386/2154
f 1897/2387/2151 1900/2388/2154 1901/2389/2155 1898/2390/2152
f 1901/2391/2156 1902/2392/2157 1903/2393/2158 1898/2384/2159
f 1901/2389/2155 1900/2388/2154 1805/2394/2044 1804/2395/2043
f 1901/2391/2156 1804/2258/2046 1806/2260/2045 1902/2392/2157
f 1903/2393/2158 1789/2234/2020 1788/2233/2019 1904/2396/2160
f 1903/2393/2158 1904/2396/2160 1899/2385/2153 1898/2384/2159
f 1903/2393/2158 1902/2392/2157 1905/2397/2161 1789/2234/2020
f 1905/2397/2161 1906/2398/2162 1790/2235/2163 1789/2234/2020
f 1905/2397/2161 1902/2392/2157 1806/2260/2045 1907/2399/2164
f 1905/2400/2161 1907/2401/2164 1908/2402/2165 1906/2403/2162
f 1908/2402/2165 1909/2404/2166 1910/2405/2167 1906/2403/2162
f 1908/2402/2165 1907/2401/2164 1911/2406/2168 1912/2407/2169
f 1908/2402/2165 1912/2407/2169 1913/2408/2170 1909/2404/2166
f 1913/2408/2170 1800/2409/2171 1914/2410/2172 1909/2404/2166
f 1913/2408/2170 1912/2407/2169 1915/2411/2173 1916/2412/2174
f 1913/2408/2170 1916/2412/2174 1795/2413/2175 1800/2409/2171
f 1916/2414/2176 1915/2415/2177 1878/2358/2128 1876/2355/2126
f 1916/2414/2176 1876/2355/2126 1796/2246/2032 1795/2245/2031
f 1915/2411/2173 1912/2407/2169 1911/2406/2178 1917/2416/2179
f 1915/2415/2177 1917/2417/2180 1880/2361/2130 1878/2358/2128
f 1917/2416/2179 1911/2406/2178 1803/2418/2181 1802/2419/2181
f 1917/2417/2180 1802/2420/2182 1882/2421/2132 1880/2361/2130
f 1914/2422/2183 1800/2249/2035 1799/2248/2034 1918/2423/2184
f 1914/2422/2183 1918/2423/2184 1919/2424/2185 1920/2425/2186
f 1914/2410/2172 1920/2426/2187 1910/2405/2167 1909/2404/2166
f 1920/2425/2186 1919/2424/2185 1921/2427/2188 1793/2428/2189
f 1920/2426/2187 1793/2242/2028 271/2238/2024 1910/2405/2167
f 1921/2427/2188 1919/2424/2185 1922/2429/2190 1923/2430/2191
f 1921/2427/2188 1923/2430/2191 1924/2431/2192 1925/2432/2193
f 1921/2427/2188 1925/2432/2193 1794/2433/2194 1793/2428/2189
f 1925/2432/2193 1924/2431/2192 1926/2434/2195 1927/2435/2196
f 1925/2432/2193 1927/2435/2196 1928/2436/2197 1794/2433/2029
f 1928/2437/2197 1927/2438/2196 1929/2439/2198 1930/2440/2199
f 1928/2437/2197 1930/2440/2199 1931/2441/2200 1932/2442/2201
f 1928/2437/2197 1932/2442/2201 1791/2240/2026 1794/2243/2029
f 1932/2442/2201 1931/2441/2200 1933/2443/2202 1934/2444/2203
f 1932/2442/2201 1934/2444/2203 1792/2241/2027 1791/2240/2026
f 1934/2445/2204 1933/2446/2205 1935/2447/2206 1936/2448/2207
f 1934/2445/2204 1936/2448/2207 1937/2449/2208 1792/2450/2209
f 1937/2449/2208 1936/2448/2207 1938/2451/2210 1939/2452/2211
f 1937/2449/2208 1939/2452/2211 1940/2453/2212 1787/2232/2018
f 1937/2449/2208 1787/2232/2018 1786/2231/2017 1792/2450/2209
f 1940/2453/2212 1939/2452/2211 1941/2454/2213 1942/2455/2214
f 1940/2453/2212 1942/2455/2214 1899/2385/2153 1904/2396/2160
f 1940/2453/2212 1904/2396/2160 1788/2233/2019 1787/2232/2018
f 1942/2455/2214 1941/2454/2213 1943/2456/2215 1896/2382/2150
f 1942/2455/2214 1896/2382/2150 1895/2381/2149 1899/2385/2153
f 1943/2456/2215 1944/2457/2216 1499/1783/1618 236/1939/1754
f 1943/2456/2215 236/1939/1754 1603/1942/1757 1896/2382/2150
f 1944/2457/2216 1945/2458/2217 217/1777/1612 1499/1783/1618
f 1945/2458/2218 1561/2459/2219 1494/1778/1613 217/1777/1612
f 1944/2457/2216 1946/2460/2220 1947/2461/2221 1945/2458/2217
f 1944/2457/2216 1943/2456/2215 1941/2454/2213 1946/2460/2220
f 1947/2461/2221 1948/2462/2222 1949/2463/2223 1950/2464/2224
f 1947/2465/2221 1950/2466/2225 1561/2467/2225 1945/2468/2217
f 1947/2461/2221 1946/2460/2220 1938/2451/2210 1948/2462/2222
f 1950/2464/2224 1949/2463/2223 1951/2469/2226 1952/2470/2227
f 1950/2464/2224 1952/2470/2227 229/2471/2228 1561/2459/2219
f 229/2471/2228 1952/2470/2227 1953/2472/2229 230/2473/2230
f 1953/2472/2231 1954/2474/2232 1955/2475/2232 1956/2476/2233
f 1953/2477/2231 1956/2478/2233 230/1875/2234
f 1953/2472/2229 1952/2470/2227 1951/2469/2226 1954/2474/2235
f 1956/2478/2236 1955/2479/2237 1957/2480/2238 1958/2481/2239
f 1956/2478/2236 1958/2481/2239 1562/1878/1699 230/1875/1698
f 1958/2481/2239 1957/2480/2238 1959/2482/2240 1960/2483/2241
f 1958/2481/2239 1960/2483/2241 1961/2484/2242 1562/1878/1699
f 1961/2484/2242 1960/2483/2241 1962/2485/2243 1963/2486/2244
f 1961/2484/2242 1963/2486/2244 1964/2487/2245 1965/2488/2246
f 1961/2484/2242 1965/2488/2246 1559/1876/1700 1562/1878/1699
f 1965/2488/2246 1964/2487/2245 1966/2489/2247 1967/2490/2248
f 1965/2488/2246 1967/2490/2248 1560/1877/2249 1559/1876/1700
f 1967/2490/2248 1966/2489/2247 1968/2491/2250 1969/2492/2251
f 1967/2490/2248 1969/2492/2251 1970/2493/2252 1560/1877/2249
f 1970/2493/2252 1969/2492/2251 1971/2494/2253 1209/1358/1231
f 1970/2495/2254 1209/2496/2255 1208/1364/1237 1972/2497/2256
f 1970/2495/2254 1972/2497/2256 229/2471/2228 1560/2498/2257
f 1972/2497/2256 1208/1364/1237 1212/1363/1236 1494/1778/1613
f 1972/2497/2256 1494/1778/1613 1561/2459/2219 229/2471/2228
f 1971/2494/2253 1969/2492/2251 1968/2491/2250 1973/2499/2258
f 1971/2494/2253 1973/2499/2258 1974/2500/2259 1139/1262/1142
f 1971/2494/2253 1139/1262/1142 155/1260/1141 1209/1358/1231
f 1974/2500/2259 1973/2499/2258 1975/2501/2260 1976/2502/2261
f 1974/2500/2259 1976/2502/2261 1977/2503/2262 1978/2504/2263
f 1974/2500/2259 1978/2504/2263 1140/1263/1143 1139/1262/1142
f 1978/2504/2263 1977/2503/2262 1979/2505/2264 1980/2506/2265
f 1978/2504/2263 1980/2506/2265 763/714/636 1140/1263/1143
f 1980/2506/2265 1979/2505/2264 755/699/628 754/698/627
f 1980/2506/2265 754/698/627 756/701/630 763/714/636
f 1979/2505/2264 1977/2503/2262 1981/2507/2266 1982/2508/2267
f 1979/2505/2264 1982/2508/2267 1983/2509/2268 755/699/628
f 1983/2509/2268 1982/2508/2267 1984/2510/2267 1985/2511/2269
f 1983/2509/2268 1985/2511/2269 74/582/521 679/2512/2270
f 1983/2509/2268 679/2512/2270 749/688/621 755/699/628
f 1985/2511/2269 1984/2510/2267 1986/2513/2271 571/421/387
f 1985/2511/2269 571/421/387 570/420/386 74/582/521
f 1986/2513/2271 1987/2514/2272 1988/2515/2272 1989/2516/2273
f 1986/2513/2271 1989/2516/2273 567/417/383 571/421/387
f 1986/2513/2271 1984/2510/2267 1990/2517/2267 1987/2514/2272
f 1990/2517/2267 1991/2518/2274 1992/2519/2272 1987/2514/2272
f 1990/2517/2267 1984/2510/2267 1982/2508/2267 1981/2507/2266
f 1990/2517/2267 1981/2507/2266 1993/2520/2274 1991/2518/2274
f 1993/2520/2274 1994/2521/2275 1995/2522/2276 1991/2518/2274
f 1993/2520/2274 1981/2507/2266 1977/2503/2262 1976/2502/2261
f 1993/2520/2274 1976/2502/2261 1975/2501/2260 1994/2521/2275
f 1995/2522/2276 1996/2523/2276 1997/2524/2276 1998/2525/2277
f 1995/2522/2276 1998/2525/2277 1992/2519/2272 1991/2518/2274
f 1995/2522/2276 1994/2521/2275 1999/2526/2267 1996/2523/2276
f 1999/2526/2267 2000/2527/2266 2001/2528/2274 1996/2523/2276
f 1999/2526/2267 1994/2521/2275 1975/2501/2260 2002/2529/2278
f 1999/2526/2267 2002/2529/2278 2003/2530/2279 2000/2527/2266
f 2003/2530/2279 2004/2531/2280 2005/2532/2281 2000/2527/2266
f 2003/2530/2279 2002/2529/2278 1968/2491/2250 1966/2489/2247
f 2003/2530/2279 1966/2489/2247 1964/2487/2245 2004/2531/2280
f 2005/2532/2281 2006/2533/2282 2007/2534/2283 2008/2535/2284
f 2005/2532/2281 2008/2535/2284 2001/2528/2274 2000/2527/2266
f 2005/2532/2281 2004/2531/2280 2009/2536/2285 2006/2533/2282
f 2009/2536/2285 1629/1979/1789 1628/1978/1788 2006/2533/2282
f 2009/2536/2285 2004/2531/2280 1964/2487/2245 1963/2486/2244
f 2009/2536/2285 1963/2486/2244 1962/2485/2243 1629/1979/1789
f 2008/2535/2284 2007/2534/2283 183/1500/1360 1310/1505/1365
f 2008/2535/2284 1310/1505/1365 2010/2537/2274 2001/2528/2274
f 2010/2537/2274 1310/1505/1365 1309/1504/1364 2011/2538/2267
f 2010/2537/2274 2011/2538/2267 2012/2539/2267 1997/2524/2276
f 2010/2537/2274 1997/2524/2276 1996/2523/2276 2001/2528/2274
f 2012/2539/2267 2011/2538/2267 2013/2540/2286 2014/2541/2286
f 2012/2539/2267 2014/2541/2286 2015/2542/2286 2016/2543/2267
f 2012/2539/2267 2016/2543/2267 1998/2525/2277 1997/2524/2276
f 2016/2543/2267 2015/2542/2286 2017/2544/2287 2018/2545/2272
f 2016/2543/2267 2018/2545/2272 1992/2519/2272 1998/2525/2277
f 2018/2545/2272 2017/2544/2287 2019/2546/2267 1988/2515/2272
f 2018/2545/2272 1988/2515/2272 1987/2514/2272 1992/2519/2272
f 2019/2546/2267 2017/2544/2287 2020/2547/2280 2021/2548/2286
f 2019/2546/2267 2021/2548/2286 373/122/120 2022/2549/2272
f 2019/2546/2267 2022/2549/2272 1989/2516/2273 1988/2515/2272
f 2022/2549/2272 373/122/120 372/124/122 568/418/384
f 2022/2549/2272 568/418/384 567/417/383 1989/2516/2273
f 2021/2548/2286 2020/2547/2280 2023/2550/2266 2024/2551/807
f 2021/2548/2286 2024/2551/807 374/123/121 373/122/120
f 2024/2551/807 2023/2550/2266 2025/2552/2288 2026/2553/2289
f 2024/2551/807 2026/2553/2289 2027/2554/2290 374/123/121
f 2027/2554/2290 2026/2553/2289 2028/2555/2291 2029/2556/2292
f 2027/2554/2290 2029/2556/2292 298/24/23 2030/2557/2293
f 2027/2554/2290 2030/2557/2293 370/120/118 374/123/121
f 2030/2557/2293 298/24/23 297/23/22 351/93/92
f 2030/2557/2293 351/93/92 16/95/94 370/120/118
f 2029/2556/2292 2028/2555/2291 290/2558/2294 289/12/12
f 2029/2556/2292 289/12/12 288/11/11 298/24/23
f 2028/2555/2291 2031/2559/2295 2032/2560/2296 290/2558/2294
f 2028/2555/2291 2026/2553/2289 2025/2552/2288 2031/2559/2295
f 2032/2561/2297 2033/2562/2298 378/128/2298 377/127/2299
f 2032/2561/2297 377/127/2299 291/14/14 290/13/13
f 2032/2560/2296 2031/2559/2295 2034/2563/2300 2033/2564/2301
f 2034/2563/2300 2035/2565/2302 2036/2566/2303 2033/2564/2301
f 2034/2563/2300 2031/2559/2295 2025/2552/2288 2037/2567/2304
f 2034/2563/2300 2037/2567/2304 2038/2568/2305 2035/2565/2302
f 2038/2568/2305 2039/2569/2306 2040/2570/2307 2035/2565/2302
f 2038/2568/2305 2037/2567/2304 2041/2571/2281 2042/2572/2290
f 2038/2568/2305 2042/2572/2290 2043/2573/2290 2039/2569/2306
f 2043/2573/2290 827/810/719 2044/2574/2266 2039/2569/2306
f 2043/2573/2290 2042/2572/2290 2045/2575/2266 2046/2576/2266
f 2043/2573/2290 2046/2576/2266 828/811/720 827/810/719
f 2046/2576/2266 2045/2575/2266 2014/2541/2286 2013/2540/2286
f 2046/2576/2266 2013/2540/2286 895/911/807 828/811/720
f 2045/2575/2266 2042/2572/2290 2041/2571/2281 2047/2577/2266
f 2045/2575/2266 2047/2577/2266 2015/2542/2286 2014/2541/2286
f 2047/2577/2266 2041/2571/2281 2023/2550/2266 2020/2547/2280
f 2047/2577/2266 2020/2547/2280 2017/2544/2287 2015/2542/2286
f 2044/2574/2266 656/556/500 655/555/499 2048/2578/2308
f 2044/2574/2266 2048/2578/2308 2040/2570/2307 2039/2569/2306
f 2044/2574/2266 827/810/719 826/809/718 656/556/500
f 2048/2578/2308 655/555/499 2049/2579/2309 554/400/368
f 2048/2578/2308 554/400/368 553/399/367 2040/2570/2307
f 2049/2579/2309 2050/2580/2310 2051/2581/2311 2052/2582/2312
f 2049/2579/2309 2052/2582/2312 555/401/369 554/400/368
f 2049/2579/2309 655/555/499 654/554/498 2050/2580/2310
f 2052/2582/2312 2051/2581/2311 2053/2583/2313 2054/2584/2314
f 2052/2582/2312 2054/2584/2314 632/2585/2315 555/401/369
f 632/2586/2316 631/2587/2317 2055/2588/2318 2056/2589/2318
f 632/2585/2315 2056/2590/2319 551/402/370 555/401/369
f 2056/2589/2320 2055/2588/2321 2057/2591/2322 565/2592/2323
f 2056/2589/2320 565/2592/2323 2058/2593/2324 551/395/363
f 2058/2593/2324 2059/2594/2325 2060/2595/2326 501/325/299
f 2058/2593/2324 501/325/299 500/324/298 551/395/363
f 2058/2593/2327 565/2592/2327 566/2596/2328 2059/2594/2325
f 2060/2595/2326 2061/2597/2329 2062/2598/2330 2063/2599/2331
f 2060/2595/2326 2063/2599/2332 496/321/295 501/325/299
f 2060/2595/2326 2059/2594/2325 2064/2600/2333 2061/2597/2329
f 2064/2601/2333 531/2602/339 537/2603/346 2061/2604/2329
f 2064/2600/2333 2059/2594/2325 566/2596/2328 2065/2605/2334
f 2064/2601/2333 2065/2606/2334 532/2607/340 531/2602/339
f 2065/2608/2335 566/2609/2336 565/2610/2323 2057/2611/2322
f 2065/2605/2335 2057/2591/2322 2066/2612/2337 532/371/2338
f 2066/2612/2337 2067/2613/2339 533/372/342 532/371/2338
f 2066/2612/2337 2057/2591/2322 2055/2588/2321 2068/2614/2340
f 2066/2612/2337 2068/2614/2340 2069/2615/2341 2067/2613/2339
f 2069/2615/2341 2070/2616/2342 2071/2617/2343 2067/2613/2339
f 2069/2615/2341 2068/2614/2340 630/2618/2344 2072/2619/2345
f 2069/2615/2341 2072/2619/2345 2073/2620/2346 2070/2616/2342
f 2073/2620/2346 2074/2621/2347 2075/2622/2348 2070/2616/2342
f 2073/2620/2346 2072/2619/2345 664/568/509 663/567/508
f 2073/2620/2346 663/567/508 2076/2623/2349 2074/2621/2347
f 2076/2623/2349 2077/2624/2350 2078/2625/2351 2074/2621/2347
f 2076/2623/2349 663/567/508 662/566/507 2079/2626/2352
f 2076/2623/2349 2079/2626/2352 2080/2627/2353 2077/2624/2350
f 2080/2627/2354 846/832/739 848/2628/742 2077/2624/2350
f 2080/2627/2354 2079/2626/2352 766/2629/641 765/726/640
f 2080/2627/2354 765/726/640 770/725/647 846/832/739
f 2079/2626/2352 662/566/507 661/565/506 766/2629/641
f 2078/2625/2351 2081/2630/2355 2082/2631/2356 2083/2632/2357
f 2078/2625/2351 2083/2632/2357 2075/2622/2348 2074/2621/2347
f 2078/2625/2351 2077/2624/2350 848/2628/742 2081/2630/2355
f 2083/2632/2357 2082/2631/2356 2084/2633/2358 2085/2634/2359
f 2083/2632/2357 2085/2634/2359 2086/2635/2360 2075/2622/2348
f 2086/2635/2361 2085/2634/2359 580/432/398 579/431/397
f 2086/2635/2361 579/431/397 534/373/343 2071/2617/2343
f 2086/2635/2360 2071/2617/2343 2070/2616/2342 2075/2622/2348
f 2085/2634/2359 2084/2633/2358 2087/2636/2362 580/432/398
f 2087/2636/2362 2088/2637/2363 691/606/543 2089/2638/2364
f 2087/2636/2362 2089/2638/2364 581/433/399 580/432/398
f 2087/2636/2362 2084/2633/2358 2090/2639/2365 2088/2637/2363
f 2090/2639/2365 2091/2640/2366 2092/2641/2367 2088/2637/2363
f 2090/2639/2365 2084/2633/2358 2082/2631/2356 772/729/650
f 2090/2639/2365 772/729/650 771/728/649 2091/2640/2366
f 2092/2642/2368 2093/2643/2369 688/602/540 687/601/539
f 2092/2641/2367 687/607/544 691/606/543 2088/2637/2363
f 2092/2642/2368 2091/2644/2370 2094/2645/2371 2093/2643/2369
f 2094/2645/2371 776/2646/655 2095/2647/2372 2096/2648/2373
f 2094/2645/2371 2096/2648/2373 2097/2649/2374 2093/2643/2369
f 2094/2645/2371 2091/2644/2370 771/2650/656 776/2646/655
f 2097/2649/2374 2096/2648/2373 807/782/693 737/668/601
f 2097/2649/2374 737/668/601 82/664/598 2098/2651/2375
f 2097/2649/2374 2098/2651/2375 688/602/540 2093/2643/2369
f 2098/2652/2376 82/660/594 734/663/597 2099/2653/2377
f 2098/2654/2376 2099/2655/2377 689/609/546 688/2656/2378
f 2099/2653/2377 734/663/597 2100/2657/2379 2101/2658/2380
f 2099/2655/2377 2101/2659/2381 692/610/547 689/609/546
f 2101/2658/2380 2100/2657/2379 2102/2660/2382 2103/2661/2383
f 2101/2659/2381 2103/2662/2384 2104/2663/2385 692/610/547
f 2104/2664/2386 2103/2661/2383 2105/2665/2387 2106/2666/2388
f 2104/2664/2386 2106/2666/2388 582/434/400 2107/2667/2389
f 2104/2664/2385 2107/2667/2389 690/605/542 692/2668/547
f 2107/2667/2389 582/434/400 581/433/399 2089/2638/2364
f 2107/2667/2389 2089/2638/2364 691/606/543 690/605/542
f 2106/2666/2388 2105/2665/2387 536/375/345 48/369/338
f 2106/2666/2388 48/369/338 535/374/344 582/434/400
f 2105/2665/2387 2103/2661/2383 2102/2660/2382 2108/2669/2390
f 2105/2665/2387 2108/2669/2390 2109/2670/2391 536/375/345
f 2109/2670/2391 2108/2669/2390 511/337/311 510/336/310
f 2109/2670/2391 510/336/310 509/335/309 2110/2671/2392
f 2109/2670/2391 2110/2671/2392 537/376/346 536/375/345
f 2110/2672/2392 509/2673/2393 2111/2674/2394 2062/2675/2330
f 2110/2672/2392 2062/2675/2330 2061/2604/2329 537/2603/346
f 2111/2674/2394 509/2673/2393 508/2676/2395 2112/2677/2396
f 2111/2674/2394 2112/2677/2396 504/2678/2397 2113/2679/2398
f 2111/2680/2394 2113/2681/2398 2063/2682/2331 2062/2683/2330
f 2113/2684/2399 504/329/2400 503/328/2401 497/322/296
f 2113/2684/2399 497/322/296 496/321/295 2063/2599/2332
f 2112/2685/2402 508/334/308 507/333/307 2114/2686/2403
f 2112/2677/2402 2114/2687/2403 505/2688/304 504/2678/303
f 2114/2686/2403 507/333/307 445/243/232 444/242/231
f 2114/2687/2403 444/2689/231 2115/2690/2404 505/2688/304
f 2115/2690/2404 444/2689/231 428/215/2405 427/214/2406
f 2115/2690/2404 427/214/2406 2116/2691/2407 2117/2692/2408
f 2115/2690/2404 2117/2692/2408 502/2693/301 505/2688/304
f 2117/2694/2409 2116/2695/2410 2118/2696/2411 2119/2697/2412
f 2117/2694/2409 2119/2697/2412 503/328/302 502/327/301
f 2119/2697/2412 2118/2696/2411 376/126/124 498/323/297
f 2119/2697/2412 498/323/297 497/322/296 503/328/2401
f 2118/2696/2411 2116/2695/2410 2120/2698/2413 2121/2699/2414
f 2118/2696/2411 2121/2699/2414 368/117/115 376/126/124
f 2121/2699/2414 2120/2698/2413 2122/2700/2415 2123/2701/2416
f 2121/2699/2414 2123/2701/2416 369/118/116 368/117/115
f 2123/2701/2416 2122/2700/2415 2124/2702/2417 2125/2703/2418
f 2123/2701/2416 2125/2703/2418 2126/2704/2419 369/118/116
f 2126/2705/2420 2125/2706/2421 2127/2707/2422 2128/2708/2423
f 2126/2705/2420 2128/2708/2423 2129/2709/2424 2130/2710/2425
f 2126/2704/2419 2130/2711/2426 366/115/113 369/118/116
f 2130/2710/2427 2129/2709/2428 2131/2712/2429 2132/2713/2430
f 2130/2710/2427 2132/2713/2430 367/2714/2431 366/2715/2432
f 2132/2713/2430 2131/2712/2429 2133/2716/2433 2134/2717/2434
f 2132/2713/2430 2134/2717/2434 2135/2718/2435 367/2714/2431
f 2135/2719/2435 2134/2720/2434 2136/2721/2436 2137/2722/2437
f 2135/2719/2438 2137/2722/2439 2138/2723/2440 2139/2724/2441
f 2135/2719/2438 2139/2724/2441 318/49/49 367/116/114
f 2139/2724/2441 2138/2723/2440 2140/2725/2442 319/50/50
f 2139/2724/2441 319/50/50 6/46/46 318/49/49
f 2140/2725/2442 2138/2723/2440 2141/2726/2443 2142/2727/2444
f 2140/2725/2442 2142/2727/2444 2143/2728/2445 2144/2729/2446
f 2140/2725/2442 2144/2729/2446 320/51/51 319/50/50
f 2144/2729/2447 2143/2728/2445 2145/2730/2448 2146/2731/2449
f 2144/2729/2447 2146/2731/2449 292/15/15 320/51/51
f 2146/2731/2449 2145/2730/2448 2147/2732/2450 2148/2733/2451
f 2148/2733/2451 2147/2732/2450 2149/2734/2452 293/16/16
f 2149/2734/2452 2147/2732/2450 313/44/2453 2150/2735/2454
f 2149/2734/2452 2150/2735/2454 316/2736/2455 2151/2737/2456
f 2149/2734/2452 2151/2737/2456 2/17/2457 293/16/16
f 2151/2737/2456 316/2736/2455 277/3/3 276/2/2
f 2151/2737/2456 276/2/2 280/6/6 2/17/2457
f 2150/2735/2458 313/44/44 312/43/43 2152/2738/2458
f 2150/2735/2454 2152/2738/2459 315/2739/2460 316/2736/2455
f 2152/2740/2461 312/2741/2462 2153/2742/2463 281/2743/2461
f 2152/2738/2464 281/7/2464 278/4/4 315/2739/2460
f 2153/2742/2463 312/2741/2462 311/2744/42 2154/2745/2465
f 2153/2742/2463 2154/2745/2465 2155/2746/2466 2156/2747/2467
f 2153/2748/2468 2156/2749/2469 282/8/8 281/7/2468
f 2156/2750/2467 2155/2751/2466 2157/2752/2470 2158/2753/2471
f 2156/2749/2469 2158/2754/2472 2159/2755/2473 282/8/8
f 2159/2755/2473 2158/2754/2472 284/2756/2474 283/2757/2474
f 2159/2755/2473 283/2757/2475 286/2758/2476 2160/2759/2477
f 2159/2755/2473 2160/2759/2477 1/1/1 282/8/8
f 2160/2760/2477 286/2761/2476 2161/2762/2478 2162/2763/2478
f 2160/2759/2477 2162/2764/2479 279/5/2479 1/1/1
f 2162/2763/2480 2161/2762/2481 2163/2765/2482 2164/2766/2483
f 2162/2763/2480 2164/2766/2483 2165/2767/2484 279/2768/2485
f 2165/2767/2484 2166/2769/2486 280/2770/2487 279/2768/2485
f 2165/2767/2484 2164/2766/2483 295/21/20 294/20/19
f 2165/2767/2484 294/20/19 287/10/10 2166/2769/2486
f 2164/2766/2483 2163/2765/2482 2167/2771/2488 295/21/20
f 2167/2772/2489 2168/2773/2490 2169/2774/2491 2170/2775/2492
f 2167/2771/2488 2170/2776/2493 296/22/21 295/21/20
f 2167/2771/2489 2163/2765/2494 2171/2777/2495 2168/2778/2490
f 2171/2779/2496 2172/2780/2497 2173/2781/2498 2168/2782/2499
f 2171/2777/2495 2163/2765/2494 2161/2762/2500 2174/2783/2501
f 2171/2779/2496 2174/2784/2502 2175/2785/2503 2172/2780/2497
f 2175/2786/2503 2157/2752/2470 2176/2787/2504 2172/2788/2497
f 2175/2785/2503 2174/2784/2502 285/2789/2505 284/2790/2506
f 2175/2785/2503 284/2790/2506 2158/2791/2471 2157/2792/2470
f 2176/2793/2504 2177/2794/2507 2178/2795/2508 2179/2796/2509
f 2176/2793/2504 2179/2796/2509 2173/2797/2498 2172/2798/2497
f 2176/2787/2504 2157/2752/2470 2155/2751/2466 2177/2799/2507
f 2179/2796/2509 2178/2795/2508 2180/2800/2510 2181/2801/2511
f 2179/2796/2509 2181/2801/2511 2182/2802/2512 2173/2797/2498
f 2182/2802/2512 2181/2801/2511 2183/2803/2513 2184/2804/2514
f 2182/2802/2512 2184/2804/2514 2185/2805/2515 2169/2774/2516
f 2182/2802/2512 2169/2774/2516 2168/2773/2499 2173/2797/2498
f 2185/2805/2515 2184/2804/2514 2186/2806/2517 303/30/29
f 2185/2805/2518 303/30/29 302/29/28 2187/2807/2519
f 2185/2805/2518 2187/2807/2519 2170/2775/2492 2169/2774/2491
f 2187/2808/2520 302/35/34 306/34/33 301/27/26
f 2187/2808/2520 301/27/26 296/22/21 2170/2776/2493
f 2186/2806/2517 2188/2809/2521 2189/2810/2522 2190/2811/2523
f 2186/2806/2517 2190/2811/2523 304/31/30 303/30/29
f 2186/2806/2517 2184/2804/2514 2183/2803/2513 2188/2809/2521
f 2190/2811/2523 2189/2810/2522 2191/2812/2524 2192/2813/2525
f 2190/2811/2523 2192/2813/2525 307/36/2526 304/31/30
f 2192/2814/2525 2191/2815/2524 2193/2816/2527 329/60/60
f 2192/2814/2525 329/60/60 328/62/62 307/2817/2526
f 2193/2816/2527 2194/2818/2528 2195/2819/2529 2196/2820/2530
f 2193/2821/2527 2196/2822/2530 330/2823/61 329/2824/60
f 2193/2816/2527 2191/2815/2524 2197/2825/2531 2194/2818/2528
f 2197/2826/2531 2198/2827/2532 2199/2828/2533 2194/2829/2528
f 2197/2826/2531 2191/2812/2524 2189/2810/2522 2200/2830/2534
f 2197/2826/2531 2200/2830/2534 2201/2831/2535 2198/2827/2532
f 2201/2831/2535 2202/2832/2536 2203/2833/2537 2198/2827/2532
f 2201/2831/2535 2200/2830/2534 2204/2834/2538 2205/2835/2539
f 2201/2831/2535 2205/2835/2539 2206/2836/2540 2202/2832/2541
f 2206/2836/2540 2207/2837/2542 346/2838/2543 2202/2832/2541
f 2206/2836/2540 2205/2835/2539 2208/2839/2544 2209/2840/2545
f 2206/2836/2540 2209/2840/2545 2210/2841/2546 2207/2837/2542
f 2210/2841/2546 338/70/70 337/69/69 2207/2837/2542
f 2210/2841/2546 2209/2840/2545 2211/2842/2547 2212/2843/2548
f 2210/2841/2546 2212/2843/2548 2213/2844/2549 338/70/70
f 2213/2844/2549 2214/2845/2550 333/66/66 338/70/70
f 2213/2844/2549 2212/2843/2548 2215/2846/2551 2216/2847/2552
f 2213/2844/2549 2216/2847/2552 2217/2848/2553 2214/2845/2550
f 2217/2848/2553 2218/2849/2554 2219/2850/2555 2220/2851/2556
f 2217/2848/2553 2220/2851/2556 2221/2852/2557 2214/2845/2550
f 2217/2848/2553 2216/2847/2552 309/40/39 2218/2849/2554
f 2221/2852/2557 2220/2851/2556 2222/2853/2558 2223/2854/2559
f 2221/2852/2557 2223/2854/2559 2224/2855/2560 334/67/67
f 2221/2852/2557 334/67/67 333/66/66 2214/2845/2550
f 2224/2856/2561 2225/2857/2562 2226/2858/2563 2227/2859/2564
f 2224/2856/2561 2227/2859/2564 335/72/72 334/2860/2565
f 2224/2856/2566 2223/2861/2566 357/2862/2566 2225/2857/2566
f 2227/2859/2564 2226/2858/2563 2228/2863/2567 2229/2864/2568
f 2227/2859/2564 2229/2864/2568 339/73/73 335/72/72
f 2229/2864/2568 2228/2863/2567 2230/2865/2569 2231/2866/2570
f 2229/2864/2568 2231/2866/2570 343/81/80 339/73/73
f 2231/2866/2570 2230/2865/2569 385/139/2571 384/138/134
f 2231/2866/2570 384/138/134 383/137/133 343/81/80
f 2230/2865/2572 2232/2867/2573 2233/2868/2574 385/139/2575
f 2230/2865/2572 2228/2863/2576 2234/2869/2577 2232/2867/2573
f 2234/2869/2577 2235/2870/2578 2236/2871/2579 2232/2867/2573
f 2234/2869/2577 2228/2863/2576 2226/2858/2580 2237/2872/2581
f 2234/2869/2577 2237/2872/2581 2238/2873/2582 2235/2870/2578
f 2238/2874/2582 2239/2875/2583 2240/2876/2584 2235/2877/2578
f 2238/2873/2582 2237/2872/2581 2241/2878/2585 2242/2879/2586
f 2238/2874/2582 2242/2880/2586 2243/2881/2587 2239/2875/2583
f 2243/2881/2587 2244/2882/2588 2245/2883/2589 2239/2875/2583
f 2243/2881/2587 2242/2880/2586 358/2884/2590 2246/2885/2591
f 2243/2881/2587 2246/2885/2591 2247/2886/2592 2244/2882/2588
f 2247/2886/2592 2248/2887/2593 2249/2888/2594 2244/2882/2588
f 2247/2889/2595 2246/2890/2596 2250/2891/2597 2251/2892/2598
f 2247/2889/2595 2251/2892/2598 2252/2893/2599 2248/2894/2600
f 2252/2893/2599 2133/2895/2601 2253/2896/2601 2248/2894/2600
f 2252/2893/2602 2251/2892/2603 2254/2897/2604 2136/2721/2436
f 2252/2898/2602 2136/2899/2436 2134/2717/2434 2133/2716/2433
f 2254/2897/2605 2251/2892/2598 2250/2891/2597 2255/2900/2606
f 2254/2897/2604 2255/2900/2606 2256/2901/2607 2257/2902/2608
f 2254/2897/2604 2257/2902/2608 2137/2722/2437 2136/2721/2436
f 2257/2902/2608 2256/2901/2607 2258/2903/2609 2141/2726/2443
f 2257/2902/2608 2141/2726/2443 2138/2723/2440 2137/2722/2439
f 2258/2903/2609 2256/2901/2607 2259/2904/2610 2219/2850/2555
f 2258/2903/2609 2219/2850/2555 2218/2849/2554 2260/2905/2611
f 2258/2903/2609 2260/2905/2611 2142/2727/2444 2141/2726/2443
f 2260/2905/2611 2218/2849/2554 309/40/39 308/39/38
f 2260/2905/2611 308/39/38 2143/2728/2445 2142/2727/2444
f 2259/2904/2610 2256/2901/2607 2255/2900/2606 354/98/97
f 2259/2904/2610 354/98/97 353/97/96 2222/2853/2558
f 2259/2904/2610 2222/2853/2558 2220/2851/2556 2219/2850/2555
f 2255/2900/2606 2250/2891/2597 355/99/98 354/98/97
f 2253/2906/2612 2261/2907/2613 2262/2908/2614 2263/2909/2615
f 2253/2906/2612 2263/2909/2615 2249/2888/2594 2248/2887/2593
f 2253/2910/2612 2133/2716/2433 2131/2712/2429 2261/2911/2613
f 2263/2909/2615 2262/2908/2614 389/2912/140 2264/2913/2616
f 2263/2909/2615 2264/2913/2616 2265/2914/2617 2249/2888/2594
f 2265/2914/2617 2264/2913/2616 394/152/146 2266/2915/2618
f 2265/2914/2617 2266/2915/2618 2267/2916/2619 2245/2883/2589
f 2265/2914/2617 2245/2883/2589 2244/2882/2588 2249/2888/2594
f 2267/2916/2619 2266/2915/2618 2268/2917/2620 2269/2918/2621
f 2267/2916/2619 2269/2918/2621 2270/2919/2622 2240/2876/2584
f 2267/2916/2619 2240/2876/2584 2239/2875/2583 2245/2883/2589
f 2270/2919/2622 2269/2918/2621 2271/2920/2623 2272/2921/2624
f 2270/2919/2622 2272/2921/2624 2273/2922/2625 2236/2923/2579
f 2270/2919/2622 2236/2923/2579 2235/2877/2578 2240/2876/2584
f 2273/2924/2626 2272/2925/2627 2274/2926/2628 2275/2927/2629
f 2273/2924/2626 2275/2927/2629 2276/2928/2630 2233/2929/2631
f 2273/2930/2625 2233/2868/2574 2232/2867/2573 2236/2871/2579
f 2276/2928/2630 2275/2927/2629 2277/2931/2632 2278/2932/2633
f 2276/2928/2630 2278/2932/2633 387/2933/2634 386/2934/2635
f 2276/2928/2630 386/2934/2636 385/2935/2636 2233/2929/2631
f 2278/2932/2633 2277/2931/2632 2279/2936/2637 412/185/177
f 2278/2932/2633 412/185/177 411/184/176 387/2933/2634
f 2279/2936/2637 2280/2937/2638 2281/2938/2639 2282/2939/2640
f 2279/2936/2637 2282/2939/2640 407/186/178 412/185/177
f 2279/2936/2637 2277/2931/2632 2283/2940/2641 2280/2937/2638
f 2283/2940/2641 2284/2941/2642 2285/2942/2643 2280/2937/2638
f 2283/2940/2641 2277/2931/2632 2275/2927/2629 2274/2926/2628
f 2283/2940/2641 2274/2926/2628 2286/2943/2644 2284/2941/2642
f 2286/2943/2644 2287/2944/2645 2288/2945/2646 2284/2941/2642
f 2286/2943/2644 2274/2926/2628 2272/2925/2627 2271/2946/2647
f 2286/2943/2644 2271/2946/2647 2289/2947/2648 2287/2944/2645
f 2289/2947/2648 395/163/158 399/162/157 2287/2944/2645
f 2289/2948/2649 2271/2920/2623 2269/2918/2621 2268/2917/2620
f 2289/2948/2649 2268/2917/2620 393/151/145 395/155/148
f 2288/2945/2646 2290/2949/2650 2291/2950/2651 2292/2951/2652
f 2288/2945/2646 2292/2951/2652 2285/2942/2643 2284/2941/2642
f 2288/2945/2646 2287/2944/2645 399/162/157 2290/2949/2650
f 2292/2951/2652 2291/2950/2651 2293/2952/2653 2294/2953/2654
f 2292/2951/2652 2294/2953/2654 2295/2954/2655 2285/2942/2643
f 2295/2955/2656 2294/2956/2654 2296/2957/2657 2297/2958/2658
f 2295/2955/2656 2297/2958/2658 2298/2959/2659 2281/2960/2660
f 2295/2954/2655 2281/2938/2639 2280/2937/2638 2285/2942/2643
f 2298/2959/2659 2297/2958/2658 2299/2961/2661 2300/2962/2662
f 2298/2959/2659 2300/2962/2662 2301/2963/2663 2302/2964/2664
f 2298/2959/2659 2302/2964/2664 2282/2965/2665 2281/2960/2660
f 2302/2964/2664 2301/2963/2663 2303/2966/2666 408/177/170
f 2302/2964/2664 408/177/170 407/176/169 2282/2965/2665
f 2303/2967/2666 2301/2968/2663 2304/2969/2667 2305/2970/2668
f 2303/2967/2666 2305/2970/2668 2306/2971/2669 2307/2972/2670
f 2303/2966/2666 2307/2973/2670 409/178/171 408/177/170
f 2307/2972/2670 2306/2971/2669 2308/2974/2671 2309/2975/2672
f 2307/2976/2670 2309/2977/2672 410/181/2673 409/180/2673
f 2309/2978/2674 2308/2979/2671 419/260/188 380/2980/129
f 2309/2981/2674 380/131/129 379/130/128 410/2982/173
f 2308/2974/2671 2306/2971/2669 2310/2983/2675 2311/2984/2676
f 2308/2979/2671 2311/2985/2676 453/261/241 419/260/188
f 2311/2985/2676 2310/2986/2675 2312/2987/2677 2313/2988/2678
f 2311/2985/2676 2313/2988/2678 465/281/257 453/261/241
f 2313/2988/2678 2312/2987/2677 2314/2989/2679 2315/2990/2680
f 2313/2988/2678 2315/2990/2680 2316/2991/2681 465/281/257
f 2316/2991/2681 2315/2990/2680 2317/2992/2682 2318/2993/2683
f 2316/2991/2681 2318/2993/2683 2319/2994/2684 2320/2995/2685
f 2316/2991/2681 2320/2995/2685 454/263/243 465/281/257
f 2320/2995/2685 2319/2994/2684 2321/2996/2686 2322/2997/2687
f 2320/2995/2685 2322/2997/2687 441/238/228 454/263/243
f 2322/2997/2687 2321/2996/2686 2323/2998/2688 2324/2999/2689
f 2322/2997/2687 2324/2999/2689 442/239/229 441/238/228
f 2324/3000/2689 2323/3001/2688 2325/3002/2690 2326/3003/2691
f 2324/3000/2689 2326/3003/2691 443/241/230 442/240/229
f 2326/3004/2691 2325/3005/2690 2327/3006/2692 2328/3007/2693
f 2326/3004/2691 2328/3007/2693 2329/3008/2694 443/3009/230
f 2329/3008/2694 2328/3007/2693 2330/3010/2695 2331/3011/2696
f 2329/3008/2694 2331/3011/2696 2332/3012/2697 2333/3013/2698
f 2329/3008/2694 2333/3013/2698 420/3014/191 443/3009/230
f 2333/3013/2698 2332/3012/2697 2334/3015/2699 381/135/131
f 2333/3013/2698 381/135/131 25/134/130 420/3014/191
f 2334/3016/2700 2332/3017/2701 2335/3018/2702 2336/3019/2703
f 2334/3016/2700 2336/3019/2703 2337/3020/2704 2338/3021/2705
f 2334/3015/2699 2338/3022/2706 382/136/132 381/135/131
f 2338/3021/2705 2337/3020/2704 2339/3023/2707 2340/3024/2708
f 2338/3022/2706 2340/3025/2709 383/137/133 382/136/132
f 2340/3024/2708 2339/3023/2707 347/88/87 344/87/86
f 2340/3025/2709 344/82/81 343/81/80 383/137/133
f 2339/3023/2707 2337/3020/2704 2341/3026/2710 2342/3027/2711
f 2339/3023/2707 2342/3027/2711 2343/3028/2712 347/88/87
f 2343/3029/2712 2342/3030/2711 2344/3031/2713 2199/3032/2533
f 2343/3029/2712 2199/3032/2533 2198/3033/2532 2203/3034/2537
f 2343/3028/2712 2203/3035/2537 345/84/83 347/88/87
f 2344/3031/2713 2342/3030/2711 2341/3036/2710 324/55/55
f 2344/3031/2713 324/55/55 323/54/54 2195/3037/2714
f 2344/3031/2713 2195/3037/2714 2194/3038/2528 2199/3032/2533
f 2341/3026/2710 2337/3020/2704 2336/3019/2703 2345/3039/2715
f 2341/3036/2710 2345/3040/2715 321/52/52 324/55/55
f 2345/3039/2715 2336/3019/2703 2335/3018/2702 2346/3041/2716
f 2345/3040/2715 2346/3042/2716 322/53/53 321/52/52
f 2346/3041/2716 2335/3018/2702 2347/3043/2717 2348/3044/2718
f 2346/3042/2716 2348/3045/2718 9/75/75 322/53/53
f 2348/3045/2718 2347/3046/2717 2349/3047/2719 2350/3048/2720
f 2348/3045/2718 2350/3048/2720 341/79/78 9/75/75
f 2350/3049/2720 2349/3050/2719 2351/3051/2721 2352/3052/2722
f 2350/3049/2720 2352/3052/2722 359/106/104 341/105/78
f 2352/3052/2722 2351/3051/2721 2353/3053/2723 2354/3054/2724
f 2352/3052/2722 2354/3054/2724 360/107/105 359/106/104
f 2354/3054/2724 2353/3053/2723 2355/3055/2725 2356/3056/2726
f 2354/3054/2724 2356/3056/2726 2357/3057/2727 360/107/105
f 2357/3057/2727 2356/3056/2726 418/3058/187 417/3059/186
f 2357/3057/2727 417/3059/186 2358/3060/2728 2359/3061/2729
f 2357/3057/2727 2359/3061/2729 361/108/106 360/107/105
f 2359/3061/2729 2358/3060/2728 2360/3062/2730 2361/3063/2731
f 2359/3064/2729 2361/3065/2731 363/3066/2732 361/3067/106
f 2361/3068/2731 2360/3069/2730 2362/3070/2733 2363/3071/2734
f 2361/3063/2731 2363/3072/2734 2364/3073/2735 363/111/2732
f 2364/3073/2735 2363/3072/2734 2365/3074/2736 455/3075/245
f 2364/3073/2735 455/3075/245 33/3076/2737 2366/3077/2738
f 2364/3073/2735 2366/3077/2738 364/112/109 363/111/108
f 2366/3077/2738 33/3076/2737 457/3078/2739 2367/3079/2740
f 2366/3077/2738 2367/3079/2740 365/113/110 364/112/109
f 2367/3079/2740 457/3078/2739 35/277/2741 2368/3080/2742
f 2367/3079/2740 2368/3080/2742 2369/3081/2743 365/113/110
f 2369/3081/2743 2370/3082/2744 362/109/111 365/113/110
f 2369/3081/2743 2368/3080/2742 2371/3083/2745 2372/3084/2746
f 2369/3081/2743 2372/3084/2746 2373/3085/2747 2370/3082/2744
f 2373/3086/2748 2374/3087/2749 327/59/59 2370/3088/2750
f 2373/3086/2747 2372/3089/2746 2375/3090/2751 2376/3091/2751
f 2373/3086/2752 2376/3091/2752 2377/3092/2752 2374/3087/2752
f 2377/3093/2753 300/26/25 299/25/24 2378/3094/2754
f 2377/3093/2753 2378/3094/2754 2379/3095/2755 2374/3096/2756
f 2377/3093/2753 2376/3097/2757 352/94/93 300/26/25
f 2379/3095/2755 2378/3094/2754 306/34/33 305/33/32
f 2379/3098/2758 305/3099/36 307/2817/35 328/62/62
f 2379/3098/2758 328/62/62 327/59/59 2374/3087/2749
f 2378/3094/2754 299/25/24 301/27/26 306/34/33
f 2376/3097/2757 2375/3100/2759 348/90/89 352/94/93
f 2375/3101/2760 2372/3084/2760 2371/3083/2760 2380/3102/2760
f 2375/3100/2759 2380/3103/2761 349/91/90 348/90/89
f 2380/3103/2761 2371/3104/2762 462/274/252 2381/3105/2763
f 2380/3103/2761 2381/3105/2763 2382/3106/2764 349/91/90
f 2382/3106/2764 2381/3105/2763 2383/3107/2765 2384/3108/2766
f 2382/3106/2764 2384/3108/2766 2385/3109/2767 400/164/159
f 2382/3106/2764 400/164/159 350/92/91 349/91/90
f 2384/3108/2768 2383/3107/2769 2386/3110/2769 2387/3111/2770
f 2386/3112/2771 2388/3113/2772 2389/3114/2773 2387/3115/2774
f 2386/3116/2775 2383/3117/2775 461/3118/2775 526/3119/2775
f 2386/3112/2771 526/354/329 2390/3120/2776 2388/3113/2772
f 2390/3121/2776 2391/3122/2777 2392/3123/2778 2388/3124/2772
f 2390/3120/2776 526/354/329 464/353/328 517/3125/2779
f 2390/3121/2776 517/3126/2779 2393/3127/2780 2391/3122/2777
f 2393/3128/2780 2394/3129/2781 2395/3130/2782 2391/3131/2777
f 2393/3127/2783 517/3126/317 516/3132/316 2396/3133/2784
f 2393/3134/2783 2396/3135/2784 2365/3074/2736 2394/3136/2781
f 2396/3135/2784 516/342/316 463/278/255 456/3137/246
f 2396/3135/2784 456/3137/246 455/3075/245 2365/3074/2736
f 2395/3130/2782 2397/3138/2785 2398/3139/2786 2399/3140/2787
f 2395/3130/2782 2399/3140/2787 2392/3141/2778 2391/3131/2777
f 2395/3130/2782 2394/3129/2781 2362/3070/2733 2397/3138/2785
f 2399/3140/2787 2398/3139/2786 2400/3142/2788 2401/3143/2789
f 2399/3140/2787 2401/3143/2789 2402/3144/2790 2392/3141/2778
f 2402/3144/2790 2401/3143/2789 2403/3145/2791 2404/3146/2792
f 2402/3147/2790 2404/3148/2792 2405/3149/2793 2389/3150/2773
f 2402/3147/2790 2389/3150/2773 2388/3124/2772 2392/3123/2778
f 2405/3151/2793 2404/3146/2792 2406/3152/2794 2407/3153/2795
f 2405/3154/2793 2407/3155/2795 53/3156/2796 2408/3157/2797
f 2405/3158/2793 2408/3159/2797 2387/3115/2774 2389/3114/2773
f 2407/3160/2798 2406/3161/2799 2409/3162/2800 2410/3163/2801
f 2407/3160/2802 2410/3163/2802 562/3164/2802 53/3165/2802
f 2410/3163/2801 2409/3162/2800 2411/3166/2803 2412/3167/2804
f 2410/3163/2801 2412/3167/2804 584/3168/454 562/3164/2805
f 2412/3167/2804 2411/3166/2803 2413/3169/2806 2414/3170/2807
f 2412/3167/2804 2414/3170/2807 619/3171/450 584/3168/454
f 2414/3170/2807 2413/3169/2806 2415/3172/2808 2416/3173/2809
f 2414/3174/2807 2416/3175/2809 620/496/451 619/495/450
f 2416/3176/2809 2415/3177/2808 2417/3178/2810 2418/3179/2811
f 2416/3173/2809 2418/3180/2811 2419/3181/2812 620/3182/451
f 2419/3181/2813 2418/3180/2811 2420/3183/2814 626/3184/2813
f 2419/3185/2815 626/504/2815 625/503/2815 2421/3186/2815
f 2419/3187/2816 2421/3188/2816 621/3189/2816 620/3190/2816
f 2421/3186/2817 625/503/458 2422/3191/2818 2423/3192/2819
f 2421/3186/2817 2423/3192/2819 2424/3193/2820 621/3194/2821
f 2424/3193/2820 2423/3192/2819 2425/3195/2822 2426/3196/2823
f 2424/3197/2824 2426/3198/2825 2427/3199/2826 2428/3200/2827
f 2424/3197/2828 2428/3200/2828 622/3201/2828 621/3202/2828
f 2428/3200/2827 2427/3199/2826 2429/3203/2829 2430/3204/2830
f 2428/3200/2827 2430/3204/2830 2431/3205/2831 622/3201/2832
f 2431/3205/2831 563/414/380 583/435/2833 622/3201/2832
f 2431/3205/2831 2430/3204/2830 2432/3206/2834 2433/3207/2835
f 2431/3205/2831 2433/3207/2835 564/415/381 563/414/380
f 2433/3207/2835 2432/3206/2834 2434/3208/2836 2435/3209/2837
f 2433/3207/2835 2435/3209/2837 2436/3210/2838 564/415/381
f 2436/3210/2838 2437/3211/2839 53/412/378 564/415/381
f 2436/3210/2838 2435/3209/2837 2438/3212/2840 2439/3213/2841
f 2436/3210/2838 2439/3213/2841 2440/3214/2842 2437/3211/2839
f 2440/3214/2842 569/419/385 2441/3215/2839 2437/3211/2839
f 2440/3214/2842 2439/3213/2841 2442/3216/2843 2443/3217/2844
f 2440/3214/2842 2443/3217/2844 54/416/382 569/419/385
f 2443/3217/2844 2442/3216/2843 869/865/769 675/583/522
f 2443/3217/2844 675/583/522 570/420/386 54/416/382
f 2442/3216/2843 2439/3213/2841 2438/3212/2840 2444/3218/2845
f 2442/3216/2843 2444/3218/2845 2445/3219/2846 869/865/769
f 2445/3219/2846 2444/3218/2845 2446/3220/2847 2447/3221/2848
f 2445/3219/2846 2447/3221/2848 2448/3222/2849 2449/3223/2850
f 2445/3219/2846 2449/3223/2850 870/863/767 869/865/769
f 2449/3223/2850 2448/3222/2849 2450/3224/2851 2451/3225/2852
f 2449/3223/2850 2451/3225/2852 871/3226/2853 870/863/767
f 2451/3225/2852 2450/3224/2851 2452/3227/2854 2453/3228/2855
f 2451/3225/2852 2453/3228/2855 2454/3229/2856 871/3226/2853
f 2454/3230/2857 2455/3231/2858 872/869/772 871/868/2859
f 2454/3232/2857 2453/3233/2860 2456/3234/2860 2457/3235/2861
f 2454/3230/2857 2457/3236/2861 2458/3237/2862 2455/3231/2858
f 2458/3238/2862 2459/3239/2863 2460/3240/2864 2455/3241/2858
f 2458/3238/2862 2457/3242/2861 2461/3243/2865 2462/3244/2866
f 2458/3238/2862 2462/3244/2866 2463/3245/2867 2459/3239/2863
f 2463/3245/2867 816/794/703 815/793/702 2459/3239/2863
f 2463/3245/2867 2462/3244/2866 2464/3246/2868 2465/3247/2869
f 2463/3245/2867 2465/3247/2869 817/795/704 816/794/703
f 2465/3247/2869 2464/3246/2868 2466/3248/2870 2467/3249/2871
f 2465/3250/2872 2467/3251/2873 2468/3252/2874 817/3253/2875
f 2468/3252/2874 2469/3254/2876 811/3255/698 817/3253/2875
f 2468/3252/2874 2467/3251/2873 2470/3256/2877 2471/3257/2878
f 2468/3252/2874 2471/3257/2878 2472/3258/2879 2469/3254/2876
f 2472/3259/2879 1047/3260/1016 2473/3261/2880 2469/3262/2876
f 2472/3259/2879 2471/3263/2878 2474/3264/2881 2475/3265/2882
f 2472/3259/2879 2475/3265/2882 139/3266/1011 1047/3260/1016
f 2475/3267/2883 2474/3268/2881 2476/3269/2884 2477/3270/2885
f 2475/3267/2883 2477/3270/2885 1013/1128/969 139/1127/1011
f 2477/3270/2885 2476/3269/2884 2478/3271/2886 2479/3272/2887
f 2477/3270/2885 2479/3272/2887 1014/3273/970 1013/1128/969
f 2479/3274/2887 2478/3275/2886 2480/3276/2888 2481/3277/2889
f 2479/3272/2887 2481/3278/2889 1017/3279/973 1014/3273/970
f 2481/3277/2889 2480/3276/2888 2482/3280/2890 2483/3281/2891
f 2481/3278/2889 2483/3282/2891 2484/3283/2892 1017/3279/973
f 2484/3284/2892 2485/3285/2893 1015/1083/971 1017/1085/973
f 2484/3283/2892 2483/3282/2891 2486/3286/2894 2487/3287/2895
f 2484/3284/2892 2487/3288/2895 2488/3289/2896 2485/3285/2893
f 2488/3289/2896 2489/3290/2897 2490/3291/2898 2485/3285/2893
f 2488/3292/2899 2487/3293/2895 2491/3294/2900 2492/3295/2901
f 2488/3292/2899 2492/3295/2901 2493/3296/2902 2489/3297/2903
f 2493/3296/2902 2494/3298/2904 2495/3299/2905 2489/3297/2903
f 2493/3296/2902 2492/3295/2906 2496/3300/2907 2497/3301/2908
f 2493/3296/2902 2497/3301/2908 2498/3302/2909 2494/3298/2904
f 2498/3302/2909 2499/3303/2910 2500/3304/2911 2494/3298/2904
f 2498/3302/2909 2497/3301/2908 2501/3305/2912 2502/3306/2913
f 2498/3302/2909 2502/3306/2913 2503/3307/2914 2499/3303/2910
f 2503/3307/2914 2504/3308/2915 2505/3309/2916 2499/3303/2910
f 2503/3307/2914 2502/3306/2913 2506/3310/2917 2507/3311/2918
f 2503/3307/2914 2507/3311/2918 2508/3312/2919 2504/3308/2915
f 2508/3312/2919 2509/3313/2920 2510/3314/2921 2504/3308/2915
f 2508/3315/2922 2507/3316/2918 2511/3317/2923 2512/3318/2924
f 2508/3315/2922 2512/3318/2924 2513/3319/2925 2509/3320/2926
f 2513/3319/2925 2514/3321/2927 2515/3322/2928 2509/3320/2926
f 2513/3319/2925 2512/3318/2924 2516/3323/2929 2517/3324/2930
f 2513/3319/2925 2517/3324/2930 2518/3325/2931 2514/3321/2927
f 2518/3325/2931 2519/3326/2932 2520/3327/2933 2514/3321/2927
f 2518/3328/2934 2517/3329/2930 2521/3330/2935 2522/3331/2936
f 2518/3328/2934 2522/3331/2936 2523/3332/2937 2519/3333/2938
f 2523/3332/2937 2524/3334/2939 2525/3335/2940 2519/3333/2938
f 2523/3332/2937 2522/3331/2936 935/963/857 934/962/856
f 2523/3332/2937 934/962/856 933/961/855 2524/3334/2939
f 2525/3335/2940 1003/1068/956 1002/1067/955 2526/3336/2941
f 2525/3335/2940 2526/3336/2941 2520/3337/2933 2519/3333/2932
f 2525/3335/2940 2524/3334/2939 1004/3338/2942 1003/1068/956
f 2526/3339/2943 1002/3340/2944 2527/3341/2945 2528/3342/2946
f 2526/3339/2943 2528/3342/2946 2529/3343/2947 2520/3327/2948
f 2529/3343/2947 2528/3342/2946 2530/3344/2949 2531/3345/2950
f 2529/3343/2947 2531/3345/2950 2532/3346/2951 2515/3322/2928
f 2529/3343/2947 2515/3322/2928 2514/3321/2927 2520/3327/2948
f 2532/3347/2952 2531/3348/2953 2533/3349/2954 2534/3350/2955
f 2532/3347/2952 2534/3350/2955 2535/3351/2956 2510/3314/2921
f 2532/3346/2951 2510/3352/2957 2509/3320/2926 2515/3322/2928
f 2535/3351/2956 2534/3350/2955 2536/3353/2958 2537/3354/2959
f 2535/3351/2956 2537/3354/2959 2538/3355/2960 2505/3309/2916
f 2535/3351/2956 2505/3309/2916 2504/3308/2915 2510/3314/2921
f 2538/3355/2960 2537/3354/2959 2539/3356/2961 2540/3357/2962
f 2538/3355/2960 2540/3357/2962 2541/3358/2963 2500/3304/2911
f 2538/3355/2960 2500/3304/2911 2499/3303/2910 2505/3309/2916
f 2541/3358/2964 2540/3357/2962 2542/3359/2965 2543/3360/2964
f 2541/3361/2966 2543/3362/2967 2544/3363/2968 2495/3364/2969
f 2541/3358/2963 2495/3299/2905 2494/3298/2904 2500/3304/2911
f 2544/3363/2968 2543/3362/2967 2545/3365/2970 2546/3366/2971
f 2544/3363/2968 2546/3366/2971 1016/3367/2972 2490/3368/2973
f 2544/3363/2968 2490/3368/2973 2489/3369/2974 2495/3364/2969
f 2546/3366/2971 2545/3365/2970 1044/1131/1013 1043/1130/1012
f 2546/3366/2971 1043/1130/1012 1012/1129/968 1016/3367/2972
f 2545/3365/2970 2547/3370/2975 2548/3371/2976 1044/1131/1013
f 2545/3365/2970 2543/3362/2967 2542/3372/2977 2547/3370/2975
f 2548/3373/2976 2549/3374/2978 2550/3375/2979 2551/3376/2980
f 2548/3371/2976 2551/3377/2980 1045/1132/1014 1044/1131/1013
f 2548/3371/2976 2547/3370/2975 2552/3378/2981 2549/3379/2978
f 2552/3380/2981 2553/3381/2982 2554/3382/2983 2549/3374/2978
f 2552/3378/2981 2547/3370/2975 2542/3372/2977 2555/3383/2984
f 2552/3380/2981 2555/3384/2984 2556/3385/2985 2553/3381/2982
f 2556/3385/2985 2557/3386/2986 2558/3387/2987 2553/3381/2982
f 2556/3385/2985 2555/3384/2984 2539/3356/2961 2559/3388/2988
f 2556/3385/2985 2559/3388/2988 2560/3389/2989 2557/3386/2986
f 2560/3389/2989 2561/3390/2990 2562/3391/2991 2557/3386/2986
f 2560/3389/2989 2559/3388/2988 2536/3353/2958 2563/3392/2992
f 2560/3389/2989 2563/3392/2992 2564/3393/2993 2561/3390/2990
f 2564/3393/2993 2565/3394/2994 2566/3395/2995 2561/3390/2990
f 2564/3393/2993 2563/3392/2992 2533/3349/2954 2567/3396/2996
f 2564/3393/2993 2567/3396/2996 2568/3397/2997 2565/3394/2994
f 2568/3397/2997 2569/3398/2998 2570/3399/2999 2565/3394/2994
f 2568/3397/2997 2567/3396/2996 2530/3400/3000 2571/3401/3001
f 2568/3397/2997 2571/3401/3001 2572/3402/3002 2569/3398/2998
f 2572/3402/3002 2573/3403/3003 2574/3404/3004 2569/3398/2998
f 2572/3405/3005 2571/3406/3006 2527/3341/2945 2575/3407/3007
f 2572/3405/3005 2575/3407/3007 2576/3408/3008 2573/3409/3003
f 2576/3410/3008 2577/3411/3009 2578/3412/3010 2573/3413/3003
f 2576/3410/3008 2575/3414/3007 999/3415/3011 998/3416/951
f 2576/3410/3008 998/3416/951 2579/3417/3012 2577/3411/3009
f 2579/3417/3012 2580/3418/3013 2581/3419/3014 2577/3411/3009
f 2579/3420/3012 998/1061/951 997/1060/950 2582/3421/3015
f 2579/3420/3012 2582/3421/3015 2583/3422/3016 2580/3423/3013
f 2583/3424/3016 2584/3425/3017 2585/3426/3018 2580/3418/3013
f 2583/3424/3016 2582/3427/3015 2586/3428/3019 2587/3429/3020
f 2583/3424/3016 2587/3429/3020 2588/3430/3021 2584/3425/3017
f 2588/3430/3021 2589/3431/3022 2590/3432/3023 2584/3425/3017
f 2588/3430/3021 2587/3429/3020 2591/3433/3024 930/958/852
f 2588/3430/3021 930/958/852 927/955/849 2589/3431/3022
f 2591/3433/3024 2587/3429/3020 2586/3428/3019 819/798/707
f 2591/3433/3024 819/798/707 818/797/706 2592/3434/3025
f 2591/3433/3024 2592/3434/3025 928/956/850 930/958/852
f 2592/3434/3025 818/797/706 825/807/716 2593/3435/3026
f 2592/3434/3025 2593/3435/3026 929/957/851 928/956/850
f 2593/3435/3026 825/807/716 2594/3436/3027 2595/3437/3028
f 2593/3435/3026 2595/3437/3028 2596/3438/3029 929/957/851
f 2596/3438/3029 2597/3439/3030 925/953/847 929/957/851
f 2596/3438/3029 2595/3437/3028 2598/3440/3031 2599/3441/3032
f 2596/3438/3029 2599/3441/3032 2600/3442/3033 2597/3439/3030
f 2600/3442/3033 2601/3443/3034 2602/3444/3035 2597/3439/3030
f 2600/3442/3033 2599/3441/3032 2603/3445/3036 2604/3446/3037
f 2600/3442/3033 2604/3446/3037 2605/3447/3038 2601/3443/3034
f 2605/3447/3038 2606/3448/3039 2607/3449/3040 2601/3443/3034
f 2605/3450/3038 2604/3451/3037 2608/3452/3041 2609/3453/3042
f 2605/3450/3038 2609/3453/3042 2610/3454/3043 2606/3455/3039
f 2610/3456/3043 981/3457/926 2611/3458/3044 2606/3448/3039
f 2610/3454/3043 2609/3453/3042 2612/3459/3045 2613/3460/3046
f 2610/3454/3043 2613/3460/3046 979/1035/927 981/1034/926
f 2613/3461/3047 2612/3462/3048 2614/3463/3049 2615/3464/3050
f 2613/3460/3047 2615/3465/3050 980/3466/922 979/1035/921
f 2615/3467/3050 2614/3468/3049 2616/3469/3051 2617/3470/3052
f 2615/3467/3050 2617/3470/3052 2618/3471/3053 980/1032/922
f 2618/3471/3053 2619/3472/3054 976/1033/923 980/1032/922
f 2618/3471/3053 2617/3470/3052 965/1010/904 964/1009/903
f 2618/3471/3053 964/1009/903 967/1013/906 2619/3472/3054
f 2619/3472/3054 967/1013/906 994/1055/943 993/1054/942
f 2619/3472/3054 993/1054/942 977/3473/3055 976/1033/923
f 2617/3470/3052 2616/3469/3051 2620/3474/3056 965/1010/904
f 2620/3474/3056 2616/3469/3051 2621/3475/3057 2622/3476/3058
f 2620/3474/3056 2622/3476/3058 2623/3477/3059 2624/3478/3060
f 2620/3474/3056 2624/3478/3060 962/1011/900 965/1010/904
f 2624/3478/3060 2623/3477/3059 2625/3479/3061 2626/3480/3062
f 2624/3481/3060 2626/3482/3062 963/1007/901 962/1006/900
f 2626/3483/3063 2627/3484/3064 2628/3485/3065 963/3486/901
f 2626/3483/3063 2625/3487/3061 2629/3488/3066 2627/3484/3064
f 2629/3488/3066 2630/3489/3067 2631/3490/3068 2627/3484/3064
f 2629/3488/3066 2625/3487/3061 707/628/565 706/627/564
f 2629/3488/3066 706/627/567 708/3491/566 2630/3489/3067
f 2631/3492/3069 2632/3493/3070 2633/3494/3071 2634/3495/3072
f 2631/3490/3069 2634/3496/3072 2628/3485/3065 2627/3484/3064
f 2631/3490/3068 2630/3489/3067 2635/3497/3073 2632/3498/3074
f 2635/3497/3073 2636/3499/3075 2637/3500/3076 2632/3498/3074
f 2635/3497/3073 2630/3489/3067 708/3491/566 2638/3501/3077
f 2635/3497/3073 2638/3501/3077 2639/3502/3078 2636/3499/3075
f 2639/3502/3078 2640/3503/3079 2641/3504/3080 2636/3499/3075
f 2639/3502/3078 2638/3501/3077 2642/3505/3081 2643/3506/3082
f 2639/3502/3078 2643/3506/3082 2644/3507/3083 2640/3503/3079
f 2644/3507/3083 2645/3508/3084 2646/3509/3085 2640/3503/3079
f 2644/3507/3083 2643/3506/3082 2647/3510/3086 2648/3511/3087
f 2644/3507/3083 2648/3511/3088 2649/3512/3089 2645/3508/3084
f 2649/3512/3089 2650/3513/3090 2651/3514/3091 2645/3508/3084
f 2649/3512/3089 2648/3511/3088 714/639/574 79/633/568
f 2649/3512/3089 79/633/568 713/638/573 2650/3513/3090
f 2651/3514/3091 2652/3515/3092 2653/3516/3093 2654/3517/3094
f 2651/3514/3091 2654/3517/3094 2646/3509/3085 2645/3508/3084
f 2651/3514/3091 2650/3513/3090 2655/3518/3095 2652/3515/3092
f 2655/3518/3095 2656/3519/3096 2657/3520/3097 2652/3515/3092
f 2655/3518/3095 2650/3513/3090 713/638/573 2658/3521/3098
f 2655/3518/3095 2658/3521/3098 2659/3522/3099 2656/3519/3096
f 2659/3523/3100 2660/3524/3101 2661/3525/3102 2656/3526/3103
f 2659/3527/3099 2658/3528/3098 2662/3117/3104 2663/3529/3105
f 2659/3523/3100 2663/3530/3105 2664/3531/3106 2660/3524/3101
f 2664/3531/3106 2665/3532/3107 2666/3533/3108 2660/3524/3101
f 2664/3531/3106 2663/3530/3105 2667/3534/3109 2668/3535/3110
f 2664/3531/3106 2668/3535/3110 2669/3536/3111 2665/3532/3107
f 2669/3537/3111 2670/3538/3112 2671/3539/3113 2665/3540/3114
f 2669/3536/3111 2668/3535/3110 2672/3541/3115 2673/3542/3116
f 2669/3536/3111 2673/3542/3116 2674/3543/3117 2670/3544/3112
f 2674/3545/3118 2675/3546/3119 952/994/884 2670/3538/3112
f 2674/3543/3117 2673/3542/3116 2676/3547/3120 2677/3548/3121
f 2674/3545/3118 2677/3549/3121 2678/3550/3122 2675/3546/3119
f 2678/3550/3122 2679/3551/3123 2680/3552/3124 2675/3546/3119
f 2678/3550/3122 2677/3549/3121 2681/3553/3125 2682/3554/3126
f 2678/3550/3122 2682/3554/3127 2683/3555/3128 2679/3551/3123
f 2683/3555/3128 2684/3556/3129 2685/3557/3130 2679/3551/3123
f 2683/3555/3128 2682/3554/3127 2686/3558/3131 2687/3559/3132
f 2683/3555/3128 2687/3559/3132 2688/3560/3133 2684/3556/3129
f 2688/3560/3133 2689/3561/3134 2690/3562/3135 2684/3556/3129
f 2688/3560/3133 2687/3559/3132 2691/3563/3136 2692/3564/3137
f 2688/3560/3133 2692/3564/3137 2693/3565/3138 2689/3561/3134
f 2693/3565/3138 2694/3566/3139 2695/3567/3140 2689/3561/3134
f 2693/3565/3138 2692/3564/3137 2696/3568/3141 2697/3569/3142
f 2693/3565/3138 2697/3569/3142 2698/3570/3143 2694/3566/3139
f 2698/3570/3143 2699/3571/3144 2700/3572/3145 2694/3566/3139
f 2698/3570/3143 2697/3569/3142 2701/3573/3146 2702/3574/3147
f 2698/3570/3143 2702/3574/3147 2703/3575/3148 2699/3571/3144
f 2703/3575/3148 1066/1159/1042 2704/3576/3149 2699/3571/3144
f 2703/3575/3148 2702/3574/3147 2705/3577/3150 2706/3578/3151
f 2703/3575/3148 2706/3578/3151 1067/1160/1043 1066/1159/1042
f 2706/3579/3152 2705/3580/3153 2707/3581/3154 2708/3582/3155
f 2706/3579/3152 2708/3582/3155 2709/3583/3156 1067/3584/3157
f 2709/3583/3156 2710/3585/3158 1064/3586/3159 1067/3584/3160
f 2709/3583/3156 2708/3582/3155 2711/3587/3161 2712/3588/3162
f 2709/3589/3156 2712/3590/3162 2713/3591/3163 2710/3592/3158
f 2713/3593/3163 2714/3594/3164 2715/3595/3165 2710/3585/3158
f 2713/3591/3163 2712/3590/3162 2716/3596/3166 2717/3597/3167
f 2713/3591/3163 2717/3597/3167 2718/3598/3168 2714/3599/3164
f 2718/3600/3168 2719/3601/3169 2720/3602/3170 2714/3594/3164
f 2718/3598/3168 2717/3597/3167 2721/3603/3171 2722/3604/3172
f 2718/3598/3168 2722/3604/3172 2723/3605/3173 2719/3606/3169
f 2723/3605/3173 2724/3607/3174 2725/3608/3175 2719/3606/3169
f 2723/3605/3173 2722/3604/3172 2726/3609/3176 2727/3610/3177
f 2723/3605/3173 2727/3610/3177 2728/3611/3178 2724/3607/3174
f 2728/3611/3178 2729/3612/3179 2730/3613/3180 2724/3607/3174
f 2728/3611/3178 2727/3610/3177 2731/3614/3181 2732/3615/3182
f 2728/3611/3178 2732/3615/3182 2733/3616/3183 2729/3612/3179
f 2733/3617/3183 2734/3618/3184 2735/3619/3185 2729/3620/3179
f 2733/3621/3183 2732/3622/3182 2736/3623/3186 2737/3624/3187
f 2733/3617/3183 2737/3625/3187 2738/3626/3188 2734/3618/3184
f 2738/3627/3188 2739/3628/3189 2740/3629/3190 2734/3630/3184
f 2738/3626/3188 2737/3625/3187 2741/3631/3191 2742/3632/3192
f 2738/3627/3188 2742/3633/3192 2743/3634/3193 2739/3628/3189
f 2743/3635/3193 2744/3636/3194 2745/3637/3195 2739/3638/3189
f 2743/3639/3193 2742/3640/3192 2746/3641/3196 2747/3642/3197
f 2743/3635/3193 2747/3643/3197 2748/3644/3198 2744/3636/3194
f 2748/3644/3198 2749/3645/3199 2750/3646/3200 2744/3636/3194
f 2748/3644/3198 2747/3643/3197 2751/3647/3201 2752/3648/3202
f 2748/3644/3198 2752/3648/3202 2753/3649/3203 2749/3645/3199
f 2753/3649/3203 1034/1109/995 2754/3650/3204 2749/3645/3199
f 2753/3649/3203 2752/3648/3202 2755/3651/3205 2756/3652/3206
f 2753/3649/3203 2756/3652/3206 1035/1110/996 1034/1109/995
f 2756/3653/3206 2755/3654/3205 2757/3655/3207 2758/3656/3208
f 2756/3653/3206 2758/3656/3208 1036/1113/999 1035/1112/998
f 2758/3656/3208 2757/3655/3207 2759/3657/3209 2760/3658/3210
f 2758/3656/3208 2760/3658/3210 2761/3659/3211 1036/1113/999
f 2761/3659/3211 2762/3660/3212 1031/1114/1000 1036/1113/999
f 2761/3659/3211 2760/3658/3210 2763/3661/3213 2764/3662/3214
f 2761/3659/3211 2764/3662/3214 2765/3663/3215 2762/3660/3212
f 2765/3664/3216 1025/1094/982 2766/3665/3217 2762/3666/3218
f 2765/3663/3215 2764/3662/3214 2767/3667/3219 2768/3668/3220
f 2765/3664/3216 2768/3669/3221 1023/1092/980 1025/1094/982
f 2768/3668/3220 2767/3667/3219 2769/3670/3222 2770/3671/3223
f 2768/3668/3224 2770/3671/3223 1024/3672/3225 1023/3673/3224
f 2770/3671/3223 2769/3670/3222 2771/3674/3226 731/3675/592
f 2770/3671/3223 731/3675/592 730/3676/591 1024/3672/3225
f 2771/3674/3226 2769/3670/3222 2772/3677/3227 2773/3678/3228
f 2771/3674/3226 2773/3678/3228 2774/3679/3229 2775/3680/3230
f 2771/3681/3226 2775/3682/3231 726/659/593 731/658/592
f 2775/3683/3232 2774/3684/3233 2776/3685/3234 2777/3686/3235
f 2775/3683/3232 2777/3686/3235 727/654/589 726/653/588
f 2777/3686/3235 2776/3685/3234 2778/3687/3236 2779/3688/3237
f 2777/3686/3238 2779/3688/3239 2780/3689/3240 727/654/3241
f 2779/3688/3237 2778/3687/3236 2781/3690/3242 2782/3691/3243
f 2779/3692/3239 2782/3693/3244 2783/3694/3245 2780/3695/3240
f 2783/3696/3245 2784/3697/3246 2785/3698/3247 2786/3699/3248
f 2783/3694/3245 2786/3700/3249 2787/3701/3250 2780/3695/3240
f 2783/3702/3245 2782/3691/3244 2788/3703/3251 2784/3704/3246
f 2788/3703/3251 2782/3691/3243 2781/3690/3242 2789/3705/3252
f 2788/3703/3251 2789/3705/3252 877/881/780 955/998/889
f 2788/3703/3251 955/998/889 2790/3706/3253 2784/3704/3246
f 2790/3706/3253 2791/3707/3254 2792/3708/3255 2793/3709/3256
f 2790/3710/3253 2793/3711/3256 2785/3712/3257 2784/3713/3246
f 2790/3706/3253 955/998/889 954/997/3258 2791/3707/3254
f 2793/3709/3256 2792/3708/3255 2794/3714/3259 2795/3715/3260
f 2793/3711/3256 2795/3716/3260 2796/3717/3261 2785/3712/3257
f 2796/3717/3261 2795/3716/3260 2797/3718/3262 2798/3719/3263
f 2796/3720/3264 2798/3721/3263 2799/3722/3265 2800/3723/3266
f 2796/3720/3264 2800/3723/3266 2786/3699/3248 2785/3698/3247
f 2800/3724/3267 2799/3725/3265 2801/3726/3268 2802/3727/3269
f 2800/3724/3267 2802/3727/3269 2787/3701/3250 2786/3700/3249
f 2802/3727/3269 2801/3726/3268 1018/1087/975 1022/1091/979
f 2802/3727/3269 1022/1091/979 2803/3728/3270 2787/3701/3250
f 2801/3729/3268 2799/3722/3265 2804/3730/3271 2805/3731/3272
f 2801/3726/3268 2805/3732/3273 1019/1088/976 1018/1087/975
f 2805/3731/3272 2804/3730/3271 2806/3733/3274 2807/3734/3275
f 2805/3732/3273 2807/3735/3276 2808/3736/3277 1019/1088/976
f 2808/3736/3277 2807/3735/3276 2809/3737/3278 2810/3738/3279
f 2808/3736/3277 2810/3738/3279 2811/3739/3280 2812/3740/3281
f 2808/3736/3277 2812/3740/3281 1020/1089/977 1019/1088/976
f 2812/3740/3281 2811/3739/3280 1032/1105/991 2766/3665/3217
f 2812/3740/3281 2766/3665/3217 1025/1094/982 1020/1089/977
f 2811/3739/3280 2810/3738/3279 2813/3741/3282 2814/3742/3283
f 2811/3739/3280 2814/3742/3283 1033/1106/992 1032/1105/991
f 2814/3742/3284 2813/3741/3285 2815/3743/3286 2754/3744/3204
f 2814/3745/3284 2754/3650/3204 1034/1109/995 1033/1108/994
f 2815/3743/3286 2813/3741/3285 2816/3746/3287 2817/3747/3288
f 2815/3748/3286 2817/3749/3288 2818/3750/3289 2750/3646/3200
f 2815/3748/3286 2750/3646/3200 2749/3645/3199 2754/3650/3204
f 2818/3750/3289 2817/3749/3288 2819/3751/3290 2820/3752/3291
f 2818/3750/3289 2820/3752/3291 2821/3753/3292 2745/3637/3195
f 2818/3750/3289 2745/3637/3195 2744/3636/3194 2750/3646/3200
f 2821/3753/3292 2820/3752/3291 2822/3754/3293 2823/3755/3294
f 2821/3756/3292 2823/2390/3294 2824/3757/3295 2740/3758/3190
f 2821/3753/3292 2740/3759/3190 2739/3638/3189 2745/3637/3195
f 2824/3760/3295 2823/3755/3294 2825/3761/3296 2826/3762/3297
f 2824/3760/3295 2826/3762/3297 2827/3763/3298 2735/3619/3185
f 2824/3757/3295 2735/3764/3185 2734/3765/3184 2740/3758/3190
f 2827/3763/3298 2826/3762/3297 2828/3766/3299 2829/3767/3300
f 2827/3763/3298 2829/3767/3300 2830/3768/3301 2730/3769/3180
f 2827/3763/3298 2730/3769/3180 2729/3620/3179 2735/3619/3185
f 2830/3770/3301 2829/3771/3300 2831/3772/3302 2832/3773/3303
f 2830/3770/3301 2832/3773/3303 2833/3774/3304 2725/3775/3175
f 2830/3776/3301 2725/3608/3175 2724/3607/3174 2730/3613/3180
f 2833/3777/3305 2832/3778/3303 2834/3779/3306 2835/3780/3307
f 2833/3777/3305 2835/3780/3307 2836/3781/3308 2720/3782/3170
f 2833/3774/3304 2720/3783/3309 2719/3784/3169 2725/3775/3175
f 2836/3781/3308 2835/3780/3307 2837/3785/3310 2838/3786/3311
f 2836/3787/3308 2838/3788/3311 1065/3789/1040 2715/3595/3165
f 2836/3787/3308 2715/3595/3165 2714/3594/3164 2720/3602/3170
f 2838/3786/3311 2837/3785/3310 2839/3790/3312 2840/3791/3313
f 2838/3788/3311 2840/3792/3313 1061/3793/1041 1065/3789/1040
f 2840/3794/3314 2839/3795/3312 2841/3796/3315 2842/3797/3316
f 2840/3794/3314 2842/3797/3316 1062/1155/1037 1061/1154/3317
f 2842/3797/3316 2841/3796/3318 2843/3798/3319 2844/3799/3320
f 2842/3797/3316 2844/3799/3320 2845/3800/3321 1062/1155/1037
f 2845/3800/3321 2844/3799/3320 2846/3801/3322 2847/3802/3323
f 2845/3800/3321 2847/3802/3323 2848/3803/3324 2849/3804/3325
f 2845/3800/3321 2849/3804/3325 1063/1156/1038 1062/1155/1037
f 2849/3804/3325 2848/3803/3324 2850/3805/3326 2851/3806/3327
f 2849/3804/3325 2851/3806/3327 2852/3807/3328 1063/1156/1038
f 2852/3807/3328 2851/3806/3327 2853/3808/3329 2854/3809/3330
f 2852/3807/3328 2854/3809/3330 2855/3810/3331 2856/3811/3332
f 2852/3807/3328 2856/3811/3332 142/1153/1035 1063/1156/1038
f 2856/3812/3333 2855/3813/3334 2857/3814/3335 2704/3815/3336
f 2856/3811/3332 2704/3576/3149 1066/1159/1042 142/1153/1035
f 2857/3814/3335 2855/3813/3334 1088/3816/1064 1087/3817/1063
f 2857/3818/3335 1087/1180/1063 2858/3819/3337 2700/3820/3145
f 2857/3814/3335 2700/3821/3145 2699/3822/3144 2704/3815/3336
f 2858/3819/3337 1087/1180/1063 1086/1179/1062 2859/3823/3338
f 2858/3819/3337 2859/3823/3338 2860/3824/3339 2695/3825/3340
f 2858/3819/3337 2695/3825/3340 2694/3826/3341 2700/3820/3145
f 2860/3824/3339 2859/3823/3338 2861/3827/3342 2862/3828/3343
f 2860/3829/3344 2862/3830/3345 2863/3831/3346 2690/3562/3135
f 2860/3829/3344 2690/3562/3135 2689/3561/3134 2695/3567/3140
f 2863/3831/3346 2862/3830/3345 2864/3832/3347 2865/3833/3348
f 2863/3831/3346 2865/3833/3348 2866/3834/3349 2685/3557/3130
f 2863/3831/3346 2685/3557/3130 2684/3556/3129 2690/3562/3135
f 2866/3834/3349 2865/3833/3348 2867/3835/3350 947/3836/878
f 2866/3834/3349 947/3836/878 946/995/877 2680/3552/3124
f 2866/3834/3349 2680/3552/3124 2679/3551/3123 2685/3557/3130
f 2867/3837/3351 2868/3838/3352 2869/3839/3353 2870/3840/3354
f 2867/3837/3351 2870/3840/3354 948/989/879 947/988/878
f 2867/3835/3350 2865/3833/3348 2864/3832/3347 2868/3841/3355
f 2870/3840/3354 2869/3839/3353 2871/3842/3356 2872/3843/3357
f 2870/3840/3354 2872/3843/3357 949/990/881 948/989/879
f 2872/3843/3357 2873/3844/3358 1026/1096/984 949/990/881
f 2872/3843/3357 2871/3842/3356 2874/3845/3359 2873/3844/3358
f 2874/3846/3359 2875/3847/3360 2876/3848/3361 2877/3849/3362
f 2874/3846/3359 2877/3849/3362 2878/3850/3363 2873/3851/3358
f 2874/3845/3359 2871/3842/3356 987/3852/3364 2875/3853/3360
f 2878/3850/3363 2877/3849/3362 2879/3854/3365 2880/3855/3366
f 2878/3850/3363 2880/3855/3366 2881/3856/3367 1027/1099/985
f 2878/3850/3363 1027/1099/985 1026/1098/984 2873/3851/3358
f 2881/3856/3367 2880/3855/3366 2882/3857/3368 2883/3858/3369
f 2881/3856/3367 2883/3858/3369 2884/3859/3370 2885/3860/3371
f 2881/3856/3367 2885/3860/3371 1028/1100/986 1027/1099/985
f 2885/3860/3371 2884/3859/3370 2886/3861/3372 2887/3862/3373
f 2885/3860/3371 2887/3862/3373 1029/1101/987 1028/1100/986
f 2887/3862/3373 2886/3861/3374 2888/3863/3375 2889/3864/3376
f 2887/3862/3373 2889/3864/3376 2890/3865/3377 1029/1101/987
f 2890/3866/3377 2889/3867/3376 2891/3868/3378 2892/3869/3379
f 2890/3865/3377 2892/3870/3379 2893/3871/3380 2894/3872/3381
f 2890/3865/3377 2894/3872/3381 1030/1102/988 1029/1101/987
f 2894/3872/3381 2893/3871/3380 2895/3873/3382 2896/3874/3383
f 2894/3872/3381 2896/3874/3383 2897/3875/3384 1030/1102/988
f 2897/3875/3384 2896/3874/3383 2898/3876/3385 2899/3877/3386
f 2897/3875/3384 2899/3877/3386 2900/3878/3387 2901/3879/3388
f 2897/3875/3384 2901/3879/3388 136/1097/983 1030/1102/988
f 2901/3880/3388 2900/3881/3387 2902/3882/3389 2903/3883/3390
f 2901/3880/3388 2903/3883/3390 950/3884/882 136/3885/983
f 2903/3883/3391 2902/3882/3389 2904/3886/3392 2905/3887/3393
f 2903/3883/3391 2905/3887/3393 119/3888/3394 950/3884/3394
f 2905/3889/3393 2904/3890/3392 2906/3891/3395 2907/3892/3396
f 2905/3889/3393 2907/3892/3396 951/993/883 119/992/876
f 2907/3892/3396 2906/3891/3395 2908/3893/3397 2909/3894/3398
f 2907/3892/3396 2909/3894/3398 2671/3539/3113 951/993/883
f 2909/3894/3398 2908/3893/3397 2910/3895/3399 2666/3896/3400
f 2909/3894/3398 2666/3896/3400 2665/3540/3114 2671/3539/3113
f 2910/3895/3399 2908/3893/3397 2911/3897/3401 2912/3898/3402
f 2910/3899/3399 2912/3900/3402 2913/3901/3403 2661/3525/3102
f 2910/3899/3399 2661/3525/3102 2660/3524/3101 2666/3533/3108
f 2913/3901/3403 2912/3900/3402 2914/3902/3404 2915/3903/3405
f 2913/3901/3403 2915/3903/3405 2916/3904/3406 2657/3905/3407
f 2913/3901/3403 2657/3905/3407 2656/3526/3103 2661/3525/3102
f 2916/3906/3406 2915/3907/3405 2917/3908/3408 2918/3909/3409
f 2916/3906/3406 2918/3909/3409 2919/3910/3410 2653/3516/3093
f 2916/3906/3406 2653/3516/3093 2652/3515/3092 2657/3520/3097
f 2919/3910/3410 2918/3909/3409 2920/3911/3411 2921/3912/3412
f 2919/3910/3410 2921/3912/3412 2922/3913/3413 2923/3914/3414
f 2919/3910/3410 2923/3914/3414 2654/3517/3094 2653/3516/3093
f 2923/3914/3414 2922/3913/3413 2924/3915/3415 2925/3916/3416
f 2923/3914/3414 2925/3916/3416 2646/3509/3085 2654/3517/3094
f 2925/3916/3416 2924/3915/3415 2926/3917/3417 2641/3504/3080
f 2925/3916/3416 2641/3504/3080 2640/3503/3079 2646/3509/3085
f 2926/3918/3417 2924/3919/3415 2927/3920/3418 2928/3921/3419
f 2926/3918/3417 2928/3921/3419 2929/3922/3420 2637/3923/3076
f 2926/3917/3417 2637/3500/3076 2636/3499/3075 2641/3504/3080
f 2929/3922/3420 2928/3921/3419 2930/3924/3421 2931/3925/3422
f 2929/3922/3420 2931/3925/3422 2932/3926/3423 2633/3494/3071
f 2929/3922/3420 2633/3494/3071 2632/3493/3070 2637/3923/3076
f 2932/3926/3423 2933/3927/3424 2634/3495/3072 2633/3494/3071
f 2932/3926/3423 2931/3925/3422 2934/3928/3425 2935/3929/3426
f 2932/3926/3423 2935/3929/3426 2936/3930/3427 2933/3927/3428
f 2936/3931/3427 2937/3932/3429 2938/3933/3430 2933/3934/3428
f 2936/3931/3427 2935/3935/3431 2939/3936/3432 2940/3937/3433
f 2936/3931/3427 2940/3937/3433 2941/3938/3434 2937/3932/3429
f 2941/3938/3434 2942/3939/3435 960/3940/3436 2937/3932/3429
f 2941/3938/3434 2940/3937/3433 1129/3941/1129 1128/1253/1128
f 2941/3938/3434 1128/1253/1134 1132/1252/1133 2942/3939/3435
f 2942/3942/3435 1132/3943/1133 2943/3944/3437 2944/3945/3438
f 2942/3942/3435 2944/3945/3438 961/1014/898 960/3946/897
f 2944/3945/3438 2943/3944/3437 2945/3947/3439 2946/3948/3440
f 2944/3945/3438 2946/3948/3440 968/1015/907 961/1014/898
f 2946/3949/3440 2945/3950/3439 2947/3951/3441 2948/3952/3442
f 2946/3948/3440 2948/3953/3442 2949/3954/3443 968/1015/907
f 2949/3954/3443 2950/3955/3444 966/1012/905 968/1015/907
f 2949/3956/3443 2948/3957/3442 2951/3958/3445 2952/3959/3446
f 2949/3956/3443 2952/3959/3446 2953/3960/3447 2950/3961/3444
f 2953/3960/3447 995/1057/944 994/3962/943 2950/3961/3444
f 2953/3960/3448 2952/3959/3446 2954/3963/3449 2955/3964/3450
f 2953/3960/3448 2955/3964/3450 996/1058/947 995/1057/946
f 2955/3964/3450 2954/3963/3449 2956/3965/3451 2957/3966/3452
f 2955/3964/3450 2957/3966/3452 2958/3967/3453 996/1058/947
f 2958/3968/3453 2959/3969/3454 992/3970/948 996/3971/947
f 2958/3968/3453 2957/3972/3452 2960/3973/3455 2961/3974/3456
f 2958/3968/3453 2961/3974/3456 2611/3458/3044 2959/3969/3454
f 2961/3974/3456 2960/3973/3455 2962/3975/3457 2607/3449/3040
f 2961/3974/3456 2607/3449/3040 2606/3448/3039 2611/3458/3044
f 2962/3975/3457 2960/3973/3455 2963/3976/3458 2964/3977/3459
f 2962/3975/3457 2964/3977/3459 926/954/848 2602/3444/3035
f 2962/3975/3457 2602/3444/3035 2601/3443/3034 2607/3449/3040
f 2964/3977/3459 2963/3976/3458 2590/3432/3023 2589/3431/3022
f 2964/3977/3459 2589/3431/3022 927/955/849 926/954/848
f 2963/3976/3458 2960/3973/3455 2957/3972/3452 2956/3978/3451
f 2963/3976/3458 2956/3978/3451 2965/3979/3460 2590/3432/3023
f 2965/3980/3460 2956/3965/3451 2954/3963/3449 2966/3981/3461
f 2965/3980/3460 2966/3981/3461 2967/3982/3462 2585/3983/3018
f 2965/3979/3460 2585/3426/3018 2584/3425/3017 2590/3432/3023
f 2967/3982/3462 2966/3981/3461 2951/3958/3445 2968/3984/3463
f 2967/3985/3462 2968/3986/3463 2969/3987/3464 2581/3988/3014
f 2967/3989/3462 2581/3419/3014 2580/3418/3013 2585/3426/3018
f 2969/3987/3464 2968/3986/3463 2947/3951/3441 2970/3990/3465
f 2969/3987/3464 2970/3990/3465 2971/3991/3466 2578/3992/3010
f 2969/3987/3464 2578/3992/3010 2577/3993/3009 2581/3988/3014
f 2971/3991/3466 2970/3990/3465 2972/3994/3467 2973/3995/3468
f 2971/3991/3466 2973/3995/3468 2974/3996/3469 2574/3404/3004
f 2971/3991/3466 2574/3404/3004 2573/3403/3003 2578/3992/3010
f 2974/3996/3469 2973/3995/3468 2975/3997/3470 2976/3998/3471
f 2974/3996/3469 2976/3998/3471 2977/3999/3472 2570/3399/2999
f 2974/3996/3469 2570/3399/2999 2569/3398/2998 2574/3404/3004
f 2977/3999/3472 2976/3998/3471 2978/4000/3473 2979/4001/3474
f 2977/3999/3472 2979/4001/3474 2980/4002/3475 2566/3395/2995
f 2977/3999/3472 2566/3395/2995 2565/3394/2994 2570/3399/2999
f 2980/4002/3475 2979/4001/3474 1152/1278/1157 2981/4003/3476
f 2980/4002/3475 2981/4003/3476 2982/4004/3477 2562/3391/2991
f 2980/4002/3475 2562/3391/2991 2561/3390/2990 2566/3395/2995
f 2982/4004/3477 2981/4003/3476 2983/4005/3478 2984/4006/3479
f 2982/4004/3477 2984/4006/3479 2985/4007/3480 2558/3387/2987
f 2982/4004/3477 2558/3387/2987 2557/3386/2986 2562/3391/2991
f 2985/4007/3480 2984/4006/3479 2986/4008/3481 2987/4009/3482
f 2985/4007/3480 2987/4009/3482 2988/4010/3483 2554/3382/2983
f 2985/4007/3480 2554/3382/2983 2553/3381/2982 2558/3387/2987
f 2988/4010/3483 2987/4009/3482 2989/4011/3484 2990/4012/3485
f 2988/4010/3483 2990/4012/3485 2991/4013/3486 2550/3375/2979
f 2988/4010/3483 2550/3375/2979 2549/3374/2978 2554/3382/2983
f 2991/4013/3486 2990/4012/3485 2992/4014/3487 2993/4015/3488
f 2991/4016/3486 2993/4017/3488 2994/4018/3489 2995/4019/3490
f 2991/4016/3486 2995/4019/3490 2551/3377/2980 2550/4020/2979
f 2995/4019/3490 2994/4018/3489 2996/4021/3491 1046/1133/1015
f 2995/4019/3490 1046/1133/1015 1045/1132/1014 2551/3377/2980
f 2996/4022/3491 2994/4023/3489 2997/4024/3492 2998/4025/3493
f 2996/4022/3491 2998/4025/3493 812/790/699 2473/3261/2880
f 2996/4022/3491 2473/3261/2880 1047/3260/1016 1046/4026/1015
f 2998/4025/3493 2997/4024/3492 2999/4027/3494 3000/4028/3495
f 2998/4025/3493 3000/4028/3495 813/791/700 812/790/699
f 3000/4028/3495 2999/4027/3494 3001/4029/3496 3002/4030/3497
f 3000/4028/3495 3002/4030/3497 3003/4031/3498 813/791/700
f 3003/4032/3498 3002/4033/3497 3004/4034/3499 3005/4035/3500
f 3003/4032/3498 3005/4035/3500 3006/4036/3501 3007/4037/3502
f 3007/4038/3502 3006/4039/3501 920/946/841 3008/4040/3503
f 3006/4036/3501 3005/4035/3500 970/1020/913 974/1024/917
f 3006/4036/3501 974/1024/917 921/4041/3504 920/4042/841
f 3005/4035/3500 3004/4034/3499 971/1021/914 970/1020/913
f 3004/4034/3499 1118/4043/1110 152/4044/1109 971/1021/914
f 3004/4034/3499 3002/4033/3497 3001/4045/3496 1118/4043/1110
f 3001/4045/3496 3009/4046/3505 1119/4047/1111 1118/4043/1110
f 3001/4045/3496 2999/4048/3494 3010/4049/3506 3009/4046/3505
f 3010/4049/3506 3011/4050/3507 3012/4051/3508 3009/4046/3505
f 3010/4049/3506 2999/4048/3494 2997/4052/3492 3013/4053/3509
f 3010/4049/3506 3013/4053/3509 3014/4054/3510 3011/4050/3507
f 3014/4055/3510 3015/4056/3511 3016/4057/3512 3011/4058/3513
f 3014/4054/3510 3013/4053/3509 2993/4017/3488 2992/4059/3487
f 3014/4060/3510 2992/4014/3487 3017/4061/3514 3015/4062/3511
f 3017/4063/3514 3018/4064/3515 3019/4065/3516 3015/4066/3511
f 3017/4061/3514 2992/4014/3487 2990/4012/3485 2989/4011/3484
f 3017/4063/3514 2989/4067/3484 3020/4068/3517 3018/4064/3515
f 3020/4068/3517 3021/4069/3518 3022/4070/3519 3018/4064/3515
f 3020/4068/3517 2989/4067/3484 2987/4071/3482 2986/4072/3481
f 3020/4068/3517 2986/4072/3481 3023/4073/3520 3021/4069/3518
f 3023/4073/3520 1158/1286/1163 3024/4074/3521 3021/4069/3518
f 3023/4075/3520 2986/4008/3481 2984/4006/3479 2983/4005/3478
f 3023/4073/3520 2983/4076/3478 158/1281/1156 1158/1286/1163
f 3024/4077/3521 1252/1428/1294 1251/1427/1293 3025/4078/3522
f 3024/4077/3521 3025/4078/3522 3022/4079/3519 3021/4080/3518
f 3024/4074/3521 1158/1286/1163 1157/1285/1162 1252/4081/1294
f 3025/4082/3522 1251/1433/1293 1254/1432/1296 3026/4083/3523
f 3025/4078/3522 3026/4084/3523 3027/4085/3524 3022/4079/3519
f 3027/4086/3524 3026/4083/3523 3028/4087/3525 3029/4088/3526
f 3027/4086/3524 3029/4088/3526 3030/4089/3527 3019/4065/3516
f 3027/4085/3524 3019/4090/3516 3018/4091/3515 3022/4079/3519
f 3030/4089/3527 3029/4088/3526 3031/4092/3528 3032/4093/3529
f 3030/4089/3527 3032/4093/3529 3033/4094/3530 3016/4095/3512
f 3030/4089/3527 3016/4095/3512 3015/4066/3511 3019/4065/3516
f 3033/4094/3530 3032/4093/3529 3034/4096/3531 3035/4097/3532
f 3033/4098/3530 3035/4099/3532 3036/4100/3533 3012/4101/3534
f 3033/4098/3530 3012/4101/3534 3011/4058/3513 3016/4057/3512
f 3036/4100/3533 3035/4099/3532 1220/1374/1247 3037/4102/3535
f 3036/4103/3533 3037/4104/3535 1120/4105/3536 1119/4047/1111
f 3036/4103/3533 1119/4047/1111 3009/4046/3505 3012/4051/3508
f 3037/4102/3535 1220/1374/1247 1203/1348/1224 1202/1347/1223
f 3037/4104/3535 1202/1345/1223 1121/1344/1222 1120/4105/3536
f 3035/4099/3532 3034/4106/3531 1221/1375/1248 1220/1374/1247
f 3034/4096/3531 3038/4107/3537 1245/4108/1282 1221/4109/1248
f 3034/4096/3531 3032/4093/3529 3031/4092/3528 3038/4107/3537
f 3038/4107/3537 3039/4110/3538 3040/4111/3539 1245/4108/1282
f 3038/4107/3537 3031/4092/3528 3041/4112/3540 3039/4110/3538
f 3041/4112/3540 3042/4113/3541 3043/4114/3542 3039/4110/3538
f 3041/4112/3540 3031/4092/3528 3029/4088/3526 3028/4087/3525
f 3041/4112/3540 3028/4087/3525 3044/4115/3543 3042/4113/3541
f 3044/4115/3543 3045/4116/3544 3046/4117/3545 3042/4113/3541
f 3044/4115/3543 3028/4087/3525 3026/4083/3523 1254/1432/1296
f 3044/4115/3543 1254/1432/1296 1253/1431/1295 3045/4116/3544
f 3046/4118/3545 3047/4119/3546 3048/4120/3547 3049/4121/3548
f 3046/4118/3545 3049/4121/3548 3043/4122/3549 3042/4123/3541
f 3046/4118/3545 3045/4124/3550 3050/4125/3551 3047/4119/3546
f 3050/4125/3551 3051/4126/3552 3052/4127/3553 3047/4119/3546
f 3050/4128/3551 3045/4129/3550 1253/4130/1298 1255/4131/1297
f 3050/4128/3551 1255/4131/1297 1376/4132/3554 3051/4133/3552
f 3052/4127/3555 3053/4134/3556 3054/4135/3557 3055/4136/3558
f 3052/4127/3555 3055/4136/3558 3048/4120/3547 3047/4119/3546
f 3052/4137/3553 3051/4133/3552 3056/4138/3559 3053/4139/3560
f 3056/4138/3559 3057/4140/3561 3058/4141/3562 3053/4139/3560
f 3056/4138/3559 3051/4133/3552 1376/4132/3554 1375/4142/3563
f 3056/4138/3559 1375/4142/3563 1378/4143/3564 3057/4140/3561
f 3058/4144/3565 3059/4145/3566 3060/4146/3567 3061/4147/3568
f 3058/4144/3565 3061/4147/3568 3054/4135/3557 3053/4134/3556
f 3058/4141/3562 3057/4140/3561 3062/4148/3569 3059/4149/3566
f 3062/4150/3569 3063/4151/3570 3064/4152/3571 3059/4145/3566
f 3062/4150/3569 3057/4153/3561 1378/1595/3564 3065/4154/3572
f 3062/4150/3573 3065/4154/3574 3066/4155/3575 3063/4151/3570
f 3066/4155/3575 3067/4156/3576 3068/4157/3577 3063/4151/3570
f 3066/4155/3575 3065/4154/3574 1454/1716/1555 1536/1845/1669
f 3066/4155/3575 1536/1845/1669 1542/1853/1677 3067/4156/3576
f 3068/4158/3577 1552/1865/1689 1551/1864/1688 3069/4159/3578
f 3068/4157/3577 3069/4160/3579 3064/4152/3571 3063/4151/3570
f 3068/4157/3577 3067/4156/3576 3070/4161/3580 1552/4162/1689
f 3070/4163/3581 3071/4164/3582 3072/4165/3583 3073/4166/3584
f 3070/4163/3581 3073/4166/3584 1553/1866/1690 1552/1865/1689
f 3070/4161/3580 3067/4156/3576 1542/1853/1677 3071/4167/3582
f 3073/4166/3584 3072/4165/3583 3074/4168/3585 3075/4169/3586
f 3073/4166/3584 3075/4169/3586 1554/1867/1691 1553/1866/1690
f 3075/4169/3586 3074/4168/3585 3076/4170/3587 3077/4171/3588
f 3075/4169/3586 3077/4171/3588 3078/4172/3589 1554/1867/1691
f 3078/4172/3589 3077/4171/3588 3079/4173/3590 3080/4174/3591
f 3078/4172/3589 3080/4174/3591 3081/4175/3592 3082/4176/3593
f 3078/4172/3589 3082/4176/3593 1549/1862/1686 1554/1867/1691
f 3082/4176/3593 3081/4175/3592 3083/4177/3594 3084/4178/3595
f 3082/4176/3593 3084/4178/3595 1550/1863/1687 1549/1862/1686
f 3084/4178/3595 3083/4177/3594 3085/4179/3596 3086/4180/3597
f 3084/4178/3595 3086/4180/3597 3087/4181/3598 1550/1863/1687
f 3087/4181/3599 3086/4180/3597 3088/4182/3600 3089/4183/3601
f 3087/4184/3599 3089/4185/3601 3064/4152/3571 3069/4160/3579
f 3087/4181/3598 3069/4159/3578 1551/1864/1688 1550/1863/1687
f 3089/4185/3601 3088/4186/3600 3090/4187/3602 3060/4146/3567
f 3089/4185/3601 3060/4146/3567 3059/4145/3566 3064/4152/3571
f 3090/4188/3602 3088/4182/3600 3091/4189/3603 3092/4190/3604
f 3090/4187/3602 3092/4191/3604 3093/4192/3605 3094/4193/3606
f 3090/4187/3602 3094/4193/3607 3061/4147/3568 3060/4146/3567
f 3094/4193/3606 3093/4192/3605 3095/4194/3608 3096/4195/3609
f 3094/4193/3607 3096/4195/3609 3054/4135/3557 3061/4147/3568
f 3096/4195/3609 3095/4194/3608 3097/4196/3610 3098/4197/3611
f 3096/4195/3609 3098/4197/3611 3055/4136/3558 3054/4135/3557
f 3098/4197/3611 3097/4196/3610 1294/4198/1347 3099/4199/3612
f 3098/4197/3611 3099/4199/3612 3048/4120/3547 3055/4136/3558
f 3099/4199/3612 1294/4198/1347 1293/4200/1346 3100/4201/3613
f 3099/4199/3612 3100/4201/3613 3049/4121/3548 3048/4120/3547
f 3100/4202/3613 1293/1482/1346 3101/4203/3614 3102/4204/3615
f 3100/4201/3613 3102/4205/3615 3043/4122/3549 3049/4121/3548
f 3102/4204/3616 3101/4203/3617 3103/4206/3618 3040/4111/3539
f 3102/4204/3616 3040/4111/3539 3039/4110/3538 3043/4114/3542
f 3103/4207/3618 3101/4208/3617 3104/4209/3619 3105/4210/3620
f 3103/4207/3618 3105/4210/3620 1244/1412/1281 1243/1411/1280
f 3103/4206/3618 1243/4211/1280 1245/4108/1282 3040/4111/3539
f 3105/4212/3621 3104/4213/3622 3106/4214/3623 3107/4215/3624
f 3105/4212/3621 3107/4215/3624 3108/4216/3625 1244/4217/3626
f 3108/4216/3625 3109/4218/3627 3110/4219/3628 3111/4220/3629
f 3108/4216/3625 3111/4220/3629 1222/4221/3630 1244/4217/3626
f 3108/4216/3625 3107/4215/3624 3112/4222/3631 3109/4218/3627
f 3112/4222/3631 3113/4223/3632 3114/4224/3633 3109/4218/3627
f 3112/4222/3631 3107/4215/3624 3106/4214/3623 3115/4225/3634
f 3112/4222/3631 3115/4225/3634 3116/4226/3635 3113/4223/3632
f 3116/4226/3635 3117/4227/3636 3118/4228/3637 3113/4223/3632
f 3116/4226/3635 3115/4225/3634 3119/4229/3638 3120/4230/3639
f 3116/4226/3635 3120/4230/3639 3121/4231/3640 3117/4227/3636
f 3121/4231/3640 3122/4232/3641 3123/4233/3642 3117/4227/3636
f 3121/4231/3640 3120/4230/3639 3124/4234/3643 3125/4235/3644
f 3121/4231/3640 3125/4235/3644 3126/4236/3645 3122/4232/3641
f 3126/4236/3645 3127/4237/3646 3128/4238/3647 3122/4232/3641
f 3126/4236/3645 3125/4235/3644 3092/4191/3604 3091/4239/3603
f 3126/4236/3645 3091/4239/3603 3085/4240/3596 3127/4237/3646
f 3128/4238/3647 1440/4241/1538 1439/4242/1537 3129/4243/3648
f 3128/4238/3647 3129/4243/3648 3123/4233/3642 3122/4232/3641
f 3128/4238/3647 3127/4237/3646 1441/4244/1539 1440/4241/1538
f 3129/4243/3648 1439/4242/1537 3130/4245/3649 3131/4246/3650
f 3129/4243/3648 3131/4246/3650 3132/4247/3651 3123/4233/3642
f 3132/4247/3651 3131/4246/3650 1408/1638/3652 1407/1637/3653
f 3132/4247/3651 1407/1637/3653 3133/4248/3654 3118/4228/3637
f 3132/4247/3651 3118/4228/3637 3117/4227/3636 3123/4233/3642
f 3133/4249/3655 1407/4250/1491 1406/4251/1489 3134/4252/3656
f 3133/4249/3655 3134/4252/3656 3135/4253/3657 3114/4254/3658
f 3133/4248/3654 3114/4224/3633 3113/4223/3632 3118/4228/3637
f 3135/4253/3657 3134/4252/3656 3136/4255/3659 3137/4256/3660
f 3135/4253/3657 3137/4256/3660 3138/4257/3661 3110/4258/3662
f 3135/4259/3657 3110/4219/3628 3109/4218/3627 3114/4224/3658
f 3138/4257/3661 3137/4256/3660 3139/4260/3663 3140/4261/3664
f 3138/4257/3661 3140/4261/3664 1206/4262/3665 1205/4263/3666
f 3138/4257/3661 1205/4263/3666 3111/4264/3667 3110/4258/3662
f 3140/4261/3664 3139/4260/3663 3141/4265/3668 3142/4266/3669
f 3140/4261/3664 3142/4266/3669 1207/4267/3670 1206/4262/3665
f 3142/4268/3671 3141/4269/3672 1059/1150/1032 141/1142/1025
f 3142/4268/3671 141/1142/1025 1056/1145/1028 1207/4270/3673
f 3141/4269/3672 3143/4271/3674 3144/4272/3675 1059/1150/1032
f 3141/4265/3668 3139/4260/3663 3145/4273/3676 3143/4274/3677
f 3145/4273/3676 1332/4275/1392 1331/4276/1391 3143/4274/3677
f 3145/4273/3676 3139/4260/3663 3137/4256/3660 3136/4255/3659
f 3145/4273/3676 3136/4255/3659 1333/4277/1393 1332/4275/1392
f 3144/4272/3675 3143/4271/3674 1331/4278/3678 1259/1440/1304
f 3144/4279/3675 1259/4280/1304 1258/4281/1303 3146/4282/3679
f 3144/4272/3675 3146/4283/3679 1060/1151/1033 1059/1150/1032
f 3146/4283/3680 1258/1439/3681 1163/1292/1169 1162/1291/1168
f 3146/4283/3680 1162/1291/1168 3147/4284/3682 1060/1151/1033
f 3147/4284/3682 3148/4285/3683 1057/1152/1034 1060/1151/1033
f 3147/4284/3682 1162/1291/1168 1161/1290/1167 3149/4286/3684
f 3147/4284/3682 3149/4286/3684 3150/4287/3685 3148/4285/3685
f 3150/4288/3686 3151/4289/3687 3152/4290/3688 3148/4291/3689
f 3150/4292/3690 3149/4293/3691 1077/4294/3692 1076/4295/3690
f 3150/4287/3686 1076/4296/3693 1079/4297/3694 3151/4298/3687
f 3152/4299/3688 3151/4298/3687 3153/4300/3695 905/926/822
f 3152/4299/3688 905/926/822 904/925/821 1058/4301/3696
f 3152/4290/3688 1058/4302/3697 1057/4303/3697 3148/4291/3689
f 3153/4300/3695 3151/4298/3687 1079/4297/3694 1049/1137/1019
f 3153/4300/3695 1049/1137/1019 1048/1136/1018 3154/4304/3698
f 3153/4300/3695 3154/4304/3698 110/920/816 905/926/822
f 3154/4304/3698 1048/1136/1018 988/1043/935 914/936/832
f 3154/4304/3698 914/936/832 903/921/817 110/920/816
f 3149/4286/3691 1161/1290/1167 1051/1139/1022 1077/4305/3692
f 3136/4255/3659 3134/4252/3656 1406/4251/1489 1333/4277/1393
f 3131/4246/3650 3130/4245/3649 1335/4306/1397 1408/1638/3652
f 3130/4307/3649 1425/4308/1517 1336/4309/1398 1335/4310/1397
f 3130/4307/3649 1439/1697/1537 1426/1696/1518 1425/4308/1517
f 3127/4311/3646 3085/4179/3596 3083/4177/3594 1441/4312/1539
f 3125/4235/3644 3124/4234/3643 3093/4192/3605 3092/4191/3604
f 3124/4234/3643 3120/4230/3639 3119/4229/3638 3155/4313/3699
f 3124/4314/3643 3155/4315/3699 3095/4316/3608 3093/4317/3605
f 3155/4315/3699 3119/4318/3638 1296/1486/1349 1295/1485/1348
f 3155/4315/3699 1295/1485/1348 3097/4319/3610 3095/4316/3608
f 3119/4229/3638 3115/4225/3634 3106/4214/3623 1296/4320/3700
f 3111/4220/3629 1205/1352/1228 1204/1351/1227 1222/4221/3630
f 3106/4214/3623 3104/4213/3622 1292/4321/3701 1296/4320/3700
f 3104/4322/3702 3101/4203/3614 1293/1482/1346 1292/1481/1345
f 3097/4319/3610 1295/1485/1348 181/1484/1344 1294/4323/1347
f 3091/4189/3603 3088/4182/3600 3086/4180/3597 3085/4179/3596
f 3083/4177/3594 3081/4175/3592 1442/4324/3703 1441/4312/1539
f 3081/4175/3592 3080/4174/3591 3156/4325/3704 1442/4324/3703
f 3156/4326/3705 3157/4327/3706 3158/4328/3707 3159/4329/3708
f 3156/4326/3705 3159/4329/3708 206/1677/1522 1442/4330/1540
f 3156/4325/3704 3080/4174/3591 3079/4173/3590 3157/4331/3709
f 3159/4329/3708 3158/4328/3707 1534/1842/1666 1533/1841/1665
f 3159/4329/3708 1533/1841/1665 1429/1678/1523 206/1677/1522
f 3158/4328/3707 1635/1989/1797 3160/4332/3710 1534/1842/1666
f 3158/4328/3707 3157/4327/3706 1636/1990/1798 1635/1989/1797
f 3160/4332/3710 3161/4333/3711 3162/4334/3712 3163/4335/3713
f 3160/4332/3710 3163/4335/3714 1535/1843/1667 1534/1842/1666
f 3160/4332/3710 1635/1989/1797 241/1981/1791 3161/4333/3711
f 3163/4336/3713 3162/4337/3712 1416/1652/1503 3164/4338/3715
f 3163/4335/3714 3164/4339/3715 3165/4340/3716 1535/1843/1667
f 3165/4340/3716 3164/4339/3715 1410/4341/3717 3166/4342/3718
f 3165/4340/3716 3166/4342/3718 1431/1680/1525 1430/1679/1524
f 3165/4340/3716 1430/1679/1524 1532/1840/1664 1535/1843/1667
f 3166/4343/3719 1410/4344/1495 1391/1611/1469 1388/1608/1466
f 3166/4343/3719 1388/1608/1466 1387/1607/1465 1431/4345/3720
f 3164/4338/3715 1416/1652/1503 1411/1645/1502 1410/1644/3717
f 3162/4334/3712 1443/1702/3721 1417/1655/1504 1416/4346/1503
f 3162/4334/3712 3161/4333/3711 1444/1703/3722 1443/1702/3721
f 3161/4347/3711 241/4348/1791 1634/4349/1796 1444/4350/3722
f 3157/4331/3709 3079/4173/3590 3167/4351/3723 1636/4352/3724
f 3167/4351/3723 3168/4353/3725 1630/4354/3726 1636/4352/3724
f 3167/4351/3723 3079/4173/3590 3077/4171/3588 3076/4170/3587
f 3167/4351/3723 3076/4170/3587 3169/4355/3727 3168/4353/3725
f 3169/4355/3727 3170/4356/3728 3171/4357/3729 3168/4353/3725
f 3169/4355/3727 3076/4170/3587 3074/4168/3585 3172/4358/3730
f 3169/4355/3727 3172/4358/3730 3173/4359/3731 3170/4356/3728
f 3173/4359/3731 1675/2055/1858 1674/2054/1857 3170/4356/3728
f 3173/4359/3731 3172/4358/3730 3174/4360/3732 3175/4361/3733
f 3173/4359/3731 3175/4361/3733 1676/2056/1859 1675/2055/1858
f 3175/4362/3734 3174/4363/3735 3176/4364/3736 3177/4365/3737
f 3175/4362/3734 3177/4365/3737 3178/4366/3738 1676/4367/3739
f 3178/4366/3738 3179/4368/3740 1670/4369/3741 1676/4367/3739
f 3178/4366/3738 3177/4365/3737 3180/4370/3742 3181/4371/3743
f 3178/4366/3738 3181/4371/3743 3182/4372/3744 3179/4368/3740
f 3182/4373/3745 3183/4374/3746 3184/4375/3747 3179/4376/3748
f 3182/4372/3744 3181/4371/3743 1640/1997/3749 1639/4377/3750
f 3182/4373/3745 1639/4378/3751 3185/4379/3752 3183/4374/3746
f 3185/4379/3752 1566/1885/1706 1565/1884/1704 3183/4374/3746
f 3185/4380/3753 1639/1994/1803 1638/1993/1801 3186/4381/3754
f 3185/4380/3753 3186/4381/3754 3187/4382/3755 1566/4383/1706
f 3187/4382/3755 1556/1870/3756 1567/4384/1707 1566/4383/1706
f 3187/4382/3757 3186/4381/3754 3188/4385/3758 3189/4386/3759
f 3187/4382/3757 3189/4386/3759 1557/1871/1693 1556/1870/3760
f 3189/4386/3759 3188/4385/3758 3190/4387/3761 3191/4388/3762
f 3189/4386/3759 3191/4388/3762 1558/1872/1694 1557/1871/1693
f 3191/4388/3763 3190/4387/3764 3192/4389/3765 3193/4390/3766
f 3191/4388/3763 3193/4390/3766 3194/4391/3767 1558/1872/3768
f 3194/4392/3769 1477/1753/1589 1476/1752/1588 1558/4393/1694
f 3194/4391/3767 3193/4390/3766 3195/4394/3770 3196/4395/3771
f 3194/4392/3769 3196/4396/3772 3197/4397/3773 1477/1753/1589
f 3197/4397/3773 3198/4398/3774 1473/1748/1584 1477/1753/1589
f 3197/4397/3773 3196/4396/3772 3199/4399/3775 3200/4400/3776
f 3197/4397/3773 3200/4400/3776 3201/4401/3777 3198/4398/3774
f 3201/4401/3777 3202/4402/3778 3203/4403/3779 3198/4398/3774
f 3201/4401/3777 3200/4400/3776 3204/4404/3780 3205/4405/3781
f 3201/4401/3777 3205/4405/3781 3206/4406/3782 3202/4402/3778
f 3206/4406/3782 3207/4407/3783 3208/4408/3784 3202/4402/3778
f 3206/4406/3782 3205/4405/3781 3209/4409/3785 3210/4410/3786
f 3206/4406/3782 3210/4410/3786 3211/4411/3787 3207/4407/3783
f 3211/4411/3787 1174/1304/1181 1173/1303/1180 3207/4407/3783
f 3211/4411/3787 3210/4410/3786 3212/4412/3788 3213/4413/3789
f 3211/4411/3787 3213/4413/3789 1178/1310/1187 1174/1304/1181
f 3213/4414/3790 3212/4415/3791 3214/4416/3792 3215/4417/3793
f 3213/4413/3790 3215/4418/3793 1179/1311/1188 1178/1310/1187
f 3215/4419/3793 3214/4420/3792 3216/4421/3794 3217/4422/3795
f 3215/4418/3793 3217/4423/3795 1180/1312/1189 1179/1311/1188
f 3217/4423/3795 3216/4424/3794 1135/1256/1137 1137/1259/1139
f 3217/4423/3795 1137/1259/1139 3218/4425/3796 1180/1312/1189
f 3218/4425/3796 1137/1259/1139 1130/1258/1130 3219/4426/3797
f 3218/4425/3796 3219/4426/3797 3220/4427/3798 3221/4428/3799
f 3218/4429/3796 3221/4430/3799 1175/4431/1184 1180/4432/1189
f 3221/4428/3799 3220/4427/3798 3222/4433/3800 3223/4434/3801
f 3221/4435/3799 3223/4436/3801 1176/4437/1185 1175/4438/1184
f 3223/4434/3801 3222/4433/3800 3224/4439/3802 3225/4440/3803
f 3223/4434/3801 3225/4440/3803 1166/1296/1173 1176/1308/1185
f 3225/4440/3803 3224/4439/3802 3226/4441/3804 3227/4442/3805
f 3225/4440/3803 3227/4442/3805 1167/1297/1174 1166/1296/1173
f 3227/4442/3805 3226/4441/3804 3228/4443/3806 3229/4444/3807
f 3227/4442/3805 3229/4444/3807 1168/1298/1175 1167/1297/1174
f 3229/4444/3807 3228/4443/3806 3230/4445/3808 3231/4446/3809
f 3229/4444/3807 3231/4446/3809 3232/4447/3810 1168/1298/1175
f 3232/4447/3811 3231/4446/3809 3233/4448/3812 3234/4449/3813
f 3232/4450/3811 3234/4451/3813 3235/4452/3814 3236/4453/3815
f 3232/4447/3810 3236/4454/3816 1169/1299/1176 1168/1298/1175
f 3236/4455/3815 3235/4456/3814 3237/4457/3817 3238/4458/3818
f 3236/4454/3816 3238/4459/3819 1170/1300/1177 1169/1299/1176
f 3238/4458/3818 3237/4457/3817 3239/4460/3820 3240/4461/3821
f 3238/4459/3819 3240/4462/3822 3241/4463/3823 1170/1300/1177
f 3241/4463/3823 3240/4462/3822 3242/4464/3824 3243/4465/3825
f 3241/4463/3823 3243/4465/3825 3244/4466/3826 3245/4467/3827
f 3241/4463/3823 3245/4467/3827 1171/1301/1178 1170/1300/1177
f 3245/4467/3827 3244/4466/3826 3246/4468/3828 3247/4469/3829
f 3245/4467/3827 3247/4469/3829 1172/1302/1179 1171/1301/1178
f 3247/4469/3829 3246/4468/3828 3248/4470/3830 3249/4471/3831
f 3247/4469/3829 3249/4471/3831 3208/4408/3784 1172/1302/1179
f 3249/4471/3831 3248/4470/3830 1474/1749/1585 3203/4403/3779
f 3249/4471/3831 3203/4403/3779 3202/4402/3778 3208/4408/3784
f 3248/4470/3830 3246/4468/3828 3250/4472/3832 3251/4473/3833
f 3248/4470/3830 3251/4473/3833 1475/1750/1586 1474/1749/1585
f 3251/4473/3833 3250/4472/3832 3252/4474/3834 3253/4475/3835
f 3251/4473/3833 3253/4475/3835 228/1751/1587 1475/1750/1586
f 3253/4475/3835 3252/4474/3834 3254/4476/3836 3255/4477/3837
f 3253/4475/3835 3255/4477/3837 1555/4478/3838 228/1751/1587
f 3255/4477/3837 3254/4476/3836 3256/4479/3839 3257/4480/3840
f 3255/4477/3837 3257/4480/3840 1568/1889/1710 1555/4478/3838
f 3257/4481/3840 3256/4482/3841 3258/4483/3842 3259/4484/3843
f 3257/4481/3840 3259/4484/3843 1563/1880/1702 1568/4485/1710
f 3259/4484/3843 3258/4483/3842 3260/4486/3844 3261/4487/3845
f 3259/4484/3843 3261/4487/3845 1564/1881/1703 1563/1880/1702
f 3261/4487/3845 3260/4486/3844 1672/2052/1855 1671/2051/1854
f 3261/4487/3845 1671/2051/1854 3184/4488/3846 1564/1881/1703
f 3260/4486/3844 3262/4489/3847 3263/4490/3848 1672/2052/1855
f 3260/4486/3844 3258/4483/3842 3264/4491/3849 3262/4489/3847
f 3264/4491/3849 3265/4492/3850 3266/4493/3851 3262/4489/3847
f 3264/4491/3849 3258/4483/3842 3256/4482/3841 3267/4494/3852
f 3264/4491/3849 3267/4494/3852 3268/4495/3853 3265/4492/3850
f 3268/4495/3853 1397/1618/1476 1396/1617/1475 3265/4492/3850
f 3268/4496/3853 3267/4497/3854 3269/4498/3855 3270/4499/3856
f 3268/4496/3853 3270/4499/3856 1398/1621/1477 1397/1620/1476
f 3270/4499/3856 3269/4498/3855 3271/4500/3857 3272/4501/3858
f 3270/4499/3856 3272/4501/3858 3273/4502/3859 1398/1621/1477
f 3273/4502/3860 3274/4503/3861 1392/1622/1478 1398/1621/1477
f 3273/4502/3859 3272/4501/3858 3275/4504/3862 3276/4505/3863
f 3273/4502/3860 3276/4505/3864 3277/4506/3865 3274/4503/3861
f 3277/4507/3865 3278/4508/3866 3279/4509/3867 3274/4510/3868
f 3277/4506/3865 3276/4505/3864 3242/4464/3869 3280/4511/3870
f 3277/4507/3865 3280/4512/3870 3281/4513/3871 3278/4508/3866
f 3281/4513/3871 3282/4514/3872 3283/4515/3873 3278/4508/3866
f 3281/4516/3871 3280/4517/3870 3239/4460/3820 3284/4518/3874
f 3281/4516/3871 3284/4518/3874 2891/3868/3378 3282/4519/3872
f 3284/4518/3874 3239/4460/3820 3237/4457/3817 3285/4520/3875
f 3284/4518/3874 3285/4520/3875 2892/3869/3379 2891/3868/3378
f 3285/4520/3875 3237/4457/3817 3235/4456/3814 3286/4521/3876
f 3285/4520/3875 3286/4521/3876 2893/4522/3380 2892/3869/3379
f 3286/4521/3876 3235/4456/3814 3234/4523/3877 3287/4524/3878
f 3286/4521/3876 3287/4524/3878 2895/4525/3879 2893/4522/3380
f 3287/4524/3878 3234/4523/3877 3233/4526/3880 3288/4527/3881
f 3287/4524/3878 3288/4527/3881 3289/4528/3882 2895/4525/3879
f 3289/4528/3882 3288/4527/3881 3290/4529/3883 3291/4530/3884
f 3289/4531/3885 3291/4532/3884 3292/4533/3886 2898/3876/3385
f 3289/4531/3885 2898/3876/3385 2896/3874/3383 2895/3873/3382
f 3292/4533/3886 3291/4532/3884 3293/4534/3887 3294/4535/3888
f 3292/4533/3886 3294/4535/3888 3295/4536/3889 3296/4537/3890
f 3292/4533/3886 3296/4537/3890 2899/3877/3386 2898/3876/3385
f 3296/4537/3890 3295/4536/3889 3297/4538/3891 3298/4539/3892
f 3296/4537/3890 3298/4539/3892 2900/3878/3387 2899/3877/3386
f 3298/4540/3892 3297/4541/3891 3299/4542/3893 3300/4543/3894
f 3298/4540/3892 3300/4543/3894 2902/3882/3389 2900/3881/3387
f 3300/4543/3894 3299/4542/3893 3301/4544/3895 3302/4545/3896
f 3300/4543/3894 3302/4545/3896 2904/3886/3392 2902/3882/3389
f 3302/4546/3896 3301/4547/3895 3303/4548/3897 3304/4549/3898
f 3302/4546/3896 3304/4549/3898 2906/3891/3395 2904/3890/3392
f 3304/4549/3898 3303/4548/3897 3305/4550/3899 2911/3897/3401
f 3304/4549/3898 2911/3897/3401 2908/3893/3397 2906/3891/3395
f 3305/4550/3899 3303/4548/3897 1072/4551/1049 3306/4552/3900
f 3305/4553/3899 3306/4554/3900 3307/4555/3901 2914/3232/3404
f 3305/4550/3899 2914/4556/3404 2912/3898/3402 2911/3897/3401
f 3307/4557/3901 3306/4552/3900 3308/4558/3902 3309/4559/3903
f 3307/4557/3901 3309/4559/3903 3310/4560/3904 2917/3908/3408
f 3307/4557/3901 2917/3908/3408 2915/3907/3405 2914/4556/3404
f 3310/4560/3904 3309/4559/3903 3311/4561/3905 3312/4562/3906
f 3310/4560/3904 3312/4562/3906 3313/4563/3907 2920/3911/3411
f 3310/4560/3904 2920/3911/3411 2918/3909/3409 2917/3908/3408
f 3313/4564/3907 3312/4565/3908 3314/4566/3909 3315/4567/3910
f 3313/4568/3907 3315/4569/3910 3316/4570/3911 3317/4571/3912
f 3313/4572/3907 3317/4573/3912 2921/4574/3412 2920/4575/3411
f 3317/4571/3912 3316/4570/3911 3318/4576/3913 3319/4577/3914
f 3317/4571/3912 3319/4577/3914 2922/4578/3413 2921/4579/3412
f 3319/4577/3914 3318/4576/3913 3320/4580/3915 2927/3920/3418
f 3319/4577/3914 2927/3920/3418 2924/3919/3415 2922/4578/3413
f 3320/4580/3915 2930/3924/3421 2928/3921/3419 2927/3920/3418
f 3320/4581/3915 3318/4582/3913 3321/4583/3916 3322/4584/3917
f 3320/4580/3915 3322/4585/3917 3323/4586/3918 2930/3924/3421
f 3323/4586/3918 2934/3928/3425 2931/3925/3422 2930/3924/3421
f 3323/4587/3918 3322/4588/3917 3324/4589/3919 3325/4590/3920
f 3323/4587/3918 3325/4590/3920 3326/4591/3921 2934/4592/3425
f 3326/4591/3921 2939/3936/3432 2935/3935/3431 2934/4592/3425
f 3326/4591/3921 3325/4590/3920 3327/4593/3922 3328/4594/3923
f 3326/4591/3921 3328/4594/3923 3329/4595/3924 2939/3936/3432
f 3329/4595/3924 1129/3941/1129 2940/3937/3433 2939/3936/3432
f 3329/4595/3924 3328/4594/3923 3220/4427/3798 3219/4426/3797
f 3329/4595/3924 3219/4426/3797 1130/1258/1130 1129/3941/1129
f 3328/4594/3923 3327/4593/3922 3222/4433/3800 3220/4427/3798
f 3327/4593/3922 3325/4590/3920 3324/4589/3919 3330/4596/3925
f 3327/4593/3922 3330/4596/3925 3224/4439/3802 3222/4433/3800
f 3330/4596/3925 3324/4589/3919 3331/4597/3926 3332/4598/3927
f 3330/4596/3925 3332/4598/3927 3226/4441/3804 3224/4439/3802
f 3332/4598/3927 3331/4597/3926 3333/4599/3928 3334/4600/3929
f 3332/4598/3927 3334/4600/3929 3228/4443/3806 3226/4441/3804
f 3334/4600/3929 3333/4599/3928 3335/4601/3930 3336/4602/3931
f 3334/4600/3929 3336/4602/3931 3230/4445/3808 3228/4443/3806
f 3336/4602/3931 3335/4601/3930 3337/4603/3932 3338/4604/3933
f 3336/4602/3931 3338/4604/3933 3339/4605/3934 3230/4445/3808
f 3339/4606/3935 3338/4607/3933 3340/4608/3936 3290/4529/3883
f 3339/4606/3935 3290/4529/3883 3288/4527/3881 3233/4526/3880
f 3339/4605/3934 3233/4448/3812 3231/4446/3809 3230/4445/3808
f 3340/4608/3936 3338/4607/3933 3337/4609/3932 3341/4610/3937
f 3340/4608/3936 3341/4610/3937 3342/4611/3938 3293/4612/3887
f 3340/4608/3936 3293/4612/3887 3291/4530/3884 3290/4529/3883
f 3342/4613/3938 3341/4614/3937 3343/4615/3939 3344/4616/3940
f 3342/4613/3938 3344/4616/3940 1105/1215/1091 1107/1214/1090
f 3342/4613/3938 1107/1214/1090 3294/4535/3888 3293/4534/3887
f 3344/4617/3941 3343/4618/3942 3345/4619/3943 3346/4620/3944
f 3344/4617/3941 3346/4620/3944 1106/1210/1089 1105/1209/1088
f 3346/4620/3944 3345/4619/3945 3311/4621/3946 3347/4622/3947
f 3346/4620/3944 3347/4622/3947 1073/4623/1050 1106/1210/1089
f 3347/4624/3948 3311/4561/3905 3309/4559/3903 3308/4558/3902
f 3347/4622/3948 3308/4625/3902 1071/4626/1048 1073/4623/1050
f 3345/4619/3943 3343/4618/3942 3348/4627/3949 3314/4566/3950
f 3345/4619/3945 3314/4566/3909 3312/4565/3908 3311/4621/3946
f 3348/4627/3949 3349/4628/3951 3315/4567/3952 3314/4566/3950
f 3348/4629/3949 3343/4615/3939 3341/4614/3937 3337/4603/3932
f 3348/4629/3949 3337/4603/3932 3335/4601/3930 3349/4630/3951
f 3349/4631/3951 3350/4632/3953 3316/4570/3954 3315/4569/3952
f 3349/4630/3951 3335/4601/3930 3333/4599/3928 3350/4633/3953
f 3350/4632/3953 3321/4634/3916 3318/4576/3913 3316/4570/3954
f 3350/4633/3953 3333/4599/3928 3331/4597/3926 3321/4635/3916
f 3331/4597/3926 3324/4589/3919 3322/4588/3917 3321/4635/3916
f 3308/4558/3902 3306/4552/3900 1072/4551/1049 1071/4636/1048
f 3303/4548/3897 3301/4547/3895 1068/4637/1045 1072/4551/1049
f 3301/4544/3895 3299/4542/3893 1069/1163/1046 1068/1162/1045
f 3299/4542/3893 3297/4541/3891 1103/1206/1085 1069/1163/1046
f 3297/4541/3891 3295/4638/3889 1104/1207/1086 1103/1206/1085
f 3295/4536/3889 3294/4535/3888 1107/1214/1090 1104/1213/1086
f 3283/4515/3873 3351/4639/3955 3352/4640/3956 3353/4641/3957
f 3283/4515/3873 3353/4641/3957 3279/4509/3867 3278/4508/3866
f 3283/4515/3873 3282/4514/3872 2888/4642/3375 3351/4639/3955
f 3353/4641/3957 3352/4640/3956 3354/4643/3958 3355/4644/3959
f 3353/4641/3957 3355/4644/3959 1393/1614/1472 3279/4509/3867
f 3355/4644/3959 3354/4643/3958 1346/4645/1415 1345/4646/1414
f 3355/4644/3959 1345/4646/1414 1394/1615/1473 1393/1614/1472
f 3354/4643/3958 3356/4647/3960 1347/4648/1417 1346/4645/1415
f 3354/4643/3958 3352/4640/3956 3357/4649/3961 3356/4647/3960
f 3357/4650/3962 3358/4651/3963 3359/4652/3964 3356/4653/3965
f 3357/4649/3961 3352/4640/3956 3351/4639/3955 3360/4654/3966
f 3357/4650/3962 3360/4655/3967 3361/4656/3968 3358/4651/3963
f 3361/4656/3968 3362/4657/3969 3363/4658/3970 3358/4651/3963
f 3361/4656/3968 3360/4655/3967 2886/3861/3372 2884/3859/3370
f 3361/4656/3968 2884/3859/3370 2883/3858/3369 3362/4657/3969
f 3363/4658/3970 1194/4659/3971 1193/4660/3972 3364/4661/3973
f 3363/4658/3970 3364/4661/3973 3359/4652/3964 3358/4651/3963
f 3363/4658/3970 3362/4657/3969 1198/4662/1213 1194/4659/3971
f 3364/4661/3973 1193/4660/3972 3365/4663/3974 3366/4664/3975
f 3364/4661/3973 3366/4664/3975 3367/4665/3976 3359/4652/3964
f 3367/4665/3976 3366/4664/3975 3368/4666/3977 3369/4667/3978
f 3367/4665/3976 3369/4667/3978 1348/4668/3979 1347/4669/3980
f 3367/4665/3976 1347/4669/3980 3356/4653/3965 3359/4652/3964
f 3369/4670/3981 3368/4671/3982 3370/4672/3983 3371/4673/3984
f 3369/4670/3981 3371/4673/3984 1349/4674/3985 1348/4675/3985
f 3371/4673/3984 3370/4672/3983 3372/4676/3986 3373/4677/3987
f 3371/4678/3988 3373/4679/3989 3374/4680/3990 1349/1552/1419
f 3374/4680/3990 3373/4679/3989 3375/4681/3991 3376/4682/3992
f 3374/4680/3990 3376/4682/3992 3377/4683/3993 3378/4684/3994
f 3374/4680/3990 3378/4684/3994 1344/1547/1413 1349/1552/1419
f 3378/4685/3995 3377/4686/3996 198/1612/1470 1394/1615/1473
f 3378/4684/3994 1394/4687/1473 1345/1548/1414 1344/1547/1413
f 3377/4683/3993 3376/4682/3992 3379/4688/3997 3380/4689/3998
f 3377/4686/3996 3380/4690/3999 1395/1616/1474 198/1612/1470
f 3380/4690/3998 3379/4691/3997 3381/4692/4000 3382/4693/4001
f 3380/4690/3999 3382/4693/4002 3383/4694/4003 1395/1616/1474
f 3383/4694/4003 3382/4693/4002 1510/1804/1633 1509/1803/1632
f 3383/4694/4003 1509/1803/1632 3384/4695/4004 3385/4696/4005
f 3383/4694/4003 3385/4696/4005 1396/1617/1475 1395/1616/1474
f 3385/4696/4005 3384/4695/4004 3386/4697/4006 3266/4493/3851
f 3385/4696/4005 3266/4493/3851 3265/4492/3850 1396/1617/1475
f 3386/4697/4006 3384/4695/4004 1513/1807/1636 3387/4698/4007
f 3386/4697/4006 3387/4698/4007 3388/4699/4008 3263/4490/3848
f 3386/4697/4006 3263/4490/3848 3262/4489/3847 3266/4493/3851
f 3388/4699/4008 3387/4698/4007 3389/4700/4009 3390/4701/4010
f 3388/4699/4008 3390/4701/4010 1673/2053/1856 248/2049/1852
f 3388/4699/4008 248/2049/1852 1672/2052/1855 3263/4490/3848
f 3390/4701/4010 3389/4700/4009 3391/4702/4011 3392/4703/4012
f 3390/4701/4010 3392/4703/4012 3393/4704/4013 1673/2053/1856
f 3393/4704/4013 3392/4703/4012 3394/4705/4014 3395/4706/4015
f 3393/4704/4013 3395/4706/4015 3396/4707/4016 3397/4708/4017
f 3393/4704/4013 3397/4708/4017 1674/2054/1857 1673/2053/1856
f 3397/4708/4017 3396/4707/4016 1631/4709/1793 3171/4357/3729
f 3397/4708/4017 3171/4357/3729 3170/4356/3728 1674/2054/1857
f 3396/4707/4016 3395/4706/4015 3398/4710/4018 3399/4711/4019
f 3396/4707/4016 3399/4711/4019 1632/1986/1794 1631/4709/1793
f 3399/4711/4019 3398/4710/4018 3400/4712/4020 3401/4713/4020
f 3399/4711/4019 3401/4713/4021 1633/1987/1795 1632/1986/1794
f 3401/4714/4022 3400/4715/4023 3402/4716/4024 3403/4717/4025
f 3401/4714/4021 3403/4717/4026 3404/4718/4027 1633/4719/1795
f 3404/4718/4027 3405/4720/4028 1504/1794/1626 3406/4721/4029
f 3404/4718/4027 3406/4721/4029 1634/4722/1796 1633/4719/1795
f 3404/4718/4027 3403/4717/4026 1778/2216/2003 3405/4720/4028
f 3406/4721/4029 1504/1794/1626 1446/1705/1545 1445/1704/1544
f 3406/4721/4029 1445/1704/1544 1444/1703/1543 1634/4722/1796
f 3405/4720/4028 1765/2201/4030 219/1792/1624 1504/1794/1626
f 3405/4720/4028 1778/2216/2003 1766/2202/1989 1765/2201/4031
f 3403/4717/4025 3402/4716/4024 1773/2211/1998 1778/2216/2003
f 3402/4716/4024 3407/4723/4032 1774/2212/1999 1773/2211/1998
f 3402/4716/4024 3400/4715/4023 3408/4724/4033 3407/4723/4032
f 3408/4724/4033 3409/4725/4034 3410/4726/4035 3407/4723/4032
f 3408/4724/4033 3400/4715/4023 3398/4727/4036 3411/4728/4037
f 3408/4724/4033 3411/4728/4037 3412/4729/4038 3409/4725/4034
f 3412/4729/4038 1522/1820/1647 1664/2039/1844 3409/4725/4034
f 3412/4729/4038 3411/4728/4037 3394/4730/4014 3413/4731/4039
f 3412/4729/4038 3413/4731/4039 1520/1816/1644 1522/1820/1647
f 3413/4732/4039 3394/4705/4014 3392/4703/4012 3391/4702/4011
f 3413/4732/4039 3391/4702/4011 1521/4733/1645 1520/4734/1644
f 3411/4735/4037 3398/4710/4018 3395/4706/4015 3394/4705/4014
f 3410/4736/4035 1663/2048/1843 1669/2047/4040 3414/4737/4041
f 3410/4726/4035 3414/4738/4041 1774/2212/1999 3407/4723/4032
f 3410/4726/4035 3409/4725/4034 1664/2039/1844 1663/2038/1843
f 3414/4737/4041 1669/2047/4040 1684/2072/1874 1683/2071/1873
f 3414/4737/4041 1683/2071/1873 1775/4739/4042 1774/4740/1999
f 3391/4702/4011 3389/4700/4009 1512/1806/1635 1521/4733/1645
f 3389/4700/4009 3387/4698/4007 1513/1807/1636 1512/1806/1635
f 3384/4695/4004 1509/1803/1632 220/1802/1631 1513/1807/1636
f 3382/4693/4001 3381/4692/4000 1516/4741/1640 1510/1804/4043
f 3381/4742/4000 3379/4688/3997 3415/4743/4044 3416/4744/4045
f 3381/4742/4000 3416/4744/4045 1517/1812/1641 1516/1811/1640
f 3416/4744/4045 3415/4743/4044 3417/4745/4046 1482/4746/1596
f 3416/4744/4045 1482/4746/1596 1481/1767/1595 1517/1812/1641
f 3417/4747/4047 3418/4748/4048 3419/4749/4049 3420/4750/4050
f 3417/4747/4047 3420/4750/4050 1478/1755/1597 1482/1759/1596
f 3417/4745/4046 3415/4743/4044 3375/4681/3991 3418/4751/4051
f 3420/4750/4050 3419/4749/4049 3421/4752/4052 3422/4753/4053
f 3420/4750/4050 3422/4753/4053 1479/1756/1592 1478/1755/1591
f 3422/4753/4053 3421/4752/4052 3423/4754/4054 1472/1741/1578
f 3422/4753/4053 1472/1741/1578 1471/1740/1577 1479/1756/1592
f 3423/4754/4054 3424/4755/4055 3425/4756/4056 3426/4757/4057
f 3423/4754/4054 3426/4757/4057 1468/1742/1579 1472/1741/1578
f 3423/4754/4054 3421/4752/4052 3427/4758/4058 3424/4755/4055
f 3427/4758/4058 3428/4759/4059 3429/4760/4060 3424/4755/4055
f 3427/4758/4058 3421/4752/4052 3419/4749/4049 3430/4761/4061
f 3427/4758/4058 3430/4761/4061 3431/4762/4062 3428/4759/4059
f 3431/4762/4062 3432/4763/4063 1305/4764/4064 3428/4759/4059
f 3431/4762/4062 3430/4761/4061 3372/4676/3986 3370/4672/3983
f 3431/4762/4062 3370/4672/3983 3368/4671/3982 3432/4763/4063
f 3432/4765/4065 3365/4663/3974 1298/1490/1352 1305/1499/1359
f 3432/4765/4065 3368/4666/3977 3366/4664/3975 3365/4663/3974
f 3430/4761/4061 3419/4749/4049 3418/4748/4048 3372/4676/3986
f 3429/4760/4060 1304/4766/4066 1303/4767/4066 3433/4768/4067
f 3429/4760/4060 3433/4768/4067 3425/4756/4056 3424/4755/4055
f 3429/4760/4060 3428/4759/4059 1305/4764/4064 1304/4766/4068
f 3433/4769/4069 1303/4770/4070 3434/4771/4071 3435/4772/4072
f 3433/4769/4069 3435/4772/4072 3436/4773/4073 3425/4774/4074
f 3436/4775/4073 3437/4776/4075 3438/4777/4076 3439/4778/4077
f 3436/4773/4073 3439/4779/4077 3426/4780/4078 3425/4774/4074
f 3436/4775/4073 3435/4781/4072 3440/4782/4079 3437/4776/4075
f 3440/4783/4079 3441/4784/4080 3442/4785/4081 3437/4786/4075
f 3440/4782/4079 3435/4781/4072 3434/4787/4071 3443/4788/4082
f 3440/4783/4079 3443/4789/4082 3444/4790/4083 3441/4784/4080
f 3444/4790/4083 3445/4791/4084 3446/4792/4085 3441/4784/4080
f 3444/4790/4083 3443/4789/4082 3447/4793/4086 3448/4794/4087
f 3444/4790/4083 3448/4794/4087 3449/4795/4088 3445/4791/4084
f 3449/4796/4088 3450/4797/4089 3451/4798/4090 3445/4799/4084
f 3449/4795/4088 3448/4794/4087 3452/4800/4091 3453/4801/4092
f 3449/4802/4088 3453/4803/4092 3454/4804/4093 3450/4805/4094
f 3454/4804/4093 3455/4806/4095 3456/4807/4096 3450/4805/4094
f 3454/4804/4093 3453/4803/4097 3457/4808/4098 3458/4809/4099
f 3454/4804/4093 3458/4809/4099 3459/4810/4100 3455/4806/4095
f 3459/4810/4100 3460/4811/4101 3461/4812/4102 3455/4806/4095
f 3459/4810/4100 3458/4809/4099 3462/4813/4103 3463/4814/4104
f 3459/4810/4100 3463/4814/4104 3464/4815/4105 3460/4811/4101
f 3464/4815/4105 3465/4816/4106 3466/4817/4107 3460/4811/4101
f 3464/4815/4105 3463/4814/4104 3467/4818/4108 3468/4819/4109
f 3464/4815/4105 3468/4819/4109 1739/2163/1954 3465/4816/4106
f 3468/4819/4109 3467/4818/4108 3469/4820/4110 3470/4821/4111
f 3468/4819/4109 3470/4821/4111 1740/2164/1955 1739/2163/1954
f 3470/4821/4111 3469/4820/4110 3471/4822/4112 3472/4823/4113
f 3470/4821/4111 3472/4823/4113 1741/2165/1956 1740/2164/1955
f 3472/4823/4113 3471/4822/4112 3473/4824/4114 3474/4825/4115
f 3472/4823/4113 3474/4825/4115 3475/4826/4116 1741/2165/1956
f 3475/4826/4116 3476/4827/4117 1742/2166/1957 1741/2165/1956
f 3475/4826/4116 3474/4825/4115 3477/4828/4118 3478/4829/4119
f 3475/4826/4116 3478/4829/4119 1707/2111/1910 3476/4827/4117
f 3478/4829/4119 3477/4828/4120 3479/4830/4121 3480/4831/4122
f 3478/4829/4119 3480/4831/4122 1708/2112/1911 1707/2111/1910
f 3480/4832/4122 3479/4833/4121 3481/4834/4123 1692/4835/1887
f 3480/4836/4122 1692/4837/1887 1691/4838/1886 1708/4839/1911
f 3481/4834/4123 3479/4833/4121 3482/4840/4124 3483/4841/4125
f 3481/4834/4123 3483/4841/4125 3484/4842/4126 3485/4843/4127
f 3481/4844/4123 3485/4845/4127 1693/2086/1888 1692/2085/1887
f 3485/4845/4127 3484/4846/4126 3486/4847/4128 3487/4848/4129
f 3485/4845/4127 3487/4848/4129 1694/2087/1889 1693/2086/1888
f 3487/4848/4129 3486/4847/4128 3488/4849/4130 3489/4850/4131
f 3487/4848/4129 3489/4850/4131 1711/2119/1915 1694/2087/1889
f 3489/4850/4131 3488/4849/4130 3490/4851/4132 3491/4852/4133
f 3489/4853/4131 3491/4854/4133 1712/2117/1916 1711/2116/1915
f 3491/4854/4133 3490/4855/4132 3492/4856/4134 3493/4857/4135
f 3491/4854/4133 3493/4857/4135 3494/4858/4136 1712/2117/1916
f 3494/4858/4136 3495/4859/4137 1713/2118/1917 1712/2117/1916
f 3494/4860/4136 3493/4861/4135 3496/4862/4138 1606/4863/4139
f 3494/4860/4136 1606/4863/4139 1605/4864/4140 3495/4865/4137
f 3496/4862/4138 3493/4861/4135 3492/4866/4134 3497/4867/4141
f 3496/4868/4138 3497/4869/4141 3498/4870/4142 3499/4871/4143
f 3496/4872/4138 3499/4873/4143 1607/1950/1762 1606/1949/1761
f 3499/4874/4144 3498/4875/4145 3500/4876/4146 3501/4877/4147
f 3499/4874/4144 3501/4877/4147 1608/1953/1765 1607/1952/1764
f 3501/4877/4147 3500/4876/4146 3502/4878/4148 1528/4879/1654
f 3501/4877/4147 1528/4879/1654 1527/4880/1653 1608/1953/1765
f 3502/4881/4148 3500/4882/4146 3503/4883/4149 3504/4884/4150
f 3502/4881/4148 3504/4884/4150 3505/4885/4151 3506/4886/4152
f 3502/4881/4148 3506/4886/4152 1529/1830/1655 1528/1829/1654
f 3506/4887/4152 3505/4888/4151 3507/4889/4153 3508/4890/4154
f 3506/4887/4152 3508/4890/4154 1491/1774/1609 1529/4891/1655
f 3508/4890/4154 3507/4889/4153 3509/4892/4155 3510/4893/4156
f 3508/4890/4154 3510/4893/4156 1492/1775/1610 1491/1774/1609
f 3510/4893/4156 3509/4892/4155 3511/4894/4157 3512/4895/4158
f 3510/4893/4156 3512/4895/4158 1493/1776/1611 1492/1775/1610
f 3512/4896/4158 3511/4897/4157 3513/4898/4159 3514/4899/4160
f 3512/4895/4158 3514/4900/4160 3515/4901/4161 1493/1776/1611
f 3515/4902/4162 3514/4899/4163 3516/4903/4164 3517/4904/4165
f 3515/4902/4161 3517/4904/4166 1356/4905/4167 1355/4906/1426
f 3515/4901/4161 1355/1559/1426 1488/1771/1606 1493/1776/1611
f 3516/4903/4164 3514/4899/4163 3513/4898/4168 3518/4907/4169
f 3516/4903/4164 3518/4907/4169 3519/4908/4170 3520/4909/4171
f 3524/4910/4172 3525/4911/4173 1329/1529/1388 1359/1563/1430
f 3525/4911/4173 3526/4912/4174 3527/4913/4175 3528/4914/4176
f 3525/4911/4173 3528/4914/4176 1328/1528/1387 1329/1529/1388
f 3528/4914/4176 3527/4913/4175 3529/4915/4177 3530/4916/4178
f 3528/4914/4176 3530/4916/4178 1269/1454/1318 1328/1528/1387
f 3530/4916/4178 3529/4915/4177 3531/4917/4179 3532/4918/4180
f 3530/4916/4178 3532/4918/4180 1270/1455/1319 1269/1454/1318
f 3532/4918/4180 3531/4917/4179 3533/4919/4181 3534/4920/4182
f 3532/4918/4180 3534/4920/4182 3535/4921/4183 1270/1455/1319
f 3535/4921/4183 3536/4922/4184 1264/1449/1313 1270/1455/1319
f 3535/4921/4183 3534/4920/4182 1234/4923/4185 1232/1392/1265
f 3535/4921/4183 1232/1392/1265 1231/1391/1264 3536/4922/4184
f 3536/4922/4184 1291/1479/1343 1265/1450/1314 1264/1449/1313
f 3536/4922/4184 1231/1391/1264 1286/1474/1338 1291/1479/1343
f 3534/4920/4182 3533/4919/4181 3537/4924/4186 1234/4923/4185
f 3537/4924/4186 3533/4919/4181 3538/4925/4187 3539/4926/4188
f 3537/4927/4189 3539/4928/4190 3540/4929/4191 3541/4930/4192
f 3537/4927/4189 3541/4930/4192 1235/4931/4193 1234/4932/4194
f 3541/4930/4192 3540/4929/4191 3542/4933/4195 3543/4934/4196
f 3541/4930/4192 3543/4934/4196 1236/4935/4197 1235/4931/4193
f 3543/4934/4196 3542/4933/4195 3544/4936/4198 3545/4937/4199
f 3543/4934/4196 3545/4937/4199 3546/4938/4200 1236/4935/4197
f 3546/4939/4200 3547/4940/4201 1233/1394/1268 1236/1398/1272
f 3546/4938/4200 3545/4937/4199 3548/4941/4202 3549/4942/4203
f 3546/4939/4200 3549/4943/4203 3550/4944/4204 3547/4940/4201
f 3550/4944/4204 1191/1326/4205 1186/1318/1197 3547/4940/4201
f 3550/4944/4204 3549/4943/4203 3551/4945/4206 1111/1220/1101
f 3550/4944/4204 1111/1220/1101 1098/1198/1100 1191/1326/4205
f 3551/4946/4206 3549/4942/4203 3548/4941/4202 3552/4947/4207
f 3551/4946/4206 3552/4947/4207 2825/3761/3296 3553/4948/4208
f 3551/4945/4206 3553/4949/4208 1112/1221/1102 1111/1220/1101
f 3553/4948/4208 2825/3761/3296 2823/3755/3294 2822/3754/3293
f 3553/4948/4208 2822/3754/3293 3554/4950/4209 1112/4951/1102
f 3554/4952/4209 1099/1200/4210 150/1199/1099 1112/1221/1102
f 3554/4950/4209 2822/3754/3293 2820/3752/3291 2819/3751/3290
f 3554/4950/4209 2819/3751/3290 3555/4953/4211 1099/4954/4210
f 3555/4955/4212 3556/4956/4213 1095/4957/1075 1099/4958/1080
f 3555/4959/4211 2819/4960/3290 2817/3747/3288 2816/3746/3287
f 3555/4959/4212 2816/3746/4214 2809/3737/3278 3556/4961/4213
f 3556/4956/4213 2806/3733/3274 1096/4962/1076 1095/4957/1075
f 3556/4961/4213 2809/3737/3278 2807/3735/3275 2806/4963/3274
f 3552/4947/4207 3548/4941/4202 3557/4964/4215 2828/3766/3299
f 3552/4947/4207 2828/3766/3299 2826/3762/3297 2825/3761/3296
f 3557/4964/4215 3548/4941/4202 3545/4937/4199 3544/4936/4198
f 3557/4964/4215 3544/4936/4198 3558/4965/4216 2831/4966/3302
f 3557/4964/4215 2831/4966/3302 2829/3767/3300 2828/3766/3299
f 3558/4965/4216 3544/4936/4198 3542/4933/4195 3559/4967/4217
f 3558/4968/4216 3559/4969/4217 3560/4970/4218 2834/3779/3306
f 3558/4968/4216 2834/3779/3306 2832/3778/3303 2831/4971/3302
f 3560/4970/4218 3559/4969/4217 3561/4972/4219 3562/4973/4220
f 3560/4970/4218 3562/4973/4220 2839/3790/3312 2837/3785/3310
f 3560/4970/4218 2837/3785/3310 2835/3780/3307 2834/3779/3306
f 3562/4973/4220 3561/4972/4219 3563/4974/4221 3564/4975/4222
f 3562/4973/4220 3564/4975/4222 2841/4976/3315 2839/3790/3312
f 3564/4977/4223 3563/4978/4224 3565/4979/4225 3566/4980/4226
f 3564/4977/4223 3566/4980/4226 2843/3798/3319 2841/3796/3318
f 3566/4980/4226 3565/4979/4225 3567/4981/4227 3568/4982/4228
f 3566/4980/4226 3568/4982/4228 3569/4983/4229 2843/3798/3319
f 3569/4983/4229 3568/4982/4228 3570/4984/4230 3571/4985/4231
f 3569/4983/4229 3571/4985/4231 1081/1173/1056 2846/3801/3322
f 3569/4983/4229 2846/3801/3322 2844/3799/3320 2843/3798/3319
f 3571/4985/4231 3570/4984/4230 3572/4986/4232 3573/4987/4233
f 3571/4985/4231 3573/4987/4233 1082/1174/1057 1081/1173/1056
f 3573/4987/4233 3572/4986/4232 3574/4988/4234 1146/1269/1148
f 3573/4987/4233 1146/1269/1148 1083/1175/1058 1082/1174/1057
f 3574/4988/4234 3575/4989/4235 3576/4990/4236 1241/1405/1278
f 3574/4988/4234 1241/1405/1278 1147/1270/1149 1146/1269/1148
f 3574/4988/4234 3572/4986/4232 3577/4991/4237 3575/4989/4235
f 3577/4991/4237 3578/4992/4238 3579/4993/4239 3575/4989/4235
f 3577/4991/4237 3572/4986/4232 3570/4984/4230 3580/4994/4240
f 3577/4991/4237 3580/4994/4240 3581/4995/4241 3578/4992/4238
f 3581/4995/4241 3529/4915/4177 3527/4913/4175 3578/4992/4238
f 3581/4995/4241 3580/4994/4240 3567/4981/4227 3582/4996/4242
f 3581/4995/4241 3582/4996/4242 3531/4917/4179 3529/4915/4177
f 3582/4996/4242 3567/4981/4227 3565/4979/4225 3538/4925/4187
f 3582/4996/4242 3538/4925/4187 3533/4919/4181 3531/4917/4179
f 3580/4994/4240 3570/4984/4230 3568/4982/4228 3567/4981/4227
f 3579/4993/4239 3526/4912/4174 3523/4997/4243 3583/4998/4244
f 3579/4993/4239 3583/4998/4244 3576/4990/4236 3575/4989/4235
f 3579/4993/4239 3578/4992/4238 3527/4913/4175 3526/4912/4174
f 3583/4998/4244 3523/4997/4243 3522/4999/4245 3584/5000/4246
f 3583/4998/4244 3584/5000/4246 3585/5001/4247 3576/4990/4236
f 3585/5001/4247 3584/5000/4246 3586/5002/4248 3587/5003/4249
f 3585/5004/4247 3587/5005/4249 1238/1401/1274 1237/1400/1273
f 3585/5001/4247 1237/1406/1273 1241/1405/1278 3576/4990/4236
f 3587/5006/4249 3586/5007/4248 3588/5008/4250 3589/5009/4251
f 3587/5005/4249 3589/5010/4251 3590/5011/4252 1238/1401/1274
f 3590/5012/4252 3589/5013/4251 3591/5014/4253 3592/5015/4254
f 3590/5012/4252 3592/5015/4254 3593/5016/4255 3594/5017/4256
f 3590/5011/4252 3594/5018/4256 1239/1402/1275 1238/1401/1274
f 3594/5017/4256 3593/5016/4255 185/5019/1369 1312/5020/1368
f 3594/5018/4256 1312/1508/1368 1240/1403/1276 1239/1402/1275
f 3593/5016/4257 3592/5015/4258 3595/5021/4259 3596/5022/4260
f 3593/5016/4257 3596/5022/4260 1320/5023/4261 185/5019/4262
f 3596/5022/4260 3595/5021/4259 3597/5024/4263 3598/5025/4264
f 3596/5022/4260 3598/5025/4264 3599/5026/4265 1320/5023/4261
f 3599/5026/4265 3598/5025/4264 3600/5027/4266 3601/5028/4267
f 3599/5029/4268 3601/5030/4269 3602/5031/4270 3603/5032/4271
f 3599/5029/4268 3603/5032/4271 1321/1519/1379 1320/1518/1378
f 3603/5033/4272 3604/5034/4273 3605/5035/4274 1321/5036/4275
f 3603/5033/4272 3602/5037/4276 3606/5038/4276 3604/5034/4273
f 3606/5038/4277 3607/5039/4278 3608/5040/4279 3604/5034/4273
f 3606/5038/4277 3602/5037/4280 1370/5041/4280 3609/5042/4281
f 3606/5038/4277 3609/5042/4281 3610/5043/4282 3607/5039/4278
f 3610/5043/4282 3611/5044/4283 3612/5045/4284 3607/5039/4278
f 3610/5043/4282 3609/5042/4281 3613/5046/4285 3614/5047/4286
f 3610/5043/4282 3614/5047/4286 3615/5048/4287 3611/5044/4283
f 3615/5049/4287 3616/5050/4288 3617/5051/4289 3611/5052/4283
f 3615/5049/4287 3614/5053/4286 1422/1663/1513 3618/5054/4290
f 3615/5049/4287 3618/5054/4290 3619/5055/4291 3616/5050/4288
f 3619/5056/4291 3498/4870/4142 3497/4869/4141 3616/5057/4288
f 3619/5055/4291 3618/5054/4290 3620/5058/4292 3503/4883/4149
f 3619/5056/4291 3503/5059/4149 3500/5060/4146 3498/4870/4145
f 3620/5058/4292 3618/5054/4290 1422/1663/1513 1421/1662/1512
f 3620/5058/4292 1421/1662/1512 1423/5061/1514 3621/5062/4293
f 3620/5058/4292 3621/5062/4293 3504/4884/4150 3503/4883/4149
f 3621/5063/4293 1423/1667/1514 3622/5064/4294 3623/5065/4295
f 3621/5063/4293 3623/5065/4295 3505/4888/4151 3504/5066/4150
f 3623/5065/4295 3622/5064/4294 3624/5067/4296 3625/5068/4297
f 3623/5065/4295 3625/5068/4297 3507/4889/4153 3505/4888/4151
f 3625/5068/4297 3624/5067/4296 3626/5069/4298 3627/5070/4299
f 3625/5068/4297 3627/5070/4299 3509/4892/4155 3507/4889/4153
f 3627/5070/4299 3626/5069/4298 3628/5071/4300 3629/5072/4301
f 3627/5070/4299 3629/5072/4301 3511/4894/4157 3509/4892/4155
f 3629/5072/4301 3628/5071/4300 3630/5073/4302 3631/5074/4303
f 3629/5072/4301 3631/5074/4303 3513/5075/4159 3511/4894/4157
f 3631/5074/4303 3630/5073/4302 3591/5014/4253 3632/5076/4304
f 3631/5074/4303 3632/5076/4304 3518/5077/4305 3513/5075/4159
f 3632/5076/4304 3591/5014/4253 3589/5013/4251 3588/5078/4250
f 3632/5076/4304 3588/5078/4250 3519/5079/4306 3518/5077/4305
f 3630/5073/4302 3628/5071/4300 3597/5024/4263 3595/5021/4259
f 3630/5073/4302 3595/5021/4259 3592/5015/4258 3591/5014/4253
f 3628/5071/4300 3626/5069/4298 3633/5080/4307 3597/5024/4263
f 3633/5080/4307 3626/5069/4298 3624/5067/4296 3634/5081/4308
f 3633/5080/4307 3634/5081/4308 1367/1578/4309 3600/5027/4266
f 3633/5080/4307 3600/5027/4266 3598/5025/4264 3597/5024/4263
f 3634/5081/4308 3624/5067/4296 3622/5064/4294 3635/5082/4310
f 3634/5083/4308 3635/5084/4310 1368/1585/1442 1367/5085/1441
f 3635/5082/4310 3622/5064/4294 1423/1667/1514 1420/1666/1511
f 3635/5084/4310 1420/5086/1511 1371/1586/1445 1368/1585/1442
f 3617/5051/4289 3492/4856/4134 3490/4855/4132 3636/5087/4311
f 3617/5088/4289 3636/5089/4311 3612/5090/4284 3611/5091/4283
f 3617/5051/4289 3616/5050/4288 3497/5092/4141 3492/4856/4134
f 3636/5093/4311 3490/4851/4132 3488/4849/4130 3637/5094/4312
f 3636/5093/4311 3637/5094/4312 3638/5095/4313 3612/5045/4284
f 3638/5095/4313 3637/5094/4312 3639/5096/4314 3640/5097/4315
f 3638/5095/4313 3640/5097/4315 3641/5098/4316 3608/5040/4279
f 3638/5095/4313 3608/5040/4279 3607/5039/4278 3612/5045/4284
f 3641/5098/4316 3640/5097/4315 3642/5099/4317 3643/5100/4318
f 3641/5098/4316 3643/5100/4318 3644/5101/4319 3605/5035/4274
f 3641/5098/4316 3605/5035/4274 3604/5034/4273 3608/5040/4279
f 3644/5101/4319 3643/5100/4318 3645/5102/4320 3646/5103/4321
f 3644/5101/4319 3646/5103/4321 1316/5104/1373 1315/5105/1372
f 3644/5101/4319 1315/5105/4322 1321/5036/4275 3605/5035/4274
f 3646/5106/4321 3645/5107/4323 3647/5108/4324 3648/5109/4325
f 3646/5106/4321 3648/5109/4325 1317/1514/1374 1316/1513/1373
f 3648/5109/4325 3647/5108/4324 3649/5110/4326 3650/5111/4327
f 3648/5109/4325 3650/5111/4327 3651/5112/4328 1317/1514/1374
f 3651/5112/4328 3650/5111/4327 3652/5113/4329 3653/5114/4330
f 3651/5115/4328 3653/5116/4330 1436/5117/1534 3654/5118/4331
f 3651/5112/4328 3654/5119/4331 1318/1515/1375 1317/1514/1374
f 3654/5120/4331 1436/1691/1534 1435/1690/1533 3655/5121/4332
f 3654/5120/4331 3655/5121/4332 1319/5122/1376 1318/5123/1375
f 3655/5121/4332 1435/1690/1533 3656/5124/4333 3657/5125/4334
f 3655/5121/4332 3657/5125/4334 3658/5126/4335 1319/5122/1376
f 3658/5126/4335 3657/5125/4334 3659/5127/4336 3660/5128/4337
f 3658/5129/4335 3660/5130/4337 1326/1526/1385 1325/1525/1384
f 3658/5129/4335 1325/1525/1384 1313/1510/1370 1319/1516/1376
f 3660/5128/4337 3659/5127/4336 1340/5131/1404 1339/5132/1403
f 3660/5130/4337 1339/5133/1403 1327/1527/1386 1326/1526/1385
f 3659/5127/4336 3657/5125/4334 3656/5124/4333 3661/5134/4338
f 3659/5127/4336 3661/5134/4338 1343/5135/1410 1340/5131/1404
f 3661/5134/4338 3656/5124/4333 3662/5136/4339 3663/5137/4340
f 3661/5134/4338 3663/5137/4340 3664/5138/4341 1343/5135/1410
f 3664/5138/4341 3663/5137/4340 1297/1488/1350 3665/5139/4342
f 3664/5140/4341 3665/5141/4342 3666/5142/4343 3667/5143/4344
f 3664/5140/4341 3667/5143/4344 1341/1543/1411 1343/1545/1410
f 3667/5143/4345 3666/5142/4346 3668/5144/4347 3669/5145/4348
f 3667/5143/4345 3669/5145/4348 1342/1544/1407 1341/1543/1406
f 3669/5145/4348 3668/5144/4347 3670/5146/4349 3671/5147/4350
f 3669/5148/4348 3671/5149/4350 3672/5150/4351 1342/5151/1407
f 3672/5150/4351 3673/5152/4352 3674/5153/4353 3675/5154/4354
f 3672/5150/4351 3675/5154/4354 1338/5155/1408 1342/5151/1407
f 3672/5150/4351 3671/5149/4350 1219/1372/1245 3673/5152/4352
f 3675/5156/4354 3674/5157/4353 1322/5158/1381 1327/5159/1386
f 3675/5156/4354 1327/5159/1386 1339/1541/1403 1338/1540/1402
f 3674/5153/4353 3676/5160/4355 1323/5161/1382 1322/5162/1381
f 3674/5153/4353 3673/5152/4352 3677/5163/4356 3676/5160/4355
f 3677/5163/4356 1151/1276/1155 3678/5164/4357 3676/5160/4355
f 3677/5163/4356 3673/5152/4352 1219/1372/1245 1218/1371/1244
f 3677/5163/4356 1218/1371/1244 1150/1274/1153 1151/1276/1155
f 3678/5164/4357 1242/5165/1279 3679/5166/4358 3680/5167/4359
f 3678/5164/4357 3680/5167/4359 1323/5161/1382 3676/5160/4355
f 3678/5164/4357 1151/1276/1155 1148/1272/1151 1242/5165/1279
f 3680/5168/4359 3679/5169/4358 1311/1507/1367 1314/1511/1371
f 3680/5168/4359 1314/1511/1371 1324/1524/1383 1323/1523/1382
f 3679/5169/4358 1240/1403/1276 1312/1508/1368 1311/1507/1367
f 3679/5169/4358 1242/5170/1279 173/1404/1277 1240/1403/1276
f 3671/5149/4350 3670/5171/4349 1217/1370/1243 1219/1372/1245
f 3670/5146/4349 3668/5144/4347 3681/5172/4360 3682/5173/4361
f 3670/5171/4349 3682/5174/4361 1215/1367/1240 1217/1370/1243
f 3682/5173/4361 3681/5172/4360 3683/5175/4362 3684/5176/4363
f 3682/5174/4361 3684/5177/4363 1216/1368/1241 1215/1367/1240
f 3684/5176/4363 3683/5175/4362 3685/5178/4364 3686/5179/4365
f 3684/5177/4363 3686/5180/4365 3687/5181/4366 1216/1368/1241
f 3687/5181/4366 3686/5180/4365 1110/5182/1097 3688/5183/4367
f 3687/5181/4366 3688/5183/4367 2853/3808/3329 3689/5184/4368
f 3687/5181/4366 3689/5184/4368 1213/1365/1238 1216/1368/1241
f 3689/5184/4368 2853/3808/3329 2851/3806/3327 2850/3805/3326
f 3689/5184/4368 2850/3805/3326 1214/1366/1239 1213/1365/1238
f 3688/5183/4367 1110/5182/1097 1093/1193/4369 1094/1192/4370
f 3688/5183/4367 1094/1192/4370 2854/3809/3330 2853/3808/3329
f 3686/5179/4365 3685/5178/4364 1108/1216/1098 1110/1219/1097
f 3685/5178/4364 3683/5175/4362 3690/5185/4371 3691/5186/4372
f 3685/5178/4364 3691/5186/4372 1109/1217/1094 1108/1216/1093
f 3691/5186/4372 3690/5185/4371 3692/5187/4373 3693/5188/4374
f 3691/5189/4372 3693/5190/4374 3694/5191/4375 1109/5192/1094
f 3694/5191/4375 3693/5190/4374 3695/5193/4376 1197/5194/4377
f 3694/5195/4378 1197/1334/1212 1114/1333/1211 1113/5196/4379
f 3694/5195/4378 1113/5196/4379 1100/1218/1095 1109/1217/1094
f 3695/5193/4376 1280/1467/1331 1279/1466/1330 3696/5197/4380
f 3695/5193/4376 3696/5197/4380 1195/5198/4381 1197/5194/4377
f 3695/5193/4376 3693/5190/4374 3692/5199/4373 1280/1467/1331
f 3696/5197/4380 1299/1493/1353 1196/1492/1210 1195/5198/4381
f 3696/5197/4380 1279/1466/1330 1285/1472/1336 1299/1493/1353
f 3692/5187/4373 3697/5200/4382 1281/5201/1332 1280/5202/1331
f 3692/5187/4373 3690/5185/4371 3698/5203/4383 3697/5200/4382
f 3698/5203/4383 3666/5142/4343 3665/5141/4342 3697/5200/4382
f 3698/5203/4383 3690/5185/4371 3683/5175/4362 3681/5172/4360
f 3698/5203/4383 3681/5172/4360 3668/5144/4347 3666/5142/4346
f 3697/5204/4382 3665/5139/4342 1297/1488/1350 1281/1468/1332
f 3663/5137/4340 3662/5136/4339 1282/1469/1333 1297/1488/1350
f 3662/5136/4339 1433/1685/1530 1283/1470/1334 1282/1469/1333
f 3662/5136/4339 3656/5124/4333 1435/1690/1533 1433/1685/1530
f 3653/5205/4330 3652/5206/4329 3699/5207/4384 1437/1692/1535
f 3653/5116/4330 1437/5208/1535 205/5209/1528 1436/5117/1534
f 3699/5207/4384 3700/5210/4385 3701/5211/4386 3702/5212/4387
f 3699/5207/4384 3702/5212/4387 1438/1693/1536 1437/1692/1535
f 3699/5207/4384 3652/5206/4329 3703/5213/4388 3700/5210/4385
f 3703/5213/4388 3704/5214/4389 3705/5215/4390 3700/5210/4385
f 3703/5216/4391 3652/5113/4329 3650/5111/4327 3649/5110/4326
f 3703/5216/4391 3649/5110/4326 3706/5217/4392 3704/5218/4389
f 3706/5219/4392 3707/5220/4393 3708/5221/4394 3704/5214/4389
f 3706/5217/4392 3649/5110/4326 3647/5108/4324 3709/5222/4395
f 3706/2103/4392 3709/5223/4395 3710/5224/4396 3707/5225/4393
f 3710/5226/4396 3482/5227/4124 3711/5228/4397 3707/5220/4393
f 3710/5226/4396 3709/5229/4395 3712/5230/4398 3713/5231/4399
f 3710/5232/4396 3713/5233/4399 3483/5234/4125 3482/5235/4124
f 3713/5231/4399 3712/5230/4398 3642/5099/4317 3714/5236/4400
f 3713/5237/4399 3714/5238/4400 3484/4842/4126 3483/4841/4125
f 3714/5236/4400 3642/5099/4317 3640/5097/4315 3639/5096/4314
f 3714/5236/4400 3639/5096/4314 3486/4847/4128 3484/4846/4126
f 3712/5230/4398 3709/5229/4395 3647/5239/4324 3645/5102/4323
f 3712/5230/4398 3645/5102/4320 3643/5100/4318 3642/5099/4317
f 3711/5228/4397 3477/4828/4118 3474/4825/4115 3473/4824/4114
f 3711/5228/4397 3473/4824/4114 3708/5221/4394 3707/5220/4393
f 3711/5240/4397 3482/4840/4124 3479/4833/4121 3477/5241/4120
f 3708/5221/4394 3473/4824/4114 3471/4822/4112 3715/5242/4401
f 3708/5221/4394 3715/5242/4401 3705/5215/4390 3704/5214/4389
f 3715/5242/4401 3471/4822/4112 3469/4820/4110 3716/5243/4402
f 3715/5242/4401 3716/5243/4402 3717/5244/4403 3705/5215/4390
f 3717/5244/4403 3716/5243/4402 3718/5245/4404 3719/5246/4405
f 3717/5244/4403 3719/5246/4405 3720/5247/4406 3701/5211/4386
f 3717/5244/4403 3701/5211/4386 3700/5210/4385 3705/5215/4390
f 3720/5247/4406 3719/5246/4405 3721/5248/4407 3722/5249/4408
f 3720/5247/4406 3722/5249/4408 3723/5250/4409 3724/5251/4410
f 3720/5247/4406 3724/5251/4410 3702/5212/4387 3701/5211/4386
f 3724/5251/4410 3723/5250/4409 3725/5252/4411 1452/1713/1553
f 3724/5251/4410 1452/1713/1553 1438/1693/1536 3702/5212/4387
f 3725/5252/4411 3723/5250/4409 3726/5253/4412 3727/5254/4413
f 3725/5252/4411 3727/5254/4413 3728/5255/4414 3729/5256/4415
f 3725/5252/4411 3729/5256/4415 1434/1714/1532 1452/1713/1553
f 3729/5256/4415 3728/5255/4414 3730/5257/4416 3731/5258/4417
f 3729/5256/4415 3731/5258/4417 1432/1684/1529 1434/1714/1532
f 3731/5258/4417 3730/5257/4416 1285/1472/1336 1284/1471/1335
f 3731/5258/4417 1284/1471/1335 1283/1470/1334 1432/1684/1529
f 3730/5257/4416 3728/5255/4414 1301/1495/1355 1300/1494/1354
f 3730/5257/4416 1300/1494/1354 1299/1493/1353 1285/1472/1336
f 3728/5255/4414 3727/5254/4413 3732/5259/4418 1301/1495/1355
f 3732/5259/4418 3733/5260/4419 3447/5261/4420 3734/5262/4421
f 3732/5259/4418 3734/5262/4421 1302/1496/1356 1301/1495/1355
f 3732/5259/4418 3727/5254/4413 3726/5253/4412 3733/5260/4419
f 3734/5263/4422 3447/5264/4086 3443/4788/4082 3434/4787/4071
f 3734/5262/4423 3434/5265/4423 1303/1497/1357 1302/1496/1356
f 3733/5260/4424 3452/5266/4091 3448/5267/4087 3447/5261/4424
f 3733/5260/4419 3726/5253/4412 3735/5268/4425 3452/5266/4426
f 3735/5268/4425 3457/4808/4098 3453/4803/4097 3452/5266/4426
f 3735/5268/4425 3726/5253/4412 3723/5250/4409 3722/5249/4408
f 3735/5268/4425 3722/5249/4408 3721/5248/4407 3457/4808/4098
f 3721/5248/4407 3462/4813/4103 3458/4809/4099 3457/4808/4098
f 3721/5248/4407 3719/5246/4405 3718/5245/4404 3462/4813/4103
f 3718/5245/4404 3467/4818/4108 3463/4814/4104 3462/4813/4103
f 3718/5245/4404 3716/5243/4402 3469/4820/4110 3467/4818/4108
f 3639/5096/4314 3637/5094/4312 3488/4849/4130 3486/4847/4128
f 3614/5269/4286 3613/5270/4285 1419/5271/1510 1422/5272/1513
f 3613/5273/4285 3609/5274/4281 1370/5275/4427 1369/1587/1446
f 3613/5273/4285 1369/1587/1446 1371/1586/1445 1419/5276/1510
f 3602/5031/4270 3601/5030/4269 1366/1583/4428 1370/1582/4428
f 3601/5028/4267 3600/5027/4266 1367/1578/4429 1366/1577/4429
f 3588/5078/4250 3586/5002/4248 3521/5277/4430 3519/5079/4306
f 3586/5002/4248 3584/5000/4246 3522/4999/4245 3521/5277/4430
f 3565/4979/4225 3563/4978/4224 3539/4926/4188 3538/4925/4187
f 3563/5278/4221 3561/5279/4219 3540/4929/4191 3539/4928/4190
f 3561/5279/4219 3559/4967/4217 3542/4933/4195 3540/4929/4191
f 3547/4940/4201 1186/1318/1197 1185/1317/1196 1233/1394/1268
f 3495/4859/4137 3736/5280/4431 3737/5281/4432 1713/2118/1917
f 3495/4859/4137 1605/1948/4140 1610/1956/4433 3736/5280/4431
f 3737/5281/4432 3736/5280/4431 3738/5282/4434 3739/5283/4435
f 3737/5281/4432 3739/5283/4435 3740/5284/4436 3741/5285/4437
f 3737/5281/4432 3741/5285/4437 1714/2121/1918 1713/2118/1917
f 3741/5285/4437 3740/5284/4436 3742/5286/4438 3743/5287/4439
f 3741/5285/4437 3743/5287/4439 1709/5288/1912 1714/2121/1918
f 3743/5287/4439 3742/5286/4438 1598/1934/1751 1597/1933/1750
f 3743/5287/4439 1597/1933/1750 1710/5289/1913 1709/5288/1912
f 3742/5286/4438 3740/5284/4436 1547/1859/1683 1546/1858/1682
f 3742/5286/4438 1546/1858/1682 1599/1935/1752 1598/1934/1751
f 3740/5284/4436 3739/5283/4435 1548/1860/1684 1547/1859/1683
f 3739/5283/4435 3738/5282/4434 3744/5290/4440 1548/1860/1684
f 3744/5290/4440 3738/5282/4434 3745/5291/4441 3746/5292/4442
f 3744/5290/4440 3746/5292/4442 3747/5293/4443 3748/5294/4444
f 3744/5290/4440 3748/5294/4444 1543/1855/1679 1548/1860/1684
f 3748/5294/4444 3747/5293/4443 3749/5295/4445 3750/5296/4446
f 3748/5294/4444 3750/5296/4446 1544/1856/1680 1543/1855/1679
f 3750/5296/4446 3749/5295/4445 1399/1624/1480 1403/1628/1484
f 3750/5296/4446 1403/1628/1484 3751/5297/4447 1544/1856/1680
f 3751/5297/4447 1403/1628/1484 1402/1627/1483 3752/5298/4448
f 3751/5297/4447 3752/5298/4448 3753/5299/4449 3754/5300/4450
f 3751/5297/4447 3754/5300/4450 1545/1857/1681 1544/1856/1680
f 3754/5300/4450 3753/5299/4449 1594/1936/1746 1599/1935/1752
f 3754/5300/4450 1599/1935/1752 1546/1858/1682 1545/1857/1681
f 3753/5301/4451 3752/5302/4448 3755/5303/4452 3756/5304/4453
f 3753/5301/4451 3756/5304/4453 1595/1929/1747 1594/1928/1746
f 3756/5304/4453 3755/5303/4452 3757/5305/4454 3758/5306/4455
f 3756/5304/4453 3758/5306/4455 3759/5307/4456 1595/1929/1747
f 3759/5308/4456 3758/5309/4455 3760/5310/4457 3761/5311/4458
f 3759/5308/4456 3761/5311/4458 3762/5312/4459 3763/5313/4460
f 3759/5307/4456 3763/5314/4460 1591/1930/1748 1595/1929/1747
f 3763/5315/4461 3762/5316/4462 3764/5317/4463 1659/2033/1838
f 3763/5315/4461 1659/2033/1838 1592/1925/1744 1591/1924/1743
f 3764/5317/4463 3762/5316/4462 3765/5318/4464 3766/5319/4465
f 3764/5317/4463 3766/5319/4465 3767/5320/4466 3768/5321/4467
f 3764/5317/4463 3768/5321/4467 1660/2034/1839 1659/2033/1838
f 3768/5321/4467 3767/5320/4466 3769/5322/4468 3770/5323/4469
f 3768/5321/4467 3770/5323/4469 1661/2035/1840 1660/2034/1839
f 3770/5323/4469 3769/5322/4468 3771/5324/4470 3772/5325/4471
f 3770/5323/4469 3772/5325/4471 3773/5326/4472 1661/2035/1840
f 3773/5326/4472 3774/5327/4473 1662/2036/4474 1661/2035/1840
f 3773/5328/4472 3772/5329/4471 3775/5330/4475 3776/5331/4476
f 3773/5332/4472 3776/5333/4476 3777/5334/4477 3774/5335/4473
f 3777/5334/4477 3778/5336/4478 1600/1938/1753 3774/5335/4473
f 3777/5334/4477 3776/5333/4476 1734/5337/1947 1733/5338/1946
f 3777/5334/4477 1733/5338/1946 1737/5339/4479 3778/5336/4478
f 3778/5336/4478 3779/5340/4480 1596/1932/1749 1600/1938/1753
f 3778/5336/4478 1737/5339/4479 3780/5341/4481 3779/5340/4480
f 3780/5341/4481 255/5342/1908 1710/5289/1913 3779/5340/4480
f 3780/5343/4481 1737/2159/1950 1736/2158/1949 3781/5344/4482
f 3780/5343/4481 3781/5344/4482 1706/2110/1909 255/2109/1908
f 3781/5344/4482 1736/2158/1949 1735/2157/1948 3782/5345/4483
f 3781/5344/4482 3782/5345/4483 3783/5346/4484 1706/2110/1909
f 3783/5346/4484 3476/4827/4117 1707/2111/1910 1706/2110/1909
f 3783/5346/4484 3782/5345/4483 3784/5347/4485 1743/2167/1958
f 3783/5346/4484 1743/2167/1958 1742/2166/1957 3476/4827/4117
f 3784/5347/4485 3782/5345/4483 1735/2157/1948 3785/5348/4486
f 3784/5347/4485 3785/5348/4486 3786/5349/4487 3787/5350/4488
f 3784/5347/4485 3787/5350/4488 1738/2162/1953 1743/2167/1958
f 3787/5350/4488 3786/5349/4487 3466/4817/4107 3465/4816/4106
f 3787/5350/4488 3465/4816/4106 1739/2163/1954 1738/2162/1953
f 3786/5349/4487 3785/5348/4486 3788/5351/4489 3789/5352/4490
f 3786/5349/4487 3789/5352/4490 3790/5353/4491 3466/4817/4107
f 3790/5353/4491 3789/5352/4492 1763/5354/1985 1762/5355/1984
f 3790/5353/4491 1762/5355/1984 3791/5356/4493 3461/4812/4102
f 3790/5353/4491 3461/4812/4102 3460/4811/4101 3466/4817/4107
f 3791/5357/4494 1762/5358/1984 266/2194/1982 3792/5359/4495
f 3791/5360/4496 3792/5361/4497 3793/5362/4498 3456/5363/4499
f 3791/5356/4493 3456/4807/4096 3455/4806/4095 3461/4812/4102
f 3793/5362/4498 3792/5361/4497 1770/2207/1994 1769/2206/1993
f 3793/5362/4498 1769/2206/1993 3794/5364/4500 3451/4798/4090
f 3793/5362/4498 3451/4798/4090 3450/4797/4089 3456/5363/4499
f 3794/5364/4500 1769/2206/1993 1768/2205/1992 3795/5365/4501
f 3794/5366/4500 3795/5367/4501 3796/5368/4502 3446/4792/4085
f 3794/5366/4500 3446/4792/4085 3445/4791/4084 3451/5369/4090
f 3796/5370/4502 3795/5371/4501 3797/5372/4503 3798/5373/4504
f 3796/5370/4502 3798/5373/4504 3799/5374/4505 3442/5375/4506
f 3796/5368/4502 3442/4785/4081 3441/4784/4080 3446/4792/4085
f 3799/5376/4507 3798/5377/4504 3800/5378/4508 3801/5379/4509
f 3799/5376/4507 3801/5379/4509 3802/5380/4510 3438/5381/4076
f 3799/5374/4505 3438/5382/4076 3437/5383/4075 3442/5375/4506
f 3802/5380/4510 3801/5379/4509 3803/5384/4511 1500/5385/1620
f 3802/5380/4510 1500/5385/1620 1470/1738/1575 1469/1737/1574
f 3802/5380/4510 1469/1737/1574 3439/4779/4077 3438/5381/4076
f 3803/5384/4511 1830/2294/2075 1828/2293/2074 1827/5386/4512
f 3803/5384/4511 1827/5386/4512 1501/5387/1621 1500/5385/1620
f 3803/5384/4511 3801/5379/4509 3800/5378/4508 1830/2294/2075
f 3800/5378/4508 1834/5388/2079 1831/2295/2076 1830/2294/2075
f 3800/5389/4508 3798/5390/4504 3797/5391/4503 1834/2299/2079
f 3797/5391/4503 1772/2209/1996 1835/2300/2080 1834/2299/2079
f 3797/5391/4503 3795/5365/4501 1768/2205/1992 1772/2209/1996
f 3792/5359/4495 266/2194/1982 1754/2185/1972 1770/5392/1994
f 3789/5352/4492 3788/5351/4489 3804/5393/4513 1763/5354/1985
f 3804/5393/4513 3788/5351/4489 1732/2152/1945 1731/2151/1944
f 3804/5393/4513 1731/2151/1944 3805/5394/4514 3806/5395/4515
f 3804/5396/4513 3806/5397/4515 1759/5398/1986 1763/5399/1985
f 3806/5395/4515 3805/5394/4514 3807/5400/4516 3808/5401/4517
f 3806/5395/4515 3808/5401/4517 1760/2192/1980 1759/2191/1979
f 3808/5401/4517 3807/5400/4516 3809/5402/4518 3810/5403/4519
f 3808/5401/4517 3810/5403/4519 1729/2147/1941 1760/2192/1980
f 3810/5403/4519 3809/5402/4520 3811/5404/4521 3812/5405/4522
f 3810/5403/4519 3812/5405/4522 1703/2148/1904 1729/2147/1941
f 3812/5406/4522 3811/5407/4521 3813/5408/4523 3814/5409/4524
f 3812/5410/4522 3814/5411/4524 1701/2105/1900 1703/2104/1904
f 3814/5412/4524 3813/5413/4523 3815/5414/4525 3816/5415/4526
f 3814/5416/4524 3816/5417/4526 1702/2100/1901 1701/2099/1900
f 3816/5417/4526 3815/5418/4525 3817/5419/4527 3818/5420/4528
f 3816/5417/4526 3818/5420/4528 3819/5421/4529 1702/2100/1901
f 3819/5421/4529 3818/5420/4528 3820/5422/4530 3821/5423/4531
f 3819/5421/4529 3821/5423/4531 3822/5424/4532 1649/5425/4533
f 3819/5421/4529 1649/5425/4533 1648/2101/1902 1702/2100/1901
f 3822/5424/4532 3821/5423/4531 3823/5426/4534 3824/5427/4535
f 3822/5424/4536 3824/5427/4535 3825/5428/4537 3826/5429/4538
f 3822/5430/4536 3826/5431/4538 1645/2010/1816 1649/2014/1820
f 3826/5429/4538 3825/5428/4537 3827/5432/4539 3828/5433/4540
f 3826/5429/4538 3828/5433/4540 1646/5434/1817 1645/5435/1816
f 3828/5436/4540 3827/5437/4541 3829/5438/4542 3830/5439/4543
f 3828/5436/4540 3830/5439/4543 3831/5440/4544 1646/2011/1817
f 3831/5440/4544 1851/2320/2098 1647/2012/1818 1646/2011/1817
f 3831/5440/4544 3830/5439/4543 3832/5441/4545 3833/5442/4546
f 3831/5440/4544 3833/5442/4546 1852/2321/2099 1851/2320/2098
f 3833/5443/4546 3832/5444/4547 3834/5445/4548 3835/5446/4549
f 3833/5443/4546 3835/5446/4549 1854/5447/2101 1852/5448/2099
f 3835/5449/4550 3834/5450/4551 1719/2128/1924 1718/2127/1923
f 3835/5449/4550 1718/2127/1923 265/2131/1927 1854/2323/2101
f 3834/5445/4548 3832/5444/4547 3836/5451/4552 3837/5452/4553
f 3834/5450/4551 3837/5453/4554 3838/5454/4555 1719/2128/1924
f 3838/5454/4555 3837/5453/4554 3839/5455/4556 3840/5456/4557
f 3838/5454/4555 3840/5456/4558 3841/5457/4559 3842/5458/4560
f 3838/5454/4555 3842/5458/4560 1720/2129/1925 1719/2128/1924
f 3842/5458/4560 3841/5457/4559 3843/5459/4561 3844/5460/4562
f 3842/5458/4560 3844/5460/4562 1722/2132/1928 1720/2129/1925
f 3844/5460/4562 3843/5459/4561 3845/5461/4563 3846/5462/4564
f 3844/5460/4562 3846/5462/4564 3847/5463/4565 1722/2132/1928
f 3847/5463/4565 1755/2186/1974 1721/2130/1926 1722/2132/1928
f 3847/5464/4566 3846/5465/4564 3848/5466/4567 3849/5467/4568
f 3847/5464/4566 3849/5467/4568 3850/5468/4569 1755/5469/1974
f 3850/5470/4569 3851/5471/4570 1756/2187/1975 1755/2186/1974
f 3850/5468/4571 3849/5467/4572 3852/5472/4573 3853/5473/4574
f 3850/5468/4571 3853/5473/4574 3854/5474/4575 3851/5475/4576
f 3854/5474/4575 3855/5476/4577 3856/5477/4578 3851/5475/4576
f 3854/5474/4575 3853/5473/4574 3857/5478/4579 3858/5479/4580
f 3854/5474/4575 3858/5479/4580 3859/5480/4581 3855/5476/4577
f 3859/5480/4581 3860/5481/4582 1781/2220/2007 3855/5476/4577
f 3859/5480/4581 3858/5479/4580 3861/5482/4583 3862/5483/4584
f 3859/5480/4581 3862/5483/4584 3863/5484/4585 3860/5481/4582
f 3863/5484/4585 1864/5485/2113 1863/5486/2112 3860/5481/4582
f 3863/5484/4585 3862/5483/4584 3864/5487/4586 3865/5488/4587
f 3863/5489/4585 3865/5490/4588 1866/2338/2115 1864/2336/2113
f 3865/5488/4587 3864/5487/4586 1918/2423/2184 1799/2248/2034
f 3865/5490/4588 1799/2253/2038 1798/2252/2037 1866/2338/2115
f 3864/5487/4586 3862/5483/4584 3861/5482/4583 1922/2429/2190
f 3864/5487/4586 1922/2429/2190 1919/2424/2185 1918/2423/2184
f 3861/5482/4583 3858/5479/4580 3857/5478/4579 3866/5491/4589
f 3861/5482/4583 3866/5491/4589 1923/2430/2191 1922/2429/2190
f 3866/5491/4589 3857/5478/4579 3867/5492/4590 3868/5493/4591
f 3866/5491/4589 3868/5493/4591 1924/2431/2192 1923/2430/2191
f 3868/5493/4591 3867/5492/4590 3869/5494/4592 3870/5495/4593
f 3868/5493/4591 3870/5495/4593 1926/2434/2195 1924/2431/2192
f 3870/5495/4593 3869/5494/4592 3871/5496/4594 3872/5497/4595
f 3870/5495/4593 3872/5497/4595 3873/5498/4596 1926/2434/2195
f 3873/5498/4596 3872/5497/4595 1700/2097/1898 3874/5499/4597
f 3873/5498/4596 3874/5499/4597 3875/5500/4598 1929/5501/4599
f 3873/5498/4596 1929/5501/4599 1927/2435/2196 1926/2434/2195
f 3875/5500/4598 3874/5499/4597 3876/5502/4600 3877/5503/4601
f 3875/5504/4602 3877/5505/4603 3878/5506/4604 3879/5507/4605
f 3875/5504/4602 3879/5507/4605 1930/2440/2199 1929/2439/2198
f 3879/5507/4605 3878/5506/4604 3880/5508/4606 3881/5509/4607
f 3879/5507/4605 3881/5509/4607 1931/2441/2200 1930/2440/2199
f 3881/5509/4607 3880/5508/4606 3882/5510/4608 3883/5511/4609
f 3881/5509/4607 3883/5511/4609 1933/2443/2202 1931/2441/2200
f 3883/5512/4610 3882/5513/4611 3884/5514/4612 3885/5515/4613
f 3883/5512/4610 3885/5515/4613 1935/2447/2206 1933/2446/2205
f 3885/5515/4613 3884/5514/4612 1951/2469/2226 1949/2463/2223
f 3885/5515/4613 1949/2463/2223 1948/2462/2222 1935/2447/2206
f 3884/5514/4612 3882/5513/4611 3886/5516/4614 3887/5517/4615
f 3884/5514/4612 3887/5517/4615 1954/2474/2235 1951/2469/2226
f 3887/5517/4615 3886/5516/4614 1748/2175/4616 1747/2174/4617
f 3887/5517/4615 1747/2174/4617 1955/2475/4618 1954/2474/2235
f 3886/5518/4619 3888/5519/4620 1749/2178/4621 1748/2177/4622
f 3886/5518/4619 3882/5510/4608 3880/5508/4606 3888/5519/4620
f 3888/5519/4620 3880/5508/4606 3878/5506/4604 3889/5520/4623
f 3888/5519/4620 3889/5520/4623 3890/5521/4624 1749/2178/4621
f 3890/5521/4624 3889/5520/4623 3891/5522/4625 3892/5523/4626
f 3890/5524/4627 3892/5525/4628 3893/5526/4629 3894/5527/4630
f 3890/5524/4627 3894/5527/4630 1744/2169/1960 1749/5528/4631
f 3894/5527/4630 3893/5526/4629 1625/1976/1786 3895/5529/4632
f 3894/5527/4630 3895/5529/4632 1745/2170/1961 1744/2169/1960
f 3895/5529/4632 1625/1976/1786 1624/1975/1785 3896/5530/4633
f 3895/5529/4632 3896/5530/4633 1959/2482/2240 1745/2170/1961
f 3896/5530/4633 1624/1975/1785 1629/1979/1789 1962/2485/2243
f 3896/5530/4633 1962/2485/2243 1960/2483/2241 1959/2482/2240
f 3893/5526/4629 3892/5525/4628 3897/5531/4634 3898/5532/4635
f 3893/5526/4629 3898/5532/4635 1626/1977/1787 1625/1976/1786
f 3898/5532/4635 3899/5533/4636 3900/5534/4637 1626/1977/1787
f 3898/5532/4635 3897/5531/4634 3901/5535/4638 3899/5533/4636
f 3901/5535/4638 3902/5536/4639 3903/5537/4640 3899/5533/4636
f 3901/5535/4638 3897/5531/4634 3904/5538/4641 1696/2090/4642
f 3901/5535/4638 1696/2090/4642 1695/2089/4643 3902/5536/4639
f 3904/5538/4644 3897/5531/4634 3892/5525/4628 3891/5539/4644
f 3904/5540/4645 3891/5541/4646 3877/5503/4601 3876/5502/4600
f 3904/5540/4645 3876/5502/4600 1697/2096/1892 1696/5542/1891
f 3903/5543/4647 3905/5544/4648 3906/5545/4649 3907/5546/4650
f 3903/5537/4640 3907/5547/4651 3900/5534/4637 3899/5533/4636
f 3903/5543/4647 3902/5548/4652 3908/5549/4653 3905/5544/4648
f 3908/5549/4653 3909/5550/4654 3845/5461/4563 3905/5544/4648
f 3908/5549/4653 3902/5548/4652 1695/5551/4655 1699/5552/4656
f 3908/5549/4653 1699/5552/4656 3910/5553/4657 3909/5550/4654
f 3910/5553/4657 3911/5554/4658 3848/5555/4567 3909/5550/4654
f 3910/5556/4659 1699/2094/1895 1698/2093/1894 3871/5496/4594
f 3910/5556/4659 3871/5496/4594 3869/5494/4592 3911/5557/4660
f 3911/5554/4658 3852/5558/4573 3849/5559/4568 3848/5555/4567
f 3911/5557/4658 3869/5494/4661 3867/5492/4590 3852/5472/4573
f 3909/5550/4654 3848/5555/4567 3846/5462/4564 3845/5461/4563
f 3907/5546/4650 3906/5545/4649 3912/5560/4662 3913/5561/4663
f 3907/5547/4651 3913/5562/4663 3914/5563/4664 3900/5534/4637
f 3914/5563/4664 3913/5562/4663 3915/5564/4665 3916/5565/4666
f 3914/5563/4664 3916/5565/4666 3917/5566/4667 1627/1980/1790
f 3914/5563/4664 1627/1980/1790 1626/1977/1787 3900/5534/4637
f 3917/5566/4667 3916/5565/4666 3918/5567/4668 3919/5568/4669
f 3917/5566/4667 3919/5568/4669 3920/5569/4670 3921/5570/4671
f 3917/5566/4667 3921/5570/4671 1628/1978/1788 1627/1980/1790
f 3921/5570/4671 3920/5569/4670 183/1500/1360 2007/2534/2283
f 3921/5570/4671 2007/2534/2283 2006/2533/2282 1628/1978/1788
f 3919/5568/4669 3918/5567/4668 3922/5571/4672 3923/5572/4673
f 3919/5568/4669 3923/5572/4673 3924/5573/4674 3920/5569/4670
f 3923/5572/4673 3922/5571/4672 3925/5574/4675 1350/5575/4676
f 3923/5572/4673 1350/5575/4676 190/1553/1420 3924/5573/4674
f 3925/5574/4677 3926/5576/4678 3927/5577/4679 3928/5578/4677
f 3925/5574/4675 3928/5578/4680 1351/5579/4681 1350/5575/4676
f 3925/5574/4675 3922/5571/4672 3929/5580/4682 3926/5576/4678
f 3929/5580/4682 3930/5581/4683 3931/5582/4684 3926/5576/4678
f 3929/5580/4682 3922/5571/4672 3918/5567/4668 3932/5583/4685
f 3929/5580/4682 3932/5583/4685 3933/5584/4686 3930/5581/4683
f 3933/5584/4686 3839/5585/4556 3934/5586/4687 3930/5581/4683
f 3933/5584/4686 3932/5583/4685 3915/5564/4665 3935/5587/4688
f 3933/5588/4686 3935/5589/4688 3840/5456/4557 3839/5455/4556
f 3935/5589/4689 3915/5590/4665 3913/5561/4663 3912/5560/4662
f 3935/5589/4689 3912/5560/4662 3841/5457/4559 3840/5456/4558
f 3934/5591/4690 3836/5592/4691 3829/5438/4542 3936/5593/4692
f 3934/5586/4690 3936/5594/4692 3931/5582/4684 3930/5581/4683
f 3934/5595/4693 3839/5596/4693 3837/5452/4553 3836/5451/4552
f 3936/5594/4692 3829/5597/4542 3827/5598/4541 3937/5599/4694
f 3936/5594/4692 3937/5599/4694 3938/5600/4695 3931/5582/4684
f 3938/5600/4696 3937/5599/4697 3939/5601/4698 3940/5602/4699
f 3938/5603/4696 3940/5604/4699 3941/5605/4700 3927/5606/4701
f 3938/5600/4695 3927/5577/4679 3926/5576/4678 3931/5582/4684
f 3941/5605/4700 3940/5604/4699 3942/5607/4702 3943/5608/4703
f 3941/5609/4704 3943/5610/4705 3944/5611/4706 3945/5612/4707
f 3941/5605/4700 3945/5613/4708 3928/5614/4708 3927/5606/4701
f 3943/5610/4705 3946/5615/4709 3947/5616/4710 3944/5611/4706
f 3943/5610/4711 3942/5617/4711 3948/5618/4712 3946/5615/4709
f 3948/5618/4712 3949/5619/4713 3950/5620/4714 3946/5615/4709
f 3948/5621/4715 3942/5607/4702 3951/5622/4716 3952/5623/4717
f 3948/5621/4715 3952/5623/4717 3953/5624/4718 3949/5625/4719
f 3953/5624/4718 3954/5626/4720 3955/5627/4721 3949/5625/4719
f 3953/5624/4718 3952/5623/4717 3823/5426/4534 3956/5628/4722
f 3953/5624/4718 3956/5628/4722 3957/5629/4723 3954/5626/4724
f 3957/5629/4723 1678/2059/1863 1677/2058/1862 3954/5626/4724
f 3957/5629/4723 3956/5628/4722 3820/5422/4530 3958/5630/4725
f 3957/5629/4723 3958/5630/4725 1688/2079/1881 1678/2059/1863
f 3958/5630/4725 3820/5422/4530 3818/5420/4528 3817/5419/4527
f 3958/5631/4725 3817/5632/4527 3959/5633/4726 1688/5634/1881
f 3959/5635/4726 3960/5636/4727 1679/2063/1882 1688/5637/1881
f 3959/5633/4726 3817/5632/4527 3815/5414/4525 3961/5638/4728
f 3959/5635/4726 3961/5639/4728 3962/5640/4729 3960/5636/4727
f 3962/5640/4730 3963/5641/4731 3964/5642/4732 3960/5636/4733
f 3962/5640/4729 3961/5639/4728 1623/1972/1783 1619/1967/1778
f 3962/5640/4730 1619/1967/1778 1618/1966/1777 3963/5641/4731
f 3964/5642/4734 3963/5641/4731 3965/5643/4735 3966/5644/4736
f 3964/5645/4734 3966/5646/4736 1681/2067/1869 1680/2066/1868
f 3964/5642/4732 1680/2064/1866 1679/2063/1865 3960/5636/4733
f 3966/5646/4737 3965/5647/4738 3967/5648/4739 3968/5649/4740
f 3966/5646/4737 3968/5649/4740 3955/5650/4741 1681/2067/4742
f 3968/5649/4740 3967/5648/4739 3969/5651/4743 3950/5620/4714
f 3968/5649/4740 3950/5620/4714 3949/5619/4713 3955/5650/4741
f 3969/5651/4743 3967/5648/4739 1572/1895/1715 1571/1894/1714
f 3969/5651/4743 1571/1894/1714 1570/1893/1713 3947/5616/4710
f 3969/5651/4743 3947/5616/4710 3946/5615/4709 3950/5620/4714
f 3967/5648/4739 3965/5647/4738 3970/5652/4744 1572/1895/1715
f 3970/5653/4745 1618/1966/1777 1617/1965/1776 3971/5654/4745
f 3970/5652/4744 3971/5655/4746 1573/1896/1716 1572/1895/1715
f 3970/5653/4747 3965/5643/4735 3963/5641/4731 1618/1966/1777
f 3971/5655/4746 1654/2022/1828 1576/1899/1719 1573/1896/1716
f 3971/5655/4748 1617/5656/4748 1655/2023/4748 1654/2022/4748
f 3961/5638/4728 3815/5414/4525 3813/5413/4523 1623/5657/1783
f 3956/5628/4722 3823/5426/4534 3821/5423/4531 3820/5422/4530
f 3955/5650/4721 3954/5658/4720 1677/2068/1870 1681/2067/1869
f 3952/5623/4717 3951/5622/4716 3824/5427/4535 3823/5426/4534
f 3951/5622/4716 3942/5607/4702 3940/5604/4699 3939/5659/4749
f 3951/5622/4716 3939/5659/4749 3825/5428/4537 3824/5427/4535
f 3947/5616/4710 1570/1893/1713 1352/1555/1422 3944/5611/4706
f 3939/5601/4698 3937/5599/4697 3827/5598/4539 3825/5660/4537
f 3932/5583/4685 3918/5567/4668 3916/5565/4666 3915/5564/4665
f 3912/5560/4662 3906/5545/4649 3843/5459/4561 3841/5457/4559
f 3906/5545/4649 3905/5544/4648 3845/5461/4563 3843/5459/4561
f 3891/5522/4625 3889/5520/4623 3878/5506/4604 3877/5505/4603
f 3876/5502/4600 3874/5499/4597 1700/2097/1898 1697/2096/1897
f 3872/5497/4595 3871/5496/4594 1698/2093/1894 1700/2097/1898
f 3867/5492/4590 3857/5478/4579 3853/5473/4574 3852/5472/4573
f 3860/5481/4582 1863/5486/2112 1782/2221/2008 1781/2220/2007
f 3856/5661/4750 1780/2229/2015 1785/2228/2014 1757/2188/1976
f 3856/5661/4750 1757/2188/1976 1756/2187/1975 3851/5471/4570
f 3856/5477/4578 3855/5476/4577 1781/2220/2007 1780/2219/2006
f 3836/5592/4691 3832/5441/4545 3830/5439/4543 3829/5438/4542
f 3813/5413/4523 3811/5662/4521 1620/5663/1780 1623/5657/1783
f 3811/5404/4521 3809/5402/4520 1621/1970/1781 1620/1969/1780
f 3809/5402/4518 3807/5400/4516 3972/5664/4751 1621/1970/1781
f 3972/5664/4751 3973/5665/4752 1622/1971/1782 1621/1970/1781
f 3972/5664/4751 3807/5400/4516 3805/5394/4514 3974/5666/4753
f 3972/5664/4751 3974/5666/4753 1724/2135/1931 3973/5665/4752
f 3974/5666/4753 3805/5394/4514 1731/2151/1944 1730/2150/1943
f 3974/5666/4753 1730/2150/1943 1725/2136/1932 1724/2135/1931
f 3973/5665/4752 3975/5667/4754 3976/5668/4755 1622/1971/1782
f 3973/5665/4752 1724/2135/1931 1723/2134/1930 3975/5667/4754
f 3976/5668/4755 3977/5669/4756 1657/2027/1832 1656/2026/1831
f 3976/5668/4755 1656/2026/1831 239/1968/1779 1622/1971/1782
f 3976/5668/4755 3975/5667/4754 3978/5670/4757 3977/5669/4756
f 3978/5671/4758 1728/2143/1938 3979/5672/4759 3980/5673/4760
f 3978/5671/4758 3980/5673/4760 3981/5674/4761 3977/5675/4762
f 3978/5670/4757 3975/5667/4754 1723/2134/1930 1728/5676/1938
f 3981/5674/4761 3980/5673/4760 3982/5677/4763 3983/5678/4764
f 3981/5674/4761 3983/5678/4764 1579/1905/1725 1658/2030/1835
f 3981/5674/4761 1658/2030/1835 1657/2029/1834 3977/5675/4762
f 3983/5678/4764 3982/5677/4763 3984/5679/4765 3985/5680/4766
f 3983/5678/4764 3985/5680/4766 1580/1906/1726 1579/1905/1725
f 3985/5681/4767 3984/5682/4768 3986/5683/4769 3987/5684/4770
f 3985/5681/4767 3987/5684/4770 1585/1913/1733 1580/1912/1732
f 3987/5684/4770 3986/5683/4769 3988/5685/4771 3989/5686/4772
f 3987/5684/4770 3989/5686/4772 1586/1916/4773 1585/1913/1733
f 3989/5686/4772 3988/5685/4771 3990/5687/4774 1641/2001/1807
f 3989/5686/4772 1641/2001/1807 1588/1919/1806 1586/1916/4773
f 3990/5687/4774 3766/5319/4465 3765/5318/4464 3991/5688/4775
f 3990/5687/4774 3991/5688/4775 1642/2002/1808 1641/2001/1807
f 3990/5687/4774 3988/5685/4771 3767/5320/4466 3766/5319/4465
f 3991/5689/4776 3765/5690/4777 3992/5691/4778 3993/5692/4779
f 3991/5689/4776 3993/5692/4779 1644/2008/1813 1642/2007/1812
f 3993/5692/4779 3992/5691/4778 3994/5693/4780 3995/5694/4781
f 3993/5692/4779 3995/5694/4781 3996/5695/4782 1644/2008/1813
f 3996/5695/4782 3995/5694/4781 3997/5696/4783 3998/5697/4784
f 3996/5695/4782 3998/5697/4784 3999/5698/4785 4000/5699/4786
f 3996/5695/4782 4000/5699/4786 1643/2004/1814 1644/2008/1813
f 4000/5699/4787 3999/5698/4788 4001/5700/4789 1590/5701/1741
f 4000/5699/4787 1590/5701/1741 1589/2005/1740 1643/2004/1810
f 4001/5700/4789 3999/5698/4788 4002/5702/4790 4003/5703/4791
f 4001/5704/4789 4003/5705/4791 1459/1722/1561 1458/1721/1560
f 4001/5704/4789 1458/1721/1560 1587/1918/1738 1590/1922/1741
f 4003/5703/4791 4002/5702/4790 1467/5706/4792 1464/5707/4793
f 4003/5705/4791 1464/1728/4793 1463/1727/4794 1459/1722/1561
f 4002/5702/4795 4004/5708/4796 4005/5709/4797 1467/5706/4798
f 4002/5702/4795 3999/5698/4785 3998/5697/4784 4004/5708/4796
f 4005/5710/4799 4006/5711/4800 4007/5712/4801 4008/5713/4802
f 4005/5710/4799 4008/5713/4802 1465/1730/1568 1467/1734/1571
f 4005/5709/4797 4004/5708/4796 4009/5714/4803 4006/5715/4804
f 4009/5714/4803 4010/5716/4805 4011/5717/4806 4006/5715/4804
f 4009/5714/4803 4004/5708/4796 3998/5697/4784 3997/5696/4783
f 4009/5714/4803 3997/5696/4783 4012/5718/4807 4010/5716/4805
f 4012/5718/4807 4013/5719/4808 4014/5720/4809 4010/5716/4805
f 4012/5718/4807 3997/5696/4783 3995/5694/4781 3994/5693/4780
f 4012/5718/4807 3994/5693/4780 3760/5310/4457 4013/5719/4808
f 4014/5720/4809 4015/5721/4810 1451/5722/4811 1450/5723/4812
f 4014/5720/4809 1450/5723/4812 4011/5717/4806 4010/5716/4805
f 4014/5720/4809 4013/5719/4808 3757/5724/4454 4015/5721/4810
f 4015/5725/4810 1405/1631/1487 1404/1630/1486 1451/5726/4811
f 4015/5725/4810 3757/5305/4454 3755/5303/4452 1405/1631/1487
f 4013/5719/4808 3760/5310/4457 3758/5309/4455 3757/5724/4454
f 4011/5727/4813 1450/1710/1550 1449/1709/1549 4016/5728/4814
f 4011/5727/4813 4016/5728/4814 4007/5712/4801 4006/5711/4800
f 4016/5728/4814 1449/1709/1549 1448/1708/1548 4017/5729/4815
f 4016/5728/4814 4017/5729/4815 4018/5730/4816 4007/5712/4801
f 4018/5730/4816 4017/5729/4815 4019/5731/4817 4020/5732/4818
f 4018/5730/4816 4020/5732/4818 4021/5733/4819 4022/5734/4820
f 4018/5730/4816 4022/5734/4820 4008/5713/4802 4007/5712/4801
f 4022/5734/4820 4021/5733/4819 4023/5735/4821 1466/1731/1569
f 4022/5734/4820 1466/1731/1569 1465/1730/1568 4008/5713/4802
f 4023/5736/4822 4021/5737/4823 4024/5738/4824 4025/5739/4825
f 4023/5736/4822 4025/5739/4825 1383/1602/4826 4026/5740/4827
f 4023/5735/4821 4026/5741/4828 1462/1732/1565 1466/1731/1569
f 4026/5740/4827 1383/1602/4826 1382/1601/4829 4027/5742/4829
f 4026/5741/4828 4027/5743/4830 1463/5744/1566 1462/1732/1565
f 4027/5745/4831 1382/5746/4831 1461/1724/4831 1460/1723/4831
f 4027/5745/4832 1460/1723/1562 1459/1722/1561 1463/1727/4794
f 4025/5739/4833 4024/5738/4824 4028/5747/4834 1384/1603/1460
f 4025/5739/4833 1384/1603/1460 195/1599/1459 1383/1602/4835
f 4028/5747/4834 4029/5748/4836 4030/5749/4837 4031/5750/4838
f 4028/5747/4834 4031/5750/4838 1385/1604/1461 1384/1603/1460
f 4028/5747/4834 4024/5738/4824 4032/5751/4839 4029/5748/4836
f 4032/5751/4839 4033/5752/4840 4034/5753/4841 4029/5748/4836
f 4032/5751/4839 4024/5738/4824 4021/5737/4823 4020/5754/4842
f 4032/5751/4839 4020/5754/4842 4019/5755/4843 4033/5752/4840
f 4034/5753/4841 4035/5756/4844 4036/5757/4845 4037/5758/4846
f 4034/5753/4841 4037/5758/4846 4030/5749/4837 4029/5748/4836
f 4034/5753/4841 4033/5752/4840 4038/5759/4847 4035/5756/4844
f 4038/5759/4847 4039/5760/4848 4040/5761/4849 4035/5756/4844
f 4038/5759/4847 4033/5752/4840 4019/5755/4843 4041/5762/4850
f 4038/5763/4847 4041/5764/4850 4042/5765/4851 4039/5766/4848
f 4042/5767/4851 199/1623/1479 1401/1626/1482 4039/5760/4848
f 4042/5765/4852 4041/5764/4853 1448/1708/1548 1447/1707/1547
f 4042/5765/4852 1447/1707/1547 1404/1712/1552 199/5768/4854
f 4041/5764/4853 4019/5731/4817 4017/5729/4815 1448/1708/1548
f 4040/5761/4855 4043/5769/4856 4044/5770/4857 4045/5771/4858
f 4040/5772/4849 4045/5773/4859 4036/5774/4845 4035/5775/4844
f 4040/5761/4855 4039/5760/4848 1401/1626/1482 4043/5769/4856
f 4045/5776/4858 4044/5777/4857 1267/1452/1316 4046/5778/4860
f 4045/5773/4859 4046/5779/4860 1365/1574/1439 4036/5774/4845
f 4046/5778/4860 1267/1452/1316 1266/1451/1315 4047/5780/4861
f 4046/5779/4860 4047/5781/4861 1363/1575/1436 1365/1574/1439
f 4047/5780/4861 1266/1451/1315 1265/1450/1314 4048/5782/4862
f 4047/5780/4861 4048/5782/4862 1364/1570/1437 1363/1569/1436
f 4048/5782/4862 1265/1450/1314 1291/1479/1343 1290/1478/1342
f 4048/5782/4862 1290/1478/1342 1289/1477/1341 1364/1570/1437
f 4044/5777/4857 191/1557/1424 1268/1453/1317 1267/1452/1316
f 4044/5777/4857 4043/5783/4856 1357/1561/1428 191/1557/1424
f 4043/5769/4856 1401/1626/1482 1400/1625/1481 1357/5784/1428
f 4037/5785/4846 4036/5774/4845 1365/1574/1439 1362/1573/1434
f 4037/5758/4846 1362/1567/1434 1361/1566/1433 4030/5749/4837
f 4031/5750/4838 4030/5749/4837 1361/1566/1433 4049/5786/4863
f 4031/5750/4838 4049/5786/4863 4050/5787/4864 1385/1604/1461
f 4050/5788/4864 4049/5789/4865 4051/5790/4866 4052/5791/4867
f 4050/5788/4864 4052/5791/4867 4053/5792/4868 4054/5793/4869
f 4050/5787/4864 4054/5794/4869 1381/1600/1462 1385/1604/1461
f 4054/5795/4870 4053/5796/4871 1455/1718/1557 1461/1724/1563
f 4054/5795/4870 1461/1724/1563 1382/5746/4872 1381/5797/4872
f 4053/5792/4868 4052/5791/4867 1288/1476/1340 4055/5798/4873
f 4053/5796/4871 4055/5799/4874 1456/1719/1558 1455/1718/1557
f 4055/5798/4873 1288/1476/1340 180/1473/1337 4056/5800/4875
f 4055/5799/4874 4056/5801/4876 4057/5802/4877 1456/1719/1558
f 4057/5802/4877 4056/5801/4876 1226/1380/1253 1225/1379/1252
f 4057/5802/4877 1225/1379/1252 4058/5803/4878 4059/5804/4879
f 4057/5802/4877 4059/5804/4879 1457/1720/1559 1456/1719/1558
f 4059/5804/4879 4058/5803/4878 1574/1897/1717 1584/1910/1730
f 4059/5804/4879 1584/1910/1730 1583/1909/1729 1457/1720/1559
f 4058/5803/4878 1225/1379/1252 1224/1378/1251 4060/5805/4880
f 4058/5803/4878 4060/5805/4880 1575/1898/1718 1574/1897/1717
f 4060/5805/4880 1224/1378/1251 4061/5806/4881 1307/1502/1362
f 4060/5805/4880 1307/1502/1362 1306/1501/1361 1575/1898/1718
f 4061/5806/4881 1224/1378/1251 170/1377/1250 1005/1071/958
f 4061/5806/4881 1005/1071/958 897/910/806 896/909/805
f 4061/5806/4881 896/909/805 1308/1503/1363 1307/1502/1362
f 4056/5800/4875 180/1473/1337 1227/1383/1256 1226/1382/1255
f 4052/5791/4867 4051/5790/4866 1289/1477/1341 1288/1476/1340
f 4051/5790/4866 1360/1571/1432 1364/1570/1437 1289/1477/1341
f 4051/5790/4866 4049/5789/4865 1361/5807/1433 1360/1571/1432
f 3994/5693/4780 3992/5691/4778 3761/5311/4458 3760/5310/4457
f 3992/5691/4778 3765/5690/4777 3762/5312/4459 3761/5311/4458
f 3988/5685/4771 3986/5683/4769 3769/5322/4468 3767/5320/4466
f 3986/5683/4769 3984/5682/4768 3771/5324/4470 3769/5322/4468
f 3984/5679/4765 3982/5677/4763 4062/5808/4882 3771/5809/4883
f 4062/5808/4882 3775/5810/4475 3772/5811/4471 3771/5809/4883
f 4062/5808/4882 3982/5677/4763 3980/5673/4760 3979/5672/4759
f 4062/5808/4882 3979/5672/4759 4063/5812/4884 3775/5810/4475
f 4063/5813/4884 1734/2156/1947 3776/5331/4476 3775/5330/4475
f 4063/5812/4884 3979/5672/4759 1728/2143/1938 1727/2142/1937
f 4063/5813/4884 1727/2140/1935 1726/2139/1934 1734/2156/1947
f 3788/5351/4489 3785/5348/4486 1735/2157/1948 1732/2152/1945
f 3779/5340/4480 1710/5289/1913 1597/1933/1750 1596/1932/1749
f 3774/5335/4473 1600/1938/1753 1593/1937/1745 1662/5814/4474
f 3755/5303/4452 3752/5302/4448 1402/1632/1483 1405/1631/1487
f 3749/5295/4445 3747/5293/4443 1524/1823/1650 4064/5815/4885
f 3749/5295/4445 4064/5815/4885 1400/1625/1481 1399/1624/1480
f 4064/5815/4885 1524/1823/1650 1523/1822/1649 1358/5816/1429
f 4064/5815/4885 1358/5816/1429 1357/5784/1428 1400/1625/1481
f 3747/5293/4443 3746/5292/4442 1525/1824/1651 1524/1823/1650
f 3746/5292/4442 3745/5291/4886 1526/1827/1652 1525/1824/1651
f 3745/5291/4886 1610/1956/1767 1609/1955/1766 1526/1827/1652
f 3745/5291/4441 3738/5282/4434 3736/5280/4431 1610/1956/4887
f 3439/4779/4077 1469/1737/1574 1468/1736/1573 3426/4780/4078
f 3418/4748/4051 3375/5817/3991 3373/4677/3989 3372/4676/4888
f 3415/4743/4044 3379/4688/3997 3376/4682/3992 3375/4681/3991
f 3365/4663/3974 1193/4660/3972 1192/1491/1206 1298/1490/1352
f 3362/4657/3969 2883/3858/3369 2882/3857/3368 1198/4662/1213
f 3360/4654/3966 3351/4639/3955 2888/4642/3375 2886/5818/3374
f 3282/4519/3872 2891/3868/3378 2889/3867/3376 2888/5819/3375
f 3280/4517/3870 3242/5820/3869 3240/4461/3821 3239/4460/3820
f 3279/4509/3867 1393/1614/1472 1392/1613/1471 3274/4510/3868
f 3276/4505/3863 3275/4504/3862 3243/4465/3825 3242/4464/3824
f 3275/4504/3862 3272/4501/3858 3271/4500/3857 4065/5821/4889
f 3275/4504/3862 4065/5821/4889 3244/4466/3826 3243/4465/3825
f 4065/5821/4889 3271/4500/3857 3252/4474/4890 3250/4472/3832
f 4065/5821/4889 3250/4472/3832 3246/4468/3828 3244/4466/3826
f 3271/4500/3857 3269/4498/3855 3254/4476/3836 3252/4474/4890
f 3269/4498/3855 3267/4497/3854 3256/4479/3839 3254/4476/3836
f 3216/5822/3794 3214/4416/3792 4066/5823/4891 4067/5824/4892
f 3216/4424/3794 4067/5825/4892 1136/1257/1138 1135/1256/1137
f 4067/5824/4892 4066/5823/4891 4068/5826/4893 1155/1283/1160
f 4067/5824/4892 1155/1283/1160 1154/1282/1159 1136/5827/1138
f 4068/5828/4893 4066/5829/4891 4069/5830/4894 4070/5831/4895
f 4068/5828/4893 4070/5831/4895 4071/5832/4896 4072/5833/4897
f 4068/5826/4893 4072/5834/4897 1156/1284/1161 1155/1283/1160
f 4072/5833/4897 4071/5832/4896 4073/5835/4898 4074/5836/4899
f 4072/5834/4897 4074/5837/4899 1157/1285/1162 1156/1284/1161
f 4074/5836/4899 4073/5835/4898 1247/5838/1286 1246/1429/1285
f 4074/5836/4899 1246/1429/1285 1252/1428/1294 1157/5839/1162
f 4073/5835/4898 4071/5832/4896 4075/5840/4900 4076/5841/4901
f 4073/5842/4898 4076/5843/4901 1248/1420/1288 1247/1419/1286
f 4076/5841/4901 4075/5840/4900 4077/5844/4902 4078/5845/4903
f 4076/5843/4901 4078/5846/4903 4079/5847/4904 1248/1420/1288
f 4079/5847/4904 4078/5846/4903 4080/5848/4905 4081/5849/4906
f 4079/5850/4904 4081/5851/4906 1374/1591/4907 1373/1590/1449
f 4079/5847/4904 1373/5852/1449 1249/1421/1289 1248/1420/1288
f 4081/5853/4906 4080/5854/4905 3195/4394/3770 4082/5855/4908
f 4081/5853/4906 4082/5855/4908 1379/5856/1455 1374/5857/4907
f 4082/5855/4908 3195/4394/3770 3193/4390/3766 3192/4389/3765
f 4082/5855/4908 3192/4389/3765 4083/5858/4909 1379/5856/1455
f 4083/5858/4909 3192/4389/3765 3190/4387/3764 4084/5859/4910
f 4083/5858/4909 4084/5859/4910 1538/1849/4911 1537/5860/4912
f 4083/5858/4909 1537/5860/4912 1380/5861/1456 1379/5856/1455
f 4084/5859/4913 3190/4387/3761 3188/4385/3758 1637/1992/1800
f 4084/5859/4913 1637/1992/1800 1539/1850/1674 1538/1849/1673
f 4080/5862/4905 3199/4399/4914 3196/4396/3771 3195/5863/3770
f 4080/5862/4905 4078/5845/4903 4077/5844/4902 3199/4399/4914
f 4077/5844/4915 3204/4404/3780 3200/4400/3776 3199/4399/3775
f 4077/5844/4915 4075/5840/4916 4085/5864/4917 3204/4404/3780
f 4085/5864/4917 3209/4409/3785 3205/4405/3781 3204/4404/3780
f 4085/5864/4917 4075/5840/4916 4071/5832/4896 4070/5831/4895
f 4085/5864/4917 4070/5831/4895 4069/5830/4918 3209/4409/3785
f 4069/5830/4918 3212/4412/3788 3210/4410/3786 3209/4409/3785
f 4069/5865/4894 4066/5823/4891 3214/4416/3792 3212/4415/3791
f 3208/4408/3784 3207/4407/3783 1173/1303/1180 1172/1302/1179
f 3203/4403/3779 1474/1749/1585 1473/1748/1584 3198/4398/3774
f 3188/4385/3758 3186/4381/3754 1638/1993/1801 1637/1992/1800
f 3184/4488/3846 1671/2051/1854 1670/2050/1853 3179/5866/4919
f 3184/4488/3747 3183/5867/3746 1565/1882/1704 1564/1881/1703
f 3181/4371/3743 3180/4370/3742 1540/1998/4920 1640/1997/3749
f 3180/4370/3742 3177/4365/3737 3176/4364/3736 1541/1852/1676
f 3180/4370/3742 1541/1852/1676 225/1844/1668 1540/1998/4920
f 3176/4364/3736 3174/4363/3735 3072/5868/3583 3071/4167/3582
f 3176/4364/3736 3071/4167/3582 1542/1853/1677 1541/1852/1676
f 3174/4360/3732 3172/4358/3730 3074/4168/3585 3072/4165/3583
f 3171/4357/3729 1631/4709/1793 1630/4354/3726 3168/4353/3725
f 3065/4154/4921 1378/1595/1454 1377/1594/1453 1454/1716/1555
f 3013/4053/3509 2997/4052/3492 2994/4018/3489 2993/4017/3488
f 2983/4005/3478 2981/4003/3476 1152/1278/1157 158/1277/1156
f 2979/4001/3474 2978/4000/3473 1153/1279/1158 1152/1278/1157
f 2978/4000/3473 1134/1255/1136 1133/1254/1135 1153/1279/1158
f 2978/4000/3473 2976/3998/3471 2975/3997/3470 1134/1255/1136
f 2975/3997/3470 4086/5869/4922 1131/1251/1132 1134/1255/1136
f 2975/3997/3470 2973/3995/3468 2972/3994/3467 4086/5869/4922
f 4086/5869/4922 2943/5870/3437 1132/1252/1133 1131/1251/1132
f 4086/5869/4922 2972/3994/3467 2945/3950/3439 2943/5870/3437
f 2972/3994/3467 2970/3990/3465 2947/3951/3441 2945/3950/3439
f 2968/3986/3463 2951/5871/3445 2948/3952/3442 2947/3951/3441
f 2966/3981/3461 2954/3963/3449 2952/3959/3446 2951/3958/3445
f 2959/3969/3454 978/5872/925 977/5873/4923 992/3970/948
f 2959/3969/3454 2611/3458/3044 981/3457/926 978/5872/925
f 2950/3955/3444 994/1055/943 967/1013/906 966/1012/905
f 2938/3933/3430 2937/3932/3429 960/3940/3436 959/5874/4924
f 2938/5875/4925 959/1003/902 963/1007/901 2628/5876/3065
f 2938/5875/4925 2628/5876/3065 2634/5877/3072 2933/5878/3424
f 2882/3857/3368 1117/5879/4926 1116/5880/1107 1198/4662/1213
f 2882/3857/3368 2880/3855/3366 2879/3854/3365 1117/5879/4926
f 2879/5881/4927 4087/5882/4928 151/1222/1103 1117/1227/1108
f 2879/5881/4927 2877/5883/3362 2876/5884/3361 4087/5882/4928
f 4087/5882/4928 4088/5885/4929 1101/1203/1082 151/1222/1103
f 4087/5882/4928 2876/5884/4930 1010/1077/965 4088/5885/4929
f 4088/5885/4929 1010/1077/965 1009/1076/964 1090/1183/1066
f 4088/5885/4929 1090/1183/1066 1089/1182/1065 1101/1203/1082
f 2876/5884/4930 2875/5886/4931 1011/1078/966 1010/1077/965
f 2875/5886/4931 987/1042/934 986/1041/933 1011/1078/966
f 2871/3842/3356 2869/3839/3353 982/5887/4932 987/3852/3364
f 2869/3839/4933 2868/3838/4934 983/5888/930 982/5887/929
f 2868/5889/4934 2864/5890/4935 4089/5891/4936 983/1038/930
f 4089/5891/4936 4090/5892/4937 984/1039/931 983/1038/930
f 4089/5891/4936 2864/5890/4935 2862/3828/3343 2861/3827/3342
f 4089/5891/4936 2861/3827/3342 1092/1185/1068 4090/5892/4937
f 4090/5892/4937 1008/1075/963 985/1040/932 984/1039/931
f 4090/5892/4937 1092/1185/1068 1091/1184/1067 1008/1075/963
f 2861/3827/3342 2859/3823/3338 1086/1179/1062 1092/1185/1068
f 2855/3813/3331 2854/5893/3330 1094/5894/1073 1088/3816/1072
f 2850/3805/3326 2848/3803/3324 1085/1177/1060 1214/1366/1239
f 2848/3803/3324 2847/3802/3323 1080/1172/1055 1085/1177/1060
f 2847/3802/3323 2846/3801/3322 1081/1173/1056 1080/1172/1055
f 2816/3746/4214 2813/3741/3282 2810/3738/3279 2809/3737/3278
f 2806/3733/3274 2804/3730/3271 4091/5895/4938 1096/4962/1076
f 4091/5896/4938 4092/5897/4939 1097/1197/1077 1096/1196/1076
f 4091/5895/4938 2804/3730/3271 2799/3722/3265 2798/3721/3263
f 4091/5896/4938 2798/3719/3263 2797/3718/3262 4092/5897/4939
f 4092/5897/4939 1188/1320/1199 1187/1319/1198 1097/1197/1077
f 4092/5897/4939 2797/3718/3262 4093/5898/4940 1188/1320/1199
f 4093/5898/4940 4094/5899/4941 1189/1321/1200 1188/1320/1199
f 4093/5898/4940 2797/3718/3262 2795/3716/3260 2794/5900/3259
f 4093/5898/4940 2794/5900/3259 4095/5901/4942 4094/5899/4941
f 4095/5902/4942 4096/5903/4943 4097/5904/4944 4094/5905/4945
f 4095/5902/4942 2794/5906/3259 2792/5907/3255 4098/5908/4946
f 4095/5902/4942 4098/5908/4946 4099/5909/4947 4096/5903/4943
f 4099/5909/4947 1142/5910/4948 4100/5911/4949 4096/5903/4950
f 4099/5909/4947 4098/5908/4946 4101/5912/4951 4102/5913/4952
f 4099/5909/4947 4102/5913/4952 1143/5914/4953 1142/5910/4948
f 4102/5913/4952 4101/5912/4951 4103/5915/4954 4104/5916/4955
f 4102/5913/4952 4104/5916/4955 1159/5917/4956 1143/5914/4956
f 4101/5918/4957 4098/5919/4946 2792/3708/3255 2791/3707/3254
f 4101/5918/4957 2791/3707/3254 954/997/3258 4103/5920/4958
f 4100/5911/4949 1145/5921/4959 1181/5922/4960 4105/5923/4961
f 4100/5911/4949 4105/5923/4961 4097/5904/4962 4096/5903/4950
f 4100/5911/4949 1142/5910/4948 156/5924/4963 1145/5921/4959
f 4105/5923/4961 1181/5922/4960 4106/5925/4964 4107/5926/4965
f 4105/5923/4961 4107/5926/4965 1190/1324/1203 4097/5904/4962
f 4107/5926/4965 4106/5925/4964 4108/5927/4966 4109/5928/4967
f 4107/5926/4965 4109/5928/4967 1182/1325/1204 1190/1324/1203
f 4109/5929/4967 4108/5930/4966 4110/5931/4968 4111/5932/4969
f 4109/5933/4967 4111/5934/4969 1183/5935/1192 1182/5936/1191
f 4111/5932/4969 4110/5931/4968 1229/1387/1260 4112/5937/4970
f 4111/5934/4969 4112/5938/4970 1199/5939/1221 1183/5935/1192
f 4112/5937/4970 1229/1387/1260 1228/1386/1259 4113/5940/4971
f 4112/5941/4970 4113/5942/4971 1200/1339/1216 1199/1338/1215
f 4113/5942/4971 1228/1384/1257 1227/1383/1256 1287/1475/1339
f 4113/5942/4971 1287/1475/1339 1230/1390/1263 1200/1339/1216
f 4110/5931/4968 4108/5930/4966 4114/5943/4972 4115/5944/4973
f 4106/5945/4974 1181/5946/4975 1144/5947/4975 1160/5948/4976
f 4115/5949/4977 4114/5950/4978 4116/5951/4979 1007/1073/960
f 4115/5949/4977 1007/1073/960 1006/1072/959 1223/5952/4980
f 4116/5951/4979 4114/5950/4978 1160/1288/1165 1159/1287/1164
f 4116/5951/4979 1159/1287/1164 4104/5953/4981 4117/5954/4982
f 4116/5951/4979 4117/5954/4982 969/1018/961 1007/1073/960
f 4097/5904/4944 1190/1324/1203 1189/1323/1202 4094/5905/4945
f 2789/3705/3252 2781/3690/3242 832/815/724 834/817/727
f 2789/3705/3252 834/817/727 105/878/777 877/881/780
f 2781/3690/3242 2778/3687/3236 833/816/725 832/815/724
f 2778/3687/3236 2776/3685/3234 657/561/502 833/816/725
f 2776/3685/3234 2774/3684/3233 658/562/503 657/561/502
f 2774/3679/3229 2773/3678/3228 4118/5955/4983 658/557/4984
f 4118/5955/4983 2773/3678/3228 2772/3677/3227 4119/5956/4985
f 4118/5955/4983 4119/5956/4985 767/722/644 4120/5957/4986
f 4118/5955/4983 4120/5957/4986 659/558/4987 658/557/4984
f 4120/5957/4986 767/722/644 686/721/643 683/5958/534
f 4120/5959/4986 683/596/534 682/595/533 659/5960/4988
f 4119/5956/4985 2772/3677/3227 4121/5961/4989 4122/5962/4990
f 4119/5956/4985 4122/5962/4990 768/723/645 767/722/644
f 4122/5962/4990 4121/5961/4989 2763/3661/3213 4123/5963/4991
f 4122/5962/4990 4123/5963/4991 4124/5964/4992 768/723/645
f 4124/5964/4992 4123/5963/4991 2759/3657/3209 4125/5965/4993
f 4124/5964/4992 4125/5965/4993 4126/5966/4994 769/724/646
f 4124/5964/4992 769/724/646 88/720/642 768/723/645
f 4126/5967/4995 4125/5968/4996 4127/5969/4997 4128/5970/4998
f 4126/5967/4995 4128/5970/4998 4129/5971/4999 847/5972/5000
f 4126/5966/4994 847/833/5001 770/725/647 769/724/646
f 4129/5971/4999 4128/5970/4998 4130/5973/5002 4131/5974/5003
f 4129/5975/4999 4131/5976/5003 4132/5977/5004 4133/5978/5005
f 4129/5971/4999 4133/5979/5005 99/828/735 847/5972/5000
f 4133/5979/5005 4132/5980/5004 4134/5981/5006 4135/5982/5007
f 4133/5979/5005 4135/5982/5007 845/829/736 99/828/735
f 4135/5982/5007 4134/5981/5006 4136/5983/5008 4137/5984/5009
f 4135/5982/5007 4137/5984/5009 2095/5985/2372 845/829/736
f 4137/5986/5009 4136/5987/5008 808/783/694 807/782/693
f 4137/5986/5009 807/782/693 2096/2648/2373 2095/2647/2372
f 4136/5983/5008 4134/5981/5006 4138/5988/5010 906/5989/5011
f 4136/5990/5008 906/927/5011 809/786/696 808/785/694
f 4138/5988/5010 4139/5991/5012 4140/5992/5013 4141/5993/5014
f 4138/5994/5015 4141/5995/5016 882/889/787 906/927/823
f 4138/5988/5010 4134/5981/5006 4132/5980/5004 4139/5991/5012
f 4141/5995/5016 4140/5996/5013 4142/5997/5017 4143/5998/5018
f 4141/5995/5016 4143/5998/5018 879/886/784 882/889/787
f 4143/5998/5018 4142/5997/5017 2736/3623/3186 4144/5999/5019
f 4143/5998/5018 4144/5999/5019 880/887/785 879/886/784
f 4144/6000/5020 2736/6001/3186 2732/3615/3182 2731/3614/3181
f 4144/6000/5020 2731/3614/3181 4145/6002/5021 880/6003/5022
f 4145/6002/5021 2731/3614/3181 2727/3610/3177 2726/3609/3176
f 4145/6002/5021 2726/3609/3176 4146/6004/5023 4147/6005/5024
f 4145/6002/5021 4147/6005/5024 881/6006/5025 880/6003/5022
f 4147/6005/5024 4146/6004/5023 937/966/860 936/965/859
f 4147/6005/5024 936/965/859 883/6007/867 881/6006/5025
f 4146/6004/5023 2726/3609/3176 2722/3604/3172 2721/3603/3171
f 4146/6004/5023 2721/3603/3171 4148/6008/5026 937/966/860
f 4148/6008/5026 2721/3603/3171 2717/3597/3167 2716/3596/3166
f 4148/6008/5026 2716/3596/3166 4149/6009/5027 4150/6010/5028
f 4148/6008/5026 4150/6010/5028 938/967/861 937/966/860
f 4150/6011/5029 4149/6012/5030 4151/6013/5031 4152/6014/5032
f 4150/6011/5029 4152/6014/5032 939/970/864 938/969/863
f 4152/6014/5032 4151/6013/5031 4153/6015/5033 4154/6016/5034
f 4152/6014/5032 4154/6016/5034 4155/6017/5035 939/970/864
f 4155/6017/5035 4154/6016/5034 4156/6018/5036 4157/6019/5037
f 4155/6017/5035 4157/6019/5037 4158/6020/5038 4159/6021/5039
f 4155/6017/5035 4159/6021/5039 940/971/865 939/970/864
f 4159/6021/5039 4158/6020/5038 804/778/689 878/6022/5040
f 4159/6021/5039 878/6022/5040 883/972/5041 940/971/865
f 4158/6020/5038 4157/6019/5037 4160/6023/5042 4161/6024/5043
f 4158/6020/5038 4161/6024/5043 805/779/690 804/778/689
f 4161/6025/5044 4160/6026/5045 4162/6027/5046 4163/6028/5047
f 4161/6025/5044 4163/6028/5047 806/781/692 805/780/691
f 4163/6028/5047 4162/6027/5046 4164/6029/5048 4165/6030/5049
f 4163/6028/5047 4165/6030/5049 4166/6031/5050 806/781/692
f 4166/6032/5050 4165/6033/5049 4167/6034/5051 4168/6035/5052
f 4166/6032/5050 4168/6035/5052 4169/6036/5053 736/6037/600
f 4166/6031/5050 736/666/600 735/665/599 806/781/692
f 4169/6036/5054 4168/6035/5055 4170/6038/5056 4171/6039/5057
f 4169/6036/5054 4171/6039/5057 4172/6040/5058 4173/6041/5059
f 4169/6036/5053 4173/6041/5059 732/6042/595 736/6037/600
f 4173/6041/5059 4172/6040/5058 4174/6043/5060 4175/6044/5061
f 4173/6045/5059 4175/6046/5061 733/662/596 732/661/595
f 4175/6044/5061 4174/6043/5060 4176/6047/5062 4177/6048/5063
f 4175/6046/5061 4177/6049/5063 4178/6050/5064 733/662/596
f 4178/6051/5064 4177/6048/5063 4179/6052/5065 4180/6053/5066
f 4178/6050/5064 4180/6054/5066 2102/2660/2382 2100/2657/2379
f 4178/6050/5064 2100/2657/2379 734/663/597 733/662/596
f 4180/6054/5066 4179/6055/5065 512/338/312 511/337/311
f 4180/6054/5066 511/337/311 2108/2669/2390 2102/2660/2382
f 4179/6052/5065 4177/6048/5063 4176/6047/5062 4181/6056/5067
f 4179/6052/5065 4181/6056/5067 513/360/313 512/6057/312
f 4181/6056/5067 4176/6047/5062 4182/6058/5068 4183/6059/5069
f 4181/6056/5067 4183/6059/5069 528/361/333 513/360/313
f 4183/6059/5069 4182/6058/5068 4184/6060/5070 4185/6061/5071
f 4183/6059/5069 4185/6061/5071 4186/6062/5072 528/361/333
f 4186/6062/5072 4185/6061/5071 587/440/405 586/439/404
f 4186/6062/5072 586/439/404 4187/6063/5073 529/366/335
f 4186/6062/5072 529/366/335 47/358/332 528/361/333
f 4187/6063/5073 586/439/404 585/438/403 4188/6064/5074
f 4187/6063/5073 4188/6064/5074 4189/6065/5075 4190/6066/5076
f 4187/6063/5073 4190/6066/5076 530/367/336 529/366/335
f 4190/6066/5076 4189/6065/5075 4191/6067/5077 4192/6068/5078
f 4190/6066/5076 4192/6068/5078 4193/6069/5079 530/367/336
f 4193/6069/5079 4192/6068/5078 467/284/260 4194/6070/5080
f 4193/6069/5079 4194/6070/5080 4195/6071/5081 525/6072/5082
f 4193/6069/5079 525/6072/5082 523/368/337 530/367/336
f 4195/6071/5081 4194/6070/5080 4196/6073/5083 452/6074/240
f 4195/6071/5081 452/6074/240 451/6075/239 4197/6076/5084
f 4195/6071/5081 4197/6076/5084 524/6077/5085 525/6072/5082
f 4197/6078/5084 451/255/239 440/235/227 4198/6079/5086
f 4197/6078/5084 4198/6079/5086 45/350/325 524/6080/5087
f 4198/6079/5086 440/235/227 435/227/218 486/309/283
f 4198/6079/5086 486/309/283 485/308/282 45/350/325
f 4196/6073/5083 4194/6070/5080 467/284/260 466/283/259
f 4196/6073/5083 466/283/259 470/287/263 4199/6081/5088
f 4196/6073/5083 4199/6081/5088 449/6082/237 452/6074/240
f 4199/6081/5088 470/287/263 4200/6083/5089 4201/6084/5090
f 4199/6081/5088 4201/6084/5090 450/6085/238 449/6082/237
f 4201/6084/5091 4200/6083/5092 4202/6086/5093 4203/6087/5094
f 4201/6088/5090 4203/6089/5094 4204/6090/5095 450/253/238
f 4204/6090/5095 4203/6089/5094 4205/6091/5096 2293/2952/2653
f 4204/6090/5095 2293/2952/2653 2291/2950/2651 4206/6092/5097
f 4204/6090/5095 4206/6092/5098 447/249/235 450/253/238
f 4206/6092/5097 2291/2950/2651 2290/2949/2650 4207/6093/5099
f 4206/6092/5098 4207/6093/5100 448/250/236 447/249/235
f 4207/6093/5099 2290/2949/2650 399/162/157 398/160/156
f 4207/6093/5100 398/160/153 397/159/152 448/250/236
f 4205/6094/5096 4203/6087/5094 4202/6086/5093 4208/6095/5101
f 4205/6094/5096 4208/6095/5101 4209/6096/5102 2296/6097/2657
f 4205/6091/5096 2296/6098/2657 2294/2953/2654 2293/2952/2653
f 4209/6099/5103 4208/6100/5104 477/295/271 4210/6101/5105
f 4209/6099/5103 4210/6101/5105 4211/6102/5106 2299/6103/5107
f 4209/6104/5102 2299/2961/2661 2297/2958/2658 2296/2957/2657
f 4211/6102/5106 4210/6101/5105 4212/6105/5108 4213/6106/5109
f 4211/6102/5106 4213/6106/5109 4214/6107/5110 4215/6108/5111
f 4211/6102/5106 4215/6108/5111 2300/6109/2662 2299/6103/5107
f 4215/6108/5111 4214/6107/5110 4216/6110/5112 2304/2969/2667
f 4215/6108/5111 2304/2969/2667 2301/2968/2663 2300/6109/2662
f 4216/6110/5112 4214/6107/5110 4217/6111/5113 4218/6112/5114
f 4216/6110/5112 4218/6112/5114 4219/6113/5115 4220/6114/5116
f 4216/6110/5112 4220/6114/5116 2305/2970/2668 2304/2969/2667
f 4220/6114/5116 4219/6113/5115 2312/6115/5117 2310/2983/5118
f 4220/6114/5116 2310/2983/5118 2306/2971/2669 2305/2970/2668
f 4219/6113/5115 4218/6112/5114 4221/6116/5119 4222/6117/5120
f 4219/6113/5115 4222/6117/5120 2314/6118/5121 2312/6115/5117
f 4222/6119/5120 4221/6120/5119 4223/6121/5122 4224/6122/5123
f 4222/6123/5120 4224/6124/5123 4225/6125/5124 2314/2989/5121
f 4225/6126/5124 4224/6127/5123 4226/6128/5125 4227/6129/5126
f 4225/6125/5127 4227/6130/5126 4228/6131/5128 2317/2992/2682
f 4225/6125/5127 2317/2992/2682 2315/2990/2680 2314/2989/2679
f 4228/6131/5128 4227/6130/5126 4229/6132/5129 4230/6133/5130
f 4228/6134/5128 4230/6135/5130 4231/6136/5131 4232/6137/5132
f 4228/6131/5128 4232/6138/5132 2318/2993/2683 2317/2992/2682
f 4232/6137/5132 4231/6136/5131 4233/6139/5133 4234/6140/5134
f 4232/6137/5132 4234/6140/5134 2319/6141/2684 2318/6142/2683
f 4234/6143/5134 4233/6144/5133 4235/6145/5135 4236/6146/5136
f 4234/6140/5134 4236/6147/5136 2321/6148/2686 2319/6141/2684
f 4236/6146/5136 4235/6145/5135 4237/6149/5137 4238/6150/5138
f 4236/6146/5136 4238/6150/5138 2323/2998/2688 2321/2996/2686
f 4238/6150/5138 4237/6149/5137 4239/6151/5139 4240/6152/5140
f 4238/6153/5138 4240/6154/5140 2325/3002/2690 2323/3001/2688
f 4240/6155/5140 4239/6156/5139 4241/6157/5141 4242/6158/5142
f 4240/6159/5140 4242/6160/5142 2327/3006/2692 2325/3005/2690
f 4242/6160/5142 4241/6161/5141 4243/6162/5143 4244/6163/5144
f 4242/6160/5142 4244/6163/5144 4245/6164/5145 2327/3006/2692
f 4245/6165/5145 4244/6166/5144 2353/3053/2723 2351/3051/2721
f 4245/6164/5145 2351/6167/2721 2349/3047/2719 2330/3010/2695
f 4245/6164/5145 2330/3010/2695 2328/3007/2693 2327/3006/2692
f 4244/6166/5144 4243/6168/5143 2355/3055/2725 2353/3053/2723
f 4243/6169/5143 4241/6157/5141 4246/6170/5146 4247/6171/5147
f 4243/6172/5143 4247/6173/5147 4248/6174/5148 2355/6175/2725
f 4248/6174/5148 4247/6173/5147 4249/6176/5149 4250/6177/5150
f 4248/6174/5148 4250/6177/5150 413/188/180 418/196/187
f 4248/6174/5148 418/196/187 2356/6178/2726 2355/6175/2725
f 4250/6177/5150 4249/6176/5149 4251/6179/5151 4252/6180/5152
f 4250/6177/5150 4252/6180/5152 414/189/181 413/188/180
f 4252/6180/5152 4251/6179/5151 4253/6181/5153 4254/6182/5154
f 4252/6180/5152 4254/6182/5154 4255/6183/5155 414/189/181
f 4255/6183/5155 4254/6182/5154 4256/6184/5156 4257/6185/5157
f 4255/6183/5155 4257/6185/5157 4258/6186/5158 4259/6187/5159
f 4255/6183/5155 4259/6187/5159 415/190/182 414/189/181
f 4259/6188/5159 4258/6189/5158 4260/6190/5160 4261/6191/5161
f 4259/6188/5159 4261/6191/5161 416/193/184 415/192/182
f 4261/6191/5161 4260/6190/5160 4262/6192/5162 4263/6193/5163
f 4261/6191/5161 4263/6193/5163 460/270/249 416/193/184
f 4263/6194/5163 4262/6195/5162 4264/6196/5164 4265/6197/5165
f 4263/6194/5163 4265/6197/5165 4266/6198/5166 460/6199/249
f 4266/6200/5166 4265/6201/5165 4267/6202/5167 2400/6203/2788
f 4266/6200/5166 2400/6203/2788 2398/6204/2786 4268/6205/5168
f 4266/6198/5166 4268/6206/5168 458/6207/247 460/6199/249
f 4268/6205/5168 2398/6204/2786 2397/6208/2785 4269/6209/5169
f 4268/6206/5168 4269/6210/5169 459/6211/248 458/6207/247
f 4269/6212/5170 2397/6213/2785 2362/6214/2733 2360/6215/2730
f 4269/6210/5170 2360/6216/2730 2358/6217/2728 459/6211/5171
f 4267/6202/5167 4265/6201/5165 4264/6218/5164 4270/6219/5172
f 4267/6220/5167 4270/6221/5172 4271/6222/5173 2403/3145/2791
f 4267/6220/5167 2403/3145/2791 2401/3143/2789 2400/3142/2788
f 4271/6223/5174 4270/6224/5175 4272/6225/5176 4273/6226/5177
f 4271/6223/5174 4273/6226/5177 2409/3162/2800 2406/3161/2799
f 4271/6222/5173 2406/3152/2794 2404/3146/2792 2403/3145/2791
f 4273/6226/5177 4272/6225/5178 4274/6227/5179 4275/6228/5180
f 4273/6226/5177 4275/6228/5180 2411/3166/2803 2409/3162/2800
f 4275/6228/5180 4274/6227/5179 4276/6229/5181 4277/6230/5182
f 4275/6228/5180 4277/6230/5182 2413/3169/2806 2411/3166/2803
f 4277/6230/5182 4276/6229/5181 4278/6231/5183 4279/6232/5184
f 4277/6230/5182 4279/6232/5184 2415/3172/2808 2413/3169/2806
f 4279/6232/5184 4278/6231/5183 4280/6233/5185 4281/6234/5186
f 4279/6235/5184 4281/6236/5186 2417/3178/2810 2415/3177/2808
f 4281/6236/5186 4280/6237/5185 4282/6238/5187 4283/6239/5188
f 4281/6236/5186 4283/6239/5188 4284/6240/5189 2417/3178/2810
f 4284/6241/5189 4283/6242/5188 4285/6243/5190 4286/6244/5191
f 4284/6241/5189 4286/6244/5191 4287/6245/5192 2420/3183/2814
f 4284/6241/5189 2420/3183/2814 2418/3180/2811 2417/6246/2810
f 4287/6247/5192 4286/6248/5193 4288/6249/5194 4289/6250/5195
f 4287/6247/5192 4289/6250/5195 624/502/457 623/501/456
f 4287/6247/5192 623/501/456 626/504/459 2420/6251/2814
f 4289/6250/5195 4288/6249/5194 4290/6252/5196 4291/6253/5197
f 4289/6250/5195 4291/6253/5197 4292/6254/5198 624/502/457
f 4292/6254/5198 4291/6253/5197 4293/6255/5199 4294/6256/5200
f 4292/6254/5198 4294/6256/5200 4295/6257/5201 2422/3191/2818
f 4292/6254/5198 2422/3191/2818 625/503/458 624/502/457
f 4295/6257/5201 4294/6256/5200 4296/6258/5202 4297/6259/5203
f 4295/6257/5201 4297/6259/5203 4298/6260/5204 2425/3195/2822
f 4295/6257/5201 2425/3195/2822 2423/3192/2819 2422/3191/2818
f 4298/6260/5204 4297/6259/5203 4299/6261/5205 744/678/611
f 4298/6260/5204 744/678/611 743/677/610 4300/6262/5206
f 4298/6260/5204 4300/6262/5206 2426/3196/2823 2425/3195/2822
f 4300/6263/5207 743/685/618 748/684/617 4301/6264/5208
f 4300/6263/5207 4301/6264/5208 2427/3199/2826 2426/3198/2825
f 4301/6264/5208 748/684/617 4302/6265/5209 4303/6266/5210
f 4301/6264/5208 4303/6266/5210 2429/3203/2829 2427/3199/2826
f 4303/6266/5211 4302/6265/5211 857/6267/5211 856/6268/5211
f 4303/6266/5210 856/6268/5212 4304/6269/5213 2429/3203/2829
f 4304/6269/5213 2432/3206/2834 2430/3204/2830 2429/3203/2829
f 4304/6270/5214 856/6271/5214 100/6272/5214 855/6273/5214
f 4304/6269/5213 855/6274/5215 2434/3208/2836 2432/3206/2834
f 4302/6265/5209 748/684/617 747/683/616 4305/6275/5216
f 4302/6276/5217 4305/6277/5218 4306/6278/5219 857/6279/5217
f 4306/6278/5219 4305/6277/5218 4307/6280/5220 4308/6281/5221
f 4306/6282/5222 4308/6283/5221 4309/6284/5223 4310/6285/5224
f 4306/6282/5222 4310/6285/5224 849/6286/744 857/6287/5225
f 4310/6288/5224 4311/6289/5226 850/840/745 849/839/744
f 4310/6285/5224 4309/6284/5223 4312/6290/5227 4311/6291/5226
f 4312/6292/5227 4313/6293/5228 4314/6294/5229 4311/6289/5226
f 4312/6290/5227 4309/6284/5223 4315/6295/5230 4316/6296/5231
f 4312/6290/5227 4316/6296/5231 4317/6297/5232 4313/6298/5228
f 4317/6297/5232 4318/6299/5233 4319/6300/5234 4313/6298/5228
f 4317/6297/5232 4316/6296/5231 4320/6301/5235 4321/6302/5236
f 4317/6297/5232 4321/6302/5236 4322/6303/5237 4318/6299/5233
f 4322/6303/5237 4323/6304/5238 4324/6305/5239 4318/6299/5233
f 4322/6303/5237 4321/6302/5236 4325/6306/5240 4326/6307/5241
f 4322/6303/5237 4326/6307/5241 4327/6308/5242 4323/6304/5238
f 4327/6308/5242 4328/6309/5243 4329/6310/5244 4323/6304/5238
f 4327/6311/5242 4326/6312/5245 4330/6313/5246 4331/6314/5247
f 4327/6308/5242 4331/6315/5247 4332/6316/5248 4328/6309/5243
f 4332/6317/5248 4333/6318/5249 4334/6319/5250 4328/6320/5243
f 4332/6321/5251 4331/6314/5247 4335/6322/5252 4336/6323/5253
f 4332/6321/5251 4336/6323/5253 4337/6324/5254 4333/6325/5249
f 4337/6326/5254 644/537/480 648/536/484 4333/6327/5249
f 4337/6324/5254 4336/6323/5253 4338/6328/5255 4339/6329/5256
f 4337/6324/5254 4339/6329/5256 645/528/481 644/527/480
f 4339/6330/5257 4338/6331/5258 4340/6332/5259 4341/6333/5260
f 4339/6330/5257 4341/6333/5260 4342/6334/5261 645/6335/481
f 4342/6334/5261 618/493/448 639/6336/475 645/6335/481
f 4342/6334/5261 4341/6333/5260 4343/6337/5262 611/477/437
f 4342/6334/5261 611/477/437 610/476/436 618/493/448
f 4343/6337/5262 4341/6333/5260 4340/6332/5259 4344/6338/5263
f 4343/6337/5262 4344/6338/5263 4345/6339/5264 4346/6340/5265
f 4343/6337/5262 4346/6340/5265 612/478/438 611/477/437
f 4346/6340/5265 4345/6339/5264 4347/6341/5266 4348/6342/5267
f 4346/6340/5265 4348/6342/5267 613/479/439 612/478/438
f 4348/6342/5267 4347/6341/5266 4349/6343/5268 4350/6344/5269
f 4348/6342/5267 4350/6344/5269 597/6345/5270 613/479/439
f 4350/6346/5271 4349/6347/5268 4351/6348/5272 4352/6349/5273
f 4350/6346/5271 4352/6349/5273 598/457/420 597/456/419
f 4352/6349/5273 4351/6348/5272 545/6350/356 544/393/355
f 4352/6349/5273 544/393/355 550/392/361 598/457/420
f 4351/6351/5272 4349/6352/5268 4353/6353/5274 4354/6354/5275
f 4351/6348/5272 4354/6355/5276 4355/6356/5277 545/6350/356
f 4355/6356/5277 4354/6355/5276 4356/6357/5278 4357/6358/5279
f 4355/6356/5277 4357/6358/5279 4282/6359/5187 4358/6360/5280
f 4355/6361/5277 4358/6362/5280 546/6363/357 545/6364/356
f 4358/6362/5280 4282/6238/5187 4280/6237/5185 4359/6365/5281
f 4358/6362/5280 4359/6365/5281 4360/6366/5282 546/6363/357
f 4360/6367/5282 4361/6368/5283 50/388/354 546/6369/357
f 4360/6367/5282 4359/6370/5284 4362/6371/5285 4363/6372/5286
f 4360/6367/5282 4363/6372/5286 4364/6373/5287 4361/6368/5283
f 4364/6373/5287 4365/6374/5288 4366/6375/5289 4361/6368/5283
f 4364/6373/5287 4363/6372/5286 4367/6376/5290 4368/6377/5291
f 4364/6373/5287 4368/6377/5291 4369/6378/5292 4365/6374/5288
f 4369/6378/5292 4370/6379/5293 4371/6380/5294 4365/6374/5288
f 4369/6378/5292 4368/6377/5291 4372/6381/5295 4373/6382/5296
f 4369/6378/5292 4373/6382/5296 4374/6383/5297 4370/6379/5293
f 4374/6383/5297 4375/6384/5298 4376/6385/5299 4370/6379/5293
f 4374/6383/5297 4373/6382/5296 4377/6386/5300 4378/6387/5301
f 4374/6383/5297 4378/6387/5301 4379/6388/5302 4375/6384/5298
f 4379/6388/5302 4380/6389/5303 4381/6390/5304 4375/6384/5298
f 4379/6388/5302 4378/6387/5301 4257/6391/5305 4256/6392/5306
f 4379/6388/5302 4256/6392/5306 4382/6393/5307 4380/6389/5303
f 4382/6393/5307 4383/6394/5308 4384/6395/5309 4380/6389/5303
f 4382/6393/5307 4256/6392/5156 4254/6396/5154 4253/6397/5310
f 4382/6393/5307 4253/6397/5310 4385/6398/5311 4383/6394/5308
f 4385/6398/5311 4386/6399/5312 4387/6400/5313 4383/6394/5308
f 4385/6401/5311 4253/6181/5153 4251/6179/5151 4388/6402/5314
f 4385/6398/5311 4388/6403/5314 4389/6404/5315 4386/6399/5312
f 4389/6404/5315 4390/6405/5316 4391/6406/5317 4386/6399/5312
f 4389/6404/5315 4388/6403/5314 4392/6407/5318 4393/6408/5319
f 4389/6404/5315 4393/6408/5319 4394/6409/5320 4390/6405/5316
f 4394/6409/5320 4395/6410/5321 4396/6411/5322 4390/6405/5316
f 4394/6409/5320 4393/6408/5319 4397/6412/5323 4398/6413/5324
f 4394/6409/5320 4398/6413/5324 4399/6414/5325 4395/6410/5321
f 4399/6415/5326 4400/6416/5327 4401/6417/5328 4395/6418/5329
f 4399/6419/5326 4398/6420/5324 4237/6149/5137 4235/6145/5135
f 4399/6421/5326 4235/6422/5135 4233/6423/5133 4400/6424/5327
f 4401/6425/5330 55/6426/388 576/6427/393 4402/6428/5331
f 4401/6425/5330 4402/6428/5331 4396/6411/5322 4395/6410/5321
f 4401/6417/5328 4400/6416/5327 577/428/394 55/422/388
f 4402/6428/5331 576/6427/393 4403/6429/5332 4404/6430/5333
f 4402/6428/5331 4404/6430/5333 4405/6431/5334 4396/6411/5322
f 4405/6431/5334 4404/6430/5333 4406/6432/5335 4407/6433/5336
f 4405/6431/5334 4407/6433/5336 4408/6434/5337 4391/6406/5317
f 4405/6431/5334 4391/6406/5317 4390/6405/5316 4396/6411/5322
f 4408/6434/5337 4407/6433/5336 4409/6435/5338 4410/6436/5339
f 4408/6434/5337 4410/6436/5339 4411/6437/5340 4387/6400/5313
f 4408/6434/5337 4387/6400/5313 4386/6399/5312 4391/6406/5317
f 4411/6437/5340 4410/6436/5339 4412/6438/5341 4413/6439/5342
f 4411/6437/5340 4413/6439/5342 4414/6440/5343 4384/6395/5309
f 4411/6437/5340 4384/6395/5309 4383/6394/5308 4387/6400/5313
f 4414/6440/5343 4413/6439/5342 4415/6441/5344 4416/6442/5345
f 4414/6440/5343 4416/6442/5345 4417/6443/5346 4381/6390/5304
f 4414/6440/5343 4381/6390/5304 4380/6389/5303 4384/6395/5309
f 4417/6443/5346 4416/6442/5345 4418/6444/5347 4419/6445/5348
f 4417/6443/5346 4419/6445/5348 4420/6446/5349 4376/6385/5299
f 4417/6443/5346 4376/6385/5299 4375/6384/5298 4381/6390/5304
f 4420/6447/5350 4419/6448/5351 4421/6449/5352 4422/6450/5353
f 4420/6446/5350 4422/6451/5353 4423/6452/5354 4371/6380/5294
f 4420/6446/5349 4371/6380/5294 4370/6379/5293 4376/6385/5299
f 4423/6453/5354 4422/6450/5353 4424/6454/5355 4425/6455/5356
f 4423/6453/5354 4425/6455/5356 547/6456/358 4366/6457/5289
f 4423/6452/5354 4366/6375/5289 4365/6374/5288 4371/6380/5294
f 4425/6458/5356 4424/6459/5355 4426/6460/5357 4427/6461/5358
f 4425/6458/5356 4427/6461/5358 548/390/359 547/389/358
f 4427/6461/5358 4426/6460/5357 538/378/348 542/382/352
f 4427/6461/5358 542/382/352 4428/6462/5359 548/390/359
f 4428/6462/5359 4429/6463/5360 4430/6464/5361 4431/6465/5362
f 4428/6462/5359 4431/6465/5362 549/391/360 548/390/359
f 4428/6462/5359 542/382/352 541/381/351 4429/6463/5360
f 4431/6465/5362 4430/6464/5361 4432/6466/5363 4433/6467/5364
f 4431/6465/5362 4433/6467/5364 550/392/361 549/391/360
f 4433/6467/5364 4432/6466/5363 592/6468/414 58/454/413
f 4433/6467/5364 58/454/413 598/457/420 550/392/361
f 4432/6466/5363 4434/6469/5365 4435/6470/5366 592/6468/414
f 4432/6466/5363 4430/6464/5361 4436/6471/5367 4434/6469/5365
f 4436/6471/5367 4437/6472/5368 4438/6473/5369 4434/6469/5365
f 4436/6471/5367 4430/6464/5361 4429/6463/5360 4439/6474/5370
f 4436/6471/5367 4439/6474/5370 4440/6475/5371 4437/6472/5368
f 4440/6475/5371 4441/6476/5372 4442/6477/5373 4437/6472/5368
f 4440/6475/5371 4439/6474/5370 543/383/353 4443/6478/5374
f 4440/6475/5371 4443/6478/5374 4444/6479/5375 4441/6476/5372
f 4444/6479/5375 4445/6480/5376 4446/6481/5377 4441/6476/5372
f 4444/6479/5375 4443/6478/5374 4447/6482/5378 4448/6483/5379
f 4444/6479/5375 4448/6483/5379 4449/6484/5380 4445/6480/5376
f 4449/6484/5380 4450/6485/5381 4451/6486/5382 4445/6480/5376
f 4449/6484/5380 4448/6483/5379 4452/6487/5383 4453/6488/5384
f 4449/6484/5380 4453/6488/5384 4454/6489/5385 4450/6485/5381
f 4454/6489/5385 4455/6490/5386 4456/6491/5387 4450/6485/5381
f 4454/6489/5385 4453/6488/5384 4457/6492/5388 4458/6493/5389
f 4454/6489/5385 4458/6493/5389 673/579/5390 4455/6490/5386
f 4458/6493/5389 4457/6492/5388 4459/6494/5391 4460/6495/5392
f 4458/6493/5389 4460/6495/5392 666/580/5393 673/579/5390
f 4460/6496/5394 4459/6497/5395 4461/6498/5396 4462/6499/5397
f 4460/6496/5394 4462/6499/5397 667/572/513 666/571/512
f 4462/6499/5397 4461/6498/5396 4463/6500/5398 4464/6501/5399
f 4462/6499/5397 4464/6501/5399 4465/6502/5400 667/572/5401
f 4465/6502/5400 4466/6503/5402 668/573/514 667/572/5401
f 4465/6502/5400 4464/6501/5399 4467/6504/5403 4468/6505/5404
f 4465/6506/5400 4468/6507/5404 4469/6508/5405 4466/6509/5406
f 4469/6508/5405 4470/6510/5407 4471/6511/5408 4466/6509/5406
f 4469/6508/5405 4468/6507/5409 4472/6512/5410 4473/6513/5411
f 4469/6508/5405 4473/6513/5411 4474/6514/5412 4470/6510/5407
f 4474/6514/5412 4475/6515/5413 4476/6516/5414 4470/6510/5407
f 4474/6514/5412 4473/6513/5411 4477/6517/5415 4478/6518/5416
f 4474/6514/5412 4478/6518/5416 4479/6519/5417 4475/6515/5413
f 4479/6519/5417 4480/6520/5418 4481/6521/5419 4475/6515/5413
f 4479/6519/5417 4478/6518/5416 4482/6522/5420 703/624/560
f 4479/6519/5417 703/624/560 702/623/559 4480/6520/5418
f 4482/6522/5420 4478/6518/5416 4477/6517/5415 4483/6523/5421
f 4482/6522/5420 4483/6523/5421 4403/6429/5332 4484/6524/5422
f 4482/6522/5420 4484/6524/5422 699/620/556 703/624/560
f 4484/6524/5422 4403/6429/5332 576/6427/393 575/6525/392
f 4484/6524/5422 575/6525/392 700/621/557 699/620/556
f 4483/6523/5421 4477/6517/5415 4485/6526/5423 4406/6432/5335
f 4483/6523/5421 4406/6432/5335 4404/6430/5333 4403/6429/5332
f 4485/6526/5423 4477/6517/5415 4473/6513/5411 4472/6512/5410
f 4485/6526/5423 4472/6512/5410 4486/6527/5424 4409/6435/5338
f 4485/6526/5423 4409/6435/5338 4407/6433/5336 4406/6432/5335
f 4486/6527/5424 4472/6512/5410 4468/6507/5409 4467/6528/5425
f 4486/6527/5424 4467/6528/5425 4487/6529/5426 4412/6438/5341
f 4486/6527/5424 4412/6438/5341 4410/6436/5339 4409/6435/5338
f 4487/6530/5427 4467/6504/5403 4464/6501/5399 4463/6500/5398
f 4487/6530/5427 4463/6500/5398 4488/6531/5428 4415/6532/5429
f 4487/6529/5426 4415/6441/5344 4413/6439/5342 4412/6438/5341
f 4488/6531/5430 4463/6500/5398 4461/6498/5396 4489/6533/5431
f 4488/6531/5430 4489/6533/5431 4490/6534/5432 4418/6535/5433
f 4488/6536/5428 4418/6444/5347 4416/6442/5345 4415/6441/5429
f 4490/6534/5432 4489/6533/5431 4491/6537/5434 4492/6538/5435
f 4490/6534/5432 4492/6538/5435 4493/6539/5436 4421/6449/5352
f 4490/6534/5432 4421/6449/5352 4419/6448/5351 4418/6535/5433
f 4493/6539/5436 4492/6538/5435 4494/6540/5437 4495/6541/5438
f 4493/6539/5436 4495/6541/5438 4426/6542/5357 4424/6454/5355
f 4493/6539/5436 4424/6454/5355 4422/6450/5353 4421/6449/5352
f 4495/6543/5438 4494/6544/5437 4496/6545/5439 539/379/349
f 4495/6543/5438 539/379/349 538/378/348 4426/6460/5357
f 4496/6545/5439 4452/6487/5383 4448/6483/5379 4447/6482/5378
f 4496/6545/5439 4447/6482/5378 540/380/350 539/379/349
f 4496/6545/5439 4494/6544/5437 4497/6546/5440 4452/6487/5383
f 4497/6546/5440 4457/6492/5388 4453/6488/5384 4452/6487/5383
f 4497/6546/5440 4494/6544/5437 4492/6547/5435 4491/6548/5441
f 4497/6546/5440 4491/6548/5441 4459/6494/5391 4457/6492/5388
f 4491/6537/5434 4489/6533/5431 4461/6498/5396 4459/6497/5395
f 4481/6521/5419 4498/6549/5442 4499/6550/5443 4500/6551/5444
f 4481/6521/5419 4500/6551/5444 4476/6516/5414 4475/6515/5413
f 4481/6521/5419 4480/6520/5418 4501/6552/5445 4498/6549/5442
f 4501/6553/5445 2623/3477/3059 2622/3476/3058 4498/6554/5442
f 4501/6552/5445 4480/6520/5418 702/623/559 707/628/565
f 4501/6553/5445 707/6555/565 2625/3479/3061 2623/3477/3059
f 4500/6551/5444 4499/6550/5443 4502/6556/5446 4503/6557/5447
f 4500/6551/5444 4503/6557/5447 4504/6558/5448 4476/6516/5414
f 4504/6558/5448 4503/6557/5447 4505/6559/5449 4506/6560/5450
f 4504/6561/5448 4506/6562/5450 4507/6563/5451 4471/6564/5452
f 4504/6558/5448 4471/6511/5408 4470/6510/5407 4476/6516/5414
f 4507/6563/5451 4506/6562/5450 4508/6565/5453 669/6566/515
f 4507/6567/5451 669/575/515 73/574/511 668/6568/514
f 4507/6563/5451 668/6569/514 4466/6570/5402 4471/6564/5452
f 4508/6571/5453 4509/6572/5454 4510/6573/5455 4511/6574/5456
f 4508/6571/5453 4511/6574/5456 670/576/516 669/575/515
f 4508/6565/5453 4506/6562/5450 4505/6575/5449 4509/6576/5454
f 4511/6574/5456 4510/6573/5455 2598/6577/3031 4512/6578/5457
f 4511/6579/5456 4512/6580/5457 4513/6581/5458 670/6582/516
f 4513/6581/5458 4512/6580/5457 2594/3436/3027 4514/6583/5459
f 4513/6581/5458 4514/6583/5459 4515/6584/5460 4516/6585/5461
f 4513/6586/5458 4516/6587/5461 671/6588/5462 670/6589/516
f 4516/6587/5461 4515/6590/5460 4517/6591/5463 4518/6592/5464
f 4516/6587/5461 4518/6592/5464 674/6593/5465 671/6588/5462
f 4518/6594/5466 4517/6595/5467 4519/6596/5468 4520/6597/5469
f 4518/6592/5466 4520/6598/5469 4521/6599/5470 674/6593/5471
f 4521/6600/5472 4520/6597/5473 4522/6601/5474 4523/6602/5475
f 4521/6599/5472 4523/6603/5475 4524/6604/5476 4525/6605/5477
f 4521/6599/5470 4525/6605/5477 672/6606/518 674/6593/5471
f 4525/6607/5477 4524/6608/5476 4456/6609/5478 4455/6610/5479
f 4525/6605/5477 4455/6611/5479 673/6612/519 672/6606/518
f 4524/6608/5476 4523/6613/5475 4526/6614/5480 4527/6615/5481
f 4524/6608/5476 4527/6615/5481 4528/6616/5482 4456/6609/5478
f 4528/6617/5482 4527/6618/5481 4529/6619/5483 4530/6620/5484
f 4528/6617/5485 4530/6620/5486 4531/6621/5487 4451/6486/5382
f 4528/6617/5485 4451/6486/5382 4450/6485/5381 4456/6491/5387
f 4531/6621/5487 4530/6620/5486 719/645/580 718/644/579
f 4531/6621/5487 718/644/579 717/643/578 4446/6481/5377
f 4531/6621/5487 4446/6481/5377 4445/6480/5376 4451/6486/5382
f 4530/6620/5484 4529/6619/5483 798/773/683 719/645/686
f 4529/6619/5483 4532/6622/5488 799/774/684 798/773/683
f 4529/6623/5483 4527/6615/5481 4526/6614/5480 4532/6624/5488
f 4532/6622/5488 4533/6625/5489 4534/6626/5490 799/774/684
f 4532/6622/5488 4526/6627/5491 4535/6628/5492 4533/6625/5489
f 4535/6628/5492 4536/6629/5493 4537/6630/5494 4533/6625/5489
f 4535/6628/5492 4526/6627/5491 4523/6602/5475 4522/6601/5474
f 4535/6628/5492 4522/6601/5474 4538/6631/5495 4536/6629/5493
f 4538/6631/5495 4539/6632/5496 4540/6633/5497 4536/6629/5493
f 4538/6631/5495 4522/6601/5474 4520/6597/5473 4519/6596/5468
f 4538/6631/5495 4519/6596/5468 4541/6634/5498 4539/6632/5496
f 4541/6635/5499 4542/6636/5500 4543/6637/5501 4539/6638/5502
f 4541/6634/5498 4519/6596/5468 4517/6595/5467 4544/6639/5503
f 4541/6640/5499 4544/6641/5504 4545/6642/5505 4542/6643/5500
f 4545/6644/5506 4546/6645/5507 4547/6646/5508 4542/6647/5509
f 4545/6642/5505 4544/6641/5504 822/802/711 821/801/710
f 4545/6644/5510 821/6648/714 824/6649/713 4546/6645/5511
f 4547/6646/5508 943/977/871 942/976/870 4548/6650/5512
f 4547/6646/5508 4548/6650/5512 4543/6651/5513 4542/6647/5509
f 4547/6646/5508 4546/6645/5507 944/6652/5514 943/977/871
f 4548/6650/5512 942/976/870 4549/6653/5515 4550/6654/5516
f 4548/6650/5512 4550/6654/5516 4551/6655/5517 4543/6651/5513
f 4551/6656/5517 4550/6657/5516 4552/6658/5518 4553/6659/5519
f 4551/6656/5520 4553/6659/5519 4554/6660/5521 4540/6661/5522
f 4551/6656/5520 4540/6661/5522 4539/6638/5502 4543/6637/5501
f 4554/6660/5521 4553/6659/5519 4555/6662/5523 4556/6663/5524
f 4554/6660/5521 4556/6663/5524 4557/6664/5525 4537/6665/5494
f 4554/6666/5521 4537/6630/5494 4536/6629/5493 4540/6633/5497
f 4557/6667/5525 4556/6668/5524 4558/6669/5526 4559/6670/5527
f 4557/6667/5525 4559/6670/5527 4560/6671/5528 4534/6626/5490
f 4557/6667/5525 4534/6626/5490 4533/6625/5489 4537/6630/5494
f 4560/6671/5528 4559/6670/5527 4561/6672/5529 4562/6673/5530
f 4560/6671/5528 4562/6673/5530 725/651/586 800/775/685
f 4560/6671/5528 800/775/685 799/774/684 4534/6626/5490
f 4562/6673/5530 4561/6672/5529 4563/6674/5531 4564/6675/5532
f 4562/6673/5530 4564/6675/5532 723/649/584 725/651/586
f 4564/6675/5532 4563/6674/5531 4565/6676/5533 4566/6677/5534
f 4564/6675/5532 4566/6677/5534 724/650/585 723/649/584
f 4566/6677/5534 4565/6676/5533 4567/6678/5535 4568/6679/5536
f 4566/6677/5534 4568/6679/5536 4569/6680/5537 724/650/585
f 4569/6680/5537 4568/6679/5536 4570/6681/5538 4571/6682/5539
f 4569/6680/5537 4571/6682/5539 4572/6683/5540 4573/6684/5541
f 4569/6680/5537 4573/6684/5541 721/647/582 724/650/585
f 4573/6684/5541 4572/6683/5540 4574/6685/5542 4575/6686/5543
f 4573/6684/5541 4575/6686/5543 722/648/583 721/647/582
f 4575/6686/5543 4574/6685/5542 4576/6687/5544 4577/6688/5545
f 4575/6686/5543 4577/6688/5545 4578/6689/5546 722/648/583
f 4578/6689/5546 4577/6688/5545 4579/6690/5547 4580/6691/5548
f 4578/6689/5546 4580/6691/5548 4438/6473/5369 4581/6692/5549
f 4578/6689/5546 4581/6692/5549 716/642/577 722/648/583
f 4581/6692/5549 4438/6473/5369 4437/6472/5368 4442/6477/5373
f 4581/6692/5549 4442/6477/5373 717/643/578 716/642/577
f 4580/6693/5548 4579/6694/5547 4582/6695/5550 4435/6696/5366
f 4580/6691/5548 4435/6470/5366 4434/6469/5365 4438/6473/5369
f 4582/6695/5550 4579/6694/5547 4583/6697/5551 4584/6698/5552
f 4582/6699/5550 4584/6700/5552 614/6701/441 593/450/415
f 4582/6699/5550 593/450/415 592/449/414 4435/6702/5366
f 4584/6703/5552 4583/6704/5551 4585/534/5553 4586/6705/5554
f 4584/6703/5552 4586/6705/5554 615/484/442 614/483/441
f 4586/6706/5554 4585/6707/5553 4587/6708/5555 4588/6709/5556
f 4586/6706/5554 4588/6709/5556 627/507/461 615/506/442
f 4588/6710/5557 4587/6711/5558 4589/6712/5559 4590/6713/5560
f 4588/6710/5557 4590/6713/5560 4591/6714/5561 627/6715/5562
f 4591/6714/5561 4590/6713/5560 4592/6716/5563 642/6717/478
f 4591/6714/5561 642/6717/478 641/548/477 653/547/494
f 4591/6714/5561 653/547/494 628/552/496 627/6715/5562
f 4592/6718/5563 4593/6719/5564 4594/6720/5565 4595/6721/5566
f 4592/6722/5563 4595/6723/5566 643/525/479 642/524/478
f 4592/6724/5563 4590/6725/5560 4589/6726/5559 4593/5234/5564
f 4595/6721/5566 4594/6720/5565 4596/6727/5567 4597/6728/5568
f 4595/6723/5566 4597/6729/5568 646/6730/482 643/525/479
f 4597/6731/5568 4596/6732/5567 4598/6733/5569 4599/6734/5570
f 4597/6731/5568 4599/6734/5570 4600/6735/5571 646/532/482
f 4600/6735/5571 4599/6734/5570 4601/6736/5572 4602/6737/5573
f 4600/6735/5571 4602/6737/5573 792/6738/5574 4603/6739/5575
f 4600/6735/5571 4603/6739/5575 647/533/483 646/532/482
f 4603/6739/5575 792/6738/5574 791/6740/674 4604/6741/5576
f 4603/6739/5575 4604/6741/5576 648/6742/484 647/533/483
f 4604/6741/5576 791/6740/674 794/6743/678 4334/6744/5577
f 4604/6745/5576 4334/6746/5250 4333/6327/5249 648/536/484
f 4602/6737/5573 4601/6736/5572 4605/6747/5578 4606/6748/5579
f 4602/6749/5580 4606/6750/5580 789/759/676 792/758/675
f 4606/6748/5579 4605/6747/5578 784/748/666 783/747/665
f 4606/6748/5579 783/747/665 788/752/670 789/754/672
f 4605/6747/5578 887/896/794 886/895/793 784/748/666
f 4605/6747/5578 4601/6736/5572 4607/6751/5581 887/896/794
f 4607/6751/5581 931/959/853 884/892/790 887/896/794
f 4607/6751/5581 4601/6736/5572 4599/6734/5570 4598/6733/5569
f 4607/6751/5581 4598/6733/5569 4608/6752/5582 931/959/853
f 4608/6752/5582 858/849/753 866/857/761 931/959/853
f 4608/6752/5582 4598/6733/5569 4596/6732/5567 4609/6753/5583
f 4608/6752/5582 4609/6753/5583 859/850/754 858/849/753
f 4609/6753/5583 4596/6732/5567 4594/6754/5565 4610/6755/5584
f 4609/6753/5583 4610/6755/5584 4611/6756/5585 859/850/754
f 4611/6756/5585 4612/6757/5586 860/851/755 859/850/754
f 4611/6756/5585 4610/6755/5584 4613/6758/5587 4614/6759/5588
f 4611/6756/5585 4614/6759/5588 4615/6760/5589 4612/6757/5586
f 4615/6760/5589 4616/6761/5590 4617/6762/5591 4612/6757/5586
f 4615/6760/5589 4614/6759/5588 4618/6763/5592 4619/6764/5593
f 4615/6765/5589 4619/6766/5593 4620/6767/5594 4616/6768/5590
f 4620/6769/5594 4621/6770/5595 4622/6771/5596 4616/6424/5590
f 4620/6767/5594 4619/6766/5593 4623/6772/5597 4624/6773/5598
f 4620/6769/5594 4624/6774/5598 4625/6775/5599 4621/6770/5595
f 4625/6775/5599 4626/6776/5600 4627/6777/5601 4621/6770/5595
f 4625/6775/5599 4624/6774/5598 4628/6778/5602 4629/6779/5603
f 4625/6775/5599 4629/6779/5603 4630/6780/5604 4626/6776/5600
f 4630/6780/5604 844/6781/5605 843/6782/5606 4626/6776/5600
f 4630/6780/5604 4629/6779/5603 4570/6783/5538 4631/6784/5607
f 4630/6785/5604 4631/6786/5607 4632/6787/5608 844/6788/5609
f 4632/6789/5610 4633/6790/5611 841/6791/5612 844/6792/5612
f 4632/6787/5608 4631/6786/5607 4567/6678/5535 4634/6793/5613
f 4632/6789/5610 4634/6794/5614 4635/6795/5615 4633/6790/5611
f 4635/6796/5616 4636/6797/5617 4637/6798/5618 4633/6799/5619
f 4635/6795/5615 4634/6794/5614 4638/6800/5620 4639/6801/5621
f 4635/6795/5616 4639/6801/5621 4640/6802/5622 4636/6803/5617
f 4640/6804/5622 4641/6805/5623 4642/6806/5624 4636/6797/5617
f 4640/6802/5622 4639/6801/5621 4643/6807/5625 4644/6808/5626
f 4640/6804/5622 4644/6809/5626 4645/6810/5627 4641/6805/5623
f 4645/6810/5627 4646/6811/5628 4647/6812/5629 4641/6805/5623
f 4645/6810/5627 4644/6809/5626 4648/6813/5630 4649/6814/5631
f 4645/6810/5627 4649/6814/5631 4650/6815/5632 4646/6811/5628
f 4650/6815/5632 863/854/758 862/853/757 4646/6811/5628
f 4650/6815/5632 4649/6814/5631 4651/6816/5633 890/900/798
f 4650/6815/5632 890/900/798 889/899/797 863/854/758
f 4651/6816/5633 4649/6814/5631 4648/6813/5630 4652/6817/5634
f 4651/6816/5633 4652/6817/5634 4653/6818/5635 4654/6819/5636
f 4651/6816/5633 4654/6819/5636 891/901/799 890/900/798
f 4654/6819/5636 4653/6818/5635 4552/6820/5518 4655/6821/5637
f 4654/6819/5636 4655/6821/5637 892/902/800 891/901/799
f 4655/6821/5637 4552/6820/5518 4550/6654/5516 4549/6653/5515
f 4655/6821/5637 4549/6653/5515 4656/6822/5638 892/902/800
f 4656/6822/5638 4657/6823/5639 893/903/801 892/902/800
f 4656/6822/5638 4549/6653/5515 942/976/870 941/975/869
f 4656/6822/5638 941/975/869 945/6824/875 4657/6823/5639
f 4657/6825/5639 4658/6826/5640 894/906/802 893/905/801
f 4657/6825/5639 945/6827/875 4659/6828/5641 4658/6826/5640
f 4659/6829/5641 945/6830/875 122/981/874 958/1001/5642
f 4659/6831/5641 958/6832/5642 4660/6833/5643 4661/6834/5644
f 4659/6831/5641 4661/6834/5644 867/858/762 4658/6835/5645
f 4661/6834/5644 4660/6833/5646 933/961/855 932/960/854
f 4661/6834/5644 932/960/854 865/856/760 867/858/762
f 4660/6836/5643 958/1001/5642 957/1000/894 1004/1070/957
f 4660/6833/5646 1004/3338/2942 2524/3334/2939 933/961/855
f 4658/6835/5645 867/858/762 864/855/759 894/6837/802
f 4653/6838/5635 4652/6839/5634 4662/6840/5647 4555/6662/5523
f 4653/6838/5635 4555/6662/5523 4553/6659/5519 4552/6658/5518
f 4662/6840/5647 4652/6839/5634 4648/6841/5630 4663/6842/5648
f 4662/6840/5647 4663/6842/5648 4664/6843/5649 4558/6844/5526
f 4662/6840/5647 4558/6844/5526 4556/6663/5524 4555/6662/5523
f 4664/6843/5649 4663/6842/5648 4643/6845/5625 4665/6846/5650
f 4664/6847/5649 4665/6848/5650 4563/6674/5531 4561/6672/5529
f 4664/6843/5649 4561/6849/5529 4559/6850/5527 4558/6844/5526
f 4665/6846/5650 4643/6845/5625 4639/6851/5621 4638/6852/5620
f 4665/6848/5650 4638/6853/5651 4565/6676/5533 4563/6674/5531
f 4663/6842/5648 4648/6841/5630 4644/6854/5626 4643/6845/5625
f 4647/6812/5629 4646/6811/5628 862/853/757 861/852/756
f 4647/6812/5629 861/852/756 4617/6762/5591 4666/6855/5652
f 4647/6812/5629 4666/6855/5652 4642/6806/5624 4641/6805/5623
f 4666/6855/5652 4617/6762/5591 4616/6761/5590 4622/6856/5596
f 4666/6855/5652 4622/6856/5596 4667/6857/5653 4642/6806/5624
f 4667/6857/5653 4637/6798/5654 4636/6797/5617 4642/6806/5624
f 4667/6858/5653 4622/6771/5596 4621/6770/5595 4627/6777/5601
f 4667/6857/5653 4627/6859/5601 842/6860/5655 4637/6798/5654
f 4638/6853/5651 4634/6793/5613 4567/6678/5535 4565/6676/5533
f 4637/6798/5618 842/6860/5656 841/6861/5656 4633/6799/5619
f 4631/6786/5607 4570/6681/5538 4568/6679/5536 4567/6678/5535
f 4629/6779/5603 4628/6778/5602 4571/6862/5539 4570/6783/5538
f 4628/6863/5602 4624/6773/5598 4623/6772/5597 4668/6864/5657
f 4628/6863/5602 4668/6864/5657 4572/6865/5540 4571/6866/5539
f 4668/6867/5657 4623/6868/5597 4669/6869/5658 4670/6870/5659
f 4668/6864/5657 4670/6871/5659 4574/6872/5542 4572/6865/5540
f 4670/6871/5659 4669/6873/5658 4671/6874/5660 4672/6875/5661
f 4670/6871/5659 4672/6875/5661 4576/6876/5544 4574/6872/5542
f 4672/6877/5661 4671/6878/5660 4587/6879/5555 4585/6880/5553
f 4672/6877/5661 4585/6880/5553 4583/6697/5551 4576/6881/5544
f 4671/6874/5660 4669/6873/5658 4618/6882/5592 4673/6883/5662
f 4671/6878/5660 4673/6884/5662 4589/6885/5559 4587/6879/5558
f 4673/6883/5662 4618/6882/5592 4614/6886/5588 4613/6887/5587
f 4673/6884/5662 4613/6888/5587 4593/6719/5564 4589/6885/5559
f 4669/6873/5658 4623/6772/5597 4619/6766/5593 4618/6882/5592
f 4627/6777/5601 4626/6776/5600 843/6782/5606 842/6889/5663
f 4617/6762/5591 861/852/756 860/851/755 4612/6757/5586
f 4613/6888/5587 4610/6890/5584 4594/6720/5565 4593/6719/5564
f 4583/6697/5551 4579/6694/5547 4577/6891/5545 4576/6881/5544
f 4546/6892/5511 824/805/713 875/875/776 944/980/891
f 4544/6641/5664 4517/6591/5463 4515/6590/5460 822/802/5665
f 4515/6590/5460 4514/6893/5459 823/803/715 822/802/5665
f 4514/6583/5459 2594/3436/3027 825/807/716 823/806/715
f 4512/6580/5457 2598/3440/3031 2595/3437/3028 2594/3436/3027
f 4510/6573/5455 2603/6894/3036 2599/6895/3032 2598/6577/3031
f 4510/6896/5455 4509/6576/5454 4674/6897/5666 2603/3445/3036
f 4674/6897/5666 2608/6898/3041 2604/3446/3037 2603/3445/3036
f 4674/6897/5666 4509/6576/5454 4505/6575/5449 4675/6899/5667
f 4674/6900/5666 4675/6901/5667 4676/6902/5668 2608/6903/3041
f 4676/1686/5668 2612/3459/3045 2609/3453/3042 2608/3452/3041
f 4676/6902/5668 4675/6901/5667 4502/6556/5446 4677/6904/5669
f 4676/6902/5668 4677/6904/5669 2614/3463/3049 2612/3462/3048
f 4677/6904/5669 4502/6556/5446 4499/6550/5443 2621/6905/3057
f 4677/6904/5669 2621/6905/3057 2616/6906/3051 2614/3463/3049
f 4675/6901/5667 4505/6559/5449 4503/6557/5447 4502/6556/5446
f 4499/6550/5443 4498/6549/5442 2622/6907/3058 2621/6905/3057
f 4447/6482/5378 4443/6478/5374 543/383/353 540/380/350
f 4446/6481/5377 717/643/578 4442/6477/5373 4441/6476/5372
f 4439/6474/5370 4429/6463/5360 541/381/351 543/383/353
f 4400/6416/5327 4233/6908/5133 4231/6909/5131 577/428/394
f 4398/6413/5324 4397/6412/5323 4239/6156/5139 4237/6910/5137
f 4397/6412/5323 4393/6408/5319 4392/6407/5318 4246/6170/5146
f 4397/6412/5323 4246/6170/5146 4241/6157/5141 4239/6156/5139
f 4392/6407/5318 4388/6403/5314 4251/6911/5151 4249/6912/5149
f 4392/6407/5318 4249/6912/5149 4247/6171/5147 4246/6170/5146
f 4378/6387/5301 4377/6386/5300 4258/6913/5670 4257/6391/5305
f 4377/6386/5300 4373/6382/5296 4372/6381/5295 4678/6914/5671
f 4377/6386/5300 4678/6914/5671 4260/6915/5672 4258/6913/5670
f 4678/6914/5671 4372/6381/5295 4679/6916/5673 4680/6917/5674
f 4678/6914/5671 4680/6917/5674 4262/6918/5675 4260/6915/5672
f 4680/6917/5674 4679/6916/5673 4681/6919/5676 4682/6920/5677
f 4680/6917/5674 4682/6920/5678 4264/6921/5679 4262/6918/5675
f 4682/6920/5677 4681/6919/5676 4274/6227/5179 4272/6225/5178
f 4682/6920/5678 4272/6225/5176 4270/6224/5175 4264/6921/5679
f 4681/6919/5676 4679/6916/5673 4367/6376/5290 4683/6922/5680
f 4681/6919/5676 4683/6922/5680 4276/6229/5181 4274/6227/5179
f 4683/6922/5680 4367/6376/5290 4363/6372/5286 4362/6371/5285
f 4683/6922/5680 4362/6371/5285 4278/6231/5183 4276/6229/5181
f 4679/6916/5673 4372/6381/5295 4368/6377/5291 4367/6376/5290
f 4366/6375/5289 547/389/358 50/388/354 4361/6368/5283
f 4362/6371/5285 4359/6370/5284 4280/6233/5185 4278/6231/5183
f 4357/6358/5279 4356/6357/5278 4684/6923/5681 4285/6243/5190
f 4357/6358/5279 4285/6243/5190 4283/6242/5188 4282/6359/5187
f 4684/6924/5681 4356/6925/5682 4685/6926/5683 4686/6927/5684
f 4684/6924/5681 4686/6927/5684 4290/6252/5196 4288/6249/5194
f 4684/6924/5681 4288/6249/5194 4286/6248/5193 4285/6928/5190
f 4686/6927/5684 4685/6926/5683 4687/6929/5685 4688/6930/5686
f 4686/6927/5684 4688/6930/5686 4689/6931/5687 4290/6252/5196
f 4689/6931/5687 4688/6930/5686 4690/6932/5688 4691/6933/5689
f 4689/6931/5687 4691/6933/5689 4692/6934/5690 4293/6255/5199
f 4689/6931/5687 4293/6255/5199 4291/6253/5197 4290/6252/5196
f 4692/6934/5690 4691/6933/5689 4693/6935/5691 4694/6936/5692
f 4692/6934/5690 4694/6936/5692 4695/6937/5693 4296/6258/5202
f 4692/6934/5690 4296/6258/5202 4294/6256/5200 4293/6255/5199
f 4695/6937/5693 4694/6936/5692 4696/6938/5694 4697/6939/5695
f 4695/6937/5693 4697/6939/5695 4698/6940/5696 4299/6261/5205
f 4695/6937/5693 4299/6261/5205 4297/6259/5203 4296/6258/5202
f 4698/6940/5696 4697/6939/5695 4699/6941/5697 4700/6942/5698
f 4698/6940/5696 4700/6942/5698 746/680/613 745/679/612
f 4698/6940/5696 745/679/612 744/678/611 4299/6261/5205
f 4700/6942/5698 4699/6941/5697 4701/6943/5699 4702/6944/5700
f 4700/6942/5698 4702/6944/5700 4307/6945/5701 746/680/613
f 4702/6946/5702 4701/6947/5699 779/741/659 4703/6948/5703
f 4702/6946/5702 4703/6948/5703 4308/6281/5221 4307/6280/5220
f 4703/6948/5703 779/741/659 778/740/658 4315/6949/5230
f 4703/6948/5703 4315/6949/5230 4309/6950/5223 4308/6281/5221
f 4701/6943/5699 4704/6951/5704 780/6952/5705 779/6953/659
f 4701/6943/5699 4699/6941/5697 4705/6954/5706 4704/6951/5704
f 4705/6954/5706 4706/6955/5707 4707/6956/5708 4704/6951/5704
f 4705/6954/5706 4699/6941/5697 4697/6939/5695 4696/6938/5694
f 4705/6954/5706 4696/6938/5694 4708/6957/5709 4706/6955/5707
f 4708/6957/5709 4709/6958/5710 4710/6959/5711 4706/6955/5707
f 4708/6957/5709 4696/6938/5694 4694/6936/5692 4693/6935/5691
f 4708/6957/5709 4693/6935/5691 4711/6960/5712 4709/6958/5710
f 4711/6960/5712 4712/6961/5713 4713/6962/5714 4709/6958/5710
f 4711/6960/5712 4693/6935/5691 4691/6933/5689 4690/6932/5688
f 4711/6960/5712 4690/6932/5688 4714/6963/5715 4712/6961/5713
f 4714/6963/5715 4715/6964/5716 4716/6965/5717 4712/6961/5713
f 4714/6963/5715 4690/6932/5688 4688/6930/5686 4687/6929/5685
f 4714/6963/5715 4687/6929/5685 4717/6966/5718 4715/6964/5716
f 4717/6967/5719 4347/6968/5266 4345/6969/5264 4715/6970/5720
f 4717/6966/5718 4687/6929/5685 4685/6926/5683 4353/6971/5721
f 4717/6967/5719 4353/6353/5274 4349/6352/5268 4347/6968/5266
f 4716/6972/5722 4344/6973/5263 4340/6974/5259 4718/6975/5723
f 4716/6965/5717 4718/6976/5723 4713/6962/5714 4712/6961/5713
f 4716/6972/5722 4715/6970/5720 4345/6969/5264 4344/6973/5263
f 4718/6975/5723 4340/6974/5259 4338/6977/5258 4719/6978/5724
f 4718/6976/5723 4719/6979/5724 4720/6980/5725 4713/6962/5714
f 4720/6981/5726 4719/6982/5727 4335/6322/5252 4721/6983/5728
f 4720/6981/5726 4721/6983/5728 4722/6984/5729 4710/6985/5730
f 4720/6980/5725 4710/6959/5711 4709/6958/5710 4713/6962/5714
f 4722/6984/5729 4721/6983/5728 4330/6313/5246 4723/6986/5731
f 4722/6984/5729 4723/6986/5731 4724/6987/5732 4707/6988/5733
f 4722/6989/5734 4707/6956/5708 4706/6955/5707 4710/6959/5711
f 4724/6987/5732 4723/6986/5731 4325/6990/5240 4725/6991/5735
f 4724/6987/5732 4725/6991/5735 777/739/657 780/742/660
f 4724/6987/5732 780/742/5736 4704/6992/5736 4707/6988/5733
f 4725/6991/5735 4325/6990/5240 4321/6993/5236 4320/6994/5737
f 4725/6991/5735 4320/6994/5737 778/740/658 777/739/657
f 4723/6986/5731 4330/6313/5246 4326/6312/5245 4325/6990/5240
f 4721/6983/5728 4335/6322/5252 4331/6314/5247 4330/6313/5246
f 4719/6982/5727 4338/6328/5255 4336/6323/5253 4335/6322/5252
f 4685/6926/5683 4356/6925/5682 4354/6995/5738 4353/6971/5721
f 4334/6319/5250 794/762/678 4329/6996/5244 4328/6320/5243
f 4329/6996/5244 794/762/678 793/761/677 4726/6997/5739
f 4329/6310/5244 4726/6998/5739 4324/6305/5239 4323/6304/5238
f 4726/6999/5739 793/771/677 797/770/681 4727/7000/5740
f 4726/6999/5739 4727/7000/5740 4728/7001/5741 4324/7002/5742
f 4728/7001/5741 4727/7000/5740 4729/7003/5743 4730/7004/5744
f 4728/7001/5741 4730/7004/5744 4731/7005/5745 4319/7006/5234
f 4728/7001/5741 4319/7006/5234 4318/7007/5233 4324/7002/5742
f 4731/7005/5745 4730/7004/5744 4732/7008/5746 4733/7009/5747
f 4731/7005/5745 4733/7009/5747 4734/7010/5748 4314/6294/5229
f 4731/7005/5745 4314/6294/5229 4313/6293/5228 4319/7006/5234
f 4734/7010/5748 4733/7009/5747 4735/7011/5749 4736/7012/5750
f 4734/7010/5748 4736/7012/5750 851/841/746 850/840/745
f 4734/7010/5748 850/840/745 4311/6289/5226 4314/6294/5229
f 4736/7012/5750 4735/7011/5749 4737/7013/5751 4738/7014/5752
f 4736/7012/5750 4738/7014/5752 852/842/747 851/841/746
f 4738/7014/5752 4737/7013/5751 4739/7015/5753 4740/7016/5754
f 4738/7014/5752 4740/7016/5754 4741/7017/5755 852/842/747
f 4741/7018/5756 4740/7019/5757 4742/7020/5758 4743/7021/5759
f 4741/7018/5756 4743/7021/5759 4744/7022/5760 4745/7023/5761
f 4741/7017/5755 4745/7024/5762 853/843/748 852/842/747
f 4745/7023/5761 4744/7022/5760 4746/7025/5763 4747/7026/5764
f 4745/7024/5762 4747/7027/5764 854/844/749 853/843/748
f 4747/7026/5764 4746/7025/5763 2447/7028/5765 2446/7029/5766
f 4747/7026/5764 2446/7029/5766 4748/7030/5767 854/7031/749
f 4748/7032/5768 2438/3212/2840 2435/3209/2837 2434/3208/2836
f 4748/7033/5769 2434/7034/5769 855/7035/5769 854/7036/5769
f 4748/7032/5768 2446/3220/2847 2444/3218/2845 2438/3212/2840
f 4746/7025/5763 4744/7022/5760 4749/7037/5770 4750/7038/5771
f 4746/7025/5763 4750/7038/5771 2448/7039/5772 2447/7028/5765
f 4750/7038/5771 4749/7037/5770 4751/7040/5773 4752/7041/5774
f 4750/7038/5771 4752/7041/5774 2450/7042/5775 2448/7039/5772
f 4752/7041/5774 4751/7040/5773 4753/7043/5776 4754/7044/5777
f 4752/7041/5774 4754/7044/5777 2452/7045/5778 2450/7042/5775
f 4754/7044/5777 4753/7043/5776 4755/7046/5779 4756/7047/5780
f 4754/7044/5777 4756/7047/5780 4757/7048/5781 2452/7045/5778
f 4757/7048/5781 4756/7047/5780 910/929/825 915/939/835
f 4757/7049/5782 915/7050/5783 4758/7051/5784 2456/7052/5785
f 4757/7049/5782 2456/7052/5785 2453/3228/2855 2452/3227/2854
f 4758/7051/5786 2461/7053/5787 2457/7054/5788 2456/7052/5788
f 4758/7051/5784 915/7050/5783 909/7055/5789 908/7056/5789
f 4758/7051/5786 908/7056/5790 4759/7057/5791 2461/7053/5787
f 4759/7058/5791 2464/3246/2868 2462/3244/2866 2461/3243/2865
f 4759/7058/5791 908/7059/5790 907/7060/5792 913/7061/5793
f 4759/7058/5791 913/7061/5793 2466/3248/2870 2464/3246/2868
f 4756/7047/5780 4755/7046/5779 911/930/826 910/929/825
f 4755/7062/5779 4760/7063/5794 4761/7064/5795 911/7065/826
f 4755/7062/5779 4753/7066/5776 4762/7067/5796 4760/7063/5794
f 4762/7068/5796 4763/7069/5797 4764/7070/5798 4760/7071/5794
f 4762/7067/5796 4753/7066/5776 4751/7072/5773 4765/7073/5799
f 4762/7068/5796 4765/7074/5799 4766/7075/5800 4763/7069/5797
f 4766/7075/5800 2480/7076/2888 2478/3271/2886 4763/7069/5797
f 4766/7075/5800 4765/7074/5799 4767/7077/5801 4768/7078/5802
f 4766/7075/5800 4768/7078/5802 2482/7079/2890 2480/7076/2888
f 4768/7078/5802 4767/7077/5801 4743/7021/5759 4742/7020/5758
f 4768/7078/5802 4742/7020/5758 4769/7080/5803 2482/7079/2890
f 4769/7081/5803 2486/7082/2894 2483/3281/2891 2482/3280/2890
f 4769/7080/5803 4742/7020/5758 4740/7019/5757 4739/7083/5804
f 4769/7081/5803 4739/7084/5804 4770/7085/5805 2486/7082/2894
f 4770/7086/5805 2491/7087/2900 2487/3287/2895 2486/3286/2894
f 4770/7088/5806 4739/7015/5753 4737/7013/5751 4771/7089/5807
f 4770/7088/5806 4771/7089/5807 4772/7090/5808 2491/3294/5809
f 4772/7090/5808 2496/3300/2907 2492/3295/2906 2491/3294/5809
f 4772/7090/5808 4771/7089/5807 4773/7091/5810 4774/7092/5811
f 4772/7090/5808 4774/7092/5811 4775/7093/5812 2496/3300/2907
f 4775/7093/5812 2501/3305/2912 2497/3301/2908 2496/3300/2907
f 4775/7093/5812 4774/7092/5811 4776/7094/5813 4777/7095/5814
f 4775/7093/5812 4777/7095/5814 4778/7096/5815 2501/3305/2912
f 4778/7096/5815 2506/3310/2917 2502/3306/2913 2501/3305/2912
f 4778/7096/5815 4777/7095/5814 4779/7097/5816 4780/7098/5817
f 4778/7096/5815 4780/7098/5817 4781/7099/5818 2506/3310/2917
f 4781/7099/5818 2511/7100/2923 2507/3311/2918 2506/3310/2917
f 4781/7099/5818 4780/7098/5817 796/769/680 795/7101/679
f 4781/7102/5818 795/766/679 4782/7103/5819 2511/3317/2923
f 4782/7103/5819 2516/3323/2929 2512/3318/2924 2511/3317/2923
f 4782/7103/5819 795/766/679 790/765/673 4783/7104/5820
f 4782/7103/5819 4783/7104/5820 4784/7105/5821 2516/3323/2929
f 4784/7105/5821 2521/7106/2935 2517/3324/2930 2516/3323/2929
f 4784/7107/5821 4783/7108/5822 787/751/669 786/750/668
f 4784/7107/5821 786/750/668 4785/7109/5823 2521/3330/2935
f 4785/7109/5823 935/963/857 2522/3331/2936 2521/3330/2935
f 4785/7109/5823 786/750/668 785/749/667 888/897/795
f 4785/7109/5823 888/897/795 885/894/792 935/963/857
f 4783/7108/5822 790/755/673 788/752/670 787/751/669
f 4780/7098/5817 4779/7097/5816 797/770/681 796/769/680
f 4779/7097/5816 4777/7095/5814 4776/7094/5813 4729/7003/5743
f 4779/7097/5816 4729/7003/5743 4727/7000/5740 797/770/681
f 4776/7094/5813 4774/7092/5811 4773/7091/5810 4732/7008/5824
f 4776/7094/5813 4732/7008/5746 4730/7004/5744 4729/7003/5743
f 4773/7091/5810 4771/7089/5807 4737/7013/5751 4735/7011/5749
f 4773/7091/5810 4735/7011/5749 4733/7009/5747 4732/7008/5824
f 4767/7110/5801 4765/7073/5799 4751/7072/5773 4749/7111/5770
f 4767/7110/5801 4749/7111/5770 4744/7112/5760 4743/7113/5759
f 4764/7070/5798 2476/3269/2884 2474/3268/2881 4786/7114/5825
f 4764/7070/5798 4786/7114/5825 4761/7115/5795 4760/7071/5794
f 4764/7070/5798 4763/7069/5797 2478/3271/2886 2476/3269/2884
f 4786/7114/5825 2474/3268/2881 2471/3257/2878 2470/3256/2877
f 4786/7114/5825 2470/3256/2877 4787/7116/5826 4761/7115/5795
f 4787/7116/5826 2470/3256/2877 2467/3251/2873 2466/7117/5827
f 4787/7118/5826 2466/7119/5827 913/7120/828 912/7121/827
f 4787/7118/5826 912/7121/827 911/7065/826 4761/7064/5795
f 4320/6301/5235 4316/6296/5231 4315/6295/5230 778/7122/658
f 4307/6280/5220 4305/6277/5218 747/7123/5828 746/7124/5828
f 4231/6909/5131 4230/7125/5130 578/429/395 577/428/394
f 4230/7126/5130 4229/7127/5129 4788/7128/5829 578/7129/395
f 4788/7128/5829 4789/7130/5830 4790/7131/5831 4791/7132/5832
f 4788/7133/5829 4791/7134/5832 572/423/389 578/429/395
f 4788/7128/5829 4229/7127/5129 4792/7135/5833 4789/7130/5830
f 4792/7135/5833 4793/7136/5834 4794/7137/5835 4789/7130/5830
f 4792/7135/5833 4229/7127/5129 4227/6129/5126 4226/6128/5125
f 4792/7135/5833 4226/6128/5125 4795/7138/5836 4793/7136/5834
f 4795/7138/5836 4796/7139/5837 4797/7140/5838 4793/7136/5834
f 4795/7138/5836 4226/6128/5125 4224/6127/5123 4223/7141/5122
f 4795/7138/5836 4223/7141/5122 4798/7142/5839 4796/7139/5837
f 4798/7142/5839 41/314/288 495/319/293 4796/7139/5837
f 4798/7143/5839 4223/6121/5122 4221/6120/5119 4799/7144/5840
f 4798/7142/5839 4799/7145/5840 493/317/291 41/314/288
f 4799/7145/5840 4221/6116/5119 4218/6112/5114 4217/6111/5841
f 4799/7146/5840 4217/7147/5841 4800/7148/5842 493/7149/291
f 4800/7148/5842 483/303/278 482/302/277 493/7149/291
f 4800/7150/5843 4217/6111/5113 4214/6107/5110 4213/6106/5109
f 4800/7150/5843 4213/6106/5109 4212/6105/5108 483/7151/278
f 4797/7152/5838 4801/7153/5844 4794/732/5835 4793/7154/5834
f 4797/7140/5838 4796/7139/5837 495/319/5845 4802/7155/5846
f 4797/7152/5838 4802/7156/5846 4803/7157/5847 4801/7153/5844
f 4803/7158/5847 4804/7159/5848 4805/7160/5849 4801/7161/5844
f 4803/7162/5847 4802/7163/5846 4806/7164/5850 4807/7165/5851
f 4803/7166/5847 4807/7167/5851 4808/7168/5852 4804/7169/5848
f 4808/7170/5853 4809/7171/5854 4810/7172/5855 4804/7159/5856
f 4808/7173/5852 4807/7165/5851 4811/7174/5857 4812/7175/5858
f 4808/7170/5853 4812/7176/5859 603/463/426 4809/7171/5854
f 4812/7175/5858 4811/7174/5857 4813/7177/5860 4814/7178/5861
f 4812/7176/5859 4814/7179/5862 599/459/422 603/463/426
f 4814/7178/5861 4813/7177/5860 637/516/469 636/515/468
f 4814/7179/5862 636/519/473 600/460/423 599/459/422
f 4813/7177/5860 4811/7174/5857 4815/7180/5863 4816/7181/5864
f 4813/7177/5860 4816/7181/5864 4817/7182/5865 637/516/469
f 4817/7182/5865 4816/7181/5864 4818/7183/5866 608/472/432
f 4817/7182/5865 608/472/432 607/471/431 4819/7184/5867
f 4817/7182/5865 4819/7184/5867 633/512/470 637/516/469
f 4819/7185/5868 607/468/5869 606/467/5870 4820/7186/5871
f 4819/7185/5868 4820/7186/5871 634/7187/5872 633/7188/5873
f 4820/7186/5871 650/7189/486 649/7190/5874 634/7187/5872
f 4820/7186/5871 606/467/5870 4821/7191/5875 650/7189/486
f 4821/7192/5875 588/447/5876 591/446/487 650/540/486
f 4821/7193/5877 606/7194/5878 605/7195/5878 4822/7196/5879
f 4821/7193/5877 4822/7196/5879 589/443/408 588/442/407
f 4822/7196/5879 605/7195/5880 52/403/371 558/406/374
f 4822/7196/5879 558/406/374 4823/7197/5881 589/443/408
f 4823/7197/5881 558/406/374 557/405/373 4824/7198/5882
f 4823/7199/5881 4824/7200/5883 4189/6065/5075 4188/6064/5074
f 4823/7197/5881 4188/7201/5074 585/444/409 589/443/408
f 4824/7198/5882 557/405/373 4825/7202/5884 4826/7203/5885
f 4824/7200/5883 4826/7204/5885 4191/6067/5077 4189/6065/5075
f 4826/7204/5885 4825/7205/5884 473/7206/5886 471/288/264
f 4826/7204/5885 471/288/264 468/285/261 4191/6067/5077
f 4825/7202/5884 557/405/373 556/404/372 4827/7207/5887
f 4825/7202/5884 4827/7207/5887 474/292/268 473/291/267
f 4827/7207/5887 556/404/372 520/347/322 519/346/321
f 4827/7207/5887 519/346/321 478/296/320 474/292/268
f 4818/7183/5866 4816/7181/5864 4815/7180/5863 4828/7208/5888
f 4818/7183/5866 4828/7208/5888 4829/7209/5889 560/409/376
f 4818/7183/5866 560/409/376 559/408/375 608/472/432
f 4829/7210/5889 4828/7211/5888 494/318/292 492/316/290
f 4829/7210/5889 492/316/290 491/315/289 4830/7212/5890
f 4829/7210/5889 4830/7212/5890 561/411/377 560/7213/376
f 4830/7212/5890 491/315/289 522/349/324 521/348/323
f 4830/7212/5890 521/348/323 520/347/322 561/411/377
f 4828/7208/5888 4815/7180/5863 4806/7164/5850 494/7214/292
f 4815/7180/5863 4811/7174/5857 4807/7165/5851 4806/7164/5850
f 4810/7172/5855 4831/7215/5891 4832/7216/5892 4833/7217/5893
f 4810/7172/5855 4833/7217/5893 4805/7160/5894 4804/7159/5856
f 4810/7172/5855 4809/7171/5854 4834/7218/5895 4831/7215/5891
f 4834/7218/5895 4835/7219/5896 4836/7220/5897 4831/7215/5891
f 4834/7218/5895 4809/7171/5854 603/463/426 602/462/425
f 4834/7218/5895 602/462/425 604/464/427 4835/7219/5896
f 4836/7220/5897 4837/7221/5898 4838/7222/5899 4839/7223/5900
f 4836/7220/5897 4839/7223/5900 4832/7216/5892 4831/7215/5891
f 4836/7220/5897 4835/7219/5896 4840/7224/5901 4837/7221/5898
f 4840/7224/5901 4841/7225/5902 4842/7226/5903 4837/7221/5898
f 4840/7224/5901 4835/7219/5896 604/464/427 4843/7227/5904
f 4840/7224/5901 4843/7227/5904 4844/7228/5905 4841/7225/5902
f 4844/7228/5905 4845/7229/5906 4846/7230/5907 4841/7225/5902
f 4844/7228/5905 4843/7227/5904 4847/7231/5908 4848/7232/5909
f 4844/7228/5905 4848/7232/5909 4849/7233/5910 4845/7229/5906
f 4849/7233/5910 4850/7234/5911 4851/7235/5912 4845/7229/5906
f 4849/7233/5910 4848/7232/5909 4852/7236/5913 4853/7237/5914
f 4849/7233/5910 4853/7237/5914 4854/7238/5915 4850/7234/5911
f 4854/7238/5915 4855/7239/5916 4856/7240/5917 4850/7234/5911
f 4854/7238/5915 4853/7237/5914 4857/7241/5918 4858/7242/5919
f 4854/7238/5915 4858/7242/5919 4859/7243/5920 4855/7239/5916
f 4859/7243/5920 4860/7244/5921 4861/7245/5922 4855/7239/5916
f 4859/7243/5920 4858/7242/5919 4862/7246/5923 4863/7247/5924
f 4859/7243/5920 4863/7247/5924 840/823/733 4860/7244/5921
f 4863/7247/5924 4862/7246/5923 4864/7248/5925 4865/7249/5926
f 4863/7247/5924 4865/7249/5926 835/824/729 840/823/733
f 4865/7250/5926 4864/7251/5927 4866/7252/5928 4867/7253/5929
f 4865/7250/5926 4867/7253/5929 836/820/730 835/819/729
f 4867/7253/5929 4866/7252/5928 4868/7254/5930 4869/7255/5931
f 4867/7253/5929 4869/7255/5931 4870/7256/5932 836/820/730
f 4870/7256/5932 4869/7255/5931 696/616/552 4871/7257/5933
f 4870/7256/5932 4871/7257/5933 4171/6039/5057 4170/6038/5056
f 4870/7256/5932 4170/6038/5056 837/821/731 836/820/730
f 4871/7257/5933 696/616/552 695/615/551 4872/7258/5934
f 4871/7257/5933 4872/7258/5934 4172/6040/5058 4171/6039/5057
f 4872/7258/5934 695/615/551 694/614/550 4873/7259/5935
f 4872/7258/5934 4873/7259/5935 4174/6043/5060 4172/6040/5058
f 4873/7259/5935 694/614/550 4184/6060/5070 4182/6058/5068
f 4873/7259/5935 4182/6058/5068 4176/6047/5062 4174/6043/5060
f 4869/7255/5931 4868/7254/5930 697/617/553 696/616/552
f 4868/7254/5930 4866/7252/5928 4874/7260/5936 4875/7261/5937
f 4868/7254/5930 4875/7261/5937 698/618/554 697/617/553
f 4875/7261/5937 4874/7260/5936 4876/7262/5938 4877/7263/5939
f 4875/7261/5937 4877/7263/5939 4878/7264/5940 698/618/554
f 4878/7264/5940 4877/7263/5939 590/445/410 57/437/402
f 4878/7264/5940 57/437/402 587/440/405 4879/7265/5941
f 4878/7264/5940 4879/7265/5941 693/613/549 698/618/554
f 4879/7265/5941 587/440/405 4185/6061/5071 4184/6060/5070
f 4879/7265/5941 4184/6060/5070 694/614/550 693/613/549
f 4877/7263/5939 4876/7262/5938 651/541/489 590/445/410
f 4876/7262/5938 4874/7260/5936 4880/7266/5942 4881/7267/5943
f 4876/7262/5938 4881/7267/5943 652/7268/491 651/541/489
f 4881/7269/5943 4880/7270/5944 4882/7271/5945 4883/7272/5946
f 4881/7269/5943 4883/7272/5946 635/7273/466 652/544/491
f 4883/7272/5946 4882/7271/5945 4857/7241/5918 4884/7274/5947
f 4883/7272/5946 4884/7274/5948 67/517/471 635/7273/466
f 4884/7274/5947 4857/7241/5918 4853/7237/5914 4852/7236/5913
f 4884/7274/5948 4852/7236/5913 638/518/472 67/517/471
f 4882/7271/5945 4862/7246/5923 4858/7242/5919 4857/7241/5918
f 4882/7271/5945 4880/7270/5944 4864/7248/5925 4862/7246/5923
f 4880/7266/5942 4874/7260/5936 4866/7252/5928 4864/7251/5927
f 4861/7275/5922 4885/7276/5949 4886/7277/5950 4887/7278/5951
f 4861/7245/5922 4887/7279/5951 4856/7240/5917 4855/7239/5916
f 4861/7275/5922 4860/7280/5952 4888/7281/5953 4885/7276/5949
f 4888/7281/5953 4889/7282/5954 4890/7283/5955 4885/7276/5949
f 4888/7284/5953 4860/7244/5952 840/823/733 839/822/732
f 4888/7281/5953 839/827/732 4891/7285/5956 4889/7282/5954
f 4891/7285/5956 4892/7286/5957 4893/7287/5958 4889/7282/5954
f 4891/7285/5956 839/827/732 838/826/734 4894/7288/5959
f 4891/7285/5956 4894/7288/5959 4895/7289/5960 4892/7286/5957
f 4895/7289/5960 4896/7290/5961 4897/7291/5962 4892/7286/5957
f 4895/7289/5960 4894/7288/5959 4898/7292/5963 4899/7293/5964
f 4895/7294/5960 4899/7295/5964 4900/7296/5965 4896/7297/5961
f 4900/7296/5965 4901/7298/5966 4902/7299/5967 4896/7297/5961
f 4900/7296/5965 4899/7295/5964 4903/7300/5968 1038/1117/1003
f 4900/7296/5965 1038/1117/1003 1037/1116/1002 4901/7298/5966
f 4903/7300/5968 4899/7295/5964 4898/7301/5963 4904/7302/5969
f 4903/7300/5968 4904/7302/5969 4905/7303/5970 4906/7304/5971
f 4903/7300/5968 4906/7304/5971 1039/1118/1004 1038/1117/1003
f 4906/7304/5971 4905/7303/5970 4907/7305/5972 4908/7306/5973
f 4906/7307/5971 4908/7308/5973 1040/1121/1007 1039/1120/1006
f 4908/7308/5974 4907/7309/5975 4156/6018/5036 4909/7310/5976
f 4908/7308/5974 4909/7310/5976 4910/7311/5977 1040/1121/1007
f 4910/7311/5977 4911/7312/5978 1041/1122/1008 1040/1121/1007
f 4910/7311/5977 4909/7310/5976 4153/6015/5033 4912/7313/5979
f 4910/7311/5977 4912/7313/5979 4913/7314/5980 4911/7312/5978
f 4913/7314/5980 2707/3581/3154 2705/3580/3153 4914/7315/5981
f 4913/7314/5980 4914/7315/5981 4915/7316/5982 4911/7312/5978
f 4913/7314/5980 4912/7313/5979 4916/7317/5983 2707/3581/3154
f 4916/7317/5983 4912/7313/5979 4153/6015/5033 4151/6013/5031
f 4916/7317/5983 4151/6013/5031 4149/6012/5030 2711/3587/5984
f 4916/7317/5983 2711/3587/5984 2708/3582/3155 2707/3581/3154
f 4915/7318/5985 4914/7319/5986 2701/3573/3146 4917/7320/5987
f 4915/7318/5985 4917/7320/5987 4918/7321/5988 1042/1125/1010
f 4915/7316/5982 1042/7322/5989 1041/1122/5989 4911/7312/5978
f 4918/7321/5988 4917/7320/5987 2696/3568/3141 4919/7323/5990
f 4918/7321/5988 4919/7323/5990 4902/7324/5967 4901/7325/5966
f 4918/7321/5988 4901/7325/5966 1037/1126/1002 1042/1125/1010
f 4919/7323/5990 2696/3568/3141 2692/3564/3137 2691/3563/3136
f 4919/7323/5990 2691/3563/3136 4920/7326/5991 4902/7324/5967
f 4920/7326/5991 2691/3563/3136 2687/3559/3132 2686/3558/3131
f 4920/7327/5991 2686/7328/5992 4921/7329/5993 4897/7291/5962
f 4920/7327/5991 4897/7291/5962 4896/7290/5961 4902/7330/5967
f 4921/7329/5993 2686/7328/5992 2682/7331/3126 2681/7332/3125
f 4921/7329/5993 2681/7332/3125 4922/7333/5994 4893/7287/5958
f 4921/7329/5993 4893/7287/5958 4892/7286/5957 4897/7291/5962
f 4922/7334/5994 2681/7335/3125 2677/3548/3121 2676/3547/3120
f 4922/7333/5994 2676/7336/3120 4923/7337/5995 4890/7283/5955
f 4922/7333/5994 4890/7283/5955 4889/7282/5954 4893/7287/5958
f 4923/7338/5995 2676/3547/3120 2673/3542/3116 2672/3541/3115
f 4923/7338/5995 2672/3541/3115 4924/7339/5996 4886/7340/5950
f 4923/7337/5995 4886/7277/5950 4885/7276/5949 4890/7283/5955
f 4924/7339/5996 2672/3541/3115 2668/3535/3110 2667/3534/3109
f 4924/7339/5996 2667/3534/3109 4925/7341/5997 4926/7342/5998
f 4924/7339/5996 4926/7342/5998 4887/7343/5951 4886/7340/5950
f 4926/7344/5999 4925/7345/6000 4927/7346/6001 4928/7347/6002
f 4926/7344/5999 4928/7347/6002 4856/7240/5917 4887/7279/5951
f 4928/7347/6003 4927/7346/6001 4929/7348/6004 4851/7235/5912
f 4928/7347/6003 4851/7235/5912 4850/7234/5911 4856/7240/5917
f 4929/7348/6004 4927/7346/6001 712/637/572 711/636/571
f 4929/7348/6004 711/636/571 710/635/570 4846/7230/5907
f 4929/7348/6004 4846/7230/5907 4845/7229/5906 4851/7235/5912
f 4927/7346/6001 4925/7345/6000 2662/7349/6005 712/637/572
f 4925/7341/5997 2667/3534/3109 2663/3530/3105 2662/7350/3104
f 4917/7320/5987 2701/3573/3146 2697/3569/3142 2696/3568/3141
f 4914/7319/5986 2705/3577/3150 2702/3574/3147 2701/3573/3146
f 4909/7310/5976 4156/6018/5036 4154/6016/5034 4153/6015/5033
f 4907/7305/5972 4905/7303/5970 4162/6027/5046 4160/6026/5045
f 4907/7309/5975 4160/6023/5042 4157/6019/5037 4156/6018/5036
f 4905/7303/5970 4904/7302/5969 4164/6029/5048 4162/6027/5046
f 4904/7302/5969 4898/7301/5963 4930/7351/6006 4164/6029/5048
f 4930/7352/6007 4898/7292/5963 4894/7288/5959 838/826/734
f 4930/7352/6007 838/826/734 837/821/731 4167/6034/6008
f 4930/7351/6006 4167/7353/5051 4165/6030/5049 4164/6029/5048
f 4852/7236/5913 4848/7232/5909 4847/7231/5908 638/518/472
f 4847/7231/5908 4843/7227/5904 604/464/427 601/461/424
f 4847/7231/5908 601/461/424 600/460/423 638/518/472
f 4846/7230/5907 710/635/570 4842/7226/5903 4841/7225/5902
f 4842/7226/5903 710/635/570 709/634/569 4931/7354/6009
f 4842/7226/5903 4931/7354/6009 4838/7222/5899 4837/7221/5898
f 4931/7354/6009 709/634/569 715/640/575 4932/7355/6010
f 4931/7354/6009 4932/7355/6010 4933/7356/6011 4838/7222/5899
f 4933/7356/6012 4932/7355/6013 738/671/604 4934/7357/6014
f 4933/7356/6012 4934/7357/6014 4935/7358/6015 4936/7359/6016
f 4933/7356/6011 4936/7359/6016 4839/7223/5900 4838/7222/5899
f 4936/7359/6016 4935/7358/6015 4937/7360/6017 4938/7361/6018
f 4936/7359/6016 4938/7361/6018 4832/7216/5892 4839/7223/5900
f 4938/7361/6018 4937/7360/6017 4939/7362/6019 4940/7363/6020
f 4938/7361/6018 4940/7363/6020 4833/7217/5893 4832/7216/5892
f 4940/7363/6020 4939/7362/6019 4790/7131/6021 4941/7364/6022
f 4940/7363/6020 4941/7364/6022 4805/7160/5894 4833/7217/5893
f 4941/7364/6023 4790/7131/5831 4789/7130/5830 4794/7137/5835
f 4941/7364/6023 4794/7137/5835 4801/7161/5844 4805/7160/5849
f 4939/7362/6019 4937/7360/6024 4942/7365/6025 4943/7366/6026
f 4939/7362/6019 4943/7366/6026 4791/7132/6027 4790/7131/6021
f 4943/7367/6028 4942/7368/6025 4944/7369/6029 573/424/390
f 4943/7367/6028 573/424/390 572/423/389 4791/7134/5832
f 4944/7369/6029 4945/7370/6030 4946/7371/6031 4947/7372/6032
f 4944/7369/6029 4947/7372/6032 574/425/391 573/424/390
f 4944/7369/6029 4942/7368/6025 4948/7373/6033 4945/7370/6030
f 4948/7374/6033 742/7375/6034 741/7376/607 4945/7377/6030
f 4948/7373/6033 4942/7368/6025 4937/7378/6024 4935/7379/6035
f 4948/7374/6033 4935/7380/6035 4934/7381/6014 742/7375/6034
f 4947/7382/6036 4946/7383/6031 701/622/558 700/621/557
f 4947/7382/6036 700/621/557 575/6525/392 574/7384/391
f 4946/7383/6031 4949/7385/6037 704/625/561 701/622/558
f 4946/7383/6031 4945/7386/6030 741/674/607 4949/7385/6037
f 4949/7385/6037 4950/7387/6038 4951/7388/6039 704/625/561
f 4949/7385/6037 741/674/607 740/673/606 4950/7387/6038
f 4951/7388/6039 2647/3510/3086 2643/3506/3082 2642/3505/3081
f 4951/7389/6039 2642/7390/3081 705/7391/562 704/7392/561
f 4951/7388/6039 4950/7387/6038 4952/7393/6040 2647/3510/3086
f 4952/7393/6040 714/639/6041 2648/3511/3087 2647/3510/3086
f 4952/7393/6040 4950/7387/6038 740/673/606 739/672/605
f 4952/7393/6040 739/672/605 715/640/6042 714/639/6041
f 4934/7381/6014 738/7394/604 83/7395/6043 742/7375/6034
f 4932/7355/6013 715/640/6042 739/672/605 738/671/604
f 4806/7396/5850 4802/7155/5846 495/319/5845 494/318/292
f 4212/6105/5108 476/294/6044 479/298/274 483/7151/278
f 4212/6105/5108 4210/6101/5105 477/295/271 476/294/270
f 4208/6100/5104 4202/7397/5093 38/289/265 477/295/271
f 4202/7397/5093 4200/7398/5092 472/290/266 38/289/265
f 4200/6083/5089 470/287/263 469/286/262 472/7399/6045
f 4192/6068/5078 4191/6067/5077 468/285/261 467/284/260
f 4170/6038/5056 4168/6035/5055 4167/6034/6008 837/821/731
f 4149/6012/5027 2716/7400/3166 2712/3588/3162 2711/3587/3161
f 4142/5997/5017 2741/7401/3191 2737/3624/3187 2736/3623/3186
f 4142/7402/5017 4140/5992/5013 4953/7403/6046 2741/3631/3191
f 4953/7404/6046 2746/3641/3196 2742/3640/3192 2741/7405/3191
f 4953/7403/6046 4140/5992/5013 4139/5991/5012 4954/7406/6047
f 4953/7407/6046 4954/7408/6047 4955/7409/6048 2746/7410/3196
f 4955/7411/6048 2751/3647/3201 2747/3643/3197 2746/7412/3196
f 4955/7411/6048 4954/7406/6047 4131/5974/5003 4130/5973/5002
f 4955/7411/6048 4130/5973/5002 4956/7413/6049 2751/3647/3201
f 4956/7413/6049 2755/3651/3205 2752/3648/3202 2751/3647/3201
f 4956/7413/6049 4130/5973/5002 4128/5970/4998 4127/5969/4997
f 4956/7413/6049 4127/5969/4997 2757/7414/3207 2755/3651/3205
f 4954/7406/6047 4139/5991/5012 4132/5980/5004 4131/5974/5003
f 4127/7415/4997 4125/5965/4996 2759/3657/3209 2757/3655/3207
f 4123/5963/4991 2763/3661/3213 2760/3658/3210 2759/3657/3209
f 4121/5961/4989 2767/3667/3219 2764/3662/3214 2763/3661/3213
f 4121/5961/4989 2772/3677/3227 2769/3670/3222 2767/3667/3219
f 2766/3665/3217 1032/1105/991 1031/1104/990 2762/3666/3218
f 2715/3595/3165 1065/3789/1040 1064/3586/3159 2710/3585/3158
f 2680/3552/3124 946/995/877 952/994/884 2675/3546/3119
f 2671/3539/3113 2670/3538/3112 952/994/884 951/993/883
f 2662/7349/6005 2658/3521/3098 713/638/573 712/637/572
f 2642/3505/3081 2638/3501/3077 708/3491/566 705/626/562
f 2602/3444/3035 926/954/848 925/953/847 2597/3439/3030
f 2586/3428/3019 2582/3427/3015 997/7416/950 1001/7417/954
f 2586/3428/3019 1001/7417/954 820/799/708 819/798/707
f 2575/3407/3007 2527/3341/2945 1002/3340/2944 999/7418/3011
f 2571/3406/3006 2530/3344/2949 2528/3342/2946 2527/3341/2945
f 2567/3396/2996 2533/3349/2954 2531/3348/2953 2530/3400/3000
f 2563/3392/2992 2536/3353/2958 2534/3350/2955 2533/3349/2954
f 2559/3388/2988 2539/3356/2961 2537/3354/2959 2536/3353/2958
f 2555/3384/2984 2542/3359/2965 2540/3357/2962 2539/3356/2961
f 2490/3291/2898 1016/1084/972 1015/1083/971 2485/3285/2893
f 2473/7419/2880 812/7420/699 811/3255/698 2469/3254/2876
f 2460/3240/2864 4957/7421/6050 680/591/529 873/872/773
f 2460/3240/2864 873/872/773 872/871/772 2455/3241/2858
f 2460/3240/2864 2459/3239/2863 815/793/702 4957/7421/6050
f 4957/7421/6050 4958/7422/6051 677/592/530 680/591/529
f 4957/7421/6050 815/793/702 814/792/701 4958/7422/6051
f 4958/7423/6052 4959/7424/6053 678/587/526 677/586/525
f 4958/7423/6052 814/7425/6054 3008/4040/3503 4959/7424/6053
f 2441/3215/2839 372/124/122 371/121/119 4960/7426/6055
f 2441/3215/2839 4960/7426/6055 53/412/378 2437/3211/2839
f 2441/3215/2839 569/419/385 568/418/384 372/124/122
f 2394/3129/2781 2365/7427/2736 2363/3071/2734 2362/3070/2733
f 2383/3107/2765 2381/3105/2763 462/274/252 461/273/251
f 2371/3104/6056 2368/7428/2742 35/271/2741 462/274/6056
f 2370/3088/2750 327/59/59 326/58/58 362/7429/6057
f 2358/6217/2728 417/195/186 24/187/179 459/6211/5171
f 2349/3047/2719 2347/3046/2717 2331/3011/2696 2330/3010/2695
f 2347/3043/2717 2335/3018/2702 2332/3017/2701 2331/7430/2696
f 2268/2917/2620 2266/2915/2618 394/152/146 393/151/145
f 2264/2913/2616 389/2912/140 388/153/139 394/152/146
f 2262/7431/2614 4961/7432/6058 390/146/141 389/145/140
f 2262/7431/2614 2261/2911/2613 4962/7433/6059 4961/7432/6058
f 4962/7433/6060 2129/2709/2424 2128/2708/2423 4963/7434/6061
f 4962/7433/6060 4963/7434/6061 4964/7435/6062 4961/7432/6063
f 4962/7433/6059 2261/2911/2613 2131/2712/2429 2129/2709/2428
f 4964/7435/6064 4963/7434/6061 4965/7436/6065 4966/7437/6066
f 4964/7438/6064 4966/7439/6066 4967/7440/6067 391/7441/6068
f 4964/7435/6062 391/147/142 390/146/141 4961/7432/6063
f 4967/7440/6067 4966/7439/6066 438/7442/223 437/246/222
f 4967/7440/6067 437/246/222 446/245/234 396/7443/6069
f 4967/7440/6067 396/7443/6069 392/7444/6070 391/7441/6068
f 4966/7437/6066 4965/7436/6065 439/234/225 438/233/223
f 4965/7436/6065 2127/2707/2422 4968/7445/6071 439/234/225
f 4965/7436/6065 4963/7434/6061 2128/2708/2423 2127/2707/2422
f 4968/7445/6071 2124/7446/6072 405/171/6073 404/170/6074
f 4968/7445/6071 404/170/6074 406/174/226 439/234/225
f 4968/7445/6071 2127/2707/2422 2125/2706/2421 2124/7446/6072
f 2250/2891/2597 2246/2890/2596 358/102/101 355/99/98
f 2242/2879/2586 2241/2878/2585 356/7447/6075 358/7448/2590
f 2241/2878/2585 2237/2872/2581 2226/2858/2580 2225/2857/6076
f 2241/2878/2585 2225/2857/6076 357/2862/6077 356/7447/6075
f 2223/2854/2559 2222/2853/2558 353/97/96 357/101/100
f 2216/2847/2552 2215/2846/2551 310/41/40 309/40/39
f 2215/2846/2551 2212/2843/2548 2211/2842/2547 4969/7449/6078
f 2215/2846/2551 4969/7449/6078 314/45/45 310/41/40
f 4969/7449/6078 2211/2842/2547 4970/7450/6079 4971/7451/6080
f 4969/7449/6078 4971/7451/6080 4972/7452/6081 314/45/45
f 4972/7452/6081 4971/7451/6080 2178/2795/2508 2177/2794/2507
f 4972/7453/6081 2177/7454/2507 2155/2746/2466 2154/2745/2465
f 4972/7453/6081 2154/2745/2465 311/2744/42 314/7455/45
f 4971/7451/6080 4970/7450/6079 2180/2800/2510 2178/2795/2508
f 4970/7450/6079 2211/2842/2547 2209/2840/2545 2208/2839/2544
f 4970/7450/6079 2208/2839/2544 4973/7456/6082 2180/2800/2510
f 4973/7456/6082 2208/2839/2544 2205/2835/2539 2204/2834/2538
f 4973/7456/6082 2204/2834/2538 2188/2809/2521 2183/2803/2513
f 4973/7456/6082 2183/2803/2513 2181/2801/2511 2180/2800/2510
f 2207/2837/2542 337/69/69 336/7457/6083 346/2838/2543
f 2204/2834/2538 2200/2830/2534 2189/2810/2522 2188/2809/2521
f 2203/3035/2537 2202/7458/2536 346/85/84 345/84/83
f 2196/7459/2530 2195/3037/2714 323/54/54 340/76/76
f 2196/2820/2530 340/7460/76 331/63/63 330/61/61
f 2174/2783/2501 2161/2762/2500 286/2761/6084 285/7461/6084
f 2147/2732/2450 2145/2730/2448 5/38/37 313/44/2453
f 2145/2730/2448 2143/2728/2445 308/39/38 5/38/37
f 2124/2702/2417 2122/2700/2415 431/7462/6085 405/7463/6086
f 2122/2700/2415 2120/2698/2413 426/7464/203 431/7462/6085
f 2120/2698/2413 2116/2695/2410 427/7465/204 426/7464/203
f 2095/5985/2372 776/737/655 775/736/654 845/829/736
f 2082/2631/2356 2081/2630/2355 773/730/651 772/729/650
f 2081/2630/2355 848/2628/742 774/7466/741 773/730/6087
f 2072/2619/2345 630/2618/2344 665/569/510 664/568/509
f 630/2618/2344 2068/2614/2340 2055/2588/2321 631/2587/6088
f 2071/2617/2343 534/373/343 533/372/342 2067/2613/2339
f 2054/2584/2314 2053/2583/2313 4974/7467/6089 4975/7468/6090
f 2054/2584/2314 4975/7468/6090 629/7469/6091 632/2585/2315
f 4975/7468/6092 4974/7467/6092 660/7470/6092 665/7471/6092
f 4975/7472/6093 665/569/6093 630/2618/6094 629/7473/6095
f 4974/7474/6096 4976/7475/6097 661/7476/506 660/7477/505
f 4974/7474/6096 2053/7478/6098 685/598/536 4976/7475/6097
f 4976/7475/6097 764/717/639 766/719/641 661/7476/506
f 4976/7475/6097 685/598/536 684/597/535 764/717/639
f 2053/7478/6098 2051/7479/6099 681/594/532 685/598/536
f 2051/7479/6099 2050/7480/6100 682/595/533 681/594/532
f 2050/7480/6100 654/7481/6101 659/5960/4988 682/595/533
f 2041/2571/2281 2037/2567/2304 2025/2552/2288 2023/2550/2266
f 2040/2570/2307 553/399/367 2036/2566/2303 2035/2565/2302
f 2036/2566/2303 553/399/367 552/398/366 4977/7482/6102
f 2036/2566/2303 4977/7482/6102 378/7483/6103 2033/2564/2301
f 4977/7484/6104 552/396/364 500/324/298 499/326/300
f 4977/7484/6104 499/326/300 375/125/123 378/128/126
f 2013/2540/2286 2011/2538/2267 1309/1504/1364 895/911/807
f 2002/2529/2278 1975/2501/2260 1973/2499/2258 1968/2491/2250
f 1959/2482/2240 1957/2480/2238 1746/2171/1962 1745/2170/1961
f 1957/2480/2238 1955/2479/2237 1747/7485/6105 1746/2171/1962
f 1948/2462/2222 1938/2451/2210 1936/2448/2207 1935/2447/2206
f 1946/2460/2220 1941/2454/2213 1939/2452/2211 1938/2451/2210
f 1911/7486/2168 1907/2399/2164 1806/2260/2045 1803/2257/6106
f 1910/2405/2167 271/2238/2024 1790/2237/2023 1906/2403/2162
f 1900/2386/2154 1888/2374/2142 1886/2372/2140 1805/2259/2044
f 1886/2372/2140 1884/2370/2137 1801/2255/2040 1805/2259/2044
f 1884/2370/2137 1882/2367/2136 1802/2256/2041 1801/2255/2040
f 1858/2327/2105 1857/2326/2104 1785/2228/2014 1784/2227/2013
f 1857/2326/2104 1758/2189/1977 1757/2188/1976 1785/2228/2014
f 1855/2324/2102 1854/2323/2101 265/2131/1927 1758/2189/1977
f 1827/2287/2071 1825/2283/2069 1502/1791/1623 1501/1790/1622
f 1825/2283/2069 1824/2282/2068 1514/1808/1637 1502/1791/1623
f 1779/2217/2004 1717/2125/1921 1602/1941/1756 1601/1940/1755
f 1779/2217/2004 1601/1940/1755 1604/1944/1758 1767/2203/1990
f 1779/2217/2004 1767/2203/1990 1766/2202/1989 268/2210/1997
f 1776/7487/6107 1775/4739/4042 1683/2071/1873 1682/2070/1872
f 1839/2304/2084 1771/2208/1995 267/2204/1991 1845/2312/2090
f 1845/2313/2090 267/7488/1991 1752/2183/1968 1751/2182/1967
f 267/7488/1991 1770/5392/1994 1754/2185/1972 1752/2183/1968
f 1767/2203/1990 1604/1944/1758 1507/1799/6108 1764/2200/1987
f 1765/2201/4030 1764/2200/6109 1507/1799/1629 219/1792/1624
f 1761/2193/1981 1760/2192/1980 1729/2147/1941 1705/2146/1940
f 1761/2195/6110 1705/2107/1906 1704/2106/1905 1753/2184/1971
f 1714/7489/1918 1709/2113/1912 1690/2083/1885 1689/2082/1884
f 1685/7490/2134 1684/2072/6111 1669/2047/1850 1668/2046/1849
f 1667/2044/1848 1666/2043/1847 1614/1961/1772 1616/1963/1774
f 1666/2043/1847 1665/2042/1845 1519/1814/1643 1518/1813/1642
f 1666/2043/1847 1518/1813/1642 1615/1962/1773 1614/1961/1772
f 1665/2040/1845 1664/2039/1844 1522/1820/1647 1519/1819/1643
f 1658/2030/1835 1579/1905/1725 1578/1904/1724 1653/2031/1836
f 1656/2026/1831 1655/2025/1830 1617/7491/6112 239/1968/1779
f 1654/2022/1828 1653/2021/1827 1578/1902/1722 1576/1899/1719
f 1615/1962/1773 1518/1813/1642 1486/1766/1602 1485/1765/1601
f 1615/1962/1773 1485/1765/1601 1487/1769/1604 1611/1958/1769
f 1609/1954/1766 1608/1953/1765 1527/4880/1653 1526/7492/1652
f 1604/1944/1758 1531/1943/1660 1508/1800/1659 1507/1799/6108
f 1587/1918/1738 1458/1721/1560 211/1717/1556 1582/1908/1728
f 1584/1910/1730 1574/1897/1717 232/1891/1711 1577/1900/1720
f 1583/1909/1729 1582/1908/1728 211/1717/1556 1457/1720/1559
f 1575/1898/1718 1306/1501/1361 1353/1556/1423 1569/1892/1712
f 1570/1893/1713 1569/1892/1712 1353/1556/1423 1352/1555/1422
f 1568/1889/1710 1567/1888/1709 1556/7493/6113 1555/4478/6113
f 1537/1846/1670 1453/1715/1554 210/1598/1457 1380/1597/1456
f 1533/1841/1665 1532/1840/1664 1430/1679/1524 1429/1678/1523
f 1530/1839/1663 1497/1781/1616 1496/1780/1615 4978/7494/6114
f 1530/1834/1657 4978/7495/6115 1506/1797/1628 1505/1796/1627
f 4978/7494/6114 1496/1780/1615 1278/1464/1328 4979/7496/6116
f 4978/7495/6115 4979/7497/6117 1415/1651/6118 1506/1797/1628
f 4979/7496/6116 1278/1464/1328 1276/1462/1326 4980/7498/6119
f 4979/7496/6116 4980/7498/6119 1412/7499/6120 1415/7500/6121
f 4980/7498/6119 1276/1462/1326 1275/1461/1325 4981/7501/6122
f 4980/7498/6119 4981/7501/6122 1413/7502/6123 1412/7499/6120
f 4981/7501/6122 4982/7503/6124 1390/7504/6125 1413/7502/6123
f 4981/7501/6122 1275/1461/1325 4983/7505/6126 4982/7503/6124
f 4983/7505/6126 4984/7506/6127 4985/7507/6128 4982/7503/6124
f 4983/7505/6126 1275/1461/1325 1273/1459/1323 1262/1443/1307
f 4983/7505/6126 1262/1443/1307 1261/1442/1306 4984/7506/6127
f 4985/7508/6129 1427/1673/1520 1387/1682/1527 1386/7509/6130
f 4985/7507/6128 1386/7510/6131 1390/7504/6125 4982/7503/6124
f 4985/7508/6129 4984/7511/6132 1428/1674/1521 1427/1673/1520
f 4984/7511/6132 1261/1447/1311 1263/1446/1310 1428/1674/1521
f 1523/1826/1649 1489/1772/1607 1354/1558/1425 1358/1562/1429
f 1521/4733/1645 1512/1806/1635 1511/1805/1634 1515/7512/1646
f 1516/1811/1640 1515/1810/1639 1511/7513/6133 1510/7514/4043
f 1506/1797/1628 1415/1651/6118 1414/1650/1508 1503/1798/1625
f 1503/1793/1625 1414/1657/1508 1418/1656/1507 1446/1705/1545
f 1496/1780/1615 1495/1779/1614 1277/1463/1327 1278/1464/1328
f 1495/1779/1614 1212/1363/1236 1211/1362/1235 1277/1463/1327
f 1489/1772/1607 1488/1771/1606 1355/1559/1426 1354/1558/1425
f 1428/1674/1521 1263/1446/1310 1337/1538/1399 1424/1670/1516
f 1425/1671/1517 1424/1670/1516 1337/1538/1399 1336/1537/1398
f 1413/7515/1499 1390/1610/1468 1389/1609/1467 1409/1641/1494
f 1352/1555/1422 196/1554/1421 1351/5579/4681 3928/5578/4680
f 3945/5612/4707 3944/5611/4706 1352/1555/1422 3928/5578/4680
f 1376/1593/1452 1255/1434/1297 1250/1424/1291 1372/1589/1448
f 1373/1590/1449 1372/1589/1448 1250/1424/1291 1249/1423/1289
f 1359/1563/1430 1329/1529/1388 177/1448/1312 1268/1453/1317
f 1337/1538/1399 1263/1446/1310 1260/1445/1309 1330/1531/1400
f 1331/4278/3678 1330/7516/6134 1260/1441/1305 1259/1440/1304
f 1325/1525/1384 1324/1524/1383 1314/1511/1371 1313/1510/1370
f 1309/1504/1364 1308/1503/1363 896/909/805 895/911/807
f 190/1553/1420 1353/1556/1423 1306/1501/1361 183/1500/1360
f 3924/5573/4674 190/1553/1420 183/1500/1360 3920/5569/4670
f 1287/1475/1339 1286/1474/1338 1231/1391/1264 1230/1390/1263
f 1274/1460/1324 1210/1361/1234 1141/1360/1233 1138/7517/6135
f 1274/1460/1324 1138/7517/6135 989/7518/6136 991/7519/6137
f 1274/1460/1324 991/7519/6137 1075/1170/1053 1271/1457/1321
f 1273/1459/1323 1272/1458/1322 1256/1437/1300 1262/1443/1307
f 1272/1458/1322 1271/1457/1321 1075/1170/1053 1074/1169/1052
f 1272/1458/1322 1074/1169/1052 1257/1438/1301 1256/1437/1300
f 1258/1439/3681 176/1436/1299 1164/1293/1170 1163/1292/1169
f 1257/1438/1301 1074/1169/1052 1053/1141/1024 140/1135/1021
f 1257/7520/1301 140/7521/1021 1052/7522/1023 1164/7523/6138
f 170/1377/1250 1223/5952/4980 1006/1072/959 1005/1071/958
f 1223/1388/1261 1229/1387/1260 4110/5931/4968 4115/5944/4973
f 1214/1366/1239 1085/1177/1060 1084/1176/1059 1149/1273/1152
f 1207/4270/3673 1056/1145/1028 1127/1240/1121 1126/1239/1120
f 1191/1326/1205 1098/1198/1078 1097/1197/1077 1187/1319/1198
f 1178/1310/1187 1177/1309/1186 1165/1295/1172 1174/1304/1181
f 1177/1309/1186 1176/1308/1185 1166/1296/1173 1165/1295/1172
f 1154/1280/1159 1153/1279/1158 1133/1254/1135 1136/1257/1138
f 1140/1263/1143 763/714/636 87/710/633 990/1046/938
f 1127/1240/1121 1056/1145/1028 1055/1144/1027 4986/7524/6139
f 1127/1240/1121 4986/7524/6139 4987/7525/6140 1123/1241/1122
f 4987/7525/6140 4986/7524/6139 916/941/837 924/951/845
f 4987/7526/6141 924/7527/6142 973/1023/916 975/1025/918
f 4987/7528/6141 975/7529/918 1124/1236/1117 1123/1235/1116
f 4986/7524/6139 1055/1144/1027 917/942/838 916/941/837
f 1125/1237/1118 1124/1236/1117 1122/1233/1114 1121/1232/1113
f 1124/7530/1117 975/1025/918 972/1022/915 1122/7531/1114
f 1122/7531/1114 972/1022/915 971/1021/914 152/4044/1109
f 1106/1210/1089 1073/4623/1050 1070/7532/1047 1102/1211/1084
f 1103/1206/1085 1102/1205/1084 1070/1164/1047 1069/1163/1046
f 1091/1184/1067 1090/1183/1066 1009/1076/964 1008/1075/963
f 1079/4297/3694 1078/7533/6143 1050/1138/1020 1049/1137/1019
f 1078/7533/6143 1077/4305/3692 1051/1139/1022 1050/1138/1020
f 1058/7534/1030 904/7535/6144 4988/7536/6145 1054/7537/1031
f 4988/7538/6145 904/925/6144 902/924/815 4989/7539/6146
f 4988/7538/6147 4989/7539/6146 918/943/839 917/942/838
f 4988/7538/6147 917/942/838 1055/1144/1027 1054/1143/1026
f 4989/7539/6146 902/924/815 901/7540/814 4990/7541/6148
f 4989/7539/6146 4990/7541/6148 922/948/843 918/943/839
f 4990/7541/6148 901/7540/814 760/709/6149 759/708/6150
f 4990/7541/6148 759/708/6150 4991/7542/6151 922/948/843
f 4991/7542/6151 759/708/6150 758/707/663 757/744/662
f 4991/7543/6152 757/7544/6153 753/7545/6154 4992/7546/6155
f 4991/7542/6152 4992/7547/6155 923/949/844 922/948/843
f 4992/7546/6155 753/7545/6154 752/7548/6156 782/7549/6157
f 4992/7550/6155 782/7551/6157 781/7552/6158 923/7553/844
f 1024/1093/981 730/657/6159 729/7554/6160 1021/1090/978
f 1022/1091/979 1021/1090/978 729/7554/6160 2803/3728/3270
f 1001/7417/954 1000/7555/953 874/877/775 820/799/708
f 1000/1064/953 956/999/892 875/875/776 874/874/775
f 974/1024/917 973/1023/916 924/7527/6142 921/4041/3504
f 124/1016/908 969/1018/961 4117/5954/4982 953/996/911
f 131/1017/909 900/915/811 899/914/810 830/813/6161
f 131/1017/909 830/813/6161 829/812/804 897/910/806
f 954/997/888 121/880/779 953/996/911 4117/5954/4982
f 4103/5920/6162 954/997/6162 4117/5954/4982 4104/5953/4981
f 923/7553/844 781/7552/6158 919/945/840 114/944/836
f 901/918/814 801/917/813 761/7556/6163 760/7557/6163
f 899/914/6164 876/879/6164 831/814/723 830/813/722
f 894/6837/802 864/855/759 863/854/758 889/899/797
f 888/897/795 785/749/667 784/748/666 886/895/793
f 873/872/773 680/591/529 676/590/528 868/873/774
f 833/816/725 657/561/502 656/556/500 826/809/718
f 729/7554/6160 728/7558/6165 727/7559/3241 2780/3695/3240
f 2803/3728/3270 729/7554/6160 2780/3695/3240 2787/3701/3250
f 782/7551/6157 752/693/6156 751/692/6166 90/7560/6167
f 4959/7424/6053 751/692/625 750/691/624 678/587/526
f 750/689/622 749/688/621 679/2512/2270 678/7561/6168
f 652/544/491 635/7273/466 634/7562/465 649/545/492
f 640/522/476 639/521/475 618/7563/448 617/7564/446
f 613/479/439 597/6345/5270 596/487/444 609/474/434
f 2408/7565/6169 53/412/378 4960/7426/6055 2385/3109/2767
f 2385/3109/2767 4960/7426/6055 371/121/119 400/164/159
f 527/357/331 489/312/286 488/311/285 4993/7566/6170
f 527/363/331 4993/7567/6170 4994/7568/6171 515/364/334
f 4994/7569/6171 4993/7570/6170 4995/7571/6172 432/7572/213
f 4994/7573/6173 432/222/213 429/219/209 4996/7574/6174
f 4994/7573/6173 4996/7574/6174 506/332/306 515/341/315
f 4996/7574/6174 429/219/209 30/218/208 445/243/6175
f 4996/7574/6174 445/243/6175 507/333/307 506/332/306
f 4995/7575/6172 4993/7566/6170 488/311/285 490/313/287
f 4995/7575/6172 490/313/287 425/210/200 423/209/199
f 4995/7571/6172 423/204/6176 422/203/214 432/7572/213
f 522/349/324 491/315/289 484/305/279 481/300/276
f 522/349/324 481/300/276 480/299/275 518/345/319
f 518/345/319 480/299/275 475/293/269 478/296/272
f 499/326/300 498/323/297 376/126/124 375/125/123
f 490/313/287 487/310/284 434/226/217 425/210/200
f 487/310/284 486/309/283 435/227/218 434/226/217
f 480/7576/275 479/7577/274 476/7578/6044 475/7579/6177
f 473/7206/5886 472/7399/6045 469/286/262 471/288/264
f 448/250/236 397/159/152 396/158/151 446/251/234
f 434/226/217 433/225/216 424/211/201 425/210/200
f 433/7580/220 403/168/163 402/167/162 424/206/196
f 431/7581/211 430/7582/210 401/166/161 405/7583/166
f 430/7582/210 421/207/197 402/167/162 401/166/161
f 411/7584/174 410/2982/173 379/130/128 387/142/137
f 377/127/125 17/48/48 317/47/47 291/14/6178
f 352/94/93 351/93/92 297/23/22 300/26/25
f 342/7585/6179 326/58/58 325/57/57 332/64/64
f 320/51/51 292/15/15 291/14/6178 317/47/47
f 283/2757/6180 284/2756/6180 285/7586/6180 286/2758/6180
f 277/3/3 316/2736/2455 315/2739/2460 278/4/4
f 8/65/65 10/7587/6181 336/7457/6083 337/69/69
f 45/7588/6182 523/368/337 525/6072/5082 524/6077/5085
f 629/7473/6095 630/2618/6094 631/2587/2317 632/2586/2316
f 761/7589/6183 801/923/819 802/922/818 762/935/831
f 841/6791/6184 842/7590/5663 843/7591/5606 844/6792/6184
f 112/7592/6185 907/7060/5792 908/7059/5790 909/7593/6185
f 144/1168/1051 1075/1170/1053 991/7519/6137 989/7518/6136
f 1076/4296/6186 1077/4305/3692 1078/7533/6143 1079/4297/3694
f 156/5924/4963 1144/7594/6187 1181/5922/4960 1145/5921/4959
f 155/7595/6188 1138/7517/6188 1141/1360/6188 166/1359/6188
f 292/15/15 2146/2731/2449 2148/2733/2451 293/16/16
f 280/6/6189 2166/7596/6189 287/7597/6189 2/17/6189
f 2387/3111/2770 2408/7565/6190 2385/3109/6190 2384/3108/2768
f 3520/4909/4171 3519/4908/4170 3521/7598/6191
f 814/7425/6192 810/7599/6193 3007/4038/3502 3008/4040/3503
f 810/7600/6193 813/7601/700 3003/4032/3498 3007/4037/3502
f 920/946/841 919/945/840 90/7560/6167 3008/4040/3503
f 90/7560/6167 751/692/6166 4959/7424/6053 3008/4040/3503
f 3524/4910/4172 1359/1563/1430 1356/1560/1427 3517/7602/6194
f 3521/5277/4430 3522/4999/4245 3523/4997/4243 4997/7603/6195
f 3523/4997/4243 3526/4912/4174 3525/4911/4173 4997/7603/6195
f 3525/4911/4173 3524/4910/4172 4997/7603/6195
f 3524/4910/4172 3517/7602/6194 3521/5277/6196 4997/7603/6195
f 81/656/6197 728/7558/6165 729/7554/6160 730/657/6159
f 90/7560/6167 919/945/840 781/7552/6158 782/7551/6157
f 190/1553/1420 1350/5575/4676 1351/5579/4681 196/1554/1421
f 4114/5943/4972 4108/5930/4966 4106/5945/4974 1160/5948/4976
