# Blender 4.4.0
# www.blender.org
mtllib Meshy_AI_Caphead_0602020923_texture.mtl
o Meshy_AI_Caphead_0602020923_texture
v 0.095454 -0.008410 -0.084188
v 0.098853 0.047862 -0.074917
v 0.087044 -0.065940 0.108623
v 0.135176 0.069274 0.059764
v -0.080878 -0.008142 -0.090851
v -0.114971 0.052695 -0.069184
v -0.005045 -0.267947 -0.092739
v -0.066905 -0.062841 0.116366
v 0.552614 -0.012523 0.037667
v 0.071718 -0.321507 0.087603
v -0.095181 -0.151670 0.074768
v -0.112660 -0.142026 0.050364
v -0.011605 -0.302052 0.108728
v 0.557714 0.040008 0.045596
v -0.135252 0.071780 0.056760
v 0.014763 -0.319940 0.100849
v 0.672869 0.011740 0.003926
v 0.610528 0.005251 0.064109
v 0.664014 0.033609 -0.004212
v 0.595908 -0.002077 0.130096
v 0.601628 0.008271 0.133510
v 0.600148 0.024815 0.077200
v -0.034278 -0.334740 0.083592
v -0.009558 -0.369197 0.075821
v 0.607356 0.001539 0.129437
v 0.608443 0.011917 0.116621
v 0.677764 0.037766 0.048513
v 0.681855 0.016155 0.054143
v 0.011658 -0.419642 0.056293
v 0.026405 -0.439409 0.068995
v 0.023154 -0.526525 -0.058577
v -0.026211 -0.389809 0.066774
v -0.017952 -0.522059 -0.050492
v 0.019469 -0.531463 0.041294
v -0.021178 -0.514291 0.047037
v -0.558604 -0.011460 0.029574
v -0.577192 0.038069 0.060746
v -0.656247 0.008532 0.010395
v -0.604432 -0.000888 0.072123
v -0.587865 0.006570 0.127473
v -0.670532 0.039496 0.015040
v -0.600495 0.024744 0.078317
v -0.604352 0.004835 0.135110
v -0.609765 0.003273 0.127016
v -0.676844 0.010489 0.053417
v -0.605939 0.013747 0.124820
v 0.070660 -0.910629 -0.007952
v -0.678972 0.035600 0.057711
v 0.047467 -0.936339 -0.045101
v 0.018501 -0.924950 -0.045433
v 0.008422 -0.899929 -0.003677
v 0.056537 -0.927202 0.066335
v 0.032256 -0.926913 0.087963
v -0.011420 -0.899941 -0.005416
v 0.008389 -0.929567 0.059747
v 0.028744 -0.954853 0.068163
v -0.022723 -0.932028 -0.039697
v -0.054706 -0.937650 -0.039378
v -0.073007 -0.911729 -0.011960
v -0.026796 -0.908821 0.070509
v -0.014481 -0.936318 0.077117
v -0.052566 -0.933454 0.079452
v -0.037715 -0.953039 0.074910
v 0.130512 0.853884 -0.043095
v -0.003463 0.872811 0.096361
v -0.130980 0.857054 -0.045457
v 0.114739 -0.026750 -0.077084
v 0.095436 -0.082043 -0.080726
v 0.075653 -0.077292 -0.087842
v 0.042066 -0.072114 -0.097271
v 0.046247 -0.009286 -0.101465
v 0.044983 0.038114 -0.093508
v 0.136145 0.018630 -0.074572
v 0.141403 0.001380 -0.070835
v 0.132740 0.044907 -0.068417
v 0.083026 0.081840 -0.080089
v 0.104648 0.089446 -0.062260
v 0.117007 0.069574 -0.055704
v 0.133794 0.062875 -0.055825
v 0.124498 -0.012415 0.091564
v 0.120855 -0.003460 0.094412
v 0.086618 -0.048477 0.110400
v 0.100122 -0.066876 0.096708
v 0.128124 -0.019573 0.084863
v 0.065720 -0.099477 0.098482
v 0.079586 -0.096646 0.090407
v 0.043969 -0.089654 0.107369
v 0.040863 -0.108238 0.106993
v 0.047047 -0.077247 0.116710
v 0.146451 0.082981 0.039408
v 0.127844 0.085656 0.034873
v 0.114400 0.076872 0.052101
v 0.101802 0.052084 0.073885
v 0.109058 0.037468 0.082325
v 0.141233 0.055099 0.071315
v 0.093459 0.064941 0.065734
v -0.060026 -0.076087 -0.093061
v -0.084413 -0.080402 -0.085441
v -0.107119 -0.024269 -0.080708
v -0.133725 0.003329 -0.074342
v -0.126840 0.020620 -0.077118
v -0.072201 0.041193 -0.085307
v -0.094495 0.083240 -0.074182
v -0.063343 0.077705 -0.088445
v -0.123379 0.069543 -0.053012
v -0.110081 0.088484 -0.057877
v -0.155410 0.047731 -0.061833
v -0.151975 0.061494 -0.053391
v -0.159674 0.029397 -0.066909
v 0.031943 -0.254774 -0.088785
v 0.031564 -0.338034 -0.094308
v 0.008037 -0.339148 -0.087361
v -0.010697 -0.345861 -0.084805
v -0.032395 -0.324230 -0.093584
v -0.038448 -0.245895 -0.085610
v -0.036803 -0.191300 -0.072751
v -0.002616 -0.195836 -0.073613
v 0.030828 -0.194106 -0.073583
v -0.053211 -0.317177 -0.095580
v -0.054600 -0.043222 0.117464
v -0.094115 -0.009900 0.104701
v -0.101325 -0.023759 0.105292
v -0.088081 -0.072829 0.105437
v -0.071813 -0.089579 0.100055
v -0.048187 -0.087188 0.109143
v -0.108370 -0.034468 0.102445
v 0.521297 -0.004965 0.026386
v 0.523639 -0.006427 0.019538
v 0.553335 -0.010687 0.026592
v 0.572580 -0.014552 0.058502
v 0.560508 -0.015227 0.061309
v 0.543912 -0.010043 0.041432
v 0.520317 -0.003078 0.030736
v 0.056831 -0.334703 0.085593
v 0.074967 -0.353448 0.088372
v 0.093440 -0.343687 0.086945
v 0.092064 -0.278871 0.082771
v 0.066836 -0.284670 0.089567
v 0.045108 -0.328704 0.084000
v -0.094383 -0.146039 0.082144
v -0.098943 -0.133023 0.076438
v -0.100059 -0.145144 0.068018
v -0.102477 -0.158301 0.064259
v -0.094950 -0.163121 0.074285
v -0.087486 -0.162128 0.083650
v -0.116612 -0.183602 0.051440
v -0.110096 -0.185636 0.064861
v -0.108044 -0.125277 0.060519
v -0.122160 -0.137981 0.033182
v -0.121733 -0.182863 0.036624
v -0.016135 -0.271849 0.111004
v -0.041249 -0.272898 0.101592
v -0.021748 -0.321901 0.097345
v -0.007165 -0.334333 0.096127
v 0.000286 -0.313657 0.106594
v 0.008879 -0.273565 0.111317
v -0.011901 -0.401373 -0.077280
v -0.024157 -0.385115 -0.092438
v -0.000448 -0.391289 -0.070826
v 0.549260 0.035721 0.048703
v 0.565815 0.033164 0.067848
v 0.576081 0.035767 0.066168
v 0.593456 0.036001 0.065228
v 0.585760 0.042527 0.050975
v 0.520537 0.037999 0.031358
v 0.519606 0.035147 0.035447
v 0.583069 0.045441 0.040045
v 0.555603 0.042898 0.033345
v 0.521090 0.041183 0.024841
v -0.102417 0.061537 0.066943
v -0.095246 0.074862 0.060675
v -0.114928 0.081402 0.048611
v -0.125582 0.087956 0.032280
v -0.142635 0.083463 0.036594
v -0.140331 0.059218 0.068254
v -0.110185 0.047569 0.076201
v 0.032479 -0.280998 0.105116
v 0.009487 -0.339914 0.092499
v 0.030151 -0.325131 0.088101
v 0.049505 -0.285899 0.093813
v 0.023351 -0.342870 0.084307
v 0.675830 0.014204 -0.000067
v 0.681746 0.016672 0.006770
v 0.675641 0.012428 0.009889
v 0.667229 0.010271 0.003560
v 0.668398 0.012369 -0.003497
v 0.667952 0.010400 0.011768
v 0.602540 0.003563 0.077622
v 0.594102 -0.007579 0.077053
v 0.592844 -0.008360 0.060681
v 0.630222 0.008911 0.061407
v 0.628930 0.017333 0.066892
v 0.613730 0.016408 0.069326
v 0.611461 -0.000500 0.049026
v 0.631295 0.004920 0.049554
v 0.586860 -0.009728 0.044210
v 0.604458 0.014315 0.077560
v 0.658588 0.034076 -0.005640
v 0.658205 0.037934 0.001590
v 0.666362 0.036651 0.001332
v 0.666389 0.029870 -0.006829
v 0.659596 0.029322 -0.009711
v 0.673125 0.033058 -0.001236
v 0.589554 -0.003858 0.126518
v 0.593810 -0.006055 0.123312
v 0.600027 -0.002012 0.129245
v 0.596004 0.001180 0.132668
v 0.586826 0.001055 0.128692
v 0.601050 0.001110 0.132326
v 0.597634 0.010169 0.131666
v 0.595748 0.005764 0.132889
v 0.601451 0.004849 0.133745
v 0.605066 0.008494 0.132495
v 0.601530 0.012487 0.130202
v 0.605469 0.004516 0.132940
v 0.585108 0.028724 0.082185
v 0.590069 0.022545 0.096783
v 0.599241 0.018179 0.093283
v 0.602823 0.011038 0.091495
v 0.613588 0.025941 0.068697
v 0.611330 0.035714 0.062426
v -0.015234 -0.351012 0.086179
v -0.062469 -0.337938 0.085939
v -0.060919 -0.392480 0.085382
v -0.040281 -0.388402 0.075535
v 0.000138 -0.354512 0.086837
v -0.013724 -0.392198 0.058331
v 0.001283 -0.375649 0.070131
v 0.014128 -0.360839 0.079755
v 0.606722 -0.000617 0.126126
v 0.609256 0.002604 0.125817
v 0.608578 0.004468 0.130220
v 0.604829 0.000970 0.131246
v 0.603283 -0.001937 0.127729
v 0.605035 0.014505 0.120251
v 0.609559 0.010311 0.125359
v 0.610377 0.007734 0.118552
v 0.603368 0.014670 0.106199
v 0.597609 0.018307 0.108996
v 0.606493 0.008383 0.104390
v 0.670747 0.038950 0.050816
v 0.672519 0.035271 0.058709
v 0.682176 0.035340 0.053218
v 0.687203 0.034276 0.044898
v 0.679789 0.037468 0.042195
v 0.670441 0.038967 0.042216
v 0.673736 0.013137 0.057255
v 0.672875 0.009597 0.047612
v 0.683391 0.013946 0.046551
v 0.689343 0.020313 0.046877
v 0.684879 0.021348 0.056574
v 0.674345 0.019776 0.063596
v 0.022244 -0.393408 0.065494
v 0.013919 -0.380978 0.062481
v -0.000651 -0.387770 0.052487
v 0.019966 -0.426799 0.064118
v 0.028524 -0.403282 0.070396
v 0.035737 -0.425609 0.075272
v 0.016724 -0.479714 0.056668
v 0.024778 -0.483697 0.064287
v 0.035300 -0.481463 0.073528
v 0.023631 -0.469162 -0.075413
v 0.042158 -0.475150 -0.087478
v 0.041591 -0.534138 -0.069827
v 0.011412 -0.507440 -0.050678
v 0.012678 -0.459189 -0.064702
v 0.043926 -0.579680 -0.063316
v 0.033182 -0.577033 -0.055322
v 0.024502 -0.576099 -0.043921
v 0.014937 -0.541118 -0.040746
v 0.008502 -0.527278 -0.036389
v -0.039493 -0.452058 0.075049
v -0.026905 -0.447457 0.065882
v -0.017131 -0.441551 0.057540
v -0.008683 -0.503753 -0.042822
v -0.008891 -0.526478 -0.030739
v -0.014025 -0.539312 -0.034383
v -0.022641 -0.568646 -0.038099
v -0.028956 -0.568001 -0.048033
v -0.037045 -0.569682 -0.057510
v -0.029679 -0.523632 -0.063388
v 0.029643 -0.534032 0.053077
v 0.024455 -0.583118 0.031084
v 0.031736 -0.585863 0.041585
v 0.009896 -0.516800 0.033802
v 0.008006 -0.532567 0.019226
v 0.013015 -0.544758 0.022040
v 0.009190 -0.476403 0.048091
v 0.016928 -0.581437 0.018405
v -0.031788 -0.515683 0.059009
v -0.039348 -0.574093 0.048954
v -0.031583 -0.572191 0.039920
v -0.025755 -0.570725 0.030902
v -0.017790 -0.534726 0.031688
v -0.011463 -0.521286 0.028452
v -0.010916 -0.489797 0.042732
v -0.556869 -0.009286 0.018596
v -0.520327 -0.007394 0.013241
v -0.518725 -0.007166 0.020090
v -0.518068 -0.006126 0.025147
v -0.548998 -0.010631 0.034848
v -0.565445 -0.014961 0.053968
v -0.578125 -0.013493 0.052169
v -0.590104 -0.008881 0.036057
v -0.586076 -0.008238 0.023807
v -0.545158 0.035349 0.043514
v -0.547707 0.038663 0.038690
v -0.578093 0.041994 0.050572
v -0.564114 0.033392 0.063975
v -0.542520 0.031449 0.046975
v -0.580032 0.029462 0.081005
v -0.649265 0.007441 0.008125
v -0.647557 0.008165 0.015536
v -0.657149 0.008966 0.016436
v -0.661678 0.008921 0.006281
v -0.651618 0.007417 0.001305
v -0.666381 0.010054 0.014675
v -0.598106 -0.007519 0.053920
v -0.587433 -0.012674 0.073527
v -0.617617 0.005430 0.063830
v -0.616056 0.000299 0.052064
v -0.591401 -0.012041 0.091284
v -0.601798 -0.003317 0.089519
v -0.605485 0.007287 0.089664
v -0.609009 0.010903 0.077144
v -0.617544 0.013075 0.069880
v -0.590418 0.001816 0.129577
v -0.580263 -0.003118 0.119930
v -0.578858 0.004330 0.120809
v -0.580868 0.011272 0.118828
v -0.591793 0.010768 0.127796
v -0.596069 0.007422 0.132287
v -0.663356 0.040266 0.013146
v -0.665196 0.038414 0.005065
v -0.674843 0.038330 0.010809
v -0.680709 0.037561 0.019415
v -0.672209 0.038820 0.021286
v -0.662530 0.040584 0.021260
v -0.601974 0.018235 0.091984
v -0.615409 0.022771 0.070766
v -0.608711 0.034151 0.064912
v -0.601999 0.008438 0.134199
v -0.605155 0.010183 0.131680
v -0.607380 0.006999 0.133206
v -0.606654 0.002220 0.130293
v -0.602571 0.002036 0.131850
v -0.598835 0.003674 0.133856
v -0.610681 0.007215 0.127840
v -0.608409 -0.000686 0.117082
v -0.603977 -0.004457 0.120383
v -0.611271 0.005499 0.115402
v -0.678530 0.010237 0.047406
v -0.669806 0.007999 0.047687
v -0.670515 0.009316 0.055621
v -0.671451 0.013202 0.062761
v -0.679940 0.013470 0.057039
v -0.685479 0.013974 0.049207
v -0.603502 0.015913 0.118636
v -0.609194 0.012269 0.115979
v -0.608782 0.010754 0.126353
v -0.602375 0.012690 0.128266
v -0.597887 0.016359 0.121880
v 0.069507 -0.907847 -0.030227
v 0.073699 -0.878796 -0.036099
v 0.075724 -0.878383 -0.022842
v 0.075810 -0.877531 -0.013636
v 0.070725 -0.906395 0.000574
v 0.065856 -0.926731 0.028347
v 0.064599 -0.932731 0.024719
v 0.064485 -0.927151 -0.006919
v 0.063382 -0.924983 -0.027051
v 0.060070 -0.941124 0.022397
v -0.671213 0.037707 0.057687
v -0.672032 0.039203 0.047811
v -0.681643 0.036851 0.049573
v -0.681467 0.031562 0.061156
v -0.671409 0.033265 0.064754
v -0.688662 0.032643 0.052450
v 0.050666 -0.938252 -0.037842
v 0.040607 -0.942264 -0.036366
v 0.040348 -0.937423 -0.046178
v 0.054012 -0.924723 -0.050461
v 0.060108 -0.925377 -0.041126
v 0.046509 -0.923380 -0.056047
v 0.022892 -0.929333 -0.047306
v 0.020127 -0.934346 -0.036919
v 0.015405 -0.926426 -0.037382
v 0.016999 -0.915736 -0.048838
v 0.023298 -0.917563 -0.054448
v 0.011905 -0.914160 -0.038750
v 0.007175 -0.869179 -0.015656
v 0.008100 -0.870479 -0.028978
v 0.008194 -0.898515 -0.025462
v 0.009229 -0.913438 -0.025086
v 0.010103 -0.915184 -0.004920
v 0.008591 -0.926490 0.023079
v 0.007855 -0.918140 0.026483
v 0.008475 -0.911677 0.030588
v 0.009082 -0.893536 0.006273
v 0.008005 -0.867722 -0.006300
v 0.053330 -0.923901 0.070865
v 0.051458 -0.930608 0.076558
v 0.055819 -0.933319 0.068214
v 0.059470 -0.923108 0.056683
v 0.056101 -0.916849 0.059432
v 0.060689 -0.930197 0.054215
v 0.032682 -0.920880 0.085045
v 0.026170 -0.921774 0.084941
v 0.027994 -0.929597 0.088619
v 0.037334 -0.930034 0.087698
v 0.039998 -0.922998 0.083712
v 0.033538 -0.935870 0.088982
v -0.010984 -0.898301 -0.025874
v -0.011076 -0.867172 -0.031156
v -0.009842 -0.865617 -0.018787
v -0.010297 -0.864782 -0.010543
v -0.011772 -0.895088 0.002638
v -0.010784 -0.916399 0.028452
v -0.010774 -0.921745 0.025185
v -0.013547 -0.917486 -0.005232
v -0.012494 -0.916829 -0.023553
v -0.012424 -0.930714 0.022969
v 0.009916 -0.926526 0.065335
v 0.009113 -0.920616 0.052360
v 0.007689 -0.926785 0.048970
v 0.008311 -0.934248 0.045980
v 0.008752 -0.935866 0.061233
v 0.010183 -0.934128 0.070203
v 0.029551 -0.956155 0.059149
v 0.036738 -0.956044 0.060737
v 0.032913 -0.953613 0.072067
v 0.023441 -0.952447 0.070509
v 0.021802 -0.953715 0.058711
v 0.026650 -0.951037 0.077032
v -0.019504 -0.920107 -0.045612
v -0.015024 -0.918427 -0.035936
v -0.020374 -0.932287 -0.032429
v -0.028499 -0.936544 -0.041053
v -0.026331 -0.922111 -0.051842
v -0.027197 -0.939698 -0.031695
v -0.056518 -0.938409 -0.031662
v -0.063628 -0.926370 -0.038076
v -0.059010 -0.926424 -0.047437
v -0.048505 -0.939726 -0.040849
v -0.048604 -0.942752 -0.030397
v -0.051554 -0.926262 -0.052942
v -0.071379 -0.909129 -0.032593
v -0.065585 -0.925873 -0.027053
v -0.066161 -0.927635 -0.007709
v -0.078484 -0.875839 -0.027793
v -0.075824 -0.875900 -0.039331
v -0.073551 -0.907678 -0.002776
v -0.079089 -0.875386 -0.019740
v -0.027794 -0.904739 0.061938
v -0.034942 -0.904147 0.062844
v -0.031421 -0.910030 0.073593
v -0.026982 -0.913972 0.078642
v -0.022833 -0.912189 0.072179
v -0.021986 -0.907175 0.060457
v -0.011886 -0.936033 0.066851
v -0.012066 -0.929999 0.067884
v -0.015932 -0.932214 0.080049
v -0.019342 -0.935731 0.084153
v -0.016899 -0.940136 0.079523
v -0.013196 -0.942013 0.066023
v -0.056758 -0.932178 0.071787
v -0.056533 -0.938397 0.070478
v -0.050361 -0.937804 0.080746
v -0.049412 -0.929973 0.081729
v -0.055570 -0.926048 0.073210
v -0.045455 -0.934806 0.084203
v -0.040971 -0.950536 0.078249
v -0.046273 -0.953273 0.066635
v -0.040000 -0.955828 0.065226
v -0.032989 -0.952137 0.077666
v -0.036023 -0.948053 0.082499
v -0.033057 -0.956039 0.064425
v 0.163609 0.804164 -0.051345
v 0.155745 0.800981 -0.097318
v 0.115078 0.872046 -0.071043
v 0.095838 0.906367 -0.039789
v 0.117786 0.876794 -0.010921
v 0.159198 0.809901 0.009219
v -0.004251 0.820592 0.133372
v 0.057591 0.822252 0.128644
v 0.026936 0.893046 0.080824
v -0.001836 0.920372 0.057582
v -0.031633 0.892820 0.080856
v -0.062635 0.822645 0.127951
v -0.165521 0.804452 -0.055138
v -0.161925 0.810344 0.003537
v -0.118778 0.879223 -0.014164
v -0.116117 0.874525 -0.070711
v -0.157380 0.801103 -0.098953
v -0.097404 0.907421 -0.040070
v -0.003248 0.915439 -0.124200
v -0.020773 0.924925 -0.109936
v -0.002344 0.940736 -0.087066
v 0.014981 0.924690 -0.111062
v 0.036674 0.926462 -0.100421
v 0.057102 0.880487 -0.141631
v 0.029118 0.877543 -0.154365
v -0.003383 0.875302 -0.159137
v 0.017746 0.945145 -0.073109
v -0.001152 0.952252 -0.053388
v 0.019887 0.952673 -0.035565
v 0.039071 0.943880 -0.057454
v 0.058242 0.924691 -0.085285
v -0.021019 0.945408 -0.071829
v -0.041638 0.944292 -0.055643
v -0.021561 0.952743 -0.034516
v -0.041349 0.926719 -0.098755
v -0.061383 0.925120 -0.083318
v -0.079999 0.919521 -0.063604
v -0.061515 0.937888 -0.036445
v -0.061920 0.880177 -0.140497
v -0.084108 0.881776 -0.121497
v -0.101918 0.880215 -0.098005
v -0.116953 0.796790 -0.163998
v -0.141193 0.798945 -0.133952
v -0.170374 0.707949 -0.220775
v -0.211319 0.713205 -0.173750
v -0.234924 0.719625 -0.125776
v -0.258643 0.635905 -0.195520
v -0.289233 0.644910 -0.136806
v -0.300692 0.655168 -0.066924
v -0.245497 0.725276 -0.068045
v -0.293121 0.665789 0.026930
v -0.240946 0.731849 0.015168
v -0.271374 0.678349 0.105686
v -0.224806 0.738947 0.083633
v -0.150110 0.817730 0.051522
v -0.203708 0.741987 0.127707
v -0.135972 0.823172 0.079988
v -0.094612 0.899915 0.038933
v -0.107483 0.892073 0.016612
v -0.065000 0.933385 0.007412
v -0.081628 0.924272 -0.013686
v -0.042578 0.947136 -0.014766
v -0.046065 0.935876 0.025711
v -0.022510 0.948955 0.004245
v -0.000990 0.954036 -0.015548
v -0.001246 0.944163 0.022310
v 0.020394 0.949122 0.003772
v 0.040758 0.946828 -0.016065
v 0.044043 0.935838 0.025563
v 0.063217 0.933032 0.007095
v 0.079929 0.923635 -0.013898
v 0.059543 0.937556 -0.037972
v 0.077624 0.918902 -0.064872
v 0.099649 0.879032 -0.099431
v 0.080918 0.881093 -0.123061
v 0.139305 0.799130 -0.132866
v 0.115531 0.797021 -0.162846
v 0.082764 0.794755 -0.186870
v 0.172977 0.710599 -0.211910
v 0.122206 0.708729 -0.250597
v 0.061383 0.711129 -0.274981
v 0.042488 0.794563 -0.200625
v -0.003880 0.715291 -0.281912
v -0.003997 0.793597 -0.205611
v -0.064898 0.715118 -0.275405
v -0.047972 0.794296 -0.200397
v -0.034965 0.877204 -0.153636
v -0.085449 0.795530 -0.186409
v -0.119440 0.710187 -0.257313
v -0.073918 0.645620 -0.327469
v -0.139787 0.638036 -0.303338
v -0.206540 0.629965 -0.254905
v -0.147706 0.562590 -0.325614
v -0.226498 0.552223 -0.271470
v -0.285446 0.554040 -0.205196
v -0.236113 0.485607 -0.273678
v -0.294533 0.488650 -0.207467
v -0.330530 0.509965 -0.136045
v -0.320283 0.565798 -0.137898
v -0.344815 0.539821 -0.055038
v -0.333294 0.585843 -0.056756
v -0.330952 0.567384 0.037771
v -0.321779 0.603232 0.037302
v -0.306986 0.578562 0.119967
v -0.296791 0.615926 0.119074
v -0.272291 0.584224 0.184137
v -0.264915 0.621806 0.177875
v -0.243423 0.683533 0.158758
v -0.225932 0.622706 0.224418
v -0.208056 0.683251 0.201145
v -0.175769 0.742624 0.160711
v -0.163054 0.680512 0.234777
v -0.138449 0.741504 0.186127
v -0.095399 0.825480 0.116554
v -0.118393 0.825853 0.100853
v -0.056435 0.900542 0.069803
v -0.077378 0.903012 0.056607
v -0.025198 0.931576 0.041830
v 0.022534 0.931635 0.041735
v 0.053189 0.900610 0.069923
v 0.074451 0.902883 0.057259
v 0.091048 0.824959 0.117493
v 0.115063 0.825473 0.101820
v 0.132861 0.822782 0.081605
v 0.092044 0.899356 0.039882
v 0.147192 0.817535 0.054125
v 0.105532 0.890861 0.018666
v 0.199701 0.741765 0.130746
v 0.221246 0.738816 0.087646
v 0.237519 0.732066 0.022670
v 0.267266 0.678347 0.110518
v 0.289789 0.666099 0.035262
v 0.298893 0.654559 -0.061360
v 0.242953 0.725904 -0.062768
v 0.289278 0.643733 -0.131606
v 0.232661 0.721166 -0.121324
v 0.261742 0.633319 -0.189817
v 0.210397 0.715114 -0.168935
v 0.215011 0.625324 -0.245344
v 0.288764 0.543356 -0.199561
v 0.234503 0.536354 -0.263998
v 0.160798 0.547618 -0.315689
v 0.151209 0.629235 -0.292673
v 0.075952 0.568334 -0.347253
v 0.075655 0.639153 -0.323874
v -0.002375 0.578433 -0.357339
v -0.001540 0.646376 -0.334832
v -0.076692 0.573759 -0.350412
v -0.004780 0.502966 -0.359123
v -0.081465 0.499121 -0.351314
v -0.160496 0.492588 -0.323763
v -0.087128 0.462662 -0.344636
v -0.167461 0.459958 -0.317049
v -0.240495 0.457557 -0.268525
v -0.172483 0.446830 -0.312011
v -0.242901 0.443481 -0.263407
v -0.297167 0.452338 -0.205220
v -0.296271 0.465924 -0.206442
v -0.332073 0.478501 -0.137270
v -0.331727 0.491256 -0.136377
v -0.349859 0.513699 -0.060380
v -0.347703 0.523104 -0.057391
v -0.336462 0.542699 0.032675
v -0.333254 0.552328 0.034837
v -0.313872 0.556210 0.118551
v -0.310629 0.565913 0.118987
v -0.276075 0.564335 0.187767
v -0.274307 0.572738 0.185861
v -0.227985 0.567061 0.239797
v -0.228554 0.576852 0.236767
v -0.229131 0.589242 0.233518
v -0.173779 0.574589 0.282127
v -0.175343 0.587853 0.277014
v -0.176117 0.620490 0.263779
v -0.106532 0.583904 0.311243
v -0.105002 0.616112 0.299628
v -0.096100 0.675009 0.264912
v -0.003435 0.614527 0.318029
v -0.004227 0.672359 0.279878
v -0.004730 0.737325 0.214547
v -0.084032 0.739454 0.205475
v 0.089861 0.674610 0.266337
v 0.078115 0.738550 0.206881
v 0.157341 0.680296 0.236367
v 0.132772 0.740705 0.188255
v 0.202714 0.683459 0.203315
v 0.171196 0.742034 0.163196
v 0.238438 0.683673 0.162286
v 0.220456 0.622620 0.227027
v 0.259869 0.621125 0.181661
v 0.291905 0.614981 0.125240
v 0.266207 0.586144 0.188120
v 0.301218 0.579761 0.127095
v 0.326616 0.567939 0.045543
v 0.318248 0.602253 0.044663
v 0.342261 0.539701 -0.051894
v 0.331592 0.583903 -0.051414
v 0.328976 0.508005 -0.132654
v 0.320796 0.560338 -0.132792
v 0.294389 0.484669 -0.203674
v 0.329582 0.489867 -0.134662
v 0.294866 0.463475 -0.204014
v 0.240366 0.452832 -0.265448
v 0.238730 0.474666 -0.267958
v 0.168790 0.454809 -0.313740
v 0.163447 0.481915 -0.319186
v 0.082240 0.460659 -0.344214
v 0.077053 0.495858 -0.350199
v -0.004365 0.464978 -0.353471
v 0.087563 0.446903 -0.339937
v -0.003626 0.450079 -0.350869
v -0.091840 0.448774 -0.340318
v -0.003373 0.438459 -0.350282
v -0.094987 0.437550 -0.337003
v -0.176969 0.436071 -0.308650
v -0.099070 0.427308 -0.337512
v -0.182470 0.426872 -0.308575
v -0.247366 0.421743 -0.257246
v -0.244622 0.432407 -0.258960
v -0.301785 0.431282 -0.204127
v -0.298567 0.441308 -0.203742
v -0.337555 0.457536 -0.138760
v -0.333210 0.467253 -0.137649
v -0.358450 0.498522 -0.064243
v -0.353434 0.505432 -0.062525
v -0.349169 0.531993 0.031171
v -0.342241 0.536430 0.031894
v -0.322844 0.543228 0.118558
v -0.317730 0.549092 0.118152
v -0.283297 0.552273 0.193324
v -0.279371 0.557244 0.190178
v -0.232890 0.554445 0.251542
v -0.229562 0.559094 0.245053
v -0.173143 0.550787 0.300851
v -0.172181 0.555808 0.293264
v -0.172515 0.564113 0.286632
v -0.099087 0.557604 0.332591
v -0.099940 0.563134 0.324971
v -0.101944 0.570621 0.318009
v -0.002833 0.563194 0.346865
v -0.002695 0.569773 0.340864
v -0.002925 0.582156 0.332970
v 0.095104 0.571987 0.318959
v 0.100392 0.584334 0.312416
v 0.098886 0.615239 0.301128
v 0.168734 0.588760 0.279087
v 0.170485 0.620030 0.265623
v 0.223202 0.590180 0.236119
v 0.166405 0.576086 0.284538
v 0.222260 0.578691 0.239652
v 0.267996 0.575707 0.189481
v 0.221561 0.569200 0.243126
v 0.269928 0.566494 0.190778
v 0.308047 0.557283 0.125964
v 0.304675 0.567259 0.126542
v 0.333189 0.542129 0.041817
v 0.328817 0.552357 0.043307
v 0.349839 0.510143 -0.058369
v 0.345763 0.520945 -0.055513
v 0.330157 0.475709 -0.135472
v 0.354369 0.502398 -0.060645
v 0.332198 0.464283 -0.135755
v 0.296659 0.438576 -0.202951
v 0.295444 0.450112 -0.203260
v 0.242792 0.429301 -0.258979
v 0.241927 0.440288 -0.261859
v 0.176935 0.433888 -0.307637
v 0.172590 0.443432 -0.309858
v 0.091234 0.435792 -0.336422
v 0.182252 0.425018 -0.308699
v 0.096031 0.425659 -0.337527
v -0.002829 0.428482 -0.352659
v 0.102577 0.417556 -0.342729
v -0.002119 0.418982 -0.358003
v -0.104727 0.418882 -0.341595
v -0.001612 0.410087 -0.363451
v -0.106112 0.411001 -0.349006
v -0.193487 0.411506 -0.316324
v -0.187976 0.419637 -0.311315
v -0.261072 0.407678 -0.266150
v -0.253443 0.413567 -0.260945
v -0.314001 0.416888 -0.209752
v -0.307238 0.423312 -0.206714
v -0.351692 0.444276 -0.142799
v -0.344348 0.449847 -0.140637
v -0.372181 0.485806 -0.065392
v -0.365093 0.492018 -0.065210
v -0.366918 0.520027 0.033000
v -0.357373 0.527571 0.031049
v -0.336034 0.532265 0.124797
v -0.329271 0.537972 0.120830
v -0.294592 0.542365 0.201102
v -0.288371 0.547777 0.197104
v -0.242597 0.544730 0.265932
v -0.237518 0.549870 0.259004
v -0.177615 0.542815 0.317676
v -0.175150 0.546752 0.309457
v -0.095981 0.542576 0.354171
v -0.096442 0.548298 0.348126
v -0.097648 0.553056 0.340661
v -0.002895 0.548371 0.361693
v -0.003085 0.553818 0.356656
v -0.003310 0.558695 0.351528
v 0.091229 0.553897 0.340859
v 0.092320 0.558684 0.332854
v 0.092933 0.563594 0.326104
v 0.164469 0.556821 0.294660
v 0.164663 0.565668 0.288888
v 0.222781 0.560955 0.248096
v 0.165233 0.551577 0.302140
v 0.225821 0.554946 0.254663
v 0.276403 0.553468 0.196627
v 0.272670 0.558838 0.193221
v 0.317159 0.543428 0.126920
v 0.312338 0.549091 0.125948
v 0.348551 0.531034 0.039936
v 0.340379 0.535816 0.040629
v 0.360972 0.495759 -0.061471
v 0.358533 0.524900 0.041075
v 0.368246 0.489301 -0.061527
v 0.345586 0.448034 -0.140367
v 0.337961 0.455107 -0.137602
v 0.306133 0.421452 -0.208013
v 0.299915 0.429613 -0.204543
v 0.252650 0.411242 -0.263216
v 0.245686 0.418662 -0.259002
v 0.188219 0.416766 -0.312408
v 0.259798 0.405636 -0.268895
v 0.193110 0.408579 -0.317562
v 0.104375 0.409514 -0.350093
v 0.196240 0.399739 -0.323253
v 0.105812 0.400009 -0.356575
v -0.000909 0.400248 -0.368669
v 0.106783 0.389307 -0.361007
v -0.000339 0.389564 -0.371781
v -0.107333 0.391497 -0.360719
v -0.107069 0.401669 -0.356034
v -0.200280 0.392913 -0.327528
v -0.197601 0.402468 -0.322368
v -0.273149 0.394231 -0.276495
v -0.267760 0.401547 -0.271553
v -0.327734 0.404881 -0.215462
v -0.321157 0.410995 -0.212709
v -0.365899 0.432324 -0.144998
v -0.359114 0.438862 -0.144174
v -0.384630 0.470313 -0.062013
v -0.379213 0.479074 -0.063730
v -0.377502 0.501670 0.035907
v -0.373547 0.511377 0.034530
v -0.347295 0.516745 0.130163
v -0.342458 0.525386 0.127943
v -0.304196 0.527138 0.207947
v -0.300170 0.535465 0.204876
v -0.250251 0.531751 0.276225
v -0.246904 0.538946 0.271604
v -0.181547 0.531860 0.330039
v -0.179805 0.538655 0.324354
v -0.095126 0.529160 0.359787
v -0.095676 0.536665 0.357614
v -0.002666 0.527929 0.368941
v -0.002759 0.535240 0.368429
v -0.002858 0.541957 0.366000
v 0.089481 0.536869 0.359102
v 0.089640 0.543525 0.354603
v 0.090204 0.549074 0.348344
v 0.169425 0.543570 0.319587
v 0.167165 0.547415 0.311243
v 0.234411 0.545672 0.269050
v 0.229520 0.550579 0.261752
v 0.287798 0.543360 0.205256
v 0.281628 0.548624 0.201011
v 0.331001 0.532153 0.132956
v 0.323903 0.537908 0.129947
v 0.367055 0.516399 0.043026
v 0.337286 0.525109 0.135614
v 0.371686 0.507497 0.044352
v 0.380572 0.475252 -0.058618
v 0.375139 0.482861 -0.060135
v 0.360007 0.436651 -0.143594
v 0.352774 0.442634 -0.142369
v 0.319797 0.408896 -0.214170
v 0.313063 0.414889 -0.211330
v 0.265610 0.399254 -0.274540
v 0.326085 0.402233 -0.216627
v 0.270106 0.391789 -0.278997
v 0.198589 0.390019 -0.328285
v 0.273110 0.382221 -0.281052
v 0.199989 0.379245 -0.330325
v 0.107176 0.378333 -0.362305
v 0.199852 0.368318 -0.328627
v 0.106748 0.367340 -0.360287
v 0.000508 0.367819 -0.369491
v 0.000117 0.378854 -0.372332
v -0.106501 0.368758 -0.361081
v -0.107314 0.380430 -0.362865
v -0.201979 0.370584 -0.329825
v -0.202058 0.382419 -0.330783
v -0.277649 0.374799 -0.278232
v -0.276770 0.385119 -0.278951
v -0.335468 0.386012 -0.216090
v -0.333111 0.396849 -0.216852
v -0.371743 0.413214 -0.141878
v -0.370917 0.423958 -0.144284
v -0.384842 0.451515 -0.058010
v -0.386495 0.460839 -0.059949
v -0.378104 0.481435 0.038286
v -0.378955 0.491480 0.037270
v -0.349544 0.497562 0.132073
v -0.349388 0.507320 0.131364
v -0.306003 0.508281 0.210415
v -0.306246 0.518206 0.209882
v -0.251326 0.513142 0.279284
v -0.251954 0.523049 0.279114
v -0.179900 0.513282 0.332099
v -0.181412 0.522001 0.333064
v -0.092873 0.514125 0.356767
v -0.094031 0.521189 0.359323
v -0.002503 0.514390 0.364434
v -0.002573 0.520825 0.367523
v 0.087373 0.514478 0.357824
v 0.088404 0.521489 0.360571
v 0.089113 0.529223 0.361172
v 0.173853 0.523940 0.335355
v 0.173399 0.532519 0.332297
v 0.171601 0.539094 0.326540
v 0.242720 0.533038 0.279798
v 0.239181 0.539956 0.275274
v 0.298576 0.528686 0.212335
v 0.294085 0.536612 0.209293
v 0.341774 0.516227 0.137448
v 0.300584 0.519099 0.214337
v 0.343770 0.506344 0.138538
v 0.374625 0.487267 0.046247
v 0.374303 0.497696 0.045412
v 0.383288 0.456319 -0.054645
v 0.383693 0.466136 -0.056690
v 0.369338 0.419865 -0.142610
v 0.366144 0.429079 -0.143751
v 0.330225 0.393552 -0.217451
v 0.368173 0.410096 -0.140088
v 0.329984 0.382930 -0.214630
v 0.273216 0.371359 -0.278338
v 0.325014 0.375792 -0.209671
v 0.270107 0.363176 -0.272810
v 0.197213 0.359168 -0.322047
v 0.264385 0.359381 -0.264317
v 0.193352 0.353983 -0.313505
v 0.102862 0.351940 -0.345108
v 0.105178 0.357892 -0.353704
v 0.000880 0.352908 -0.355274
v 0.000723 0.359155 -0.363501
v -0.102368 0.352594 -0.346990
v -0.104912 0.359223 -0.355648
v -0.195378 0.354976 -0.315823
v -0.199788 0.360777 -0.324648
v -0.269131 0.360526 -0.265631
v -0.274532 0.365734 -0.272821
v -0.324008 0.372633 -0.204588
v -0.331674 0.376799 -0.210820
v -0.359605 0.399469 -0.134904
v -0.367188 0.404978 -0.138182
v -0.373673 0.437143 -0.055490
v -0.380180 0.443545 -0.056497
v -0.369235 0.463790 0.038348
v -0.374696 0.471934 0.038773
v -0.342929 0.478300 0.130766
v -0.347656 0.487777 0.132081
v -0.299429 0.490714 0.207560
v -0.303676 0.499238 0.209607
v -0.244770 0.496751 0.274300
v -0.248746 0.504384 0.277598
v -0.173562 0.499049 0.323379
v -0.177068 0.505384 0.328522
v -0.089804 0.502501 0.347744
v -0.091496 0.507849 0.352789
v -0.002342 0.503772 0.355386
v -0.002450 0.508932 0.360294
v 0.084718 0.503046 0.348562
v 0.086129 0.508384 0.353633
v 0.166480 0.499936 0.325844
v 0.169664 0.506092 0.330891
v 0.172351 0.513875 0.334536
v 0.242099 0.505360 0.282047
v 0.244819 0.514744 0.283896
v 0.244977 0.524413 0.283060
v 0.300586 0.509480 0.214969
v 0.298301 0.500096 0.214217
v 0.340762 0.486679 0.138114
v 0.343293 0.496473 0.138784
v 0.368103 0.468510 0.046271
v 0.372473 0.477433 0.046676
v 0.373641 0.441087 -0.052097
v 0.379348 0.447736 -0.053134
v 0.362479 0.402210 -0.136410
v 0.366419 0.435931 -0.051406
v 0.353002 0.398454 -0.133147
v 0.317981 0.372142 -0.203809
v 0.344055 0.397565 -0.131088
v 0.309663 0.372402 -0.198424
v 0.258344 0.359658 -0.256487
v 0.301667 0.375352 -0.194001
v 0.252470 0.362436 -0.249397
v 0.183908 0.354287 -0.295278
v 0.188672 0.352859 -0.304326
v 0.096853 0.349458 -0.325031
v 0.100077 0.349380 -0.335303
v 0.000777 0.349111 -0.335262
v 0.000927 0.349728 -0.345483
v -0.096600 0.349038 -0.327004
v -0.099510 0.349431 -0.337010
v -0.185700 0.353582 -0.297658
v -0.190633 0.352858 -0.306646
v -0.256245 0.361660 -0.251139
v -0.262767 0.359560 -0.258083
v -0.307821 0.374161 -0.194727
v -0.315951 0.371913 -0.199344
v -0.341598 0.397753 -0.130365
v -0.350380 0.397500 -0.132353
v -0.357174 0.429951 -0.054503
v -0.365820 0.432701 -0.054865
v -0.353925 0.451740 0.036332
v -0.362286 0.457071 0.037601
v -0.328717 0.463931 0.125645
v -0.336509 0.470391 0.128763
v -0.286903 0.477043 0.199450
v -0.293762 0.483211 0.204178
v -0.233456 0.484860 0.263493
v -0.239516 0.490126 0.269385
v -0.165490 0.489232 0.310143
v -0.169640 0.493745 0.317199
v -0.086567 0.493386 0.334855
v -0.088099 0.497779 0.341863
v -0.002372 0.494839 0.342641
v -0.002254 0.499235 0.349625
v 0.082049 0.494101 0.335797
v 0.083301 0.498354 0.342733
v 0.160109 0.490496 0.312580
v 0.163159 0.494862 0.319825
v 0.227883 0.485860 0.267428
v 0.233436 0.491328 0.273655
v 0.238240 0.497795 0.278581
v 0.288229 0.483829 0.208155
v 0.294233 0.491430 0.211947
v 0.329282 0.469833 0.133581
v 0.336189 0.477641 0.136394
v 0.354333 0.455072 0.044027
v 0.362093 0.461069 0.045344
v 0.358418 0.432462 -0.051022
v 0.345588 0.450728 0.042390
v 0.349675 0.430554 -0.050935
v 0.335008 0.398510 -0.129348
v 0.340199 0.430431 -0.050939
v 0.325699 0.401077 -0.128222
v 0.294105 0.379637 -0.190295
v 0.316459 0.405240 -0.127814
v 0.286596 0.385503 -0.187161
v 0.240845 0.373271 -0.236569
v 0.246623 0.366928 -0.242719
v 0.174815 0.363928 -0.278322
v 0.179307 0.358085 -0.286525
v 0.090339 0.356179 -0.305129
v 0.093666 0.351617 -0.315048
v -0.000070 0.354172 -0.314503
v 0.000395 0.350608 -0.324966
v -0.090650 0.355338 -0.306799
v -0.093748 0.351109 -0.316907
v -0.175454 0.362389 -0.280731
v -0.180587 0.356849 -0.289038
v -0.243138 0.371735 -0.239131
v -0.249556 0.365661 -0.244847
v -0.292333 0.383088 -0.187702
v -0.300066 0.377872 -0.191029
v -0.323165 0.402979 -0.127835
v -0.332433 0.399548 -0.128905
v -0.337665 0.429508 -0.055049
v -0.347815 0.428829 -0.054689
v -0.334341 0.446698 0.032336
v -0.344495 0.448354 0.034537
v -0.309608 0.456104 0.117090
v -0.319669 0.459073 0.121739
v -0.269617 0.468607 0.186713
v -0.278687 0.472058 0.193903
v -0.218730 0.477107 0.247603
v -0.226402 0.480479 0.256484
v -0.156546 0.481974 0.291554
v -0.161393 0.485259 0.301685
v -0.083221 0.485374 0.316134
v -0.085246 0.489194 0.326309
v -0.001828 0.486397 0.323922
v -0.002236 0.490515 0.334173
v 0.079439 0.486216 0.317130
v 0.080910 0.490103 0.327433
v 0.152395 0.483393 0.294318
v 0.156509 0.486678 0.304199
v 0.214800 0.478776 0.251199
v 0.221573 0.481781 0.259836
v 0.264449 0.469997 0.190738
v 0.273249 0.472952 0.197557
v 0.281072 0.477576 0.203445
v 0.312100 0.459293 0.125995
v 0.321159 0.463630 0.130247
v 0.336073 0.448043 0.040436
v 0.302207 0.457007 0.120887
v 0.325643 0.447463 0.038309
v 0.329751 0.432145 -0.051058
v 0.314715 0.448879 0.035843
v 0.319048 0.436275 -0.051191
v 0.307141 0.411734 -0.127384
v 0.308230 0.442947 -0.052589
v 0.297846 0.422146 -0.127324
v 0.271514 0.405042 -0.183296
v 0.278991 0.393441 -0.184575
v 0.228494 0.394654 -0.227027
v 0.234747 0.382207 -0.231203
v 0.166212 0.384972 -0.262085
v 0.169811 0.372449 -0.270016
v 0.085280 0.374242 -0.284100
v 0.087115 0.363491 -0.294556
v -0.000337 0.369152 -0.292657
v 0.000016 0.360239 -0.303497
v -0.085409 0.372184 -0.286368
v -0.087350 0.362295 -0.296599
v -0.165489 0.382653 -0.264611
v -0.170431 0.370373 -0.272776
v -0.229982 0.391916 -0.229115
v -0.236664 0.379902 -0.233923
v -0.276184 0.402334 -0.183335
v -0.284409 0.390723 -0.185007
v -0.303782 0.417545 -0.127942
v -0.313686 0.408706 -0.127313
v -0.316009 0.437782 -0.056452
v -0.327250 0.432209 -0.055173
v -0.311890 0.450068 0.027394
v -0.323377 0.447153 0.030166
v -0.287645 0.456813 0.106497
v -0.298718 0.455239 0.111898
v -0.247888 0.468628 0.171091
v -0.259183 0.467153 0.179035
v -0.200427 0.475962 0.225501
v -0.209969 0.475240 0.236963
v -0.147142 0.478638 0.264488
v -0.151911 0.479453 0.278896
v -0.079804 0.480051 0.288657
v -0.081823 0.482090 0.303375
v -0.001798 0.480536 0.296193
v -0.001886 0.482880 0.311082
v 0.075635 0.480959 0.289848
v 0.077537 0.482968 0.304590
v 0.142870 0.480249 0.268440
v 0.148315 0.481141 0.282436
v 0.198585 0.477621 0.229038
v 0.207562 0.477042 0.240745
v 0.244593 0.470152 0.174100
v 0.255070 0.468831 0.182574
v 0.281087 0.458995 0.108972
v 0.291783 0.456643 0.115145
v 0.304230 0.452706 0.032157
v 0.271049 0.464240 0.102959
v 0.294859 0.458850 0.027701
v 0.300180 0.451292 -0.054774
v 0.287168 0.467163 0.025429
v 0.294429 0.460767 -0.053200
v 0.287686 0.443647 -0.123125
v 0.293039 0.433366 -0.126155
v 0.261453 0.426616 -0.181532
v 0.267316 0.416204 -0.183119
v 0.215477 0.418181 -0.226264
v 0.222600 0.406171 -0.227727
v 0.153900 0.411067 -0.258040
v 0.161335 0.398904 -0.258762
v 0.083944 0.403768 -0.270749
v 0.085119 0.389161 -0.274969
v -0.000176 0.395630 -0.275424
v 0.000992 0.380792 -0.282791
v -0.085448 0.401464 -0.271457
v -0.086259 0.385468 -0.276988
v -0.154547 0.410012 -0.258715
v -0.162583 0.396787 -0.259640
v -0.216718 0.416964 -0.227291
v -0.223383 0.404324 -0.228705
v -0.264966 0.424700 -0.183176
v -0.270721 0.413676 -0.184528
v -0.291871 0.439752 -0.126601
v -0.297262 0.428865 -0.128696
v -0.299126 0.456100 -0.056769
v -0.306125 0.445899 -0.058356
v -0.292669 0.464763 0.019386
v -0.301246 0.455917 0.022996
v -0.267872 0.469126 0.096541
v -0.276975 0.461341 0.100788
v -0.228634 0.482676 0.155484
v -0.236891 0.473731 0.162346
v -0.188009 0.489618 0.202570
v -0.192153 0.481219 0.213739
v -0.139204 0.487554 0.237343
v -0.142527 0.480529 0.250331
v -0.075769 0.482825 0.260428
v -0.077832 0.480073 0.274262
v -0.001724 0.482586 0.267599
v -0.001756 0.480355 0.281342
v 0.072327 0.484209 0.261177
v 0.073864 0.481124 0.274982
v 0.135849 0.490709 0.238068
v 0.138319 0.482342 0.253519
v 0.184888 0.493127 0.204021
v 0.189589 0.482610 0.215626
v 0.225237 0.484364 0.157980
v 0.233733 0.475137 0.165290
v 0.261598 0.473374 0.099214
v 0.218352 0.494011 0.150348
v 0.253091 0.483607 0.093989
v 0.276464 0.477227 0.023486
v 0.235745 0.490604 0.083622
v 0.257250 0.484614 0.022255
v 0.265588 0.476862 -0.045209
v 0.284406 0.468621 -0.050796
v 0.257222 0.463109 -0.109212
v 0.276093 0.452154 -0.117039
v 0.231809 0.449760 -0.164194
v 0.249630 0.436058 -0.175431
v 0.189298 0.441147 -0.206378
v 0.205144 0.427336 -0.219020
v 0.132894 0.435977 -0.233853
v 0.144787 0.421543 -0.249516
v 0.068565 0.433710 -0.245543
v 0.077647 0.417267 -0.263168
v -0.000271 0.435059 -0.246552
v -0.000132 0.415145 -0.267766
v -0.070800 0.433958 -0.245422
v -0.079440 0.417018 -0.263696
v -0.134567 0.435871 -0.234636
v -0.146106 0.421830 -0.249699
v -0.191129 0.439958 -0.208024
v -0.205983 0.426970 -0.219785
v -0.235143 0.447115 -0.166316
v -0.253097 0.434026 -0.176630
v -0.262401 0.458283 -0.113795
v -0.280327 0.447970 -0.121073
v -0.272869 0.471112 -0.051217
v -0.289307 0.464491 -0.053686
v -0.266279 0.478967 0.017378
v -0.283703 0.473418 0.018844
v -0.242748 0.485092 0.084543
v -0.258908 0.479120 0.091077
v -0.209260 0.493934 0.137676
v -0.222284 0.490061 0.148362
v -0.170903 0.499436 0.180649
v -0.181828 0.496139 0.194331
v -0.126665 0.501064 0.207870
v -0.136627 0.496238 0.227710
v -0.069429 0.500970 0.224975
v -0.073555 0.490696 0.247161
v -0.001110 0.501145 0.232666
v -0.001579 0.489109 0.253882
v 0.067039 0.502964 0.226183
v 0.070705 0.492452 0.247953
v 0.123124 0.504921 0.209674
v 0.133723 0.500151 0.228621
v 0.166978 0.504138 0.180606
v 0.178721 0.500611 0.196264
v 0.204290 0.498870 0.138429
v 0.139752 0.510019 0.148426
v 0.168496 0.507571 0.113628
v 0.190733 0.503982 0.066166
v 0.143287 0.512544 0.095036
v 0.162991 0.510039 0.055785
v 0.173110 0.508015 0.012190
v 0.205285 0.500942 0.014946
v 0.172484 0.506028 -0.030251
v 0.211887 0.496225 -0.036931
v 0.162418 0.502215 -0.070922
v 0.205789 0.488507 -0.089018
v 0.144346 0.497035 -0.106854
v 0.184557 0.480166 -0.134240
v 0.119291 0.491601 -0.135342
v 0.150952 0.472995 -0.169524
v 0.086013 0.486490 -0.157135
v 0.107828 0.467471 -0.193730
v 0.044650 0.482460 -0.171761
v 0.056442 0.464401 -0.206357
v -0.001776 0.481170 -0.176020
v -0.000930 0.463619 -0.210131
v -0.048530 0.482770 -0.170735
v -0.059927 0.463751 -0.207315
v -0.089819 0.486160 -0.157044
v -0.111589 0.466224 -0.195493
v -0.123081 0.490369 -0.136450
v -0.154961 0.470878 -0.172115
v -0.148474 0.494867 -0.108367
v -0.189596 0.476898 -0.137016
v -0.167010 0.499093 -0.073436
v -0.211701 0.484032 -0.092720
v -0.176537 0.502238 -0.034319
v -0.218975 0.490820 -0.042672
v -0.177619 0.503682 0.007940
v -0.211678 0.495386 0.010648
v -0.167053 0.505515 0.051914
v -0.196627 0.498352 0.063221
v -0.146906 0.508334 0.090564
v -0.171900 0.502913 0.108900
v -0.120647 0.510791 0.119657
v -0.141600 0.506237 0.143718
v -0.089352 0.512132 0.141055
v -0.103894 0.508356 0.164391
v -0.048694 0.512984 0.155429
v -0.056303 0.509732 0.176326
v -0.000822 0.513660 0.161007
v -0.000393 0.510430 0.182841
v 0.047712 0.514436 0.157111
v 0.055934 0.511021 0.180376
v 0.087244 0.514903 0.144266
v 0.102643 0.511244 0.169653
v 0.118400 0.514396 0.123701
v 0.080076 0.516226 0.132898
v 0.109391 0.515759 0.113479
v 0.132171 0.514289 0.086603
v 0.101572 0.516639 0.104837
v 0.122690 0.515334 0.079774
v 0.138536 0.513561 0.047924
v 0.149334 0.512203 0.051433
v 0.147283 0.511815 0.011642
v 0.158952 0.510262 0.011842
v 0.148211 0.509713 -0.025156
v 0.159429 0.508204 -0.027685
v 0.139512 0.506607 -0.060406
v 0.150098 0.504861 -0.065406
v 0.122674 0.502636 -0.091189
v 0.132352 0.500381 -0.098270
v 0.100275 0.498335 -0.115124
v 0.108712 0.495724 -0.124025
v 0.071659 0.494354 -0.133950
v 0.077785 0.491358 -0.143985
v 0.037464 0.491514 -0.145596
v 0.040119 0.488077 -0.156742
v -0.001367 0.490769 -0.148776
v -0.001753 0.487090 -0.160534
v -0.040935 0.491905 -0.144040
v -0.043753 0.488415 -0.155373
v -0.075422 0.494436 -0.132334
v -0.081474 0.491335 -0.142974
v -0.103649 0.497810 -0.114310
v -0.112452 0.494781 -0.124310
v -0.125864 0.501036 -0.091238
v -0.136113 0.498580 -0.099097
v -0.142185 0.504455 -0.061575
v -0.153565 0.502298 -0.067079
v -0.150781 0.506717 -0.028142
v -0.162875 0.504896 -0.031266
v -0.151134 0.508295 0.008028
v -0.162932 0.506529 0.007944
v -0.141761 0.509991 0.044545
v -0.152683 0.508195 0.047618
v -0.125151 0.511932 0.076353
v -0.134684 0.510546 0.082390
v -0.103169 0.513714 0.101511
v -0.111263 0.512532 0.109724
v -0.076062 0.514870 0.120476
v -0.082231 0.513717 0.130294
v -0.042212 0.515623 0.132968
v -0.045311 0.514593 0.143240
v -0.000924 0.516271 0.137833
v -0.000744 0.515244 0.148003
v 0.040158 0.516800 0.134126
v 0.043424 0.515998 0.144158
v 0.074115 0.517036 0.123051
v 0.037297 0.517249 0.124866
v 0.068955 0.517588 0.114595
v 0.094952 0.517175 0.097713
v 0.064240 0.517947 0.106904
v 0.088353 0.517416 0.090807
v 0.107297 0.516155 0.069427
v 0.114958 0.515921 0.074461
v 0.121305 0.514648 0.042353
v 0.129515 0.514310 0.045013
v 0.128729 0.512994 0.011247
v 0.137638 0.512677 0.011413
v 0.128798 0.511508 -0.020849
v 0.138087 0.510772 -0.022880
v 0.121124 0.508681 -0.051970
v 0.129638 0.507824 -0.055797
v 0.105911 0.505155 -0.079345
v 0.113844 0.504150 -0.084942
v 0.086325 0.501559 -0.100686
v 0.093177 0.500177 -0.107778
v 0.061883 0.497973 -0.117324
v 0.066421 0.496578 -0.125073
v 0.032644 0.495780 -0.127101
v 0.034973 0.494042 -0.135866
v -0.000973 0.495368 -0.129542
v -0.001144 0.493308 -0.139018
v -0.035595 0.496084 -0.125548
v -0.038100 0.494396 -0.134365
v -0.065344 0.498464 -0.114670
v -0.070076 0.496807 -0.123014
v -0.089559 0.501233 -0.098650
v -0.096244 0.499803 -0.106068
v -0.108710 0.503544 -0.078125
v -0.116649 0.502665 -0.084107
v -0.122669 0.506728 -0.052133
v -0.131869 0.505933 -0.056545
v -0.130718 0.508345 -0.023095
v -0.140444 0.507900 -0.025554
v -0.131516 0.510229 0.008210
v -0.140719 0.509600 0.008107
v -0.124214 0.511991 0.039733
v -0.132929 0.511167 0.042072
v -0.110051 0.513293 0.067101
v -0.117530 0.512773 0.071639
v -0.090091 0.514947 0.088520
v -0.096353 0.514507 0.094757
v -0.066501 0.516129 0.104928
v -0.070902 0.515659 0.112073
v -0.036891 0.515822 0.115476
v -0.039293 0.516184 0.123521
v -0.001137 0.516860 0.119808
v -0.001023 0.516943 0.128437
v 0.034608 0.517065 0.116402
v -0.001391 0.512344 0.113100
v 0.032473 0.513361 0.110257
v 0.060653 0.514047 0.101460
v 0.031532 0.505318 0.108666
v 0.059002 0.506436 0.099844
v 0.081490 0.507109 0.084574
v 0.083028 0.514517 0.085479
v 0.098874 0.506748 0.064186
v 0.100787 0.514100 0.065011
v 0.111060 0.505940 0.039633
v 0.113834 0.513276 0.040310
v 0.115940 0.505574 0.011884
v 0.119879 0.512528 0.011258
v 0.114103 0.505022 -0.016507
v 0.119452 0.511380 -0.018732
v 0.107164 0.503541 -0.045234
v 0.112388 0.509143 -0.048135
v 0.093320 0.500641 -0.069423
v 0.098364 0.505494 -0.073881
v 0.075627 0.496316 -0.088267
v 0.080081 0.501161 -0.093761
v 0.054862 0.491871 -0.104114
v 0.057476 0.497455 -0.109465
v 0.029297 0.488659 -0.113794
v 0.030556 0.494824 -0.118567
v -0.001042 0.488825 -0.114649
v -0.000859 0.495839 -0.120660
v -0.032025 0.490293 -0.111448
v -0.033299 0.495775 -0.116963
v -0.058328 0.493117 -0.102197
v -0.060905 0.498732 -0.106849
v -0.079954 0.495901 -0.087121
v -0.083259 0.501511 -0.091486
v -0.098716 0.497660 -0.069567
v -0.101688 0.504000 -0.072812
v -0.109140 0.499455 -0.044891
v -0.114326 0.505914 -0.048013
v -0.117580 0.500401 -0.018728
v -0.122264 0.506545 -0.020599
v -0.118725 0.502246 0.009735
v -0.122172 0.509658 0.008362
v -0.113292 0.502968 0.037988
v -0.116401 0.509995 0.038006
v -0.101861 0.503299 0.063054
v -0.103951 0.510152 0.063638
v -0.084233 0.503604 0.083776
v -0.085310 0.511177 0.083923
v -0.061495 0.503429 0.099281
v -0.062450 0.511613 0.099473
v -0.033983 0.503299 0.108930
v -0.035056 0.511300 0.109558
v -0.001558 0.503954 0.112073
v -0.033345 0.494612 0.109506
v -0.001489 0.495056 0.112472
v 0.030580 0.496611 0.109378
v -0.001520 0.485650 0.112974
v 0.030148 0.487440 0.110064
v 0.058085 0.489619 0.101047
v 0.058324 0.498204 0.100151
v 0.081282 0.491015 0.085950
v 0.081112 0.499058 0.084987
v 0.099337 0.490292 0.065669
v 0.098786 0.498559 0.064705
v 0.111606 0.488740 0.041090
v 0.110853 0.497488 0.040180
v 0.117523 0.487171 0.013621
v 0.116391 0.496587 0.012716
v 0.116324 0.485794 -0.015171
v 0.114948 0.495856 -0.015831
v 0.108830 0.483970 -0.043303
v 0.107278 0.494223 -0.043853
v 0.095895 0.481605 -0.068309
v 0.094201 0.491470 -0.068552
v 0.077993 0.478254 -0.088523
v 0.076572 0.487624 -0.088179
v 0.055575 0.474047 -0.103699
v 0.054779 0.483152 -0.103058
v 0.028691 0.470934 -0.113197
v 0.028666 0.480146 -0.112587
v -0.001642 0.470361 -0.116354
v -0.001357 0.479927 -0.115460
v -0.032205 0.472273 -0.112835
v -0.031909 0.481549 -0.111989
v -0.059230 0.475616 -0.102872
v -0.058616 0.484467 -0.102082
v -0.081404 0.478286 -0.087502
v -0.080365 0.487167 -0.087080
v -0.098944 0.479817 -0.067572
v -0.097798 0.488974 -0.067920
v -0.111792 0.480984 -0.043520
v -0.110291 0.490480 -0.044101
v -0.119037 0.482069 -0.016017
v -0.117804 0.491568 -0.017140
v -0.120365 0.483762 0.012586
v -0.119286 0.493082 0.011110
v -0.114693 0.485588 0.040291
v -0.113849 0.494328 0.038959
v -0.102592 0.487012 0.065297
v -0.102083 0.495256 0.064058
v -0.084366 0.487568 0.085929
v -0.084184 0.495610 0.084836
v -0.061017 0.486689 0.101144
v -0.061119 0.495148 0.100209
v -0.033080 0.485569 0.110168
v -0.060994 0.477446 0.102094
v -0.032997 0.475622 0.110825
v -0.001645 0.475376 0.113571
v -0.034298 0.454220 0.111939
v -0.001988 0.454490 0.114669
v 0.030850 0.455679 0.112090
v 0.029953 0.477256 0.110840
v 0.059255 0.456913 0.103797
v 0.057992 0.480249 0.102093
v 0.082338 0.457731 0.089697
v 0.081498 0.482154 0.087095
v 0.101170 0.458042 0.069315
v 0.099972 0.481452 0.066681
v 0.113781 0.457701 0.044769
v 0.112404 0.479596 0.042141
v 0.120284 0.457008 0.016492
v 0.118661 0.477186 0.014632
v 0.119636 0.455745 -0.013503
v 0.117698 0.475087 -0.014451
v 0.112347 0.454851 -0.042978
v 0.110407 0.472981 -0.042903
v 0.099102 0.454366 -0.069062
v 0.097422 0.471228 -0.068362
v 0.080460 0.452843 -0.090441
v 0.079184 0.468477 -0.089221
v 0.056758 0.450095 -0.106013
v 0.056211 0.464526 -0.104704
v 0.028772 0.447434 -0.115228
v 0.028845 0.461066 -0.114209
v -0.001980 0.446198 -0.118081
v -0.001826 0.460042 -0.117279
v -0.032996 0.448579 -0.114729
v -0.032569 0.462346 -0.113719
v -0.060792 0.452078 -0.104991
v -0.059809 0.466402 -0.103807
v -0.084016 0.453987 -0.089185
v -0.082501 0.469115 -0.088167
v -0.102194 0.454356 -0.068062
v -0.100332 0.470246 -0.067635
v -0.114949 0.454275 -0.042516
v -0.113226 0.470870 -0.042911
v -0.122275 0.454028 -0.013237
v -0.120427 0.471847 -0.014848
v -0.122924 0.454214 0.016627
v -0.121405 0.473680 0.014132
v -0.116431 0.454903 0.044963
v -0.115447 0.476143 0.041795
v -0.103605 0.455869 0.069543
v -0.102949 0.478037 0.066673
v -0.084913 0.455967 0.089788
v -0.084555 0.479292 0.087018
v -0.062015 0.454497 0.103780
v -0.080915 0.363999 0.088866
v -0.057764 0.364868 0.102999
v -0.031420 0.367028 0.110562
v -0.062252 0.249460 0.094667
v -0.035297 0.242867 0.103029
v -0.003440 0.238821 0.107021
v -0.002017 0.369719 0.113005
v 0.030140 0.242132 0.103439
v 0.027678 0.368578 0.110923
v 0.058632 0.248856 0.095048
v 0.054901 0.366070 0.103279
v 0.083006 0.254599 0.082194
v 0.079069 0.365301 0.088730
v 0.102640 0.257637 0.064052
v 0.098823 0.366284 0.068067
v 0.117079 0.258389 0.041445
v 0.112428 0.368386 0.043406
v 0.124719 0.258928 0.015545
v 0.119631 0.371108 0.015486
v 0.125294 0.258612 -0.012761
v 0.119613 0.373295 -0.014214
v 0.118545 0.257926 -0.041927
v 0.112604 0.374611 -0.044109
v 0.104909 0.256764 -0.068652
v 0.099446 0.375237 -0.070808
v 0.085146 0.254610 -0.090788
v 0.080339 0.376191 -0.092994
v 0.059791 0.251017 -0.106761
v 0.055912 0.377996 -0.108811
v 0.029831 0.246855 -0.115592
v 0.027712 0.380287 -0.117847
v -0.005311 0.245006 -0.117952
v -0.002832 0.381428 -0.120578
v -0.038573 0.247417 -0.114391
v -0.032840 0.380080 -0.117336
v -0.066784 0.251518 -0.104544
v -0.060783 0.377815 -0.107648
v -0.090705 0.254655 -0.088012
v -0.084559 0.376172 -0.091215
v -0.109270 0.256536 -0.065674
v -0.102972 0.375420 -0.069004
v -0.121843 0.257596 -0.039362
v -0.115675 0.374829 -0.042449
v -0.127999 0.258305 -0.010884
v -0.122308 0.373504 -0.012977
v -0.127136 0.258557 0.016486
v -0.121828 0.371094 0.016528
v -0.119208 0.258106 0.041855
v -0.114406 0.368040 0.044148
v -0.104962 0.257684 0.064295
v -0.100538 0.365402 0.068740
v -0.085808 0.254762 0.081977
v -0.108822 0.147534 0.056723
v -0.091887 0.144237 0.070932
v -0.069952 0.140936 0.080367
v -0.091631 0.093943 0.062841
v -0.067730 0.091057 0.073627
v -0.037900 0.090277 0.080780
v -0.041830 0.138424 0.085654
v -0.003380 0.089532 0.083599
v -0.003097 0.137362 0.086842
v 0.031706 0.089202 0.081324
v 0.035986 0.138462 0.086029
v 0.061265 0.089723 0.075020
v 0.065301 0.141015 0.081217
v 0.086307 0.094763 0.064970
v 0.088241 0.144521 0.071713
v 0.104559 0.101671 0.051484
v 0.105376 0.147842 0.057827
v 0.116489 0.107626 0.034624
v 0.118239 0.150773 0.038748
v 0.122631 0.110707 0.015548
v 0.125217 0.151771 0.016141
v 0.124119 0.110515 -0.005832
v 0.126429 0.151834 -0.009086
v 0.121169 0.105642 -0.027412
v 0.121381 0.150183 -0.035612
v 0.114604 0.096724 -0.045982
v 0.110800 0.148439 -0.059339
v 0.095033 0.146215 -0.078442
v 0.071535 0.142891 -0.092910
v 0.042116 0.076549 -0.092421
v 0.037559 0.139019 -0.101139
v -0.013759 0.076075 -0.095179
v -0.009532 0.137350 -0.102965
v -0.052443 0.139672 -0.099098
v -0.081181 0.143249 -0.089492
v -0.101033 0.145989 -0.074997
v -0.118320 0.096301 -0.042841
v -0.115209 0.148069 -0.055872
v -0.124155 0.103853 -0.024668
v -0.124698 0.150112 -0.033069
v -0.126562 0.108209 -0.004886
v -0.129057 0.151502 -0.007755
v -0.125096 0.108159 0.014781
v -0.127607 0.151603 0.016696
v -0.119372 0.105101 0.033030
v -0.120786 0.150643 0.038411
v -0.108731 0.099893 0.049197
v -0.130555 0.091719 0.014998
v -0.132117 0.092182 -0.003129
v -0.149608 0.087470 -0.002281
v -0.147665 0.087518 0.017192
v -0.187331 0.079138 -0.000624
v -0.186734 0.080960 0.018517
v -0.186202 0.077837 0.036307
v -0.186604 0.069544 0.050084
v -0.233716 0.064583 0.014809
v -0.233246 0.062303 0.027363
v -0.232724 0.058134 0.037721
v -0.232452 0.053111 0.045773
v -0.187390 0.060804 0.058210
v -0.272392 0.059489 0.025766
v -0.272335 0.056809 0.035616
v -0.272573 0.052475 0.044391
v -0.272552 0.046812 0.051316
v -0.232183 0.046741 0.052342
v -0.311473 0.055211 0.030321
v -0.312823 0.051217 0.038423
v -0.313657 0.045620 0.044616
v -0.313988 0.038583 0.049379
v -0.272718 0.039798 0.056140
v -0.345591 0.045016 0.027756
v -0.345940 0.040166 0.033384
v -0.345831 0.033919 0.037890
v -0.345414 0.026768 0.040788
v -0.313742 0.030658 0.051928
v -0.376270 0.040224 0.032899
v -0.375400 0.033381 0.036001
v -0.374409 0.025377 0.037949
v -0.373209 0.017723 0.039016
v -0.344392 0.018943 0.041455
v -0.406677 0.035055 0.047454
v -0.405484 0.026459 0.050650
v -0.405190 0.017193 0.050859
v -0.405341 0.008085 0.048796
v -0.372704 0.010308 0.038020
v -0.443789 0.025583 0.053876
v -0.443567 0.016936 0.054962
v -0.443660 0.008209 0.053436
v -0.444187 -0.000076 0.049653
v -0.405562 -0.000502 0.045198
v -0.481335 0.017467 0.052051
v -0.481369 0.009432 0.050953
v -0.481643 0.001806 0.047429
v -0.482202 -0.004546 0.042088
v -0.445107 -0.007218 0.044268
v -0.513084 0.011384 0.045026
v -0.513317 0.005406 0.042336
v -0.514385 0.000282 0.037680
v -0.516174 -0.004008 0.031452
v -0.482942 -0.009561 0.035391
v -0.535117 0.004047 0.049340
v -0.537368 -0.002298 0.045532
v -0.542258 -0.007541 0.040345
v -0.547356 -0.007775 0.062299
v -0.554727 -0.013309 0.058441
v -0.554966 -0.009537 0.085684
v -0.562753 -0.015409 0.081527
v -0.573833 -0.016147 0.076671
v -0.573839 -0.012923 0.101650
v -0.581836 -0.014800 0.095990
v -0.584822 -0.008751 0.116807
v -0.591058 -0.010932 0.112403
v -0.597739 -0.009320 0.107626
v -0.603902 -0.003664 0.103761
v -0.598076 -0.004959 0.124298
v -0.593484 -0.003476 0.128169
v -0.607551 0.005680 0.102771
v -0.604994 0.014272 0.104604
v -0.597219 0.018605 0.108318
v -0.589438 0.023891 0.095960
v -0.578981 0.022313 0.099848
v -0.567129 0.025349 0.083762
v -0.590145 0.018246 0.111975
v -0.584468 0.015484 0.115636
v -0.571080 0.017618 0.104185
v -0.594062 0.014418 0.125200
v -0.598931 0.011094 0.131050
v -0.566263 0.010651 0.107732
v -0.553022 0.009563 0.088441
v -0.558266 0.018255 0.086806
v -0.544546 0.009733 0.067866
v -0.548260 0.018538 0.068466
v -0.554573 0.026426 0.066808
v -0.536331 0.018523 0.051937
v -0.538760 0.024880 0.050592
v -0.513062 0.018073 0.045790
v -0.513847 0.024778 0.044583
v -0.514342 0.030538 0.041560
v -0.481393 0.025793 0.050691
v -0.481400 0.032611 0.047475
v -0.481406 0.038697 0.042375
v -0.514867 0.035102 0.037467
v -0.481491 0.043274 0.036022
v -0.515449 0.038636 0.032524
v -0.481734 0.046661 0.028906
v -0.516097 0.041416 0.026857
v -0.549082 0.040987 0.032857
v -0.516633 0.043254 0.021126
v -0.549748 0.042486 0.026677
v -0.579440 0.045838 0.035411
v -0.578982 0.044238 0.042997
v -0.609087 0.045675 0.039771
v -0.608270 0.043853 0.048111
v -0.607672 0.040297 0.056826
v -0.631640 0.043218 0.050852
v -0.629967 0.039519 0.059381
v -0.629399 0.032636 0.066014
v -0.630427 0.022679 0.068919
v -0.646531 0.037712 0.062481
v -0.645704 0.030752 0.068126
v -0.645636 0.021679 0.069398
v -0.646293 0.013172 0.065862
v -0.631552 0.013857 0.066179
v -0.659813 0.028267 0.069528
v -0.659860 0.020055 0.069536
v -0.659972 0.012481 0.065576
v -0.659932 0.007629 0.058094
v -0.647021 0.007676 0.058650
v -0.672368 0.019445 0.067356
v -0.672153 0.026926 0.068099
v -0.682961 0.025982 0.062411
v -0.682434 0.019220 0.060834
v -0.690595 0.026263 0.053247
v -0.689339 0.019389 0.051770
v -0.695582 0.026788 0.041672
v -0.693838 0.019101 0.040917
v -0.688400 0.013409 0.039380
v -0.694825 0.019635 0.027610
v -0.688528 0.013283 0.028390
v -0.679812 0.009396 0.029653
v -0.679773 0.009434 0.039066
v -0.669506 0.007719 0.031143
v -0.669637 0.007764 0.039437
v -0.658721 0.006997 0.031925
v -0.659030 0.006821 0.040113
v -0.659492 0.006581 0.048855
v -0.647031 0.006170 0.039860
v -0.647362 0.005845 0.049162
v -0.632389 0.004863 0.039254
v -0.632926 0.004960 0.049597
v -0.632674 0.007262 0.059581
v -0.614330 -0.001405 0.039025
v -0.612923 -0.001674 0.027535
v -0.632435 0.005263 0.029677
v -0.633185 0.005989 0.020984
v -0.612444 -0.001391 0.017510
v -0.646634 0.006364 0.031388
v -0.646730 0.007242 0.023387
v -0.634543 0.006539 0.012774
v -0.658090 0.007871 0.024098
v -0.668414 0.009079 0.022869
v -0.677983 0.011187 0.019956
v -0.674357 0.012130 0.010676
v -0.680238 0.015757 0.005724
v -0.670213 0.014407 -0.004433
v -0.666486 0.010519 0.001235
v -0.685633 0.015101 0.016708
v -0.691147 0.021129 0.014400
v -0.683524 0.022002 0.002076
v -0.682741 0.029306 0.002171
v -0.670268 0.028884 -0.006293
v -0.671895 0.021240 -0.008506
v -0.692270 0.029012 0.014153
v -0.687532 0.034715 0.016522
v -0.679396 0.035039 0.005636
v -0.696705 0.027552 0.027522
v -0.691388 0.033590 0.028618
v -0.683173 0.036732 0.029436
v -0.691653 0.033329 0.041018
v -0.683377 0.036993 0.039550
v -0.672985 0.038516 0.038555
v -0.673208 0.038220 0.029884
v -0.662178 0.040064 0.029378
v -0.661812 0.040126 0.037673
v -0.661379 0.040709 0.046776
v -0.648659 0.042561 0.044653
v -0.649113 0.042528 0.035864
v -0.649622 0.042935 0.027477
v -0.632959 0.044707 0.033164
v -0.633895 0.044884 0.024699
v -0.635179 0.044248 0.016245
v -0.650468 0.043163 0.019133
v -0.636154 0.042382 0.007648
v -0.651741 0.041750 0.010494
v -0.636660 0.039380 -0.000122
v -0.653326 0.038984 0.002318
v -0.636902 0.035125 -0.007328
v -0.654707 0.034861 -0.005286
v -0.667722 0.034501 -0.001441
v -0.655786 0.029206 -0.011046
v -0.636975 0.029416 -0.012816
v -0.636974 0.022325 -0.015538
v -0.656287 0.021339 -0.013176
v -0.636971 0.015153 -0.013740
v -0.655704 0.014296 -0.010824
v -0.636991 0.009577 -0.009306
v -0.654183 0.009520 -0.005352
v -0.636741 0.006393 -0.002583
v -0.610441 0.007670 -0.011103
v -0.611364 0.003113 -0.005139
v -0.611902 0.000642 0.002043
v -0.636034 0.005739 0.005051
v -0.612268 -0.000751 0.009478
v -0.582239 -0.002867 0.001140
v -0.583477 -0.005592 0.008418
v -0.584618 -0.007218 0.015736
v -0.555079 -0.005414 0.006009
v -0.555492 -0.007636 0.012445
v -0.520501 -0.004873 0.000885
v -0.520606 -0.006594 0.007106
v -0.486516 -0.010357 -0.004754
v -0.485850 -0.013142 0.002959
v -0.485158 -0.014553 0.011256
v -0.451440 -0.018574 -0.001405
v -0.450149 -0.020031 0.009430
v -0.448831 -0.019573 0.019788
v -0.484449 -0.014499 0.019677
v -0.447496 -0.017128 0.029354
v -0.483715 -0.012887 0.027807
v -0.446260 -0.012755 0.037550
v -0.408976 -0.020359 0.024443
v -0.407123 -0.015228 0.032974
v -0.405917 -0.008492 0.039900
v -0.373062 -0.009928 0.023404
v -0.372707 -0.003109 0.029623
v -0.372409 0.003166 0.034699
v -0.341608 -0.001111 0.029163
v -0.342188 0.005133 0.034722
v -0.343234 0.011532 0.039119
v -0.309353 0.005719 0.042571
v -0.310994 0.013507 0.048185
v -0.312860 0.022025 0.051645
v -0.273797 0.013769 0.054702
v -0.273258 0.022634 0.058321
v -0.272865 0.031303 0.058963
v -0.232803 0.021923 0.059641
v -0.232563 0.030904 0.059233
v -0.232333 0.038970 0.056790
v -0.190866 0.034810 0.071331
v -0.190043 0.044171 0.068382
v -0.188867 0.052841 0.063793
v -0.149685 0.038925 0.078916
v -0.145118 0.047978 0.075059
v -0.122010 0.021833 0.088471
v -0.116354 0.033963 0.083540
v -0.087874 0.007046 0.100055
v -0.079487 0.028935 0.091018
v -0.043676 -0.020923 0.115108
v -0.037018 0.006599 0.106580
v -0.034273 0.039912 0.090197
v -0.071641 0.051332 0.079050
v -0.035558 0.063432 0.080808
v -0.068567 0.067745 0.072487
v -0.002252 0.036128 0.087523
v -0.003433 0.061687 0.084413
v 0.028014 0.042822 0.088823
v 0.029233 0.063943 0.081393
v 0.062267 0.052937 0.079093
v 0.060589 0.067712 0.073096
v 0.087833 0.076619 0.062212
v 0.107061 0.085859 0.049467
v 0.119030 0.092745 0.033341
v 0.134370 0.088686 0.016837
v 0.125210 0.095835 0.015788
v 0.136395 0.088629 -0.002902
v 0.126809 0.095586 -0.004013
v 0.136260 0.084046 -0.023003
v 0.125112 0.090974 -0.024069
v 0.135270 0.074946 -0.041311
v 0.120731 0.081295 -0.041413
v 0.158141 0.081595 -0.023011
v 0.159444 0.071060 -0.040945
v 0.161665 0.057555 -0.053483
v 0.164794 0.042625 -0.060858
v 0.199565 0.058347 -0.029522
v 0.201509 0.048338 -0.039765
v 0.202688 0.037933 -0.047011
v 0.202887 0.025696 -0.051095
v 0.167928 0.026371 -0.063554
v 0.243178 0.045069 -0.035130
v 0.243144 0.034846 -0.042049
v 0.242545 0.023321 -0.045352
v 0.241502 0.011305 -0.045343
v 0.202043 0.012982 -0.050962
v 0.281061 0.032185 -0.036469
v 0.280507 0.021582 -0.039952
v 0.279726 0.010356 -0.040204
v 0.278738 -0.000390 -0.037086
v 0.240058 -0.000316 -0.041850
v 0.313725 0.020629 -0.034621
v 0.313484 0.011102 -0.035146
v 0.313387 0.002142 -0.032868
v 0.313301 -0.006246 -0.028447
v 0.277591 -0.010262 -0.031386
v 0.347153 0.013109 -0.037308
v 0.347434 0.004694 -0.034952
v 0.347811 -0.002204 -0.029806
v 0.347831 -0.007610 -0.023424
v 0.313243 -0.013393 -0.022678
v 0.384745 0.005005 -0.041657
v 0.384850 -0.003807 -0.036674
v 0.384702 -0.011165 -0.030052
v 0.384137 -0.017059 -0.021419
v 0.347554 -0.011811 -0.016303
v 0.423598 -0.002380 -0.035378
v 0.423240 -0.010126 -0.028169
v 0.422485 -0.016349 -0.018680
v 0.421458 -0.020772 -0.008123
v 0.383272 -0.020728 -0.011812
v 0.459057 -0.006939 -0.021147
v 0.458255 -0.012508 -0.012751
v 0.457364 -0.016575 -0.002939
v 0.456348 -0.018676 0.007712
v 0.419934 -0.023025 0.003087
v 0.491469 -0.007723 -0.006407
v 0.490793 -0.010890 0.001272
v 0.490185 -0.012693 0.009711
v 0.489601 -0.012879 0.018260
v 0.455179 -0.018785 0.018716
v 0.524840 -0.006002 0.006486
v 0.524443 -0.006795 0.013095
v 0.553737 -0.007667 0.012538
v 0.553502 -0.009319 0.019038
v 0.582582 -0.006726 0.014958
v 0.582504 -0.008062 0.023310
v 0.583630 -0.009163 0.032638
v 0.611004 -0.001170 0.025386
v 0.610698 -0.001455 0.036470
v 0.631136 0.005477 0.027124
v 0.630965 0.004966 0.037782
v 0.646287 0.006723 0.028654
v 0.646579 0.006362 0.038883
v 0.646981 0.006354 0.050173
v 0.646878 0.009564 0.061515
v 0.659704 0.007171 0.038915
v 0.660539 0.007729 0.049351
v 0.661434 0.010535 0.059556
v 0.661494 0.018615 0.065947
v 0.646096 0.017909 0.068365
v 0.645575 0.028472 0.069089
v 0.628377 0.027518 0.066914
v 0.661100 0.028152 0.066632
v 0.660701 0.035944 0.061694
v 0.645664 0.037287 0.063388
v 0.673864 0.028269 0.063763
v 0.685410 0.028897 0.056963
v 0.690993 0.028025 0.046984
v 0.694535 0.026700 0.036334
v 0.690620 0.033998 0.035389
v 0.691285 0.018447 0.036414
v 0.690192 0.017264 0.025081
v 0.693447 0.025459 0.024205
v 0.683198 0.012110 0.036684
v 0.681599 0.011694 0.026935
v 0.672096 0.008383 0.037877
v 0.671007 0.008507 0.028522
v 0.669463 0.009946 0.020026
v 0.678868 0.012779 0.018138
v 0.686219 0.017672 0.015273
v 0.685227 0.023053 0.003660
v 0.689698 0.025075 0.013360
v 0.683688 0.030934 0.003611
v 0.687640 0.032949 0.013579
v 0.690118 0.032925 0.024307
v 0.679666 0.037784 0.016068
v 0.681613 0.036458 0.025296
v 0.681680 0.036741 0.034417
v 0.670820 0.038116 0.026513
v 0.670795 0.038170 0.034425
v 0.659727 0.040327 0.026922
v 0.659738 0.040011 0.034998
v 0.659958 0.040528 0.043629
v 0.647135 0.042531 0.035026
v 0.647339 0.042491 0.044249
v 0.646637 0.041579 0.054636
v 0.660280 0.039980 0.053300
v 0.632025 0.044026 0.043348
v 0.630489 0.042272 0.052960
v 0.628652 0.036614 0.061613
v 0.609972 0.041863 0.052099
v 0.609760 0.044827 0.042579
v 0.609507 0.046370 0.033380
v 0.582042 0.046847 0.031295
v 0.632107 0.044552 0.034294
v 0.632394 0.044640 0.025427
v 0.609492 0.046704 0.024305
v 0.647312 0.043065 0.026579
v 0.647836 0.043184 0.018106
v 0.633306 0.044387 0.016815
v 0.659552 0.040837 0.018545
v 0.658886 0.040256 0.009866
v 0.648508 0.041710 0.009095
v 0.669855 0.039240 0.017968
v 0.668276 0.038947 0.009297
v 0.677534 0.037101 0.006612
v 0.676889 0.027343 -0.004285
v 0.668670 0.024493 -0.009016
v 0.678051 0.019798 -0.004063
v 0.669387 0.017602 -0.008086
v 0.660833 0.016185 -0.010449
v 0.660589 0.023037 -0.011687
v 0.660241 0.010823 -0.005371
v 0.659151 0.008768 0.002746
v 0.648792 0.007574 0.000787
v 0.649718 0.009903 -0.007093
v 0.650093 0.015300 -0.012503
v 0.633777 0.008922 -0.007753
v 0.633698 0.014688 -0.013230
v 0.633713 0.022015 -0.015058
v 0.650222 0.022367 -0.014086
v 0.633936 0.029181 -0.012449
v 0.650143 0.029449 -0.012296
v 0.634139 0.034964 -0.007195
v 0.649612 0.034757 -0.006829
v 0.634341 0.039367 -0.000149
v 0.649065 0.038775 0.000635
v 0.634183 0.042486 0.007951
v 0.609590 0.040955 -0.001460
v 0.609917 0.044054 0.006706
v 0.609832 0.045934 0.015186
v 0.581706 0.044790 0.004810
v 0.581766 0.046753 0.013245
v 0.581739 0.047328 0.022315
v 0.554381 0.043617 0.010152
v 0.554560 0.044357 0.017662
v 0.554762 0.044069 0.025561
v 0.522236 0.043242 0.011569
v 0.521618 0.042896 0.018357
v 0.488624 0.048505 0.006977
v 0.487820 0.048486 0.015734
v 0.487295 0.047169 0.024125
v 0.453659 0.052835 0.013122
v 0.452566 0.051136 0.023814
v 0.451663 0.047368 0.033477
v 0.487038 0.044263 0.031938
v 0.451055 0.042294 0.041775
v 0.486996 0.040010 0.038825
v 0.450648 0.035652 0.048492
v 0.487042 0.034243 0.044658
v 0.518426 0.030645 0.040213
v 0.487119 0.027117 0.048630
v 0.517368 0.024623 0.043762
v 0.538581 0.023080 0.054226
v 0.542770 0.029594 0.052083
v 0.556630 0.027569 0.070280
v 0.549913 0.020568 0.072087
v 0.558133 0.017465 0.091331
v 0.565132 0.023585 0.088389
v 0.535540 0.015470 0.054907
v 0.545103 0.012418 0.072364
v 0.552965 0.009304 0.093524
v 0.565888 0.007963 0.110192
v 0.569464 0.014715 0.107498
v 0.542869 0.003168 0.071526
v 0.551740 -0.000426 0.093470
v 0.565927 -0.000319 0.110511
v 0.577738 0.000289 0.121446
v 0.578055 0.007775 0.121078
v 0.555227 -0.008848 0.091066
v 0.569538 -0.007627 0.108512
v 0.580809 -0.005806 0.119203
v 0.575482 -0.012174 0.104256
v 0.586125 -0.009470 0.115650
v 0.582235 -0.014034 0.099369
v 0.592342 -0.010244 0.111753
v 0.598924 -0.006397 0.120482
v 0.597651 -0.008421 0.108528
v 0.603303 -0.003868 0.118598
v 0.602496 -0.004334 0.105813
v 0.607015 -0.000453 0.117433
v 0.605882 0.001623 0.104230
v 0.609392 0.003603 0.117447
v 0.610330 0.006372 0.125932
v 0.606233 0.012037 0.128429
v 0.608688 0.008194 0.130187
v 0.600259 0.015817 0.122003
v 0.594904 0.015173 0.124218
v 0.591696 0.019072 0.111872
v 0.585731 0.017356 0.115213
v 0.580859 0.013131 0.118677
v 0.590469 0.012224 0.126725
v 0.587424 0.007295 0.128755
v 0.575168 0.019651 0.103933
v 0.581987 0.022347 0.100229
v 0.573899 0.027352 0.085170
v 0.596803 -0.006992 0.092170
v 0.602299 0.001668 0.090977
v 0.589390 -0.012252 0.094996
v 0.582124 -0.014048 0.078515
v 0.571379 -0.016136 0.082318
v 0.561942 -0.014471 0.087023
v 0.550857 -0.012705 0.065439
v 0.544456 -0.005760 0.069133
v 0.535468 0.000668 0.051533
v 0.538408 -0.005370 0.046730
v 0.517046 0.005157 0.041631
v 0.518407 0.000955 0.037170
v 0.487249 0.002875 0.045990
v 0.487794 -0.003452 0.040900
v 0.488428 -0.008419 0.034185
v 0.451629 -0.006260 0.044510
v 0.452696 -0.011911 0.037563
v 0.453944 -0.016355 0.028699
v 0.488964 -0.011257 0.026504
v 0.413612 -0.015107 0.034783
v 0.415611 -0.020097 0.026041
v 0.417829 -0.023099 0.015330
v 0.379008 -0.017569 0.017631
v 0.380910 -0.021381 0.008624
v 0.382317 -0.022346 -0.001877
v 0.346223 -0.015619 0.007293
v 0.346625 -0.016774 -0.000324
v 0.347142 -0.015278 -0.008432
v 0.313578 -0.024830 0.002819
v 0.313576 -0.023822 -0.006657
v 0.313424 -0.019608 -0.015341
v 0.276394 -0.027744 -0.003908
v 0.276465 -0.024191 -0.014225
v 0.276783 -0.018342 -0.023503
v 0.235764 -0.026675 -0.013546
v 0.236820 -0.020156 -0.025266
v 0.238372 -0.011126 -0.035020
v 0.195119 -0.021322 -0.028455
v 0.197997 -0.010881 -0.039756
v 0.200355 0.000747 -0.047132
v 0.171600 -0.014183 -0.044103
v 0.171209 -0.002382 -0.055354
v 0.169995 0.011761 -0.062016
v 0.147639 -0.012394 -0.060960
v 0.152214 -0.023773 -0.048286
v 0.140025 -0.045057 -0.054895
v 0.128871 -0.037746 -0.068698
v 0.125185 -0.089581 -0.056960
v 0.112840 -0.087091 -0.070346
v 0.106119 -0.145966 -0.044654
v 0.093613 -0.146830 -0.057358
v 0.078178 -0.147075 -0.067171
v 0.089115 -0.191484 -0.053337
v 0.073387 -0.192240 -0.062037
v 0.054797 -0.193275 -0.068435
v 0.058973 -0.146977 -0.075220
v 0.033706 -0.146328 -0.080711
v -0.005783 -0.144713 -0.080192
v -0.010794 -0.070828 -0.096604
v -0.042393 -0.145298 -0.080272
v -0.014586 -0.008671 -0.100097
v -0.015355 0.033984 -0.095843
v -0.059798 -0.189405 -0.067411
v -0.065867 -0.145487 -0.074078
v -0.078020 -0.188170 -0.060291
v -0.083953 -0.145608 -0.066059
v -0.102878 -0.084814 -0.078013
v -0.098448 -0.145264 -0.056131
v -0.118235 -0.088619 -0.067680
v -0.134046 -0.043341 -0.065323
v -0.121918 -0.035628 -0.074526
v -0.148500 -0.021029 -0.057993
v -0.142186 -0.010460 -0.067342
v -0.167521 -0.009790 -0.052646
v -0.166001 0.001528 -0.061420
v -0.163078 0.015360 -0.066407
v -0.194808 0.006636 -0.051291
v -0.195413 0.018306 -0.053586
v -0.195110 0.029872 -0.052519
v -0.193623 0.041939 -0.047715
v -0.234667 0.017004 -0.047047
v -0.235265 0.028178 -0.045968
v -0.235362 0.038580 -0.041697
v -0.235141 0.047848 -0.034641
v -0.191532 0.053183 -0.040625
v -0.274793 0.025803 -0.040547
v -0.275314 0.035356 -0.036259
v -0.275486 0.043550 -0.029622
v -0.275398 0.050529 -0.020950
v -0.234893 0.055409 -0.025188
v -0.309249 0.032484 -0.031245
v -0.309334 0.040068 -0.024987
v -0.309193 0.046649 -0.017192
v -0.309130 0.052133 -0.007980
v -0.274987 0.056294 -0.009955
v -0.342115 0.036167 -0.023866
v -0.342346 0.041616 -0.016958
v -0.342467 0.045649 -0.009422
v -0.342922 0.048743 -0.001696
v -0.309501 0.055651 0.002041
v -0.376684 0.047545 -0.024391
v -0.376817 0.051887 -0.015847
v -0.377019 0.054394 -0.006586
v -0.377165 0.055001 0.002985
v -0.343630 0.050352 0.006498
v -0.414828 0.054166 -0.016252
v -0.414358 0.056479 -0.006054
v -0.413666 0.056952 0.004800
v -0.412632 0.055212 0.015676
v -0.377222 0.053678 0.011905
v -0.450013 0.053381 -0.001285
v -0.448603 0.053835 0.009223
v -0.447295 0.052459 0.019908
v -0.446212 0.049760 0.029423
v -0.411338 0.052273 0.025444
v -0.482920 0.049754 0.012796
v -0.482190 0.048777 0.021214
v -0.517147 0.044048 0.015023
v -0.483839 0.049375 0.004360
v -0.517739 0.043983 0.008717
v -0.550887 0.043524 0.013891
v -0.550398 0.043398 0.020397
v -0.580501 0.047111 0.019027
v -0.580063 0.046907 0.027264
v -0.609541 0.046871 0.022204
v -0.609156 0.046866 0.030923
v -0.632561 0.044448 0.041715
v -0.647705 0.041664 0.054389
v -0.660744 0.039649 0.056471
v -0.660128 0.035264 0.064575
v -0.580811 0.046171 0.011077
v -0.610056 0.045798 0.013600
v -0.580857 0.044234 0.003555
v -0.610292 0.043722 0.005653
v -0.580725 0.041015 -0.003552
v -0.610267 0.040670 -0.002085
v -0.580538 0.035882 -0.009279
v -0.610062 0.036260 -0.008980
v -0.580379 0.029147 -0.013190
v -0.609833 0.030070 -0.014056
v -0.580313 0.021636 -0.014693
v -0.609706 0.022309 -0.016338
v -0.580513 0.013878 -0.013664
v -0.609828 0.014366 -0.015173
v -0.580883 0.006840 -0.010441
v -0.553339 0.013601 -0.012450
v -0.553801 0.007343 -0.009797
v -0.554292 0.001888 -0.005515
v -0.581477 0.001280 -0.005140
v -0.554758 -0.002353 -0.000112
v -0.521459 0.001838 -0.009890
v -0.520977 -0.002034 -0.004782
v -0.487908 -0.001166 -0.018064
v -0.487282 -0.006218 -0.012157
v -0.453934 -0.004177 -0.027214
v -0.453284 -0.010427 -0.019971
v -0.452483 -0.015111 -0.011264
v -0.416681 -0.013125 -0.025970
v -0.415866 -0.018433 -0.016967
v -0.414691 -0.022079 -0.006537
v -0.377702 -0.017647 -0.018294
v -0.377064 -0.020508 -0.009242
v -0.376122 -0.021046 -0.000152
v -0.413046 -0.023678 0.004433
v -0.374861 -0.019354 0.008139
v -0.410986 -0.023101 0.014877
v -0.373564 -0.015293 0.016648
v -0.341497 -0.016639 0.009116
v -0.341225 -0.012113 0.016637
v -0.341358 -0.006904 0.023142
v -0.307730 -0.015719 0.021713
v -0.307781 -0.008964 0.029096
v -0.308303 -0.001844 0.035954
v -0.272792 -0.011524 0.035501
v -0.273094 -0.003236 0.043028
v -0.273625 0.005092 0.049459
v -0.232799 -0.003551 0.050278
v -0.232966 0.005267 0.055233
v -0.233025 0.013748 0.058229
v -0.190868 0.006400 0.065265
v -0.190885 0.015729 0.069084
v -0.191158 0.024894 0.071414
v -0.158965 0.011200 0.076241
v -0.157323 0.020222 0.080757
v -0.153730 0.029969 0.081279
v -0.132133 0.002890 0.090346
v -0.127061 0.011660 0.090936
v -0.136047 -0.005602 0.084603
v -0.114126 -0.041548 0.095571
v -0.117088 -0.046318 0.084908
v -0.100537 -0.081604 0.081683
v -0.094072 -0.077074 0.095635
v -0.137522 -0.012467 0.076483
v -0.140765 -0.020652 0.068770
v -0.122155 -0.050476 0.074420
v -0.159849 0.003015 0.069811
v -0.161333 -0.006016 0.062895
v -0.163238 -0.015906 0.056017
v -0.145176 -0.028622 0.061323
v -0.190539 -0.002909 0.059736
v -0.189927 -0.012385 0.052521
v -0.189104 -0.021627 0.042863
v -0.164748 -0.025210 0.046495
v -0.232516 -0.012684 0.043259
v -0.232007 -0.020962 0.034613
v -0.231222 -0.027227 0.024659
v -0.188273 -0.029186 0.031287
v -0.272675 -0.019075 0.027228
v -0.272418 -0.025034 0.018225
v -0.271477 -0.028809 0.008613
v -0.230328 -0.030412 0.013559
v -0.308066 -0.021755 0.013686
v -0.308268 -0.025849 0.004482
v -0.308176 -0.025622 -0.004513
v -0.270701 -0.028685 -0.001749
v -0.341890 -0.018392 0.001440
v -0.341998 -0.017446 -0.006097
v -0.341853 -0.014255 -0.013135
v -0.307889 -0.022201 -0.012994
v -0.307604 -0.017126 -0.020415
v -0.270854 -0.020914 -0.020920
v -0.270635 -0.025902 -0.011771
v -0.341920 -0.009787 -0.019667
v -0.342095 -0.004592 -0.025373
v -0.307591 -0.010680 -0.026723
v -0.378100 -0.013102 -0.026368
v -0.378362 -0.006986 -0.033349
v -0.378448 0.000105 -0.038518
v -0.342441 0.001533 -0.030100
v -0.417000 -0.006384 -0.033367
v -0.417006 0.001380 -0.039022
v -0.416926 0.010118 -0.042962
v -0.378301 0.008495 -0.042122
v -0.454376 0.003229 -0.032683
v -0.454642 0.011327 -0.036220
v -0.454711 0.019906 -0.037445
v -0.416685 0.019860 -0.044384
v -0.488578 0.005122 -0.022811
v -0.489084 0.012090 -0.025744
v -0.489568 0.019522 -0.027361
v -0.489103 0.027105 -0.025853
v -0.454524 0.028318 -0.036162
v -0.521946 0.012846 -0.016973
v -0.521854 0.019514 -0.017915
v -0.521443 0.026143 -0.016593
v -0.520931 0.032117 -0.013550
v -0.488225 0.033859 -0.022080
v -0.552801 0.020297 -0.013303
v -0.552316 0.026828 -0.012251
v -0.551904 0.032772 -0.009219
v -0.551585 0.037365 -0.004484
v -0.520174 0.036750 -0.008930
v -0.519380 0.040473 -0.003486
v -0.486196 0.044354 -0.010937
v -0.487298 0.039643 -0.017190
v -0.551386 0.040616 0.001223
v -0.551194 0.042652 0.007584
v -0.518508 0.042872 0.002561
v -0.485037 0.047486 -0.003762
v -0.451281 0.051262 -0.010885
v -0.452341 0.047704 -0.019274
v -0.415344 0.050135 -0.025437
v -0.415777 0.044460 -0.032926
v -0.453319 0.042598 -0.026739
v -0.416050 0.037378 -0.038940
v -0.454030 0.036025 -0.032397
v -0.416365 0.029039 -0.042906
v -0.376837 0.034652 -0.037481
v -0.377209 0.026587 -0.041509
v -0.377832 0.017572 -0.043208
v -0.341997 0.023133 -0.033249
v -0.342068 0.015339 -0.034727
v -0.342278 0.008100 -0.033524
v -0.308685 0.014649 -0.036271
v -0.308225 0.005692 -0.035114
v -0.307920 -0.002877 -0.031817
v -0.273375 0.005022 -0.040128
v -0.272534 -0.005006 -0.035932
v -0.271566 -0.013693 -0.029410
v -0.232196 -0.004547 -0.040643
v -0.230752 -0.014249 -0.033300
v -0.229655 -0.022256 -0.023090
v -0.192359 -0.014838 -0.037522
v -0.190767 -0.023674 -0.026268
v -0.189198 -0.030330 -0.012826
v -0.229227 -0.027811 -0.011500
v -0.187947 -0.033960 0.002440
v -0.229489 -0.030787 0.001070
v -0.187763 -0.033639 0.017618
v -0.166794 -0.037555 0.002390
v -0.165776 -0.036870 0.019333
v -0.165162 -0.032316 0.034339
v -0.153496 -0.044175 0.020975
v -0.151338 -0.040820 0.037384
v -0.148952 -0.035678 0.050656
v -0.144840 -0.056842 0.040430
v -0.139880 -0.056542 0.055856
v -0.132369 -0.054888 0.066724
v -0.128503 -0.092038 0.051216
v -0.120156 -0.088149 0.058767
v -0.110256 -0.085453 0.069812
v -0.102430 -0.113988 0.069879
v -0.093447 -0.103177 0.079999
v -0.092763 -0.119268 0.086631
v -0.079730 -0.109330 0.094689
v -0.082541 -0.094475 0.090748
v -0.064809 -0.104267 0.101086
v -0.078090 -0.128807 0.104597
v -0.062138 -0.122253 0.110470
v -0.037745 -0.118319 0.111079
v -0.040198 -0.101345 0.106291
v 0.004039 -0.116615 0.110129
v 0.002414 -0.098588 0.108449
v -0.000015 -0.083983 0.109981
v 0.044988 -0.061607 0.120819
v -0.004861 -0.066430 0.113993
v 0.039388 -0.043432 0.119701
v -0.005113 -0.048961 0.115806
v 0.032613 -0.022509 0.116317
v -0.002918 -0.027247 0.111421
v 0.029167 0.008385 0.106171
v -0.001206 0.000823 0.103692
v 0.075451 0.002012 0.103767
v 0.067518 0.027742 0.093127
v 0.081337 -0.015274 0.107991
v 0.113657 0.022323 0.089264
v 0.084687 -0.033535 0.109879
v 0.117655 0.008913 0.093050
v 0.150197 0.033651 0.081047
v 0.146595 0.043199 0.077597
v 0.194040 0.039163 0.068286
v 0.193363 0.048294 0.064376
v 0.192473 0.056687 0.058156
v 0.192198 0.065137 0.048795
v 0.238219 0.043558 0.053686
v 0.238712 0.050694 0.047525
v 0.239147 0.056889 0.038851
v 0.239606 0.061525 0.028125
v 0.193339 0.072963 0.035362
v 0.279123 0.051126 0.046009
v 0.278846 0.056258 0.037030
v 0.278885 0.059078 0.026823
v 0.279323 0.060188 0.015439
v 0.240513 0.064018 0.015621
v 0.316967 0.053504 0.030567
v 0.316240 0.056125 0.021794
v 0.315624 0.056509 0.011897
v 0.315112 0.054843 0.001718
v 0.280108 0.059026 0.002927
v 0.349393 0.048659 0.014529
v 0.349450 0.049494 0.006331
v 0.349211 0.048654 -0.002231
v 0.348776 0.046085 -0.011063
v 0.314686 0.050962 -0.008618
v 0.383247 0.056115 0.004604
v 0.383189 0.055891 -0.006097
v 0.383111 0.053258 -0.016349
v 0.383104 0.048502 -0.025840
v 0.347965 0.042046 -0.019415
v 0.420243 0.056254 -0.003473
v 0.421092 0.054132 -0.014740
v 0.421820 0.049890 -0.024534
v 0.422355 0.043859 -0.032587
v 0.383188 0.041986 -0.033519
v 0.456493 0.050977 -0.008283
v 0.457758 0.047152 -0.017309
v 0.458771 0.041677 -0.025107
v 0.459561 0.034663 -0.031066
v 0.422805 0.036074 -0.039031
v 0.490854 0.043680 -0.009095
v 0.492057 0.038947 -0.015880
v 0.493174 0.032958 -0.021298
v 0.493856 0.025597 -0.024619
v 0.460124 0.026425 -0.034617
v 0.524303 0.036544 -0.007546
v 0.525036 0.031346 -0.012456
v 0.525635 0.024766 -0.015666
v 0.525858 0.017591 -0.016198
v 0.493872 0.017537 -0.025055
v 0.553880 0.032554 -0.008694
v 0.553931 0.025715 -0.011877
v 0.554050 0.018223 -0.012646
v 0.554105 0.010839 -0.011096
v 0.525840 0.010616 -0.014553
v 0.580567 0.028095 -0.013105
v 0.580462 0.019733 -0.013988
v 0.580480 0.011498 -0.012190
v 0.580633 0.004553 -0.007703
v 0.554254 0.004082 -0.007159
v 0.608883 0.021181 -0.014609
v 0.609053 0.013254 -0.012899
v 0.609350 0.006653 -0.008137
v 0.610088 0.002175 -0.001274
v 0.581137 -0.001331 -0.000756
v 0.633830 0.006084 -0.000611
v 0.633295 0.005841 0.008445
v 0.610903 0.000125 0.006824
v 0.647443 0.007903 0.010185
v 0.646503 0.008136 0.019436
v 0.632044 0.006053 0.017528
v 0.658392 0.009278 0.011646
v 0.658609 0.008872 0.020415
v 0.659137 0.007319 0.029275
v 0.610995 -0.000831 0.015479
v 0.581758 -0.004765 0.006792
v 0.554142 -0.005164 0.005296
v 0.554324 -0.001323 -0.001477
v 0.525078 -0.003707 0.000079
v 0.525322 -0.000091 -0.005677
v 0.525569 0.004546 -0.010586
v 0.492283 -0.003363 -0.013290
v 0.493046 0.002524 -0.019124
v 0.493590 0.009639 -0.023197
v 0.459745 0.000040 -0.028172
v 0.460219 0.008194 -0.033082
v 0.460332 0.017196 -0.035326
v 0.423579 0.006691 -0.040641
v 0.423459 0.016543 -0.043084
v 0.423206 0.026828 -0.042605
v 0.384460 0.015001 -0.044269
v 0.383933 0.024876 -0.043424
v 0.383417 0.034119 -0.039628
v 0.347032 0.021588 -0.036460
v 0.347196 0.029732 -0.032567
v 0.347521 0.036606 -0.026749
v 0.313972 0.029808 -0.031338
v 0.314214 0.038187 -0.025562
v 0.314393 0.045122 -0.017881
v 0.281302 0.041558 -0.029714
v 0.281255 0.049267 -0.020818
v 0.280887 0.055458 -0.009789
v 0.242813 0.053598 -0.025445
v 0.242191 0.060144 -0.013161
v 0.241516 0.063773 0.001184
v 0.197412 0.068014 -0.016541
v 0.195880 0.074694 0.000214
v 0.194530 0.076426 0.018580
v 0.156485 0.087303 -0.002322
v 0.153091 0.087726 0.018938
v 0.609012 0.029187 -0.012855
v 0.580840 0.035741 -0.009581
v 0.609260 0.036146 -0.008420
v 0.581357 0.041538 -0.003118
v 0.553959 0.037949 -0.003362
v 0.554167 0.041543 0.003010
v 0.523545 0.040182 -0.001558
v 0.522838 0.042364 0.004893
v 0.489643 0.046854 -0.001359
v 0.455032 0.052779 0.001984
v 0.419173 0.056202 0.008357
v 0.383193 0.054249 0.014709
v 0.417755 0.054199 0.019813
v 0.382900 0.050611 0.023995
v 0.416237 0.050394 0.030279
v 0.381625 0.045478 0.031391
v 0.414614 0.044964 0.039580
v 0.380219 0.038401 0.037363
v 0.413287 0.038470 0.046544
v 0.379817 0.030190 0.040447
v 0.411900 0.029447 0.051480
v 0.450348 0.027495 0.053027
v 0.411083 0.019854 0.052790
v 0.450249 0.019027 0.054617
v 0.487086 0.018986 0.050530
v 0.450399 0.009994 0.053511
v 0.487021 0.010560 0.049378
v 0.516152 0.011059 0.044587
v 0.516225 0.017512 0.045353
v 0.534378 0.007842 0.054235
v 0.450812 0.001368 0.049950
v 0.411233 0.009972 0.051327
v 0.411653 0.000671 0.047991
v 0.412300 -0.008122 0.042359
v 0.377944 0.004066 0.037334
v 0.377793 -0.003852 0.032378
v 0.377862 -0.011381 0.025480
v 0.345996 0.000185 0.029025
v 0.345796 -0.006132 0.022457
v 0.345801 -0.011854 0.015033
v 0.312469 -0.007416 0.028793
v 0.312367 -0.014554 0.021021
v 0.313005 -0.020891 0.012534
v 0.278090 -0.017560 0.026958
v 0.277946 -0.024230 0.017434
v 0.277044 -0.028107 0.006916
v 0.237011 -0.026411 0.024278
v 0.236067 -0.030012 0.012500
v 0.235739 -0.029953 -0.000631
v 0.190892 -0.032950 0.018285
v 0.191093 -0.033459 0.002262
v 0.192368 -0.029264 -0.013941
v 0.165892 -0.037433 0.003320
v 0.168150 -0.032904 -0.014730
v 0.171115 -0.024479 -0.030443
v 0.154136 -0.040056 -0.016738
v 0.154360 -0.033069 -0.033397
v 0.148165 -0.054418 -0.019150
v 0.145887 -0.050739 -0.038395
v 0.138889 -0.087958 -0.019884
v 0.134084 -0.089352 -0.039940
v 0.121794 -0.142633 -0.012719
v 0.115454 -0.144411 -0.029564
v 0.119531 -0.189719 -0.010257
v 0.112921 -0.190439 -0.027092
v 0.102471 -0.190942 -0.041597
v 0.118816 -0.251400 -0.035221
v 0.107071 -0.248511 -0.052067
v 0.092706 -0.246780 -0.065412
v 0.113334 -0.327700 -0.071394
v 0.096463 -0.327350 -0.085766
v 0.077321 -0.327621 -0.094410
v 0.075906 -0.246336 -0.075699
v 0.056350 -0.330910 -0.098133
v 0.054653 -0.248221 -0.083499
v 0.069704 -0.405590 -0.103517
v 0.046584 -0.405459 -0.103652
v 0.024182 -0.405746 -0.092966
v 0.010135 -0.398151 -0.078940
v 0.004838 -0.451597 -0.053948
v 0.004096 -0.499314 -0.041548
v -0.009883 -0.452133 -0.057585
v -0.019176 -0.456618 -0.070710
v -0.031757 -0.459221 -0.083491
v -0.041189 -0.382585 -0.101479
v -0.047925 -0.460894 -0.092856
v -0.056249 -0.383259 -0.104167
v -0.066542 -0.462195 -0.095837
v -0.072134 -0.384843 -0.102852
v -0.071514 -0.313495 -0.093699
v -0.087848 -0.385611 -0.097311
v -0.089007 -0.311764 -0.087940
v -0.081554 -0.236695 -0.071527
v -0.062074 -0.238539 -0.079576
v -0.104942 -0.312057 -0.078103
v -0.097612 -0.236936 -0.060590
v -0.093219 -0.187543 -0.051318
v -0.110707 -0.238475 -0.047521
v -0.105582 -0.186943 -0.040006
v -0.109961 -0.144159 -0.044000
v -0.114946 -0.186341 -0.026493
v -0.118728 -0.142412 -0.029499
v -0.137143 -0.088463 -0.038768
v -0.129114 -0.089771 -0.055040
v -0.148058 -0.053374 -0.037112
v -0.143013 -0.048907 -0.052061
v -0.155435 -0.036289 -0.031819
v -0.152984 -0.029223 -0.045558
v -0.168770 -0.027318 -0.028503
v -0.168370 -0.019169 -0.041284
v -0.193699 -0.004440 -0.045784
v -0.233584 0.005819 -0.045288
v -0.274141 0.015528 -0.041947
v -0.309043 0.023738 -0.034959
v -0.342037 0.030065 -0.029406
v -0.376686 0.041654 -0.031653
v -0.155808 -0.042220 -0.016989
v -0.168095 -0.033889 -0.014337
v -0.154699 -0.045243 0.001904
v -0.150114 -0.056047 -0.019459
v -0.149430 -0.058235 0.001836
v -0.147549 -0.057974 0.022716
v -0.142753 -0.084698 0.002002
v -0.140659 -0.084911 0.022836
v -0.136685 -0.087506 0.038589
v -0.126475 -0.137424 0.020199
v -0.127401 -0.138754 0.003752
v -0.124123 -0.184869 0.005421
v -0.124207 -0.183744 0.021428
v -0.130441 -0.245628 0.005368
v -0.130667 -0.247842 0.023059
v -0.128663 -0.250112 0.038685
v -0.145135 -0.316955 0.025803
v -0.142640 -0.318593 0.043134
v -0.136157 -0.320948 0.058173
v -0.124221 -0.252570 0.052113
v -0.125616 -0.323796 0.071094
v -0.116762 -0.254963 0.064075
v -0.111311 -0.327172 0.080894
v -0.106665 -0.257967 0.074253
v -0.101535 -0.188179 0.077358
v -0.093223 -0.264576 0.082672
v -0.090390 -0.189624 0.088765
v -0.078129 -0.270996 0.088287
v -0.078165 -0.192461 0.096914
v -0.080759 -0.159482 0.093793
v -0.064953 -0.196601 0.101911
v -0.070004 -0.159166 0.103798
v -0.090423 -0.137407 0.094025
v -0.049134 -0.200913 0.103720
v -0.056125 -0.157880 0.110871
v -0.026042 -0.200159 0.107087
v -0.034413 -0.152993 0.111364
v 0.009955 -0.201680 0.109148
v 0.006884 -0.148122 0.110336
v 0.040461 -0.202317 0.103261
v 0.041700 -0.143053 0.115638
v 0.058756 -0.201141 0.102538
v 0.063461 -0.138169 0.112224
v 0.073212 -0.198003 0.097487
v 0.079739 -0.134800 0.102575
v 0.087281 -0.191469 0.089018
v 0.092051 -0.136616 0.088222
v 0.092400 -0.102501 0.079506
v 0.097356 -0.138686 0.071390
v 0.104497 -0.103601 0.067223
v 0.117394 -0.065849 0.071608
v 0.106468 -0.065655 0.083331
v 0.138489 -0.029801 0.066297
v 0.132261 -0.023405 0.074845
v 0.160974 -0.013192 0.058864
v 0.158581 -0.003555 0.065978
v 0.157566 0.005498 0.073284
v 0.156605 0.013836 0.079288
v 0.192329 -0.000010 0.060859
v 0.193268 0.009623 0.065796
v 0.194105 0.018580 0.068778
v 0.194473 0.028921 0.070085
v 0.153740 0.023746 0.082159
v 0.238180 0.007312 0.055385
v 0.238200 0.016200 0.058266
v 0.238018 0.025909 0.059104
v 0.238000 0.034979 0.057643
v 0.279539 0.017531 0.055655
v 0.279579 0.026814 0.057880
v 0.279708 0.035853 0.057054
v 0.279575 0.044418 0.052941
v 0.317895 0.025263 0.049791
v 0.318645 0.034158 0.048749
v 0.318570 0.042232 0.044519
v 0.317962 0.049026 0.038054
v 0.349531 0.030325 0.037917
v 0.349746 0.037099 0.033995
v 0.349785 0.043186 0.027753
v 0.349730 0.046532 0.021833
v 0.348603 0.021972 0.039806
v 0.379269 0.020767 0.040967
v 0.347295 0.013863 0.038675
v 0.378345 0.012118 0.040233
v 0.346439 0.006661 0.034648
v 0.316105 0.016458 0.047576
v 0.314268 0.007564 0.042443
v 0.313175 -0.000105 0.035904
v 0.279276 0.007924 0.049996
v 0.278557 -0.000817 0.043409
v 0.278139 -0.009310 0.035687
v 0.238022 -0.001173 0.050699
v 0.237765 -0.010929 0.043664
v 0.237570 -0.019496 0.034961
v 0.191428 -0.009748 0.053981
v 0.190607 -0.019530 0.044484
v 0.190619 -0.027831 0.032680
v 0.162803 -0.023266 0.049210
v 0.163692 -0.031526 0.036850
v 0.164003 -0.036819 0.021177
v 0.147627 -0.040922 0.040857
v 0.150148 -0.044660 0.023377
v 0.152386 -0.045839 0.003294
v 0.143809 -0.061737 0.025745
v 0.146657 -0.059304 0.003523
v 0.136338 -0.091098 0.025585
v 0.139253 -0.088096 0.004353
v 0.122857 -0.139557 0.023173
v 0.124422 -0.140889 0.005816
v 0.121903 -0.186651 0.025055
v 0.122520 -0.188453 0.007574
v 0.129736 -0.260260 0.027096
v 0.129660 -0.257656 0.007208
v 0.126523 -0.254715 -0.014433
v 0.144151 -0.332954 0.003740
v 0.138245 -0.330584 -0.023524
v 0.127381 -0.328765 -0.050518
v 0.141017 -0.407118 -0.035957
v 0.129450 -0.405191 -0.061814
v 0.112403 -0.404783 -0.082016
v 0.123142 -0.480240 -0.063360
v 0.107448 -0.479535 -0.079222
v 0.087821 -0.478959 -0.089600
v 0.091926 -0.405156 -0.095971
v 0.065298 -0.478006 -0.092796
v 0.078362 -0.540111 -0.072353
v 0.060432 -0.537743 -0.074545
v 0.071320 -0.583098 -0.065541
v 0.057750 -0.581320 -0.067061
v 0.070076 -0.630012 -0.077332
v 0.056537 -0.628872 -0.078616
v 0.043346 -0.628328 -0.075194
v 0.055356 -0.683223 -0.089080
v 0.041708 -0.682388 -0.085601
v 0.030435 -0.682056 -0.077267
v 0.032328 -0.627958 -0.067374
v 0.021299 -0.682031 -0.066081
v 0.023574 -0.627117 -0.056051
v 0.013793 -0.682427 -0.052091
v 0.016484 -0.628892 -0.042015
v 0.015504 -0.577935 -0.030751
v 0.013116 -0.631015 -0.025729
v 0.010195 -0.579342 -0.015409
v 0.008376 -0.551867 -0.010979
v 0.010571 -0.548642 -0.026186
v 0.005544 -0.539563 -0.009443
v 0.006465 -0.535965 -0.023069
v -0.000793 -0.532302 -0.008719
v 0.000493 -0.528381 -0.019383
v 0.001581 -0.519457 -0.029516
v -0.008179 -0.533698 -0.020604
v -0.007294 -0.536814 -0.008887
v -0.010392 -0.548115 -0.009853
v -0.011915 -0.545749 -0.023112
v -0.012432 -0.570723 -0.011981
v -0.016030 -0.569832 -0.026209
v -0.016219 -0.619299 -0.018372
v -0.018262 -0.618020 -0.032960
v -0.023419 -0.616773 -0.046740
v -0.013851 -0.672421 -0.043884
v -0.019748 -0.671612 -0.058572
v -0.027287 -0.671127 -0.070663
v -0.030409 -0.616417 -0.057359
v -0.035822 -0.671488 -0.080173
v -0.038939 -0.617614 -0.065902
v -0.046584 -0.671655 -0.086920
v -0.048784 -0.618070 -0.071291
v -0.048238 -0.570951 -0.064843
v -0.060210 -0.618658 -0.073804
v -0.061258 -0.572434 -0.067783
v -0.063523 -0.527408 -0.077733
v -0.045677 -0.526602 -0.073015
v -0.074079 -0.574177 -0.066242
v -0.080915 -0.528009 -0.076645
v -0.084602 -0.462508 -0.092384
v -0.096396 -0.528326 -0.070784
v -0.101027 -0.461491 -0.083697
v -0.103700 -0.386590 -0.086804
v -0.116213 -0.460500 -0.070173
v -0.118953 -0.387526 -0.071100
v -0.119243 -0.313309 -0.063181
v -0.133511 -0.387871 -0.048564
v -0.131052 -0.314756 -0.042957
v -0.120668 -0.240651 -0.032006
v -0.139963 -0.315548 -0.018270
v -0.127360 -0.243172 -0.013893
v -0.121123 -0.185740 -0.010988
v -0.124633 -0.140538 -0.013749
v -0.141844 -0.086187 -0.019981
v -0.144508 -0.315971 0.005661
v -0.145039 -0.388641 -0.020534
v -0.150629 -0.390707 0.006313
v -0.150460 -0.392725 0.029494
v -0.142889 -0.464843 -0.001525
v -0.140911 -0.467675 0.022894
v -0.134593 -0.469545 0.044284
v -0.145498 -0.393854 0.048803
v -0.124244 -0.469737 0.062044
v -0.136616 -0.393907 0.064953
v -0.110649 -0.468345 0.074910
v -0.124003 -0.393313 0.077801
v -0.094346 -0.465184 0.083338
v -0.107651 -0.392687 0.086328
v -0.076803 -0.461811 0.086489
v -0.086937 -0.392008 0.089999
v -0.090352 -0.333198 0.087219
v -0.058626 -0.457473 0.084465
v -0.068756 -0.526844 0.071974
v -0.055439 -0.524553 0.072814
v -0.042519 -0.521143 0.067456
v -0.058539 -0.579617 0.059793
v -0.048271 -0.576928 0.055746
v -0.057384 -0.631321 0.045596
v -0.048178 -0.629652 0.043175
v -0.039798 -0.627668 0.038034
v -0.041736 -0.676832 0.038197
v -0.032111 -0.675491 0.033310
v -0.024169 -0.674306 0.025736
v -0.032354 -0.625829 0.030804
v -0.018180 -0.674133 0.015843
v -0.026480 -0.624075 0.022119
v -0.013614 -0.673766 0.003825
v -0.020882 -0.622799 0.010283
v -0.018894 -0.570702 0.018408
v -0.017205 -0.620926 -0.003391
v -0.013541 -0.570698 0.003623
v -0.011053 -0.547386 0.004162
v -0.014110 -0.542854 0.018636
v -0.007942 -0.536435 0.003641
v -0.009764 -0.531643 0.016642
v -0.000848 -0.530641 0.003146
v 0.000025 -0.523657 0.013773
v -0.000057 -0.511424 0.023927
v 0.000085 -0.478872 0.038680
v 0.001785 -0.437364 0.046284
v -0.008854 -0.431496 0.049943
v 0.006059 -0.538723 0.004151
v 0.009119 -0.551331 0.004554
v 0.010718 -0.580004 0.002102
v 0.013495 -0.632671 -0.008585
v 0.016731 -0.634375 0.007096
v 0.006856 -0.682936 -0.016121
v 0.009224 -0.683153 -0.000017
v 0.013731 -0.683440 0.013104
v 0.022011 -0.635545 0.019828
v 0.020435 -0.683623 0.024078
v 0.028764 -0.637054 0.030167
v 0.028796 -0.684624 0.032158
v 0.036716 -0.638713 0.038089
v 0.039986 -0.588986 0.049530
v 0.045635 -0.640612 0.042831
v 0.049930 -0.591995 0.054627
v 0.049478 -0.540614 0.065898
v 0.038959 -0.537825 0.060558
v 0.047350 -0.484508 0.079914
v 0.060149 -0.542002 0.066914
v 0.061065 -0.486677 0.082680
v 0.068124 -0.415855 0.088677
v 0.051459 -0.418715 0.083344
v 0.057660 -0.367413 0.085096
v 0.042597 -0.383327 0.078667
v 0.046093 -0.352996 0.080974
v 0.035096 -0.373504 0.074655
v 0.035090 -0.346274 0.079674
v 0.025665 -0.365788 0.073598
v 0.085363 -0.417422 0.090123
v 0.075768 -0.488689 0.081588
v 0.091384 -0.490216 0.076239
v 0.101885 -0.417680 0.086878
v 0.106976 -0.490837 0.066547
v 0.119247 -0.418348 0.077386
v 0.118804 -0.343260 0.076843
v 0.132608 -0.418537 0.062661
v 0.133131 -0.340973 0.062807
v 0.120367 -0.264557 0.058642
v 0.109409 -0.269395 0.071696
v 0.111612 -0.185982 0.058371
v 0.101058 -0.187103 0.075192
v 0.108621 -0.138709 0.053682
v 0.117928 -0.184904 0.041631
v 0.116984 -0.138584 0.038151
v 0.130628 -0.095429 0.041929
v 0.119205 -0.099127 0.053678
v 0.139158 -0.063252 0.046681
v 0.131700 -0.065784 0.060923
v 0.144187 -0.036604 0.054687
v 0.126905 -0.262964 0.044285
v 0.141410 -0.338271 0.046448
v 0.144882 -0.335453 0.026949
v 0.141647 -0.417594 0.043978
v 0.146757 -0.414934 0.020448
v 0.146724 -0.410841 -0.007157
v 0.136576 -0.484374 0.007754
v 0.137632 -0.482141 -0.018611
v 0.133265 -0.481058 -0.042957
v 0.122626 -0.543048 -0.018647
v 0.117717 -0.543202 -0.037020
v 0.107875 -0.543315 -0.052776
v 0.105862 -0.589562 -0.035975
v 0.095807 -0.587395 -0.048971
v 0.084074 -0.585183 -0.059304
v 0.094343 -0.542210 -0.065021
v 0.094341 -0.631845 -0.061221
v 0.082890 -0.630969 -0.071460
v 0.092653 -0.687148 -0.071091
v 0.081498 -0.685931 -0.080695
v 0.069037 -0.684390 -0.087093
v 0.075598 -0.733362 -0.067875
v 0.065673 -0.732472 -0.074274
v 0.054314 -0.731926 -0.076965
v 0.062994 -0.771502 -0.058860
v 0.053722 -0.771090 -0.061685
v 0.044119 -0.769776 -0.060140
v 0.042855 -0.730726 -0.074597
v 0.036052 -0.768339 -0.054933
v 0.033354 -0.729406 -0.067384
v 0.029983 -0.766828 -0.047041
v 0.025496 -0.728998 -0.057596
v 0.025722 -0.765648 -0.037697
v 0.019356 -0.727833 -0.045972
v 0.023440 -0.764757 -0.027338
v 0.015198 -0.726865 -0.032395
v 0.008462 -0.682710 -0.034530
v 0.013368 -0.726762 -0.017612
v 0.022482 -0.764396 -0.016289
v 0.023067 -0.764465 -0.005298
v 0.014229 -0.727034 -0.003961
v 0.025518 -0.764595 0.004876
v 0.017329 -0.727186 0.007996
v 0.029822 -0.764734 0.013940
v 0.022779 -0.727298 0.017743
v 0.036381 -0.764619 0.021635
v 0.030415 -0.727412 0.025746
v 0.044493 -0.764572 0.026798
v 0.040366 -0.727347 0.030896
v 0.039167 -0.686003 0.036989
v 0.051546 -0.727462 0.032898
v 0.051009 -0.687454 0.038532
v 0.056277 -0.642529 0.044620
v 0.063387 -0.688570 0.036232
v 0.067483 -0.644067 0.042462
v 0.071730 -0.596271 0.054219
v 0.060664 -0.594516 0.056297
v 0.071351 -0.543441 0.064354
v 0.082158 -0.597394 0.048656
v 0.083395 -0.544771 0.058769
v 0.092166 -0.597137 0.039954
v 0.096095 -0.544832 0.050374
v 0.100609 -0.596454 0.028663
v 0.108029 -0.545021 0.038273
v 0.120957 -0.490155 0.051778
v 0.117300 -0.544593 0.021273
v 0.131030 -0.487721 0.032140
v 0.122511 -0.543687 0.001471
v 0.107832 -0.595313 0.014372
v 0.112277 -0.593683 -0.002392
v 0.111576 -0.591567 -0.020234
v 0.110095 -0.641146 -0.014394
v 0.109248 -0.637863 -0.032070
v 0.103467 -0.634683 -0.047995
v 0.107764 -0.689430 -0.041820
v 0.101868 -0.688553 -0.058147
v 0.096978 -0.735486 -0.035287
v 0.091815 -0.735793 -0.048474
v 0.084093 -0.735193 -0.059372
v 0.084255 -0.771836 -0.037296
v 0.078194 -0.771752 -0.046380
v 0.071175 -0.771667 -0.053492
v 0.074718 -0.804535 -0.040946
v 0.068603 -0.804053 -0.048075
v 0.061171 -0.803161 -0.052819
v 0.068684 -0.838753 -0.054346
v 0.059434 -0.837370 -0.059437
v 0.049241 -0.835807 -0.061953
v 0.052587 -0.802350 -0.054811
v 0.038617 -0.834379 -0.060313
v 0.044245 -0.801075 -0.053365
v 0.029493 -0.833245 -0.055193
v 0.037112 -0.800031 -0.049099
v 0.021925 -0.832567 -0.047284
v 0.031537 -0.799045 -0.042206
v 0.016488 -0.832146 -0.038612
v 0.027826 -0.798304 -0.034095
v 0.012141 -0.831576 -0.029182
v 0.025399 -0.797730 -0.025294
v 0.009683 -0.830896 -0.018440
v 0.024258 -0.797477 -0.016093
v 0.009860 -0.830421 -0.007928
v 0.024303 -0.797758 -0.006534
v 0.012887 -0.830813 0.001962
v 0.025898 -0.797895 0.002486
v 0.018849 -0.831470 0.010850
v 0.029675 -0.798421 0.011174
v 0.025969 -0.832381 0.017762
v 0.035378 -0.799584 0.018725
v 0.035187 -0.833788 0.022808
v 0.042761 -0.801017 0.023880
v 0.045435 -0.835123 0.024687
v 0.051507 -0.802346 0.025997
v 0.053564 -0.764808 0.028459
v 0.060410 -0.803227 0.024378
v 0.062804 -0.765214 0.026858
v 0.062679 -0.727950 0.031038
v 0.071135 -0.765803 0.022151
v 0.072948 -0.728613 0.025520
v 0.075136 -0.689311 0.030746
v 0.081890 -0.729487 0.017273
v 0.085971 -0.689767 0.021657
v 0.088356 -0.646265 0.028869
v 0.078157 -0.645312 0.037111
v 0.095561 -0.689986 0.009040
v 0.098257 -0.645758 0.017469
v 0.103562 -0.690067 -0.006709
v 0.106100 -0.644026 0.002897
v 0.108299 -0.689996 -0.023888
v 0.095433 -0.732325 -0.006617
v 0.098327 -0.734229 -0.020875
v 0.087871 -0.768898 -0.003495
v 0.089787 -0.770451 -0.014906
v 0.088618 -0.771517 -0.026522
v 0.084245 -0.805084 -0.013361
v 0.082979 -0.805029 -0.023644
v 0.079577 -0.804853 -0.032658
v 0.081441 -0.841237 -0.026031
v 0.079531 -0.840866 -0.036224
v 0.075667 -0.839892 -0.046111
v 0.069414 -0.877644 -0.047055
v 0.062925 -0.875921 -0.055764
v 0.065653 -0.906061 -0.044367
v 0.059393 -0.904294 -0.054362
v 0.050851 -0.902651 -0.060742
v 0.053882 -0.873995 -0.061771
v 0.041067 -0.901031 -0.063403
v 0.043921 -0.872255 -0.064554
v 0.031414 -0.899462 -0.062576
v 0.033314 -0.870768 -0.063339
v 0.022574 -0.898388 -0.058652
v 0.023691 -0.869694 -0.058828
v 0.015074 -0.897559 -0.051248
v 0.016273 -0.869622 -0.050892
v 0.010274 -0.897498 -0.040080
v 0.011050 -0.870307 -0.040666
v 0.030085 -0.919635 -0.057246
v 0.037959 -0.921575 -0.057894
v 0.034087 -0.935430 -0.048550
v 0.028069 -0.932511 -0.048563
v 0.033221 -0.941910 -0.036682
v 0.025950 -0.939462 -0.036868
v 0.034204 -0.943684 -0.022389
v 0.025438 -0.940635 -0.022193
v 0.018239 -0.934461 -0.022676
v 0.027510 -0.938167 -0.005815
v 0.019921 -0.932587 -0.005374
v 0.013733 -0.924950 -0.005295
v 0.012737 -0.925250 -0.023999
v 0.017522 -0.941553 0.019479
v 0.012043 -0.934739 0.020956
v 0.015649 -0.947898 0.042328
v 0.010674 -0.941368 0.043759
v 0.015425 -0.949279 0.059222
v 0.010782 -0.943288 0.060259
v 0.017106 -0.948496 0.071498
v 0.012129 -0.942340 0.071616
v 0.015067 -0.939709 0.079083
v 0.012702 -0.931112 0.075947
v 0.020106 -0.946689 0.079261
v 0.023965 -0.944235 0.085213
v 0.018371 -0.936189 0.084728
v 0.030963 -0.949208 0.081650
v 0.035680 -0.945386 0.084365
v 0.028871 -0.940396 0.088451
v 0.037420 -0.952266 0.074816
v 0.042078 -0.948434 0.076758
v 0.046164 -0.943572 0.078092
v 0.040181 -0.940223 0.085282
v 0.042705 -0.954200 0.062677
v 0.048211 -0.950575 0.064785
v 0.052412 -0.945614 0.066652
v 0.054998 -0.939515 0.067842
v 0.049556 -0.937576 0.078441
v 0.053846 -0.949116 0.047430
v 0.058274 -0.943214 0.049780
v 0.060505 -0.936781 0.052076
v 0.065104 -0.920195 0.033058
v 0.062936 -0.913375 0.037442
v 0.069584 -0.899594 0.009067
v 0.066608 -0.893981 0.017160
v 0.061958 -0.889101 0.023892
v 0.058801 -0.907043 0.041792
v 0.074262 -0.874779 -0.003398
v 0.071112 -0.871092 0.006047
v 0.066201 -0.867265 0.014269
v 0.059628 -0.864108 0.020619
v 0.055910 -0.884645 0.029083
v 0.077101 -0.840051 0.003647
v 0.071739 -0.838898 0.012053
v 0.064529 -0.837729 0.018574
v 0.055630 -0.836534 0.023087
v 0.051447 -0.861219 0.025228
v 0.074818 -0.804163 0.013475
v 0.068248 -0.803769 0.020049
v 0.078155 -0.766530 0.015176
v 0.079842 -0.804566 0.005742
v 0.083843 -0.767484 0.006564
v 0.089511 -0.730676 0.006472
v 0.083052 -0.804905 -0.003223
v 0.080330 -0.840795 -0.005604
v 0.081872 -0.841109 -0.015730
v 0.041784 -0.859249 0.027014
v 0.039612 -0.878877 0.034405
v 0.048335 -0.881014 0.032884
v 0.037696 -0.895950 0.047557
v 0.045565 -0.898120 0.046902
v 0.052853 -0.901796 0.045042
v 0.043673 -0.907529 0.062920
v 0.050492 -0.911496 0.061541
v 0.041600 -0.915524 0.075889
v 0.047940 -0.919222 0.073749
v 0.046366 -0.926569 0.080939
v 0.043771 -0.933827 0.084480
v 0.034154 -0.913304 0.076869
v 0.036037 -0.905118 0.063409
v 0.028309 -0.904979 0.062736
v 0.026760 -0.913398 0.076504
v 0.029603 -0.895398 0.046583
v 0.022146 -0.896789 0.044038
v 0.021260 -0.906968 0.061086
v 0.030445 -0.878416 0.033195
v 0.022626 -0.879760 0.029231
v 0.016294 -0.882964 0.022606
v 0.015723 -0.900158 0.040120
v 0.031834 -0.858611 0.025140
v 0.023330 -0.859677 0.020349
v 0.016447 -0.862027 0.013024
v 0.011422 -0.864801 0.004249
v 0.011704 -0.887503 0.014885
v 0.011010 -0.905223 0.035366
v 0.011661 -0.915420 0.055595
v 0.015649 -0.910798 0.058640
v 0.011860 -0.922750 0.068907
v 0.015174 -0.918540 0.072479
v 0.020268 -0.915304 0.075056
v 0.015917 -0.927391 0.080677
v 0.020479 -0.923642 0.083828
v 0.023288 -0.932492 0.087882
v 0.047439 -0.953484 0.045210
v 0.052826 -0.947443 0.020829
v 0.039756 -0.955358 0.043390
v 0.043434 -0.950063 0.019412
v 0.045171 -0.940547 -0.005433
v 0.055648 -0.936087 -0.005855
v 0.044767 -0.942709 -0.022728
v 0.055106 -0.936695 -0.024344
v 0.035912 -0.940911 -0.005846
v 0.034122 -0.949873 0.018702
v 0.025078 -0.946838 0.018685
v 0.031221 -0.955240 0.042169
v 0.022550 -0.952629 0.041777
v -0.010515 -0.673469 -0.010338
v -0.010422 -0.673111 -0.027147
v -0.014481 -0.719463 -0.012966
v -0.015218 -0.719482 -0.027265
v -0.018521 -0.720138 -0.041118
v -0.024655 -0.759024 -0.022834
v -0.026255 -0.759884 -0.033102
v -0.029229 -0.761001 -0.042945
v -0.023634 -0.721323 -0.053352
v -0.033846 -0.761646 -0.051372
v -0.030329 -0.722388 -0.063569
v -0.040271 -0.762882 -0.057984
v -0.038055 -0.723163 -0.071816
v -0.048023 -0.764520 -0.062580
v -0.047457 -0.724438 -0.077423
v -0.057307 -0.765902 -0.064132
v -0.057757 -0.725343 -0.079346
v -0.059541 -0.672390 -0.089451
v -0.068208 -0.725936 -0.076866
v -0.071920 -0.673445 -0.087630
v -0.072115 -0.619539 -0.072453
v -0.083944 -0.674668 -0.082024
v -0.083529 -0.619955 -0.067688
v -0.086170 -0.575704 -0.060856
v -0.094617 -0.621170 -0.059437
v -0.097473 -0.577128 -0.051956
v -0.110219 -0.528524 -0.060576
v -0.107961 -0.578615 -0.040514
v -0.120709 -0.528292 -0.046641
v -0.129682 -0.460513 -0.051420
v -0.127754 -0.528171 -0.029062
v -0.139246 -0.462307 -0.027277
v -0.129687 -0.528937 -0.008909
v -0.115129 -0.579968 -0.026544
v -0.118017 -0.581134 -0.009692
v -0.115573 -0.582199 0.007787
v -0.126877 -0.530252 0.012514
v -0.109292 -0.583063 0.023681
v -0.119676 -0.531109 0.032128
v -0.101718 -0.583960 0.037315
v -0.108685 -0.530742 0.047636
v -0.092406 -0.584895 0.048382
v -0.095829 -0.529688 0.059189
v -0.081919 -0.584113 0.055803
v -0.082010 -0.529011 0.067168
v -0.070196 -0.581977 0.060019
v -0.077795 -0.633788 0.041044
v -0.067672 -0.632783 0.044714
v -0.074710 -0.680505 0.034263
v -0.063808 -0.679272 0.038411
v -0.052768 -0.678108 0.039883
v -0.062688 -0.720780 0.032687
v -0.052159 -0.720315 0.033802
v -0.041844 -0.720091 0.031798
v -0.054709 -0.758621 0.028915
v -0.046163 -0.758387 0.027095
v -0.038417 -0.758417 0.022492
v -0.032329 -0.719937 0.026795
v -0.032397 -0.758664 0.015614
v -0.024905 -0.719890 0.019571
v -0.028122 -0.758699 0.007267
v -0.019841 -0.719871 0.010488
v -0.025478 -0.758603 -0.002174
v -0.016177 -0.719718 -0.000342
v -0.024304 -0.758609 -0.012275
v -0.028487 -0.792089 -0.003332
v -0.027702 -0.791885 -0.011880
v -0.028179 -0.791850 -0.020385
v -0.014458 -0.825094 -0.012494
v -0.015331 -0.825555 -0.022194
v -0.018234 -0.826261 -0.031654
v -0.029712 -0.792074 -0.029052
v -0.022082 -0.826683 -0.039660
v -0.032145 -0.792546 -0.037276
v -0.027620 -0.827115 -0.047908
v -0.035618 -0.793444 -0.044836
v -0.034676 -0.827951 -0.054827
v -0.041054 -0.794274 -0.050918
v -0.043006 -0.829188 -0.059242
v -0.047974 -0.795319 -0.054455
v -0.052435 -0.830482 -0.060695
v -0.056096 -0.796763 -0.055223
v -0.061964 -0.831831 -0.058788
v -0.063588 -0.797703 -0.053288
v -0.065867 -0.766167 -0.061257
v -0.070433 -0.798437 -0.048963
v -0.073550 -0.766580 -0.056049
v -0.077887 -0.726697 -0.071296
v -0.080156 -0.767132 -0.049315
v -0.086226 -0.727698 -0.063737
v -0.095014 -0.675295 -0.072883
v -0.094062 -0.728348 -0.053771
v -0.104152 -0.676578 -0.060981
v -0.103876 -0.623645 -0.048124
v -0.110627 -0.678243 -0.046140
v -0.110161 -0.626441 -0.034082
v -0.112737 -0.679815 -0.029235
v -0.112703 -0.629158 -0.018105
v -0.109801 -0.680775 -0.012209
v -0.111019 -0.631728 -0.001829
v -0.103443 -0.681111 0.003514
v -0.105132 -0.633775 0.013194
v -0.095026 -0.681199 0.016723
v -0.096801 -0.635095 0.025032
v -0.085215 -0.681038 0.027159
v -0.087437 -0.635014 0.034312
v -0.089746 -0.722881 0.012046
v -0.081660 -0.721979 0.021557
v -0.072535 -0.721325 0.028455
v -0.078971 -0.760052 0.018223
v -0.071754 -0.759426 0.024152
v -0.063532 -0.758968 0.027852
v -0.069607 -0.797590 0.021591
v -0.062064 -0.796977 0.025108
v -0.053871 -0.796132 0.026023
v -0.057107 -0.831517 0.023757
v -0.048085 -0.830250 0.024949
v -0.038977 -0.828847 0.023183
v -0.046086 -0.795121 0.024053
v -0.030867 -0.827534 0.018781
v -0.039244 -0.794038 0.019347
v -0.024017 -0.826681 0.012217
v -0.034097 -0.793092 0.012675
v -0.019267 -0.825701 0.005012
v -0.030579 -0.792436 0.004988
v -0.015684 -0.824955 -0.003841
v -0.015627 -0.860473 0.006607
v -0.012083 -0.862725 -0.001262
v -0.015736 -0.885366 0.016975
v -0.013192 -0.889730 0.009993
v -0.014649 -0.904895 0.036637
v -0.011986 -0.910389 0.032344
v -0.014090 -0.915169 0.056077
v -0.011710 -0.920102 0.053731
v -0.010573 -0.926144 0.051145
v -0.013379 -0.924498 0.069237
v -0.010781 -0.932677 0.048821
v -0.012346 -0.939326 0.046807
v -0.016108 -0.947410 0.065110
v -0.015870 -0.945571 0.045294
v -0.016688 -0.938616 0.021074
v -0.021356 -0.950711 0.044377
v -0.022971 -0.944656 0.019955
v -0.025709 -0.935412 -0.004211
v -0.018549 -0.928501 -0.004406
v -0.025284 -0.937775 -0.019319
v -0.017650 -0.929637 -0.021042
v -0.033559 -0.939558 -0.003982
v -0.033147 -0.942403 -0.018506
v -0.033872 -0.942698 -0.031435
v -0.041251 -0.943550 -0.018661
v -0.041060 -0.943916 -0.031049
v -0.041922 -0.939792 -0.043529
v -0.034564 -0.938638 -0.043193
v -0.043219 -0.925478 -0.055452
v -0.034498 -0.924055 -0.055018
v -0.044080 -0.902680 -0.062054
v -0.034275 -0.901429 -0.061891
v -0.024803 -0.899879 -0.058031
v -0.017178 -0.898743 -0.050496
v -0.036658 -0.867914 -0.063440
v -0.027200 -0.866823 -0.058801
v -0.019678 -0.866378 -0.051566
v -0.014420 -0.867008 -0.042155
v -0.012849 -0.898107 -0.039832
v -0.046703 -0.869354 -0.064566
v -0.053691 -0.904090 -0.059286
v -0.056814 -0.871096 -0.061991
v -0.062266 -0.905732 -0.053678
v -0.065500 -0.873088 -0.056328
v -0.070461 -0.832841 -0.054301
v -0.071650 -0.874654 -0.048573
v -0.077325 -0.834149 -0.047239
v -0.076445 -0.799000 -0.042648
v -0.081362 -0.835130 -0.038627
v -0.081123 -0.799352 -0.035441
v -0.086333 -0.767119 -0.041442
v -0.084970 -0.799526 -0.026954
v -0.091155 -0.766671 -0.031456
v -0.100077 -0.728308 -0.041648
v -0.093538 -0.765649 -0.020550
v -0.102754 -0.727398 -0.027725
v -0.092982 -0.764055 -0.009202
v -0.101357 -0.725769 -0.013326
v -0.089826 -0.762333 0.001342
v -0.096600 -0.724100 0.000220
v -0.085102 -0.760960 0.010640
v -0.084966 -0.798940 0.001209
v -0.081257 -0.798567 0.009207
v -0.076044 -0.798084 0.016151
v -0.078390 -0.834855 0.007722
v -0.072600 -0.833799 0.014924
v -0.065483 -0.832716 0.020292
v -0.066819 -0.863460 0.016833
v -0.059995 -0.860648 0.022205
v -0.052241 -0.858436 0.025618
v -0.055479 -0.882636 0.030819
v -0.048136 -0.879948 0.033337
v -0.040191 -0.878420 0.033933
v -0.043422 -0.856825 0.026601
v -0.032524 -0.878317 0.032407
v -0.034840 -0.856554 0.024671
v -0.025784 -0.879484 0.028841
v -0.027259 -0.857191 0.020251
v -0.020230 -0.881924 0.023509
v -0.020966 -0.858465 0.014380
v -0.023845 -0.897421 0.044052
v -0.018634 -0.900829 0.040544
v -0.017575 -0.910531 0.058562
v -0.018821 -0.915065 0.071836
v -0.015682 -0.919497 0.070596
v -0.023082 -0.918102 0.080591
v -0.019561 -0.922754 0.081116
v -0.017083 -0.927495 0.080730
v -0.024510 -0.925885 0.086003
v -0.021492 -0.930971 0.086012
v -0.025844 -0.934586 0.088123
v -0.022880 -0.939588 0.085504
v -0.029202 -0.929392 0.087876
v -0.033886 -0.932935 0.088073
v -0.030344 -0.938234 0.088001
v -0.028269 -0.920834 0.084719
v -0.033157 -0.924024 0.086581
v -0.037810 -0.927510 0.087099
v -0.041911 -0.931313 0.086356
v -0.038357 -0.936360 0.087162
v -0.037812 -0.918725 0.082875
v -0.042557 -0.922173 0.083203
v -0.046463 -0.926115 0.082637
v -0.048246 -0.916478 0.074879
v -0.052431 -0.920992 0.074322
v -0.053707 -0.911365 0.061627
v -0.058193 -0.916440 0.060098
v -0.061278 -0.922546 0.058070
v -0.062878 -0.929073 0.055937
v -0.062840 -0.908400 0.040952
v -0.066341 -0.914362 0.037259
v -0.068230 -0.921150 0.032980
v -0.068446 -0.927365 0.028670
v -0.062878 -0.935833 0.053832
v -0.070831 -0.895666 0.013506
v -0.073242 -0.901946 0.004906
v -0.076411 -0.870084 0.000650
v -0.078549 -0.872953 -0.009079
v -0.082389 -0.835593 -0.000947
v -0.084673 -0.835807 -0.010097
v -0.085235 -0.835880 -0.019891
v -0.083973 -0.835713 -0.029398
v -0.087229 -0.799287 -0.007771
v -0.087327 -0.799558 -0.017762
v -0.072581 -0.866706 0.009461
v -0.066895 -0.890711 0.020522
v -0.061672 -0.886239 0.026463
v -0.057656 -0.903124 0.044282
v -0.051501 -0.899407 0.046521
v -0.047740 -0.907384 0.062657
v -0.041628 -0.905153 0.063002
v -0.044402 -0.896671 0.047621
v -0.037242 -0.895622 0.047509
v -0.030136 -0.895803 0.046334
v -0.043047 -0.912715 0.075302
v -0.037239 -0.910364 0.074970
v -0.032415 -0.915806 0.081651
v -0.061085 -0.942529 0.051679
v -0.054869 -0.944072 0.069331
v -0.066975 -0.933119 0.024458
v -0.063162 -0.940527 0.023524
v -0.057214 -0.948553 0.049518
v -0.051332 -0.953069 0.047504
v -0.051395 -0.949360 0.067926
v -0.056260 -0.946461 0.022256
v -0.048081 -0.949937 0.020796
v -0.044066 -0.955434 0.045741
v -0.058604 -0.935762 -0.005117
v -0.049947 -0.939965 -0.004152
v -0.041478 -0.941104 -0.003942
v -0.039637 -0.950438 0.019995
v -0.058801 -0.935465 -0.022381
v -0.050271 -0.941594 -0.019548
v -0.030792 -0.948644 0.019649
v -0.028298 -0.954108 0.044116
v -0.036245 -0.955696 0.044620
v -0.026729 -0.954840 0.064250
v -0.020705 -0.951862 0.064584
v -0.023134 -0.948370 0.078761
v -0.028089 -0.951162 0.078390
v -0.026881 -0.943203 0.085334
v -0.031516 -0.946076 0.084269
v -0.035100 -0.941350 0.087059
v -0.039505 -0.944077 0.084202
v -0.045276 -0.947218 0.079571
v -0.042733 -0.939417 0.084794
v -0.048347 -0.942497 0.080345
v -0.019470 -0.944564 0.079284
v -0.068126 -0.907246 -0.044505
v -0.057261 -0.273957 0.094231
v -0.521803 0.006787 -0.014130
v -0.409786 0.048062 0.034356
v -0.376726 0.046305 0.027322
v -0.376999 0.050657 0.020295
v -0.445325 0.045570 0.038008
v -0.444682 0.040189 0.045002
v -0.408192 0.042259 0.041949
v -0.444144 0.033159 0.050623
v -0.345018 0.048344 0.021280
v -0.344302 0.050165 0.013992
v -0.310593 0.057104 0.021953
v -0.310049 0.057427 0.011972
v -0.273201 0.060662 0.014586
v -0.274177 0.059787 0.002275
v -0.234149 0.064487 0.000658
v -0.234568 0.061227 -0.013224
v -0.188356 0.072994 -0.018001
v -0.189820 0.063542 -0.031508
v -0.149525 0.083034 -0.021297
v -0.149171 0.074167 -0.039550
v -0.130314 0.088221 -0.021460
v -0.126456 0.080483 -0.038705
v -0.535009 0.011203 0.051717
v -0.544001 0.000484 0.065799
v -0.551446 -0.000532 0.088246
v -0.564989 0.001692 0.108719
v -0.568053 -0.007000 0.106449
vn 0.3183 -0.0446 -0.9469
vn 0.3037 -0.0592 -0.9509
vn 0.3112 0.1496 -0.9385
vn 0.2950 -0.0865 -0.9516
vn 0.1513 0.1816 -0.9717
vn 0.6118 0.1511 -0.7765
vn 0.2066 0.5491 -0.8098
vn 0.4997 -0.0741 0.8630
vn 0.6709 -0.2338 0.7037
vn 0.5309 -0.5240 0.6660
vn 0.2418 -0.2996 0.9229
vn 0.2810 -0.3566 0.8910
vn 0.0528 0.8412 0.5381
vn 0.0096 0.5733 0.8193
vn 0.0416 0.6475 0.7609
vn -0.3104 -0.0559 -0.9490
vn -0.3095 -0.0601 -0.9490
vn -0.2230 0.2137 -0.9511
vn -0.3700 0.0493 -0.9277
vn -0.6531 0.3078 -0.6919
vn -0.1911 0.5960 -0.7799
vn -0.2068 0.3060 -0.9293
vn -0.0487 -0.0031 -0.9988
vn 0.1119 -0.1087 -0.9878
vn -0.0181 0.2453 -0.9693
vn 0.0018 0.2503 -0.9682
vn -0.0415 0.0980 -0.9943
vn -0.2087 0.1069 0.9721
vn -0.2481 -0.4709 0.8466
vn -0.3769 -0.0990 0.9209
vn -0.1753 -0.9832 -0.0505
vn -0.1103 -0.9909 -0.0765
vn -0.3058 -0.9415 0.1418
vn -0.0318 0.0208 0.9993
vn -0.1194 -0.0549 0.9913
vn 0.1675 0.0317 0.9854
vn -0.9108 -0.2153 0.3523
vn -0.8127 -0.0281 0.5820
vn -0.8448 -0.2002 0.4962
vn -0.7966 0.1480 0.5862
vn -0.8178 -0.0732 0.5708
vn -0.9046 0.0589 0.4222
vn -0.4086 -0.1974 0.8911
vn -0.2329 -0.3813 0.8947
vn 0.0131 -0.0998 0.9949
vn 0.6525 -0.1157 -0.7489
vn -0.2384 0.9005 0.3637
vn -0.0911 0.9301 0.3558
vn -0.2406 0.8276 0.5072
vn -0.1453 0.9523 0.2685
vn -0.1488 0.9371 0.3156
vn -0.1236 0.6298 0.7668
vn -0.1542 0.8513 0.5016
vn -0.0107 0.6193 0.7851
vn 0.2325 -0.1860 0.9546
vn 0.0992 -0.4434 0.8908
vn 0.4917 -0.3357 0.8035
vn 0.4564 -0.4018 0.7939
vn 0.5150 -0.8455 -0.1411
vn 0.3074 -0.9146 -0.2627
vn 0.2531 -0.9674 -0.0066
vn 0.6716 -0.7296 0.1291
vn 0.1894 -0.4851 0.8537
vn 0.2281 -0.9100 0.3461
vn 0.4521 -0.8829 0.1268
vn 0.7700 -0.3110 0.5571
vn 0.1528 0.8595 -0.4878
vn 0.2465 0.6583 -0.7113
vn 0.2472 0.7457 -0.6188
vn 0.0222 -0.8654 0.5006
vn -0.3096 -0.5502 0.7755
vn 0.0955 -0.6695 0.7366
vn -0.1986 0.2298 0.9528
vn 0.0515 0.6172 0.7851
vn 0.2374 0.0961 0.9667
vn 0.4024 0.8624 0.3071
vn 0.8997 0.3860 0.2037
vn 0.1829 0.8676 0.4624
vn 0.2284 0.6929 0.6840
vn 0.5696 0.1663 0.8049
vn -0.3788 -0.4041 0.8326
vn 0.2536 -0.0871 0.9634
vn 0.0243 -0.2887 0.9571
vn 0.0010 -0.4947 0.8691
vn 0.2246 -0.6153 0.7556
vn 0.0868 -0.6148 0.7839
vn 0.8113 -0.5166 0.2738
vn 0.4824 -0.7702 0.4171
vn 0.5891 -0.4309 0.6836
vn 0.7866 0.6173 0.0130
vn 0.5350 0.8432 -0.0536
vn 0.8707 0.4177 -0.2595
vn 0.2186 0.9159 0.3366
vn 0.3774 0.9211 0.0961
vn 0.1618 0.9868 0.0001
vn 0.4083 -0.8610 0.3032
vn 0.6942 -0.6244 0.3581
vn 0.4886 -0.6115 0.6224
vn -0.5109 -0.1066 0.8530
vn -0.6488 0.0129 0.7609
vn -0.5775 0.0022 0.8164
vn -0.6880 -0.0560 0.7235
vn -0.5954 -0.0394 0.8025
vn -0.5780 -0.2271 -0.7838
vn -0.7483 -0.1746 -0.6399
vn -0.5814 -0.1560 -0.7985
vn -0.8104 -0.1863 -0.5555
vn -0.8055 -0.2436 -0.5402
vn 0.5588 -0.0090 0.8293
vn 0.6053 -0.0357 0.7952
vn 0.8622 -0.2359 -0.4483
vn 0.8502 -0.2136 -0.4811
vn 0.7472 -0.2065 -0.6318
vn -0.7469 -0.2192 0.6277
vn -0.7949 -0.1761 0.5806
vn -0.8448 -0.2848 0.4530
vn -0.7800 -0.2180 0.5865
vn -0.8820 -0.1584 0.4438
vn 0.7521 -0.2085 0.6252
vn 0.8508 -0.2071 0.4830
vn 0.8151 -0.2528 0.5212
vn 0.0594 -0.9924 -0.1079
vn 0.1351 -0.9898 0.0448
vn 0.0153 -0.9903 -0.1378
vn -0.0861 -0.9863 -0.1410
vn 0.2594 0.8918 0.3708
vn 0.3156 0.8713 0.3757
vn -0.0685 0.9216 0.3820
vn -0.0957 -0.9912 0.0911
vn -0.1265 -0.9903 0.0570
vn -0.1236 -0.9905 0.0595
vn -0.4329 -0.9014 -0.0013
vn -0.4612 -0.8605 0.2163
vn -0.5934 -0.8024 -0.0635
vn -0.9229 -0.3673 0.1158
vn -0.6260 -0.4904 0.6063
vn 0.6165 -0.1219 0.7779
vn 0.5836 0.4150 0.6980
vn 0.5096 0.2425 0.8255
vn -0.1289 0.9761 -0.1749
vn -0.1864 0.9825 0.0009
vn -0.1469 0.9890 0.0160
vn -0.8889 0.3996 0.2239
vn -0.5258 0.1649 0.8345
vn -0.1429 0.7668 0.6257
vn -0.2828 0.4874 0.8261
vn -0.4965 -0.6410 0.5853
vn 0.1364 -0.3520 0.9260
vn -0.7719 -0.3676 0.5187
vn -0.6644 -0.7066 0.2437
vn -0.9370 -0.3449 0.0554
vn -0.2389 -0.9630 0.1251
vn -0.3105 -0.8498 0.4259
vn -0.4562 -0.8616 0.2224
vn -0.6189 0.7794 0.0976
vn -0.1796 0.9264 0.3311
vn -0.3799 0.8024 0.4603
vn 0.9783 -0.1815 -0.0996
vn 0.9884 -0.1480 0.0340
vn 0.9817 -0.1841 0.0483
vn 0.9317 -0.3518 -0.0906
vn 0.9177 -0.3905 -0.0722
vn -0.2258 0.9556 0.1895
vn -0.2791 0.7811 0.5586
vn -0.4512 0.8092 0.3763
vn 0.2522 -0.8813 -0.3997
vn 0.6596 -0.5934 -0.4613
vn 0.3241 -0.5964 -0.7344
vn -0.7522 -0.5092 -0.4183
vn -0.6665 -0.3623 -0.6515
vn -0.8727 -0.2904 -0.3924
vn -0.9994 -0.0281 -0.0199
vn -0.9957 -0.0902 0.0194
vn -0.9931 -0.0861 -0.0792
vn -0.9971 0.0710 0.0259
vn -0.9968 -0.0064 0.0795
vn 0.8774 0.0998 0.4692
vn 0.8696 0.2988 0.3932
vn 0.9474 0.0217 0.3192
vn -0.0933 0.4203 0.9026
vn 0.2801 0.3958 0.8746
vn 0.1032 0.1270 0.9865
vn 0.9993 -0.0296 -0.0244
vn 0.9981 -0.0235 0.0576
vn 0.9993 0.0366 -0.0010
vn 0.9947 -0.0980 0.0324
vn 0.9853 -0.1321 -0.1083
vn -0.9740 0.1857 0.1296
vn -0.9967 -0.0747 0.0311
vn -0.9817 0.0406 0.1861
vn 0.0267 -0.9821 0.1863
vn -0.3286 -0.9357 0.1287
vn -0.1715 -0.9190 0.3549
vn 0.8609 -0.4007 -0.3134
vn 0.6217 -0.5060 -0.5979
vn 0.6659 -0.6884 -0.2875
vn -0.7626 -0.5674 -0.3106
vn -0.4059 -0.8853 -0.2271
vn -0.4171 -0.6460 -0.6393
vn -0.9189 -0.3835 -0.0925
vn -0.9718 -0.1866 -0.1443
vn -0.9853 -0.1695 -0.0214
vn 0.1013 0.8936 0.4372
vn 0.2878 0.8061 0.5171
vn 0.4718 0.8059 0.3577
vn 0.9587 0.0443 0.2811
vn 0.8096 -0.1367 0.5708
vn 0.9151 -0.3058 0.2630
vn -0.8521 -0.1966 0.4850
vn -0.8108 0.1483 0.5662
vn -0.5599 -0.0361 0.8278
vn -0.3036 -0.8904 0.3392
vn -0.1226 -0.8167 0.5639
vn 0.0101 -0.9602 0.2792
vn 0.8244 0.5461 -0.1492
vn 0.8293 0.5530 -0.0810
vn 0.8431 0.5376 -0.0103
vn 0.0433 0.5743 0.8175
vn -0.0020 0.6320 0.7750
vn -0.0510 0.5746 0.8169
vn -0.8429 0.5377 -0.0197
vn -0.8231 0.5441 -0.1629
vn -0.8248 0.5590 -0.0853
vn -0.0123 0.8265 -0.5628
vn 0.2486 0.6999 -0.6696
vn 0.1059 0.6731 -0.7319
vn 0.1531 0.8652 -0.4775
vn 0.1798 0.9625 -0.2032
vn 0.3276 0.8691 -0.3706
vn -0.0043 0.9462 -0.3234
vn -0.1790 0.9649 -0.1923
vn -0.1716 0.8673 -0.4673
vn -0.3362 0.8713 -0.3574
vn -0.4938 0.8386 -0.2298
vn -0.4484 0.7048 -0.5498
vn -0.6106 0.6825 -0.4017
vn -0.6616 0.5349 -0.5255
vn -0.7671 0.5419 -0.3434
vn -0.7386 0.6305 -0.2385
vn -0.5366 0.6662 -0.5179
vn -0.6190 0.6935 -0.3686
vn -0.7011 0.5631 -0.4375
vn -0.7733 0.5989 -0.2082
vn -0.6777 0.7109 -0.1879
vn -0.7855 0.6188 -0.0063
vn -0.7039 0.7100 -0.0220
vn -0.7686 0.6296 0.1137
vn -0.7016 0.7080 0.0804
vn -0.6629 0.7095 0.2390
vn -0.7794 0.5671 0.2662
vn -0.8353 0.5394 0.1065
vn -0.6677 0.7246 0.1707
vn -0.7712 0.6356 0.0350
vn -0.5037 0.8625 0.0485
vn -0.6388 0.7636 -0.0935
vn -0.3199 0.9195 0.2282
vn -0.1613 0.9826 0.0921
vn -0.3445 0.9360 -0.0730
vn -0.0010 0.9676 0.2523
vn 0.1705 0.9816 0.0864
vn 0.0005 0.9989 -0.0471
vn 0.3286 0.9193 0.2168
vn 0.5071 0.8607 0.0451
vn 0.3508 0.9330 -0.0807
vn 0.6456 0.7571 -0.0995
vn 0.4947 0.8351 -0.2407
vn 0.7429 0.6253 -0.2391
vn 0.6103 0.6796 -0.4070
vn 0.6620 0.5345 -0.5254
vn 0.4955 0.5231 -0.6935
vn 0.4349 0.7042 -0.5612
vn 0.4348 0.6511 -0.6221
vn 0.2770 0.6625 -0.6960
vn 0.2914 0.5073 -0.8110
vn 0.0966 0.6845 -0.7226
vn 0.0868 0.4939 -0.8652
vn -0.0763 0.6950 -0.7149
vn -0.1051 0.4967 -0.8616
vn -0.3050 0.5110 -0.8037
vn -0.2687 0.6994 -0.6623
vn -0.1365 0.6729 -0.7270
vn -0.2644 0.6844 -0.6795
vn -0.4401 0.6640 -0.6045
vn -0.5021 0.5250 -0.6872
vn -0.3221 0.5832 -0.7457
vn -0.5212 0.5463 -0.6557
vn -0.5749 0.2978 -0.7621
vn -0.7025 0.3111 -0.6401
vn -0.6062 0.5371 -0.5866
vn -0.7401 0.1273 -0.6603
vn -0.8679 0.1401 -0.4766
vn -0.8163 0.3253 -0.4774
vn -0.9552 0.1964 -0.2212
vn -0.9012 0.3729 -0.2208
vn -0.9665 0.2462 0.0720
vn -0.9049 0.4248 0.0286
vn -0.9367 0.2523 0.2429
vn -0.8869 0.4202 0.1921
vn -0.8621 0.2445 0.4438
vn -0.8193 0.4136 0.3972
vn -0.6960 0.4248 0.5789
vn -0.5827 0.6511 0.4863
vn -0.7035 0.6440 0.3007
vn -0.4173 0.6598 0.6249
vn -0.3911 0.6987 0.5991
vn -0.5605 0.7078 0.4300
vn -0.4045 0.6164 0.6756
vn -0.6334 0.6058 0.4814
vn -0.2683 0.7815 0.5632
vn -0.4872 0.7926 0.3667
vn -0.1045 0.7142 0.6921
vn 0.0001 0.8290 0.5592
vn -0.1360 0.9029 0.4078
vn 0.1008 0.7137 0.6932
vn 0.2634 0.7812 0.5661
vn 0.1366 0.9027 0.4081
vn 0.3915 0.6135 0.6858
vn 0.6268 0.6059 0.4899
vn 0.4919 0.7905 0.3649
vn 0.7726 0.5696 0.2806
vn 0.6708 0.7209 0.1743
vn 0.8341 0.5396 0.1145
vn 0.7760 0.6296 0.0383
vn 0.6575 0.7102 0.2517
vn 0.7006 0.7082 0.0876
vn 0.7657 0.6307 0.1264
vn 0.7853 0.6191 0.0025
vn 0.7036 0.7105 -0.0105
vn 0.7770 0.5993 -0.1925
vn 0.6810 0.7118 -0.1722
vn 0.7099 0.5639 -0.4219
vn 0.6244 0.6949 -0.3567
vn 0.6094 0.5318 -0.5881
vn 0.5413 0.6651 -0.5144
vn 0.7148 0.2870 -0.6377
vn 0.5806 0.2853 -0.7626
vn 0.5149 0.5306 -0.6733
vn 0.3963 0.2908 -0.8709
vn 0.3567 0.5538 -0.7524
vn 0.1613 0.3093 -0.9372
vn 0.1468 0.5907 -0.7934
vn -0.1035 0.3099 -0.9451
vn -0.0865 0.6047 -0.7917
vn -0.0984 0.0225 -0.9949
vn -0.3328 0.0342 -0.9424
vn -0.3572 0.2977 -0.8853
vn -0.3180 -0.1241 -0.9399
vn -0.5491 -0.0603 -0.8336
vn -0.5643 0.0947 -0.8202
vn -0.5495 -0.1564 -0.8208
vn -0.7408 -0.0648 -0.6686
vn -0.7465 0.0090 -0.6653
vn -0.8848 0.0359 -0.4645
vn -0.8839 0.0548 -0.4645
vn -0.9497 0.1549 -0.2723
vn -0.9642 0.1288 -0.2320
vn -0.9649 0.2543 0.0651
vn -0.9840 0.1430 0.1067
vn -0.9366 0.2852 0.2036
vn -0.9551 0.1707 0.2421
vn -0.8572 0.2727 0.4369
vn -0.8667 0.2171 0.4490
vn -0.7276 0.2239 0.6484
vn -0.7442 0.1789 0.6435
vn -0.6170 0.1969 0.7619
vn -0.5943 0.2769 0.7551
vn -0.7438 0.2452 0.6218
vn -0.4067 0.3310 0.8515
vn -0.3465 0.4920 0.7987
vn -0.5305 0.4481 0.7195
vn -0.1327 0.5315 0.8366
vn -0.0808 0.6955 0.7139
vn -0.2429 0.6730 0.6986
vn -0.0547 0.6928 0.7191
vn -0.2060 0.6900 0.6939
vn 0.0718 0.6973 0.7132
vn 0.0478 0.6928 0.7196
vn 0.2352 0.6743 0.7000
vn 0.1971 0.6905 0.6960
vn 0.4039 0.6601 0.6334
vn 0.3762 0.6989 0.6083
vn 0.5718 0.6510 0.4993
vn 0.5493 0.7085 0.4431
vn 0.6864 0.4242 0.5907
vn 0.8130 0.4095 0.4139
vn 0.6980 0.6433 0.3145
vn 0.8530 0.2448 0.4609
vn 0.9332 0.2475 0.2603
vn 0.8868 0.4104 0.2123
vn 0.9679 0.2351 0.0884
vn 0.9073 0.4184 0.0408
vn 0.9601 0.1882 -0.2067
vn 0.9074 0.3666 -0.2053
vn 0.8782 0.1257 -0.4614
vn 0.8302 0.3096 -0.4636
vn 0.8881 0.0517 -0.4568
vn 0.7518 0.0037 -0.6594
vn 0.7493 0.1052 -0.6538
vn 0.5578 -0.0551 -0.8282
vn 0.5732 0.0787 -0.8156
vn 0.3206 -0.1182 -0.9398
vn 0.3522 0.0531 -0.9344
vn 0.0961 -0.1491 -0.9841
vn 0.1211 0.0307 -0.9922
vn 0.1014 -0.2119 -0.9720
vn -0.1054 -0.2187 -0.9701
vn -0.0966 -0.1560 -0.9830
vn -0.1280 -0.1512 -0.9802
vn -0.3209 -0.1714 -0.9315
vn -0.3156 -0.2070 -0.9260
vn -0.3238 0.1804 -0.9288
vn -0.6037 0.1807 -0.7764
vn -0.5709 -0.1277 -0.8110
vn -0.6858 0.1519 -0.7118
vn -0.7274 -0.0800 -0.6815
vn -0.7684 0.3356 -0.5449
vn -0.8728 0.0756 -0.4822
vn -0.7362 0.4933 -0.4633
vn -0.8987 0.2624 -0.3514
vn -0.6585 0.7313 -0.1773
vn -0.8329 0.5494 -0.0666
vn -0.6489 0.7560 0.0859
vn -0.8098 0.5711 0.1347
vn -0.6873 0.6674 0.2866
vn -0.8033 0.4583 0.3803
vn -0.4879 0.7734 0.4048
vn -0.6487 0.5014 0.5725
vn -0.3357 0.8210 0.4617
vn -0.5307 0.5261 0.6646
vn -0.3585 0.6547 0.6654
vn -0.3983 0.4410 0.8043
vn -0.6190 0.2239 0.7528
vn -0.1651 0.6564 0.7361
vn -0.1848 0.4610 0.8679
vn -0.4138 0.2902 0.8629
vn 0.1725 0.4701 0.8656
vn 0.1604 0.3823 0.9100
vn -0.1719 0.3770 0.9101
vn 0.3974 0.3381 0.8531
vn 0.3402 0.4920 0.8014
vn 0.1219 0.5318 0.8381
vn 0.5844 0.2789 0.7620
vn 0.5189 0.4502 0.7267
vn 0.6053 0.2041 0.7694
vn 0.7366 0.1743 0.6534
vn 0.7340 0.2450 0.6334
vn 0.7254 0.2146 0.6540
vn 0.8499 0.2522 0.4627
vn 0.8567 0.2125 0.4700
vn 0.9197 0.3309 0.2114
vn 0.9515 0.1660 0.2591
vn 0.9300 0.3652 0.0407
vn 0.9825 0.1428 0.1198
vn 0.9275 0.2175 -0.3041
vn 0.9619 0.1427 -0.2333
vn 0.8502 0.3445 -0.3980
vn 0.8608 0.1215 -0.4942
vn 0.8856 0.0380 -0.4628
vn 0.7319 -0.0288 -0.6808
vn 0.7466 -0.0496 -0.6634
vn 0.5786 -0.0553 -0.8137
vn 0.5560 -0.1317 -0.8207
vn 0.3190 -0.1366 -0.9378
vn 0.3180 -0.1864 -0.9296
vn 0.3096 0.2688 -0.9121
vn 0.1507 0.2074 -0.9666
vn 0.1259 -0.1551 -0.9798
vn 0.1346 0.5495 -0.8246
vn -0.1396 0.4908 -0.8600
vn -0.1493 0.1653 -0.9749
vn -0.1146 0.6081 -0.7855
vn -0.2561 0.6589 -0.7073
vn -0.2800 0.5441 -0.7909
vn -0.4277 0.7588 -0.4913
vn -0.5111 0.6289 -0.5859
vn -0.3798 0.7785 -0.4998
vn -0.5058 0.6018 -0.6180
vn -0.4243 0.7308 -0.5348
vn -0.5690 0.6040 -0.5581
vn -0.4895 0.7024 -0.5167
vn -0.5692 0.6418 -0.5140
vn -0.6353 0.7395 -0.2227
vn -0.5649 0.7910 -0.2348
vn -0.6058 0.7895 0.0984
vn -0.5439 0.8366 0.0649
vn -0.5638 0.8014 0.1997
vn -0.5687 0.7970 0.2034
vn -0.4491 0.8282 0.3353
vn -0.4190 0.8486 0.3231
vn -0.2771 0.8788 0.3886
vn -0.2550 0.8922 0.3728
vn -0.2498 0.8177 0.5186
vn -0.2525 0.8541 0.4547
vn -0.1033 0.7649 0.6359
vn -0.1155 0.8014 0.5869
vn -0.2913 0.8123 0.5053
vn 0.1075 0.7974 0.5938
vn 0.1299 0.7589 0.6381
vn -0.1377 0.7652 0.6290
vn 0.3654 0.6148 0.6989
vn 0.3921 0.4189 0.8190
vn 0.1576 0.6377 0.7540
vn 0.5314 0.4734 0.7025
vn 0.6027 0.2268 0.7651
vn 0.3631 0.7727 0.5207
vn 0.5340 0.7143 0.4524
vn 0.6704 0.4441 0.5944
vn 0.6882 0.6563 0.3093
vn 0.8066 0.4214 0.4145
vn 0.6222 0.7766 0.0989
vn 0.7817 0.6069 0.1435
vn 0.5882 0.7861 -0.1898
vn 0.7526 0.6513 -0.0970
vn 0.5850 0.7837 -0.2088
vn 0.5214 0.6813 -0.5138
vn 0.6412 0.5852 -0.4963
vn 0.4961 0.6746 -0.5467
vn 0.6978 0.4523 -0.5554
vn 0.4581 0.6736 -0.5800
vn 0.6643 0.2660 -0.6986
vn 0.4873 0.6794 -0.5485
vn 0.5946 0.2919 -0.7492
vn 0.4207 0.7583 -0.4980
vn 0.2620 0.6548 -0.7089
vn 0.2627 0.6088 -0.7486
vn 0.2849 0.5782 -0.7645
vn 0.1032 0.5231 -0.8460
vn 0.1125 0.6092 -0.7850
vn 0.1009 0.3374 -0.9359
vn -0.0982 0.3472 -0.9326
vn -0.1017 0.5365 -0.8378
vn -0.2988 0.4615 -0.8353
vn -0.2739 0.6067 -0.7463
vn -0.4596 0.6076 -0.6478
vn -0.4272 0.7185 -0.5489
vn -0.4577 0.7125 -0.5318
vn -0.3880 0.7838 -0.4849
vn -0.4968 0.6779 -0.5418
vn -0.4143 0.7382 -0.5324
vn -0.7172 0.5468 -0.4320
vn -0.5668 0.6630 -0.4891
vn -0.8942 0.4397 -0.0843
vn -0.7540 0.6338 -0.1725
vn -0.8645 0.4558 0.2117
vn -0.7337 0.6624 0.1516
vn -0.7762 0.5177 0.3599
vn -0.6568 0.7056 0.2659
vn -0.6646 0.5605 0.4941
vn -0.5487 0.7304 0.4066
vn -0.4805 0.6267 0.6135
vn -0.3550 0.8105 0.4659
vn -0.2926 0.4791 0.8276
vn -0.2660 0.7076 0.6546
vn -0.1030 0.1730 0.9795
vn -0.1053 0.4165 0.9030
vn 0.0913 0.4578 0.8844
vn 0.0917 0.6569 0.7484
vn -0.1014 0.6432 0.7589
vn 0.2409 0.8287 0.5051
vn 0.2490 0.8572 0.4507
vn 0.0956 0.7665 0.6351
vn 0.2603 0.8884 0.3781
vn 0.2529 0.8895 0.3806
vn 0.4265 0.8412 0.3325
vn 0.4244 0.8381 0.3427
vn 0.5552 0.8053 0.2079
vn 0.5609 0.8000 0.2129
vn 0.6446 0.7528 0.1337
vn 0.5545 0.8275 0.0886
vn 0.7853 0.5869 0.1973
vn 0.8572 0.5068 -0.0912
vn 0.7046 0.6888 -0.1705
vn 0.6571 0.6026 -0.4528
vn 0.5467 0.6756 -0.4946
vn 0.4513 0.7099 -0.5408
vn 0.4198 0.7333 -0.5349
vn 0.4137 0.7615 -0.4989
vn 0.3712 0.7901 -0.4878
vn 0.5035 0.6582 -0.5597
vn 0.4686 0.5627 -0.6810
vn 0.4337 0.6880 -0.5818
vn 0.5349 0.2765 -0.7984
vn 0.3246 0.1696 -0.9305
vn 0.3049 0.4408 -0.8442
vn 0.3209 -0.1663 -0.9324
vn 0.0867 -0.2147 -0.9728
vn 0.0966 0.0883 -0.9914
vn -0.0837 -0.2031 -0.9756
vn -0.0927 0.1204 -0.9884
vn -0.3158 -0.1217 -0.9410
vn -0.3135 0.2547 -0.9148
vn -0.5675 -0.0418 -0.8223
vn -0.5249 0.3681 -0.7675
vn -0.7290 0.0638 -0.6816
vn -0.6139 0.4653 -0.6376
vn -0.8817 0.0614 -0.4677
vn -0.6966 0.4642 -0.5470
vn -0.9881 -0.0704 -0.1370
vn -0.9002 0.2978 -0.3178
vn -0.9879 -0.1113 0.1077
vn -0.9853 0.1698 0.0201
vn -0.9549 -0.0077 0.2967
vn -0.9421 0.2050 0.2653
vn -0.8765 0.0265 0.4807
vn -0.8584 0.2684 0.4371
vn -0.7846 -0.0125 0.6199
vn -0.7556 0.3175 0.5729
vn -0.5983 -0.1027 0.7947
vn -0.5844 0.2908 0.7576
vn -0.2711 -0.2530 0.9287
vn -0.3026 0.1150 0.9462
vn -0.0802 -0.3908 0.9170
vn -0.0943 -0.1306 0.9869
vn 0.0702 -0.4014 0.9132
vn 0.0810 -0.1377 0.9872
vn 0.2965 0.1377 0.9451
vn 0.2890 0.4837 0.8261
vn 0.0885 0.1679 0.9818
vn 0.4567 0.6464 0.6112
vn 0.3347 0.8225 0.4598
vn 0.2608 0.7148 0.6489
vn 0.6351 0.5948 0.4928
vn 0.5064 0.7695 0.3890
vn 0.7727 0.5189 0.3657
vn 0.6431 0.7169 0.2691
vn 0.8578 0.2479 0.4503
vn 0.9451 0.1360 0.2972
vn 0.8912 0.3778 0.2509
vn 0.9963 0.0082 0.0861
vn 0.9571 0.2896 -0.0048
vn 0.9700 0.1055 -0.2189
vn 0.8289 0.4207 -0.3687
vn 0.7858 0.3126 -0.5337
vn 0.5755 0.6036 -0.5518
vn 0.8988 -0.1681 -0.4049
vn 0.7495 -0.1696 -0.6399
vn 0.6615 0.3625 -0.6565
vn 0.6357 -0.6353 -0.4385
vn 0.4676 -0.6052 -0.6443
vn 0.5590 -0.1653 -0.8125
vn 0.2784 -0.9054 -0.3206
vn 0.1846 -0.8532 -0.4879
vn 0.2663 -0.5963 -0.7573
vn 0.0475 -0.8115 -0.5824
vn 0.0690 -0.5724 -0.8171
vn -0.0455 -0.7978 -0.6011
vn -0.0669 -0.5352 -0.8421
vn -0.1889 -0.8343 -0.5180
vn -0.2767 -0.5032 -0.8187
vn -0.3287 -0.8602 -0.3899
vn -0.5034 -0.5261 -0.6854
vn -0.4161 -0.8842 -0.2124
vn -0.6600 -0.5491 -0.5127
vn -0.5547 -0.8309 0.0441
vn -0.8332 -0.5093 -0.2153
vn -0.6680 -0.7097 0.2237
vn -0.8774 -0.4729 0.0813
vn -0.7578 -0.6148 0.2187
vn -0.9009 -0.3958 0.1779
vn -0.8083 -0.4983 0.3136
vn -0.9175 -0.2439 0.3143
vn -0.7398 -0.4604 0.4906
vn -0.8396 -0.2093 0.5012
vn -0.6436 -0.5149 0.5663
vn -0.7369 -0.2888 0.6113
vn -0.4378 -0.6250 0.6462
vn -0.5338 -0.4076 0.7409
vn -0.1773 -0.6905 0.7013
vn -0.2256 -0.5096 0.8303
vn -0.0526 -0.6915 0.7205
vn -0.0648 -0.5731 0.8169
vn 0.0503 -0.6914 0.7207
vn 0.0585 -0.5879 0.8068
vn 0.1713 -0.6887 0.7046
vn 0.2157 -0.5257 0.8228
vn 0.5179 -0.4044 0.7538
vn 0.5822 -0.0483 0.8116
vn 0.2684 -0.2349 0.9342
vn 0.7783 0.0414 0.6265
vn 0.7392 0.3410 0.5808
vn 0.5557 0.3624 0.7482
vn 0.7318 -0.2812 0.6208
vn 0.8274 -0.2452 0.5053
vn 0.8707 0.0009 0.4919
vn 0.8764 -0.3426 0.3386
vn 0.9375 -0.1138 0.3288
vn 0.8257 -0.5261 0.2034
vn 0.9418 -0.2945 0.1619
vn 0.8011 -0.5784 0.1539
vn 0.9619 -0.2725 -0.0227
vn 0.5034 -0.8109 0.2984
vn 0.4517 -0.8868 0.0974
vn 0.7592 -0.6309 -0.1599
vn 0.1538 -0.9486 0.2765
vn 0.0873 -0.9870 0.1350
vn 0.3754 -0.9160 -0.1415
vn -0.1219 -0.9394 0.3205
vn -0.0461 -0.9736 0.2233
vn 0.0841 -0.9965 0.0034
vn 0.0177 -0.9962 0.0850
vn 0.0853 -0.9838 -0.1574
vn 0.0027 -0.9997 -0.0258
vn 0.0219 -0.9603 -0.2782
vn -0.0023 -0.9988 -0.0496
vn -0.0220 -0.9529 -0.3025
vn -0.0338 -0.9989 0.0314
vn -0.1058 -0.9686 -0.2250
vn 0.0097 -0.9858 0.1678
vn -0.1420 -0.9860 -0.0875
vn 0.0707 -0.9599 0.2715
vn -0.1631 -0.9851 0.0540
vn 0.0013 -0.9363 0.3512
vn -0.2509 -0.9398 0.2320
vn -0.1801 -0.9134 0.3650
vn -0.3849 -0.8626 0.3283
vn -0.4066 -0.8823 0.2372
vn -0.5836 -0.7765 0.2376
vn -0.5215 -0.8120 0.2621
vn -0.6773 -0.6743 0.2944
vn -0.4654 -0.7891 0.4009
vn -0.6162 -0.6424 0.4556
vn -0.3866 -0.8231 0.4159
vn -0.5202 -0.6942 0.4975
vn -0.2559 -0.8577 0.4460
vn -0.3408 -0.7673 0.5431
vn -0.1099 -0.8592 0.4997
vn -0.1401 -0.7926 0.5935
vn -0.0339 -0.8479 0.5292
vn -0.0426 -0.7851 0.6179
vn 0.0343 -0.8504 0.5250
vn 0.0419 -0.7839 0.6194
vn 0.1052 -0.8636 0.4930
vn 0.1363 -0.7905 0.5971
vn 0.2536 -0.8512 0.4595
vn 0.3345 -0.7617 0.5548
vn 0.5088 -0.7008 0.5001
vn 0.6362 -0.5140 0.5753
vn 0.4245 -0.6246 0.6555
vn 0.5818 -0.6792 0.4474
vn 0.7333 -0.4689 0.4923
vn 0.6080 -0.7354 0.2991
vn 0.7700 -0.5472 0.3281
vn 0.4909 -0.8401 0.2307
vn 0.6698 -0.7078 0.2245
vn 0.3105 -0.9240 0.2233
vn 0.0884 -0.9233 0.3738
vn 0.2803 -0.8933 0.3514
vn -0.0969 -0.9196 0.3808
vn -0.2327 -0.8739 0.4268
vn -0.0749 -0.9234 0.3765
vn -0.3808 -0.7998 0.4640
vn -0.3554 -0.7793 0.5162
vn -0.2423 -0.8724 0.4246
vn -0.2286 -0.8167 0.5298
vn -0.1442 -0.9091 0.3908
vn -0.0795 -0.8789 0.4703
vn -0.0351 -0.9565 0.2895
vn -0.0232 -0.9301 0.3665
vn -0.0116 -0.9844 0.1754
vn 0.0216 -0.9358 0.3518
vn 0.0124 -0.9852 0.1709
vn 0.0723 -0.8941 0.4420
vn 0.0291 -0.9644 0.2627
vn 0.2121 -0.8313 0.5138
vn 0.1198 -0.9265 0.3568
vn 0.3288 -0.8061 0.4920
vn 0.2070 -0.8961 0.3926
vn 0.3110 -0.8388 0.4469
vn 0.1674 -0.8972 0.4086
vn 0.1781 -0.9074 0.3807
vn 0.0074 -0.9248 0.3804
vn -0.0213 -0.9787 0.2043
vn -0.2047 -0.9524 0.2260
vn -0.1676 -0.9724 0.1621
vn -0.3416 -0.9148 0.2156
vn -0.1578 -0.9523 0.2613
vn -0.3189 -0.8850 0.3391
vn -0.1464 -0.9562 0.2534
vn -0.2710 -0.8999 0.3417
vn -0.1112 -0.9585 0.2624
vn -0.1857 -0.9143 0.3599
vn -0.0564 -0.9482 0.3127
vn -0.0830 -0.9084 0.4098
vn -0.0210 -0.9327 0.3600
vn -0.0269 -0.8948 0.4456
vn 0.0264 -0.9320 0.3616
vn 0.0296 -0.8967 0.4416
vn 0.0593 -0.9457 0.3196
vn 0.0801 -0.9117 0.4029
vn 0.1083 -0.9590 0.2621
vn 0.1698 -0.9212 0.3501
vn 0.1270 -0.9617 0.2428
vn 0.2474 -0.9113 0.3290
vn 0.2828 -0.9020 0.3262
vn 0.4456 -0.8027 0.3964
vn 0.3891 -0.8177 0.4242
vn 0.2838 -0.9357 0.2095
vn 0.4557 -0.8513 0.2599
vn 0.0869 -0.9854 0.1464
vn -0.0722 -0.9818 0.1756
vn 0.1226 -0.9712 0.2041
vn -0.2616 -0.9552 0.1387
vn -0.4349 -0.8294 0.3506
vn -0.2604 -0.8908 0.3723
vn -0.6278 -0.7150 0.3075
vn -0.6759 -0.5452 0.4959
vn -0.5150 -0.7056 0.4867
vn -0.5720 -0.4778 0.6667
vn -0.4635 -0.6567 0.5948
vn -0.3684 -0.5193 0.7711
vn -0.2981 -0.6988 0.6502
vn -0.1402 -0.6337 0.7607
vn -0.1091 -0.7845 0.6104
vn -0.0330 -0.7360 0.6762
vn -0.0288 -0.8514 0.5237
vn 0.0288 -0.7469 0.6643
vn 0.0272 -0.8537 0.5200
vn 0.1326 -0.6570 0.7421
vn 0.1076 -0.7913 0.6019
vn 0.3449 -0.5652 0.7494
vn 0.2810 -0.7185 0.6362
vn 0.5435 -0.5230 0.6565
vn 0.4394 -0.6888 0.5767
vn 0.6379 -0.5907 0.4942
vn 0.4764 -0.7362 0.4807
vn 0.5515 -0.7652 0.3321
vn 0.3568 -0.8596 0.3658
vn 0.3672 -0.9209 0.1309
vn 0.1621 -0.9713 0.1740
vn 0.2048 -0.9784 0.0279
vn 0.0150 -0.9949 0.1001
vn 0.1761 -0.9818 0.0709
vn -0.0007 -0.9844 0.1762
vn 0.1284 -0.9914 0.0256
vn -0.0218 -0.9875 0.1562
vn 0.0422 -0.9987 0.0269
vn -0.0412 -0.9859 0.1620
vn -0.0048 -0.9953 0.0964
vn -0.0325 -0.9760 0.2152
vn -0.0061 -0.9893 0.1460
vn -0.0137 -0.9666 0.2561
vn 0.0150 -0.9894 0.1444
vn 0.0206 -0.9665 0.2560
vn 0.0124 -0.9952 0.0973
vn 0.0346 -0.9768 0.2115
vn -0.0357 -0.9988 0.0322
vn 0.0385 -0.9869 0.1566
vn -0.1288 -0.9912 0.0309
vn 0.0073 -0.9890 0.1476
vn -0.2086 -0.9763 0.0567
vn -0.0368 -0.9863 0.1609
vn -0.2815 -0.9596 0.0033
vn -0.0809 -0.9933 0.0830
vn -0.4727 -0.8777 -0.0785
vn -0.6484 -0.7601 0.0426
vn -0.4579 -0.8841 0.0929
vn -0.7976 -0.6031 -0.0101
vn -0.8307 -0.5157 0.2095
vn -0.8175 -0.5249 0.2372
vn -0.7252 -0.4989 0.4745
vn -0.8046 -0.3525 0.4778
vn -0.5864 -0.4328 0.6847
vn -0.6503 -0.2730 0.7089
vn -0.4015 -0.3194 0.8584
vn -0.4253 -0.2691 0.8641
vn -0.1631 -0.2296 0.9595
vn -0.1636 -0.4149 0.8950
vn -0.0329 -0.3682 0.9291
vn -0.0325 -0.5805 0.8136
vn 0.0287 -0.3855 0.9223
vn 0.0282 -0.6113 0.7909
vn 0.1616 -0.2593 0.9522
vn 0.1526 -0.4673 0.8708
vn 0.4016 -0.3063 0.8631
vn 0.4100 -0.3200 0.8541
vn 0.5860 -0.3905 0.7100
vn 0.6290 -0.2957 0.7190
vn 0.7495 -0.4567 0.4792
vn 0.7889 -0.3753 0.4866
vn 0.8240 -0.5224 0.2192
vn 0.7538 -0.5993 0.2696
vn 0.7750 -0.6317 0.0191
vn 0.5771 -0.8129 0.0783
vn 0.6395 -0.7530 -0.1549
vn 0.4147 -0.9081 -0.0578
vn 0.5966 -0.7698 -0.2270
vn 0.3728 -0.9261 -0.0582
vn 0.5420 -0.7601 -0.3584
vn 0.3314 -0.9301 -0.1585
vn 0.2997 -0.8434 -0.4459
vn 0.1575 -0.9693 -0.1890
vn 0.0818 -0.9416 -0.3268
vn 0.0291 -0.9978 -0.0601
vn 0.0170 -0.9841 -0.1765
vn 0.0044 -1.0000 0.0057
vn -0.0005 -0.9819 -0.1895
vn 0.0078 -1.0000 0.0001
vn -0.0676 -0.9322 -0.3556
vn -0.0194 -0.9973 -0.0715
vn -0.3240 -0.8139 -0.4822
vn -0.1467 -0.9739 -0.1733
vn -0.5662 -0.7353 -0.3725
vn -0.3168 -0.9384 -0.1381
vn -0.6178 -0.7487 -0.2405
vn -0.3971 -0.9150 -0.0716
vn -0.6628 -0.6944 -0.2803
vn -0.6849 -0.7084 -0.1705
vn -0.6738 -0.7197 -0.1672
vn -0.3566 -0.9336 -0.0338
vn -0.3730 -0.9256 0.0640
vn -0.6538 -0.7566 0.0092
vn -0.3654 -0.8954 0.2545
vn -0.5164 -0.8164 0.2585
vn -0.3669 -0.8457 0.3875
vn -0.4077 -0.8135 0.4147
vn -0.3186 -0.8129 0.4875
vn -0.3505 -0.7846 0.5114
vn -0.2129 -0.7880 0.5777
vn -0.2412 -0.7417 0.6259
vn -0.0871 -0.7571 0.6474
vn -0.1021 -0.5991 0.7941
vn -0.0222 -0.7325 0.6804
vn -0.0251 -0.4229 0.9058
vn 0.0198 -0.7330 0.6799
vn 0.0256 -0.4061 0.9135
vn 0.0846 -0.7549 0.6503
vn 0.1067 -0.5599 0.8216
vn 0.2182 -0.7865 0.5778
vn 0.2555 -0.7162 0.6495
vn 0.3225 -0.8143 0.4827
vn 0.3496 -0.7829 0.5147
vn 0.3663 -0.8486 0.3818
vn 0.4040 -0.8193 0.4069
vn 0.3676 -0.8938 0.2569
vn 0.5267 -0.8104 0.2564
vn 0.3349 -0.9386 0.0827
vn 0.6691 -0.7424 0.0335
vn 0.3180 -0.9476 -0.0298
vn 0.6801 -0.7112 -0.1779
vn 0.3067 -0.9515 -0.0243
vn 0.6270 -0.7365 -0.2540
vn 0.2209 -0.9728 -0.0691
vn 0.4986 -0.8049 -0.3219
vn 0.1263 -0.9792 -0.1586
vn 0.3479 -0.7913 -0.5027
vn 0.0535 -0.9453 -0.3217
vn 0.1235 -0.8163 -0.5643
vn 0.0376 -0.8904 -0.4537
vn 0.0335 -0.8830 -0.4681
vn -0.0085 -0.8858 -0.4640
vn -0.0108 -0.8771 -0.4802
vn -0.0271 -0.9390 -0.3429
vn -0.1122 -0.7924 -0.5996
vn -0.1148 -0.9803 -0.1609
vn -0.3693 -0.7452 -0.5552
vn -0.2351 -0.9691 -0.0747
vn -0.5575 -0.7481 -0.3599
vn -0.1782 -0.9825 -0.0544
vn -0.2533 -0.9672 -0.0209
vn -0.3294 -0.9434 -0.0377
vn -0.1915 -0.9812 -0.0236
vn -0.2134 -0.9770 -0.0033
vn -0.2892 -0.9572 -0.0158
vn -0.2263 -0.9725 0.0548
vn -0.3190 -0.9459 0.0589
vn -0.2255 -0.9612 0.1588
vn -0.3338 -0.9186 0.2115
vn -0.2056 -0.9443 0.2569
vn -0.3248 -0.8818 0.3421
vn -0.1680 -0.9262 0.3376
vn -0.2744 -0.8532 0.4435
vn -0.1132 -0.9102 0.3984
vn -0.1855 -0.8283 0.5287
vn -0.0602 -0.8967 0.4386
vn -0.0868 -0.8033 0.5892
vn -0.0177 -0.8890 0.4575
vn -0.0268 -0.7890 0.6138
vn 0.0204 -0.8892 0.4570
vn 0.0246 -0.7888 0.6142
vn 0.0635 -0.8969 0.4376
vn 0.0848 -0.8039 0.5887
vn 0.1219 -0.9102 0.3959
vn 0.1907 -0.8287 0.5262
vn 0.1847 -0.9259 0.3296
vn 0.2844 -0.8530 0.4376
vn 0.2232 -0.9423 0.2496
vn 0.3325 -0.8812 0.3361
vn 0.2428 -0.9580 0.1525
vn 0.3381 -0.9167 0.2129
vn 0.2462 -0.9682 0.0449
vn 0.3144 -0.9473 0.0607
vn 0.2332 -0.9723 -0.0136
vn 0.2783 -0.9603 -0.0168
vn 0.2108 -0.9772 -0.0267
vn 0.2488 -0.9684 -0.0152
vn 0.1630 -0.9851 -0.0551
vn 0.1830 -0.9818 -0.0501
vn 0.1069 -0.9898 -0.0939
vn 0.1063 -0.9888 -0.1045
vn 0.0626 -0.9901 -0.1260
vn 0.0539 -0.9871 -0.1510
vn 0.0300 -0.9890 -0.1450
vn 0.0271 -0.9839 -0.1765
vn 0.0040 -0.9892 -0.1465
vn 0.0062 -0.9838 -0.1791
vn -0.0278 -0.9910 -0.1306
vn -0.0209 -0.9873 -0.1577
vn -0.0846 -0.9917 -0.0970
vn -0.0911 -0.9901 -0.1071
vn -0.0655 -0.9951 -0.0748
vn -0.1160 -0.9924 -0.0402
vn -0.1459 -0.9877 -0.0564
vn -0.0902 -0.9957 -0.0230
vn -0.1174 -0.9931 -0.0006
vn -0.1493 -0.9887 -0.0130
vn -0.1311 -0.9912 0.0164
vn -0.1582 -0.9874 0.0095
vn -0.1273 -0.9905 0.0516
vn -0.1563 -0.9865 0.0490
vn -0.1081 -0.9876 0.1140
vn -0.1464 -0.9812 0.1258
vn -0.0876 -0.9802 0.1777
vn -0.1232 -0.9719 0.2006
vn -0.0586 -0.9716 0.2294
vn -0.0896 -0.9616 0.2593
vn -0.0339 -0.9651 0.2597
vn -0.0579 -0.9506 0.3048
vn -0.0151 -0.9585 0.2848
vn -0.0297 -0.9411 0.3369
vn -0.0051 -0.9551 0.2962
vn -0.0080 -0.9357 0.3527
vn 0.0070 -0.9553 0.2956
vn 0.0103 -0.9368 0.3496
vn 0.0208 -0.9599 0.2795
vn 0.0341 -0.9429 0.3314
vn 0.0460 -0.9662 0.2538
vn 0.0689 -0.9520 0.2983
vn 0.0780 -0.9733 0.2157
vn 0.1080 -0.9624 0.2492
vn 0.1038 -0.9799 0.1702
vn 0.1437 -0.9707 0.1924
vn 0.1294 -0.9863 0.1027
vn 0.1707 -0.9783 0.1179
vn 0.1427 -0.9888 0.0429
vn 0.1863 -0.9817 0.0397
vn 0.1553 -0.9879 0.0036
vn 0.1861 -0.9825 -0.0052
vn 0.1480 -0.9889 -0.0132
vn 0.1718 -0.9849 -0.0199
vn 0.1190 -0.9924 -0.0317
vn 0.1416 -0.9888 -0.0469
vn 0.0849 -0.9945 -0.0616
vn 0.0980 -0.9919 -0.0812
vn 0.0530 -0.9951 -0.0837
vn 0.0609 -0.9920 -0.1102
vn 0.0259 -0.9950 -0.0964
vn 0.0279 -0.9921 -0.1219
vn 0.0069 -0.9958 -0.0913
vn 0.0063 -0.9926 -0.1213
vn -0.0166 -0.9972 -0.0732
vn -0.0246 -0.9940 -0.1063
vn -0.0084 -0.9986 -0.0526
vn -0.0407 -0.9984 -0.0390
vn -0.0506 -0.9973 -0.0534
vn -0.0304 -0.9994 -0.0175
vn -0.0465 -0.9988 0.0157
vn -0.0713 -0.9974 -0.0078
vn -0.0503 -0.9983 0.0296
vn -0.0856 -0.9963 0.0125
vn -0.0448 -0.9982 0.0399
vn -0.0904 -0.9956 0.0263
vn -0.0525 -0.9973 0.0505
vn -0.0910 -0.9944 0.0543
vn -0.0549 -0.9931 0.1034
vn -0.0759 -0.9913 0.1071
vn -0.0303 -0.9893 0.1426
vn -0.0539 -0.9864 0.1552
vn -0.0080 -0.9844 0.1759
vn -0.0327 -0.9786 0.2032
vn 0.0106 -0.9814 0.1918
vn -0.0173 -0.9729 0.2307
vn 0.0117 -0.9815 0.1911
vn -0.0046 -0.9693 0.2457
vn -0.0003 -0.9790 0.2038
vn -0.0021 -0.9679 0.2514
vn -0.0004 -0.9796 0.2008
vn 0.0026 -0.9682 0.2502
vn -0.0063 -0.9810 0.1939
vn 0.0122 -0.9699 0.2430
vn 0.0091 -0.9825 0.1858
vn 0.0283 -0.9747 0.2216
vn 0.0247 -0.9893 0.1435
vn 0.0487 -0.9827 0.1789
vn 0.0183 -0.9914 0.1294
vn 0.0634 -0.9866 0.1502
vn 0.0397 -0.9967 0.0705
vn 0.0944 -0.9914 0.0903
vn 0.0490 -0.9972 0.0558
vn 0.1129 -0.9925 0.0476
vn 0.0846 -0.9959 0.0311
vn 0.1296 -0.9915 0.0143
vn 0.0855 -0.9963 0.0065
vn 0.1195 -0.9928 -0.0050
vn 0.0749 -0.9972 0.0067
vn 0.0995 -0.9949 -0.0165
vn 0.0608 -0.9980 -0.0194
vn 0.0747 -0.9962 -0.0449
vn 0.0053 -1.0000 -0.0047
vn 0.0404 -0.9975 -0.0572
vn 0.0206 -0.9994 0.0295
vn 0.0252 -0.9978 -0.0615
vn 0.0082 -0.9999 0.0143
vn 0.0049 -0.9981 -0.0608
vn 0.0624 -0.8460 0.5295
vn 0.1747 -0.8606 0.4784
vn 0.0143 -0.9997 -0.0174
vn 0.3001 -0.2389 0.9235
vn 0.5576 -0.2512 0.7912
vn 0.2484 -0.8986 0.3617
vn 0.7326 -0.2457 0.6348
vn 0.2129 -0.9509 0.2248
vn 0.8409 -0.3135 0.4412
vn 0.1762 -0.9749 0.1359
vn 0.8902 -0.4188 0.1794
vn 0.1040 -0.9926 0.0629
vn 0.8185 -0.5743 -0.0150
vn 0.0375 -0.9984 0.0421
vn 0.7151 -0.6872 -0.1283
vn 0.0084 -0.9967 0.0814
vn 0.6042 -0.7606 -0.2375
vn 0.0211 -0.9923 0.1224
vn 0.5127 -0.8059 -0.2961
vn 0.0961 -0.9901 0.1022
vn 0.4636 -0.7700 -0.4383
vn 0.1309 -0.9908 0.0329
vn 0.3136 -0.6771 -0.6658
vn 0.1018 -0.9936 -0.0490
vn 0.0247 -0.6347 -0.7724
vn -0.0073 -0.9996 -0.0287
vn -0.0942 -0.6794 -0.7277
vn -0.0085 -0.9999 0.0104
vn -0.3071 -0.6986 -0.6462
vn -0.0814 -0.9962 0.0309
vn -0.4692 -0.6893 -0.5520
vn -0.0634 -0.9946 0.0817
vn -0.5764 -0.6324 -0.5176
vn -0.0312 -0.9953 0.0919
vn -0.7323 -0.6137 -0.2953
vn -0.0640 -0.9957 0.0664
vn -0.7299 -0.6524 -0.2039
vn -0.1523 -0.9883 -0.0038
vn -0.8602 -0.5092 0.0282
vn -0.1433 -0.9864 0.0801
vn -0.9017 -0.3924 0.1817
vn -0.1419 -0.9878 0.0642
vn -0.8508 -0.3362 0.4040
vn -0.2852 -0.9434 0.1692
vn -0.7317 -0.1938 0.6535
vn -0.3092 -0.8869 0.3431
vn -0.5603 -0.0900 0.8234
vn -0.2810 -0.8470 0.4513
vn -0.3375 -0.0898 0.9370
vn -0.2050 -0.8152 0.5417
vn -0.0974 -0.1053 0.9897
vn -0.0411 -0.8149 0.5782
vn -0.0954 0.0513 0.9941
vn 0.0965 0.0579 0.9936
vn 0.0974 -0.1630 0.9818
vn 0.0904 0.0613 0.9940
vn 0.3061 0.0730 0.9492
vn 0.3094 0.0274 0.9505
vn 0.5443 0.0910 0.8339
vn 0.5579 0.0005 0.8299
vn 0.7475 0.1104 0.6551
vn 0.7575 0.0157 0.6526
vn 0.8924 0.1164 0.4360
vn 0.8966 0.0125 0.4426
vn 0.9729 0.1207 0.1974
vn 0.9824 0.0284 0.1847
vn 0.9911 0.1236 -0.0502
vn 0.9961 0.0662 -0.0589
vn 0.9563 0.1220 -0.2658
vn 0.9679 0.0224 -0.2504
vn 0.8741 0.1225 -0.4701
vn 0.8765 -0.0115 -0.4813
vn 0.7297 0.1217 -0.6728
vn 0.7320 0.0383 -0.6802
vn 0.5440 0.1096 -0.8319
vn 0.5885 -0.0240 -0.8082
vn 0.3288 0.0790 -0.9411
vn 0.3595 -0.1361 -0.9232
vn 0.0981 0.0781 -0.9921
vn 0.0616 -0.0260 -0.9978
vn -0.1077 0.0947 -0.9897
vn -0.1036 0.0772 -0.9916
vn -0.3346 0.1014 -0.9369
vn -0.3372 0.0264 -0.9410
vn -0.5564 0.1082 -0.8238
vn -0.5685 0.0155 -0.8226
vn -0.7382 0.0922 -0.6683
vn -0.7136 -0.0881 -0.6950
vn -0.8769 0.1010 -0.4699
vn -0.9044 -0.0466 -0.4242
vn -0.9577 0.1142 -0.2641
vn -0.9568 0.0353 -0.2887
vn -0.9919 0.1142 -0.0555
vn -0.9982 0.0356 -0.0483
vn -0.9733 0.1328 0.1873
vn -0.9787 0.0860 0.1866
vn -0.8970 0.1352 0.4209
vn -0.9047 0.0915 0.4161
vn -0.7490 0.1250 0.6507
vn -0.7572 0.0914 0.6468
vn -0.5451 0.1049 0.8318
vn -0.5561 0.0865 0.8266
vn -0.3093 0.0800 0.9476
vn -0.3228 0.0644 0.9443
vn -0.2979 0.0780 0.9514
vn -0.0876 0.0618 0.9942
vn -0.0910 0.0616 0.9939
vn -0.0856 0.0554 0.9948
vn 0.0793 0.0561 0.9953
vn 0.0849 0.0654 0.9942
vn 0.2829 0.0765 0.9561
vn 0.2943 0.0844 0.9520
vn 0.5229 0.0994 0.8466
vn 0.5335 0.1045 0.8393
vn 0.7344 0.1047 0.6706
vn 0.7412 0.1162 0.6612
vn 0.8879 0.1025 0.4484
vn 0.8902 0.1213 0.4392
vn 0.9718 0.0925 0.2171
vn 0.9710 0.1205 0.2063
vn 0.9957 0.0874 -0.0321
vn 0.9922 0.1168 -0.0441
vn 0.9643 0.0940 -0.2476
vn 0.9588 0.1171 -0.2587
vn 0.8848 0.1016 -0.4547
vn 0.8791 0.1202 -0.4613
vn 0.7436 0.1066 -0.6601
vn 0.7357 0.1240 -0.6658
vn 0.5407 0.1030 -0.8349
vn 0.5399 0.1246 -0.8325
vn 0.3109 0.0838 -0.9467
vn 0.3166 0.1109 -0.9421
vn 0.0934 0.0651 -0.9935
vn 0.0986 0.0949 -0.9906
vn -0.1059 0.0673 -0.9921
vn -0.1080 0.0914 -0.9899
vn -0.3239 0.0898 -0.9418
vn -0.3293 0.1054 -0.9383
vn -0.5542 0.1087 -0.8252
vn -0.5544 0.1222 -0.8233
vn -0.7498 0.1120 -0.6522
vn -0.7430 0.1241 -0.6577
vn -0.8860 0.0982 -0.4531
vn -0.8770 0.1128 -0.4670
vn -0.9655 0.0859 -0.2457
vn -0.9608 0.1112 -0.2539
vn -0.9958 0.0866 -0.0305
vn -0.9926 0.1126 -0.0466
vn -0.9733 0.0893 0.2114
vn -0.9734 0.1199 0.1952
vn -0.8882 0.0960 0.4492
vn -0.8934 0.1215 0.4325
vn -0.7362 0.0994 0.6694
vn -0.7430 0.1177 0.6588
vn -0.5229 0.0971 0.8468
vn -0.5354 0.1026 0.8383
vn -0.5213 -0.0317 0.8528
vn -0.2784 -0.0229 0.9602
vn -0.2867 0.0753 0.9551
vn -0.2899 -0.0532 0.9556
vn -0.1054 -0.0504 0.9931
vn -0.0826 -0.0190 0.9964
vn 0.0908 -0.0517 0.9945
vn 0.0743 -0.0178 0.9971
vn 0.2800 -0.0547 0.9584
vn 0.2749 -0.0207 0.9612
vn 0.4943 -0.0396 0.8684
vn 0.5183 -0.0285 0.8547
vn 0.7023 -0.0094 0.7118
vn 0.7287 -0.0304 0.6841
vn 0.8594 0.0193 0.5110
vn 0.8827 -0.0248 0.4694
vn 0.9626 0.0399 0.2679
vn 0.9715 -0.0143 0.2364
vn 0.9988 0.0475 0.0111
vn 0.9999 -0.0039 -0.0112
vn 0.9730 0.0453 -0.2262
vn 0.9722 0.0040 -0.2341
vn 0.8932 0.0350 -0.4483
vn 0.8943 0.0114 -0.4473
vn 0.7514 0.0202 -0.6595
vn 0.7555 0.0192 -0.6549
vn 0.5381 0.0044 -0.8429
vn 0.5457 0.0266 -0.8375
vn 0.2939 -0.0090 -0.9558
vn 0.3086 0.0328 -0.9506
vn 0.0775 -0.0181 -0.9968
vn 0.0906 0.0373 -0.9952
vn -0.1072 -0.0173 -0.9941
vn -0.1067 0.0386 -0.9935
vn -0.3288 -0.0072 -0.9444
vn -0.3282 0.0344 -0.9440
vn -0.5684 0.0069 -0.8227
vn -0.5653 0.0274 -0.8244
vn -0.7690 0.0224 -0.6389
vn -0.7640 0.0187 -0.6449
vn -0.9015 0.0359 -0.4313
vn -0.8985 0.0110 -0.4389
vn -0.9756 0.0450 -0.2148
vn -0.9729 0.0041 -0.2311
vn -0.9985 0.0485 0.0254
vn -1.0000 -0.0065 -0.0031
vn -0.9590 0.0406 0.2805
vn -0.9705 -0.0191 0.2405
vn -0.8576 0.0204 0.5140
vn -0.8789 -0.0296 0.4761
vn -0.6985 -0.0074 0.7156
vn -0.7255 -0.0346 0.6874
vn -0.6650 -0.0330 0.7461
vn -0.4476 -0.0750 0.8911
vn -0.5003 -0.0377 0.8650
vn -0.4156 -0.1433 0.8982
vn -0.2151 -0.1282 0.9681
vn -0.2581 -0.1252 0.9580
vn -0.0565 -0.0863 0.9947
vn -0.0847 -0.1763 0.9807
vn 0.0423 -0.0835 0.9956
vn 0.0702 -0.1778 0.9816
vn 0.1903 -0.1214 0.9742
vn 0.2403 -0.1279 0.9622
vn 0.3949 -0.1396 0.9080
vn 0.4381 -0.0760 0.8957
vn 0.6292 -0.1227 0.7675
vn 0.6597 -0.0331 0.7508
vn 0.8300 -0.0884 0.5507
vn 0.8368 -0.0075 0.5474
vn 0.9536 -0.0656 0.2937
vn 0.9574 0.0046 0.2887
vn 0.9967 -0.0574 0.0579
vn 0.9994 0.0083 0.0333
vn 0.9863 -0.0499 -0.1572
vn 0.9782 0.0084 -0.2076
vn 0.9298 -0.0471 -0.3651
vn 0.9014 0.0051 -0.4330
vn 0.8147 -0.0564 -0.5772
vn 0.7581 -0.0100 -0.6521
vn 0.5941 -0.0904 -0.7993
vn 0.5332 -0.0489 -0.8446
vn 0.2773 -0.1300 -0.9520
vn 0.2684 -0.1014 -0.9580
vn 0.0468 -0.1319 -0.9902
vn 0.0561 -0.1343 -0.9894
vn -0.1185 -0.1327 -0.9841
vn -0.1042 -0.1299 -0.9860
vn -0.3832 -0.1189 -0.9160
vn -0.3326 -0.0884 -0.9389
vn -0.6640 -0.0788 -0.7436
vn -0.5813 -0.0389 -0.8128
vn -0.8420 -0.0544 -0.5367
vn -0.7851 -0.0063 -0.6193
vn -0.9392 -0.0496 -0.3396
vn -0.9120 0.0066 -0.4101
vn -0.9886 -0.0514 -0.1418
vn -0.9813 0.0095 -0.1922
vn -0.9962 -0.0568 0.0659
vn -0.9990 0.0078 0.0445
vn -0.9539 -0.0661 0.2928
vn -0.9542 0.0046 0.2990
vn -0.8426 -0.0872 0.5314
vn -0.8413 -0.0063 0.5405
vn -0.7678 0.2451 0.5919
vn -0.5517 0.0833 0.8299
vn -0.6482 -0.1221 0.7516
vn -0.8940 0.3054 0.3278
vn -0.2465 0.9685 0.0337
vn -0.1927 0.9477 0.2545
vn -0.9425 0.3246 0.0799
vn -0.1915 0.9809 -0.0349
vn -0.1401 0.9681 0.2078
vn -0.1083 0.8469 0.5207
vn -0.3375 0.9248 0.1758
vn -0.3404 0.8348 0.4327
vn -0.3178 0.7271 0.6085
vn -0.0648 0.9445 0.3220
vn -0.0427 0.8731 0.4856
vn -0.0251 0.7459 0.6656
vn -0.0937 0.8963 0.4335
vn -0.1228 0.7568 0.6420
vn -0.1495 0.5609 0.8143
vn -0.3333 0.7228 0.6054
vn -0.3556 0.5388 0.7637
vn -0.3558 0.3037 0.8838
vn -0.0383 0.5000 0.8652
vn -0.0865 0.2961 0.9512
vn -0.0948 0.0974 0.9907
vn 0.3546 0.3190 0.8789
vn 0.3616 0.1018 0.9267
vn 0.3321 -0.1648 0.9287
vn 0.0938 0.0745 0.9928
vn 0.1114 -0.1975 0.9740
vn 0.1046 -0.4025 0.9094
vn -0.0740 -0.1537 0.9853
vn -0.0739 -0.4131 0.9077
vn -0.0839 -0.6144 0.7845
vn -0.1909 -0.4020 0.8955
vn -0.1950 -0.6284 0.7531
vn -0.1995 -0.7763 0.5979
vn 0.2954 -0.6212 0.7259
vn 0.2769 -0.8110 0.5153
vn 0.2166 -0.9418 0.2571
vn 0.5985 -0.7904 0.1305
vn 0.2831 -0.9582 -0.0400
vn 0.5561 -0.8226 0.1188
vn 0.1208 -0.9923 -0.0279
vn -0.1703 -0.9824 -0.0766
vn 0.0652 -0.9897 0.1277
vn -0.2504 -0.9677 -0.0292
vn 0.0691 -0.9553 0.2875
vn -0.2892 -0.9557 0.0549
vn -0.6290 -0.7690 -0.1139
vn -0.3162 -0.9194 0.2341
vn -0.6493 -0.7595 -0.0392
vn -0.0186 -0.9050 0.4251
vn -0.1832 -0.7367 0.6509
vn -0.3270 -0.8046 0.4957
vn 0.4391 -0.5882 0.6791
vn 0.3972 -0.2405 0.8857
vn -0.9233 -0.3466 -0.1655
vn -0.8813 -0.4099 -0.2352
vn -0.9411 0.3172 -0.1174
vn -0.9090 0.3167 -0.2711
vn -0.4739 0.8726 0.1182
vn -0.4916 0.8694 -0.0494
vn 0.1282 0.9296 0.3455
vn -0.3364 0.9066 0.2547
vn -0.0381 0.9430 0.3307
vn 0.2121 0.8679 0.4491
vn -0.0928 0.9830 0.1582
vn 0.2132 0.9198 0.3294
vn 0.4331 0.7213 0.5406
vn 0.0035 0.8670 0.4982
vn 0.3501 0.6151 0.7064
vn -0.0594 0.8096 0.5840
vn 0.3407 0.3364 0.8779
vn 0.6661 0.5822 0.4661
vn 0.4079 0.8250 0.3912
vn 0.4360 0.6821 0.5870
vn 0.8101 0.4378 0.3899
vn 0.5792 0.7116 0.3977
vn 0.6636 0.5205 0.5374
vn 0.4974 0.7196 0.4845
vn 0.3244 0.8580 0.3982
vn 0.2399 0.2427 0.9400
vn 0.1896 0.5155 0.8356
vn -0.1828 0.4310 0.8836
vn -0.1766 0.6381 0.7494
vn 0.1525 0.6892 0.7084
vn -0.1697 0.7957 0.5814
vn 0.1104 0.8301 0.5466
vn -0.1634 0.8840 0.4379
vn 0.0680 0.9163 0.3947
vn 0.0292 0.9633 0.2669
vn 0.1711 0.9641 0.2031
vn 0.2061 0.9364 0.2842
vn 0.0244 0.9778 0.2081
vn 0.0309 0.9425 0.3328
vn 0.0019 0.8756 0.4830
vn 0.0162 0.9224 0.3859
vn 0.0165 0.7484 0.6630
vn -0.0368 0.3909 0.9197
vn 0.0435 0.6654 0.7452
vn 0.0609 0.2111 0.9756
vn 0.0244 -0.3426 0.9392
vn 0.0434 0.0738 0.9963
vn 0.0303 -0.4235 0.9054
vn 0.0045 -0.8177 0.5756
vn -0.1758 -0.5256 0.8324
vn -0.2100 -0.8454 0.4912
vn -0.1402 -0.0440 0.9891
vn -0.4929 -0.1504 0.8570
vn -0.4436 -0.5950 0.6702
vn -0.7628 -0.2347 0.6026
vn -0.6426 -0.6212 0.4486
vn -0.8946 -0.2419 0.3758
vn -0.6854 -0.6748 0.2737
vn -0.7154 -0.6984 0.0211
vn -0.4133 -0.9105 0.0107
vn -0.4198 -0.8928 0.1635
vn -0.1619 -0.9868 0.0038
vn -0.2048 -0.9760 0.0743
vn -0.0769 -0.9970 -0.0100
vn -0.1118 -0.9937 -0.0044
vn -0.0573 -0.9978 -0.0338
vn -0.0324 -0.9879 0.1517
vn -0.1669 -0.9782 0.1235
vn -0.0752 -0.9971 -0.0149
vn -0.0540 -0.9764 0.2089
vn -0.2503 -0.9207 0.2996
vn -0.2572 -0.6296 0.7331
vn -0.0213 -0.7508 0.6602
vn -0.3009 -0.9526 0.0443
vn -0.2737 -0.9587 -0.0778
vn -0.3412 -0.9399 -0.0142
vn -0.3330 -0.9425 -0.0274
vn -0.3404 -0.9392 -0.0457
vn -0.0859 -0.9957 -0.0344
vn -0.0975 -0.9911 -0.0903
vn -0.1217 -0.9898 -0.0742
vn -0.0593 -0.9920 -0.1118
vn -0.0774 -0.9886 -0.1292
vn -0.0933 -0.9849 -0.1461
vn -0.0764 -0.9865 -0.1450
vn -0.1684 -0.9724 -0.1613
vn -0.1421 -0.9708 -0.1933
vn -0.4140 -0.8765 -0.2456
vn -0.2555 -0.9663 -0.0314
vn -0.3622 -0.9027 -0.2325
vn -0.6411 -0.6543 -0.4010
vn -0.3654 -0.9012 -0.2329
vn -0.6628 -0.6992 -0.2680
vn -0.5989 0.2156 -0.7713
vn -0.5995 -0.5634 -0.5685
vn -0.8163 -0.0240 -0.5772
vn -0.6051 0.6570 -0.4496
vn -0.9342 -0.1840 -0.3056
vn -0.7238 0.6693 -0.1677
vn -0.3651 0.9307 -0.0221
vn -0.8056 0.5904 0.0488
vn -0.3817 0.9242 -0.0080
vn -0.1470 0.9887 -0.0292
vn -0.4248 0.8962 0.1281
vn -0.1903 0.9817 -0.0012
vn -0.1699 0.9837 0.0593
vn -0.1528 0.9871 0.0473
vn -0.1546 0.9878 -0.0155
vn -0.1688 0.9853 -0.0256
vn -0.2000 0.9793 0.0307
vn -0.1460 0.9876 -0.0573
vn -0.1207 0.9917 0.0447
vn -0.0994 0.9950 -0.0116
vn -0.2065 0.9766 0.0594
vn -0.0871 0.9807 -0.1752
vn -0.1839 0.9798 -0.0782
vn -0.0839 0.9405 -0.3292
vn -0.1399 0.9598 -0.2432
vn -0.0796 0.8713 -0.4842
vn -0.1537 0.8763 -0.4565
vn -0.2274 0.7053 -0.6715
vn -0.3842 0.6671 -0.6382
vn -0.2266 0.8843 -0.4081
vn -0.0824 0.7053 -0.7041
vn -0.1121 0.3100 -0.9441
vn -0.2893 0.2947 -0.9107
vn -0.1184 -0.2828 -0.9519
vn -0.3096 -0.4407 -0.8426
vn -0.1179 -0.6954 -0.7089
vn -0.2781 -0.8173 -0.5046
vn -0.1124 -0.9320 -0.3446
vn -0.2001 -0.9634 -0.1786
vn -0.1280 -0.8436 -0.5215
vn -0.1853 -0.9619 -0.2008
vn -0.1019 -0.9946 -0.0218
vn -0.2602 -0.9654 -0.0185
vn -0.0985 -0.9878 0.1203
vn -0.1450 -0.9486 -0.2813
vn -0.1905 -0.9687 -0.1593
vn -0.3288 -0.9433 -0.0452
vn -0.0310 -0.9616 -0.2725
vn -0.0530 -0.9795 -0.1944
vn -0.2291 -0.9688 -0.0943
vn -0.0232 -0.9542 -0.2982
vn 0.0112 -0.9808 -0.1946
vn -0.2052 -0.9336 -0.2937
vn -0.2020 -0.9700 -0.1350
vn -0.1652 -0.9777 -0.1294
vn -0.1466 -0.9883 0.0428
vn -0.2024 -0.9781 0.0487
vn -0.1303 -0.9630 0.2360
vn -0.2032 -0.9555 0.2136
vn -0.1132 -0.8872 0.4473
vn -0.2018 -0.8981 0.3908
vn -0.0034 -0.8692 0.4945
vn 0.0402 -0.7463 0.6644
vn -0.0983 -0.7754 0.6238
vn 0.3046 -0.6809 0.6660
vn 0.3155 -0.5675 0.7605
vn 0.0793 -0.5794 0.8112
vn 0.0472 -0.6461 0.7618
vn 0.0101 -0.4944 0.8692
vn 0.3152 -0.3809 0.8692
vn -0.1814 -0.5897 0.7870
vn -0.2412 -0.3719 0.8964
vn -0.0497 -0.2243 0.9733
vn -0.1522 -0.3827 0.9112
vn -0.1668 -0.0573 0.9843
vn -0.3183 -0.0147 0.9479
vn -0.0199 -0.0125 0.9997
vn -0.0063 0.3031 0.9529
vn -0.1644 0.3058 0.9378
vn -0.2889 0.2989 0.9095
vn -0.2866 0.4791 0.8296
vn -0.0117 0.5314 0.8470
vn -0.1686 0.4680 0.8675
vn -0.1491 0.5699 0.8080
vn -0.2926 0.6326 0.7171
vn -0.0654 0.4091 0.9101
vn -0.0224 0.5020 0.8646
vn -0.1534 0.3652 0.9182
vn -0.1170 0.4552 0.8827
vn -0.1154 0.3637 0.9243
vn -0.0972 0.4660 0.8794
vn -0.1142 0.5369 0.8359
vn -0.1693 0.3721 0.9126
vn -0.2241 0.4502 0.8644
vn -0.2412 -0.0287 0.9700
vn -0.4123 -0.0277 0.9106
vn 0.0072 0.2471 0.9690
vn -0.0955 0.0113 0.9954
vn -0.0047 0.2202 0.9754
vn 0.0775 0.0129 0.9969
vn 0.1796 0.3467 0.9206
vn 0.2363 -0.0538 0.9702
vn 0.2325 0.3855 0.8929
vn 0.3924 -0.0983 0.9145
vn 0.3145 0.4468 0.8375
vn 0.5856 -0.0444 0.8094
vn 0.4542 0.6217 0.6381
vn 0.7956 0.0660 0.6022
vn 0.5566 0.7625 0.3298
vn 0.9295 0.1481 0.3377
vn 0.5970 0.8008 0.0485
vn 0.9813 0.1785 0.0717
vn 0.5592 0.8022 -0.2092
vn 0.9698 0.1909 -0.1517
vn 0.4218 0.7745 -0.4715
vn 0.9027 0.2022 -0.3798
vn 0.2953 0.7098 -0.6396
vn 0.8111 0.2595 -0.5242
vn 0.1238 0.8729 -0.4719
vn 0.1624 0.7192 -0.6755
vn 0.2030 0.5174 -0.8313
vn 0.3832 0.6768 -0.6285
vn 0.3670 0.5110 -0.7773
vn 0.3450 0.2553 -0.9032
vn 0.1388 0.5658 -0.8128
vn 0.1462 0.2914 -0.9454
vn 0.1413 -0.0165 -0.9898
vn 0.1534 0.2824 -0.9469
vn 0.1370 -0.0004 -0.9906
vn 0.1183 -0.2933 -0.9487
vn 0.1533 0.0294 -0.9877
vn 0.1421 -0.2687 -0.9527
vn 0.1331 -0.4873 -0.8630
vn -0.0432 -0.2579 -0.9652
vn 0.0084 -0.5304 -0.8477
vn 0.0768 -0.6936 -0.7163
vn -0.1604 -0.5383 -0.8273
vn -0.1751 -0.7018 -0.6905
vn -0.1845 -0.8230 -0.5372
vn 0.0518 -0.6754 -0.7356
vn 0.0521 -0.8319 -0.5524
vn 0.0391 -0.9286 -0.3690
vn 0.1774 -0.8287 -0.5309
vn 0.1597 -0.9164 -0.3669
vn 0.1392 -0.9742 -0.1778
vn 0.2001 -0.9116 -0.3591
vn 0.1843 -0.9659 -0.1818
vn 0.1716 -0.9852 0.0005
vn 0.1732 -0.9724 -0.1562
vn 0.1760 -0.9840 0.0282
vn -0.0328 -0.9822 -0.1848
vn -0.0974 -0.9922 -0.0776
vn 0.0598 -0.9788 -0.1957
vn 0.0721 -0.9863 -0.1483
vn 0.0886 -0.9894 -0.1147
vn 0.2609 -0.9624 -0.0758
vn 0.3169 -0.9477 -0.0371
vn 0.3096 -0.9505 -0.0280
vn 0.2821 -0.9591 0.0232
vn 0.0891 -0.9951 -0.0421
vn 0.0903 -0.9959 -0.0052
vn 0.0548 -0.9528 0.2986
vn 0.0822 -0.9964 0.0205
vn 0.1061 -0.9587 0.2638
vn 0.1475 -0.6168 0.7732
vn 0.2156 -0.9355 0.2800
vn 0.2312 -0.6425 0.7306
vn -0.1037 -0.0411 0.9938
vn -0.0160 -0.5938 0.8045
vn 0.1562 -0.0620 0.9858
vn 0.1422 0.5358 0.8323
vn 0.2013 -0.0365 0.9789
vn 0.2033 0.5644 0.8001
vn 0.5326 -0.0310 0.8458
vn 0.3889 0.5936 0.7046
vn 0.8762 -0.1402 0.4610
vn 0.7336 0.5734 0.3647
vn 0.8193 0.5200 0.2415
vn 0.9174 -0.2820 0.2809
vn 0.9279 -0.3698 -0.0481
vn 0.6584 -0.7285 0.1893
vn 0.5799 -0.8146 -0.0123
vn 0.3003 -0.9534 -0.0277
vn 0.2504 -0.9472 -0.2002
vn 0.4816 -0.8426 -0.2411
vn 0.7997 -0.5158 -0.3073
vn 0.8485 -0.4231 -0.3177
vn 0.5036 -0.8484 -0.1631
vn 0.8835 0.2062 -0.4207
vn 0.9074 0.3242 -0.2673
vn 0.4460 0.8942 -0.0384
vn 0.3376 0.9385 -0.0725
vn 0.8952 0.4333 -0.1045
vn 0.1398 0.9900 -0.0199
vn 0.1427 0.9868 -0.0760
vn 0.3314 0.9423 0.0470
vn 0.1806 0.9834 0.0163
vn 0.1485 0.9859 -0.0777
vn 0.1742 0.9842 -0.0304
vn 0.1395 0.9874 0.0745
vn 0.1275 0.9915 0.0263
vn 0.1373 0.8892 0.4363
vn 0.1678 0.8995 0.4035
vn 0.0587 0.9886 0.1384
vn -0.0504 0.8705 0.4895
vn -0.0300 0.8491 0.5274
vn 0.0283 0.5247 0.8508
vn -0.1223 0.5213 0.8446
vn 0.0043 0.9612 0.2757
vn 0.0380 0.8938 0.4469
vn -0.0002 0.9709 0.2394
vn 0.0061 0.9868 0.1617
vn 0.0537 0.9923 0.1120
vn 0.0839 0.9962 0.0247
vn 0.1148 0.9929 0.0300
vn 0.1167 0.9924 0.0388
vn 0.0939 0.9956 0.0001
vn 0.2048 0.9774 0.0523
vn 0.2048 0.9780 0.0407
vn 0.1745 0.9781 -0.1136
vn 0.1783 0.9805 0.0827
vn 0.1418 0.9876 -0.0681
vn 0.1265 0.9486 -0.2899
vn 0.1504 0.9851 -0.0838
vn 0.1639 0.8913 -0.4228
vn 0.5217 0.8074 -0.2756
vn 0.4179 0.6644 -0.6197
vn 0.3188 0.5411 -0.7782
vn 0.7153 0.1131 -0.6896
vn 0.4628 -0.0105 -0.8864
vn 0.3074 -0.1273 -0.9430
vn 0.4502 -0.6329 -0.6299
vn 0.2920 -0.6681 -0.6844
vn 0.1403 -0.9593 -0.2452
vn 0.1825 -0.6947 -0.6958
vn 0.2160 -0.9495 -0.2277
vn 0.0650 -0.6976 -0.7135
vn 0.0569 -0.2308 -0.9713
vn 0.2161 -0.1922 -0.9573
vn 0.0273 0.2946 -0.9552
vn 0.2268 0.2809 -0.9325
vn 0.0104 0.6951 -0.7188
vn 0.1739 0.6914 -0.7013
vn 0.0419 0.8646 -0.5008
vn 0.1284 0.8774 -0.4622
vn 0.0667 0.9380 -0.3400
vn 0.1374 0.9447 -0.2978
vn 0.0785 0.9309 -0.3567
vn 0.0762 0.9751 -0.2083
vn 0.0823 0.9806 -0.1780
vn 0.0420 0.9743 -0.2213
vn 0.0309 0.9968 -0.0731
vn 0.0806 0.9954 -0.0517
vn -0.1000 0.9919 -0.0778
vn -0.1140 0.9923 0.0486
vn 0.0166 0.9989 0.0448
vn -0.0434 0.9982 0.0419
vn -0.0879 0.9760 0.1992
vn -0.1329 0.9769 0.1673
vn 0.1549 0.9872 0.0374
vn 0.1551 0.9658 0.2077
vn 0.1113 0.9801 0.1643
vn 0.0999 0.9273 0.3608
vn 0.1639 0.9045 0.3937
vn 0.0969 0.8462 0.5239
vn 0.1707 0.8202 0.5460
vn 0.1018 0.7059 0.7009
vn 0.1771 0.6973 0.6945
vn 0.1773 0.4787 0.8599
vn -0.3563 0.5058 0.7856
vn -0.2937 0.7059 0.6446
vn -0.4255 0.7889 0.4434
vn -0.5985 0.6282 0.4972
vn -0.5624 0.7291 0.3901
vn -0.7562 0.4078 0.5117
vn -0.7609 0.5235 0.3834
vn -0.6373 0.5504 0.5393
vn -0.9138 0.1488 0.3779
vn -0.7768 0.0604 0.6269
vn -0.6728 0.0440 0.7385
vn -0.6737 -0.4648 0.5746
vn -0.5672 -0.4918 0.6606
vn -0.4848 -0.5335 0.6931
vn -0.2915 -0.8382 0.4610
vn -0.1726 -0.8519 0.4944
vn -0.0110 -0.9621 0.2723
vn 0.1019 -0.9393 0.3275
vn 0.1898 -0.8874 0.4201
vn 0.4519 -0.8862 0.1019
vn 0.4981 -0.8482 0.1805
vn 0.6556 -0.7550 -0.0139
vn 0.7294 -0.6840 0.0117
vn 0.8460 -0.5109 -0.1529
vn 0.9146 -0.4029 -0.0332
vn 0.9996 -0.0266 0.0015
vn 0.8262 0.4457 0.3445
vn 0.9368 -0.1515 0.3155
vn 0.3844 0.6385 0.6667
vn 0.5993 0.0723 0.7973
vn 0.4454 0.8731 0.1983
vn 0.1237 0.9259 0.3569
vn -0.0450 0.9492 0.3115
vn -0.3120 0.8134 0.4910
vn -0.2060 0.7756 0.5966
vn -0.5007 0.5667 0.6543
vn -0.3620 0.4715 0.8042
vn -0.6282 0.0591 0.7758
vn -0.4211 -0.0105 0.9070
vn -0.3613 0.7932 0.4902
vn -0.5471 0.5528 0.6286
vn -0.1321 0.9301 0.3428
vn -0.2032 0.9009 0.3835
vn -0.4382 0.7733 0.4583
vn 0.0364 0.9402 0.3386
vn -0.0834 0.9147 0.3955
vn -0.3260 0.8609 0.3906
vn 0.1335 0.9688 0.2086
vn 0.2446 0.9603 0.1340
vn 0.9608 -0.1113 -0.2541
vn 0.8123 -0.5369 -0.2280
vn 0.9606 -0.0562 -0.2722
vn 0.8126 -0.5748 -0.0966
vn 0.9916 -0.1214 0.0452
vn 0.5741 -0.8126 -0.1007
vn 0.5002 -0.8609 -0.0929
vn 0.2111 -0.9775 -0.0005
vn 0.1026 -0.9929 -0.0609
vn 0.3659 -0.9275 -0.0759
vn -0.0973 -0.9761 0.1945
vn -0.1965 -0.9797 0.0398
vn -0.6049 -0.7657 0.2184
vn -0.7352 -0.6515 0.1871
vn -0.4184 -0.9080 0.0204
vn -0.4715 -0.6923 0.5463
vn -0.4196 -0.8355 0.3548
vn 0.1711 -0.6448 0.7450
vn 0.1902 -0.7926 0.5793
vn 0.1280 -0.7753 0.6185
vn 0.1417 -0.9003 0.4115
vn 0.1853 -0.9065 0.3794
vn 0.1609 -0.9598 0.2299
vn 0.1796 -0.9563 0.2309
vn 0.0450 -0.8771 0.4783
vn 0.0810 -0.9606 0.2657
vn -0.1168 -0.9460 0.3025
vn -0.0373 -0.9987 0.0334
vn 0.1157 -0.9932 0.0085
vn -0.1579 -0.9825 0.0992
vn -0.1613 -0.9702 -0.1806
vn 0.0110 -0.9838 -0.1788
vn 0.2307 -0.9642 -0.1306
vn 0.1983 -0.8903 -0.4099
vn -0.1781 -0.9064 -0.3831
vn 0.0861 -0.9221 -0.3773
vn 0.1022 -0.8054 -0.5839
vn 0.1444 -0.8033 -0.5778
vn 0.0527 -0.8619 -0.5042
vn 0.0714 -0.7207 -0.6896
vn 0.1212 -0.6664 -0.7356
vn 0.0729 -0.7398 -0.6688
vn 0.0953 -0.5447 -0.8332
vn 0.0965 -0.5254 -0.8454
vn 0.2410 -0.6163 -0.7497
vn 0.3036 -0.3568 -0.8834
vn 0.1195 -0.3057 -0.9446
vn 0.3845 -0.3924 -0.8356
vn 0.3325 -0.0791 -0.9398
vn 0.3311 -0.0428 -0.9426
vn 0.7220 -0.2853 -0.6303
vn 0.5018 -0.2066 -0.8399
vn 0.4285 -0.6029 -0.6730
vn 0.7030 -0.2043 -0.6812
vn 0.4652 -0.1127 -0.8780
vn 0.6638 -0.3615 -0.6548
vn 0.4641 -0.3121 -0.8290
vn 0.5091 -0.1392 -0.8494
vn 0.3561 -0.1550 -0.9215
vn 0.3222 -0.2581 -0.9108
vn 0.2091 -0.1584 -0.9650
vn 0.2177 -0.2302 -0.9485
vn -0.0064 -0.1373 -0.9905
vn -0.0193 -0.2169 -0.9760
vn -0.0256 -0.2038 -0.9787
vn -0.1088 -0.0304 -0.9936
vn -0.0189 -0.0613 -0.9979
vn -0.1503 0.1175 -0.9816
vn 0.0040 0.1345 -0.9909
vn -0.1609 -0.0097 -0.9869
vn 0.0429 0.0224 -0.9988
vn -0.0190 -0.1453 -0.9892
vn -0.2432 -0.1819 -0.9528
vn -0.2489 -0.2360 -0.9393
vn -0.3831 -0.1833 -0.9053
vn -0.3463 -0.2695 -0.8986
vn -0.5047 -0.3263 -0.7993
vn -0.5322 -0.1448 -0.8341
vn -0.3508 -0.0662 -0.9341
vn -0.5929 -0.1948 -0.7813
vn -0.3930 -0.1148 -0.9124
vn -0.4529 -0.4668 -0.7596
vn -0.3480 -0.2488 -0.9039
vn -0.2824 -0.0076 -0.9593
vn -0.3682 -0.2242 -0.9023
vn -0.3684 0.0738 -0.9267
vn -0.3601 0.3493 -0.8651
vn -0.1653 0.0905 -0.9821
vn -0.1632 0.3781 -0.9113
vn -0.1711 0.5724 -0.8020
vn -0.1515 0.3857 -0.9101
vn -0.1583 0.6096 -0.7768
vn -0.1581 0.7716 -0.6161
vn -0.1672 0.6223 -0.7647
vn -0.1607 0.7630 -0.6261
vn -0.1429 0.8662 -0.4788
vn -0.1170 0.7683 -0.6293
vn -0.1402 0.8606 -0.4895
vn -0.1579 0.9229 -0.3512
vn 0.2425 0.8620 -0.4451
vn 0.2110 0.9307 -0.2987
vn 0.1634 0.9799 -0.1144
vn 0.0557 0.9690 -0.2408
vn 0.0528 0.9971 -0.0541
vn 0.0595 0.9869 0.1498
vn -0.0921 0.9952 -0.0341
vn -0.0646 0.9866 0.1496
vn -0.0389 0.9578 0.2848
vn -0.1013 0.9860 0.1323
vn -0.0891 0.9571 0.2758
vn -0.1559 0.9788 0.1327
vn -0.1568 0.9442 0.2897
vn -0.1620 0.9867 -0.0131
vn -0.0157 0.9999 0.0061
vn 0.0013 0.9907 0.1364
vn 0.1217 0.9925 0.0146
vn 0.1455 0.9818 0.1220
vn -0.0034 0.9999 0.0125
vn 0.0145 0.9912 0.1312
vn -0.0841 0.9963 0.0170
vn -0.0637 0.9944 0.0846
vn -0.0217 0.9845 0.1741
vn -0.1218 0.9924 0.0189
vn -0.0818 0.9894 0.1196
vn -0.0082 0.9078 0.4193
vn -0.1300 0.9854 0.1099
vn -0.0754 0.8832 0.4629
vn -0.0071 0.6044 0.7967
vn -0.1230 0.8563 0.5016
vn -0.1191 0.5273 0.8413
vn -0.1451 0.9796 0.1387
vn -0.0221 0.9926 -0.1196
vn -0.0804 0.9926 -0.0910
vn -0.0343 0.9675 -0.2504
vn -0.0756 0.9712 -0.2259
vn -0.0369 0.9204 -0.3892
vn -0.0741 0.9297 -0.3607
vn -0.0176 0.7973 -0.6033
vn -0.0742 0.8497 -0.5220
vn 0.0205 0.5712 -0.8206
vn -0.0620 0.6622 -0.7468
vn 0.0479 0.2409 -0.9694
vn -0.0392 0.3187 -0.9470
vn 0.0504 -0.1392 -0.9890
vn -0.0431 -0.1919 -0.9805
vn 0.0220 -0.4701 -0.8823
vn -0.0778 -0.5651 -0.8213
vn 0.0330 -0.4057 -0.9134
vn 0.0172 -0.6572 -0.7535
vn -0.0258 -0.7420 -0.6699
vn -0.0007 -0.8123 -0.5833
vn -0.0867 -0.8907 -0.4462
vn -0.0795 -0.7892 -0.6090
vn -0.0527 -0.8933 -0.4464
vn -0.0147 -0.9173 -0.3978
vn -0.2210 -0.7685 -0.6004
vn -0.2099 -0.8706 -0.4449
vn -0.2343 -0.7484 -0.6205
vn -0.2097 -0.8660 -0.4539
vn -0.1473 -0.8671 -0.4758
vn -0.1339 -0.9397 -0.3146
vn -0.1882 -0.9310 -0.3127
vn 0.0126 -0.9481 -0.3178
vn 0.0451 -0.9927 -0.1116
vn -0.1124 -0.9860 -0.1231
vn 0.1022 -0.9896 0.1017
vn -0.0868 -0.9942 0.0636
vn 0.1792 -0.9311 0.3177
vn -0.0504 -0.9617 0.2695
vn 0.0723 -0.8821 0.4655
vn 0.0783 -0.7805 0.6202
vn 0.2519 -0.8155 0.5211
vn -0.1688 -0.7479 0.6420
vn -0.1615 -0.7017 0.6939
vn 0.0638 -0.6953 0.7159
vn -0.1754 -0.6768 0.7149
vn -0.1665 -0.6356 0.7539
vn -0.1631 -0.6633 0.7303
vn -0.1334 -0.5520 0.8231
vn -0.1016 -0.4317 0.8963
vn -0.1530 -0.5557 0.8172
vn -0.2132 -0.3500 0.9122
vn -0.2439 -0.2053 0.9478
vn -0.0597 -0.2802 0.9581
vn -0.2725 -0.3209 0.9071
vn -0.2585 0.0295 0.9656
vn -0.2777 0.0328 0.9601
vn -0.2969 0.0818 0.9514
vn -0.1362 0.3028 0.9433
vn -0.2025 0.3220 0.9248
vn -0.3819 0.0751 0.9211
vn -0.2362 0.2402 0.9415
vn -0.6595 -0.1815 0.7295
vn -0.5155 -0.3054 0.8006
vn -0.7806 -0.4240 0.4592
vn -0.6528 -0.3282 0.6827
vn -0.8204 -0.3788 0.4284
vn -0.7508 -0.3345 0.5696
vn -0.5789 -0.5180 0.6297
vn -0.5309 -0.4594 0.7122
vn -0.5135 -0.4190 0.7488
vn -0.1640 -0.5468 0.8210
vn -0.1636 -0.5733 0.8028
vn -0.1934 -0.7018 0.6856
vn -0.1653 -0.6042 0.7795
vn -0.1422 -0.7202 0.6790
vn -0.1176 -0.8396 0.5303
vn -0.1530 -0.7245 0.6721
vn -0.1315 -0.8364 0.5321
vn -0.0865 -0.9466 0.3104
vn -0.1567 -0.8071 0.5692
vn -0.1243 -0.9171 0.3787
vn -0.0788 -0.9967 -0.0216
vn -0.2099 -0.9216 0.3266
vn -0.2208 -0.9729 -0.0688
vn -0.2038 -0.8986 -0.3885
vn 0.0882 -0.9916 -0.0941
vn 0.1257 -0.9273 -0.3526
vn -0.0812 -0.8518 -0.5176
vn -0.0686 -0.9455 -0.3183
vn -0.1862 -0.8096 -0.5566
vn -0.1594 -0.7101 -0.6859
vn 0.1639 -0.8372 -0.5218
vn 0.1906 -0.7295 -0.6569
vn 0.2091 -0.5817 -0.7860
vn -0.0089 -0.7456 -0.6664
vn -0.0089 -0.5889 -0.8082
vn 0.0008 -0.4031 -0.9152
vn -0.1653 -0.5864 -0.7930
vn -0.1730 -0.4014 -0.8994
vn -0.1783 -0.1391 -0.9741
vn -0.2754 -0.3912 -0.8781
vn -0.2808 -0.1771 -0.9433
vn -0.2811 0.1761 -0.9434
vn -0.2668 -0.1793 -0.9469
vn -0.2750 0.2040 -0.9395
vn -0.2501 0.4782 -0.8419
vn -0.1366 0.1849 -0.9732
vn -0.1137 0.4582 -0.8816
vn -0.0832 0.7143 -0.6949
vn 0.0612 0.4785 -0.8760
vn 0.0751 0.7299 -0.6795
vn -0.2133 0.8085 -0.5484
vn -0.2272 0.6764 -0.7007
vn -0.0656 0.8486 -0.5249
vn -0.0511 0.9418 -0.3322
vn 0.0852 0.8892 -0.4494
vn 0.0885 0.9572 -0.2755
vn -0.1723 0.9685 -0.1798
vn -0.1899 0.9158 -0.3539
vn -0.0341 0.9875 -0.1542
vn -0.1490 0.9687 -0.1984
vn -0.1800 0.9128 -0.3667
vn -0.1267 0.9147 -0.3837
vn -0.1411 0.8093 -0.5702
vn -0.2191 0.8089 -0.5456
vn -0.1533 0.6484 -0.7457
vn -0.2577 0.6468 -0.7178
vn -0.1663 0.4348 -0.8850
vn -0.2752 0.4648 -0.8416
vn 0.0615 0.4352 -0.8983
vn 0.0428 0.1697 -0.9846
vn -0.1759 0.1576 -0.9717
vn 0.2391 0.1708 -0.9558
vn 0.2240 -0.1445 -0.9638
vn 0.0191 -0.1328 -0.9910
vn -0.0526 -0.1448 -0.9881
vn -0.0842 -0.4050 -0.9104
vn 0.2144 -0.4190 -0.8823
vn -0.1341 -0.3774 -0.9163
vn -0.1185 -0.5780 -0.8074
vn -0.1235 -0.5759 -0.8082
vn -0.0845 -0.6069 -0.7903
vn -0.0643 -0.7769 -0.6264
vn -0.0980 -0.7334 -0.6727
vn -0.0788 -0.7890 -0.6093
vn -0.0695 -0.8988 -0.4329
vn -0.0454 -0.8911 -0.4516
vn -0.0677 -0.9713 -0.2281
vn -0.0378 -0.9682 -0.2474
vn -0.0773 -0.9967 0.0232
vn -0.0457 -0.9989 0.0077
vn -0.1576 -0.9868 0.0368
vn -0.1640 -0.9410 0.2962
vn -0.0938 -0.9529 0.2885
vn -0.5340 -0.8075 0.2504
vn -0.5607 -0.7202 0.4086
vn -0.1906 -0.8366 0.5136
vn -0.9030 -0.3161 0.2911
vn -0.8094 -0.2569 0.5281
vn -0.5578 -0.5673 0.6058
vn -0.6562 -0.3478 0.6696
vn -0.5740 -0.3400 0.7450
vn -0.6196 -0.1973 0.7597
vn -0.7107 -0.1971 0.6754
vn -0.6653 -0.2210 0.7131
vn -0.7154 -0.3567 0.6008
vn -0.8491 0.0943 0.5197
vn -0.6855 0.1649 0.7092
vn -0.6273 -0.4112 0.6614
vn -0.5144 -0.0267 0.8571
vn -0.4582 -0.5764 0.6766
vn -0.4591 0.3644 0.8102
vn -0.1586 0.3509 0.9229
vn -0.2589 -0.1943 0.9461
vn -0.0235 0.1790 0.9836
vn -0.0222 -0.1585 0.9871
vn 0.0069 -0.3735 0.9276
vn -0.1038 -0.2567 0.9609
vn 0.0126 -0.2524 0.9676
vn -0.1088 -0.0372 0.9934
vn 0.0287 -0.0875 0.9958
vn -0.1285 0.1644 0.9780
vn 0.0758 0.1288 0.9888
vn -0.1585 0.2822 0.9462
vn 0.1235 0.2614 0.9573
vn -0.1553 0.4239 0.8923
vn 0.1330 0.4221 0.8967
vn 0.0978 0.3602 0.9277
vn 0.0842 0.4711 0.8780
vn 0.1206 0.4611 0.8791
vn 0.1219 0.5320 0.8379
vn 0.1297 0.2348 0.9633
vn 0.1540 0.3657 0.9179
vn 0.2390 0.2247 0.9447
vn 0.1081 0.3312 0.9373
vn 0.0433 0.4516 0.8912
vn 0.2091 0.3996 0.8925
vn 0.1806 0.5556 0.8116
vn 0.1721 0.6942 0.6989
vn 0.2481 0.6078 0.7543
vn 0.2498 0.7506 0.6117
vn 0.2636 0.8501 0.4560
vn 0.0246 0.8413 0.5400
vn 0.0499 0.9405 0.3362
vn 0.0821 0.9848 0.1532
vn 0.1134 0.9562 0.2700
vn 0.0974 0.9929 0.0689
vn 0.1008 0.9874 -0.1219
vn 0.2217 0.9733 0.0587
vn 0.1704 0.9758 -0.1373
vn 0.1222 0.9390 -0.3215
vn -0.2041 0.9776 -0.0509
vn -0.2318 0.9401 -0.2500
vn -0.2424 0.8746 -0.4200
vn -0.0039 0.9764 -0.2159
vn -0.0106 0.9060 -0.4231
vn -0.0148 0.7814 -0.6238
vn 0.1477 0.9146 -0.3764
vn 0.1702 0.8053 -0.5679
vn 0.1886 0.6400 -0.7448
vn 0.2173 0.8149 -0.5374
vn 0.2456 0.6585 -0.7114
vn 0.2714 0.4061 -0.8726
vn 0.2291 0.6805 -0.6960
vn 0.2585 0.4292 -0.8654
vn 0.2692 0.0653 -0.9609
vn 0.1021 0.4319 -0.8961
vn 0.1259 0.0906 -0.9879
vn 0.1235 -0.2152 -0.9687
vn -0.0557 0.1034 -0.9931
vn -0.0365 -0.2096 -0.9771
vn -0.0152 -0.5239 -0.8516
vn -0.0109 -0.2122 -0.9772
vn 0.0214 -0.5633 -0.8260
vn 0.0673 -0.7951 -0.6027
vn 0.0488 -0.6361 -0.7701
vn 0.1226 -0.8768 -0.4650
vn 0.2087 -0.9689 -0.1329
vn 0.0966 -0.9429 -0.3187
vn 0.1193 -0.9927 0.0168
vn 0.1382 -0.9896 0.0405
vn 0.1103 -0.9922 0.0582
vn 0.0918 -0.9958 -0.0059
vn 0.0630 -0.9847 -0.1626
vn 0.1060 -0.9925 -0.0609
vn 0.0885 -0.9798 -0.1795
vn 0.0547 -0.9981 -0.0279
vn 0.0968 -0.9950 -0.0227
vn 0.1452 -0.9887 0.0372
vn 0.3145 -0.9488 -0.0300
vn 0.2802 -0.9597 -0.0219
vn 0.1223 -0.9877 -0.0971
vn 0.2222 -0.9710 -0.0882
vn 0.1829 -0.9670 -0.1776
vn 0.0421 -0.9593 -0.2791
vn 0.0249 -0.8910 -0.4534
vn 0.1318 -0.9316 -0.3386
vn 0.0429 -0.8592 -0.5099
vn 0.0694 -0.7245 -0.6858
vn 0.0087 -0.7453 -0.6666
vn 0.2225 -0.7068 -0.6715
vn 0.2419 -0.5160 -0.8217
vn 0.1001 -0.5227 -0.8466
vn 0.2635 -0.5021 -0.8237
vn 0.2862 -0.2323 -0.9296
vn 0.2594 -0.2264 -0.9389
vn 0.2048 -0.2361 -0.9499
vn 0.2080 0.0643 -0.9760
vn 0.2883 0.0670 -0.9552
vn 0.0226 0.0664 -0.9975
vn -0.0017 0.3702 -0.9289
vn 0.2047 0.3790 -0.9024
vn -0.2128 0.3916 -0.8952
vn -0.2288 0.6132 -0.7561
vn -0.0153 0.6252 -0.7803
vn -0.0138 0.6054 -0.7958
vn 0.0278 0.7708 -0.6364
vn -0.2395 0.7623 -0.6013
vn 0.1545 0.7398 -0.6548
vn 0.1409 0.8518 -0.5045
vn 0.0731 0.8679 -0.4913
vn 0.1504 0.8703 -0.4691
vn 0.1335 0.9595 -0.2480
vn 0.1191 0.9453 -0.3036
vn 0.2080 0.9328 -0.2944
vn 0.2457 0.9685 -0.0407
vn 0.1109 0.9928 -0.0445
vn 0.2840 0.9586 -0.0181
vn 0.2388 0.9366 0.2566
vn 0.2664 0.9406 0.2104
vn 0.0591 0.9982 -0.0039
vn 0.0565 0.9747 0.2161
vn 0.0902 0.9665 -0.2405
vn 0.3318 0.9037 -0.2707
vn 0.3714 0.7957 -0.4785
vn 0.1642 0.8383 -0.5199
vn 0.1376 0.7331 -0.6660
vn 0.1612 0.7449 -0.6474
vn 0.1629 0.5631 -0.8102
vn 0.1634 0.5660 -0.8081
vn 0.1638 0.3133 -0.9354
vn -0.0476 0.3832 -0.9224
vn -0.0628 0.0763 -0.9951
vn -0.1894 0.0836 -0.9783
vn -0.1664 -0.2617 -0.9507
vn 0.0376 -0.2459 -0.9686
vn 0.0458 -0.4964 -0.8669
vn 0.1978 -0.5023 -0.8417
vn 0.1919 -0.6891 -0.6988
vn 0.2351 -0.7002 -0.6741
vn 0.2147 -0.8292 -0.5161
vn 0.1995 -0.8361 -0.5110
vn 0.1809 -0.9209 -0.3453
vn 0.0135 -0.9435 -0.3310
vn -0.0050 -0.2260 -0.9741
vn -0.0136 0.1592 -0.9871
vn -0.0054 0.2765 -0.9610
vn 0.0092 0.4782 -0.8782
vn 0.0405 0.6039 -0.7960
vn 0.0334 0.7832 -0.6209
vn 0.0745 0.8319 -0.5500
vn -0.0984 0.7244 -0.6824
vn -0.0960 0.8992 -0.4268
vn 0.0449 0.9286 -0.3683
vn 0.0335 0.8633 -0.5036
vn 0.0071 0.9544 -0.2986
vn -0.0900 0.9645 -0.2484
vn 0.1807 0.9280 -0.3259
vn 0.1661 0.9752 -0.1463
vn -0.0166 0.9934 -0.1138
vn 0.1862 0.9161 -0.3550
vn 0.1514 0.9753 -0.1608
vn 0.1205 0.9788 -0.1654
vn 0.0968 0.9953 0.0101
vn 0.1249 0.9921 0.0118
vn -0.0055 1.0000 -0.0079
vn -0.0225 0.9843 0.1751
vn 0.0694 0.9826 0.1721
vn -0.0546 0.9360 0.3477
vn 0.0444 0.9333 0.3565
vn -0.1039 0.8486 0.5188
vn 0.0293 0.8567 0.5150
vn -0.1778 0.6975 0.6942
vn 0.0146 0.7203 0.6935
vn -0.2636 0.4293 0.8638
vn -0.0099 0.4835 0.8753
vn -0.0371 0.1603 0.9864
vn 0.1132 0.2036 0.9725
vn 0.1096 0.4822 0.8692
vn 0.1112 -0.1269 0.9857
vn 0.1652 -0.1276 0.9780
vn 0.1766 0.2068 0.9623
vn -0.4604 -0.0501 0.8863
vn -0.4106 0.2519 0.8763
vn -0.8674 0.1316 0.4799
vn -0.4951 -0.4072 0.7675
vn -0.8934 -0.2636 0.3637
vn 0.1589 -0.4069 0.8996
vn 0.1124 -0.3857 0.9157
vn -0.0460 -0.3605 0.9316
vn -0.0251 -0.5604 0.8278
vn 0.1183 -0.5907 0.7982
vn -0.3006 -0.5168 0.8016
vn -0.2630 -0.6937 0.6705
vn 0.0073 -0.7538 0.6571
vn -0.1704 -0.6862 0.7072
vn -0.1827 -0.7819 0.5960
vn -0.1993 -0.8298 0.5213
vn 0.1625 -0.7537 0.6368
vn 0.1880 -0.8282 0.5279
vn -0.1754 -0.9059 0.3855
vn 0.1637 -0.7976 0.5805
vn 0.1302 -0.9256 0.3554
vn 0.2236 -0.9316 0.2864
vn 0.0942 -0.9462 0.3096
vn 0.0482 -0.9986 -0.0196
vn 0.0905 -0.9934 -0.0700
vn 0.0730 -0.9972 0.0151
vn 0.0600 -0.9675 -0.2456
vn 0.0416 -0.9586 -0.2817
vn 0.1470 -0.9621 -0.2299
vn 0.1500 -0.8810 -0.4487
vn 0.0588 -0.8778 -0.4754
vn 0.4712 -0.8135 -0.3409
vn 0.4636 -0.7177 -0.5195
vn 0.1758 -0.7687 -0.6149
vn 0.9130 -0.3739 -0.1633
vn 0.8587 -0.3416 -0.3821
vn 0.9447 -0.2701 -0.1860
vn 0.8675 -0.2596 -0.4243
vn 0.9094 -0.3354 -0.2458
vn 0.8175 -0.3669 -0.4439
vn 0.9329 -0.0668 -0.3538
vn 0.8309 -0.0898 -0.5492
vn 0.8114 0.1601 -0.5622
vn 0.6629 0.1926 -0.7235
vn 0.6854 -0.1190 -0.7183
vn 0.6556 0.2205 -0.7222
vn 0.4552 0.2226 -0.8621
vn 0.4895 0.2255 -0.8423
vn 0.2354 0.1980 -0.9515
vn 0.3089 0.2486 -0.9180
vn -0.0042 0.1205 -0.9927
vn 0.1732 0.2508 -0.9524
vn 0.0807 0.0860 -0.9930
vn -0.3025 0.0644 -0.9510
vn -0.4971 -0.1956 -0.8453
vn -0.7518 -0.1745 -0.6359
vn -0.4930 -0.0464 -0.8688
vn -0.7739 -0.2037 -0.5996
vn -0.3335 -0.2352 -0.9129
vn -0.8353 -0.1296 -0.5342
vn 0.2147 -0.2567 -0.9423
vn 0.4363 -0.2554 -0.8628
vn 0.8139 -0.1508 -0.5611
vn 0.7468 -0.1747 -0.6417
vn 0.7284 -0.1862 -0.6593
vn 0.5862 -0.1561 -0.7950
vn 0.3656 -0.1329 -0.9213
vn 0.1488 0.1159 -0.9820
vn 0.4394 0.0426 -0.8973
vn 0.0573 -0.1122 -0.9920
vn -0.0844 0.1298 -0.9879
vn -0.3168 0.1189 -0.9410
vn -0.3220 0.2235 -0.9200
vn -0.1357 0.1829 -0.9737
vn -0.3457 0.2381 -0.9076
vn -0.1856 0.2371 -0.9536
vn -0.5320 0.2361 -0.8132
vn -0.5228 0.2151 -0.8249
vn -0.6836 0.1820 -0.7068
vn -0.6980 -0.1513 -0.6999
vn -0.5329 -0.1734 -0.8282
vn -0.8379 -0.1218 -0.5321
vn -0.8315 -0.3666 -0.4174
vn -0.6892 -0.3686 -0.6237
vn -0.8800 -0.2634 -0.3952
vn -0.7464 -0.2185 -0.6286
vn -0.8847 -0.3040 -0.3534
vn -0.7845 -0.2729 -0.5568
vn -0.5724 -0.6832 -0.4535
vn -0.5408 -0.6142 -0.5747
vn -0.2119 -0.8030 -0.5570
vn -0.2751 -0.6806 -0.6790
vn -0.3411 -0.5010 -0.7954
vn -0.0988 -0.6187 -0.7794
vn -0.1233 -0.4364 -0.8913
vn -0.1511 -0.1835 -0.9713
vn -0.1055 -0.4052 -0.9081
vn -0.1216 -0.1716 -0.9776
vn -0.1363 0.1059 -0.9850
vn -0.1499 -0.1587 -0.9759
vn -0.1656 0.1283 -0.9778
vn -0.1690 0.3893 -0.9055
vn -0.0481 0.1621 -0.9856
vn -0.0684 0.4323 -0.8991
vn -0.0966 0.6492 -0.7544
vn 0.2516 0.4454 -0.8592
vn 0.2588 0.6322 -0.7303
vn 0.2581 0.7563 -0.6011
vn 0.0719 0.6406 -0.7645
vn 0.0728 0.7838 -0.6167
vn -0.5804 -0.7500 -0.3173
vn -0.1849 -0.8921 -0.4124
vn -0.5558 -0.8230 -0.1170
vn -0.1707 -0.9635 -0.2061
vn -0.9259 -0.3778 -0.0077
vn -0.9210 -0.3804 0.0838
vn -0.5250 -0.8479 0.0737
vn -0.9652 -0.2447 0.0923
vn -0.9506 -0.2536 0.1787
vn -0.9180 -0.3546 0.1776
vn -0.9306 -0.2780 0.2380
vn -0.8580 -0.2859 0.4267
vn -0.8813 -0.2962 0.3682
vn -0.9978 -0.0589 0.0303
vn -0.9720 -0.0167 0.2344
vn -0.9599 -0.2668 0.0858
vn -0.9948 0.1017 -0.0059
vn -0.9835 0.1044 0.1476
vn -0.9656 0.2078 0.1565
vn -0.9029 0.2002 0.3804
vn -0.9380 0.1067 0.3297
vn -0.7797 0.1754 0.6010
vn -0.8659 0.0890 0.4922
vn -0.6059 0.1368 0.7837
vn -0.7657 0.0470 0.6415
vn -0.6305 -0.0146 0.7760
vn -0.7220 0.2319 0.6519
vn -0.7488 0.2462 0.6154
vn -0.4690 -0.0758 0.8799
vn -0.6904 0.1011 0.7163
vn -0.5350 -0.0433 0.8437
vn -0.6009 -0.2185 0.7689
vn -0.7779 -0.3195 0.5411
vn -0.6836 0.2441 0.6879
vn -0.9016 -0.0179 0.4323
vn -0.2973 -0.1504 0.9429
vn -0.3775 -0.0862 0.9220
vn -0.0679 -0.1368 0.9883
vn -0.0251 0.0064 0.9997
vn -0.0109 -0.0554 0.9984
vn 0.0230 0.0096 0.9997
vn 0.0170 -0.1191 0.9927
vn -0.0542 0.1291 0.9901
vn 0.1282 -0.1822 0.9749
vn 0.1585 0.2849 0.9454
vn 0.4516 -0.1433 0.8807
vn 0.4446 0.2752 0.8524
vn 0.6608 -0.0903 0.7451
vn 0.7242 0.1896 0.6630
vn 0.8585 0.0026 0.5128
vn 0.6758 -0.3175 0.6652
vn 0.6636 -0.4370 0.6071
vn 0.6820 -0.2901 0.6714
vn 0.8194 -0.3988 0.4117
vn 0.5506 -0.4127 0.7256
vn 0.6306 -0.5211 0.5751
vn 0.5989 -0.3942 0.6971
vn 0.2077 -0.5355 0.8186
vn 0.2643 -0.4432 0.8566
vn 0.2923 -0.1585 0.9431
vn 0.2015 -0.3145 0.9276
vn 0.2307 -0.1056 0.9673
vn 0.2494 0.1669 0.9539
vn 0.0499 -0.1587 0.9861
vn 0.0189 0.1252 0.9920
vn 0.0056 0.4259 0.9048
vn 0.2104 0.0911 0.9734
vn 0.2093 0.4404 0.8731
vn 0.1838 0.6996 0.6905
vn 0.3481 0.4486 0.8231
vn 0.3357 0.6690 0.6631
vn 0.3017 0.8335 0.4628
vn -0.1204 0.6823 0.7211
vn -0.1293 0.8418 0.5242
vn 0.2659 0.9292 0.2568
vn -0.1463 0.9343 0.3251
vn -0.0955 0.4248 0.9002
vn 0.3307 0.1267 0.9352
vn -0.0568 0.1387 0.9887
vn -0.0487 -0.1041 0.9934
vn -0.3364 -0.0970 0.9367
vn -0.3320 0.1139 0.9364
vn -0.0899 -0.4056 0.9096
vn -0.3181 -0.3209 0.8921
vn 0.1928 -0.5095 0.8386
vn 0.1608 -0.6535 0.7397
vn -0.1375 -0.5829 0.8008
vn 0.1677 -0.6270 0.7607
vn 0.1744 -0.6804 0.7118
vn 0.1550 -0.7050 0.6921
vn 0.1595 -0.6243 0.7647
vn 0.1662 -0.7108 0.6834
vn 0.1768 -0.7206 0.6704
vn 0.1400 -0.7012 0.6991
vn 0.1193 -0.8236 0.5544
vn 0.1417 -0.8238 0.5489
vn 0.2001 -0.8047 0.5590
vn 0.1733 -0.9296 0.3253
vn 0.0934 -0.9453 0.3125
vn 0.5220 -0.8106 0.2654
vn 0.5138 -0.8525 0.0962
vn 0.1519 -0.9875 0.0421
vn 0.9282 -0.3582 0.1010
vn 0.9222 -0.3857 -0.0260
vn 0.4942 -0.8509 -0.1784
vn 0.9645 -0.2456 0.0972
vn 0.9660 -0.2585 -0.0041
vn 0.9580 -0.2688 0.0996
vn 0.9559 -0.2885 -0.0560
vn 0.9975 -0.0276 0.0650
vn 0.9877 -0.0501 -0.1484
vn 0.9944 0.1045 0.0166
vn 0.9830 0.1085 -0.1480
vn 0.9703 0.1815 -0.1597
vn 0.9237 0.1764 -0.3401
vn 0.9297 0.1288 -0.3449
vn 0.9191 0.0886 -0.3838
vn 0.7956 0.0914 -0.5989
vn 0.8188 0.1968 -0.5392
vn 0.7381 -0.0611 -0.6720
vn 0.5166 -0.0841 -0.8521
vn 0.6021 0.0855 -0.7939
vn 0.2302 -0.1262 -0.9649
vn 0.3618 0.0868 -0.9282
vn 0.1027 -0.2914 -0.9511
vn -0.2628 -0.2682 -0.9268
vn -0.1209 -0.1773 -0.9767
vn 0.0929 -0.1724 -0.9806
vn -0.2703 -0.1483 -0.9513
vn 0.1250 0.2350 -0.9639
vn -0.2315 0.2343 -0.9442
vn -0.2354 0.1896 -0.9532
vn -0.5749 0.1690 -0.8006
vn -0.5573 0.2016 -0.8054
vn -0.7722 0.1427 -0.6192
vn -0.7774 0.1580 -0.6088
vn -0.8840 0.1240 -0.4508
vn -0.8617 0.1130 -0.4946
vn -0.9647 0.0186 -0.2626
vn -0.9657 -0.0755 -0.2486
vn -0.8725 -0.1405 -0.4679
vn -0.9585 -0.2365 -0.1595
vn -0.8986 -0.2569 -0.3558
vn -0.7806 -0.5735 -0.2485
vn -0.8178 -0.4026 -0.4113
vn -0.8285 -0.2251 -0.5127
vn 0.5057 -0.6793 -0.5317
vn 0.3239 -0.4794 -0.8156
vn 0.5430 -0.8038 -0.2430
vn 0.9548 -0.2573 -0.1485
vn 0.9227 -0.2581 -0.2863
vn 0.9751 -0.1068 -0.1943
vn 0.9039 -0.1651 -0.3947
vn 0.9803 -0.0346 -0.1945
vn 0.9097 0.0376 -0.4135
vn 0.9262 0.1413 -0.3494
vn 0.8326 0.1724 -0.5263
vn 0.8385 0.0809 -0.5389
vn 0.7008 0.2132 -0.6808
vn 0.7233 0.1005 -0.6831
vn 0.4847 0.2566 -0.8362
vn 0.5065 0.1203 -0.8538
vn 0.2053 0.1307 -0.9699
vn 0.2497 -0.1932 -0.9488
vn 0.5407 -0.1869 -0.8202
vn 0.2138 -0.2640 -0.9405
vn 0.5191 -0.2350 -0.8218
vn -0.0673 -0.2237 -0.9723
vn -0.1164 -0.2545 -0.9600
vn -0.4089 -0.2176 -0.8863
vn -0.5101 -0.0653 -0.8576
vn -0.2536 -0.0891 -0.9632
vn -0.6920 -0.0450 -0.7205
vn -0.7203 0.0697 -0.6901
vn -0.5394 0.0932 -0.8369
vn -0.8508 0.0605 -0.5221
vn -0.8462 0.1960 -0.4956
vn -0.7077 0.2232 -0.6704
vn -0.9286 0.1797 -0.3246
vn -0.9289 0.1257 -0.3484
vn -0.8266 0.1514 -0.5421
vn -0.9808 0.1082 -0.1624
vn -0.9836 -0.0809 -0.1610
vn -0.9308 -0.0989 -0.3520
vn -0.9544 -0.2914 -0.0647
vn -0.9115 -0.3342 -0.2398
vn -0.9668 -0.2553 -0.0091
vn -0.9456 -0.2722 -0.1783
vn -0.9697 0.1857 -0.1588
vn -0.9785 0.0762 -0.1916
vn -0.9971 0.0757 -0.0053
vn -0.9797 0.2004 -0.0052
vn -0.9924 -0.1183 0.0327
vn -0.9557 -0.1485 0.2539
vn -0.9768 0.0656 0.2038
vn -0.8597 -0.1559 0.4864
vn -0.8938 0.0574 0.4448
vn -0.6874 -0.1446 0.7118
vn -0.7401 0.0574 0.6700
vn -0.4470 -0.1161 0.8869
vn -0.5085 0.0574 0.8592
vn -0.1676 -0.0725 0.9832
vn -0.2267 0.0514 0.9726
vn 0.1110 0.0243 0.9935
vn -0.0997 0.0025 0.9950
vn -0.3677 0.0799 0.9265
vn 0.1502 -0.0186 0.9885
vn 0.0763 -0.1875 0.9793
vn 0.4435 -0.1249 0.8875
vn 0.4358 0.0006 0.9000
vn 0.4171 -0.2295 0.8794
vn 0.6534 -0.2145 0.7260
vn 0.6303 -0.1172 0.7675
vn 0.3525 -0.2284 0.9075
vn 0.5916 -0.1759 0.7868
vn 0.4888 -0.0164 0.8722
vn 0.6887 0.0399 0.7239
vn 0.7390 -0.1319 0.6607
vn 0.8366 0.0775 0.5423
vn 0.8383 -0.1013 0.5357
vn 0.9139 0.0910 0.3957
vn 0.8881 -0.0950 0.4497
vn 0.9506 -0.0962 0.2953
vn 0.9459 -0.1388 0.2934
vn 0.8867 -0.1838 0.4242
vn 0.9238 -0.2814 0.2595
vn 0.8678 -0.2901 0.4035
vn 0.6311 -0.6838 0.3662
vn 0.6339 -0.5129 0.5789
vn -0.7586 -0.4031 0.5119
vn -0.7053 -0.2669 0.6567
vn 0.5931 -0.3377 0.7309
vn -0.6631 -0.0914 0.7430
vn 0.3628 -0.1502 0.9197
vn -0.7656 -0.5349 0.3575
vn -0.9712 -0.2321 0.0529
vn -0.9254 -0.2661 0.2701
vn -0.7554 -0.6506 0.0776
vn -0.9971 -0.0654 0.0380
vn -0.9479 -0.1079 0.2999
vn -0.9980 -0.0589 0.0220
vn -0.9580 -0.0807 0.2750
vn -0.9773 0.1131 0.1791
vn -0.9286 0.1005 0.3572
vn -0.8939 -0.0723 0.4424
vn -0.8405 0.0750 0.5366
vn -0.8342 -0.0759 0.5462
vn -0.6975 0.0295 0.7160
vn -0.7120 -0.1129 0.6930
vn -0.4895 -0.1647 0.8563
vn -0.4885 -0.1921 0.8511
vn -0.6877 -0.1749 0.7046
vn -0.4946 -0.2268 0.8390
vn -0.6389 -0.2182 0.7377
vn -0.1845 -0.2556 0.9490
vn -0.2564 -0.0457 0.9655
vn -0.4594 -0.0206 0.8880
vn -0.3532 0.0107 0.9355
vn -0.4871 0.0089 0.8733
vn -0.4151 -0.0213 0.9095
vn -0.5433 -0.0002 0.8395
vn -0.2348 -0.1762 0.9559
vn -0.4328 -0.2040 0.8781
vn 0.2709 -0.3849 0.8823
vn 0.1540 -0.6442 0.7492
vn -0.1960 -0.1290 0.9721
vn 0.2192 -0.3166 0.9229
vn -0.2485 -0.0210 0.9684
vn -0.1426 0.0205 0.9896
vn -0.0221 -0.0992 0.9948
vn 0.2465 -0.1619 0.9555
vn 0.1245 0.0291 0.9918
vn 0.4868 -0.2023 0.8498
vn 0.4168 0.0278 0.9086
vn 0.7204 0.0014 0.6936
vn 0.7036 0.1468 0.6953
vn 0.4248 0.0935 0.9004
vn 0.8023 0.0734 0.5924
vn 0.6238 0.0034 0.7816
vn 0.8391 0.1060 0.5336
vn 0.8484 0.0148 0.5292
vn 0.9067 0.0744 0.4152
vn 0.7988 -0.2587 0.5431
vn 0.7709 -0.1484 0.6195
vn 0.7965 -0.3463 0.4956
vn 0.6336 -0.3400 0.6950
vn 0.8897 -0.2770 0.3630
vn 0.6880 -0.2325 0.6875
vn 0.5743 -0.6969 0.4296
vn 0.5790 -0.5263 0.6227
vn 0.9397 -0.2619 0.2201
vn 0.9312 -0.3100 0.1918
vn 0.9075 -0.2893 0.3046
vn 0.9549 0.0169 0.2966
vn 0.9151 0.1108 0.3878
vn 0.9733 0.1140 0.1994
vn 0.8767 0.1762 0.4476
vn 0.9620 0.1921 0.1942
vn 0.9806 0.0020 0.1958
vn 0.9995 0.0295 -0.0112
vn 0.9812 0.1931 0.0045
vn 0.9907 -0.1361 0.0028
vn 0.9771 -0.0888 -0.1932
vn 0.9786 0.0635 -0.1958
vn 0.9463 -0.2451 -0.2108
vn 0.8410 -0.2689 -0.4696
vn 0.9024 -0.0607 -0.4267
vn 0.7903 -0.2393 -0.5640
vn 0.6286 -0.2421 -0.7390
vn 0.6550 -0.2857 -0.6995
vn 0.3924 -0.2096 -0.8956
vn 0.4079 -0.2939 -0.8645
vn 0.6663 0.1764 -0.7245
vn 0.4388 0.2140 -0.8727
vn 0.6614 0.1101 -0.7419
vn 0.4436 0.1438 -0.8846
vn 0.4552 -0.2718 -0.8479
vn 0.1609 -0.2531 -0.9540
vn 0.1323 0.1787 -0.9750
vn 0.2247 -0.3642 -0.9038
vn -0.2113 -0.3489 -0.9130
vn -0.2383 -0.2253 -0.9447
vn -0.5823 -0.2915 -0.7589
vn -0.5976 -0.1952 -0.7777
vn -0.7740 -0.2471 -0.5829
vn -0.7664 -0.1780 -0.6173
vn -0.8820 -0.2291 -0.4119
vn -0.8725 -0.1649 -0.4599
vn -0.9453 -0.2241 -0.2369
vn -0.9458 -0.1561 -0.2848
vn -0.9835 -0.1488 -0.1024
vn -0.9930 0.1145 -0.0282
vn -0.9645 0.1104 -0.2400
vn -0.9678 -0.2309 -0.1003
vn -0.9712 -0.2323 0.0538
vn -0.9852 -0.1359 0.1047
vn -0.9449 -0.2289 0.2341
vn -0.9503 -0.1229 0.2861
vn -0.8676 -0.2179 0.4470
vn -0.8567 -0.1238 0.5007
vn -0.7273 -0.1965 0.6576
vn -0.7072 -0.1347 0.6941
vn -0.4886 -0.1608 0.8575
vn -0.4437 -0.1463 0.8842
vn -0.1602 -0.1442 0.9765
vn -0.1616 -0.1086 0.9809
vn -0.4501 -0.0441 0.8919
vn 0.1671 -0.1517 0.9742
vn 0.1456 -0.2474 0.9579
vn -0.1992 -0.2144 0.9562
vn 0.1742 -0.1889 0.9664
vn -0.1586 -0.2050 0.9658
vn 0.4223 -0.1742 0.8896
vn 0.3196 -0.3195 0.8921
vn 0.0956 -0.2901 0.9522
vn 0.5924 -0.1827 0.7847
vn 0.5019 -0.3345 0.7977
vn 0.7402 -0.2046 0.6405
vn 0.6831 -0.3274 0.6528
vn 0.8538 -0.2970 0.4276
vn 0.8828 -0.2063 0.4221
vn 0.7174 -0.2188 0.6614
vn 0.9446 -0.2563 0.2053
vn 0.9651 -0.1776 0.1924
vn 0.9486 -0.2108 0.2359
vn 0.9773 -0.2095 -0.0303
vn 0.9718 -0.2355 0.0099
vn 0.9982 -0.0356 -0.0489
vn 0.9413 0.0389 -0.3353
vn 0.9274 -0.2222 -0.3009
vn 0.9411 0.0359 -0.3362
vn 0.8223 0.0786 -0.5636
vn 0.8121 0.1198 -0.5712
vn 0.9023 -0.2611 -0.3431
vn 0.7716 -0.2791 -0.5716
vn 0.7734 -0.3247 -0.5445
vn 0.6462 -0.3391 -0.6837
vn 0.6262 -0.2817 -0.7270
vn 0.7197 -0.1785 -0.6709
vn 0.5254 -0.1846 -0.8306
vn 0.4957 -0.3515 -0.7942
vn 0.5171 0.1453 -0.8435
vn 0.2507 0.1748 -0.9522
vn 0.2417 -0.2060 -0.9482
vn -0.1259 0.2210 -0.9671
vn -0.1898 -0.2064 -0.9599
vn -0.4569 0.2579 -0.8513
vn -0.5412 -0.1748 -0.8225
vn -0.6992 0.2899 -0.6535
vn -0.7894 -0.1324 -0.5994
vn -0.8216 0.3225 -0.4701
vn -0.9090 -0.1038 -0.4037
vn -0.8677 0.3581 -0.3449
vn -0.9694 -0.0800 -0.2321
vn -0.9027 0.3903 -0.1812
vn -0.9931 -0.0596 -0.1011
vn -0.9157 0.4018 0.0062
vn -0.9985 -0.0458 0.0298
vn -0.9000 0.3700 0.2303
vn -0.9780 -0.0349 0.2057
vn -0.8278 0.2930 0.4784
vn -0.9101 -0.0350 0.4130
vn -0.7170 0.2073 0.6655
vn -0.7800 -0.0386 0.6246
vn -0.5076 0.1049 0.8552
vn -0.5565 -0.0464 0.8295
vn -0.2049 0.0071 0.9788
vn -0.2121 -0.0601 0.9754
vn 0.1692 -0.0743 0.9828
vn 0.1619 -0.1087 0.9808
vn -0.1787 -0.1264 0.9757
vn 0.4742 -0.0994 0.8748
vn 0.4362 -0.1339 0.8898
vn 0.1638 -0.1337 0.9774
vn 0.6470 -0.1424 0.7491
vn 0.6217 -0.1575 0.7673
vn 0.4179 -0.1609 0.8941
vn 0.6215 -0.2250 0.7504
vn 0.4228 -0.2486 0.8714
vn 0.7680 -0.1553 0.6214
vn 0.7688 -0.1866 0.6117
vn 0.8805 -0.1414 0.4524
vn 0.8834 -0.1402 0.4472
vn 0.9671 -0.0919 0.2371
vn 0.9691 -0.0950 0.2276
vn 0.9514 -0.1904 0.2420
vn 0.9721 -0.2290 -0.0517
vn 0.9988 -0.0247 -0.0414
vn 0.9607 -0.1869 0.2052
vn 0.9678 -0.2411 -0.0721
vn 0.9807 -0.1675 -0.1013
vn 0.9157 -0.1825 -0.3580
vn 0.8911 -0.2928 -0.3466
vn 0.9638 0.0008 -0.2665
vn 0.9015 0.0638 -0.4281
vn 0.8303 -0.1834 -0.5262
vn 0.9169 -0.1424 -0.3730
vn 0.7699 -0.1036 -0.6297
vn 0.7619 0.1152 -0.6374
vn 0.8048 -0.1448 -0.5756
vn 0.5595 -0.0995 -0.8229
vn 0.5137 -0.0352 -0.8572
vn 0.2553 -0.0628 -0.9648
vn 0.2583 0.0268 -0.9657
vn -0.1039 -0.0245 -0.9943
vn -0.1200 0.0939 -0.9883
vn -0.4149 0.0069 -0.9099
vn -0.4381 0.1479 -0.8867
vn -0.7156 0.0315 -0.6978
vn -0.7107 0.1778 -0.6806
vn -0.9055 0.0307 -0.4233
vn -0.8603 0.1632 -0.4830
vn -0.9822 -0.0018 -0.1879
vn -0.9373 0.1231 -0.3262
vn -0.9021 -0.1360 -0.4094
vn -0.9818 -0.0918 -0.1661
vn -0.6932 -0.1731 -0.6997
vn -0.4215 -0.2074 -0.8828
vn -0.2172 -0.5124 -0.8308
vn -0.4571 -0.4483 -0.7682
vn -0.1294 -0.2419 -0.9616
vn -0.3180 -0.8058 -0.4996
vn -0.5592 -0.6708 -0.4871
vn -0.3230 -0.9421 -0.0906
vn -0.6505 -0.7544 -0.0876
vn -0.6137 -0.7715 0.1679
vn -0.8212 -0.5627 0.0950
vn -0.8470 -0.5180 -0.1198
vn -0.9492 -0.3129 0.0340
vn -0.9422 -0.2911 -0.1657
vn -0.7622 -0.5856 -0.2759
vn -0.9230 -0.3371 -0.1856
vn -0.7907 -0.5718 -0.2187
vn -0.9388 -0.3174 -0.1338
vn -0.7974 -0.6003 -0.0621
vn -0.9581 -0.2861 -0.0153
vn -0.7690 -0.6228 0.1441
vn -0.9574 -0.2389 0.1624
vn -0.8994 -0.1166 0.4214
vn -0.7160 -0.5439 0.4376
vn -0.6503 -0.4326 0.6245
vn -0.4347 -0.8195 0.3735
vn -0.3017 -0.7794 0.5491
vn -0.0028 -0.6114 0.7913
vn -0.0186 -0.9099 0.4145
vn 0.3123 -0.7428 0.5921
vn 0.4924 -0.5695 0.6582
vn 0.4572 -0.8157 0.3544
vn 0.6104 -0.6584 0.4404
vn 0.7596 -0.4368 0.4818
vn 0.7371 -0.6530 0.1740
vn 0.8809 -0.4062 0.2430
vn 0.9437 -0.1337 0.3027
vn 0.9457 -0.3108 0.0955
vn 0.9805 -0.0559 0.1884
vn 0.9631 0.1144 0.2438
vn 0.9866 -0.0204 0.1620
vn 0.9534 0.1145 0.2790
vn 0.8684 0.2679 0.4173
vn 0.9415 -0.0148 0.3367
vn 0.8581 0.0681 0.5090
vn 0.7161 0.1559 0.6803
vn 0.8285 -0.1182 0.5473
vn 0.6690 -0.0700 0.7399
vn 0.4690 -0.0110 0.8831
vn 0.6797 -0.0979 0.7269
vn 0.4574 -0.0941 0.8843
vn 0.6991 -0.0932 0.7089
vn 0.4814 -0.0861 0.8722
vn 0.8284 -0.1000 0.5512
vn 0.8128 -0.1190 0.5703
vn 0.6809 -0.1043 0.7249
vn 0.9019 -0.1448 0.4069
vn 0.8844 -0.1642 0.4368
vn 0.7922 -0.1509 0.5913
vn 0.9250 -0.1143 0.3625
vn 0.9370 -0.0928 0.3367
vn 0.9877 -0.0789 0.1352
vn 0.9784 -0.1396 0.1524
vn 0.9726 -0.1571 0.1712
vn 0.9871 -0.1593 -0.0182
vn 0.9955 -0.0485 -0.0819
vn 0.9250 -0.1467 0.3504
vn 0.8328 -0.0963 0.5452
vn 0.2363 0.3187 0.9179
vn 0.5316 0.2352 0.8137
vn 0.1779 0.0613 0.9821
vn 0.2523 0.5807 0.7740
vn 0.5141 0.5136 0.6869
vn 0.4999 0.7165 0.4865
vn 0.7109 0.5600 0.4254
vn 0.7228 0.4092 0.5568
vn 0.5298 0.6722 0.5171
vn 0.6991 0.5249 0.4855
vn 0.5524 0.5318 0.6419
vn 0.7166 0.3676 0.5927
vn 0.5211 0.2397 0.8192
vn 0.7077 0.0451 0.7051
vn 0.4171 -0.0977 0.9036
vn 0.6157 -0.3206 0.7198
vn 0.3024 0.6646 0.6833
vn 0.2956 0.7944 0.5306
vn -0.0330 0.8551 0.5173
vn 0.2785 0.8160 0.5066
vn -0.0148 0.8633 0.5044
vn -0.3266 0.8215 0.4675
vn -0.0631 0.6167 0.7847
vn -0.4031 0.5933 0.6968
vn -0.6889 0.5088 0.5163
vn -0.4814 0.3638 0.7974
vn -0.7500 0.2845 0.5972
vn -0.8825 0.1955 0.4277
vn -0.7139 0.1190 0.6901
vn -0.8506 0.0868 0.5187
vn -0.9607 0.2296 0.1559
vn -0.8558 0.3948 0.3343
vn -0.9613 0.0965 0.2579
vn -0.9405 0.2973 0.1643
vn -0.8156 0.5044 0.2834
vn -0.8311 0.4898 0.2634
vn -0.6261 0.6889 0.3653
vn -0.6153 0.6875 0.3858
vn -0.6795 0.4960 0.5406
vn -0.3462 0.6768 0.6497
vn -0.3412 0.8181 0.4629
vn -0.6309 0.1604 0.7591
vn -0.3091 0.3281 0.8926
vn -0.4044 -0.2248 0.8865
vn -0.1147 -0.0248 0.9931
vn -0.8666 0.2836 0.4106
vn -0.8431 -0.0114 0.5377
vn -0.9315 0.1737 0.3196
vn -0.9282 0.3168 0.1950
vn -0.9541 0.0605 0.2933
vn -0.4787 0.1369 0.8672
vn -0.1270 0.3717 0.9196
vn -0.1703 0.1175 0.9784
vn -0.0746 0.7239 0.6859
vn 0.1583 -0.0648 0.9853
vn 0.9790 -0.0863 0.1846
vn 0.8813 0.3405 0.3277
vn 0.8451 -0.5343 0.0146
vn 0.5277 -0.8430 0.1045
vn 0.6273 -0.7754 -0.0728
vn 0.2807 -0.9448 -0.1689
vn 0.3316 -0.8843 -0.3288
vn 0.6735 -0.7023 -0.2306
vn 0.4532 -0.8896 0.0569
vn 0.7633 -0.6433 -0.0585
vn 0.4269 -0.8989 -0.0985
vn 0.7781 -0.6033 -0.1750
vn 0.0662 -0.9879 0.1400
vn 0.0343 -0.9958 -0.0854
vn 0.0298 -0.9369 -0.3484
vn -0.2953 -0.8907 -0.3456
vn -0.3121 -0.9320 0.1842
vn -0.2883 -0.9230 -0.2548
vn -0.5661 -0.7820 -0.2608
vn -0.5685 -0.7555 -0.3256
vn -0.2896 -0.9541 -0.0769
vn -0.5706 -0.8177 -0.0760
vn 0.0077 -0.9989 -0.0455
vn 0.0068 -0.9758 -0.2184
vn 0.2580 -0.9660 0.0185
vn 0.8684 -0.1245 0.4800
vn 0.1796 -0.9523 0.2468
vn 0.2554 -0.3749 0.8912
vn -0.5330 -0.8337 0.1445
vn -0.0608 -0.8841 -0.4634
vn 0.0800 -0.5847 -0.8073
vn 0.1828 -0.2669 -0.9462
vn 0.5362 -0.2921 -0.7919
vn 0.7823 -0.3119 -0.5391
vn 0.9096 -0.3346 -0.2463
vn 0.9300 -0.1767 -0.3223
vn 0.9740 -0.1570 -0.1632
vn -0.9972 0.0602 0.0447
vn -0.9863 0.0781 -0.1451
vn 0.8682 -0.2158 0.4468
vn 0.8968 -0.0090 0.4423
vn 0.6033 -0.7931 0.0837
vn 0.9612 -0.2694 0.0586
vn 0.9929 -0.1015 0.0619
vn 0.9945 -0.0836 0.0637
vn 0.9651 0.0987 0.2426
vn 0.9930 0.1106 0.0406
vn 0.9954 -0.0938 -0.0216
vn 0.9713 -0.1037 -0.2139
vn 0.9790 0.1221 -0.1633
vn 0.9553 -0.2350 -0.1794
vn 0.9218 -0.2275 -0.3139
vn 0.9204 -0.1115 -0.3748
vn 0.8401 -0.2367 -0.4880
vn 0.8381 -0.1223 -0.5316
vn 0.7159 -0.2649 -0.6460
vn 0.7349 -0.1374 -0.6642
vn 0.5246 -0.3040 -0.7952
vn 0.5240 -0.1586 -0.8368
vn 0.2028 -0.3423 -0.9175
vn 0.1972 -0.1771 -0.9643
vn -0.1675 -0.1998 -0.9654
vn -0.1459 0.2713 -0.9514
vn 0.1799 0.2797 -0.9431
vn -0.4068 0.2403 -0.8814
vn -0.4018 0.1116 -0.9089
vn -0.1285 0.1271 -0.9835
vn -0.6123 0.0892 -0.7856
vn -0.5685 -0.2852 -0.7717
vn -0.3498 -0.2594 -0.9002
vn -0.7328 -0.2812 -0.6197
vn -0.7979 -0.1497 -0.5838
vn -0.6262 -0.1761 -0.7595
vn -0.9167 -0.1487 -0.3709
vn -0.9259 -0.0362 -0.3761
vn -0.8269 -0.0299 -0.5616
vn -0.9756 -0.1761 -0.1312
vn -0.9813 -0.0722 -0.1786
vn -0.9640 -0.2275 -0.1375
vn -0.9685 -0.2198 0.1173
vn -0.9720 -0.2204 0.0816
vn -0.9128 -0.2331 0.3353
vn -0.9205 -0.2665 0.2858
vn -0.8229 -0.2286 0.5201
vn -0.7994 -0.3103 0.5144
vn -0.6991 -0.2007 0.6862
vn -0.6238 -0.3294 0.7087
vn -0.5181 -0.1844 0.8352
vn -0.4243 -0.3089 0.8512
vn -0.3036 -0.1936 0.9329
vn -0.1982 -0.2566 0.9460
vn -0.2873 -0.2920 0.9123
vn 0.0193 -0.2759 0.9610
vn 0.0173 -0.2217 0.9750
vn -0.3297 -0.1553 0.9312
vn -0.0922 -0.1355 0.9865
vn -0.1074 -0.1410 0.9842
vn 0.1782 -0.1412 0.9738
vn 0.2102 -0.0861 0.9739
vn 0.2000 -0.1394 0.9698
vn 0.4804 -0.1661 0.8611
vn 0.4632 -0.1308 0.8766
vn 0.7082 -0.1970 0.6780
vn 0.6941 -0.1076 0.7118
vn 0.8603 -0.2175 0.4611
vn 0.8613 -0.0858 0.5008
vn 0.9302 -0.2291 0.2867
vn 0.9385 -0.0782 0.3363
vn 0.9639 -0.2380 0.1191
vn 0.9813 -0.0825 0.1740
vn 0.9900 -0.0962 0.1030
vn 0.9935 -0.1058 -0.0410
vn 0.9700 -0.2399 -0.0383
vn 0.9279 0.3646 -0.0773
vn 0.9088 0.3412 -0.2399
vn 0.9805 -0.1208 -0.1553
vn 0.8826 0.3044 -0.3583
vn 0.9522 -0.1368 -0.2729
vn 0.8291 0.2606 -0.4946
vn 0.8880 -0.1495 -0.4349
vn 0.6895 0.2187 -0.6905
vn 0.7336 -0.1712 -0.6576
vn 0.4322 0.1862 -0.8823
vn 0.5031 -0.2107 -0.8381
vn 0.0990 0.1617 -0.9819
vn 0.1688 -0.2593 -0.9509
vn -0.2356 0.1372 -0.9621
vn -0.2584 -0.2657 -0.9288
vn -0.5194 -0.2390 -0.8204
vn -0.4768 -0.3503 -0.8062
vn -0.2388 -0.3533 -0.9045
vn -0.6303 -0.3432 -0.6964
vn -0.6234 -0.2308 -0.7470
vn -0.4306 -0.2202 -0.8753
vn -0.7581 -0.2330 -0.6091
vn -0.7865 0.1520 -0.5986
vn -0.6152 0.1993 -0.7627
vn -0.9158 0.0991 -0.3893
vn -0.9003 -0.0171 -0.4349
vn -0.7587 0.0509 -0.6495
vn -0.9901 0.0355 -0.1355
vn -0.9821 -0.0779 -0.1717
vn -0.9903 -0.0405 0.1331
vn -0.9869 -0.1198 0.1078
vn -0.9268 -0.1031 0.3611
vn -0.9247 -0.1505 0.3498
vn -0.8271 -0.1357 0.5454
vn -0.8403 -0.1885 0.5083
vn -0.7082 -0.1466 0.6906
vn -0.7202 -0.2398 0.6510
vn -0.5501 -0.1548 0.8207
vn -0.5335 -0.2793 0.7984
vn -0.7304 -0.1607 0.6639
vn -0.5678 -0.1527 0.8089
vn -0.6087 -0.1066 0.7862
vn -0.3945 -0.1090 0.9124
vn -0.3600 -0.1435 0.9218
vn -0.4102 -0.0827 0.9083
vn -0.1098 -0.0773 0.9909
vn -0.1060 -0.1207 0.9870
vn -0.1149 -0.0530 0.9920
vn 0.2142 0.0127 0.9767
vn 0.2308 -0.0747 0.9701
vn 0.5062 0.0983 0.8568
vn 0.5403 -0.0773 0.8379
vn 0.7152 0.1865 0.6736
vn 0.7711 -0.0826 0.6313
vn 0.8310 0.2627 0.4903
vn 0.8973 -0.0878 0.4327
vn 0.8923 0.3231 0.3154
vn 0.9628 -0.0913 0.2544
vn 0.9176 0.1135 0.3809
vn 0.9826 0.1073 0.1519
vn 0.9254 0.3629 0.1096
vn 0.9361 0.1163 0.3319
vn 0.9839 0.0307 0.1760
vn 0.9424 0.2658 0.2028
vn 0.9859 0.1460 0.0823
vn 0.9243 0.3500 0.1524
vn 0.9854 0.1593 0.0594
vn 0.9774 0.1607 0.1370
vn 0.9973 -0.0210 0.0702
vn 0.9999 -0.0121 -0.0098
vn 0.9742 -0.2251 0.0146
vn 0.9805 -0.1812 -0.0761
vn 0.8775 -0.4786 -0.0310
vn 0.8805 -0.4460 -0.1609
vn 0.6917 -0.6883 -0.2187
vn 0.6680 -0.6703 -0.3233
vn 0.8790 -0.4175 -0.2304
vn 0.7158 -0.6902 0.1059
vn 0.9212 -0.3849 0.0567
vn 0.7314 -0.6819 -0.0115
vn 0.9117 -0.3890 -0.1320
vn 0.4892 -0.8565 0.1644
vn 0.4661 -0.8843 0.0289
vn 0.1531 -0.9879 0.0226
vn 0.1511 -0.9336 -0.3249
vn 0.3920 -0.8586 -0.3303
vn 0.1370 -0.6254 -0.7681
vn 0.4244 -0.5767 -0.6981
vn 0.0716 -0.2827 -0.9565
vn 0.4024 -0.2704 -0.8746
vn 0.6967 -0.2338 -0.6782
vn 0.4099 -0.0023 -0.9121
vn 0.6961 0.0319 -0.7173
vn 0.9018 0.0348 -0.4307
vn 0.6730 0.2023 -0.7115
vn 0.8364 0.2033 -0.5090
vn 0.9805 -0.1182 -0.1573
vn 0.9103 -0.1771 -0.3741
vn 0.9789 0.0012 -0.2043
vn 0.9198 0.1764 -0.3505
vn 0.4293 0.1699 -0.8871
vn 0.0721 -0.0551 -0.9959
vn 0.1137 0.1203 -0.9862
vn -0.2458 -0.0972 -0.9645
vn -0.2305 0.0559 -0.9715
vn -0.5250 -0.1196 -0.8426
vn -0.5076 -0.0079 -0.8616
vn -0.7427 -0.0701 -0.6659
vn -0.7238 0.1068 -0.6817
vn -0.5048 0.1234 -0.8544
vn -0.8763 0.0661 -0.4772
vn -0.7888 -0.2230 -0.5728
vn -0.6913 -0.2224 -0.6875
vn -0.8841 -0.2212 -0.4116
vn -0.8575 -0.3059 -0.4136
vn -0.7361 -0.3317 -0.5901
vn -0.9489 -0.2638 -0.1729
vn -0.9649 -0.2124 -0.1544
vn -0.8785 -0.2264 -0.4206
vn -0.9728 -0.2088 0.0999
vn -0.9715 -0.1928 0.1381
vn -0.9306 -0.1617 0.3284
vn -0.9173 -0.1773 0.3564
vn -0.8625 -0.1309 0.4888
vn -0.8380 -0.1688 0.5188
vn -0.8885 -0.1136 0.4447
vn -0.7797 -0.0985 0.6183
vn -0.7580 -0.1130 0.6424
vn -0.7811 -0.0917 0.6176
vn -0.6140 -0.0935 0.7837
vn -0.6330 -0.0889 0.7690
vn -0.5978 -0.0639 0.7991
vn -0.3904 -0.0103 0.9206
vn -0.3920 -0.0859 0.9160
vn -0.4222 0.2441 0.8730
vn -0.1456 0.3040 0.9415
vn -0.1276 0.0423 0.9909
vn 0.1878 0.3438 0.9201
vn 0.1957 0.0882 0.9767
vn 0.4904 0.3396 0.8026
vn 0.4835 0.1101 0.8684
vn 0.7042 0.2857 0.6500
vn 0.6845 0.1167 0.7196
vn 0.8412 0.2115 0.4976
vn 0.8276 0.1142 0.5496
vn 0.6941 0.5107 0.5074
vn 0.8290 0.4154 0.3745
vn 0.6594 0.6770 0.3268
vn 0.8171 0.5226 0.2434
vn 0.6168 0.7167 0.3254
vn 0.8281 0.5040 0.2453
vn 0.7290 0.4974 0.4703
vn 0.8516 0.3477 0.3922
vn 0.9128 0.3549 0.2022
vn 0.5945 0.3039 0.7445
vn 0.7372 0.0768 0.6713
vn 0.9298 0.1580 0.3323
vn 0.4997 -0.1310 0.8562
vn 0.2672 0.1893 0.9449
vn -0.0032 0.0146 0.9999
vn 0.1335 0.3302 0.9344
vn -0.0519 0.1690 0.9842
vn -0.2054 0.0197 0.9785
vn -0.2320 0.4215 0.8767
vn -0.4060 0.2723 0.8724
vn -0.5103 0.0948 0.8547
vn -0.5666 0.4505 0.6899
vn -0.6813 0.3157 0.6604
vn -0.7020 0.5317 0.4738
vn -0.8370 0.3479 0.4224
vn -0.9226 0.0984 0.3731
vn -0.8831 0.3189 0.3441
vn -0.9550 0.1196 0.2713
vn -0.9776 -0.0799 0.1946
vn -0.9676 0.0834 0.2384
vn -0.9900 -0.0757 0.1188
vn -0.9614 -0.0598 0.2684
vn -0.9872 -0.1238 0.1008
vn -0.9564 -0.1525 0.2489
vn -0.9850 -0.1566 0.0722
vn -0.9840 -0.1460 -0.1022
vn -0.9972 -0.0657 0.0344
vn -0.9813 -0.0298 -0.1902
vn -0.9848 -0.1677 0.0448
vn -0.9556 -0.2010 -0.2155
vn -0.9660 -0.0828 0.2448
vn -0.9509 -0.1355 0.2783
vn -0.9598 -0.1336 -0.2470
vn -0.9396 0.0168 -0.3418
vn -0.8917 -0.1367 0.4316
vn -0.9018 -0.0884 0.4230
vn -0.8991 0.0068 0.4376
vn -0.7920 0.0841 0.6047
vn -0.7638 -0.1061 0.6367
vn -0.7864 0.3666 0.4973
vn -0.6170 0.4769 0.6260
vn -0.6416 0.1666 0.7487
vn -0.5609 0.6870 0.4620
vn -0.3533 0.7972 0.4896
vn -0.3933 0.5614 0.7282
vn -0.1180 0.8603 0.4959
vn -0.1297 0.6139 0.7787
vn 0.1166 0.8723 0.4748
vn 0.1431 0.6283 0.7647
vn 0.4032 0.8123 0.4214
vn 0.4301 0.6043 0.6707
vn -0.3172 0.8238 0.4699
vn -0.0404 0.8922 0.4498
vn -0.2215 0.6779 0.7010
vn 0.0735 0.8063 0.5870
vn -0.0508 0.5171 0.8544
vn 0.2373 0.6187 0.7489
vn -0.4194 0.5691 0.7072
vn -0.5394 0.6861 0.4882
vn -0.7549 0.5141 0.4072
vn -0.8951 0.2434 0.3735
vn -0.8989 -0.3285 0.2899
vn -0.9345 -0.1056 0.3400
vn -0.9477 -0.3018 0.1043
vn -0.8649 -0.5012 0.0282
vn -0.9732 -0.2289 0.0212
vn -0.9001 -0.4251 -0.0952
vn -0.5740 -0.8060 0.1446
vn -0.7837 -0.5794 0.2238
vn -0.6432 -0.7614 -0.0809
vn -0.3773 -0.9133 -0.1530
vn -0.6688 -0.7088 -0.2244
vn -0.4023 -0.8621 -0.3082
vn -0.1025 -0.9278 -0.3586
vn -0.5217 -0.8520 0.0431
vn -0.1808 -0.9746 0.1325
vn -0.5472 -0.8347 0.0627
vn -0.1856 -0.9814 0.0495
vn -0.7677 -0.6393 -0.0439
vn -0.8209 -0.5660 -0.0755
vn 0.1809 -0.9561 -0.2305
vn -0.0697 -0.9770 -0.2016
vn 0.1733 -0.9126 -0.3702
vn 0.1891 -0.9807 -0.0489
vn -0.0336 -0.9994 -0.0125
vn 0.4333 -0.8582 0.2753
vn 0.1703 -0.9476 0.2704
vn 0.4427 -0.8942 -0.0661
vn 0.2817 -0.6547 0.7014
vn 0.0555 -0.7417 0.6684
vn 0.0887 -0.4388 0.8942
vn -0.1429 -0.5432 0.8274
vn -0.2881 -0.6128 0.7358
vn -0.3394 -0.2924 0.8940
vn -0.4255 -0.4036 0.8100
vn -0.6864 -0.5519 0.4735
vn -0.4939 -0.2343 0.8373
vn -0.7867 -0.3545 0.5054
vn -0.4060 -0.1331 0.9041
vn -0.4849 -0.7771 0.4011
vn -0.1269 -0.1006 0.9868
vn 0.4668 -0.5470 0.6949
vn 0.2464 -0.3252 0.9130
vn 0.6580 -0.6950 0.2898
vn 0.8198 -0.4919 0.2932
vn 0.6367 -0.3793 0.6714
vn 0.6925 -0.7188 -0.0608
vn 0.4416 -0.8643 -0.2408
vn 0.4301 -0.8252 -0.3660
vn 0.1618 -0.9704 0.1791
vn -0.3278 -0.9426 0.0629
vn 0.4241 0.4633 0.7781
vn 0.5131 0.6950 0.5037
vn -0.8973 -0.1131 -0.4268
vn -0.7947 -0.1431 -0.5899
vn -0.9219 -0.1689 -0.3487
vn -0.8158 -0.3135 -0.4859
vn -0.9131 -0.3380 -0.2279
vn -0.5204 -0.3002 -0.7994
vn -0.2386 -0.2833 -0.9289
vn -0.2191 -0.6575 -0.7209
vn -0.1506 -0.9452 -0.2897
vn 0.9698 0.1419 -0.1985
vn 0.9925 0.1180 -0.0316
vn -0.8784 -0.2526 -0.4056
vn -0.9309 0.0673 -0.3589
vn 0.2003 -0.6749 0.7102
vn 0.1867 -0.5657 0.8032
vn 0.1629 -0.5796 0.7985
vn 0.1783 -0.4700 0.8645
vn 0.1348 -0.5474 0.8260
vn 0.0975 -0.4184 0.9030
vn 0.1737 -0.5108 0.8419
vn 0.1958 -0.2524 0.9476
vn 0.2634 -0.2334 0.9360
vn 0.1460 0.8593 0.4902
vn 0.0092 0.6871 0.7265
vn 0.2519 0.3983 0.8820
vn 0.2188 0.1729 0.9603
vn 0.4356 -0.1202 0.8921
vn 0.2549 0.1874 0.9486
vn 0.3823 -0.0784 0.9207
vn 0.2937 -0.1189 0.9485
vn 0.3145 -0.0729 0.9464
vn 0.2198 0.0128 0.9755
vn -0.0367 0.0401 0.9985
vn -0.2555 -0.0196 0.9666
vn -0.2843 -0.0923 0.9543
vn -0.0720 -0.1224 0.9899
vn -0.4712 -0.2951 0.8312
vn -0.3252 -0.1143 0.9387
vn -0.9228 -0.3496 -0.1616
vn -0.0521 -0.1352 0.9894
vn -0.1728 0.9746 0.1428
vn 0.2016 0.8331 -0.5150
vn 0.0661 0.6957 -0.7153
vn -0.0793 0.4199 -0.9041
vn 0.1915 0.7943 0.5766
vn 0.3027 0.1220 0.9452
vn 0.2652 -0.0782 0.9610
vn 0.1839 0.1256 0.9749
vn 0.0463 0.0337 0.9984
vn -0.8834 -0.0946 0.4590
vn -0.6607 -0.2046 0.7222
vn 0.0654 0.9018 -0.4273
vn -0.1101 0.9719 -0.2079
vn 0.0995 0.9866 -0.1297
vn 0.0529 0.1772 -0.9827
vn -0.1469 -0.1249 -0.9812
vn 0.0433 -0.1312 -0.9904
vn -0.2474 -0.4030 -0.8811
vn -0.1349 -0.4008 -0.9062
vn -0.2325 -0.6202 -0.7492
vn -0.1093 -0.6289 -0.7697
vn -0.2559 -0.5913 -0.7648
vn -0.1570 -0.7438 -0.6497
vn -0.0021 -0.8662 -0.4996
vn 0.0698 -0.9766 0.2035
vn -0.1858 -0.8094 0.5571
vn -0.1743 -0.7278 0.6632
vn -0.1525 -0.6364 0.7561
vn -0.1856 -0.4958 0.8484
vn -0.2184 -0.4848 0.8469
vn -0.1216 0.9922 -0.0287
vn 0.1268 0.8798 0.4581
vn 0.0818 0.9489 0.3046
vn -0.0169 0.9004 0.4347
vn 0.0063 0.7940 0.6078
vn -0.0827 0.8952 0.4380
vn -0.0793 0.7969 0.5989
vn 0.2889 0.5354 0.7937
vn 0.2014 0.7426 0.6387
vn 0.0329 0.6184 0.7851
vn 0.0643 0.3750 0.9248
vn -0.0777 0.6290 0.7735
vn -0.0788 0.4070 0.9100
vn 0.0384 0.8682 0.4947
vn 0.0715 0.9524 0.2964
vn -0.2453 0.9486 0.2000
vn -0.2066 0.9783 0.0142
vn 0.1134 0.9889 0.0960
vn -0.0806 0.9942 0.0713
vn -0.0964 0.9886 -0.1160
vn -0.1751 0.9656 -0.1925
vn -0.1083 0.9936 -0.0307
vn -0.1299 0.9614 -0.2425
vn -0.1206 0.9475 -0.2962
vn -0.2793 0.9230 -0.2648
vn -0.2421 0.8396 -0.4863
vn -0.1483 0.8848 -0.4417
vn -0.2843 0.8348 -0.4715
vn -0.3297 0.6981 -0.6355
vn -0.2015 0.7154 -0.6691
vn -0.2317 0.8703 -0.4346
vn -0.1950 0.7505 -0.6315
vn -0.8743 0.3103 -0.3732
vn -0.7799 0.3458 -0.5218
vn -0.2595 0.9393 -0.2243
vn -0.9323 0.3179 -0.1724
vn -0.2412 0.9336 -0.2652
vn -0.3127 0.9488 -0.0450
vn -0.0878 0.9851 0.1480
vn -0.0780 0.9678 0.2394
vn -0.2900 0.8700 0.3987
vn 0.0052 0.7158 0.6983
vn -0.3603 0.5483 -0.7547
vn -0.8740 -0.3491 0.3381
vn -0.3978 -0.8242 0.4031
vn 0.3104 -0.9488 0.0590
vn 0.2753 0.3908 -0.8783
vn 0.7065 -0.5784 -0.4079
vn 0.1645 0.9804 0.1082
vn 0.2564 -0.9633 -0.0796
vn 0.1317 -0.9884 0.0763
vn 0.3587 -0.9249 0.1261
vn 0.1363 0.0353 0.9900
vn 0.2531 0.2343 -0.9386
vn -0.1467 0.2356 0.9607
vn -0.8499 0.4211 0.3169
vn -0.9715 -0.2284 0.0639
vn -0.3510 0.9146 -0.2008
vn -0.0540 -0.9982 -0.0245
vn -0.7192 0.3125 0.6206
vn -0.4149 0.3944 0.8199
vn -0.1890 -0.1565 0.9694
vn -0.0784 0.1409 0.9869
vn -0.1879 0.1551 0.9699
vn -0.1920 -0.1224 0.9737
vn 0.2728 -0.0422 0.9612
vn 0.2911 -0.3509 0.8900
vn 0.8097 0.2253 0.5419
vn 0.8727 -0.1059 0.4767
vn 0.8132 -0.4782 0.3318
vn 0.9355 0.0619 0.3479
vn 0.8633 -0.4341 0.2573
vn 0.8261 0.1462 0.5443
vn 0.7400 -0.4190 0.5262
vn 0.4581 -0.8082 0.3701
vn 0.6241 -0.3125 0.7162
vn 0.4097 -0.7361 0.5388
vn 0.6268 0.2661 0.7323
vn -0.1256 0.6906 0.7123
vn 0.3064 0.0254 -0.9516
vn 0.1146 -0.9631 0.2436
vn 0.2983 0.7982 0.5234
vn 0.4028 0.2930 0.8671
vn 0.1860 0.5959 0.7812
vn -0.1942 0.5967 0.7786
vn 0.7682 0.5429 -0.3393
vn -0.9968 -0.0712 -0.0355
vn -0.9904 0.1246 0.0601
vn -0.9312 0.3625 0.0377
vn -0.6472 0.6049 0.4639
vn -0.1842 -0.9727 -0.1415
vn 0.6938 -0.1281 0.7087
vn 0.7228 -0.1295 0.6788
vn -0.7363 -0.0579 0.6742
vn 0.5783 -0.1011 0.8096
vn -0.2229 -0.1318 0.9659
vn 0.2496 -0.8107 0.5296
vn 0.8681 0.4735 -0.1491
vn 0.4861 0.8728 0.0434
vn 0.2183 -0.7612 0.6106
vn 0.1910 -0.4087 0.8925
vn 0.3134 -0.4423 0.8403
vn -0.0380 -0.4292 0.9024
vn -0.0644 -0.1918 0.9793
vn 0.1835 -0.9723 -0.1449
vn 0.2266 -0.2397 0.9440
vt 0.636372 0.342917
vt 0.632611 0.350869
vt 0.613269 0.342192
vt 0.612577 0.333911
vt 0.611205 0.319753
vt 0.630620 0.322201
vt 0.648346 0.321829
vt 0.657427 0.344591
vt 0.648418 0.360401
vt 0.643894 0.362415
vt 0.658703 0.358981
vt 0.666888 0.338205
vt 0.674661 0.347079
vt 0.670160 0.352050
vt 0.668140 0.359229
vt 0.482525 0.707449
vt 0.492964 0.689837
vt 0.496688 0.691115
vt 0.488475 0.707093
vt 0.593949 0.787270
vt 0.599032 0.788709
vt 0.597679 0.810177
vt 0.593949 0.812151
vt 0.469680 0.717721
vt 0.467760 0.711726
vt 0.478309 0.701936
vt 0.475973 0.726724
vt 0.470192 0.728625
vt 0.482531 0.724953
vt 0.549821 0.357750
vt 0.539449 0.362777
vt 0.537147 0.354781
vt 0.545057 0.348835
vt 0.559198 0.343254
vt 0.566247 0.346345
vt 0.557693 0.360292
vt 0.552764 0.339696
vt 0.632439 0.267145
vt 0.609852 0.275619
vt 0.610291 0.264861
vt 0.629704 0.255417
vt 0.640199 0.244007
vt 0.645155 0.247197
vt 0.658023 0.252355
vt 0.650239 0.271140
vt 0.666852 0.261574
vt 0.661403 0.275352
vt 0.667987 0.248416
vt 0.672972 0.254442
vt 0.657980 0.234684
vt 0.664900 0.236040
vt 0.650502 0.232837
vt 0.660040 0.882921
vt 0.675811 0.876629
vt 0.675868 0.905425
vt 0.665495 0.904393
vt 0.592443 0.680257
vt 0.592443 0.659223
vt 0.600940 0.658859
vt 0.607658 0.669675
vt 0.645404 0.874492
vt 0.645638 0.852983
vt 0.660381 0.853903
vt 0.674771 0.852540
vt 0.648315 0.902214
vt 0.639427 0.900958
vt 0.606090 0.270332
vt 0.600588 0.275579
vt 0.586411 0.258552
vt 0.590728 0.255472
vt 0.489962 0.773600
vt 0.484165 0.783105
vt 0.476928 0.776644
vt 0.479755 0.766327
vt 0.499666 0.787333
vt 0.495688 0.790711
vt 0.213545 0.385804
vt 0.207679 0.399323
vt 0.205689 0.398313
vt 0.209240 0.385493
vt 0.221282 0.377182
vt 0.222423 0.382395
vt 0.214203 0.389560
vt 0.465210 0.505870
vt 0.467342 0.509515
vt 0.466927 0.519549
vt 0.465012 0.519217
vt 0.703622 0.569573
vt 0.696780 0.567456
vt 0.703369 0.559599
vt 0.711781 0.561453
vt 0.716481 0.335977
vt 0.726397 0.351247
vt 0.721431 0.352676
vt 0.714849 0.348028
vt 0.714673 0.582067
vt 0.703252 0.580302
vt 0.841929 0.068772
vt 0.838780 0.066280
vt 0.841526 0.060626
vt 0.845075 0.065920
vt 0.846659 0.071576
vt 0.842021 0.073718
vt 0.837724 0.073361
vt 0.853167 0.064478
vt 0.852461 0.082290
vt 0.846427 0.083169
vt 0.848784 0.057253
vt 0.860949 0.062705
vt 0.859031 0.082019
vt 0.750726 0.335344
vt 0.752297 0.325262
vt 0.763068 0.328319
vt 0.755270 0.344887
vt 0.749132 0.349168
vt 0.745731 0.339633
vt 0.741529 0.325793
vt 0.140400 0.897568
vt 0.146572 0.904622
vt 0.142812 0.921640
vt 0.137575 0.901994
vt 0.556358 0.540374
vt 0.558568 0.536707
vt 0.565349 0.543675
vt 0.564097 0.548116
vt 0.563822 0.555625
vt 0.557407 0.552422
vt 0.552368 0.524469
vt 0.554487 0.524035
vt 0.553132 0.551358
vt 0.551685 0.539573
vt 0.549394 0.524762
vt 0.546781 0.241031
vt 0.553181 0.255136
vt 0.547266 0.258255
vt 0.541464 0.249857
vt 0.534381 0.245398
vt 0.536984 0.238007
vt 0.554094 0.238762
vt 0.560212 0.251731
vt 0.739518 0.343361
vt 0.731391 0.330048
vt 0.741990 0.352051
vt 0.732838 0.348853
vt 0.724013 0.335022
vt 0.735977 0.355477
vt 0.195643 0.333864
vt 0.193626 0.332584
vt 0.195355 0.330027
vt 0.197529 0.332666
vt 0.195895 0.336300
vt 0.192912 0.335794
vt 0.198700 0.335987
vt 0.511017 0.747930
vt 0.511876 0.742017
vt 0.516808 0.742190
vt 0.517148 0.749245
vt 0.512289 0.665244
vt 0.511757 0.656687
vt 0.516050 0.656785
vt 0.517151 0.663304
vt 0.505961 0.665370
vt 0.506932 0.656618
vt 0.507833 0.673471
vt 0.502739 0.676410
vt 0.506160 0.745696
vt 0.507207 0.742049
vt 0.679555 0.585936
vt 0.679240 0.583643
vt 0.682534 0.583306
vt 0.682141 0.586816
vt 0.677624 0.587002
vt 0.676550 0.584153
vt 0.680324 0.589772
vt 0.599274 0.726306
vt 0.599922 0.729409
vt 0.597460 0.729164
vt 0.597889 0.725151
vt 0.600553 0.725063
vt 0.602302 0.728778
vt 0.598984 0.723543
vt 0.593351 0.558568
vt 0.592189 0.556857
vt 0.593884 0.556043
vt 0.594453 0.558499
vt 0.592987 0.560062
vt 0.591058 0.558546
vt 0.594324 0.560242
vt 0.570929 0.558429
vt 0.571221 0.551877
vt 0.577625 0.553895
vt 0.577901 0.557900
vt 0.502739 0.742147
vt 0.505631 0.735203
vt 0.508659 0.736021
vt 0.568025 0.564310
vt 0.563131 0.563369
vt 0.574222 0.560315
vt 0.571089 0.564391
vt 0.760730 0.352955
vt 0.752751 0.357304
vt 0.772958 0.353141
vt 0.773011 0.370259
vt 0.763967 0.372020
vt 0.757839 0.375136
vt 0.750456 0.366080
vt 0.746170 0.358250
vt 0.752410 0.378456
vt 0.745815 0.369831
vt 0.740157 0.362390
vt 0.512726 0.719701
vt 0.513663 0.721126
vt 0.512235 0.721282
vt 0.511445 0.719372
vt 0.596576 0.722012
vt 0.597601 0.722585
vt 0.596608 0.724397
vt 0.595529 0.723330
vt 0.597045 0.720831
vt 0.598585 0.721277
vt 0.508220 0.725231
vt 0.507156 0.723626
vt 0.508905 0.721473
vt 0.509998 0.724423
vt 0.587058 0.561664
vt 0.582977 0.559566
vt 0.582720 0.557043
vt 0.587387 0.560150
vt 0.509762 0.730496
vt 0.507097 0.729675
vt 0.558538 0.592177
vt 0.558860 0.589122
vt 0.562420 0.589821
vt 0.560747 0.594042
vt 0.558516 0.596296
vt 0.556682 0.593113
vt 0.556190 0.589073
vt 0.509582 0.634353
vt 0.509935 0.637906
vt 0.505994 0.638607
vt 0.506562 0.633930
vt 0.518217 0.319395
vt 0.518964 0.322735
vt 0.516137 0.322497
vt 0.515991 0.318250
vt 0.511779 0.632791
vt 0.513853 0.637247
vt 0.741806 0.387686
vt 0.736967 0.376815
vt 0.740368 0.373826
vt 0.746660 0.378880
vt 0.064775 0.886311
vt 0.068401 0.882987
vt 0.071553 0.892885
vt 0.069274 0.897318
vt 0.070658 0.877371
vt 0.073780 0.883060
vt 0.064763 0.860288
vt 0.068311 0.858339
vt 0.072682 0.859002
vt 0.951409 0.727596
vt 0.951422 0.748253
vt 0.943460 0.750970
vt 0.943478 0.729611
vt 0.015137 0.840388
vt 0.018222 0.848881
vt 0.012521 0.869701
vt 0.008252 0.865167
vt 0.942326 0.715596
vt 0.946936 0.713462
vt 0.016602 0.818352
vt 0.021197 0.818929
vt 0.022423 0.834237
vt 0.024146 0.840348
vt 0.764471 0.391945
vt 0.758899 0.393310
vt 0.077935 0.900193
vt 0.079192 0.875333
vt 0.082797 0.878152
vt 0.081736 0.899477
vt 0.130625 0.845027
vt 0.127127 0.852948
vt 0.122259 0.842964
vt 0.123977 0.837405
vt 0.125943 0.824680
vt 0.130157 0.825011
vt 0.134192 0.824305
vt 0.136098 0.844365
vt 0.057941 0.837971
vt 0.063366 0.836562
vt 0.053423 0.815618
vt 0.058190 0.814211
vt 0.054457 0.844561
vt 0.048023 0.837868
vt 0.049344 0.832476
vt 0.060819 0.861938
vt 0.047705 0.816581
vt 0.088398 0.846876
vt 0.083150 0.845937
vt 0.088305 0.820782
vt 0.092250 0.821853
vt 0.096175 0.822708
vt 0.095365 0.838342
vt 0.096618 0.844282
vt 0.089982 0.857658
vt 0.210093 0.865637
vt 0.205735 0.864887
vt 0.203406 0.849107
vt 0.205716 0.848415
vt 0.207197 0.848130
vt 0.211706 0.861488
vt 0.219432 0.868591
vt 0.218426 0.874066
vt 0.211657 0.879236
vt 0.207256 0.877498
vt 0.555943 0.050304
vt 0.551587 0.064307
vt 0.549083 0.063245
vt 0.551607 0.050003
vt 0.558416 0.055932
vt 0.553845 0.065424
vt 0.565277 0.040112
vt 0.564792 0.048906
vt 0.246666 0.466091
vt 0.246960 0.469271
vt 0.244427 0.469352
vt 0.244876 0.465203
vt 0.198258 0.907788
vt 0.196733 0.910133
vt 0.195404 0.905790
vt 0.197757 0.904774
vt 0.200234 0.908176
vt 0.199341 0.912162
vt 0.222058 0.885415
vt 0.217480 0.882689
vt 0.225597 0.878082
vt 0.600209 0.636250
vt 0.600861 0.630733
vt 0.605964 0.631602
vt 0.607658 0.639285
vt 0.231573 0.879794
vt 0.228703 0.884278
vt 0.506958 0.801468
vt 0.507798 0.793857
vt 0.512297 0.795085
vt 0.512496 0.800830
vt 0.595086 0.634225
vt 0.596671 0.630681
vt 0.457105 0.801486
vt 0.458025 0.800367
vt 0.462158 0.805077
vt 0.459542 0.805587
vt 0.586030 0.045138
vt 0.584686 0.049097
vt 0.581974 0.048230
vt 0.584848 0.043428
vt 0.587224 0.041548
vt 0.588100 0.044029
vt 0.670684 0.010524
vt 0.670489 0.013676
vt 0.667585 0.013097
vt 0.669058 0.008777
vt 0.540893 0.010449
vt 0.539912 0.008632
vt 0.542779 0.006018
vt 0.543022 0.009666
vt 0.542532 0.013840
vt 0.540111 0.013563
vt 0.518278 0.801468
vt 0.517069 0.795144
vt 0.563458 0.033752
vt 0.566091 0.032866
vt 0.569036 0.036486
vt 0.558254 0.036668
vt 0.588835 0.037952
vt 0.587480 0.038967
vt 0.586159 0.037624
vt 0.587579 0.036657
vt 0.455821 0.794171
vt 0.455800 0.792905
vt 0.458135 0.793349
vt 0.457615 0.795062
vt 0.456403 0.796595
vt 0.454908 0.795179
vt 0.514748 0.779286
vt 0.514619 0.777679
vt 0.516943 0.777008
vt 0.516498 0.779402
vt 0.511994 0.782941
vt 0.510713 0.780978
vt 0.514436 0.784421
vt 0.603003 0.605387
vt 0.604899 0.604768
vt 0.605422 0.608519
vt 0.602644 0.608074
vt 0.599307 0.607554
vt 0.601023 0.603996
vt 0.603267 0.601750
vt 0.582959 0.037342
vt 0.580404 0.038448
vt 0.580649 0.036026
vt 0.584320 0.036108
vt 0.584362 0.038850
vt 0.581303 0.040839
vt 0.865788 0.805877
vt 0.856161 0.804908
vt 0.853312 0.792370
vt 0.859008 0.792035
vt 0.862972 0.791577
vt 0.869427 0.803967
vt 0.881654 0.812544
vt 0.880158 0.815185
vt 0.866453 0.813085
vt 0.857756 0.812360
vt 0.879282 0.818895
vt 0.555236 0.006403
vt 0.554634 0.009747
vt 0.551121 0.009485
vt 0.552327 0.005325
vt 0.557506 0.005304
vt 0.558158 0.009606
vt 0.554449 0.002279
vt 0.798896 0.779180
vt 0.797471 0.776195
vt 0.801793 0.774586
vt 0.801972 0.779229
vt 0.796136 0.784077
vt 0.793453 0.780718
vt 0.799410 0.786310
vt 0.018256 0.668712
vt 0.017584 0.666719
vt 0.021922 0.664588
vt 0.021598 0.668123
vt 0.811441 0.782061
vt 0.812137 0.785612
vt 0.809442 0.787118
vt 0.809541 0.781603
vt 0.020955 0.673503
vt 0.016791 0.672734
vt 0.036003 0.679591
vt 0.030986 0.692923
vt 0.025281 0.692391
vt 0.026630 0.680290
vt 0.026741 0.673830
vt 0.035439 0.672978
vt 0.047362 0.668035
vt 0.048850 0.671640
vt 0.050677 0.674395
vt 0.040346 0.682292
vt 0.035050 0.693495
vt 0.898153 0.812515
vt 0.900111 0.811094
vt 0.902650 0.813959
vt 0.899028 0.815147
vt 0.893918 0.810799
vt 0.895082 0.808121
vt 0.892906 0.813864
vt 0.156246 0.660899
vt 0.156355 0.663621
vt 0.153555 0.663327
vt 0.154440 0.659851
vt 0.158477 0.660088
vt 0.159538 0.663462
vt 0.156911 0.657902
vt 0.117005 0.681478
vt 0.125810 0.682497
vt 0.127614 0.696000
vt 0.122266 0.696504
vt 0.118692 0.696735
vt 0.113453 0.683446
vt 0.102651 0.673884
vt 0.104142 0.671628
vt 0.117172 0.673876
vt 0.125077 0.674448
vt 0.105218 0.667768
vt 0.063113 0.666574
vt 0.065590 0.667825
vt 0.060014 0.670442
vt 0.058467 0.667832
vt 0.057159 0.664611
vt 0.063728 0.663844
vt 0.067649 0.664523
vt 0.447099 0.766481
vt 0.446760 0.769599
vt 0.443661 0.769183
vt 0.445284 0.764979
vt 0.449343 0.764960
vt 0.450052 0.768872
vt 0.447943 0.762608
vt 0.132173 0.667980
vt 0.134575 0.673258
vt 0.130419 0.673906
vt 0.129065 0.667795
vt 0.792995 0.710980
vt 0.795520 0.710392
vt 0.794252 0.717806
vt 0.791376 0.716041
vt 0.792093 0.708357
vt 0.795136 0.706319
vt 0.882147 0.409800
vt 0.878889 0.409996
vt 0.882025 0.404711
vt 0.885879 0.404952
vt 0.806864 0.710027
vt 0.804191 0.709881
vt 0.804426 0.705490
vt 0.807769 0.707200
vt 0.808467 0.715793
vt 0.805166 0.717595
vt 0.871280 0.397877
vt 0.880117 0.397032
vt 0.877362 0.404324
vt 0.869047 0.404848
vt 0.878630 0.382460
vt 0.883493 0.382682
vt 0.867388 0.396013
vt 0.875193 0.382158
vt 0.163048 0.736065
vt 0.162893 0.739966
vt 0.159798 0.740062
vt 0.160960 0.734877
vt 0.162690 0.732011
vt 0.164668 0.734427
vt 0.165402 0.739530
vt 0.081923 0.664513
vt 0.086373 0.664828
vt 0.085833 0.667412
vt 0.080581 0.666217
vt 0.078831 0.664588
vt 0.080919 0.662794
vt 0.086809 0.662241
vt 0.830999 0.406681
vt 0.834463 0.406119
vt 0.834960 0.408820
vt 0.830319 0.408594
vt 0.829934 0.405230
vt 0.833865 0.403489
vt 0.828678 0.407379
vt 0.441532 0.785928
vt 0.443721 0.786542
vt 0.440578 0.790241
vt 0.438411 0.788230
vt 0.441768 0.783638
vt 0.444785 0.783798
vt 0.436963 0.785581
vt 0.302207 0.590280
vt 0.321293 0.599812
vt 0.317293 0.619226
vt 0.291619 0.599630
vt 0.281415 0.582463
vt 0.296735 0.574126
vt 0.326172 0.573966
vt 0.457805 0.193582
vt 0.438899 0.174061
vt 0.459608 0.157066
vt 0.474803 0.192454
vt 0.476413 0.212208
vt 0.456433 0.209827
vt 0.422238 0.193086
vt 0.762898 0.699810
vt 0.743315 0.710911
vt 0.738980 0.685775
vt 0.768140 0.683906
vt 0.772520 0.707840
vt 0.746625 0.729248
vt 0.782072 0.690777
vt 0.396593 0.300050
vt 0.388880 0.292962
vt 0.396574 0.281299
vt 0.404309 0.293278
vt 0.413454 0.289646
vt 0.422425 0.316256
vt 0.410596 0.320875
vt 0.396658 0.323027
vt 0.404998 0.275873
vt 0.396536 0.268026
vt 0.405221 0.262810
vt 0.413826 0.271820
vt 0.422390 0.285904
vt 0.388268 0.275512
vt 0.379011 0.271353
vt 0.387336 0.262583
vt 0.379797 0.289265
vt 0.370800 0.285474
vt 0.362258 0.281779
vt 0.369923 0.268070
vt 0.371101 0.316302
vt 0.361150 0.310465
vt 0.352936 0.304383
vt 0.346569 0.350304
vt 0.335500 0.341171
vt 0.777504 0.718100
vt 0.749158 0.743557
vt 0.789183 0.698643
vt 0.323370 0.395479
vt 0.304781 0.380577
vt 0.293663 0.364988
vt 0.327794 0.330621
vt 0.283630 0.412084
vt 0.269308 0.392634
vt 0.718444 0.752042
vt 0.690497 0.766832
vt 0.687209 0.736972
vt 0.714592 0.727733
vt 0.287936 0.346866
vt 0.323382 0.317176
vt 0.680709 0.696575
vt 0.707722 0.692308
vt 0.676252 0.661812
vt 0.702353 0.662609
vt 0.736202 0.664666
vt 0.410539 0.234856
vt 0.364197 0.232504
vt 0.361808 0.217196
vt 0.409861 0.225590
vt 0.734754 0.651817
vt 0.769892 0.658780
vt 0.769603 0.669321
vt 0.786373 0.667135
vt 0.785544 0.677423
vt 0.467781 0.252514
vt 0.470232 0.244946
vt 0.484867 0.246213
vt 0.481793 0.254566
vt 0.360541 0.266138
vt 0.354050 0.279127
vt 0.472671 0.235835
vt 0.487369 0.236458
vt 0.499444 0.235542
vt 0.496882 0.245553
vt 0.377758 0.258886
vt 0.489111 0.225087
vt 0.500925 0.223831
vt 0.511151 0.221629
vt 0.510059 0.233433
vt 0.395808 0.256760
vt 0.500877 0.209042
vt 0.510329 0.206779
vt 0.518224 0.204339
vt 0.519919 0.218801
vt 0.413696 0.259168
vt 0.422122 0.268340
vt 0.269308 0.577786
vt 0.277593 0.569569
vt 0.273549 0.591276
vt 0.430205 0.281989
vt 0.285616 0.610491
vt 0.439816 0.304723
vt 0.432293 0.310763
vt 0.456363 0.340180
vt 0.446739 0.349386
vt 0.433106 0.356982
vt 0.471190 0.391346
vt 0.450125 0.402992
vt 0.424483 0.409228
vt 0.416046 0.361017
vt 0.396575 0.409970
vt 0.396106 0.362844
vt 0.370134 0.408325
vt 0.377052 0.361242
vt 0.382957 0.320923
vt 0.360615 0.356973
vt 0.346155 0.404950
vt 0.366276 0.445750
vt 0.337241 0.441562
vt 0.307287 0.430674
vt 0.333112 0.472519
vt 0.297808 0.460795
vt 0.270986 0.441622
vt 0.660399 0.805626
vt 0.665186 0.831646
vt 0.638098 0.840552
vt 0.633809 0.814401
vt 0.635763 0.783328
vt 0.658814 0.777337
vt 0.692394 0.791362
vt 0.639445 0.746663
vt 0.658363 0.741717
vt 0.639888 0.704558
vt 0.654518 0.700338
vt 0.634392 0.668463
vt 0.649666 0.664214
vt 0.628291 0.640180
vt 0.644360 0.638215
vt 0.671440 0.638384
vt 0.638138 0.617675
vt 0.665321 0.619809
vt 0.330762 0.209186
vt 0.332528 0.189265
vt 0.363482 0.201756
vt 0.697903 0.643360
vt 0.338718 0.167857
vt 0.369388 0.184804
vt 0.415050 0.205976
vt 0.411356 0.216360
vt 0.452651 0.221359
vt 0.449478 0.231046
vt 0.447312 0.239378
vt 0.474812 0.225120
vt 0.489773 0.210948
vt 0.486924 0.188722
vt 0.496794 0.185688
vt 0.473050 0.150166
vt 0.484081 0.146584
vt 0.493507 0.145140
vt 0.505368 0.183495
vt 0.293839 0.550205
vt 0.329862 0.542234
vt 0.328536 0.554348
vt 0.294617 0.560101
vt 0.512487 0.182264
vt 0.502913 0.145760
vt 0.487266 0.096420
vt 0.502799 0.098843
vt 0.363912 0.550232
vt 0.358728 0.578099
vt 0.390929 0.548200
vt 0.386701 0.581025
vt 0.379872 0.622556
vt 0.351057 0.614327
vt 0.376194 0.652943
vt 0.346251 0.639134
vt 0.374076 0.678182
vt 0.343492 0.659485
vt 0.495101 0.362187
vt 0.486450 0.377655
vt 0.462701 0.329503
vt 0.507730 0.410161
vt 0.488676 0.428553
vt 0.371599 0.701905
vt 0.409783 0.693084
vt 0.405965 0.720343
vt 0.496066 0.462845
vt 0.465610 0.473922
vt 0.462276 0.440779
vt 0.430064 0.476254
vt 0.430555 0.446516
vt 0.396690 0.475976
vt 0.397641 0.447421
vt 0.364436 0.475713
vt 0.394490 0.501142
vt 0.361210 0.500364
vt 0.326444 0.494896
vt 0.945817 0.454601
vt 0.956539 0.488880
vt 0.944839 0.486250
vt 0.935102 0.451425
vt 0.322776 0.503677
vt 0.290203 0.490925
vt 0.292651 0.483205
vt 0.918158 0.419656
vt 0.929998 0.449178
vt 0.912764 0.418534
vt 0.626012 0.841787
vt 0.619667 0.841362
vt 0.618564 0.817749
vt 0.624314 0.816657
vt 0.622888 0.787524
vt 0.628072 0.785666
vt 0.629373 0.752050
vt 0.632867 0.749659
vt 0.630401 0.709689
vt 0.634046 0.707585
vt 0.625502 0.671837
vt 0.629373 0.670439
vt 0.619747 0.641085
vt 0.623393 0.640852
vt 0.613354 0.617795
vt 0.617783 0.617935
vt 0.623317 0.617865
vt 0.609852 0.597798
vt 0.615993 0.598429
vt 0.299811 0.167513
vt 0.306872 0.141619
vt 0.316135 0.152018
vt 0.309583 0.176003
vt 0.320132 0.112726
vt 0.329676 0.121987
vt 0.351974 0.140073
vt 0.357109 0.087356
vt 0.376908 0.108846
vt 0.404167 0.137821
vt 0.381775 0.163893
vt 0.409742 0.084327
vt 0.431996 0.115126
vt 0.438531 0.072107
vt 0.453586 0.103440
vt 0.460565 0.066585
vt 0.471334 0.097818
vt 0.480723 0.065035
vt 0.448605 0.042561
vt 0.470514 0.040488
vt 0.395350 0.525910
vt 0.423232 0.525432
vt 0.418545 0.549770
vt 0.499940 0.066670
vt 0.438403 0.526949
vt 0.433217 0.553243
vt 0.428017 0.588648
vt 0.413819 0.584883
vt 0.427908 0.632541
vt 0.409809 0.627022
vt 0.431702 0.669753
vt 0.410114 0.663539
vt 0.433546 0.701803
vt 0.438978 0.672747
vt 0.442290 0.704468
vt 0.440342 0.730912
vt 0.431015 0.729348
vt 0.496991 0.484109
vt 0.497293 0.490530
vt 0.467533 0.503677
vt 0.465781 0.496370
vt 0.939451 0.594402
vt 0.930526 0.596569
vt 0.943117 0.559366
vt 0.954319 0.557303
vt 0.429448 0.500763
vt 0.947976 0.522035
vt 0.959754 0.522042
vt 0.938048 0.561587
vt 0.943220 0.522279
vt 0.939785 0.484137
vt 0.940011 0.522336
vt 0.935756 0.482715
vt 0.926082 0.447180
vt 0.038361 0.419197
vt 0.030560 0.455073
vt 0.027085 0.453117
vt 0.035397 0.416639
vt 0.048442 0.387635
vt 0.051431 0.389063
vt 0.908374 0.417724
vt 0.066748 0.363408
vt 0.070119 0.364989
vt 0.614621 0.840849
vt 0.613863 0.818453
vt 0.609852 0.819866
vt 0.614536 0.790727
vt 0.618299 0.789016
vt 0.097382 0.349379
vt 0.093910 0.347331
vt 0.128417 0.337795
vt 0.131142 0.340065
vt 0.626304 0.754000
vt 0.166276 0.340732
vt 0.167906 0.343794
vt 0.628081 0.710905
vt 0.626553 0.711918
vt 0.620412 0.673595
vt 0.622721 0.672937
vt 0.614350 0.640383
vt 0.616639 0.641000
vt 0.287052 0.184896
vt 0.284130 0.184266
vt 0.287648 0.156929
vt 0.291046 0.158400
vt 0.294301 0.160859
vt 0.290047 0.186022
vt 0.294846 0.127477
vt 0.297819 0.129977
vt 0.300845 0.133383
vt 0.312473 0.099964
vt 0.314989 0.103125
vt 0.317398 0.106918
vt 0.303556 0.137080
vt 0.296770 0.163872
vt 0.340600 0.069417
vt 0.343285 0.072160
vt 0.347446 0.076719
vt 0.379095 0.048370
vt 0.384679 0.050981
vt 0.392938 0.060784
vt 0.414214 0.038964
vt 0.424040 0.048358
vt 0.440901 0.032531
vt 0.409727 0.035640
vt 0.437506 0.029480
vt 0.443152 0.506293
vt 0.448353 0.506188
vt 0.442863 0.527636
vt 0.428662 0.506193
vt 0.452715 0.505870
vt 0.446807 0.528204
vt 0.442292 0.556426
vt 0.438280 0.554980
vt 0.438171 0.593303
vt 0.434178 0.591442
vt 0.439273 0.638788
vt 0.435200 0.636294
vt 0.444746 0.674771
vt 0.442139 0.640681
vt 0.449418 0.676259
vt 0.452715 0.706998
vt 0.447913 0.705747
vt 0.450830 0.731040
vt 0.445945 0.730924
vt 0.444273 0.750304
vt 0.440124 0.750065
vt 0.908374 0.627844
vt 0.926218 0.598144
vt 0.912868 0.627240
vt 0.922956 0.599969
vt 0.933937 0.563108
vt 0.029531 0.535280
vt 0.036759 0.571651
vt 0.033545 0.573783
vt 0.025895 0.537163
vt 0.022869 0.494891
vt 0.026800 0.494815
vt 0.021757 0.539916
vt 0.018255 0.495103
vt 0.023199 0.450583
vt 0.013809 0.495242
vt 0.018537 0.449963
vt 0.028227 0.411723
vt 0.032279 0.414171
vt 0.041380 0.381607
vt 0.044748 0.384918
vt 0.060499 0.357956
vt 0.063433 0.360944
vt 0.088486 0.341045
vt 0.090891 0.344283
vt 0.123987 0.331643
vt 0.126043 0.334819
vt 0.162945 0.332809
vt 0.164825 0.337110
vt 0.291316 0.236553
vt 0.286375 0.237287
vt 0.278511 0.210603
vt 0.282649 0.210732
vt 0.286220 0.210488
vt 0.294752 0.235067
vt 0.276893 0.183713
vt 0.280807 0.183945
vt 0.279506 0.154490
vt 0.283647 0.155646
vt 0.288164 0.123331
vt 0.291525 0.125282
vt 0.305693 0.090947
vt 0.308027 0.093687
vt 0.310242 0.096748
vt 0.334342 0.062876
vt 0.336485 0.065252
vt 0.338522 0.067533
vt 0.369441 0.040680
vt 0.372497 0.043182
vt 0.375156 0.045577
vt 0.403007 0.029706
vt 0.406121 0.032885
vt 0.432231 0.023523
vt 0.434605 0.026813
vt 0.400552 0.026666
vt 0.430531 0.019837
vt 0.458698 0.017234
vt 0.459363 0.020288
vt 0.460591 0.023344
vt 0.484599 0.018222
vt 0.484452 0.021129
vt 0.450226 0.528117
vt 0.445616 0.557432
vt 0.510859 0.025278
vt 0.509122 0.028620
vt 0.440527 0.594589
vt 0.167906 0.637800
vt 0.166122 0.641238
vt 0.125909 0.647727
vt 0.128331 0.645000
vt 0.164408 0.645396
vt 0.123760 0.650733
vt 0.088084 0.641571
vt 0.091200 0.638377
vt 0.094736 0.636045
vt 0.060421 0.625265
vt 0.064086 0.622687
vt 0.067473 0.621435
vt 0.041666 0.603016
vt 0.045302 0.600087
vt 0.048792 0.599054
vt 0.029783 0.576256
vt 0.038207 0.606086
vt 0.025637 0.578292
vt 0.017045 0.540663
vt 0.021132 0.579567
vt 0.012105 0.541209
vt 0.009120 0.495442
vt 0.007355 0.541492
vt 0.004751 0.495529
vt 0.008863 0.449257
vt 0.013507 0.449490
vt 0.019013 0.408625
vt 0.023582 0.409878
vt 0.034106 0.376320
vt 0.037874 0.378699
vt 0.055011 0.351899
vt 0.057764 0.354807
vt 0.084010 0.334722
vt 0.086354 0.337763
vt 0.119925 0.325904
vt 0.122282 0.328446
vt 0.942007 0.177663
vt 0.938340 0.177970
vt 0.941826 0.133603
vt 0.945904 0.133104
vt 0.949467 0.132692
vt 0.944764 0.177484
vt 0.938084 0.091685
vt 0.941767 0.091618
vt 0.944749 0.092065
vt 0.933547 0.056747
vt 0.937207 0.057092
vt 0.274421 0.210293
vt 0.272926 0.183008
vt 0.269308 0.181679
vt 0.272236 0.151616
vt 0.275749 0.153237
vt 0.282017 0.119344
vt 0.285180 0.121588
vt 0.302015 0.086474
vt 0.303839 0.088785
vt 0.328687 0.056668
vt 0.330253 0.058434
vt 0.332114 0.060491
vt 0.361464 0.033398
vt 0.363844 0.035821
vt 0.366510 0.038265
vt 0.396437 0.019797
vt 0.398329 0.023161
vt 0.428201 0.012051
vt 0.429257 0.016205
vt 0.458331 0.009696
vt 0.458394 0.013637
vt 0.485325 0.010267
vt 0.484929 0.014321
vt 0.513003 0.015837
vt 0.512488 0.020693
vt 0.955279 0.103100
vt 0.958949 0.063573
vt 0.962073 0.063260
vt 0.959064 0.103533
vt 0.961343 0.150114
vt 0.958091 0.149896
vt 0.955366 0.149741
vt 0.951660 0.102947
vt 0.122028 0.653548
vt 0.119954 0.655709
vt 0.083407 0.647616
vt 0.085731 0.644597
vt 0.054536 0.631013
vt 0.057318 0.628180
vt 0.034509 0.608565
vt 0.051645 0.633633
vt 0.030797 0.610434
vt 0.016529 0.580475
vt 0.027083 0.611573
vt 0.012430 0.580898
vt 0.003404 0.541464
vt 0.583644 0.808504
vt 0.570544 0.847908
vt 0.567141 0.847649
vt 0.580120 0.808112
vt 0.586046 0.762498
vt 0.589885 0.762553
vt 0.001097 0.495520
vt 0.586028 0.716217
vt 0.589677 0.716080
vt 0.004643 0.449081
vt 0.578066 0.674477
vt 0.581453 0.674643
vt 0.014673 0.407707
vt 0.011079 0.407485
vt 0.027286 0.374021
vt 0.030449 0.374620
vt 0.920010 0.274094
vt 0.915638 0.274837
vt 0.916227 0.249414
vt 0.920771 0.248594
vt 0.052014 0.349446
vt 0.921662 0.216705
vt 0.926376 0.216628
vt 0.081497 0.332378
vt 0.930073 0.178153
vt 0.934226 0.178096
vt 0.929793 0.215951
vt 0.933124 0.134621
vt 0.937465 0.134081
vt 0.929922 0.092845
vt 0.934080 0.092174
vt 0.925454 0.057627
vt 0.929678 0.056879
vt 0.919080 0.026625
vt 0.923274 0.025738
vt 0.927149 0.026039
vt 0.911729 0.002316
vt 0.915344 0.001097
vt 0.269308 0.149553
vt 0.279400 0.116447
vt 0.017403 0.074252
vt 0.020371 0.074967
vt 0.010915 0.111842
vt 0.007978 0.111247
vt 0.300841 0.084479
vt 0.006650 0.150597
vt 0.003727 0.150459
vt 0.001097 0.150352
vt 0.005384 0.110728
vt 0.006718 0.189505
vt 0.003696 0.189848
vt 0.001097 0.190104
vt 0.359347 0.031352
vt 0.357687 0.029977
vt 0.390403 0.010644
vt 0.392668 0.013359
vt 0.394694 0.016623
vt 0.425894 0.004404
vt 0.427177 0.007991
vt 0.457182 0.001668
vt 0.458049 0.005436
vt 0.965897 0.030940
vt 0.969460 0.030549
vt 0.965906 0.063477
vt 0.485283 0.006246
vt 0.973648 0.030757
vt 0.970120 0.064097
vt 0.967672 0.104936
vt 0.963230 0.104161
vt 0.969636 0.150508
vt 0.965307 0.150309
vt 0.975668 0.191123
vt 0.971748 0.190589
vt 0.968704 0.189669
vt 0.979292 0.225001
vt 0.975822 0.223696
vt 0.080870 0.650111
vt 0.980041 0.191113
vt 0.984038 0.224963
vt 0.982993 0.252487
vt 0.978164 0.252452
vt 0.048565 0.635257
vt 0.548750 0.878346
vt 0.528337 0.901757
vt 0.524905 0.899409
vt 0.544806 0.876773
vt 0.562572 0.846244
vt 0.552493 0.878519
vt 0.541035 0.874083
vt 0.558380 0.844334
vt 0.571000 0.805907
vt 0.575447 0.807163
vt 0.577279 0.762155
vt 0.581736 0.762342
vt 0.576888 0.717479
vt 0.581652 0.716651
vt 0.569039 0.676813
vt 0.573693 0.675172
vt 0.554963 0.644127
vt 0.558923 0.642018
vt 0.563209 0.640918
vt 0.538367 0.619469
vt 0.541783 0.616349
vt 0.546075 0.614956
vt 0.522112 0.603179
vt 0.524854 0.600057
vt 0.911729 0.248000
vt 0.917702 0.215830
vt 0.914828 0.214771
vt 0.923436 0.178179
vt 0.926431 0.178165
vt 0.925426 0.136069
vt 0.928980 0.135252
vt 0.921750 0.095094
vt 0.925754 0.093750
vt 0.918144 0.060360
vt 0.921661 0.058788
vt 0.063940 0.024814
vt 0.067113 0.026734
vt 0.044144 0.048558
vt 0.040868 0.046727
vt 0.915483 0.028119
vt 0.027270 0.077984
vt 0.023836 0.076314
vt 0.037695 0.045533
vt 0.017162 0.113447
vt 0.014026 0.112565
vt 0.012653 0.150944
vt 0.009583 0.150750
vt 0.013097 0.188647
vt 0.009892 0.189102
vt 0.019144 0.224484
vt 0.015655 0.225700
vt 0.012089 0.226731
vt 0.028967 0.258176
vt 0.025440 0.259260
vt 0.022680 0.259307
vt 0.008683 0.227314
vt 0.979735 0.001097
vt 0.983868 0.001786
vt 0.977736 0.031527
vt 0.975818 0.001518
vt 0.424140 0.001097
vt 0.987637 0.003552
vt 0.981615 0.032837
vt 0.978344 0.066371
vt 0.974280 0.065053
vt 0.975624 0.106903
vt 0.971864 0.105801
vt 0.976437 0.151020
vt 0.973451 0.150774
vt 0.983827 0.190387
vt 0.183601 0.321229
vt 0.146077 0.323711
vt 0.147625 0.320603
vt 0.183991 0.317077
vt 0.214026 0.303907
vt 0.214497 0.307072
vt 0.987637 0.223626
vt 0.183839 0.313172
vt 0.212510 0.300182
vt 0.234901 0.279605
vt 0.237201 0.282411
vt 0.522112 0.896208
vt 0.210438 0.296610
vt 0.232041 0.276879
vt 0.249723 0.248538
vt 0.252772 0.250829
vt 0.538552 0.871331
vt 0.555036 0.842121
vt 0.261939 0.211798
vt 0.264966 0.213451
vt 0.567022 0.804477
vt 0.563575 0.802888
vt 0.569392 0.761663
vt 0.573076 0.761936
vt 0.568927 0.719523
vt 0.572555 0.718469
vt 0.562168 0.680611
vt 0.565207 0.678648
vt 0.261400 0.087398
vt 0.258385 0.089291
vt 0.243445 0.057658
vt 0.246310 0.055034
vt 0.551950 0.646710
vt 0.223775 0.033928
vt 0.226024 0.030552
vt 0.536171 0.622829
vt 0.197908 0.017618
vt 0.198764 0.013885
vt 0.199107 0.009965
vt 0.227536 0.027210
vt 0.165547 0.008821
vt 0.164981 0.005091
vt 0.163951 0.001703
vt 0.131553 0.007800
vt 0.129691 0.004140
vt 0.127524 0.001097
vt 0.100539 0.016325
vt 0.097761 0.012858
vt 0.922453 0.136836
vt 0.918416 0.096521
vt 0.073526 0.032401
vt 0.070339 0.029296
vt 0.094837 0.010005
vt 0.050835 0.053764
vt 0.047563 0.050978
vt 0.034110 0.081845
vt 0.030684 0.079856
vt 0.023781 0.115212
vt 0.020352 0.114353
vt 0.019240 0.151297
vt 0.015783 0.151150
vt 0.019750 0.187863
vt 0.016328 0.188207
vt 0.026177 0.222119
vt 0.022590 0.223229
vt 0.039697 0.252508
vt 0.036020 0.254718
vt 0.032436 0.256634
vt 0.056783 0.280045
vt 0.053161 0.282503
vt 0.049703 0.284160
vt 0.082567 0.299711
vt 0.079154 0.302582
vt 0.985062 0.034693
vt 0.982013 0.068034
vt 0.113401 0.312866
vt 0.110980 0.316151
vt 0.978735 0.108053
vt 0.148756 0.317160
vt 0.978788 0.151240
vt 0.115424 0.309158
vt 0.149506 0.313397
vt 0.183215 0.309224
vt 0.149744 0.309314
vt 0.182275 0.305171
vt 0.208156 0.293237
vt 0.181052 0.301160
vt 0.205552 0.289894
vt 0.225081 0.271493
vt 0.228771 0.274169
vt 0.241848 0.244142
vt 0.246022 0.246314
vt 0.254037 0.208451
vt 0.258350 0.210159
vt 0.259354 0.169731
vt 0.263580 0.170215
vt 0.267115 0.170650
vt 0.258583 0.130487
vt 0.262984 0.129429
vt 0.266706 0.128467
vt 0.250373 0.093236
vt 0.254686 0.091260
vt 0.236449 0.062956
vt 0.240180 0.060362
vt 0.218575 0.040385
vt 0.221353 0.037160
vt 0.195141 0.025476
vt 0.196721 0.021523
vt 0.165439 0.017246
vt 0.165755 0.012865
vt 0.133905 0.016366
vt 0.132945 0.011925
vt 0.105130 0.024815
vt 0.103027 0.020346
vt 0.079595 0.040215
vt 0.076562 0.036106
vt 0.057687 0.060552
vt 0.054144 0.057003
vt 0.041736 0.086208
vt 0.037787 0.083845
vt 0.031798 0.117169
vt 0.027611 0.116019
vt 0.027449 0.152048
vt 0.023113 0.151591
vt 0.027835 0.187251
vt 0.023516 0.187604
vt 0.034006 0.219293
vt 0.029945 0.220799
vt 0.047024 0.247315
vt 0.043367 0.250001
vt 0.066788 0.270302
vt 0.063647 0.273908
vt 0.060285 0.277108
vt 0.088471 0.292545
vt 0.085662 0.296322
vt 0.117042 0.305118
vt 0.090916 0.288422
vt 0.118076 0.300680
vt 0.149465 0.304806
vt 0.118601 0.296026
vt 0.148445 0.300178
vt 0.179099 0.297104
vt 0.147014 0.295521
vt 0.176038 0.293050
vt 0.250025 0.534739
vt 0.254676 0.533884
vt 0.254207 0.559846
vt 0.249245 0.561390
vt 0.202470 0.286515
vt 0.198637 0.283209
vt 0.215839 0.265831
vt 0.220826 0.268688
vt 0.230631 0.239926
vt 0.236820 0.241735
vt 0.242241 0.205653
vt 0.248670 0.206759
vt 0.248172 0.168991
vt 0.254176 0.169460
vt 0.247129 0.132149
vt 0.253302 0.131617
vt 0.239046 0.097029
vt 0.245408 0.095162
vt 0.226905 0.068282
vt 0.232217 0.065577
vt 0.210948 0.047149
vt 0.215230 0.043698
vt 0.190238 0.033769
vt 0.193006 0.029523
vt 0.162833 0.026580
vt 0.164419 0.021726
vt 0.133865 0.026154
vt 0.134183 0.021145
vt 0.757300 0.275178
vt 0.755061 0.270432
vt 0.779386 0.257221
vt 0.782164 0.261727
vt 0.106723 0.029646
vt 0.796694 0.238039
vt 0.800332 0.242547
vt 0.082124 0.044915
vt 0.811294 0.215811
vt 0.815866 0.219454
vt 0.061265 0.064609
vt 0.821518 0.191538
vt 0.826484 0.193063
vt 0.046206 0.088541
vt 0.050666 0.090969
vt 0.041594 0.119369
vt 0.036603 0.118113
vt 0.037559 0.152796
vt 0.032382 0.152367
vt 0.037704 0.186333
vt 0.032633 0.186766
vt 0.042918 0.215864
vt 0.038343 0.217849
vt 0.813235 0.064098
vt 0.808908 0.066939
vt 0.793435 0.044439
vt 0.797188 0.040127
vt 0.050840 0.244471
vt 0.774319 0.026559
vt 0.777082 0.021705
vt 0.069787 0.266474
vt 0.753094 0.013047
vt 0.755321 0.008158
vt 0.092963 0.284078
vt 0.727223 0.005842
vt 0.728984 0.001097
vt 0.750147 0.017728
vt 0.724550 0.010202
vt 0.250682 0.463865
vt 0.254020 0.465351
vt 0.259247 0.500432
vt 0.255268 0.500167
vt 0.118733 0.291585
vt 0.257983 0.465645
vt 0.263233 0.498939
vt 0.263559 0.530151
vt 0.259401 0.532348
vt 0.263370 0.557119
vt 0.258991 0.558712
vt 0.195202 0.281346
vt 0.191613 0.278732
vt 0.208568 0.260098
vt 0.212590 0.263258
vt 0.260902 0.579722
vt 0.255823 0.580477
vt 0.221566 0.234401
vt 0.225408 0.237678
vt 0.229097 0.204606
vt 0.234876 0.205284
vt 0.234785 0.168503
vt 0.241576 0.169260
vt 0.233569 0.131622
vt 0.240213 0.131484
vt 0.228548 0.101474
vt 0.233104 0.098092
vt 0.218294 0.073842
vt 0.222786 0.071061
vt 0.203712 0.051883
vt 0.207664 0.049485
vt 0.510583 0.629439
vt 0.505998 0.627797
vt 0.505825 0.602350
vt 0.510272 0.604293
vt 0.515206 0.605076
vt 0.515554 0.630047
vt 0.506114 0.571337
vt 0.510351 0.572987
vt 0.514114 0.572942
vt 0.510034 0.538536
vt 0.514253 0.537857
vt 0.160672 0.030853
vt 0.133138 0.030829
vt 0.751547 0.266190
vt 0.747631 0.262888
vt 0.771873 0.249448
vt 0.775760 0.252981
vt 0.786818 0.230750
vt 0.791862 0.233789
vt 0.799320 0.211723
vt 0.805513 0.212848
vt 0.809523 0.189401
vt 0.815950 0.190144
vt 0.815710 0.161168
vt 0.821270 0.161455
vt 0.826316 0.161757
vt 0.814776 0.129105
vt 0.820075 0.128538
vt 0.825136 0.128000
vt 0.808690 0.097605
vt 0.814157 0.096338
vt 0.819227 0.095012
vt 0.796106 0.071389
vt 0.803453 0.069514
vt 0.781488 0.051691
vt 0.787962 0.048945
vt 0.766029 0.035868
vt 0.770517 0.031691
vt 0.746953 0.022178
vt 0.761246 0.039378
vt 0.742924 0.026309
vt 0.253762 0.434933
vt 0.258861 0.436280
vt 0.262743 0.465705
vt 0.249245 0.434059
vt 0.719236 0.018764
vt 0.738372 0.034339
vt 0.717811 0.027261
vt 0.696223 0.026018
vt 0.695542 0.017924
vt 0.266595 0.497399
vt 0.138994 0.285094
vt 0.135155 0.276804
vt 0.158738 0.274897
vt 0.164089 0.283279
vt 0.168310 0.288469
vt 0.141945 0.289510
vt 0.179854 0.265410
vt 0.187101 0.273439
vt 0.196031 0.248204
vt 0.203772 0.255418
vt 0.207030 0.224619
vt 0.215951 0.230209
vt 0.212575 0.197200
vt 0.222766 0.201638
vt 0.213897 0.167550
vt 0.226427 0.168241
vt 0.215377 0.137126
vt 0.226287 0.133944
vt 0.212892 0.109357
vt 0.222002 0.104830
vt 0.204850 0.084278
vt 0.212715 0.078233
vt 0.191079 0.064207
vt 0.198607 0.056790
vt 0.172478 0.051064
vt 0.178235 0.043569
vt 0.182684 0.038771
vt 0.150003 0.044894
vt 0.153143 0.037901
vt 0.156879 0.033785
vt 0.126919 0.045944
vt 0.128571 0.038420
vt 0.502739 0.569261
vt 0.506199 0.537949
vt 0.744801 0.259298
vt 0.742056 0.252026
vt 0.762470 0.239556
vt 0.767006 0.246081
vt 0.510661 0.507214
vt 0.515554 0.505870
vt 0.776896 0.223416
vt 0.782174 0.228496
vt 0.788461 0.205478
vt 0.794523 0.209560
vt 0.795332 0.185504
vt 0.803859 0.188898
vt 0.798561 0.160286
vt 0.809022 0.160936
vt 0.797967 0.130672
vt 0.808377 0.129741
vt 0.792086 0.101713
vt 0.802101 0.099027
vt 0.783286 0.078315
vt 0.790530 0.072918
vt 0.771445 0.060566
vt 0.777186 0.054837
vt 0.756557 0.045998
vt 0.760144 0.073632
vt 0.747467 0.062540
vt 0.731035 0.054689
vt 0.740976 0.074201
vt 0.727206 0.067157
vt 0.712267 0.064404
vt 0.713530 0.050294
vt 0.698218 0.066222
vt 0.696601 0.049290
vt 0.127784 0.253361
vt 0.123563 0.236163
vt 0.137116 0.232882
vt 0.145880 0.252100
vt 0.149845 0.226035
vt 0.162435 0.244143
vt 0.160574 0.215989
vt 0.175914 0.230593
vt 0.169374 0.202226
vt 0.185769 0.212649
vt 0.175864 0.184790
vt 0.191573 0.190837
vt 0.178509 0.164894
vt 0.194144 0.166208
vt 0.177410 0.144599
vt 0.194496 0.140707
vt 0.173127 0.126437
vt 0.191274 0.118125
vt 0.166359 0.111554
vt 0.183746 0.098812
vt 0.157097 0.099871
vt 0.172108 0.082958
vt 0.145730 0.090968
vt 0.157112 0.072265
vt 0.133259 0.085846
vt 0.140193 0.067819
vt 0.716154 0.234315
vt 0.714107 0.216096
vt 0.728313 0.215004
vt 0.732969 0.229294
vt 0.720803 0.257231
vt 0.742464 0.208857
vt 0.749575 0.220928
vt 0.754084 0.198825
vt 0.762949 0.208713
vt 0.762226 0.186522
vt 0.772647 0.194482
vt 0.767774 0.172316
vt 0.777447 0.177573
vt 0.770596 0.154343
vt 0.778971 0.156730
vt 0.770103 0.133601
vt 0.778418 0.132503
vt 0.766295 0.112935
vt 0.774787 0.108433
vt 0.759912 0.096463
vt 0.768860 0.088793
vt 0.751517 0.083852
vt 0.755999 0.100006
vt 0.748074 0.088143
vt 0.738148 0.079339
vt 0.745242 0.091850
vt 0.735975 0.083696
vt 0.724741 0.078048
vt 0.725792 0.073243
vt 0.712309 0.075616
vt 0.712232 0.070557
vt 0.700157 0.076551
vt 0.699151 0.071789
vt 0.122393 0.230461
vt 0.121403 0.225554
vt 0.133087 0.222721
vt 0.134903 0.227419
vt 0.143875 0.216269
vt 0.146490 0.220631
vt 0.152835 0.207246
vt 0.156131 0.211122
vt 0.160299 0.195411
vt 0.164102 0.198321
vt 0.165378 0.180983
vt 0.169723 0.182427
vt 0.167372 0.164330
vt 0.172039 0.164481
vt 0.166431 0.147149
vt 0.170963 0.146240
vt 0.162867 0.131973
vt 0.167138 0.129651
vt 0.157021 0.119331
vt 0.161136 0.115806
vt 0.149586 0.109150
vt 0.152913 0.104945
vt 0.139998 0.101341
vt 0.142552 0.096587
vt 0.129481 0.096770
vt 0.131234 0.091645
vt 0.713834 0.210189
vt 0.713875 0.204930
vt 0.725919 0.203758
vt 0.726896 0.208777
vt 0.737598 0.198401
vt 0.739627 0.202924
vt 0.747257 0.190123
vt 0.750134 0.193949
vt 0.754420 0.179785
vt 0.757925 0.182916
vt 0.759375 0.167464
vt 0.763335 0.169709
vt 0.761894 0.152482
vt 0.765834 0.153396
vt 0.761470 0.134592
vt 0.765221 0.134102
vt 0.758139 0.117111
vt 0.761641 0.115308
vt 0.752684 0.102959
vt 0.754974 0.118702
vt 0.749877 0.105509
vt 0.742965 0.094976
vt 0.747361 0.107834
vt 0.740837 0.098076
vt 0.732926 0.090717
vt 0.734359 0.087232
vt 0.723352 0.085686
vt 0.723970 0.082052
vt 0.712737 0.083629
vt 0.712460 0.079789
vt 0.702083 0.084771
vt 0.701140 0.080840
vt 0.120605 0.221127
vt 0.119963 0.217068
vt 0.130305 0.214570
vt 0.131537 0.218341
vt 0.139902 0.208729
vt 0.141722 0.212296
vt 0.147809 0.200849
vt 0.150215 0.203990
vt 0.154408 0.190756
vt 0.157063 0.192916
vt 0.158624 0.178413
vt 0.161736 0.179649
vt 0.160185 0.163987
vt 0.163662 0.164165
vt 0.159493 0.148959
vt 0.162706 0.148112
vt 0.156124 0.135847
vt 0.159232 0.134029
vt 0.150981 0.124988
vt 0.153783 0.122303
vt 0.144528 0.116198
vt 0.146755 0.112933
vt 0.136061 0.109501
vt 0.137819 0.105652
vt 0.703429 0.197863
vt 0.704311 0.193769
vt 0.714253 0.196171
vt 0.713977 0.200427
vt 0.128123 0.101154
vt 0.724568 0.195383
vt 0.725124 0.199320
vt 0.734610 0.191106
vt 0.736033 0.194736
vt 0.743021 0.184028
vt 0.745064 0.187052
vt 0.749026 0.174696
vt 0.751576 0.177136
vt 0.753260 0.163982
vt 0.756042 0.165588
vt 0.755581 0.150864
vt 0.758365 0.151601
vt 0.755132 0.135381
vt 0.758072 0.135008
vt 0.752238 0.120171
vt 0.242007 0.394058
vt 0.240783 0.378612
vt 0.244196 0.378470
vt 0.244984 0.393114
vt 0.247619 0.405336
vt 0.244802 0.406914
vt 0.247952 0.392589
vt 0.250455 0.404511
vt 0.254993 0.414315
vt 0.252433 0.415092
vt 0.249974 0.417405
vt 0.270375 0.942073
vt 0.270850 0.938866
vt 0.279823 0.939237
vt 0.279388 0.942427
vt 0.258833 0.422869
vt 0.256919 0.425685
vt 0.290548 0.939392
vt 0.290185 0.942589
vt 0.266595 0.428632
vt 0.265612 0.431865
vt 0.302575 0.939669
vt 0.302791 0.942736
vt 0.723352 0.088932
vt 0.713275 0.087414
vt 0.314814 0.939773
vt 0.315742 0.942625
vt 0.703280 0.088699
vt 0.327161 0.939405
vt 0.328389 0.941937
vt 0.119566 0.212986
vt 0.129198 0.210704
vt 0.263976 0.582670
vt 0.266595 0.584731
vt 0.259466 0.591290
vt 0.256509 0.589334
vt 0.138321 0.205335
vt 0.254675 0.599333
vt 0.251382 0.597659
vt 0.145993 0.197982
vt 0.251050 0.608615
vt 0.247678 0.607744
vt 0.244688 0.606070
vt 0.248684 0.595166
vt 0.249395 0.619821
vt 0.246117 0.619529
vt 0.242859 0.618880
vt 0.250070 0.632909
vt 0.246183 0.633130
vt 0.243246 0.633410
vt 0.251829 0.646190
vt 0.248557 0.646994
vt 0.245594 0.648221
vt 0.255169 0.657318
vt 0.252203 0.658663
vt 0.249724 0.660781
vt 0.260370 0.666274
vt 0.257529 0.667925
vt 0.255341 0.670826
vt 0.266595 0.673910
vt 0.263941 0.675401
vt 0.148621 0.127519
vt 0.142651 0.119086
vt 0.425104 0.755974
vt 0.423581 0.758764
vt 0.413354 0.757617
vt 0.414906 0.754721
vt 0.696923 0.185469
vt 0.705547 0.190009
vt 0.695542 0.188671
vt 0.402412 0.756877
vt 0.403406 0.754123
vt 0.715179 0.192398
vt 0.390213 0.755917
vt 0.390951 0.752644
vt 0.724330 0.191350
vt 0.377860 0.755602
vt 0.377986 0.752497
vt 0.734164 0.187762
vt 0.366655 0.755619
vt 0.366500 0.752610
vt 0.266595 0.329253
vt 0.258951 0.334476
vt 0.256891 0.331874
vt 0.265399 0.325904
vt 0.357091 0.755818
vt 0.357088 0.752527
vt 0.252687 0.342415
vt 0.250101 0.340386
vt 0.255090 0.342759
vt 0.250663 0.352475
vt 0.248057 0.352194
vt 0.244988 0.350486
vt 0.248014 0.364287
vt 0.245333 0.363948
vt 0.242140 0.363194
vt 0.247108 0.378269
vt 0.258538 0.714399
vt 0.258973 0.728389
vt 0.256190 0.727995
vt 0.255740 0.714248
vt 0.257504 0.700433
vt 0.260352 0.700141
vt 0.252756 0.714132
vt 0.254530 0.700493
vt 0.258272 0.688479
vt 0.261133 0.688494
vt 0.263710 0.688314
vt 0.263613 0.678509
vt 0.266328 0.678693
vt 0.252914 0.404085
vt 0.257367 0.414021
vt 0.270775 0.935383
vt 0.270469 0.931903
vt 0.279408 0.932127
vt 0.279708 0.935697
vt 0.290155 0.931962
vt 0.290423 0.935736
vt 0.302087 0.931732
vt 0.302341 0.935788
vt 0.314517 0.931495
vt 0.314654 0.935823
vt 0.326606 0.930963
vt 0.326691 0.935369
vt 0.337300 0.930074
vt 0.337256 0.934307
vt 0.337501 0.938261
vt 0.345890 0.928623
vt 0.345603 0.932639
vt 0.345515 0.936376
vt 0.790370 0.843981
vt 0.790964 0.847115
vt 0.781800 0.853190
vt 0.781464 0.850046
vt 0.351868 0.930577
vt 0.352207 0.934353
vt 0.770528 0.857395
vt 0.770526 0.854211
vt 0.253665 0.608452
vt 0.252027 0.619894
vt 0.757571 0.859053
vt 0.757694 0.855667
vt 0.757830 0.852522
vt 0.770863 0.851754
vt 0.744302 0.858024
vt 0.744430 0.854747
vt 0.744389 0.851736
vt 0.732349 0.854648
vt 0.732614 0.851519
vt 0.732769 0.848716
vt 0.722304 0.849877
vt 0.722765 0.846834
vt 0.722970 0.843981
vt 0.430410 0.763821
vt 0.430606 0.767626
vt 0.422682 0.766441
vt 0.422815 0.762523
vt 0.430436 0.760066
vt 0.412812 0.765508
vt 0.413032 0.761454
vt 0.401249 0.764731
vt 0.401713 0.760672
vt 0.388997 0.763831
vt 0.389618 0.759847
vt 0.376874 0.763049
vt 0.377439 0.759309
vt 0.365673 0.762611
vt 0.366210 0.759076
vt 0.356126 0.762718
vt 0.356612 0.759261
vt 0.263597 0.749987
vt 0.260839 0.749954
vt 0.256107 0.739842
vt 0.258938 0.740003
vt 0.261711 0.740279
vt 0.266328 0.750118
vt 0.253269 0.727757
vt 0.253034 0.739705
vt 0.250076 0.727584
vt 0.249481 0.714046
vt 0.243283 0.727853
vt 0.242859 0.713908
vt 0.244361 0.699755
vt 0.251226 0.700438
vt 0.247601 0.687525
vt 0.255130 0.688390
vt 0.252458 0.677595
vt 0.260597 0.678293
vt 0.270096 0.928069
vt 0.269308 0.917513
vt 0.278284 0.918196
vt 0.279096 0.928310
vt 0.289005 0.918558
vt 0.289832 0.928016
vt 0.301279 0.918725
vt 0.301796 0.927429
vt 0.314232 0.918561
vt 0.314363 0.926888
vt 0.326890 0.918451
vt 0.326596 0.926241
vt 0.338021 0.918383
vt 0.337477 0.925622
vt 0.347082 0.917724
vt 0.346334 0.924433
vt 0.791470 0.850486
vt 0.792012 0.855919
vt 0.782312 0.861652
vt 0.782077 0.856574
vt 0.770558 0.865652
vt 0.770598 0.860905
vt 0.757409 0.867449
vt 0.757491 0.862692
vt 0.743952 0.866323
vt 0.744144 0.861527
vt 0.731674 0.862973
vt 0.732102 0.857936
vt 0.721161 0.858349
vt 0.721826 0.853085
vt 0.430908 0.771556
vt 0.431360 0.778045
vt 0.422944 0.777340
vt 0.422735 0.770533
vt 0.412424 0.776940
vt 0.412575 0.769830
vt 0.400097 0.776727
vt 0.400770 0.769098
vt 0.387273 0.776487
vt 0.388343 0.768144
vt 0.374845 0.776212
vt 0.376229 0.767095
vt 0.363799 0.775991
vt 0.365070 0.766465
vt 0.354401 0.776309
vt 0.355642 0.766276
vt 0.258011 0.749922
vt 0.250137 0.749755
vt 0.245602 0.739831
vt 0.898214 0.828174
vt 0.907927 0.831905
vt 0.907194 0.860763
vt 0.897348 0.856263
vt 0.886038 0.853332
vt 0.886345 0.825821
vt 0.900451 0.894624
vt 0.888982 0.894174
vt 0.875322 0.894244
vt 0.873347 0.851771
vt 0.872429 0.824928
vt 0.860756 0.894298
vt 0.860522 0.852758
vt 0.858217 0.825341
vt 0.848296 0.894732
vt 0.848719 0.855837
vt 0.845856 0.827452
vt 0.837576 0.896808
vt 0.838140 0.860445
vt 0.835732 0.831432
vt 0.270930 0.877607
vt 0.275270 0.830000
vt 0.283251 0.831842
vt 0.280028 0.878597
vt 0.293139 0.832677
vt 0.290775 0.880029
vt 0.304382 0.833362
vt 0.302856 0.881675
vt 0.316606 0.833603
vt 0.315642 0.883005
vt 0.329133 0.833586
vt 0.328455 0.883858
vt 0.340546 0.833229
vt 0.339837 0.884278
vt 0.349931 0.832291
vt 0.349209 0.884692
vt 0.791810 0.881712
vt 0.793435 0.920768
vt 0.783034 0.926923
vt 0.781820 0.886039
vt 0.770413 0.931343
vt 0.769983 0.888372
vt 0.755355 0.933286
vt 0.756926 0.889353
vt 0.740925 0.932135
vt 0.743896 0.889459
vt 0.728467 0.928565
vt 0.731539 0.888011
vt 0.717633 0.923349
vt 0.720756 0.884384
vt 0.432043 0.811587
vt 0.430562 0.863806
vt 0.421642 0.862433
vt 0.423164 0.811354
vt 0.410788 0.861543
vt 0.412206 0.811170
vt 0.398765 0.860949
vt 0.399768 0.811438
vt 0.386959 0.860730
vt 0.387050 0.812346
vt 0.375751 0.860996
vt 0.374885 0.813711
vt 0.365570 0.861419
vt 0.363787 0.815069
vt 0.357249 0.863061
vt 0.354401 0.816057
vt 0.368672 0.908845
vt 0.361925 0.910612
vt 0.910420 0.896775
vt 0.914128 0.934432
vt 0.904801 0.932635
vt 0.914477 0.952487
vt 0.904312 0.950157
vt 0.891526 0.948263
vt 0.892750 0.931839
vt 0.876668 0.947660
vt 0.876060 0.931823
vt 0.861506 0.948454
vt 0.859174 0.931736
vt 0.848676 0.950191
vt 0.846443 0.932394
vt 0.837705 0.951644
vt 0.836402 0.934160
vt 0.829607 0.953546
vt 0.828820 0.937296
vt 0.281318 0.782733
vt 0.287434 0.784604
vt 0.290780 0.764758
vt 0.298093 0.767726
vt 0.295754 0.786310
vt 0.306344 0.769395
vt 0.305564 0.787139
vt 0.315586 0.769614
vt 0.316460 0.787514
vt 0.324934 0.767749
vt 0.327878 0.787072
vt 0.333001 0.764045
vt 0.338035 0.786470
vt 0.340024 0.760969
vt 0.346152 0.785523
vt 0.347606 0.757596
vt 0.352207 0.783925
vt 0.796954 0.952562
vt 0.787304 0.958170
vt 0.928698 0.702215
vt 0.908374 0.706708
vt 0.911658 0.689104
vt 0.930864 0.687583
vt 0.963810 0.685014
vt 0.961549 0.697910
vt 0.913018 0.664999
vt 0.931509 0.667257
vt 0.964481 0.669849
vt 0.911580 0.643555
vt 0.931179 0.648718
vt 0.964187 0.655478
vt 0.908374 0.630038
vt 0.929054 0.636265
vt 0.734120 0.963343
vt 0.721442 0.960023
vt 0.430546 0.912072
vt 0.424287 0.937542
vt 0.417862 0.934821
vt 0.425049 0.910335
vt 0.712426 0.955431
vt 0.411718 0.931178
vt 0.417350 0.909000
vt 0.404135 0.927692
vt 0.407895 0.907778
vt 0.395725 0.925660
vt 0.397168 0.906950
vt 0.387209 0.925623
vt 0.386596 0.906824
vt 0.379139 0.926994
vt 0.377000 0.907300
vt 0.371777 0.929421
vt 0.379644 0.934236
vt 0.372208 0.937244
vt 0.536112 0.252475
vt 0.542213 0.259742
vt 0.365260 0.932338
vt 0.387273 0.932576
vt 0.527873 0.243408
vt 0.522112 0.242908
vt 0.523705 0.235362
vt 0.529730 0.236012
vt 0.395130 0.932425
vt 0.693349 0.236115
vt 0.687823 0.235830
vt 0.685107 0.219462
vt 0.691103 0.219192
vt 0.531918 0.219152
vt 0.538369 0.219218
vt 0.545129 0.218934
vt 0.535463 0.198951
vt 0.540038 0.199039
vt 0.544503 0.199175
vt 0.548509 0.199229
vt 0.550271 0.218540
vt 0.540194 0.182163
vt 0.544051 0.182100
vt 0.548071 0.181924
vt 0.551920 0.181882
vt 0.552461 0.199299
vt 0.542696 0.165260
vt 0.546400 0.164610
vt 0.549998 0.164205
vt 0.553589 0.164036
vt 0.555523 0.181783
vt 0.544799 0.150584
vt 0.547999 0.150393
vt 0.551275 0.150413
vt 0.554326 0.150585
vt 0.556764 0.164139
vt 0.547679 0.137304
vt 0.550704 0.137669
vt 0.553720 0.138100
vt 0.556360 0.138629
vt 0.556892 0.151042
vt 0.553589 0.124051
vt 0.557172 0.124559
vt 0.560026 0.124710
vt 0.471622 0.882375
vt 0.475073 0.882456
vt 0.476697 0.896817
vt 0.474109 0.896501
vt 0.558242 0.107994
vt 0.561182 0.108104
vt 0.471538 0.865726
vt 0.474709 0.865813
vt 0.478428 0.865777
vt 0.478822 0.882549
vt 0.473286 0.849545
vt 0.476112 0.849637
vt 0.479542 0.849696
vt 0.483125 0.849676
vt 0.482280 0.865609
vt 0.478151 0.836141
vt 0.480818 0.836177
vt 0.483830 0.835905
vt 0.487072 0.835363
vt 0.486704 0.849606
vt 0.479752 0.826589
vt 0.482923 0.825794
vt 0.486236 0.823893
vt 0.489024 0.821186
vt 0.489664 0.834758
vt 0.479897 0.821036
vt 0.482972 0.818029
vt 0.212810 0.858575
vt 0.220556 0.863961
vt 0.473675 0.817067
vt 0.476956 0.813894
vt 0.229080 0.867427
vt 0.227587 0.872212
vt 0.478941 0.809276
vt 0.470484 0.808488
vt 0.472978 0.805232
vt 0.233917 0.875665
vt 0.464967 0.803261
vt 0.467131 0.800729
vt 0.238590 0.879643
vt 0.236519 0.882528
vt 0.233718 0.885185
vt 0.468241 0.797981
vt 0.461919 0.797291
vt 0.463094 0.794864
vt 0.507201 0.785508
vt 0.509234 0.787979
vt 0.460175 0.799138
vt 0.455630 0.797800
vt 0.513082 0.789543
vt 0.516832 0.789593
vt 0.517296 0.784818
vt 0.576546 0.037944
vt 0.576431 0.041252
vt 0.571052 0.044716
vt 0.571460 0.039359
vt 0.246911 0.507468
vt 0.243616 0.507516
vt 0.243616 0.504380
vt 0.247050 0.503310
vt 0.572784 0.049197
vt 0.566948 0.054461
vt 0.577707 0.044272
vt 0.579700 0.046695
vt 0.575579 0.052579
vt 0.582934 0.042463
vt 0.585721 0.040314
vt 0.588823 0.040349
vt 0.578798 0.054643
vt 0.573218 0.060549
vt 0.570070 0.058277
vt 0.592443 0.767834
vt 0.596048 0.766874
vt 0.596617 0.775827
vt 0.592860 0.775848
vt 0.564356 0.062773
vt 0.561438 0.060042
vt 0.559302 0.068083
vt 0.556961 0.067030
vt 0.557651 0.078189
vt 0.555256 0.077843
vt 0.552584 0.077643
vt 0.557004 0.091791
vt 0.553957 0.091800
vt 0.550546 0.091830
vt 0.549940 0.077443
vt 0.547201 0.091843
vt 0.547343 0.077230
vt 0.543977 0.091797
vt 0.544749 0.076997
vt 0.546571 0.062701
vt 0.542419 0.076816
vt 0.544203 0.062469
vt 0.545749 0.049558
vt 0.548582 0.049686
vt 0.547000 0.036718
vt 0.550135 0.036995
vt 0.553906 0.037178
vt 0.551057 0.026881
vt 0.554820 0.027531
vt 0.558948 0.027731
vt 0.562838 0.027287
vt 0.556240 0.020356
vt 0.560087 0.020677
vt 0.563211 0.020719
vt 0.594424 0.618600
vt 0.598134 0.618352
vt 0.597678 0.624708
vt 0.594103 0.625174
vt 0.561198 0.014580
vt 0.563672 0.014582
vt 0.595031 0.612456
vt 0.598573 0.612453
vt 0.602321 0.612589
vt 0.602010 0.618149
vt 0.595999 0.607097
vt 0.592479 0.612504
vt 0.593448 0.607202
vt 0.595554 0.602639
vt 0.598124 0.602872
vt 0.513004 0.347085
vt 0.515961 0.346552
vt 0.516071 0.350784
vt 0.513051 0.351244
vt 0.600855 0.600057
vt 0.516175 0.355956
vt 0.512808 0.356073
vt 0.510200 0.356424
vt 0.510577 0.352100
vt 0.512788 0.361839
vt 0.509923 0.361149
vt 0.207010 0.921666
vt 0.203241 0.921722
vt 0.204686 0.917961
vt 0.207932 0.917943
vt 0.606415 0.600666
vt 0.607658 0.604380
vt 0.205639 0.913512
vt 0.208495 0.913568
vt 0.211288 0.913640
vt 0.210609 0.917405
vt 0.206100 0.908855
vt 0.208977 0.908988
vt 0.212062 0.909187
vt 0.209061 0.903807
vt 0.212362 0.903950
vt 0.605410 0.612942
vt 0.605424 0.618167
vt 0.209195 0.897486
vt 0.212747 0.897717
vt 0.605424 0.624384
vt 0.601716 0.624320
vt 0.210743 0.889692
vt 0.214811 0.890435
vt 0.206839 0.889086
vt 0.205779 0.897506
vt 0.202585 0.897830
vt 0.203299 0.888879
vt 0.206082 0.903637
vt 0.203088 0.903678
vt 0.200134 0.904035
vt 0.199603 0.898417
vt 0.203167 0.908583
vt 0.202426 0.913040
vt 0.200870 0.917171
vt 0.197418 0.915605
vt 0.194766 0.918143
vt 0.191606 0.913816
vt 0.194573 0.912208
vt 0.198732 0.920472
vt 0.196374 0.922849
vt 0.191889 0.919558
vt 0.201327 0.924437
vt 0.661153 0.005148
vt 0.663578 0.005544
vt 0.661207 0.011153
vt 0.658064 0.010451
vt 0.188430 0.914538
vt 0.513024 0.372430
vt 0.513076 0.367405
vt 0.516493 0.367699
vt 0.516154 0.372494
vt 0.666742 0.001097
vt 0.669332 0.003118
vt 0.666469 0.006935
vt 0.516240 0.362094
vt 0.518740 0.361533
vt 0.518888 0.366607
vt 0.672325 0.001105
vt 0.673683 0.004647
vt 0.671160 0.006000
vt 0.518888 0.356209
vt 0.546770 0.001330
vt 0.550687 0.001097
vt 0.549172 0.004673
vt 0.546119 0.004860
vt 0.548457 0.009165
vt 0.545860 0.009153
vt 0.545204 0.013915
vt 0.547756 0.013992
vt 0.550401 0.014090
vt 0.549250 0.019596
vt 0.546536 0.019485
vt 0.543814 0.019346
vt 0.243684 0.500987
vt 0.243616 0.496118
vt 0.246442 0.496474
vt 0.246442 0.501117
vt 0.545126 0.026479
vt 0.542447 0.026156
vt 0.540014 0.025686
vt 0.541158 0.019060
vt 0.673280 0.019082
vt 0.673007 0.025760
vt 0.669963 0.025568
vt 0.670369 0.018767
vt 0.672890 0.013804
vt 0.666786 0.025545
vt 0.667141 0.018293
vt 0.663361 0.025609
vt 0.663634 0.017879
vt 0.664441 0.012160
vt 0.660149 0.017529
vt 0.659948 0.025685
vt 0.656862 0.025703
vt 0.656970 0.017308
vt 0.186795 0.907798
vt 0.185729 0.899458
vt 0.188206 0.899462
vt 0.189429 0.907551
vt 0.191181 0.899474
vt 0.192557 0.906897
vt 0.194329 0.899367
vt 0.191062 0.888011
vt 0.194302 0.888412
vt 0.197425 0.888645
vt 0.197139 0.899062
vt 0.200356 0.888804
vt 0.247052 0.475176
vt 0.244427 0.475136
vt 0.198030 0.875839
vt 0.201251 0.876375
vt 0.204202 0.876868
vt 0.200381 0.864112
vt 0.203182 0.864292
vt 0.198481 0.849181
vt 0.201078 0.849227
vt 0.197961 0.834511
vt 0.201348 0.834224
vt 0.204583 0.833926
vt 0.201256 0.819370
vt 0.205380 0.818812
vt 0.208844 0.818242
vt 0.207481 0.833619
vt 0.492970 0.849478
vt 0.493530 0.864861
vt 0.489878 0.865123
vt 0.490022 0.849533
vt 0.491515 0.834637
vt 0.486038 0.865367
vt 0.491283 0.881890
vt 0.487091 0.882383
vt 0.482897 0.882631
vt 0.487359 0.897292
vt 0.483373 0.897194
vt 0.479900 0.897110
vt 0.482030 0.910582
vt 0.478446 0.910106
vt 0.475174 0.909464
vt 0.475014 0.924004
vt 0.470963 0.923055
vt 0.467335 0.922068
vt 0.472205 0.908826
vt 0.467909 0.938874
vt 0.464058 0.938915
vt 0.461161 0.938985
vt 0.464591 0.921600
vt 0.470000 0.908334
vt 0.462767 0.956304
vt 0.460091 0.956336
vt 0.558953 0.181716
vt 0.559359 0.199112
vt 0.556176 0.199213
vt 0.562138 0.216984
vt 0.558413 0.217342
vt 0.554389 0.217870
vt 0.563455 0.234677
vt 0.559560 0.236661
vt 0.571696 0.246579
vt 0.566547 0.249035
vt 0.579904 0.261244
vt 0.570561 0.264891
vt 0.593203 0.280255
vt 0.582314 0.283136
vt 0.567230 0.284387
vt 0.560155 0.268332
vt 0.557239 0.283859
vt 0.553199 0.269677
vt 0.904915 0.957743
vt 0.890808 0.956598
vt 0.916222 0.959065
vt 0.567701 0.298247
vt 0.559041 0.297697
vt 0.877003 0.956069
vt 0.566241 0.311281
vt 0.557591 0.311821
vt 0.862849 0.956282
vt 0.560356 0.326134
vt 0.554045 0.325427
vt 0.849187 0.957608
vt 0.548131 0.337269
vt 0.837215 0.958110
vt 0.541500 0.345667
vt 0.828678 0.959065
vt 0.534495 0.350971
vt 0.291887 0.758001
vt 0.298871 0.761362
vt 0.530683 0.357764
vt 0.528161 0.353800
vt 0.306465 0.763016
vt 0.524598 0.358829
vt 0.522112 0.354683
vt 0.315028 0.763191
vt 0.693349 0.355026
vt 0.691503 0.359066
vt 0.684340 0.359539
vt 0.686170 0.354825
vt 0.323727 0.761437
vt 0.676194 0.359555
vt 0.678065 0.353348
vt 0.331297 0.757423
vt 0.337583 0.752497
vt 0.683802 0.368945
vt 0.675320 0.369926
vt 0.667398 0.371124
vt 0.660477 0.372556
vt 0.674869 0.386779
vt 0.668734 0.387823
vt 0.663304 0.388449
vt 0.658154 0.388547
vt 0.654440 0.373846
vt 0.669477 0.405615
vt 0.664184 0.405710
vt 0.659478 0.405449
vt 0.655538 0.404898
vt 0.654024 0.388073
vt 0.665347 0.421864
vt 0.660892 0.421635
vt 0.657140 0.421212
vt 0.180606 0.503630
vt 0.184463 0.504064
vt 0.182783 0.520767
vt 0.178570 0.520136
vt 0.662486 0.435786
vt 0.659220 0.435617
vt 0.182174 0.489052
vt 0.185278 0.489100
vt 0.188976 0.489143
vt 0.188986 0.504565
vt 0.180919 0.474513
vt 0.183909 0.474397
vt 0.187473 0.474238
vt 0.191078 0.474233
vt 0.192819 0.489172
vt 0.181523 0.458286
vt 0.185525 0.458246
vt 0.189717 0.458315
vt 0.194227 0.458562
vt 0.194627 0.474355
vt 0.185617 0.441514
vt 0.190113 0.441673
vt 0.195003 0.442002
vt 0.199798 0.442448
vt 0.198498 0.458937
vt 0.191730 0.426204
vt 0.196073 0.426553
vt 0.200517 0.426940
vt 0.204744 0.427379
vt 0.204256 0.443107
vt 0.197041 0.412208
vt 0.200515 0.412501
vt 0.203900 0.412764
vt 0.206904 0.413016
vt 0.208577 0.427883
vt 0.201066 0.397795
vt 0.203556 0.397967
vt 0.203599 0.385318
vt 0.206274 0.385420
vt 0.204203 0.372862
vt 0.207436 0.372896
vt 0.210947 0.372409
vt 0.215097 0.371014
vt 0.206382 0.360584
vt 0.210289 0.360716
vt 0.214384 0.360385
vt 0.205271 0.351887
vt 0.209089 0.351960
vt 0.213172 0.351816
vt 0.205483 0.345343
vt 0.209114 0.345217
vt 0.213021 0.345042
vt 0.506881 0.649811
vt 0.511270 0.649506
vt 0.208921 0.339549
vt 0.212386 0.339187
vt 0.506472 0.643948
vt 0.510354 0.643253
vt 0.514754 0.642768
vt 0.515926 0.649363
vt 0.519421 0.649132
vt 0.519219 0.656597
vt 0.517915 0.642526
vt 0.566958 0.584834
vt 0.563082 0.584688
vt 0.563127 0.578177
vt 0.567545 0.578108
vt 0.516541 0.637095
vt 0.566098 0.590372
vt 0.514199 0.632241
vt 0.563862 0.595420
vt 0.512740 0.317904
vt 0.512792 0.322280
vt 0.510106 0.322991
vt 0.509923 0.319332
vt 0.513054 0.326936
vt 0.509947 0.327129
vt 0.516662 0.327071
vt 0.516917 0.331974
vt 0.513316 0.332183
vt 0.519522 0.327031
vt 0.205151 0.325904
vt 0.206880 0.329400
vt 0.203615 0.330092
vt 0.201537 0.326378
vt 0.208252 0.334197
vt 0.204985 0.334668
vt 0.201674 0.335334
vt 0.200292 0.331271
vt 0.198038 0.328094
vt 0.516568 0.336154
vt 0.516864 0.339800
vt 0.513987 0.341019
vt 0.513279 0.336832
vt 0.510614 0.340835
vt 0.509923 0.336527
vt 0.510152 0.331927
vt 0.552561 0.597757
vt 0.549220 0.596792
vt 0.548496 0.593312
vt 0.551762 0.594067
vt 0.243616 0.493925
vt 0.244444 0.490117
vt 0.247052 0.489535
vt 0.247052 0.493370
vt 0.554501 0.594006
vt 0.551586 0.589391
vt 0.554019 0.589303
vt 0.244768 0.487341
vt 0.244490 0.482660
vt 0.246872 0.481976
vt 0.247019 0.486006
vt 0.555673 0.597864
vt 0.550991 0.584592
vt 0.553587 0.584520
vt 0.244490 0.477855
vt 0.247052 0.477370
vt 0.556105 0.584530
vt 0.552774 0.579072
vt 0.555643 0.579071
vt 0.559131 0.578670
vt 0.559267 0.584577
vt 0.554826 0.572464
vt 0.558322 0.571713
vt 0.562695 0.570852
vt 0.558076 0.562865
vt 0.567072 0.570707
vt 0.554235 0.562858
vt 0.550921 0.562833
vt 0.549994 0.550996
vt 0.551864 0.572586
vt 0.549094 0.572795
vt 0.548010 0.562914
vt 0.549999 0.579228
vt 0.547342 0.579536
vt 0.546508 0.573273
vt 0.548243 0.584596
vt 0.688276 0.583430
vt 0.685633 0.583384
vt 0.685765 0.578947
vt 0.688778 0.578415
vt 0.548597 0.589054
vt 0.687717 0.587871
vt 0.685159 0.587434
vt 0.686825 0.592140
vt 0.683911 0.591483
vt 0.684639 0.595605
vt 0.681124 0.594168
vt 0.677642 0.591432
vt 0.675277 0.588002
vt 0.512076 0.344261
vt 0.515315 0.344359
vt 0.675252 0.591863
vt 0.673295 0.588226
vt 0.189972 0.335364
vt 0.189519 0.339059
vt 0.187319 0.339160
vt 0.187869 0.335669
vt 0.190799 0.331621
vt 0.192661 0.339318
vt 0.195999 0.339789
vt 0.195627 0.344263
vt 0.192300 0.343863
vt 0.189033 0.343697
vt 0.192320 0.350747
vt 0.188935 0.350777
vt 0.186408 0.350766
vt 0.186659 0.343637
vt 0.672930 0.580180
vt 0.672340 0.573093
vt 0.675421 0.573175
vt 0.675749 0.580155
vt 0.673951 0.584584
vt 0.678795 0.573162
vt 0.679018 0.579816
vt 0.682222 0.573087
vt 0.682429 0.579403
vt 0.685522 0.572815
vt 0.682071 0.562475
vt 0.685389 0.562410
vt 0.688392 0.562149
vt 0.688631 0.572202
vt 0.684753 0.550317
vt 0.687772 0.550120
vt 0.690515 0.549856
vt 0.691209 0.561751
vt 0.691129 0.571567
vt 0.685542 0.538384
vt 0.687902 0.538255
vt 0.547067 0.550951
vt 0.546384 0.539271
vt 0.548918 0.539283
vt 0.544671 0.525379
vt 0.546874 0.525048
vt 0.541497 0.510899
vt 0.544210 0.510467
vt 0.547202 0.510163
vt 0.541921 0.495733
vt 0.545738 0.495163
vt 0.549859 0.494690
vt 0.550494 0.509984
vt 0.553953 0.494361
vt 0.553907 0.509911
vt 0.558029 0.494139
vt 0.557448 0.509891
vt 0.557312 0.523492
vt 0.560823 0.509905
vt 0.560218 0.523018
vt 0.564029 0.532078
vt 0.561426 0.533889
vt 0.567739 0.539702
vt 0.570372 0.536804
vt 0.577306 0.540175
vt 0.574588 0.543208
vt 0.607096 0.709361
vt 0.607006 0.717569
vt 0.603881 0.716838
vt 0.603742 0.708833
vt 0.603890 0.699324
vt 0.607096 0.700649
vt 0.580415 0.537945
vt 0.586044 0.543366
vt 0.583196 0.544918
vt 0.599791 0.708592
vt 0.599776 0.698674
vt 0.600864 0.690892
vt 0.604358 0.691644
vt 0.601743 0.685830
vt 0.604888 0.686528
vt 0.595954 0.698926
vt 0.597544 0.691050
vt 0.603965 0.739256
vt 0.600836 0.740096
vt 0.600380 0.734037
vt 0.603138 0.733242
vt 0.597121 0.740033
vt 0.597205 0.733843
vt 0.593621 0.739249
vt 0.594327 0.732799
vt 0.595244 0.728168
vt 0.592443 0.731345
vt 0.594093 0.726593
vt 0.515109 0.724345
vt 0.517148 0.728640
vt 0.515311 0.729857
vt 0.513580 0.724882
vt 0.512688 0.730567
vt 0.511795 0.724895
vt 0.510594 0.721238
vt 0.508211 0.720111
vt 0.509835 0.719382
vt 0.592381 0.561649
vt 0.590668 0.560595
vt 0.593512 0.561611
vt 0.590253 0.562065
vt 0.587510 0.558068
vt 0.588363 0.555737
vt 0.583351 0.554460
vt 0.584872 0.551858
vt 0.587192 0.549733
vt 0.590005 0.553806
vt 0.589533 0.548514
vt 0.592101 0.552485
vt 0.605100 0.682863
vt 0.602456 0.682451
vt 0.603523 0.727213
vt 0.601692 0.724099
vt 0.580636 0.547401
vt 0.578712 0.550373
vt 0.572502 0.547013
vt 0.516529 0.735691
vt 0.512709 0.736251
vt 0.230978 0.366715
vt 0.235011 0.364254
vt 0.237005 0.366348
vt 0.233313 0.369919
vt 0.228076 0.373059
vt 0.225901 0.367883
vt 0.235284 0.373010
vt 0.229927 0.377700
vt 0.220441 0.368428
vt 0.592443 0.746479
vt 0.596644 0.748192
vt 0.231120 0.381774
vt 0.223196 0.386561
vt 0.595355 0.755533
vt 0.600773 0.748306
vt 0.599606 0.755327
vt 0.592443 0.709668
vt 0.595789 0.708878
vt 0.597340 0.717171
vt 0.594357 0.718638
vt 0.214825 0.391933
vt 0.470526 0.511704
vt 0.473914 0.512751
vt 0.472831 0.520626
vt 0.470156 0.520201
vt 0.474237 0.533495
vt 0.470737 0.533490
vt 0.467169 0.533418
vt 0.471927 0.549122
vt 0.468066 0.548886
vt 0.463998 0.548551
vt 0.463973 0.533332
vt 0.460219 0.548169
vt 0.460981 0.533169
vt 0.462442 0.518305
vt 0.467298 0.565837
vt 0.463078 0.565194
vt 0.458877 0.564411
vt 0.462326 0.580947
vt 0.458394 0.580311
vt 0.208509 0.444014
vt 0.205733 0.459956
vt 0.202351 0.459350
vt 0.454908 0.579815
vt 0.460714 0.595087
vt 0.458062 0.595008
vt 0.201436 0.474758
vt 0.198245 0.474534
vt 0.204594 0.489033
vt 0.201057 0.489034
vt 0.196964 0.489098
vt 0.203009 0.505092
vt 0.198522 0.505060
vt 0.193801 0.504919
vt 0.199385 0.522636
vt 0.193647 0.522177
vt 0.187939 0.521501
vt 0.192831 0.540185
vt 0.186224 0.538936
vt 0.180668 0.537910
vt 0.185566 0.550337
vt 0.178623 0.550499
vt 0.172662 0.551014
vt 0.176180 0.537174
vt 0.179266 0.560684
vt 0.172287 0.563368
vt 0.650121 0.374570
vt 0.833743 0.417724
vt 0.839270 0.422445
vt 0.836745 0.431868
vt 0.830839 0.429009
vt 0.183139 0.568806
vt 0.177390 0.574901
vt 0.186593 0.558715
vt 0.836426 0.451313
vt 0.830757 0.450547
vt 0.195323 0.575762
vt 0.190422 0.583274
vt 0.200600 0.570431
vt 0.219429 0.578702
vt 0.215255 0.584103
vt 0.211919 0.590769
vt 0.228190 0.586076
vt 0.225371 0.592868
vt 0.223420 0.600897
vt 0.209104 0.599063
vt 0.186725 0.591814
vt 0.221846 0.611248
vt 0.207028 0.609973
vt 0.182114 0.606314
vt 0.222272 0.625690
vt 0.206777 0.627024
vt 0.181994 0.629139
vt 0.206888 0.642833
vt 0.184563 0.650401
vt 0.611171 0.296973
vt 0.630467 0.295961
vt 0.645605 0.295867
vt 0.659575 0.296890
vt 0.661186 0.320886
vt 0.221386 0.640449
vt 0.222735 0.650377
vt 0.209071 0.652969
vt 0.188305 0.660934
vt 0.224871 0.658244
vt 0.211869 0.660778
vt 0.192009 0.668909
vt 0.215209 0.667036
vt 0.196561 0.675542
vt 0.185663 0.682339
vt 0.180490 0.677097
vt 0.610717 0.256659
vt 0.627552 0.248771
vt 0.182424 0.688564
vt 0.176460 0.685832
vt 0.637559 0.240048
vt 0.181360 0.696770
vt 0.175400 0.696106
vt 0.170100 0.694835
vt 0.170476 0.682169
vt 0.646012 0.231238
vt 0.177572 0.708541
vt 0.173761 0.708795
vt 0.650195 0.216970
vt 0.654281 0.217167
vt 0.659599 0.217773
vt 0.651134 0.199863
vt 0.655085 0.199669
vt 0.659689 0.199594
vt 0.664710 0.199567
vt 0.665299 0.218568
vt 0.655355 0.182467
vt 0.659681 0.182201
vt 0.664228 0.182008
vt 0.668955 0.181859
vt 0.669849 0.199469
vt 0.659742 0.167416
vt 0.663984 0.167266
vt 0.668334 0.167161
vt 0.672723 0.166973
vt 0.673943 0.181773
vt 0.662626 0.153079
vt 0.666351 0.152830
vt 0.669792 0.152598
vt 0.672975 0.152209
vt 0.676693 0.166559
vt 0.665778 0.138298
vt 0.669604 0.138035
vt 0.673030 0.137706
vt 0.675924 0.137377
vt 0.675801 0.151685
vt 0.669773 0.121690
vt 0.673408 0.121623
vt 0.676629 0.121618
vt 0.533757 0.121386
vt 0.537654 0.121732
vt 0.537125 0.137059
vt 0.533966 0.137166
vt 0.530535 0.121194
vt 0.532766 0.105764
vt 0.535890 0.106270
vt 0.539619 0.106735
vt 0.543383 0.107118
vt 0.541569 0.122204
vt 0.538052 0.091432
vt 0.540956 0.091669
vt 0.540287 0.076651
vt 0.535549 0.091118
vt 0.538351 0.076457
vt 0.539925 0.062098
vt 0.541980 0.062247
vt 0.540288 0.049255
vt 0.542902 0.049365
vt 0.541198 0.036688
vt 0.543901 0.036770
vt 0.547853 0.026569
vt 0.552540 0.019916
vt 0.553725 0.014273
vt 0.557557 0.014472
vt 0.561097 0.009270
vt 0.675855 0.036658
vt 0.675392 0.049260
vt 0.672841 0.049344
vt 0.673074 0.036671
vt 0.675613 0.026079
vt 0.670088 0.049521
vt 0.670153 0.036777
vt 0.667034 0.049752
vt 0.666976 0.036981
vt 0.663744 0.049952
vt 0.663593 0.037228
vt 0.660442 0.050075
vt 0.660142 0.037418
vt 0.657563 0.050083
vt 0.656963 0.037473
vt 0.185466 0.887684
vt 0.186219 0.874992
vt 0.188581 0.875084
vt 0.187923 0.887742
vt 0.191515 0.875248
vt 0.189082 0.863350
vt 0.191617 0.863553
vt 0.194508 0.863769
vt 0.194786 0.875508
vt 0.197473 0.863972
vt 0.193019 0.849591
vt 0.195787 0.849385
vt 0.190981 0.835107
vt 0.194330 0.834839
vt 0.188607 0.820439
vt 0.192728 0.820162
vt 0.196950 0.819819
vt 0.191363 0.804359
vt 0.195849 0.804010
vt 0.200400 0.803504
vt 0.195200 0.787530
vt 0.199071 0.787256
vt 0.202354 0.786849
vt 0.204607 0.802794
vt 0.498400 0.880774
vt 0.497930 0.896789
vt 0.494895 0.897066
vt 0.495046 0.881340
vt 0.208071 0.801903
vt 0.491057 0.897330
vt 0.492837 0.911380
vt 0.489178 0.911227
vt 0.485621 0.910925
vt 0.487858 0.925532
vt 0.483556 0.925224
vt 0.479311 0.924726
vt 0.481474 0.940122
vt 0.476659 0.939687
vt 0.472166 0.939187
vt 0.473480 0.956824
vt 0.469265 0.956520
vt 0.465736 0.956326
vt 0.464755 0.974336
vt 0.460716 0.974127
vt 0.457179 0.973854
vt 0.459105 0.987698
vt 0.454908 0.988186
vt 0.565147 0.216885
vt 0.569615 0.231414
vt 0.566862 0.232933
vt 0.562186 0.199029
vt 0.577926 0.242243
vt 0.575495 0.244403
vt 0.593033 0.252488
vt 0.838055 0.001097
vt 0.840591 0.004729
vt 0.834720 0.020619
vt 0.831615 0.017626
vt 0.456737 0.998903
vt 0.461199 0.997470
vt 0.839372 0.022727
vt 0.839811 0.038367
vt 0.833612 0.036409
vt 0.829213 0.034610
vt 0.844074 0.007746
vt 0.847435 0.011284
vt 0.844032 0.024518
vt 0.465797 0.997144
vt 0.463593 0.987588
vt 0.468505 0.987241
vt 0.470732 0.996056
vt 0.473685 0.986720
vt 0.475554 0.994456
vt 0.469289 0.974731
vt 0.474371 0.975300
vt 0.480104 0.976032
vt 0.479460 0.986444
vt 0.478406 0.957242
vt 0.483545 0.957800
vt 0.488442 0.958497
vt 0.485885 0.976810
vt 0.486287 0.940492
vt 0.490819 0.940930
vt 0.494835 0.941661
vt 0.492720 0.959247
vt 0.492139 0.925685
vt 0.496165 0.925915
vt 0.205221 0.757552
vt 0.202052 0.757512
vt 0.203813 0.741332
vt 0.207428 0.741667
vt 0.495684 0.911459
vt 0.202230 0.772065
vt 0.199379 0.772112
vt 0.196120 0.772047
vt 0.198234 0.757387
vt 0.194356 0.757261
vt 0.195173 0.741395
vt 0.199627 0.741303
vt 0.192705 0.772074
vt 0.189389 0.772146
vt 0.190508 0.757252
vt 0.191233 0.787699
vt 0.187237 0.787809
vt 0.183616 0.787842
vt 0.186170 0.772292
vt 0.187062 0.804493
vt 0.183099 0.804491
vt 0.179477 0.804450
vt 0.180200 0.787773
vt 0.184800 0.820625
vt 0.181483 0.820735
vt 0.178841 0.820759
vt 0.176466 0.804340
vt 0.187713 0.835392
vt 0.184897 0.835606
vt 0.182416 0.835810
vt 0.654406 0.089516
vt 0.657316 0.089738
vt 0.655229 0.104937
vt 0.652114 0.104822
vt 0.187723 0.849795
vt 0.185673 0.849751
vt 0.656672 0.075340
vt 0.659217 0.075535
vt 0.662034 0.075720
vt 0.660598 0.090066
vt 0.657851 0.061884
vt 0.660289 0.062118
vt 0.663092 0.062260
vt 0.665932 0.062301
vt 0.664860 0.075954
vt 0.667621 0.076173
vt 0.667194 0.090712
vt 0.663879 0.090375
vt 0.668606 0.062253
vt 0.671066 0.062172
vt 0.670120 0.076397
vt 0.672227 0.076564
vt 0.673175 0.091336
vt 0.670254 0.091035
vt 0.673132 0.062133
vt 0.673305 0.106102
vt 0.669892 0.105810
vt 0.666352 0.105561
vt 0.665861 0.121694
vt 0.661890 0.121673
vt 0.662568 0.105309
vt 0.657876 0.121666
vt 0.658816 0.105107
vt 0.654028 0.121572
vt 0.657872 0.138494
vt 0.654096 0.138380
vt 0.650662 0.138084
vt 0.650606 0.121399
vt 0.655721 0.153286
vt 0.652755 0.153232
vt 0.177478 0.787564
vt 0.181000 0.772122
vt 0.183288 0.772217
vt 0.180656 0.757707
vt 0.183372 0.757515
vt 0.186728 0.757389
vt 0.181823 0.742467
vt 0.185868 0.742110
vt 0.190370 0.741698
vt 0.184134 0.724692
vt 0.189182 0.724075
vt 0.194784 0.723606
vt 0.187887 0.707497
vt 0.194065 0.706815
vt 0.200435 0.706141
vt 0.200228 0.723424
vt 0.206653 0.705602
vt 0.205345 0.723538
vt 0.211819 0.705521
vt 0.209567 0.723899
vt 0.207573 0.696470
vt 0.213255 0.696029
vt 0.491335 0.977484
vt 0.491220 0.986931
vt 0.485309 0.986699
vt 0.492661 0.992237
vt 0.486661 0.992639
vt 0.481036 0.993217
vt 0.855390 0.017773
vt 0.861139 0.020084
vt 0.859437 0.027110
vt 0.852620 0.026922
vt 0.847681 0.026264
vt 0.850728 0.014699
vt 0.853859 0.042545
vt 0.850337 0.040982
vt 0.247052 0.435883
vt 0.247052 0.449553
vt 0.241645 0.447221
vt 0.241640 0.434059
vt 0.845243 0.039930
vt 0.844655 0.052414
vt 0.840069 0.047853
vt 0.837041 0.054729
vt 0.833183 0.050664
vt 0.835122 0.044240
vt 0.467288 0.786526
vt 0.472911 0.781484
vt 0.480073 0.785889
vt 0.474662 0.788917
vt 0.469419 0.780690
vt 0.472502 0.774062
vt 0.792309 0.604117
vt 0.791376 0.597798
vt 0.800338 0.597899
vt 0.800693 0.604702
vt 0.800485 0.615249
vt 0.793829 0.614608
vt 0.474303 0.763335
vt 0.801026 0.633293
vt 0.795038 0.632935
vt 0.474653 0.744882
vt 0.479698 0.745477
vt 0.488659 0.725338
vt 0.486465 0.747005
vt 0.494100 0.727211
vt 0.492422 0.746573
vt 0.496031 0.767701
vt 0.602049 0.296974
vt 0.601815 0.316131
vt 0.594437 0.313181
vt 0.594169 0.297904
vt 0.581981 0.311707
vt 0.583337 0.298640
vt 0.583387 0.331728
vt 0.572310 0.328335
vt 0.589926 0.334276
vt 0.572976 0.348305
vt 0.596022 0.335754
vt 0.578203 0.350032
vt 0.567206 0.364127
vt 0.563246 0.362579
vt 0.561815 0.383162
vt 0.557854 0.382883
vt 0.553397 0.382535
vt 0.547955 0.382484
vt 0.556193 0.402363
vt 0.552141 0.402616
vt 0.547593 0.402870
vt 0.542879 0.403159
vt 0.541446 0.383085
vt 0.551744 0.420074
vt 0.547418 0.420027
vt 0.543409 0.420135
vt 0.539552 0.420431
vt 0.538261 0.403665
vt 0.546437 0.436554
vt 0.542928 0.436318
vt 0.539744 0.436147
vt 0.687348 0.435588
vt 0.683929 0.435641
vt 0.685212 0.420563
vt 0.689108 0.419880
vt 0.543091 0.450721
vt 0.540301 0.450822
vt 0.683897 0.450258
vt 0.681207 0.450391
vt 0.677873 0.450432
vt 0.679743 0.435718
vt 0.685986 0.464923
vt 0.682897 0.465199
vt 0.679147 0.465434
vt 0.674918 0.465660
vt 0.674190 0.450286
vt 0.684206 0.481090
vt 0.680348 0.481758
vt 0.676210 0.482313
vt 0.671976 0.482721
vt 0.670624 0.465859
vt 0.681566 0.496799
vt 0.677787 0.497567
vt 0.673812 0.498179
vt 0.669849 0.498629
vt 0.667620 0.483032
vt 0.679368 0.511563
vt 0.675924 0.512234
vt 0.672452 0.512818
vt 0.669118 0.513144
vt 0.666162 0.498903
vt 0.677878 0.525869
vt 0.674803 0.526280
vt 0.671755 0.526574
vt 0.669261 0.526625
vt 0.666359 0.513096
vt 0.676609 0.538609
vt 0.673476 0.538664
vt 0.670811 0.538674
vt 0.188196 0.385167
vt 0.190641 0.385149
vt 0.189493 0.397354
vt 0.187121 0.397342
vt 0.674232 0.550193
vt 0.671248 0.550103
vt 0.187350 0.373762
vt 0.190101 0.373759
vt 0.193449 0.373698
vt 0.193750 0.385089
vt 0.186770 0.361488
vt 0.189412 0.361420
vt 0.192765 0.361296
vt 0.196297 0.360980
vt 0.197373 0.373483
vt 0.195524 0.350725
vt 0.198718 0.350956
vt 0.199628 0.360629
vt 0.198791 0.344845
vt 0.201930 0.345250
vt 0.201804 0.351495
vt 0.198945 0.340116
vt 0.202082 0.340022
vt 0.205548 0.339794
vt 0.202868 0.360589
vt 0.200871 0.373217
vt 0.200448 0.385142
vt 0.197112 0.385062
vt 0.198257 0.397692
vt 0.195331 0.397584
vt 0.192435 0.397475
vt 0.193533 0.411854
vt 0.189994 0.411521
vt 0.186746 0.411281
vt 0.187496 0.425903
vt 0.183689 0.425693
vt 0.180586 0.425638
vt 0.184061 0.411154
vt 0.181452 0.441516
vt 0.178059 0.441561
vt 0.662947 0.498935
vt 0.660099 0.483265
vt 0.663594 0.483229
vt 0.658787 0.466485
vt 0.662248 0.466317
vt 0.666334 0.466065
vt 0.662686 0.450195
vt 0.666448 0.450224
vt 0.670339 0.450257
vt 0.666415 0.435877
vt 0.670786 0.435888
vt 0.675220 0.435805
vt 0.670318 0.421855
vt 0.675345 0.421648
vt 0.680472 0.421229
vt 0.674990 0.405255
vt 0.680584 0.404694
vt 0.685804 0.404027
vt 0.681661 0.385565
vt 0.688548 0.384486
vt 0.533870 0.404238
vt 0.530054 0.384517
vt 0.535213 0.383752
vt 0.536031 0.420895
vt 0.525277 0.367500
vt 0.531716 0.365828
vt 0.691477 0.367693
vt 0.659676 0.450200
vt 0.178035 0.458403
vt 0.671892 0.562376
vt 0.675006 0.562450
vt 0.677729 0.550276
vt 0.678534 0.562489
vt 0.681452 0.550364
vt 0.679876 0.538538
vt 0.682849 0.538477
vt 0.680745 0.525403
vt 0.683268 0.524934
vt 0.682571 0.510849
vt 0.685447 0.510187
vt 0.685428 0.524493
vt 0.685030 0.495893
vt 0.538496 0.496434
vt 0.535586 0.481459
vt 0.539260 0.480883
vt 0.534697 0.465490
vt 0.537944 0.465411
vt 0.541634 0.465295
vt 0.543403 0.480165
vt 0.545603 0.465088
vt 0.547781 0.479419
vt 0.549431 0.464481
vt 0.552287 0.478644
vt 0.553403 0.463835
vt 0.556391 0.478021
vt 0.556827 0.463655
vt 0.560627 0.477400
vt 0.561886 0.493988
vt 0.563916 0.477061
vt 0.564927 0.493953
vt 0.563858 0.509895
vt 0.480589 0.533045
vt 0.482822 0.548877
vt 0.479690 0.549093
vt 0.477637 0.533335
vt 0.475568 0.520811
vt 0.477793 0.520579
vt 0.562845 0.522528
vt 0.476974 0.512984
vt 0.479505 0.512249
vt 0.566514 0.530780
vt 0.600612 0.716604
vt 0.475941 0.549203
vt 0.480086 0.565979
vt 0.476195 0.566104
vt 0.471767 0.566133
vt 0.474960 0.580602
vt 0.471027 0.580943
vt 0.466626 0.581193
vt 0.472129 0.594542
vt 0.468210 0.594869
vt 0.464212 0.595096
vt 0.470612 0.609213
vt 0.466075 0.609531
vt 0.461551 0.609513
vt 0.467850 0.624339
vt 0.462933 0.624675
vt 0.458604 0.625261
vt 0.457403 0.609459
vt 0.465416 0.642318
vt 0.460795 0.642924
vt 0.206846 0.504811
vt 0.209256 0.522506
vt 0.204699 0.522648
vt 0.212001 0.542014
vt 0.206591 0.541929
vt 0.199904 0.541377
vt 0.207976 0.552814
vt 0.200564 0.551837
vt 0.192952 0.550552
vt 0.201714 0.557893
vt 0.194146 0.557793
vt 0.845759 0.426281
vt 0.853016 0.429138
vt 0.852172 0.435445
vt 0.843856 0.434076
vt 0.852266 0.450057
vt 0.843674 0.450921
vt 0.856048 0.473825
vt 0.848862 0.474847
vt 0.842463 0.475798
vt 0.857572 0.494150
vt 0.850384 0.494718
vt 0.844240 0.495227
vt 0.847379 0.521014
vt 0.840207 0.520100
vt 0.834585 0.519690
vt 0.839320 0.495767
vt 0.837122 0.476474
vt 0.701120 0.866017
vt 0.706824 0.862496
vt 0.710232 0.893681
vt 0.703487 0.898001
vt 0.695559 0.900969
vt 0.694259 0.869157
vt 0.692671 0.847684
vt 0.699128 0.844622
vt 0.686669 0.903585
vt 0.685393 0.872466
vt 0.684901 0.850258
vt 0.692628 0.929212
vt 0.682684 0.929752
vt 0.672661 0.927372
vt 0.951422 0.770722
vt 0.941797 0.774604
vt 0.001097 0.892556
vt 0.006665 0.896130
vt 0.666112 0.921279
vt 0.016907 0.873130
vt 0.009812 0.899324
vt 0.596446 0.641479
vt 0.601119 0.641703
vt 0.021932 0.852533
vt 0.509923 0.294229
vt 0.510693 0.277616
vt 0.516230 0.277053
vt 0.516250 0.295512
vt 0.516587 0.315464
vt 0.511626 0.315711
vt 0.132697 0.875413
vt 0.138337 0.873534
vt 0.143768 0.872413
vt 0.911729 0.311794
vt 0.916844 0.315972
vt 0.918754 0.342251
vt 0.911729 0.337884
vt 0.923578 0.319337
vt 0.925175 0.343534
vt 0.644829 0.923727
vt 0.638445 0.925058
vt 0.657344 0.906312
vt 0.651835 0.921614
vt 0.931536 0.320684
vt 0.932082 0.343231
vt 0.631563 0.925581
vt 0.631483 0.899656
vt 0.624602 0.924646
vt 0.623749 0.897885
vt 0.626348 0.868543
vt 0.635020 0.870948
vt 0.627454 0.849430
vt 0.635551 0.851405
vt 0.616539 0.895593
vt 0.619047 0.865928
vt 0.620592 0.847063
vt 0.612944 0.863069
vt 0.614867 0.843981
vt 0.895749 0.085725
vt 0.891350 0.085042
vt 0.893632 0.066543
vt 0.898410 0.067433
vt 0.227807 0.664806
vt 0.885892 0.084404
vt 0.887738 0.065415
vt 0.892916 0.041830
vt 0.899603 0.042772
vt 0.219114 0.672005
vt 0.201226 0.680240
vt 0.892940 0.026427
vt 0.899223 0.024793
vt 0.904645 0.022761
vt 0.904645 0.042680
vt 0.891098 0.018826
vt 0.896982 0.015997
vt 0.902240 0.012715
vt 0.188841 0.690505
vt 0.195419 0.691567
vt 0.194241 0.697319
vt 0.187714 0.697142
vt 0.182341 0.708069
vt 0.179846 0.725285
vt 0.176345 0.725745
vt 0.178477 0.742791
vt 0.651609 0.182701
vt 0.652501 0.167651
vt 0.655838 0.167536
vt 0.659070 0.153219
vt 0.661806 0.138453
vt 0.202081 0.691731
vt 0.200840 0.697031
vt 0.209397 0.691253
vt 0.876482 0.022317
vt 0.884678 0.021204
vt 0.885399 0.027327
vt 0.876194 0.028043
vt 0.867146 0.027736
vt 0.868245 0.021666
vt 0.215716 0.690731
vt 0.875625 0.039606
vt 0.866585 0.039509
vt 0.859637 0.040541
vt 0.866698 0.062510
vt 0.873794 0.063250
vt 0.872522 0.083185
vt 0.865651 0.082514
vt 0.872211 0.109221
vt 0.864589 0.109967
vt 0.857773 0.110814
vt 0.863300 0.139378
vt 0.855738 0.139945
vt 0.849006 0.140942
vt 0.851809 0.111826
vt 0.843029 0.142273
vt 0.846364 0.112898
vt 0.838250 0.143957
vt 0.841582 0.114317
vt 0.840710 0.084326
vt 0.837398 0.117390
vt 0.835375 0.085084
vt 0.783054 0.306115
vt 0.785223 0.331217
vt 0.778843 0.331583
vt 0.777886 0.304597
vt 0.831388 0.086505
vt 0.833136 0.072265
vt 0.778539 0.295278
vt 0.772283 0.304433
vt 0.773980 0.292219
vt 0.777071 0.282518
vt 0.782418 0.288315
vt 0.833603 0.062518
vt 0.828678 0.058984
vt 0.765530 0.305288
vt 0.768034 0.289749
vt 0.770151 0.278779
vt 0.755584 0.304128
vt 0.758604 0.288162
vt 0.759577 0.277463
vt 0.740088 0.304114
vt 0.740710 0.287108
vt 0.741516 0.277371
vt 0.726883 0.306189
vt 0.725664 0.284070
vt 0.810649 0.634002
vt 0.811883 0.648918
vt 0.798728 0.649374
vt 0.718966 0.306107
vt 0.716179 0.283656
vt 0.810063 0.658465
vt 0.794271 0.660466
vt 0.712643 0.306700
vt 0.709028 0.285563
vt 0.806599 0.665809
vt 0.791376 0.666717
vt 0.906181 0.469942
vt 0.904642 0.497355
vt 0.900777 0.494414
vt 0.899872 0.470685
vt 0.895790 0.456045
vt 0.900577 0.453599
vt 0.892571 0.471664
vt 0.890370 0.456463
vt 0.462333 0.706467
vt 0.457982 0.701384
vt 0.470633 0.694659
vt 0.474504 0.699269
vt 0.479628 0.684529
vt 0.484339 0.686953
vt 0.604390 0.791113
vt 0.602327 0.810020
vt 0.481932 0.674402
vt 0.487113 0.675088
vt 0.492133 0.675196
vt 0.488641 0.688543
vt 0.496540 0.675313
vt 0.485764 0.660486
vt 0.490201 0.659753
vt 0.493844 0.659100
vt 0.497427 0.658620
vt 0.500546 0.676227
vt 0.485151 0.640560
vt 0.488765 0.640262
vt 0.492026 0.640041
vt 0.563181 0.402273
vt 0.559999 0.402254
vt 0.565457 0.383360
vt 0.487278 0.622437
vt 0.490817 0.622123
vt 0.562738 0.420224
vt 0.559763 0.420262
vt 0.555911 0.420221
vt 0.560892 0.436847
vt 0.557897 0.437156
vt 0.554157 0.437142
vt 0.550107 0.436924
vt 0.555851 0.450605
vt 0.552599 0.450717
vt 0.548835 0.450777
vt 0.545994 0.450801
vt 0.558945 0.450209
vt 0.559820 0.463439
vt 0.481182 0.579500
vt 0.482035 0.592680
vt 0.479221 0.593497
vt 0.478310 0.580164
vt 0.483587 0.565735
vt 0.475808 0.594113
vt 0.483536 0.606783
vt 0.479293 0.607882
vt 0.474988 0.608634
vt 0.482615 0.622883
vt 0.477953 0.623507
vt 0.473020 0.624002
vt 0.481124 0.640920
vt 0.476001 0.641378
vt 0.470745 0.641787
vt 0.480712 0.661220
vt 0.474858 0.661941
vt 0.468749 0.662277
vt 0.475870 0.673992
vt 0.469582 0.673953
vt 0.463235 0.674099
vt 0.462840 0.662424
vt 0.468310 0.681124
vt 0.461843 0.680285
vt 0.455394 0.679512
vt 0.457639 0.673441
vt 0.213992 0.553627
vt 0.861734 0.431465
vt 0.870414 0.430795
vt 0.871662 0.438232
vt 0.862019 0.437356
vt 0.210136 0.558651
vt 0.871945 0.451010
vt 0.862723 0.449877
vt 0.871498 0.472136
vt 0.864003 0.472856
vt 0.872758 0.492451
vt 0.865224 0.493388
vt 0.874240 0.524077
vt 0.865634 0.523147
vt 0.856300 0.522132
vt 0.864682 0.555458
vt 0.852957 0.554784
vt 0.841406 0.554417
vt 0.848273 0.587885
vt 0.837219 0.587471
vt 0.828678 0.587736
vt 0.832535 0.554362
vt 0.837316 0.619957
vt 0.830631 0.620033
vt 0.913285 0.767629
vt 0.915222 0.747309
vt 0.923744 0.750948
vt 0.922186 0.772255
vt 0.710232 0.921902
vt 0.701920 0.926426
vt 0.933485 0.752187
vt 0.931813 0.774640
vt 0.927597 0.729125
vt 0.935354 0.730405
vt 0.930499 0.715619
vt 0.936369 0.716536
vt 0.814390 0.281392
vt 0.820174 0.281174
vt 0.820243 0.299862
vt 0.814466 0.300221
vt 0.808659 0.299446
vt 0.808296 0.280185
vt 0.814535 0.320967
vt 0.808529 0.320093
vt 0.803360 0.317956
vt 0.803620 0.297433
vt 0.803360 0.277371
vt 0.011083 0.796468
vt 0.006437 0.773234
vt 0.010917 0.773432
vt 0.015642 0.797007
vt 0.016661 0.773397
vt 0.021412 0.796367
vt 0.026525 0.818314
vt 0.028283 0.795474
vt 0.032924 0.817783
vt 0.034927 0.829655
vt 0.028484 0.831048
vt 0.035558 0.835024
vt 0.029751 0.836604
vt 0.035682 0.838311
vt 0.031164 0.840009
vt 0.026897 0.843867
vt 0.512027 0.268278
vt 0.512648 0.262481
vt 0.516419 0.261626
vt 0.516587 0.267004
vt 0.513323 0.257795
vt 0.516160 0.256760
vt 0.118004 0.839709
vt 0.113005 0.838204
vt 0.113563 0.833298
vt 0.119233 0.834493
vt 0.114806 0.823548
vt 0.120896 0.824090
vt 0.118267 0.802636
vt 0.124521 0.803375
vt 0.130397 0.804040
vt 0.130107 0.780141
vt 0.136374 0.780620
vt 0.141509 0.780896
vt 0.134904 0.804247
vt 0.145534 0.780754
vt 0.138525 0.803729
vt 0.808820 0.556871
vt 0.809644 0.578494
vt 0.805153 0.580483
vt 0.804690 0.558569
vt 0.805514 0.541351
vt 0.810194 0.538835
vt 0.799812 0.559502
vt 0.799945 0.542702
vt 0.926862 0.281333
vt 0.932415 0.282422
vt 0.932144 0.297534
vt 0.924577 0.295488
vt 0.917896 0.292372
vt 0.922221 0.278739
vt 0.938013 0.281893
vt 0.939672 0.297615
vt 0.939411 0.320049
vt 0.946505 0.296058
vt 0.946700 0.317894
vt 0.625843 0.948340
vt 0.618464 0.945954
vt 0.617405 0.922389
vt 0.633738 0.948782
vt 0.909536 0.171670
vt 0.907398 0.203980
vt 0.902156 0.203035
vt 0.903341 0.171529
vt 0.900642 0.139444
vt 0.906539 0.139417
vt 0.894187 0.171072
vt 0.892370 0.139554
vt 0.887968 0.107738
vt 0.894290 0.107216
vt 0.609852 0.892148
vt 0.882076 0.139400
vt 0.880403 0.108457
vt 0.879460 0.083820
vt 0.881202 0.064286
vt 0.885032 0.040521
vt 0.871949 0.139199
vt 0.882554 0.170807
vt 0.871196 0.171257
vt 0.861201 0.171865
vt 0.873584 0.203484
vt 0.862981 0.204471
vt 0.853528 0.205183
vt 0.852701 0.172248
vt 0.845503 0.205309
vt 0.845423 0.172298
vt 0.839476 0.204887
vt 0.839433 0.172196
vt 0.800179 0.372560
vt 0.795391 0.396787
vt 0.788386 0.393337
vt 0.793187 0.369869
vt 0.725396 0.542972
vt 0.732275 0.540190
vt 0.731334 0.561653
vt 0.725396 0.565990
vt 0.780798 0.391408
vt 0.784271 0.368632
vt 0.741137 0.538835
vt 0.740193 0.557456
vt 0.752449 0.539588
vt 0.752205 0.555855
vt 0.784937 0.351183
vt 0.739598 0.579563
vt 0.734029 0.584429
vt 0.772879 0.390734
vt 0.778068 0.415994
vt 0.772298 0.415079
vt 0.766632 0.415674
vt 0.774258 0.436079
vt 0.769757 0.436495
vt 0.765811 0.437684
vt 0.761856 0.416550
vt 0.774328 0.456404
vt 0.770312 0.456645
vt 0.766626 0.457601
vt 0.768118 0.472819
vt 0.763905 0.473903
vt 0.093829 0.797831
vt 0.096672 0.777392
vt 0.099999 0.778135
vt 0.096993 0.798844
vt 0.104323 0.778448
vt 0.100771 0.799819
vt 0.109547 0.778854
vt 0.105912 0.800630
vt 0.101632 0.823007
vt 0.111819 0.801696
vt 0.108063 0.823310
vt 0.107499 0.833393
vt 0.101156 0.835086
vt 0.107588 0.838171
vt 0.101888 0.840017
vt 0.752203 0.434293
vt 0.751370 0.439688
vt 0.748227 0.438062
vt 0.747848 0.432709
vt 0.747807 0.425863
vt 0.752899 0.427528
vt 0.049878 0.847167
vt 0.045440 0.841930
vt 0.056424 0.861139
vt 0.747438 0.411326
vt 0.752366 0.413465
vt 0.060004 0.878959
vt 0.746217 0.396157
vt 0.750761 0.393198
vt 0.040795 0.838983
vt 0.041430 0.835321
vt 0.041640 0.829808
vt 0.040473 0.817417
vt 0.035663 0.794686
vt 0.042517 0.793810
vt 0.031881 0.773214
vt 0.038894 0.773000
vt 0.044702 0.772712
vt 0.048180 0.793124
vt 0.049666 0.772423
vt 0.052865 0.792264
vt 0.053440 0.771750
vt 0.056553 0.791318
vt 0.061889 0.812627
vt 0.731780 0.442428
vt 0.733756 0.461295
vt 0.729973 0.460496
vt 0.727573 0.441870
vt 0.727180 0.422526
vt 0.731636 0.423223
vt 0.066901 0.834664
vt 0.727470 0.400885
vt 0.732575 0.401810
vt 0.722602 0.422692
vt 0.721604 0.400779
vt 0.717666 0.377004
vt 0.724850 0.379431
vt 0.731657 0.383936
vt 0.721505 0.362990
vt 0.728162 0.369807
vt 0.516608 0.374687
vt 0.516608 0.387433
vt 0.509923 0.386027
vt 0.510388 0.377203
vt 0.726269 0.359705
vt 0.731234 0.367931
vt 0.075742 0.901100
vt 0.073801 0.905539
vt 0.730917 0.357966
vt 0.735192 0.365816
vt 0.713879 0.357732
vt 0.695542 0.557831
vt 0.697355 0.541530
vt 0.704499 0.539248
vt 0.710260 0.377120
vt 0.715277 0.401785
vt 0.708513 0.403921
vt 0.703106 0.378234
vt 0.711701 0.538835
vt 0.701711 0.407077
vt 0.695542 0.381351
vt 0.719635 0.540128
vt 0.723202 0.562616
vt 0.896598 0.559566
vt 0.897525 0.591952
vt 0.891030 0.591982
vt 0.890366 0.558508
vt 0.887994 0.525762
vt 0.893790 0.527882
vt 0.723202 0.586852
vt 0.887240 0.491990
vt 0.894622 0.492464
vt 0.898842 0.532115
vt 0.884809 0.471682
vt 0.879938 0.491595
vt 0.878016 0.471657
vt 0.879100 0.452803
vt 0.884327 0.454451
vt 0.880761 0.438751
vt 0.887011 0.439814
vt 0.454908 0.695019
vt 0.467063 0.688578
vt 0.877950 0.429050
vt 0.883915 0.427104
vt 0.888923 0.424139
vt 0.891775 0.439946
vt 0.473887 0.682369
vt 0.881714 0.525119
vt 0.883193 0.557380
vt 0.874714 0.556302
vt 0.882862 0.591625
vt 0.872628 0.590630
vt 0.860676 0.589131
vt 0.867903 0.620861
vt 0.856492 0.620136
vt 0.846022 0.619967
vt 0.857203 0.646632
vt 0.849327 0.646947
vt 0.842633 0.647290
vt 0.850335 0.667111
vt 0.844813 0.666447
vt 0.914760 0.721675
vt 0.919842 0.708902
vt 0.924959 0.712988
vt 0.920659 0.726127
vt 0.908374 0.741721
vt 0.840458 0.665762
vt 0.839955 0.685765
vt 0.835650 0.685651
vt 0.825427 0.279756
vt 0.825532 0.298175
vt 0.836227 0.709745
vt 0.832190 0.709474
vt 0.825466 0.318783
vt 0.820347 0.320416
vt 0.765428 0.583063
vt 0.759808 0.581014
vt 0.760657 0.564141
vt 0.765171 0.566135
vt 0.770160 0.566700
vt 0.771406 0.583444
vt 0.764762 0.550673
vt 0.768856 0.551342
vt 0.772960 0.550726
vt 0.775029 0.565690
vt 0.777166 0.581861
vt 0.776277 0.548949
vt 0.778888 0.563130
vt 0.781720 0.578583
vt 0.010514 0.752712
vt 0.015738 0.735814
vt 0.018921 0.736588
vt 0.014442 0.753048
vt 0.022793 0.737168
vt 0.019226 0.753661
vt 0.027172 0.737570
vt 0.024922 0.754131
vt 0.024021 0.773342
vt 0.031216 0.754165
vt 0.031893 0.737708
vt 0.036643 0.737621
vt 0.037119 0.753974
vt 0.041108 0.737465
vt 0.042375 0.753784
vt 0.045164 0.737262
vt 0.046766 0.753561
vt 0.048714 0.737117
vt 0.050486 0.753290
vt 0.737551 0.492530
vt 0.735438 0.505344
vt 0.731981 0.503811
vt 0.733300 0.491002
vt 0.733319 0.476326
vt 0.737735 0.477308
vt 0.728495 0.490478
vt 0.728242 0.476357
vt 0.725422 0.460594
vt 0.722895 0.477439
vt 0.720588 0.461760
vt 0.718219 0.443401
vt 0.722989 0.442192
vt 0.717766 0.423947
vt 0.713687 0.445456
vt 0.712538 0.426079
vt 0.709290 0.448022
vt 0.706987 0.428662
vt 0.887289 0.647120
vt 0.883320 0.669845
vt 0.878351 0.669537
vt 0.881942 0.647146
vt 0.701736 0.432393
vt 0.695542 0.411345
vt 0.887123 0.623156
vt 0.874502 0.646991
vt 0.878517 0.622150
vt 0.893652 0.623510
vt 0.865892 0.646716
vt 0.872096 0.669078
vt 0.864799 0.668472
vt 0.857086 0.667742
vt 0.860083 0.689098
vt 0.852433 0.687864
vt 0.845592 0.686729
vt 0.848720 0.710229
vt 0.841729 0.710093
vt 0.852083 0.730193
vt 0.846449 0.730527
vt 0.841823 0.730485
vt 0.851689 0.746080
vt 0.847832 0.746219
vt 0.756657 0.561120
vt 0.757781 0.546985
vt 0.761052 0.549144
vt 0.754642 0.577889
vt 0.844837 0.746353
vt 0.850519 0.760361
vt 0.847503 0.760311
vt 0.761125 0.538835
vt 0.764509 0.540369
vt 0.818658 0.324875
vt 0.821435 0.323161
vt 0.823933 0.336034
vt 0.820393 0.337859
vt 0.816234 0.339020
vt 0.815173 0.325981
vt 0.768289 0.540885
vt 0.811555 0.339141
vt 0.811477 0.325984
vt 0.771854 0.540348
vt 0.807234 0.338270
vt 0.808068 0.325181
vt 0.774793 0.538835
vt 0.803360 0.336641
vt 0.805099 0.323535
vt 0.018098 0.722104
vt 0.020866 0.722643
vt 0.018133 0.708455
vt 0.021669 0.708740
vt 0.024225 0.723025
vt 0.025571 0.709059
vt 0.027927 0.723300
vt 0.030107 0.709373
vt 0.031846 0.723403
vt 0.034639 0.709533
vt 0.035958 0.723244
vt 0.039002 0.709250
vt 0.039896 0.723110
vt 0.043039 0.708783
vt 0.043768 0.722755
vt 0.046266 0.708184
vt 0.047217 0.722081
vt 0.155994 0.720661
vt 0.152340 0.711015
vt 0.156337 0.709110
vt 0.159200 0.718699
vt 0.049695 0.721258
vt 0.051230 0.736913
vt 0.733189 0.516002
vt 0.736884 0.526477
vt 0.732496 0.526365
vt 0.729450 0.515812
vt 0.728084 0.503419
vt 0.725606 0.516604
vt 0.724088 0.504059
vt 0.723681 0.491228
vt 0.720461 0.505684
vt 0.719212 0.493126
vt 0.717789 0.479357
vt 0.880384 0.709949
vt 0.878517 0.726989
vt 0.874871 0.727316
vt 0.876351 0.710077
vt 0.713041 0.482264
vt 0.711494 0.466595
vt 0.715953 0.463790
vt 0.879033 0.691204
vt 0.870805 0.710154
vt 0.874003 0.690952
vt 0.863924 0.710226
vt 0.867615 0.690231
vt 0.856459 0.710292
vt 0.864443 0.728575
vt 0.858277 0.729492
vt 0.866211 0.744434
vt 0.861280 0.745186
vt 0.856289 0.745775
vt 0.862328 0.760194
vt 0.857903 0.760288
vt 0.854047 0.760348
vt 0.857226 0.775956
vt 0.852843 0.775922
vt 0.848608 0.775653
vt 0.848619 0.792041
vt 0.844913 0.791475
vt 0.845118 0.775342
vt 0.850083 0.804330
vt 0.845819 0.803755
vt 0.792473 0.798584
vt 0.793899 0.790741
vt 0.797626 0.793320
vt 0.796415 0.801103
vt 0.823712 0.348952
vt 0.820305 0.350830
vt 0.820551 0.360080
vt 0.816572 0.361222
vt 0.816255 0.351984
vt 0.812361 0.361425
vt 0.811616 0.352200
vt 0.808261 0.360869
vt 0.807139 0.351561
vt 0.013010 0.692451
vt 0.012875 0.680109
vt 0.015792 0.680627
vt 0.016155 0.692638
vt 0.803360 0.350106
vt 0.020423 0.680732
vt 0.020360 0.692435
vt 0.014596 0.671809
vt 0.809838 0.793525
vt 0.806039 0.794659
vt 0.806519 0.787592
vt 0.803117 0.787363
vt 0.804695 0.780525
vt 0.807302 0.781248
vt 0.801870 0.794598
vt 0.804985 0.774741
vt 0.808133 0.775393
vt 0.810664 0.776698
vt 0.804479 0.769346
vt 0.808273 0.770012
vt 0.022126 0.662236
vt 0.028414 0.661687
vt 0.027981 0.664531
vt 0.035550 0.662636
vt 0.035497 0.665231
vt 0.035351 0.668678
vt 0.027266 0.668646
vt 0.046049 0.661331
vt 0.046526 0.664401
vt 0.055774 0.658556
vt 0.056247 0.661491
vt 0.063026 0.657902
vt 0.063338 0.660597
vt 0.068373 0.658150
vt 0.068279 0.660929
vt 0.071614 0.661960
vt 0.070230 0.665738
vt 0.071833 0.658824
vt 0.450682 0.760504
vt 0.448980 0.758008
vt 0.451229 0.755583
vt 0.452715 0.758326
vt 0.451997 0.763354
vt 0.446055 0.760712
vt 0.443948 0.758774
vt 0.446792 0.755910
vt 0.443318 0.763796
vt 0.441235 0.762086
vt 0.439377 0.760231
vt 0.441904 0.756956
vt 0.441054 0.768107
vt 0.438610 0.766423
vt 0.436701 0.764378
vt 0.898504 0.820516
vt 0.898934 0.817835
vt 0.903548 0.816975
vt 0.903489 0.819615
vt 0.897790 0.822735
vt 0.890226 0.822191
vt 0.891138 0.819558
vt 0.892046 0.816728
vt 0.883635 0.809689
vt 0.885486 0.806735
vt 0.873042 0.800967
vt 0.876514 0.798510
vt 0.879423 0.796407
vt 0.887349 0.804021
vt 0.867382 0.790313
vt 0.871457 0.788677
vt 0.875022 0.787017
vt 0.877803 0.785689
vt 0.881687 0.794522
vt 0.870069 0.775220
vt 0.873743 0.774719
vt 0.876623 0.774256
vt 0.724239 0.529078
vt 0.728102 0.527321
vt 0.730254 0.534333
vt 0.726723 0.536642
vt 0.874001 0.759674
vt 0.876905 0.759536
vt 0.722194 0.518099
vt 0.874350 0.743373
vt 0.877428 0.743093
vt 0.870614 0.759850
vt 0.870582 0.743785
vt 0.870140 0.727823
vt 0.866714 0.760037
vt 0.866049 0.775584
vt 0.861665 0.775795
vt 0.163697 0.700257
vt 0.159502 0.700210
vt 0.158811 0.692000
vt 0.162602 0.691906
vt 0.165915 0.692058
vt 0.167263 0.700888
vt 0.165195 0.708379
vt 0.160778 0.708218
vt 0.158199 0.682775
vt 0.161622 0.682395
vt 0.164813 0.681930
vt 0.160927 0.674587
vt 0.163919 0.673882
vt 0.166406 0.672975
vt 0.167445 0.681412
vt 0.888766 0.801812
vt 0.160135 0.668147
vt 0.162917 0.667754
vt 0.165301 0.667288
vt 0.162331 0.663304
vt 0.901370 0.809125
vt 0.904558 0.812248
vt 0.161302 0.660001
vt 0.906181 0.815383
vt 0.440225 0.755259
vt 0.442932 0.753032
vt 0.444689 0.754408
vt 0.437794 0.758310
vt 0.156894 0.668445
vt 0.157601 0.675093
vt 0.154264 0.675275
vt 0.153703 0.668464
vt 0.154699 0.683171
vt 0.151497 0.683475
vt 0.151245 0.675125
vt 0.154848 0.692432
vt 0.151488 0.693187
vt 0.148793 0.694220
vt 0.148765 0.683619
vt 0.155199 0.700895
vt 0.151540 0.701983
vt 0.050797 0.687802
vt 0.047121 0.696475
vt 0.043705 0.695663
vt 0.047698 0.686605
vt 0.039731 0.694628
vt 0.044182 0.684794
vt 0.052863 0.677095
vt 0.055110 0.679141
vt 0.061529 0.672606
vt 0.063012 0.674486
vt 0.067220 0.669390
vt 0.068903 0.671108
vt 0.148870 0.674682
vt 0.148765 0.668063
vt 0.150924 0.668282
vt 0.149198 0.662868
vt 0.151121 0.663060
vt 0.073948 0.668732
vt 0.072404 0.667242
vt 0.074184 0.663373
vt 0.075742 0.664830
vt 0.152445 0.659168
vt 0.449040 0.753555
vt 0.446953 0.752497
vt 0.436116 0.771250
vt 0.438963 0.773188
vt 0.795612 0.743920
vt 0.798376 0.743519
vt 0.796198 0.753544
vt 0.793082 0.754681
vt 0.801696 0.743616
vt 0.800252 0.753299
vt 0.799664 0.764361
vt 0.795157 0.765725
vt 0.791376 0.768458
vt 0.799923 0.769780
vt 0.795487 0.771958
vt 0.867089 0.817058
vt 0.859121 0.817507
vt 0.853357 0.818373
vt 0.851720 0.812713
vt 0.515761 0.397989
vt 0.509923 0.397514
vt 0.510487 0.393552
vt 0.516337 0.393448
vt 0.803663 0.764353
vt 0.804277 0.753536
vt 0.808192 0.754271
vt 0.807299 0.765000
vt 0.509923 0.389897
vt 0.515642 0.389626
vt 0.805388 0.744016
vt 0.809143 0.744773
vt 0.812135 0.745764
vt 0.811467 0.755317
vt 0.810592 0.766243
vt 0.806017 0.737898
vt 0.809373 0.738632
vt 0.812137 0.739563
vt 0.802906 0.737422
vt 0.800325 0.737264
vt 0.452715 0.767258
vt 0.847750 0.812609
vt 0.750988 0.443565
vt 0.748124 0.442136
vt 0.115683 0.779240
vt 0.122931 0.779646
vt 0.117480 0.759382
vt 0.123642 0.759576
vt 0.129596 0.759450
vt 0.122241 0.742314
vt 0.126668 0.742072
vt 0.130902 0.741692
vt 0.134842 0.759044
vt 0.134503 0.741470
vt 0.139201 0.758636
vt 0.137311 0.740939
vt 0.142695 0.758309
vt 0.244517 0.777690
vt 0.247539 0.762911
vt 0.250697 0.764524
vt 0.248321 0.779840
vt 0.245609 0.796559
vt 0.241317 0.793654
vt 0.254645 0.765250
vt 0.252669 0.780876
vt 0.251059 0.798003
vt 0.257277 0.780492
vt 0.256478 0.797841
vt 0.799614 0.581474
vt 0.794222 0.581339
vt 0.794638 0.559441
vt 0.788897 0.580189
vt 0.789607 0.558264
vt 0.789004 0.541884
vt 0.794358 0.542872
vt 0.784627 0.556362
vt 0.783914 0.539868
vt 0.943400 0.280068
vt 0.948542 0.277030
vt 0.952742 0.292974
vt 0.897168 0.232387
vt 0.892530 0.253540
vt 0.887985 0.253800
vt 0.891567 0.231876
vt 0.894592 0.202505
vt 0.953590 0.314021
vt 0.884270 0.231455
vt 0.884548 0.202773
vt 0.875667 0.231508
vt 0.882231 0.254051
vt 0.875080 0.254292
vt 0.867461 0.254609
vt 0.866336 0.231896
vt 0.860383 0.254949
vt 0.857624 0.232212
vt 0.854229 0.255360
vt 0.850548 0.232139
vt 0.849113 0.255859
vt 0.845110 0.231859
vt 0.795142 0.424358
vt 0.789679 0.420613
vt 0.801166 0.401028
vt 0.788845 0.441017
vt 0.784373 0.438587
vt 0.783775 0.418060
vt 0.779322 0.436702
vt 0.783129 0.458461
vt 0.778779 0.457085
vt 0.782363 0.475019
vt 0.777677 0.473432
vt 0.772910 0.472669
vt 0.777698 0.488048
vt 0.773158 0.487608
vt 0.768687 0.488177
vt 0.774727 0.500965
vt 0.771020 0.501469
vt 0.767639 0.502887
vt 0.764536 0.489664
vt 0.100158 0.758317
vt 0.102542 0.741693
vt 0.105572 0.741780
vt 0.103347 0.758556
vt 0.109215 0.741953
vt 0.107315 0.758776
vt 0.113313 0.742175
vt 0.112021 0.759059
vt 0.117682 0.742341
vt 0.114294 0.727705
vt 0.117986 0.727932
vt 0.121650 0.728067
vt 0.118887 0.713818
vt 0.123071 0.713751
vt 0.127134 0.713544
vt 0.125378 0.728077
vt 0.130557 0.713423
vt 0.128909 0.727959
vt 0.134068 0.713276
vt 0.132151 0.727632
vt 0.136996 0.712913
vt 0.134734 0.727283
vt 0.517392 0.679161
vt 0.518324 0.691435
vt 0.514647 0.692701
vt 0.514337 0.680182
vt 0.249331 0.752497
vt 0.252162 0.753850
vt 0.510524 0.693097
vt 0.510773 0.680493
vt 0.255652 0.754224
vt 0.506389 0.692556
vt 0.507533 0.679905
vt 0.258981 0.753762
vt 0.258451 0.764703
vt 0.262139 0.752497
vt 0.261997 0.763267
vt 0.261706 0.778960
vt 0.265159 0.761209
vt 0.265664 0.776607
vt 0.267115 0.793679
vt 0.261928 0.796317
vt 0.900519 0.296148
vt 0.895766 0.318839
vt 0.891766 0.318818
vt 0.895728 0.296347
vt 0.890684 0.273392
vt 0.895228 0.272676
vt 0.783914 0.577844
vt 0.889570 0.296740
vt 0.884853 0.274286
vt 0.882363 0.297173
vt 0.878050 0.275213
vt 0.874922 0.297462
vt 0.870963 0.276175
vt 0.867920 0.297578
vt 0.864263 0.277025
vt 0.861924 0.297666
vt 0.858849 0.277657
vt 0.857072 0.297711
vt 0.854510 0.277740
vt 0.787249 0.460825
vt 0.786842 0.477277
vt 0.863349 0.315810
vt 0.858965 0.315505
vt 0.785806 0.491689
vt 0.781918 0.489451
vt 0.855665 0.315362
vt 0.859942 0.332017
vt 0.857129 0.331852
vt 0.782052 0.502581
vt 0.778530 0.501359
vt 0.781612 0.515213
vt 0.778379 0.513996
vt 0.774840 0.513489
vt 0.776689 0.525149
vt 0.772789 0.524431
vt 0.768825 0.524558
vt 0.771451 0.513794
vt 0.157422 0.785124
vt 0.160068 0.775056
vt 0.163693 0.776585
vt 0.160506 0.786713
vt 0.768444 0.514893
vt 0.104434 0.726365
vt 0.105271 0.712053
vt 0.108157 0.712622
vt 0.107348 0.726950
vt 0.111297 0.713223
vt 0.110689 0.727400
vt 0.115140 0.713731
vt 0.111175 0.698257
vt 0.114639 0.697457
vt 0.107080 0.687365
vt 0.110184 0.685625
vt 0.098906 0.678666
vt 0.100868 0.676400
vt 0.090681 0.673953
vt 0.091792 0.671897
vt 0.093011 0.669346
vt 0.085153 0.669744
vt 0.094111 0.666560
vt 0.095066 0.663699
vt 0.087256 0.659883
vt 0.095780 0.660975
vt 0.106115 0.664324
vt 0.096200 0.658690
vt 0.106628 0.661641
vt 0.791376 0.688166
vt 0.794142 0.687112
vt 0.794853 0.697902
vt 0.791679 0.699618
vt 0.116935 0.669038
vt 0.116886 0.665947
vt 0.123444 0.665159
vt 0.124138 0.668809
vt 0.128794 0.664485
vt 0.241792 0.452117
vt 0.247052 0.451746
vt 0.246296 0.455312
vt 0.241062 0.455696
vt 0.794472 0.702503
vt 0.797931 0.701177
vt 0.798055 0.705582
vt 0.801439 0.701089
vt 0.801176 0.705271
vt 0.801312 0.710664
vt 0.798129 0.710706
vt 0.801524 0.718506
vt 0.797751 0.718557
vt 0.801526 0.726692
vt 0.797283 0.726772
vt 0.793236 0.725658
vt 0.139572 0.682087
vt 0.136379 0.682580
vt 0.137226 0.672384
vt 0.518760 0.716021
vt 0.514582 0.717179
vt 0.515299 0.706685
vt 0.519455 0.705455
vt 0.139377 0.696319
vt 0.136323 0.696517
vt 0.132324 0.696184
vt 0.131811 0.682760
vt 0.510313 0.717178
vt 0.510908 0.707008
vt 0.506148 0.716409
vt 0.506510 0.706377
vt 0.806644 0.735071
vt 0.805730 0.725555
vt 0.809532 0.723357
vt 0.810499 0.732766
vt 0.502739 0.705019
vt 0.502739 0.691222
vt 0.890135 0.364423
vt 0.890445 0.381911
vt 0.887324 0.382350
vt 0.887341 0.364742
vt 0.885663 0.349561
vt 0.888161 0.349535
vt 0.504604 0.678603
vt 0.883778 0.364970
vt 0.882734 0.349519
vt 0.885812 0.335571
vt 0.888968 0.335814
vt 0.891623 0.335811
vt 0.879226 0.349405
vt 0.881701 0.335148
vt 0.886776 0.318518
vt 0.877108 0.334526
vt 0.880896 0.317902
vt 0.872222 0.333722
vt 0.874666 0.317068
vt 0.867585 0.332934
vt 0.868679 0.316307
vt 0.863423 0.332349
vt 0.867118 0.348829
vt 0.863544 0.348666
vt 0.860368 0.348502
vt 0.863736 0.364391
vt 0.860432 0.363991
vt 0.857869 0.363633
vt 0.857793 0.348381
vt 0.859118 0.376891
vt 0.856579 0.375781
vt 0.780290 0.526530
vt 0.778310 0.534654
vt 0.774964 0.532972
vt 0.153905 0.765775
vt 0.150624 0.766378
vt 0.152060 0.756983
vt 0.155193 0.756811
vt 0.158621 0.756867
vt 0.157700 0.765712
vt 0.156080 0.774341
vt 0.152207 0.774577
vt 0.161965 0.757157
vt 0.161451 0.766152
vt 0.164946 0.757720
vt 0.164823 0.767115
vt 0.105124 0.699294
vt 0.101773 0.689574
vt 0.104165 0.688685
vt 0.107738 0.698927
vt 0.167445 0.758479
vt 0.165153 0.747578
vt 0.167445 0.747492
vt 0.097119 0.680301
vt 0.167308 0.738984
vt 0.089504 0.675864
vt 0.166368 0.733557
vt 0.083835 0.673692
vt 0.084468 0.671846
vt 0.080062 0.672188
vt 0.079941 0.670227
vt 0.080204 0.668225
vt 0.166725 0.727027
vt 0.165709 0.728401
vt 0.163409 0.726088
vt 0.164643 0.724473
vt 0.077935 0.666581
vt 0.448156 0.775417
vt 0.448457 0.777395
vt 0.445814 0.777148
vt 0.445931 0.775381
vt 0.161294 0.724585
vt 0.162666 0.722855
vt 0.450417 0.778079
vt 0.450257 0.780383
vt 0.448148 0.779674
vt 0.161889 0.728107
vt 0.159693 0.726708
vt 0.157630 0.725629
vt 0.159224 0.723589
vt 0.155832 0.724828
vt 0.157277 0.722964
vt 0.157853 0.729574
vt 0.155755 0.728568
vt 0.154035 0.727665
vt 0.152738 0.726867
vt 0.154316 0.724541
vt 0.153594 0.733007
vt 0.151746 0.731937
vt 0.829470 0.403627
vt 0.833317 0.401372
vt 0.832964 0.399520
vt 0.838915 0.397338
vt 0.839692 0.399436
vt 0.840622 0.402017
vt 0.841537 0.404816
vt 0.848175 0.396079
vt 0.849838 0.398607
vt 0.851685 0.401537
vt 0.853488 0.404260
vt 0.842379 0.407754
vt 0.860396 0.390714
vt 0.864126 0.393462
vt 0.866373 0.379703
vt 0.870610 0.381000
vt 0.867606 0.364713
vt 0.871625 0.364856
vt 0.875857 0.364986
vt 0.879901 0.365053
vt 0.871062 0.349028
vt 0.875360 0.349257
vt 0.862473 0.378237
vt 0.857279 0.388592
vt 0.854571 0.386722
vt 0.846599 0.393891
vt 0.149458 0.757416
vt 0.150506 0.746728
vt 0.153148 0.746984
vt 0.852500 0.385267
vt 0.151651 0.738786
vt 0.154247 0.739500
vt 0.156900 0.739895
vt 0.156214 0.747270
vt 0.159315 0.747422
vt 0.162405 0.747534
vt 0.155872 0.733864
vt 0.158413 0.734513
vt 0.160248 0.730681
vt 0.164266 0.730059
vt 0.843176 0.410707
vt 0.835338 0.411318
vt 0.855191 0.406823
vt 0.855381 0.410118
vt 0.843905 0.413421
vt 0.438941 0.795794
vt 0.436116 0.794258
vt 0.442903 0.791630
vt 0.835763 0.413697
vt 0.855614 0.412854
vt 0.844509 0.415531
vt 0.808558 0.686486
vt 0.805049 0.685937
vt 0.803755 0.675821
vt 0.806887 0.675962
vt 0.811484 0.687712
vt 0.812158 0.701891
vt 0.809034 0.698752
vt 0.805364 0.697168
vt 0.801727 0.696639
vt 0.801401 0.685923
vt 0.808858 0.704797
vt 0.805293 0.702072
vt 0.247052 0.462348
vt 0.241973 0.463009
vt 0.241125 0.459226
vt 0.246284 0.458778
vt 0.875010 0.408566
vt 0.867575 0.408501
vt 0.797559 0.686337
vt 0.796913 0.676425
vt 0.800367 0.675992
vt 0.798292 0.696902
vt 0.796545 0.669249
vt 0.799292 0.669000
vt 0.802296 0.668910
vt 0.436191 0.782927
vt 0.436116 0.780107
vt 0.441486 0.779111
vt 0.441425 0.781486
vt 0.793881 0.677080
vt 0.793916 0.669788
vt 0.445417 0.779229
vt 0.445084 0.781560
vt 0.447801 0.782072
vt 0.446968 0.784483
vt 0.445749 0.787680
vt 0.449784 0.782705
vt 0.448990 0.785096
vt 0.447814 0.788203
vt 0.830373 0.410669
vt 0.830547 0.412786
vt 0.450582 0.785639
vt 0.449588 0.788348
vt 0.451578 0.783545
vt 0.442093 0.777102
vt 0.436750 0.777642
vt 0.081065 0.660849
vt 0.442979 0.775476
vt 0.087506 0.657902
vt 0.804993 0.669203
vt 0.888878 0.396027
vt 0.885137 0.396435
vt 0.486877 0.605730
vt 0.570548 0.365673
vt 0.582364 0.351434
vt 0.706413 0.307261
vt 0.705460 0.336305
vt 0.518278 0.773738
vt 0.502739 0.774815
vt 0.507469 0.752038
vt 0.518278 0.751439
vt 0.769929 0.330797
vt 0.600690 0.336624
vt 0.492995 0.707479
vt 0.607658 0.318588
vt 0.793359 0.651001
vt 0.187055 0.863113
vt 0.190273 0.849737
vt 0.545604 0.122800
vt 0.544120 0.137144
vt 0.540634 0.137083
vt 0.547307 0.107429
vt 0.551095 0.107654
vt 0.549709 0.123430
vt 0.554953 0.107852
vt 0.541795 0.150885
vt 0.538994 0.151260
vt 0.539540 0.165716
vt 0.536355 0.166046
vt 0.536620 0.151622
vt 0.536375 0.181919
vt 0.680065 0.166056
vt 0.682307 0.181883
vt 0.678540 0.181804
vt 0.532822 0.181619
vt 0.531107 0.198901
vt 0.680108 0.199134
vt 0.675126 0.199319
vt 0.678190 0.219461
vt 0.671275 0.219134
vt 0.681016 0.236367
vt 0.672978 0.236962
vt 0.682900 0.244691
vt 0.675558 0.246777
vt 0.410195 0.937778
vt 0.402940 0.934265
vt 0.416208 0.942638
vt 0.689338 0.243429
vt 0.684132 0.198920
vt 0.238590 0.368642
vt 0.517854 0.342751
vt 0.211305 0.333859
vt 0.502739 0.639177
vt 0.503050 0.634277
vt 0.570133 0.570974
vt 0.518758 0.351171
vt 0.518304 0.347138
vt 0.559566 0.004662
vt 0.593370 0.631620
vt 0.559931 0.091826
vt 0.475843 0.836065
vt 0.474511 0.825854
vt 0.476816 0.826498
vt 0.596449 0.782936
vt 0.593312 0.783094
vt 0.600663 0.776384
vt 0.599615 0.783696
vt 0.604390 0.777550
vt 0.602515 0.785076
vt 0.600374 0.766607
vt 0.604390 0.767339
vt 0.595051 0.758463
vt 0.598849 0.757726
vt 0.602713 0.758350
vt 0.467051 0.810779
vt 0.463587 0.811950
vt 0.581806 0.055209
vt 0.314124 0.634104
vt 0.517786 0.780321
vt 0.585836 0.035284
vt 0.086002 0.882726
vt 0.754531 0.394013
vt 0.600017 0.722323
s 0
usemtl Material.006
f 1/1/1 67/2/1 68/3/1 69/4/1
f 1/1/2 69/4/2 70/5/2 71/6/2
f 1/1/3 71/6/3 72/7/3 2/8/3
f 1/1/4 73/9/4 74/10/4 67/2/4
f 1/1/5 2/8/5 75/11/5 73/9/5
f 2/8/6 76/12/6 77/13/6 78/14/6
f 2/8/7 78/14/7 79/15/7 75/11/7
f 3/16/8 80/17/8 81/18/8 82/19/8
f 3/20/9 83/21/9 84/22/9 80/23/9
f 3/16/10 85/24/10 86/25/10 83/26/10
f 3/16/11 87/27/11 88/28/11 85/24/11
f 3/16/12 82/19/12 89/29/12 87/27/12
f 4/30/13 90/31/13 91/32/13 92/33/13
f 4/30/14 93/34/14 94/35/14 95/36/14
f 4/30/15 92/33/15 96/37/15 93/34/15
f 5/38/16 97/39/16 98/40/16 99/41/16
f 5/38/17 99/41/17 100/42/17 101/43/17
f 5/38/18 101/43/18 6/44/18 102/45/18
f 6/44/19 103/46/19 104/47/19 102/45/19
f 6/44/20 105/48/20 106/49/20 103/46/20
f 6/44/21 107/50/21 108/51/21 105/48/21
f 6/44/22 101/43/22 109/52/22 107/50/22
f 7/53/23 110/54/23 111/55/23 112/56/23
f 7/57/24 112/58/24 113/59/24 114/60/24
f 7/53/25 115/61/25 116/62/25 117/63/25
f 7/53/26 117/63/26 118/64/26 110/54/26
f 7/53/27 114/65/27 119/66/27 115/61/27
f 8/67/28 120/68/28 121/69/28 122/70/28
f 8/71/29 123/72/29 124/73/29 125/74/29
f 8/71/30 122/75/30 126/76/30 123/72/30
f 9/77/31 127/78/31 128/79/31 129/80/31
f 9/77/32 130/81/32 131/82/32 132/83/32
f 9/84/33 132/85/33 133/86/33 127/87/33
f 10/88/34 134/89/34 135/90/34 136/91/34
f 138/92/35 139/93/35 134/94/35 10/95/35
f 10/88/36 136/91/36 137/96/36 138/97/36
f 11/98/37 140/99/37 141/100/37 142/101/37
f 11/98/38 142/101/38 143/102/38 144/103/38
f 11/98/39 144/103/39 145/104/39 140/99/39
f 12/105/40 146/106/40 147/107/40 143/102/40
f 12/105/41 143/102/41 142/101/41 148/108/41
f 12/105/42 149/109/42 150/110/42 146/106/42
f 13/111/43 151/112/43 152/113/43 153/114/43
f 13/111/44 153/114/44 154/115/44 155/116/44
f 13/111/45 155/116/45 156/117/45 151/112/45
f 157/118/46 158/119/46 113/120/46 159/121/46
f 14/122/47 160/123/47 161/124/47 162/125/47
f 14/122/48 162/125/48 163/126/48 164/127/48
f 14/122/49 165/128/49 166/129/49 160/123/49
f 14/122/50 164/127/50 167/130/50 168/131/50
f 14/122/51 168/131/51 169/132/51 165/128/51
f 15/133/52 170/134/52 171/135/52 172/136/52
f 15/133/53 172/136/53 173/137/53 174/138/53
f 15/133/54 175/139/54 176/140/54 170/134/54
f 16/141/55 177/142/55 156/117/55 155/116/55
f 16/141/56 155/116/56 154/115/56 178/143/56
f 16/141/57 179/144/57 180/145/57 177/142/57
f 16/141/58 178/143/58 181/146/58 179/144/58
f 17/147/59 182/148/59 183/149/59 184/150/59
f 17/147/60 185/151/60 186/152/60 182/148/60
f 17/147/61 184/150/61 187/153/61 185/151/61
f 18/154/62 188/155/62 189/156/62 190/157/62
f 18/158/63 191/159/63 192/160/63 193/161/63
f 18/158/64 194/162/64 195/163/64 191/159/64
f 18/158/65 190/164/65 196/165/65 194/162/65
f 18/154/66 193/166/66 197/167/66 188/155/66
f 19/168/67 198/169/67 199/170/67 200/171/67
f 19/168/68 201/172/68 202/173/68 198/169/68
f 19/168/69 200/171/69 203/174/69 201/172/69
f 20/175/70 204/176/70 205/177/70 206/178/70
f 20/175/71 207/179/71 208/180/71 204/176/71
f 20/175/72 206/178/72 209/181/72 207/179/72
f 21/182/73 210/183/73 211/184/73 212/185/73
f 21/182/74 213/186/74 214/187/74 210/183/74
f 21/182/75 212/185/75 215/188/75 213/186/75
f 22/189/76 216/190/76 217/191/76 218/192/76
f 22/193/77 218/194/77 219/195/77 197/167/77
f 22/189/78 163/126/78 162/125/78 216/190/78
f 22/189/79 220/196/79 221/197/79 163/126/79
f 22/189/80 197/198/80 193/199/80 220/196/80
f 23/200/81 222/201/81 154/115/81 153/114/81
f 23/200/82 223/202/82 224/203/82 225/204/82
f 23/200/83 225/204/83 32/205/83 222/201/83
f 24/206/84 226/207/84 222/201/84 32/205/84
f 24/206/85 32/205/85 227/208/85 228/209/85
f 24/206/86 228/209/86 229/210/86 226/207/86
f 25/211/87 230/212/87 231/213/87 232/214/87
f 25/215/88 233/216/88 234/217/88 230/218/88
f 25/215/89 232/219/89 215/220/89 233/216/89
f 26/221/90 235/222/90 236/223/90 237/224/90
f 26/225/91 238/226/91 239/227/91 235/228/91
f 26/221/92 237/224/92 240/229/92 238/230/92
f 27/231/93 241/232/93 242/233/93 243/234/93
f 27/231/94 243/234/94 244/235/94 245/236/94
f 27/231/95 245/236/95 246/237/95 241/232/95
f 28/238/96 247/239/96 248/240/96 249/241/96
f 28/242/97 249/243/97 250/244/97 251/245/97
f 28/238/98 251/246/98 252/247/98 247/239/98
f 29/248/99 253/249/99 254/250/99 255/251/99
f 29/252/100 256/253/100 257/254/100 253/255/100
f 30/256/101 258/257/101 257/254/101 256/253/101
f 30/256/102 256/253/102 259/258/102 260/259/102
f 30/256/103 260/259/103 261/260/103 258/257/103
f 31/261/104 262/262/104 263/263/104 264/264/104
f 31/265/105 265/266/105 266/267/105 262/268/105
f 31/261/106 264/264/106 267/269/106 268/270/106
f 31/265/107 268/271/107 269/272/107 270/273/107
f 31/265/108 270/273/108 271/274/108 265/266/108
f 32/205/109 225/204/109 272/275/109 273/276/109
f 32/277/110 273/278/110 274/279/110 227/280/110
f 33/281/111 275/282/111 276/283/111 277/284/111
f 33/281/112 277/284/112 278/285/112 279/286/112
f 33/281/113 279/286/113 280/287/113 281/288/113
f 34/289/114 282/290/114 260/259/114 259/258/114
f 34/289/115 283/291/115 284/292/115 282/290/115
f 34/289/116 285/293/116 286/294/116 287/295/116
f 34/289/117 259/258/117 288/296/117 285/293/117
f 34/289/118 287/295/118 289/297/118 283/291/118
f 35/298/119 290/299/119 291/300/119 292/301/119
f 35/298/120 292/301/120 293/302/120 294/303/120
f 35/298/121 294/303/121 295/304/121 296/305/121
f 36/306/122 297/307/122 298/308/122 299/309/122
f 36/306/123 299/309/123 300/310/123 301/311/123
f 36/306/124 301/311/124 302/312/124 303/313/124
f 36/306/125 304/314/125 305/315/125 297/307/125
f 37/316/126 306/317/126 307/318/126 308/319/126
f 37/316/127 309/320/127 310/321/127 306/317/127
f 37/316/128 42/322/128 311/323/128 309/320/128
f 38/324/129 312/325/129 313/326/129 314/327/129
f 38/328/130 315/329/130 316/330/130 312/331/130
f 38/328/131 314/332/131 317/333/131 315/329/131
f 39/334/132 318/335/132 303/313/132 319/336/132
f 39/337/133 320/338/133 321/339/133 318/340/133
f 39/334/134 319/336/134 322/341/134 323/342/134
f 39/343/135 323/344/135 324/345/135 325/346/135
f 39/337/136 325/347/136 326/348/136 320/338/136
f 40/349/137 327/350/137 328/351/137 329/352/137
f 40/353/138 329/354/138 330/355/138 331/356/138
f 40/353/139 331/356/139 332/357/139 327/358/139
f 41/359/140 333/360/140 334/361/140 335/362/140
f 41/363/141 335/364/141 336/365/141 337/366/141
f 41/363/142 337/366/142 338/367/142 333/368/142
f 42/369/143 325/346/143 324/345/143 339/370/143
f 42/322/144 340/371/144 326/372/144 325/373/144
f 42/322/145 37/316/145 341/374/145 340/371/145
f 43/375/146 342/376/146 343/377/146 344/378/146
f 43/379/147 344/380/147 345/381/147 346/382/147
f 43/379/148 346/382/148 347/383/148 342/384/148
f 44/385/149 345/386/149 344/387/149 348/388/149
f 44/385/150 349/389/150 350/390/150 345/386/150
f 44/385/151 348/388/151 351/391/151 349/389/151
f 45/392/152 352/393/152 353/394/152 354/395/152
f 45/392/153 354/395/153 355/396/153 356/397/153
f 45/392/154 356/397/154 357/398/154 352/393/154
f 46/399/155 358/400/155 359/401/155 360/402/155
f 46/399/156 361/403/156 362/404/156 358/400/156
f 46/399/157 360/402/157 343/377/157 361/403/157
f 47/405/158 363/406/158 364/407/158 365/408/158
f 47/405/159 365/408/159 366/409/159 367/410/159
f 47/405/160 367/410/160 368/411/160 369/412/160
f 47/405/161 370/413/161 371/414/161 363/406/161
f 47/405/162 369/412/162 372/415/162 370/413/162
f 48/416/163 373/417/163 374/418/163 375/419/163
f 48/416/164 376/420/164 377/421/164 373/417/164
f 48/416/165 375/419/165 378/422/165 376/420/165
f 49/423/166 379/424/166 380/425/166 381/426/166
f 49/423/167 382/427/167 383/428/167 379/424/167
f 49/423/168 381/426/168 384/429/168 382/427/168
f 50/430/169 385/431/169 386/432/169 387/433/169
f 50/434/170 388/435/170 389/436/170 385/437/170
f 50/430/171 387/433/171 390/438/171 388/439/171
f 51/440/172 391/441/172 392/442/172 393/443/172
f 51/440/173 393/443/173 394/444/173 395/445/173
f 51/440/174 395/445/174 396/446/174 397/447/174
f 51/440/175 397/447/175 398/448/175 399/449/175
f 51/440/176 399/449/176 400/450/176 391/441/176
f 52/451/177 401/452/177 402/453/177 403/454/177
f 52/451/178 404/455/178 405/456/178 401/452/178
f 52/451/179 403/454/179 406/457/179 404/455/179
f 53/458/180 407/459/180 408/460/180 409/461/180
f 53/458/181 410/462/181 411/463/181 407/459/181
f 53/458/182 409/461/182 412/464/182 410/462/182
f 54/465/183 413/466/183 414/467/183 415/468/183
f 54/465/184 415/468/184 416/469/184 417/470/184
f 54/465/185 417/470/185 418/471/185 419/472/185
f 54/465/186 420/473/186 421/474/186 413/466/186
f 54/465/187 419/472/187 422/475/187 420/473/187
f 55/476/188 423/477/188 424/478/188 425/479/188
f 55/476/189 425/479/189 426/480/189 427/481/189
f 55/476/190 427/481/190 428/482/190 423/477/190
f 56/483/191 429/484/191 430/485/191 431/486/191
f 56/483/192 432/487/192 433/488/192 429/484/192
f 56/483/193 431/486/193 434/489/193 432/487/193
f 57/490/194 435/491/194 436/492/194 437/493/194
f 57/494/195 438/495/195 439/496/195 435/497/195
f 57/494/196 437/498/196 440/499/196 438/495/196
f 58/500/197 441/501/197 442/502/197 443/503/197
f 58/504/198 444/505/198 445/506/198 441/507/198
f 58/504/199 443/508/199 446/509/199 444/505/199
f 59/510/200 447/511/200 448/512/200 449/513/200
f 59/510/201 450/514/201 451/515/201 447/511/201
f 59/510/202 452/516/202 453/517/202 450/514/202
f 60/518/203 454/519/203 455/520/203 456/521/203
f 60/518/204 456/521/204 457/522/204 458/523/204
f 60/518/205 458/523/205 459/524/205 454/519/205
f 61/525/206 460/526/206 461/527/206 462/528/206
f 61/525/207 462/528/207 463/529/207 464/530/207
f 61/525/208 464/530/208 465/531/208 460/526/208
f 62/532/209 466/533/209 467/534/209 468/535/209
f 62/532/210 469/536/210 470/537/210 466/533/210
f 62/532/211 468/535/211 471/538/211 469/536/211
f 63/539/212 472/540/212 473/541/212 474/542/212
f 63/539/213 475/543/213 476/544/213 472/540/213
f 63/539/214 474/542/214 477/545/214 475/543/214
f 64/546/215 478/547/215 479/548/215 480/549/215
f 64/546/216 480/549/216 481/550/216 482/551/216
f 64/546/217 482/551/217 483/552/217 478/547/217
f 65/553/218 484/554/218 485/555/218 486/556/218
f 65/553/219 486/556/219 487/557/219 488/558/219
f 65/553/220 488/558/220 489/559/220 484/554/220
f 66/560/221 490/561/221 491/562/221 492/563/221
f 66/560/222 493/564/222 494/565/222 490/561/222
f 66/560/223 492/563/223 495/566/223 493/564/223
f 496/567/224 497/568/224 498/569/224 499/570/224
f 499/570/225 500/571/225 501/572/225 502/573/225
f 499/570/226 502/573/226 503/574/226 496/567/226
f 499/570/227 498/569/227 504/575/227 500/571/227
f 504/575/228 505/576/228 506/577/228 507/578/228
f 504/575/229 507/578/229 508/579/229 500/571/229
f 504/575/230 498/569/230 509/580/230 505/576/230
f 509/580/231 510/581/231 511/582/231 505/576/231
f 509/580/232 498/569/232 497/568/232 512/583/232
f 509/580/233 512/583/233 513/584/233 510/581/233
f 513/584/234 514/585/234 515/586/234 510/581/234
f 513/584/235 512/583/235 516/587/235 517/588/235
f 513/584/236 517/588/236 518/589/236 514/585/236
f 518/589/237 517/588/237 519/590/237 520/591/237
f 518/592/238 520/593/238 494/565/238 493/564/238
f 518/592/239 493/564/239 495/566/239 514/594/239
f 520/591/240 519/590/240 521/595/240 522/596/240
f 520/591/241 522/596/241 523/597/241 494/598/241
f 523/597/242 522/596/242 524/599/242 525/600/242
f 523/601/243 525/602/243 526/603/243 527/604/243
f 523/597/244 527/605/244 490/606/244 494/598/244
f 527/604/245 526/603/245 528/607/245 529/608/245
f 527/604/246 529/608/246 491/562/246 490/561/246
f 529/608/247 528/607/247 530/609/247 531/610/247
f 529/608/248 531/610/248 532/611/248 491/562/248
f 532/612/249 531/613/249 533/614/249 534/615/249
f 532/611/250 534/616/250 535/617/250 536/618/250
f 532/611/251 536/618/251 492/563/251 491/562/251
f 536/618/252 535/617/252 537/619/252 538/620/252
f 536/618/253 538/620/253 495/566/253 492/563/253
f 538/621/254 537/622/254 539/623/254 515/624/254
f 538/625/255 515/586/255 514/585/255 495/626/255
f 539/623/256 537/622/256 540/627/256 541/628/256
f 539/623/257 541/628/257 542/629/257 511/630/257
f 539/631/258 511/582/258 510/581/258 515/586/258
f 542/629/259 541/628/259 543/632/259 544/633/259
f 542/629/260 544/633/260 545/634/260 506/635/260
f 542/636/261 506/577/261 505/576/261 511/582/261
f 545/634/262 544/633/262 546/637/262 547/638/262
f 545/634/263 547/638/263 548/639/263 549/640/263
f 545/641/264 549/642/264 507/578/264 506/577/264
f 549/643/265 548/644/265 481/550/265 550/645/265
f 549/642/266 550/646/266 508/579/266 507/578/266
f 550/645/267 481/550/267 480/549/267 551/647/267
f 550/646/268 551/648/268 552/649/268 508/579/268
f 552/649/269 551/648/269 553/650/269 554/651/269
f 552/649/270 554/651/270 555/652/270 501/572/270
f 552/649/271 501/572/271 500/571/271 508/579/271
f 555/652/272 554/651/272 556/653/272 557/654/272
f 555/652/273 557/654/273 558/655/273 559/656/273
f 555/652/274 559/656/274 502/573/274 501/572/274
f 559/656/275 558/655/275 560/657/275 561/658/275
f 559/656/276 561/658/276 503/574/276 502/573/276
f 561/658/277 560/657/277 562/659/277 563/660/277
f 561/658/278 563/660/278 564/661/278 503/574/278
f 564/661/279 563/660/279 565/662/279 516/587/279
f 564/661/280 516/587/280 512/583/280 497/568/280
f 564/661/281 497/568/281 496/567/281 503/574/281
f 565/662/282 563/660/282 562/659/282 566/663/282
f 565/662/283 566/663/283 521/595/283 519/590/283
f 565/662/284 519/590/284 517/588/284 516/587/284
f 566/663/285 562/659/285 567/664/285 568/665/285
f 566/663/286 568/665/286 569/666/286 521/595/286
f 569/666/287 568/665/287 570/667/287 571/668/287
f 569/666/288 571/668/288 572/669/288 524/599/288
f 569/666/289 524/599/289 522/596/289 521/595/289
f 572/670/290 571/671/290 573/672/290 574/673/290
f 572/670/291 574/673/291 575/674/291 576/675/291
f 572/670/292 576/675/292 525/602/292 524/676/292
f 576/675/293 575/674/293 577/677/293 578/678/293
f 576/675/294 578/678/294 526/603/294 525/602/294
f 578/678/295 577/677/295 579/679/295 580/680/295
f 578/678/296 580/680/296 528/607/296 526/603/296
f 580/680/297 579/679/297 581/681/297 582/682/297
f 580/680/298 582/682/298 530/609/298 528/607/298
f 582/682/299 581/681/299 583/683/299 584/684/299
f 582/682/300 584/684/300 585/685/300 530/609/300
f 585/685/301 584/684/301 586/686/301 587/687/301
f 585/688/302 587/689/302 588/690/302 533/614/302
f 585/685/303 533/691/303 531/610/303 530/609/303
f 588/690/304 587/689/304 589/692/304 590/693/304
f 588/690/305 590/693/305 591/694/305 592/695/305
f 588/690/306 592/695/306 534/615/306 533/614/306
f 592/695/307 591/694/307 593/696/307 594/697/307
f 592/695/308 594/697/308 535/698/308 534/615/308
f 594/697/309 593/696/309 595/699/309 540/627/309
f 594/697/310 540/627/310 537/622/310 535/698/310
f 595/699/311 593/696/311 488/558/311 487/557/311
f 595/699/312 487/557/312 596/700/312 543/632/312
f 595/699/313 543/632/313 541/628/313 540/627/313
f 596/700/314 487/557/314 486/556/314 597/701/314
f 596/700/315 597/701/315 598/702/315 546/637/315
f 596/700/316 546/637/316 544/633/316 543/632/316
f 598/702/317 597/701/317 599/703/317 600/704/317
f 598/702/318 600/704/318 601/705/318 602/706/318
f 598/702/319 602/706/319 547/638/319 546/637/319
f 602/707/320 601/708/320 603/709/320 604/710/320
f 602/706/321 604/711/321 548/639/321 547/638/321
f 604/710/322 603/709/322 483/552/322 482/551/322
f 604/710/323 482/551/323 481/550/323 548/644/323
f 603/712/324 601/705/324 605/713/324 606/714/324
f 603/709/325 606/715/325 607/716/325 483/552/325
f 607/716/326 606/715/326 608/717/326 609/718/326
f 607/716/327 609/718/327 610/719/327 611/720/327
f 607/716/328 611/720/328 478/547/328 483/552/328
f 611/720/329 610/719/329 612/721/329 613/722/329
f 611/720/330 613/722/330 479/548/330 478/547/330
f 613/722/331 612/721/331 614/723/331 615/724/331
f 613/725/332 615/726/332 553/650/332 479/727/332
f 615/726/333 614/728/333 616/729/333 556/653/333
f 615/726/334 556/653/334 554/651/334 553/650/334
f 616/730/335 614/723/335 617/731/335 618/732/335
f 616/729/336 618/733/336 619/734/336 620/735/336
f 616/729/337 620/735/337 557/654/337 556/653/337
f 620/735/338 619/734/338 621/736/338 622/737/338
f 620/735/339 622/737/339 558/655/339 557/654/339
f 622/737/340 621/736/340 623/738/340 624/739/340
f 622/737/341 624/739/341 560/657/341 558/655/341
f 624/739/342 623/738/342 625/740/342 567/664/342
f 624/739/343 567/664/343 562/659/343 560/657/343
f 625/740/344 623/738/344 626/741/344 627/742/344
f 625/740/345 627/742/345 628/743/345 570/667/345
f 625/740/346 570/667/346 568/665/346 567/664/346
f 628/744/347 627/745/347 629/746/347 630/747/347
f 628/743/348 630/748/348 631/749/348 573/750/348
f 628/743/349 573/750/349 571/668/349 570/667/349
f 631/751/350 630/747/350 632/752/350 633/753/350
f 631/754/351 633/755/351 634/756/351 635/757/351
f 631/754/352 635/757/352 574/673/352 573/672/352
f 635/757/353 634/756/353 636/758/353 637/759/353
f 635/757/354 637/759/354 575/674/354 574/673/354
f 637/759/355 636/758/355 638/760/355 639/761/355
f 637/759/356 639/761/356 577/677/356 575/674/356
f 639/761/357 638/760/357 640/762/357 641/763/357
f 639/761/358 641/763/358 579/679/358 577/677/358
f 641/763/359 640/762/359 642/764/359 643/765/359
f 641/763/360 643/765/360 581/681/360 579/679/360
f 643/765/361 642/764/361 644/766/361 645/767/361
f 643/765/362 645/767/362 583/683/362 581/681/362
f 645/767/363 644/766/363 646/768/363 647/769/363
f 645/767/364 647/769/364 648/770/364 583/683/364
f 648/770/365 647/769/365 649/771/365 650/772/365
f 648/773/366 650/774/366 651/775/366 586/776/366
f 648/770/367 586/686/367 584/684/367 583/683/367
f 651/775/368 650/774/368 652/777/368 653/778/368
f 651/775/369 653/778/369 654/779/369 589/692/369
f 651/775/370 589/692/370 587/689/370 586/776/370
f 654/779/371 653/778/371 655/780/371 656/781/371
f 654/779/372 656/781/372 657/782/372 658/783/372
f 654/779/373 658/783/373 590/693/373 589/692/373
f 658/783/374 657/782/374 484/554/374 489/559/374
f 658/783/375 489/559/375 591/694/375 590/693/375
f 657/782/376 656/781/376 659/784/376 660/785/376
f 657/782/377 660/785/377 485/555/377 484/554/377
f 660/785/378 659/784/378 661/786/378 662/787/378
f 660/785/379 662/787/379 599/703/379 485/555/379
f 662/787/380 661/786/380 663/788/380 664/789/380
f 662/787/381 664/789/381 600/704/381 599/703/381
f 664/789/382 663/788/382 665/790/382 605/713/382
f 664/789/383 605/713/383 601/705/383 600/704/383
f 665/790/384 663/788/384 666/791/384 667/792/384
f 665/793/385 667/794/385 668/795/385 608/717/385
f 665/790/386 608/796/386 606/714/386 605/713/386
f 668/795/387 667/794/387 669/797/387 670/798/387
f 668/795/388 670/798/388 671/799/388 672/800/388
f 668/795/389 672/800/389 609/718/389 608/717/389
f 672/800/390 671/799/390 673/801/390 674/802/390
f 672/800/391 674/802/391 610/719/391 609/718/391
f 674/802/392 673/801/392 675/803/392 676/804/392
f 674/802/393 676/804/393 612/721/393 610/719/393
f 676/804/394 675/803/394 677/805/394 617/731/394
f 676/804/395 617/731/395 614/723/395 612/721/395
f 677/805/396 675/803/396 678/806/396 679/807/396
f 677/805/397 679/807/397 680/808/397 681/809/397
f 677/805/398 681/809/398 618/732/398 617/731/398
f 681/810/399 680/811/399 682/812/399 683/813/399
f 681/810/400 683/813/400 619/734/400 618/733/400
f 683/814/401 682/815/401 684/816/401 685/817/401
f 683/813/402 685/818/402 621/736/402 619/734/402
f 685/817/403 684/816/403 686/819/403 626/820/403
f 685/818/404 626/741/404 623/738/404 621/736/404
f 686/819/405 684/816/405 687/821/405 688/822/405
f 686/819/406 688/822/406 689/823/406 629/746/406
f 686/819/407 629/746/407 627/745/407 626/820/407
f 689/823/408 688/822/408 690/824/408 691/825/408
f 689/823/409 691/825/409 692/826/409 632/752/409
f 689/823/410 632/752/410 630/747/410 629/746/410
f 692/827/411 691/828/411 693/829/411 694/830/411
f 692/827/412 694/830/412 695/831/412 696/832/412
f 692/826/413 696/833/413 633/753/413 632/752/413
f 696/832/414 695/831/414 697/834/414 698/835/414
f 696/836/415 698/837/415 634/756/415 633/755/415
f 698/837/416 697/838/416 699/839/416 700/840/416
f 698/837/417 700/840/417 636/758/417 634/756/417
f 700/841/418 699/842/418 701/843/418 702/844/418
f 700/840/419 702/845/419 638/760/419 636/758/419
f 702/844/420 701/843/420 703/846/420 704/847/420
f 702/845/421 704/848/421 640/762/421 638/760/421
f 704/848/422 703/849/422 705/850/422 706/851/422
f 704/848/423 706/851/423 642/764/423 640/762/423
f 706/851/424 705/850/424 707/852/424 708/853/424
f 706/851/425 708/853/425 644/766/425 642/764/425
f 708/854/426 707/855/426 709/856/426 710/857/426
f 708/854/427 710/857/427 646/858/427 644/859/427
f 710/857/428 709/856/428 711/860/428 712/861/428
f 710/857/429 712/861/429 713/862/429 646/858/429
f 713/862/430 712/861/430 714/863/430 715/864/430
f 713/862/431 715/864/431 716/865/431 649/866/431
f 713/862/432 649/866/432 647/867/432 646/858/432
f 716/865/433 715/864/433 717/868/433 718/869/433
f 716/865/434 718/869/434 719/870/434 652/777/434
f 716/865/435 652/777/435 650/774/435 649/866/435
f 719/870/436 718/869/436 720/871/436 721/872/436
f 719/870/437 721/872/437 722/873/437 655/780/437
f 719/870/438 655/780/438 653/778/438 652/777/438
f 722/873/439 721/872/439 723/874/439 724/875/439
f 722/873/440 724/875/440 661/786/440 659/784/440
f 722/873/441 659/784/441 656/781/441 655/780/441
f 724/875/442 723/874/442 725/876/442 666/791/442
f 724/875/443 666/791/443 663/788/443 661/786/443
f 725/876/444 723/874/444 726/877/444 727/878/444
f 725/879/445 727/880/445 728/881/445 669/797/445
f 725/879/446 669/797/446 667/794/446 666/882/446
f 728/881/447 727/880/447 729/883/447 730/884/447
f 728/881/448 730/884/448 731/885/448 732/886/448
f 728/881/449 732/886/449 670/798/449 669/797/449
f 732/886/450 731/885/450 733/887/450 734/888/450
f 732/886/451 734/888/451 671/799/451 670/798/451
f 734/888/452 733/887/452 735/889/452 736/890/452
f 734/888/453 736/890/453 673/801/453 671/799/453
f 736/890/454 735/889/454 737/891/454 678/806/454
f 736/890/455 678/806/455 675/803/455 673/801/455
f 737/891/456 735/889/456 738/892/456 739/893/456
f 737/891/457 739/893/457 740/894/457 741/895/457
f 737/891/458 741/895/458 679/807/458 678/806/458
f 741/895/459 740/894/459 742/896/459 743/897/459
f 741/895/460 743/897/460 680/808/460 679/807/460
f 743/897/461 742/896/461 744/898/461 745/899/461
f 743/900/462 745/901/462 682/815/462 680/902/462
f 745/901/463 744/903/463 746/904/463 687/821/463
f 745/901/464 687/821/464 684/816/464 682/815/464
f 746/905/465 744/906/465 747/907/465 748/908/465
f 746/905/466 748/908/466 749/909/466 690/910/466
f 746/904/467 690/824/467 688/822/467 687/821/467
f 749/909/468 748/908/468 750/911/468 751/912/468
f 749/909/469 751/912/469 752/913/469 693/829/469
f 749/909/470 693/829/470 691/828/470 690/910/470
f 752/913/471 751/912/471 753/914/471 754/915/471
f 752/913/472 754/915/472 755/916/472 756/917/472
f 752/913/473 756/917/473 694/830/473 693/829/473
f 756/917/474 755/916/474 757/918/474 758/919/474
f 756/917/475 758/919/475 695/831/475 694/830/475
f 758/919/476 757/918/476 759/920/476 760/921/476
f 758/919/477 760/921/477 697/834/477 695/831/477
f 760/921/478 759/920/478 761/922/478 762/923/478
f 760/921/479 762/923/479 699/842/479 697/834/479
f 762/923/480 761/922/480 763/924/480 764/925/480
f 762/923/481 764/925/481 701/843/481 699/842/481
f 764/925/482 763/924/482 765/926/482 766/927/482
f 764/925/483 766/927/483 703/846/483 701/843/483
f 766/928/484 765/929/484 767/930/484 768/931/484
f 766/928/485 768/931/485 705/932/485 703/933/485
f 768/931/486 767/930/486 769/934/486 770/935/486
f 768/931/487 770/935/487 707/855/487 705/932/487
f 770/935/488 769/934/488 771/936/488 772/937/488
f 770/935/489 772/937/489 709/856/489 707/855/489
f 772/937/490 771/936/490 773/938/490 774/939/490
f 772/937/491 774/939/491 711/860/491 709/856/491
f 774/939/492 773/938/492 775/940/492 776/941/492
f 774/939/493 776/941/493 777/942/493 711/860/493
f 777/942/494 776/941/494 778/943/494 779/944/494
f 777/942/495 779/944/495 780/945/495 714/863/495
f 777/942/496 714/863/496 712/861/496 711/860/496
f 780/945/497 779/944/497 781/946/497 782/947/497
f 780/945/498 782/947/498 783/948/498 717/868/498
f 780/945/499 717/868/499 715/864/499 714/863/499
f 783/948/500 782/947/500 784/949/500 785/950/500
f 783/948/501 785/950/501 726/877/501 720/871/501
f 783/948/502 720/871/502 718/869/502 717/868/502
f 785/950/503 784/949/503 786/951/503 729/952/503
f 785/950/504 729/952/504 727/878/504 726/877/504
f 786/951/505 784/949/505 787/953/505 788/954/505
f 786/951/506 788/954/506 789/955/506 790/956/506
f 786/951/507 790/956/507 730/957/507 729/952/507
f 790/956/508 789/955/508 791/958/508 792/959/508
f 790/960/509 792/961/509 731/885/509 730/884/509
f 792/959/510 791/958/510 793/962/510 794/963/510
f 792/961/511 794/964/511 733/887/511 731/885/511
f 794/965/512 793/966/512 795/967/512 738/968/512
f 794/964/513 738/892/513 735/889/513 733/887/513
f 795/967/514 793/966/514 796/969/514 797/970/514
f 795/967/515 797/970/515 798/971/515 799/972/515
f 795/967/516 799/972/516 739/973/516 738/968/516
f 799/972/517 798/971/517 800/974/517 801/975/517
f 799/972/518 801/975/518 740/976/518 739/973/518
f 801/975/519 800/974/519 802/977/519 803/978/519
f 801/975/520 803/978/520 742/979/520 740/976/520
f 803/978/521 802/977/521 804/980/521 747/907/521
f 803/978/522 747/907/522 744/906/522 742/979/522
f 804/980/523 802/977/523 805/981/523 806/982/523
f 804/980/524 806/982/524 807/983/524 750/911/524
f 804/980/525 750/911/525 748/908/525 747/907/525
f 807/983/526 806/982/526 808/984/526 809/985/526
f 807/983/527 809/985/527 810/986/527 753/914/527
f 807/983/528 753/914/528 751/912/528 750/911/528
f 810/986/529 809/985/529 811/987/529 812/988/529
f 810/986/530 812/988/530 813/989/530 814/990/530
f 810/986/531 814/990/531 754/915/531 753/914/531
f 814/990/532 813/989/532 815/991/532 816/992/532
f 814/990/533 816/992/533 755/916/533 754/915/533
f 816/992/534 815/991/534 817/993/534 818/994/534
f 816/992/535 818/994/535 757/918/535 755/916/535
f 818/994/536 817/993/536 819/995/536 820/996/536
f 818/994/537 820/996/537 759/920/537 757/918/537
f 820/996/538 819/995/538 821/997/538 822/998/538
f 820/996/539 822/998/539 761/922/539 759/920/539
f 822/998/540 821/997/540 823/999/540 824/1000/540
f 822/998/541 824/1000/541 763/924/541 761/922/541
f 824/1001/542 823/1002/542 825/1003/542 826/1004/542
f 824/1001/543 826/1004/543 765/1005/543 763/1006/543
f 826/1004/544 825/1003/544 827/1007/544 828/1008/544
f 826/1004/545 828/1008/545 767/1009/545 765/1005/545
f 828/1008/546 827/1007/546 829/1010/546 830/1011/546
f 828/1012/547 830/1013/547 769/934/547 767/930/547
f 830/1013/548 829/1014/548 831/1015/548 832/1016/548
f 830/1013/549 832/1016/549 771/936/549 769/934/549
f 832/1016/550 831/1015/550 833/1017/550 834/1018/550
f 832/1016/551 834/1018/551 773/938/551 771/936/551
f 834/1018/552 833/1017/552 835/1019/552 836/1020/552
f 834/1018/553 836/1020/553 775/940/553 773/938/553
f 836/1020/554 835/1019/554 837/1021/554 838/1022/554
f 836/1020/555 838/1022/555 839/1023/555 775/940/555
f 839/1023/556 838/1022/556 840/1024/556 841/1025/556
f 839/1023/557 841/1025/557 842/1026/557 778/943/557
f 839/1023/558 778/943/558 776/941/558 775/940/558
f 842/1026/559 841/1025/559 843/1027/559 844/1028/559
f 842/1026/560 844/1028/560 787/953/560 781/946/560
f 842/1026/561 781/946/561 779/944/561 778/943/561
f 844/1028/562 843/1027/562 845/1029/562 846/1030/562
f 844/1028/563 846/1030/563 788/954/563 787/953/563
f 846/1030/564 845/1029/564 847/1031/564 848/1032/564
f 846/1030/565 848/1032/565 789/955/565 788/954/565
f 848/1032/566 847/1031/566 849/1033/566 850/1034/566
f 848/1032/567 850/1034/567 791/958/567 789/955/567
f 850/1034/568 849/1033/568 851/1035/568 796/1036/568
f 850/1034/569 796/1036/569 793/962/569 791/958/569
f 851/1037/570 849/1038/570 852/1039/570 853/1040/570
f 851/1037/571 853/1040/571 854/1041/571 855/1042/571
f 851/1037/572 855/1042/572 797/1043/572 796/1044/572
f 855/1045/573 854/1046/573 856/1047/573 857/1048/573
f 855/1045/574 857/1048/574 798/971/574 797/970/574
f 857/1048/575 856/1047/575 858/1049/575 859/1050/575
f 857/1048/576 859/1050/576 800/974/576 798/971/576
f 859/1050/577 858/1049/577 860/1051/577 805/981/577
f 859/1050/578 805/981/578 802/977/578 800/974/578
f 860/1051/579 858/1049/579 861/1052/579 862/1053/579
f 860/1051/580 862/1053/580 863/1054/580 808/984/580
f 860/1051/581 808/984/581 806/982/581 805/981/581
f 863/1054/582 862/1053/582 864/1055/582 865/1056/582
f 863/1054/583 865/1056/583 866/1057/583 811/987/583
f 863/1054/584 811/987/584 809/985/584 808/984/584
f 866/1058/585 865/1059/585 867/1060/585 868/1061/585
f 866/1058/586 868/1061/586 869/1062/586 870/1063/586
f 866/1057/587 870/1064/587 812/988/587 811/987/587
f 870/1063/588 869/1062/588 871/1065/588 872/1066/588
f 870/1064/589 872/1067/589 813/989/589 812/988/589
f 872/1066/590 871/1065/590 873/1068/590 874/1069/590
f 872/1067/591 874/1070/591 815/991/591 813/989/591
f 874/1070/592 873/1071/592 875/1072/592 876/1073/592
f 874/1070/593 876/1073/593 817/993/593 815/991/593
f 876/1074/594 875/1075/594 877/1076/594 878/1077/594
f 876/1073/595 878/1078/595 819/995/595 817/993/595
f 878/1077/596 877/1076/596 879/1079/596 880/1080/596
f 878/1078/597 880/1081/597 821/997/597 819/995/597
f 880/1080/598 879/1079/598 881/1082/598 882/1083/598
f 880/1080/599 882/1083/599 823/1002/599 821/1084/599
f 882/1083/600 881/1082/600 883/1085/600 884/1086/600
f 882/1083/601 884/1086/601 825/1003/601 823/1002/601
f 884/1086/602 883/1085/602 885/1087/602 886/1088/602
f 884/1086/603 886/1088/603 827/1007/603 825/1003/603
f 886/1088/604 885/1087/604 887/1089/604 888/1090/604
f 886/1088/605 888/1090/605 829/1010/605 827/1007/605
f 888/1090/606 887/1089/606 889/1091/606 890/1092/606
f 888/1090/607 890/1092/607 831/1093/607 829/1010/607
f 890/1092/608 889/1091/608 891/1094/608 892/1095/608
f 890/1096/609 892/1097/609 833/1017/609 831/1015/609
f 892/1098/610 891/1099/610 893/1100/610 894/1101/610
f 892/1097/611 894/1102/611 835/1019/611 833/1017/611
f 894/1101/612 893/1100/612 895/1103/612 896/1104/612
f 894/1101/613 896/1104/613 837/1105/613 835/1106/613
f 896/1104/614 895/1103/614 897/1107/614 898/1108/614
f 896/1104/615 898/1108/615 899/1109/615 837/1105/615
f 899/1110/616 898/1111/616 900/1112/616 901/1113/616
f 899/1110/617 901/1113/617 902/1114/617 840/1024/617
f 899/1110/618 840/1024/618 838/1022/618 837/1021/618
f 902/1114/619 901/1113/619 903/1115/619 904/1116/619
f 902/1114/620 904/1116/620 845/1029/620 843/1027/620
f 902/1114/621 843/1027/621 841/1025/621 840/1024/621
f 904/1116/622 903/1115/622 905/1117/622 906/1118/622
f 904/1116/623 906/1118/623 847/1031/623 845/1029/623
f 906/1119/624 905/1120/624 907/1121/624 852/1039/624
f 906/1118/625 852/1122/625 849/1033/625 847/1031/625
f 907/1121/626 905/1120/626 908/1123/626 909/1124/626
f 907/1121/627 909/1124/627 910/1125/627 911/1126/627
f 907/1121/628 911/1126/628 853/1040/628 852/1039/628
f 911/1126/629 910/1125/629 912/1127/629 913/1128/629
f 911/1126/630 913/1128/630 854/1041/630 853/1040/630
f 913/1128/631 912/1127/631 914/1129/631 915/1130/631
f 913/1128/632 915/1130/632 856/1131/632 854/1041/632
f 915/1130/633 914/1129/633 916/1132/633 861/1133/633
f 915/1134/634 861/1052/634 858/1049/634 856/1047/634
f 916/1132/635 914/1129/635 917/1135/635 918/1136/635
f 916/1132/636 918/1136/636 919/1137/636 864/1138/636
f 916/1139/637 864/1055/637 862/1053/637 861/1052/637
f 919/1140/638 918/1141/638 920/1142/638 921/1143/638
f 919/1140/639 921/1143/639 922/1144/639 867/1060/639
f 919/1140/640 867/1060/640 865/1059/640 864/1145/640
f 922/1144/641 921/1143/641 923/1146/641 924/1147/641
f 922/1144/642 924/1147/642 925/1148/642 926/1149/642
f 922/1144/643 926/1149/643 868/1061/643 867/1060/643
f 926/1149/644 925/1148/644 927/1150/644 928/1151/644
f 926/1149/645 928/1151/645 869/1062/645 868/1061/645
f 928/1151/646 927/1150/646 929/1152/646 930/1153/646
f 928/1151/647 930/1153/647 871/1065/647 869/1062/647
f 930/1153/648 929/1152/648 931/1154/648 932/1155/648
f 930/1153/649 932/1155/649 873/1068/649 871/1065/649
f 932/1155/650 931/1154/650 933/1156/650 934/1157/650
f 932/1155/651 934/1157/651 875/1158/651 873/1068/651
f 934/1157/652 933/1156/652 935/1159/652 936/1160/652
f 934/1157/653 936/1160/653 877/1161/653 875/1158/653
f 936/1160/654 935/1159/654 937/1162/654 938/1163/654
f 936/1164/655 938/1165/655 879/1079/655 877/1076/655
f 938/1165/656 937/1166/656 939/1167/656 940/1168/656
f 938/1165/657 940/1168/657 881/1082/657 879/1079/657
f 940/1168/658 939/1167/658 941/1169/658 942/1170/658
f 940/1168/659 942/1170/659 883/1085/659 881/1082/659
f 942/1170/660 941/1169/660 943/1171/660 944/1172/660
f 942/1170/661 944/1172/661 885/1087/661 883/1085/661
f 944/1172/662 943/1171/662 945/1173/662 946/1174/662
f 944/1172/663 946/1174/663 887/1089/663 885/1087/663
f 946/1175/664 945/1176/664 947/1177/664 948/1178/664
f 946/1174/665 948/1179/665 889/1091/665 887/1089/665
f 948/1178/666 947/1177/666 949/1180/666 950/1181/666
f 948/1178/667 950/1181/667 891/1099/667 889/1182/667
f 950/1181/668 949/1180/668 951/1183/668 952/1184/668
f 950/1181/669 952/1184/669 893/1100/669 891/1099/669
f 952/1184/670 951/1183/670 953/1185/670 954/1186/670
f 952/1184/671 954/1186/671 895/1103/671 893/1100/671
f 954/1186/672 953/1185/672 955/1187/672 956/1188/672
f 954/1186/673 956/1188/673 897/1107/673 895/1103/673
f 956/1188/674 955/1187/674 957/1189/674 958/1190/674
f 956/1188/675 958/1190/675 959/1191/675 897/1107/675
f 959/1191/676 958/1190/676 960/1192/676 961/1193/676
f 959/1191/677 961/1193/677 962/1194/677 900/1195/677
f 959/1191/678 900/1195/678 898/1108/678 897/1107/678
f 962/1196/679 961/1197/679 963/1198/679 908/1123/679
f 962/1196/680 908/1123/680 905/1120/680 903/1199/680
f 962/1200/681 903/1115/681 901/1113/681 900/1112/681
f 963/1198/682 961/1197/682 960/1201/682 964/1202/682
f 963/1198/683 964/1202/683 965/1203/683 966/1204/683
f 963/1198/684 966/1204/684 909/1124/684 908/1123/684
f 966/1204/685 965/1203/685 967/1205/685 968/1206/685
f 966/1204/686 968/1206/686 910/1125/686 909/1124/686
f 968/1206/687 967/1205/687 969/1207/687 970/1208/687
f 968/1206/688 970/1208/688 912/1127/688 910/1125/688
f 970/1208/689 969/1207/689 971/1209/689 917/1135/689
f 970/1208/690 917/1135/690 914/1129/690 912/1127/690
f 971/1210/691 969/1211/691 972/1212/691 973/1213/691
f 971/1210/692 973/1213/692 974/1214/692 920/1215/692
f 971/1209/693 920/1216/693 918/1136/693 917/1135/693
f 974/1214/694 973/1213/694 975/1217/694 976/1218/694
f 974/1214/695 976/1218/695 977/1219/695 923/1220/695
f 974/1221/696 923/1146/696 921/1143/696 920/1142/696
f 977/1219/697 976/1218/697 978/1222/697 979/1223/697
f 977/1219/698 979/1223/698 980/1224/698 981/1225/698
f 977/1226/699 981/1227/699 924/1147/699 923/1146/699
f 981/1225/700 980/1224/700 982/1228/700 983/1229/700
f 981/1227/701 983/1230/701 925/1148/701 924/1147/701
f 983/1230/702 982/1231/702 984/1232/702 985/1233/702
f 983/1230/703 985/1233/703 927/1150/703 925/1148/703
f 985/1233/704 984/1232/704 986/1234/704 987/1235/704
f 985/1233/705 987/1235/705 929/1152/705 927/1150/705
f 987/1235/706 986/1234/706 988/1236/706 989/1237/706
f 987/1235/707 989/1237/707 931/1154/707 929/1152/707
f 989/1238/708 988/1239/708 990/1240/708 991/1241/708
f 989/1237/709 991/1242/709 933/1156/709 931/1154/709
f 991/1241/710 990/1240/710 992/1243/710 993/1244/710
f 991/1242/711 993/1245/711 935/1159/711 933/1156/711
f 993/1244/712 992/1243/712 994/1246/712 995/1247/712
f 993/1244/713 995/1247/713 937/1248/713 935/1249/713
f 995/1247/714 994/1246/714 996/1250/714 997/1251/714
f 995/1247/715 997/1251/715 939/1252/715 937/1248/715
f 997/1251/716 996/1250/716 998/1253/716 999/1254/716
f 997/1251/717 999/1254/717 941/1255/717 939/1252/717
f 999/1254/718 998/1253/718 1000/1256/718 1001/1257/718
f 999/1258/719 1001/1259/719 943/1171/719 941/1169/719
f 1001/1257/720 1000/1256/720 1002/1260/720 1003/1261/720
f 1001/1257/721 1003/1261/721 945/1176/721 943/1262/721
f 1003/1261/722 1002/1260/722 1004/1263/722 1005/1264/722
f 1003/1261/723 1005/1264/723 947/1177/723 945/1176/723
f 1005/1264/724 1004/1263/724 1006/1265/724 1007/1266/724
f 1005/1264/725 1007/1266/725 949/1180/725 947/1177/725
f 1007/1266/726 1006/1265/726 1008/1267/726 1009/1268/726
f 1007/1266/727 1009/1268/727 951/1183/727 949/1180/727
f 1009/1268/728 1008/1267/728 1010/1269/728 1011/1270/728
f 1009/1268/729 1011/1270/729 953/1185/729 951/1183/729
f 1011/1270/730 1010/1269/730 1012/1271/730 1013/1272/730
f 1011/1270/731 1013/1272/731 955/1187/731 953/1185/731
f 1013/1272/732 1012/1271/732 1014/1273/732 1015/1274/732
f 1013/1272/733 1015/1274/733 957/1189/733 955/1187/733
f 1015/1274/734 1014/1273/734 1016/1275/734 1017/1276/734
f 1015/1274/735 1017/1276/735 1018/1277/735 957/1189/735
f 1018/1277/736 1017/1276/736 1019/1278/736 1020/1279/736
f 1018/1277/737 1020/1279/737 964/1280/737 960/1192/737
f 1018/1277/738 960/1192/738 958/1190/738 957/1189/738
f 1020/1279/739 1019/1278/739 1021/1281/739 1022/1282/739
f 1020/1283/740 1022/1284/740 965/1203/740 964/1202/740
f 1022/1282/741 1021/1281/741 1023/1285/741 1024/1286/741
f 1022/1284/742 1024/1287/742 967/1205/742 965/1203/742
f 1024/1286/743 1023/1285/743 1025/1288/743 972/1212/743
f 1024/1287/744 972/1289/744 969/1207/744 967/1205/744
f 1025/1288/745 1023/1285/745 1026/1290/745 1027/1291/745
f 1025/1288/746 1027/1291/746 1028/1292/746 975/1217/746
f 1025/1288/747 975/1217/747 973/1213/747 972/1212/747
f 1028/1292/748 1027/1291/748 1029/1293/748 1030/1294/748
f 1028/1292/749 1030/1294/749 1031/1295/749 978/1222/749
f 1028/1292/750 978/1222/750 976/1218/750 975/1217/750
f 1031/1295/751 1030/1294/751 1032/1296/751 1033/1297/751
f 1031/1295/752 1033/1297/752 1034/1298/752 1035/1299/752
f 1031/1295/753 1035/1299/753 979/1223/753 978/1222/753
f 1035/1299/754 1034/1298/754 1036/1300/754 1037/1301/754
f 1035/1299/755 1037/1301/755 980/1224/755 979/1223/755
f 1037/1301/756 1036/1300/756 1038/1302/756 1039/1303/756
f 1037/1301/757 1039/1303/757 982/1228/757 980/1224/757
f 1039/1303/758 1038/1302/758 1040/1304/758 1041/1305/758
f 1039/1303/759 1041/1305/759 984/1306/759 982/1228/759
f 1041/1305/760 1040/1304/760 1042/1307/760 1043/1308/760
f 1041/1305/761 1043/1308/761 986/1309/761 984/1306/761
f 1043/1308/762 1042/1307/762 1044/1310/762 1045/1311/762
f 1043/1308/763 1045/1311/763 988/1239/763 986/1309/763
f 1045/1311/764 1044/1310/764 1046/1312/764 1047/1313/764
f 1045/1311/765 1047/1313/765 990/1240/765 988/1239/765
f 1047/1313/766 1046/1312/766 1048/1314/766 1049/1315/766
f 1047/1313/767 1049/1315/767 992/1243/767 990/1240/767
f 1049/1315/768 1048/1314/768 1050/1316/768 1051/1317/768
f 1049/1315/769 1051/1317/769 994/1246/769 992/1243/769
f 1051/1317/770 1050/1316/770 1052/1318/770 1053/1319/770
f 1051/1317/771 1053/1319/771 996/1250/771 994/1246/771
f 1053/1319/772 1052/1318/772 1054/1320/772 1055/1321/772
f 1053/1319/773 1055/1321/773 998/1253/773 996/1250/773
f 1055/1321/774 1054/1320/774 1056/1322/774 1057/1323/774
f 1055/1321/775 1057/1323/775 1000/1256/775 998/1253/775
f 1057/1323/776 1056/1322/776 1058/1324/776 1059/1325/776
f 1057/1323/777 1059/1325/777 1002/1260/777 1000/1256/777
f 1059/1325/778 1058/1324/778 1060/1326/778 1061/1327/778
f 1059/1325/779 1061/1327/779 1004/1263/779 1002/1260/779
f 1061/1327/780 1060/1326/780 1062/1328/780 1063/1329/780
f 1061/1327/781 1063/1329/781 1006/1265/781 1004/1263/781
f 1063/1329/782 1062/1328/782 1064/1330/782 1065/1331/782
f 1063/1329/783 1065/1331/783 1008/1267/783 1006/1265/783
f 1065/1331/784 1064/1330/784 1066/1332/784 1067/1333/784
f 1065/1331/785 1067/1333/785 1010/1269/785 1008/1267/785
f 1067/1333/786 1066/1332/786 1068/1334/786 1069/1335/786
f 1067/1333/787 1069/1335/787 1012/1271/787 1010/1269/787
f 1069/1335/788 1068/1334/788 1070/1336/788 1071/1337/788
f 1069/1335/789 1071/1337/789 1014/1273/789 1012/1271/789
f 1071/1337/790 1070/1336/790 1072/1338/790 1073/1339/790
f 1071/1337/791 1073/1339/791 1016/1275/791 1014/1273/791
f 1073/1339/792 1072/1338/792 1074/1340/792 1075/1341/792
f 1073/1339/793 1075/1341/793 1076/1342/793 1016/1275/793
f 1076/1342/794 1075/1341/794 1077/1343/794 1078/1344/794
f 1076/1342/795 1078/1344/795 1021/1281/795 1019/1278/795
f 1076/1342/796 1019/1278/796 1017/1276/796 1016/1275/796
f 1078/1344/797 1077/1343/797 1079/1345/797 1026/1290/797
f 1078/1344/798 1026/1290/798 1023/1285/798 1021/1281/798
f 1079/1345/799 1077/1343/799 1080/1346/799 1081/1347/799
f 1079/1345/800 1081/1347/800 1082/1348/800 1029/1293/800
f 1079/1345/801 1029/1293/801 1027/1291/801 1026/1290/801
f 1082/1348/802 1081/1347/802 1083/1349/802 1084/1350/802
f 1082/1348/803 1084/1350/803 1085/1351/803 1032/1296/803
f 1082/1348/804 1032/1296/804 1030/1294/804 1029/1293/804
f 1085/1351/805 1084/1350/805 1086/1352/805 1087/1353/805
f 1085/1354/806 1087/1355/806 1088/1356/806 1089/1357/806
f 1085/1351/807 1089/1358/807 1033/1297/807 1032/1296/807
f 1089/1358/808 1088/1359/808 1090/1360/808 1091/1361/808
f 1089/1358/809 1091/1361/809 1034/1298/809 1033/1297/809
f 1091/1361/810 1090/1360/810 1092/1362/810 1093/1363/810
f 1091/1361/811 1093/1363/811 1036/1300/811 1034/1298/811
f 1093/1363/812 1092/1362/812 1094/1364/812 1095/1365/812
f 1093/1363/813 1095/1365/813 1038/1302/813 1036/1300/813
f 1095/1365/814 1094/1364/814 1096/1366/814 1097/1367/814
f 1095/1365/815 1097/1367/815 1040/1304/815 1038/1302/815
f 1097/1367/816 1096/1366/816 1098/1368/816 1099/1369/816
f 1097/1367/817 1099/1369/817 1042/1307/817 1040/1304/817
f 1099/1369/818 1098/1368/818 1100/1370/818 1101/1371/818
f 1099/1369/819 1101/1371/819 1044/1310/819 1042/1307/819
f 1101/1371/820 1100/1370/820 1102/1372/820 1103/1373/820
f 1101/1371/821 1103/1373/821 1046/1312/821 1044/1310/821
f 1103/1373/822 1102/1372/822 1104/1374/822 1105/1375/822
f 1103/1373/823 1105/1375/823 1048/1314/823 1046/1312/823
f 1105/1375/824 1104/1374/824 1106/1376/824 1107/1377/824
f 1105/1375/825 1107/1377/825 1050/1316/825 1048/1314/825
f 1107/1377/826 1106/1376/826 1108/1378/826 1109/1379/826
f 1107/1377/827 1109/1379/827 1052/1318/827 1050/1316/827
f 1109/1379/828 1108/1378/828 1110/1380/828 1111/1381/828
f 1109/1379/829 1111/1381/829 1054/1320/829 1052/1318/829
f 1111/1382/830 1110/1383/830 1112/1384/830 1113/1385/830
f 1111/1381/831 1113/1386/831 1056/1322/831 1054/1320/831
f 1113/1385/832 1112/1384/832 1114/1387/832 1115/1388/832
f 1113/1386/833 1115/1389/833 1058/1324/833 1056/1322/833
f 1115/1388/834 1114/1387/834 1116/1390/834 1117/1391/834
f 1115/1389/835 1117/1392/835 1060/1326/835 1058/1324/835
f 1117/1391/836 1116/1390/836 1118/1393/836 1119/1394/836
f 1117/1392/837 1119/1395/837 1062/1328/837 1060/1326/837
f 1119/1395/838 1118/1396/838 1120/1397/838 1121/1398/838
f 1119/1395/839 1121/1398/839 1064/1330/839 1062/1328/839
f 1121/1398/840 1120/1397/840 1122/1399/840 1123/1400/840
f 1121/1398/841 1123/1400/841 1066/1332/841 1064/1330/841
f 1123/1400/842 1122/1399/842 1124/1401/842 1125/1402/842
f 1123/1400/843 1125/1402/843 1068/1334/843 1066/1332/843
f 1125/1402/844 1124/1401/844 1126/1403/844 1127/1404/844
f 1125/1402/845 1127/1404/845 1070/1336/845 1068/1334/845
f 1127/1405/846 1126/1406/846 1128/1407/846 1129/1408/846
f 1127/1404/847 1129/1409/847 1072/1338/847 1070/1336/847
f 1129/1408/848 1128/1407/848 1130/1410/848 1131/1411/848
f 1129/1409/849 1131/1412/849 1074/1340/849 1072/1338/849
f 1131/1411/850 1130/1410/850 1132/1413/850 1133/1414/850
f 1131/1412/851 1133/1415/851 1080/1346/851 1074/1340/851
f 1133/1414/852 1132/1413/852 1134/1416/852 1083/1417/852
f 1133/1415/853 1083/1349/853 1081/1347/853 1080/1346/853
f 1134/1416/854 1132/1413/854 1135/1418/854 1136/1419/854
f 1134/1420/855 1136/1421/855 1137/1422/855 1086/1423/855
f 1134/1424/856 1086/1352/856 1084/1350/856 1083/1349/856
f 1137/1422/857 1136/1421/857 1138/1425/857 1139/1426/857
f 1137/1422/858 1139/1426/858 1140/1427/858 1141/1428/858
f 1137/1422/859 1141/1428/859 1087/1355/859 1086/1423/859
f 1141/1428/860 1140/1427/860 1142/1429/860 1143/1430/860
f 1141/1428/861 1143/1430/861 1088/1356/861 1087/1355/861
f 1143/1431/862 1142/1432/862 1144/1433/862 1145/1434/862
f 1143/1430/863 1145/1435/863 1090/1436/863 1088/1356/863
f 1145/1434/864 1144/1433/864 1146/1437/864 1147/1438/864
f 1145/1434/865 1147/1438/865 1092/1362/865 1090/1360/865
f 1147/1438/866 1146/1437/866 1148/1439/866 1149/1440/866
f 1147/1438/867 1149/1440/867 1094/1364/867 1092/1362/867
f 1149/1440/868 1148/1439/868 1150/1441/868 1151/1442/868
f 1149/1440/869 1151/1442/869 1096/1366/869 1094/1364/869
f 1151/1442/870 1150/1441/870 1152/1443/870 1153/1444/870
f 1151/1442/871 1153/1444/871 1098/1368/871 1096/1366/871
f 1153/1444/872 1152/1443/872 1154/1445/872 1155/1446/872
f 1153/1444/873 1155/1446/873 1100/1370/873 1098/1368/873
f 1155/1446/874 1154/1445/874 1156/1447/874 1157/1448/874
f 1155/1446/875 1157/1448/875 1102/1372/875 1100/1370/875
f 1157/1448/876 1156/1447/876 1158/1449/876 1159/1450/876
f 1157/1448/877 1159/1450/877 1104/1374/877 1102/1372/877
f 1159/1451/878 1158/1452/878 1160/1453/878 1161/1454/878
f 1159/1451/879 1161/1454/879 1106/1455/879 1104/1456/879
f 1161/1454/880 1160/1453/880 1162/1457/880 1163/1458/880
f 1161/1454/881 1163/1458/881 1108/1459/881 1106/1455/881
f 1163/1458/882 1162/1457/882 1164/1460/882 1165/1461/882
f 1163/1462/883 1165/1463/883 1110/1380/883 1108/1378/883
f 1165/1464/884 1164/1465/884 1166/1466/884 1167/1467/884
f 1165/1464/885 1167/1467/885 1112/1384/885 1110/1383/885
f 1167/1467/886 1166/1466/886 1168/1468/886 1169/1469/886
f 1167/1467/887 1169/1469/887 1114/1387/887 1112/1384/887
f 1169/1469/888 1168/1468/888 1170/1470/888 1171/1471/888
f 1169/1469/889 1171/1471/889 1116/1390/889 1114/1387/889
f 1171/1471/890 1170/1470/890 1172/1472/890 1173/1473/890
f 1171/1471/891 1173/1473/891 1118/1393/891 1116/1390/891
f 1173/1473/892 1172/1472/892 1174/1474/892 1175/1475/892
f 1173/1473/893 1175/1475/893 1120/1476/893 1118/1393/893
f 1175/1475/894 1174/1474/894 1176/1477/894 1177/1478/894
f 1175/1475/895 1177/1478/895 1122/1479/895 1120/1476/895
f 1177/1478/896 1176/1477/896 1178/1480/896 1179/1481/896
f 1177/1478/897 1179/1481/897 1124/1482/897 1122/1479/897
f 1179/1481/898 1178/1480/898 1180/1483/898 1181/1484/898
f 1179/1481/899 1181/1484/899 1126/1406/899 1124/1482/899
f 1181/1484/900 1180/1483/900 1182/1485/900 1183/1486/900
f 1181/1484/901 1183/1486/901 1128/1407/901 1126/1406/901
f 1183/1486/902 1182/1485/902 1184/1487/902 1185/1488/902
f 1183/1486/903 1185/1488/903 1130/1410/903 1128/1407/903
f 1185/1488/904 1184/1487/904 1186/1489/904 1135/1418/904
f 1185/1488/905 1135/1418/905 1132/1413/905 1130/1410/905
f 1186/1489/906 1184/1487/906 1187/1490/906 1188/1491/906
f 1186/1492/907 1188/1493/907 1189/1494/907 1138/1425/907
f 1186/1492/908 1138/1425/908 1136/1421/908 1135/1495/908
f 1189/1496/909 1188/1491/909 1190/1497/909 1191/1498/909
f 1189/1496/910 1191/1498/910 1192/1499/910 1193/1500/910
f 1189/1494/911 1193/1501/911 1139/1426/911 1138/1425/911
f 1193/1502/912 1192/1503/912 1194/1504/912 1195/1505/912
f 1193/1502/913 1195/1505/913 1140/1506/913 1139/1507/913
f 1195/1505/914 1194/1504/914 1196/1508/914 1197/1509/914
f 1195/1505/915 1197/1509/915 1142/1432/915 1140/1506/915
f 1197/1509/916 1196/1508/916 1198/1510/916 1199/1511/916
f 1197/1509/917 1199/1511/917 1144/1433/917 1142/1432/917
f 1199/1511/918 1198/1510/918 1200/1512/918 1201/1513/918
f 1199/1511/919 1201/1513/919 1146/1437/919 1144/1433/919
f 1201/1513/920 1200/1512/920 1202/1514/920 1203/1515/920
f 1201/1513/921 1203/1515/921 1148/1439/921 1146/1437/921
f 1203/1515/922 1202/1514/922 1204/1516/922 1205/1517/922
f 1203/1515/923 1205/1517/923 1150/1441/923 1148/1439/923
f 1205/1517/924 1204/1516/924 1206/1518/924 1207/1519/924
f 1205/1517/925 1207/1519/925 1152/1443/925 1150/1441/925
f 1207/1519/926 1206/1518/926 1208/1520/926 1209/1521/926
f 1207/1519/927 1209/1521/927 1154/1445/927 1152/1443/927
f 1209/1521/928 1208/1520/928 1210/1522/928 1211/1523/928
f 1209/1521/929 1211/1523/929 1156/1447/929 1154/1445/929
f 1211/1523/930 1210/1522/930 1212/1524/930 1213/1525/930
f 1211/1523/931 1213/1525/931 1158/1449/931 1156/1447/931
f 1213/1525/932 1212/1524/932 1214/1526/932 1215/1527/932
f 1213/1525/933 1215/1527/933 1160/1528/933 1158/1449/933
f 1215/1527/934 1214/1526/934 1216/1529/934 1217/1530/934
f 1215/1527/935 1217/1530/935 1162/1531/935 1160/1528/935
f 1217/1530/936 1216/1529/936 1218/1532/936 1219/1533/936
f 1217/1534/937 1219/1535/937 1164/1460/937 1162/1457/937
f 1219/1536/938 1218/1537/938 1220/1538/938 1221/1539/938
f 1219/1535/939 1221/1540/939 1166/1541/939 1164/1460/939
f 1221/1539/940 1220/1538/940 1222/1542/940 1223/1543/940
f 1221/1539/941 1223/1543/941 1168/1468/941 1166/1466/941
f 1223/1543/942 1222/1542/942 1224/1544/942 1225/1545/942
f 1223/1543/943 1225/1545/943 1170/1470/943 1168/1468/943
f 1225/1545/944 1224/1544/944 1226/1546/944 1227/1547/944
f 1225/1545/945 1227/1547/945 1172/1472/945 1170/1470/945
f 1227/1547/946 1226/1546/946 1228/1548/946 1229/1549/946
f 1227/1547/947 1229/1549/947 1174/1474/947 1172/1472/947
f 1229/1549/948 1228/1548/948 1230/1550/948 1231/1551/948
f 1229/1549/949 1231/1551/949 1176/1477/949 1174/1474/949
f 1231/1551/950 1230/1550/950 1232/1552/950 1233/1553/950
f 1231/1551/951 1233/1553/951 1178/1480/951 1176/1477/951
f 1233/1553/952 1232/1552/952 1234/1554/952 1235/1555/952
f 1233/1553/953 1235/1555/953 1180/1483/953 1178/1480/953
f 1235/1555/954 1234/1554/954 1236/1556/954 1237/1557/954
f 1235/1555/955 1237/1557/955 1182/1485/955 1180/1483/955
f 1237/1557/956 1236/1556/956 1238/1558/956 1187/1490/956
f 1237/1557/957 1187/1490/957 1184/1487/957 1182/1485/957
f 1238/1558/958 1236/1556/958 1239/1559/958 1240/1560/958
f 1238/1558/959 1240/1560/959 1241/1561/959 1190/1497/959
f 1238/1558/960 1190/1497/960 1188/1491/960 1187/1490/960
f 1241/1561/961 1240/1560/961 1242/1562/961 1243/1563/961
f 1241/1561/962 1243/1563/962 1244/1564/962 1245/1565/962
f 1241/1561/963 1245/1565/963 1191/1498/963 1190/1497/963
f 1245/1565/964 1244/1564/964 1246/1566/964 1247/1567/964
f 1245/1565/965 1247/1567/965 1192/1499/965 1191/1498/965
f 1247/1568/966 1246/1569/966 1248/1570/966 1249/1571/966
f 1247/1568/967 1249/1571/967 1194/1504/967 1192/1503/967
f 1249/1571/968 1248/1570/968 1250/1572/968 1251/1573/968
f 1249/1571/969 1251/1573/969 1196/1508/969 1194/1504/969
f 1251/1573/970 1250/1572/970 1252/1574/970 1253/1575/970
f 1251/1573/971 1253/1575/971 1198/1510/971 1196/1508/971
f 1253/1575/972 1252/1574/972 1254/1576/972 1255/1577/972
f 1253/1575/973 1255/1577/973 1200/1512/973 1198/1510/973
f 1255/1577/974 1254/1576/974 1256/1578/974 1257/1579/974
f 1255/1577/975 1257/1579/975 1202/1514/975 1200/1512/975
f 1257/1579/976 1256/1578/976 1258/1580/976 1259/1581/976
f 1257/1579/977 1259/1581/977 1204/1516/977 1202/1514/977
f 1259/1581/978 1258/1580/978 1260/1582/978 1261/1583/978
f 1259/1581/979 1261/1583/979 1206/1518/979 1204/1516/979
f 1261/1583/980 1260/1582/980 1262/1584/980 1263/1585/980
f 1261/1583/981 1263/1585/981 1208/1520/981 1206/1518/981
f 1263/1585/982 1262/1584/982 1264/1586/982 1265/1587/982
f 1263/1585/983 1265/1587/983 1210/1522/983 1208/1520/983
f 1265/1587/984 1264/1586/984 1266/1588/984 1267/1589/984
f 1265/1587/985 1267/1589/985 1212/1524/985 1210/1522/985
f 1267/1589/986 1266/1588/986 1268/1590/986 1269/1591/986
f 1267/1589/987 1269/1591/987 1214/1526/987 1212/1524/987
f 1269/1591/988 1268/1590/988 1270/1592/988 1271/1593/988
f 1269/1591/989 1271/1593/989 1216/1529/989 1214/1526/989
f 1271/1594/990 1270/1595/990 1272/1596/990 1273/1597/990
f 1271/1594/991 1273/1597/991 1218/1537/991 1216/1598/991
f 1273/1597/992 1272/1596/992 1274/1599/992 1275/1600/992
f 1273/1597/993 1275/1600/993 1220/1538/993 1218/1537/993
f 1275/1600/994 1274/1599/994 1276/1601/994 1277/1602/994
f 1275/1600/995 1277/1602/995 1222/1542/995 1220/1538/995
f 1277/1602/996 1276/1601/996 1278/1603/996 1279/1604/996
f 1277/1602/997 1279/1604/997 1224/1544/997 1222/1542/997
f 1279/1604/998 1278/1603/998 1280/1605/998 1281/1606/998
f 1279/1604/999 1281/1606/999 1226/1546/999 1224/1544/999
f 1281/1606/1000 1280/1605/1000 1282/1607/1000 1283/1608/1000
f 1281/1606/1001 1283/1608/1001 1228/1548/1001 1226/1546/1001
f 1283/1608/1002 1282/1607/1002 1284/1609/1002 1285/1610/1002
f 1283/1608/1003 1285/1610/1003 1230/1550/1003 1228/1548/1003
f 1285/1610/1004 1284/1609/1004 1286/1611/1004 1287/1612/1004
f 1285/1610/1005 1287/1612/1005 1232/1552/1005 1230/1550/1005
f 1287/1612/1006 1286/1611/1006 1288/1613/1006 1289/1614/1006
f 1287/1612/1007 1289/1614/1007 1234/1554/1007 1232/1552/1007
f 1289/1614/1008 1288/1613/1008 1290/1615/1008 1239/1559/1008
f 1289/1614/1009 1239/1559/1009 1236/1556/1009 1234/1554/1009
f 1290/1615/1010 1288/1613/1010 1291/1616/1010 1292/1617/1010
f 1290/1615/1011 1292/1617/1011 1293/1618/1011 1242/1562/1011
f 1290/1615/1012 1242/1562/1012 1240/1560/1012 1239/1559/1012
f 1293/1618/1013 1292/1617/1013 1294/1619/1013 1295/1620/1013
f 1293/1618/1014 1295/1620/1014 1296/1621/1014 1297/1622/1014
f 1293/1618/1015 1297/1622/1015 1243/1563/1015 1242/1562/1015
f 1297/1622/1016 1296/1621/1016 1298/1623/1016 1299/1624/1016
f 1297/1622/1017 1299/1624/1017 1244/1564/1017 1243/1563/1017
f 1299/1624/1018 1298/1623/1018 1300/1625/1018 1301/1626/1018
f 1299/1624/1019 1301/1626/1019 1246/1566/1019 1244/1564/1019
f 1301/1627/1020 1300/1628/1020 1302/1629/1020 1303/1630/1020
f 1301/1627/1021 1303/1630/1021 1248/1570/1021 1246/1569/1021
f 1303/1630/1022 1302/1629/1022 1304/1631/1022 1305/1632/1022
f 1303/1630/1023 1305/1632/1023 1250/1572/1023 1248/1570/1023
f 1305/1632/1024 1304/1631/1024 1306/1633/1024 1307/1634/1024
f 1305/1632/1025 1307/1634/1025 1252/1574/1025 1250/1572/1025
f 1307/1634/1026 1306/1633/1026 1308/1635/1026 1309/1636/1026
f 1307/1634/1027 1309/1636/1027 1254/1576/1027 1252/1574/1027
f 1309/1636/1028 1308/1635/1028 1310/1637/1028 1311/1638/1028
f 1309/1636/1029 1311/1638/1029 1256/1578/1029 1254/1576/1029
f 1311/1638/1030 1310/1637/1030 1312/1639/1030 1313/1640/1030
f 1311/1638/1031 1313/1640/1031 1258/1580/1031 1256/1578/1031
f 1313/1640/1032 1312/1639/1032 1314/1641/1032 1315/1642/1032
f 1313/1640/1033 1315/1642/1033 1260/1582/1033 1258/1580/1033
f 1315/1642/1034 1314/1641/1034 1316/1643/1034 1317/1644/1034
f 1315/1642/1035 1317/1644/1035 1262/1584/1035 1260/1582/1035
f 1317/1644/1036 1316/1643/1036 1318/1645/1036 1319/1646/1036
f 1317/1644/1037 1319/1646/1037 1264/1586/1037 1262/1584/1037
f 1319/1646/1038 1318/1645/1038 1320/1647/1038 1321/1648/1038
f 1319/1646/1039 1321/1648/1039 1266/1588/1039 1264/1586/1039
f 1321/1648/1040 1320/1647/1040 1322/1649/1040 1323/1650/1040
f 1321/1648/1041 1323/1650/1041 1268/1590/1041 1266/1588/1041
f 1323/1650/1042 1322/1649/1042 1324/1651/1042 1325/1652/1042
f 1323/1650/1043 1325/1652/1043 1270/1592/1043 1268/1590/1043
f 1325/1653/1044 1324/1654/1044 1326/1655/1044 1327/1656/1044
f 1325/1653/1045 1327/1656/1045 1272/1596/1045 1270/1595/1045
f 1327/1656/1046 1326/1655/1046 1328/1657/1046 1329/1658/1046
f 1327/1656/1047 1329/1658/1047 1274/1599/1047 1272/1596/1047
f 1329/1658/1048 1328/1657/1048 1330/1659/1048 1331/1660/1048
f 1329/1658/1049 1331/1660/1049 1276/1601/1049 1274/1599/1049
f 1331/1660/1050 1330/1659/1050 1332/1661/1050 1333/1662/1050
f 1331/1660/1051 1333/1662/1051 1278/1603/1051 1276/1601/1051
f 1333/1662/1052 1332/1661/1052 1334/1663/1052 1335/1664/1052
f 1333/1662/1053 1335/1664/1053 1280/1605/1053 1278/1603/1053
f 1335/1664/1054 1334/1663/1054 1336/1665/1054 1337/1666/1054
f 1335/1664/1055 1337/1666/1055 1282/1607/1055 1280/1605/1055
f 1337/1666/1056 1336/1665/1056 1338/1667/1056 1339/1668/1056
f 1337/1666/1057 1339/1668/1057 1284/1609/1057 1282/1607/1057
f 1339/1668/1058 1338/1667/1058 1340/1669/1058 1341/1670/1058
f 1339/1668/1059 1341/1670/1059 1286/1611/1059 1284/1609/1059
f 1341/1670/1060 1340/1669/1060 1342/1671/1060 1291/1616/1060
f 1341/1670/1061 1291/1616/1061 1288/1613/1061 1286/1611/1061
f 1342/1671/1062 1340/1669/1062 1343/1672/1062 1344/1673/1062
f 1342/1671/1063 1344/1673/1063 1345/1674/1063 1294/1619/1063
f 1342/1671/1064 1294/1619/1064 1292/1617/1064 1291/1616/1064
f 1345/1674/1065 1344/1673/1065 1346/1675/1065 1347/1676/1065
f 1345/1674/1066 1347/1676/1066 1348/1677/1066 1349/1678/1066
f 1345/1674/1067 1349/1678/1067 1295/1620/1067 1294/1619/1067
f 1349/1678/1068 1348/1677/1068 1350/1679/1068 1351/1680/1068
f 1349/1678/1069 1351/1680/1069 1296/1621/1069 1295/1620/1069
f 1351/1680/1070 1350/1679/1070 1352/1681/1070 1353/1682/1070
f 1351/1680/1071 1353/1682/1071 1298/1623/1071 1296/1621/1071
f 1353/1682/1072 1352/1681/1072 1354/1683/1072 1355/1684/1072
f 1353/1682/1073 1355/1684/1073 1300/1625/1073 1298/1623/1073
f 1355/1685/1074 1354/1686/1074 1356/1687/1074 1357/1688/1074
f 1355/1685/1075 1357/1688/1075 1302/1629/1075 1300/1628/1075
f 1357/1688/1076 1356/1687/1076 1358/1689/1076 1359/1690/1076
f 1357/1688/1077 1359/1690/1077 1304/1631/1077 1302/1629/1077
f 1359/1690/1078 1358/1689/1078 1360/1691/1078 1361/1692/1078
f 1359/1690/1079 1361/1692/1079 1306/1633/1079 1304/1631/1079
f 1361/1692/1080 1360/1691/1080 1362/1693/1080 1363/1694/1080
f 1361/1692/1081 1363/1694/1081 1308/1635/1081 1306/1633/1081
f 1363/1694/1082 1362/1693/1082 1364/1695/1082 1365/1696/1082
f 1363/1694/1083 1365/1696/1083 1310/1637/1083 1308/1635/1083
f 1365/1696/1084 1364/1695/1084 1366/1697/1084 1367/1698/1084
f 1365/1696/1085 1367/1698/1085 1312/1639/1085 1310/1637/1085
f 1367/1698/1086 1366/1697/1086 1368/1699/1086 1369/1700/1086
f 1367/1698/1087 1369/1700/1087 1314/1641/1087 1312/1639/1087
f 1369/1700/1088 1368/1699/1088 1370/1701/1088 1371/1702/1088
f 1369/1700/1089 1371/1702/1089 1316/1643/1089 1314/1641/1089
f 1371/1702/1090 1370/1701/1090 1372/1703/1090 1373/1704/1090
f 1371/1702/1091 1373/1704/1091 1318/1645/1091 1316/1643/1091
f 1373/1704/1092 1372/1703/1092 1374/1705/1092 1375/1706/1092
f 1373/1704/1093 1375/1706/1093 1320/1647/1093 1318/1645/1093
f 1375/1706/1094 1374/1705/1094 1376/1707/1094 1377/1708/1094
f 1375/1706/1095 1377/1708/1095 1322/1649/1095 1320/1647/1095
f 1377/1709/1096 1376/1710/1096 1378/1711/1096 1379/1712/1096
f 1377/1708/1097 1379/1713/1097 1324/1651/1097 1322/1649/1097
f 1379/1712/1098 1378/1711/1098 1380/1714/1098 1381/1715/1098
f 1379/1712/1099 1381/1715/1099 1326/1655/1099 1324/1654/1099
f 1381/1715/1100 1380/1714/1100 1382/1716/1100 1383/1717/1100
f 1381/1715/1101 1383/1717/1101 1328/1657/1101 1326/1655/1101
f 1383/1717/1102 1382/1716/1102 1384/1718/1102 1385/1719/1102
f 1383/1717/1103 1385/1719/1103 1330/1659/1103 1328/1657/1103
f 1385/1719/1104 1384/1718/1104 1386/1720/1104 1387/1721/1104
f 1385/1719/1105 1387/1721/1105 1332/1661/1105 1330/1659/1105
f 1387/1721/1106 1386/1720/1106 1388/1722/1106 1389/1723/1106
f 1387/1721/1107 1389/1723/1107 1334/1663/1107 1332/1661/1107
f 1389/1723/1108 1388/1722/1108 1390/1724/1108 1391/1725/1108
f 1389/1723/1109 1391/1725/1109 1336/1665/1109 1334/1663/1109
f 1391/1725/1110 1390/1724/1110 1392/1726/1110 1393/1727/1110
f 1391/1725/1111 1393/1727/1111 1338/1667/1111 1336/1665/1111
f 1393/1727/1112 1392/1726/1112 1394/1728/1112 1343/1672/1112
f 1393/1727/1113 1343/1672/1113 1340/1669/1113 1338/1667/1113
f 1394/1729/1114 1392/1730/1114 1395/1731/1114 1396/1732/1114
f 1394/1729/1115 1396/1732/1115 1397/1733/1115 1346/1734/1115
f 1394/1728/1116 1346/1675/1116 1344/1673/1116 1343/1672/1116
f 1397/1733/1117 1396/1732/1117 1398/1735/1117 1399/1736/1117
f 1397/1733/1118 1399/1736/1118 1400/1737/1118 1401/1738/1118
f 1397/1733/1119 1401/1738/1119 1347/1739/1119 1346/1734/1119
f 1401/1740/1120 1400/1741/1120 1402/1742/1120 1403/1743/1120
f 1401/1738/1121 1403/1744/1121 1348/1745/1121 1347/1739/1121
f 1403/1743/1122 1402/1742/1122 1404/1746/1122 1405/1747/1122
f 1403/1744/1123 1405/1748/1123 1350/1749/1123 1348/1745/1123
f 1405/1747/1124 1404/1746/1124 1406/1750/1124 1407/1751/1124
f 1405/1752/1125 1407/1753/1125 1352/1681/1125 1350/1679/1125
f 1407/1751/1126 1406/1750/1126 1408/1754/1126 1409/1755/1126
f 1407/1753/1127 1409/1756/1127 1354/1683/1127 1352/1681/1127
f 1409/1755/1128 1408/1754/1128 1410/1757/1128 1411/1758/1128
f 1409/1759/1129 1411/1760/1129 1356/1687/1129 1354/1686/1129
f 1411/1761/1130 1410/1762/1130 1412/1763/1130 1413/1764/1130
f 1411/1760/1131 1413/1765/1131 1358/1689/1131 1356/1687/1131
f 1413/1764/1132 1412/1763/1132 1414/1766/1132 1415/1767/1132
f 1413/1765/1133 1415/1768/1133 1360/1691/1133 1358/1689/1133
f 1415/1767/1134 1414/1766/1134 1416/1769/1134 1417/1770/1134
f 1415/1767/1135 1417/1770/1135 1362/1771/1135 1360/1772/1135
f 1417/1770/1136 1416/1769/1136 1418/1773/1136 1419/1774/1136
f 1417/1770/1137 1419/1774/1137 1364/1775/1137 1362/1771/1137
f 1419/1774/1138 1418/1773/1138 1420/1776/1138 1421/1777/1138
f 1419/1774/1139 1421/1777/1139 1366/1778/1139 1364/1775/1139
f 1421/1777/1140 1420/1776/1140 1422/1779/1140 1423/1780/1140
f 1421/1777/1141 1423/1780/1141 1368/1781/1141 1366/1778/1141
f 1423/1780/1142 1422/1779/1142 1424/1782/1142 1425/1783/1142
f 1423/1780/1143 1425/1783/1143 1370/1784/1143 1368/1781/1143
f 1425/1783/1144 1424/1782/1144 1426/1785/1144 1427/1786/1144
f 1425/1783/1145 1427/1786/1145 1372/1787/1145 1370/1784/1145
f 1427/1786/1146 1426/1785/1146 1428/1788/1146 1429/1789/1146
f 1427/1790/1147 1429/1791/1147 1374/1705/1147 1372/1703/1147
f 1429/1792/1148 1428/1793/1148 1430/1794/1148 1431/1795/1148
f 1429/1796/1149 1431/1797/1149 1376/1710/1149 1374/1798/1149
f 1431/1795/1150 1430/1794/1150 1432/1799/1150 1433/1800/1150
f 1431/1797/1151 1433/1801/1151 1378/1711/1151 1376/1710/1151
f 1433/1800/1152 1432/1799/1152 1434/1802/1152 1435/1803/1152
f 1433/1801/1153 1435/1804/1153 1380/1714/1153 1378/1711/1153
f 1435/1803/1154 1434/1802/1154 1436/1805/1154 1437/1806/1154
f 1435/1804/1155 1437/1807/1155 1382/1716/1155 1380/1714/1155
f 1437/1806/1156 1436/1805/1156 1438/1808/1156 1439/1809/1156
f 1437/1810/1157 1439/1811/1157 1384/1812/1157 1382/1813/1157
f 1439/1809/1158 1438/1808/1158 1440/1814/1158 1441/1815/1158
f 1439/1811/1159 1441/1816/1159 1386/1817/1159 1384/1812/1159
f 1441/1816/1160 1440/1818/1160 1442/1819/1160 1443/1820/1160
f 1441/1816/1161 1443/1820/1161 1388/1821/1161 1386/1817/1161
f 1443/1820/1162 1442/1819/1162 1444/1822/1162 1445/1823/1162
f 1443/1820/1163 1445/1823/1163 1390/1824/1163 1388/1821/1163
f 1445/1823/1164 1444/1822/1164 1446/1825/1164 1395/1731/1164
f 1445/1823/1165 1395/1731/1165 1392/1730/1165 1390/1824/1165
f 1446/1826/1166 1444/1827/1166 1447/1828/1166 1448/1829/1166
f 1446/1826/1167 1448/1829/1167 1449/1830/1167 1398/1831/1167
f 1446/1825/1168 1398/1735/1168 1396/1732/1168 1395/1731/1168
f 1449/1830/1169 1448/1829/1169 1450/1832/1169 1451/1833/1169
f 1449/1830/1170 1451/1833/1170 1452/1834/1170 1453/1835/1170
f 1449/1830/1171 1453/1835/1171 1399/1836/1171 1398/1831/1171
f 1453/1835/1172 1452/1834/1172 1454/1837/1172 1455/1838/1172
f 1453/1839/1173 1455/1840/1173 1400/1737/1173 1399/1736/1173
f 1455/1841/1174 1454/1842/1174 1456/1843/1174 1457/1844/1174
f 1455/1841/1175 1457/1844/1175 1402/1742/1175 1400/1741/1175
f 1457/1844/1176 1456/1843/1176 1458/1845/1176 1459/1846/1176
f 1457/1844/1177 1459/1846/1177 1404/1746/1177 1402/1742/1177
f 1459/1846/1178 1458/1845/1178 1460/1847/1178 1461/1848/1178
f 1459/1846/1179 1461/1848/1179 1406/1750/1179 1404/1746/1179
f 1461/1848/1180 1460/1847/1180 1462/1849/1180 1463/1850/1180
f 1461/1848/1181 1463/1850/1181 1408/1754/1181 1406/1750/1181
f 1463/1850/1182 1462/1849/1182 1464/1851/1182 1465/1852/1182
f 1463/1850/1183 1465/1852/1183 1410/1757/1183 1408/1754/1183
f 1465/1852/1184 1464/1851/1184 1466/1853/1184 1467/1854/1184
f 1465/1852/1185 1467/1854/1185 1412/1855/1185 1410/1757/1185
f 1467/1854/1186 1466/1853/1186 1468/1856/1186 1469/1857/1186
f 1467/1854/1187 1469/1857/1187 1414/1858/1187 1412/1855/1187
f 1469/1859/1188 1468/1860/1188 1470/1861/1188 1471/1862/1188
f 1469/1857/1189 1471/1863/1189 1416/1864/1189 1414/1858/1189
f 1471/1862/1190 1470/1861/1190 1472/1865/1190 1473/1866/1190
f 1471/1867/1191 1473/1868/1191 1418/1773/1191 1416/1769/1191
f 1473/1866/1192 1472/1865/1192 1474/1869/1192 1475/1870/1192
f 1473/1866/1193 1475/1870/1193 1420/1871/1193 1418/1872/1193
f 1475/1870/1194 1474/1869/1194 1476/1873/1194 1477/1874/1194
f 1475/1870/1195 1477/1874/1195 1422/1875/1195 1420/1871/1195
f 1477/1874/1196 1476/1873/1196 1478/1876/1196 1479/1877/1196
f 1477/1874/1197 1479/1877/1197 1424/1878/1197 1422/1875/1197
f 1479/1877/1198 1478/1876/1198 1480/1879/1198 1481/1880/1198
f 1479/1877/1199 1481/1880/1199 1426/1881/1199 1424/1878/1199
f 1481/1882/1200 1480/1883/1200 1482/1884/1200 1483/1885/1200
f 1481/1882/1201 1483/1885/1201 1428/1793/1201 1426/1886/1201
f 1483/1885/1202 1482/1884/1202 1484/1887/1202 1485/1888/1202
f 1483/1885/1203 1485/1888/1203 1430/1794/1203 1428/1793/1203
f 1485/1888/1204 1484/1887/1204 1486/1889/1204 1487/1890/1204
f 1485/1888/1205 1487/1890/1205 1432/1799/1205 1430/1794/1205
f 1487/1890/1206 1486/1889/1206 1488/1891/1206 1489/1892/1206
f 1487/1890/1207 1489/1892/1207 1434/1802/1207 1432/1799/1207
f 1489/1892/1208 1488/1891/1208 1490/1893/1208 1491/1894/1208
f 1489/1892/1209 1491/1894/1209 1436/1805/1209 1434/1802/1209
f 1491/1894/1210 1490/1893/1210 1492/1895/1210 1493/1896/1210
f 1491/1894/1211 1493/1896/1211 1438/1808/1211 1436/1805/1211
f 1493/1896/1212 1492/1895/1212 1494/1897/1212 1495/1898/1212
f 1493/1896/1213 1495/1898/1213 1440/1814/1213 1438/1808/1213
f 1495/1899/1214 1494/1900/1214 1496/1901/1214 1497/1902/1214
f 1495/1899/1215 1497/1902/1215 1442/1903/1215 1440/1904/1215
f 1497/1902/1216 1496/1901/1216 1498/1905/1216 1447/1828/1216
f 1497/1902/1217 1447/1828/1217 1444/1827/1217 1442/1903/1217
f 1498/1905/1218 1496/1901/1218 1499/1906/1218 1500/1907/1218
f 1498/1905/1219 1500/1907/1219 1501/1908/1219 1450/1832/1219
f 1498/1905/1220 1450/1832/1220 1448/1829/1220 1447/1828/1220
f 1501/1908/1221 1500/1907/1221 1502/1909/1221 1503/1910/1221
f 1501/1908/1222 1503/1910/1222 1504/1911/1222 1505/1912/1222
f 1501/1908/1223 1505/1912/1223 1451/1833/1223 1450/1832/1223
f 1505/1912/1224 1504/1911/1224 1506/1913/1224 1507/1914/1224
f 1505/1912/1225 1507/1914/1225 1452/1834/1225 1451/1833/1225
f 1507/1914/1226 1506/1913/1226 1508/1915/1226 1509/1916/1226
f 1507/1914/1227 1509/1916/1227 1454/1837/1227 1452/1834/1227
f 1509/1917/1228 1508/1918/1228 1510/1919/1228 1511/1920/1228
f 1509/1917/1229 1511/1920/1229 1456/1843/1229 1454/1842/1229
f 1511/1920/1230 1510/1919/1230 1512/1921/1230 1513/1922/1230
f 1511/1920/1231 1513/1922/1231 1458/1845/1231 1456/1843/1231
f 1513/1922/1232 1512/1921/1232 1514/1923/1232 1515/1924/1232
f 1513/1922/1233 1515/1924/1233 1460/1847/1233 1458/1845/1233
f 1515/1924/1234 1514/1923/1234 1516/1925/1234 1517/1926/1234
f 1515/1924/1235 1517/1926/1235 1462/1849/1235 1460/1847/1235
f 1517/1926/1236 1516/1925/1236 1518/1927/1236 1519/1928/1236
f 1517/1926/1237 1519/1928/1237 1464/1851/1237 1462/1849/1237
f 1519/1928/1238 1518/1927/1238 1520/1929/1238 1521/1930/1238
f 1519/1928/1239 1521/1930/1239 1466/1853/1239 1464/1851/1239
f 1521/1930/1240 1520/1929/1240 1522/1931/1240 1523/1932/1240
f 1521/1930/1241 1523/1932/1241 1468/1856/1241 1466/1853/1241
f 1523/1933/1242 1522/1934/1242 1524/1935/1242 1525/1936/1242
f 1523/1933/1243 1525/1936/1243 1470/1861/1243 1468/1860/1243
f 1525/1936/1244 1524/1935/1244 1526/1937/1244 1527/1938/1244
f 1525/1936/1245 1527/1938/1245 1472/1865/1245 1470/1861/1245
f 1527/1938/1246 1526/1937/1246 1528/1939/1246 1529/1940/1246
f 1527/1938/1247 1529/1940/1247 1474/1869/1247 1472/1865/1247
f 1529/1940/1248 1528/1939/1248 1530/1941/1248 1531/1942/1248
f 1529/1940/1249 1531/1942/1249 1476/1873/1249 1474/1869/1249
f 1531/1942/1250 1530/1941/1250 1532/1943/1250 1533/1944/1250
f 1531/1942/1251 1533/1944/1251 1478/1876/1251 1476/1873/1251
f 1533/1944/1252 1532/1943/1252 1534/1945/1252 1535/1946/1252
f 1533/1944/1253 1535/1946/1253 1480/1879/1253 1478/1876/1253
f 1535/1947/1254 1534/1948/1254 1536/1949/1254 1537/1950/1254
f 1535/1947/1255 1537/1950/1255 1482/1884/1255 1480/1883/1255
f 1537/1950/1256 1536/1949/1256 1538/1951/1256 1539/1952/1256
f 1537/1950/1257 1539/1952/1257 1484/1887/1257 1482/1884/1257
f 1539/1952/1258 1538/1951/1258 1540/1953/1258 1541/1954/1258
f 1539/1952/1259 1541/1954/1259 1486/1889/1259 1484/1887/1259
f 1541/1954/1260 1540/1953/1260 1542/1955/1260 1543/1956/1260
f 1541/1954/1261 1543/1956/1261 1488/1891/1261 1486/1889/1261
f 1543/1956/1262 1542/1955/1262 1544/1957/1262 1545/1958/1262
f 1543/1956/1263 1545/1958/1263 1490/1893/1263 1488/1891/1263
f 1545/1958/1264 1544/1957/1264 1546/1959/1264 1547/1960/1264
f 1545/1958/1265 1547/1960/1265 1492/1895/1265 1490/1893/1265
f 1547/1960/1266 1546/1959/1266 1548/1961/1266 1549/1962/1266
f 1547/1960/1267 1549/1962/1267 1494/1897/1267 1492/1895/1267
f 1549/1963/1268 1548/1964/1268 1550/1965/1268 1499/1906/1268
f 1549/1963/1269 1499/1906/1269 1496/1901/1269 1494/1900/1269
f 1550/1966/1270 1548/1967/1270 1551/1968/1270 1552/1969/1270
f 1550/1966/1271 1552/1969/1271 1553/1970/1271 1502/1971/1271
f 1550/1965/1272 1502/1909/1272 1500/1907/1272 1499/1906/1272
f 1553/1970/1273 1552/1969/1273 1554/1972/1273 1555/1973/1273
f 1553/1970/1274 1555/1973/1274 1556/1974/1274 1557/1975/1274
f 1553/1970/1275 1557/1975/1275 1503/1976/1275 1502/1971/1275
f 1557/1975/1276 1556/1974/1276 1558/1977/1276 1559/1978/1276
f 1557/1975/1277 1559/1978/1277 1504/1979/1277 1503/1976/1277
f 1559/1978/1278 1558/1977/1278 1560/1980/1278 1561/1981/1278
f 1559/1978/1279 1561/1981/1279 1506/1982/1279 1504/1979/1279
f 1561/1981/1280 1560/1980/1280 1562/1983/1280 1563/1984/1280
f 1561/1981/1281 1563/1984/1281 1508/1985/1281 1506/1982/1281
f 1563/1986/1282 1562/1987/1282 1564/1988/1282 1565/1989/1282
f 1563/1986/1283 1565/1989/1283 1510/1919/1283 1508/1918/1283
f 1565/1989/1284 1564/1988/1284 1566/1990/1284 1567/1991/1284
f 1565/1989/1285 1567/1991/1285 1512/1921/1285 1510/1919/1285
f 1567/1991/1286 1566/1990/1286 1568/1992/1286 1569/1993/1286
f 1567/1991/1287 1569/1993/1287 1514/1923/1287 1512/1921/1287
f 1569/1993/1288 1568/1992/1288 1570/1994/1288 1571/1995/1288
f 1569/1993/1289 1571/1995/1289 1516/1925/1289 1514/1923/1289
f 1571/1995/1290 1570/1994/1290 1572/1996/1290 1573/1997/1290
f 1571/1995/1291 1573/1997/1291 1518/1927/1291 1516/1925/1291
f 1573/1997/1292 1572/1996/1292 1574/1998/1292 1575/1999/1292
f 1573/1997/1293 1575/1999/1293 1520/1929/1293 1518/1927/1293
f 1575/1999/1294 1574/1998/1294 1576/2000/1294 1577/2001/1294
f 1575/1999/1295 1577/2001/1295 1522/1931/1295 1520/1929/1295
f 1577/2002/1296 1576/2003/1296 1578/2004/1296 1579/2005/1296
f 1577/2002/1297 1579/2005/1297 1524/1935/1297 1522/1934/1297
f 1579/2005/1298 1578/2004/1298 1580/2006/1298 1581/2007/1298
f 1579/2005/1299 1581/2007/1299 1526/1937/1299 1524/1935/1299
f 1581/2007/1300 1580/2006/1300 1582/2008/1300 1583/2009/1300
f 1581/2007/1301 1583/2009/1301 1528/1939/1301 1526/1937/1301
f 1583/2009/1302 1582/2008/1302 1584/2010/1302 1585/2011/1302
f 1583/2009/1303 1585/2011/1303 1530/1941/1303 1528/1939/1303
f 1585/2011/1304 1584/2010/1304 1586/2012/1304 1587/2013/1304
f 1585/2011/1305 1587/2013/1305 1532/1943/1305 1530/1941/1305
f 1587/2013/1306 1586/2012/1306 1588/2014/1306 1589/2015/1306
f 1587/2013/1307 1589/2015/1307 1534/1945/1307 1532/1943/1307
f 1589/2016/1308 1588/2017/1308 1590/2018/1308 1591/2019/1308
f 1589/2016/1309 1591/2019/1309 1536/1949/1309 1534/1948/1309
f 1591/2019/1310 1590/2018/1310 1592/2020/1310 1593/2021/1310
f 1591/2019/1311 1593/2021/1311 1538/1951/1311 1536/1949/1311
f 1593/2021/1312 1592/2020/1312 1594/2022/1312 1595/2023/1312
f 1593/2021/1313 1595/2023/1313 1540/1953/1313 1538/1951/1313
f 1595/2023/1314 1594/2022/1314 1596/2024/1314 1597/2025/1314
f 1595/2023/1315 1597/2025/1315 1542/1955/1315 1540/1953/1315
f 1597/2025/1316 1596/2024/1316 1598/2026/1316 1599/2027/1316
f 1597/2025/1317 1599/2027/1317 1544/1957/1317 1542/1955/1317
f 1599/2027/1318 1598/2026/1318 1600/2028/1318 1601/2029/1318
f 1599/2027/1319 1601/2029/1319 1546/1959/1319 1544/1957/1319
f 1601/2029/1320 1600/2028/1320 1602/2030/1320 1551/2031/1320
f 1601/2029/1321 1551/2031/1321 1548/1961/1321 1546/1959/1321
f 1602/2030/1322 1600/2028/1322 1603/2032/1322 1604/2033/1322
f 1602/2034/1323 1604/2035/1323 1605/2036/1323 1554/1972/1323
f 1602/2034/1324 1554/1972/1324 1552/1969/1324 1551/1968/1324
f 1605/2036/1325 1604/2035/1325 1606/2037/1325 1607/2038/1325
f 1605/2036/1326 1607/2038/1326 1608/2039/1326 1609/2040/1326
f 1605/2036/1327 1609/2040/1327 1555/1973/1327 1554/1972/1327
f 1609/2040/1328 1608/2039/1328 1610/2041/1328 1611/2042/1328
f 1609/2040/1329 1611/2042/1329 1556/1974/1329 1555/1973/1329
f 1611/2042/1330 1610/2041/1330 1612/2043/1330 1613/2044/1330
f 1611/2042/1331 1613/2044/1331 1558/1977/1331 1556/1974/1331
f 1613/2044/1332 1612/2043/1332 1614/2045/1332 1615/2046/1332
f 1613/2044/1333 1615/2046/1333 1560/1980/1333 1558/1977/1333
f 1615/2046/1334 1614/2045/1334 1616/2047/1334 1617/2048/1334
f 1615/2046/1335 1617/2048/1335 1562/1983/1335 1560/1980/1335
f 1617/2048/1336 1616/2047/1336 1618/2049/1336 1619/2050/1336
f 1617/2051/1337 1619/2052/1337 1564/1988/1337 1562/1987/1337
f 1619/2052/1338 1618/2053/1338 1620/2054/1338 1621/2055/1338
f 1619/2052/1339 1621/2055/1339 1566/1990/1339 1564/1988/1339
f 1621/2055/1340 1620/2054/1340 1622/2056/1340 1623/2057/1340
f 1621/2055/1341 1623/2057/1341 1568/1992/1341 1566/1990/1341
f 1623/2057/1342 1622/2056/1342 1624/2058/1342 1625/2059/1342
f 1623/2057/1343 1625/2059/1343 1570/1994/1343 1568/1992/1343
f 1625/2059/1344 1624/2058/1344 1626/2060/1344 1627/2061/1344
f 1625/2059/1345 1627/2061/1345 1572/1996/1345 1570/1994/1345
f 1627/2061/1346 1626/2060/1346 1628/2062/1346 1629/2063/1346
f 1627/2061/1347 1629/2063/1347 1574/1998/1347 1572/1996/1347
f 1629/2063/1348 1628/2062/1348 77/2064/1348 1630/2065/1348
f 1629/2063/1349 1630/2065/1349 1576/2000/1349 1574/1998/1349
f 1630/2065/1350 77/2064/1350 76/2066/1350 1631/2067/1350
f 1630/2068/1351 1631/2069/1351 1578/2004/1351 1576/2003/1351
f 1631/2070/1352 76/2071/1352 1632/2072/1352 1633/2073/1352
f 1631/2070/1353 1633/2073/1353 1580/2074/1353 1578/2075/1353
f 1633/2073/1354 1632/2072/1354 1634/2076/1354 1635/2077/1354
f 1633/2073/1355 1635/2077/1355 1582/2078/1355 1580/2074/1355
f 1635/2077/1356 1634/2076/1356 104/2079/1356 1636/2080/1356
f 1635/2077/1357 1636/2080/1357 1584/2081/1357 1582/2078/1357
f 1636/2080/1358 104/2079/1358 103/2082/1358 1637/2083/1358
f 1636/2084/1359 1637/2085/1359 1586/2012/1359 1584/2010/1359
f 1637/2086/1360 103/2087/1360 106/2088/1360 1638/2089/1360
f 1637/2085/1361 1638/2090/1361 1588/2014/1361 1586/2012/1361
f 1638/2089/1362 106/2088/1362 1639/2091/1362 1640/2092/1362
f 1638/2089/1363 1640/2092/1363 1590/2018/1363 1588/2017/1363
f 1640/2092/1364 1639/2091/1364 1641/2093/1364 1642/2094/1364
f 1640/2092/1365 1642/2094/1365 1592/2020/1365 1590/2018/1365
f 1642/2094/1366 1641/2093/1366 1643/2095/1366 1644/2096/1366
f 1642/2094/1367 1644/2096/1367 1594/2022/1367 1592/2020/1367
f 1644/2096/1368 1643/2095/1368 1645/2097/1368 1646/2098/1368
f 1644/2096/1369 1646/2098/1369 1596/2024/1369 1594/2022/1369
f 1646/2098/1370 1645/2097/1370 1647/2099/1370 1648/2100/1370
f 1646/2098/1371 1648/2100/1371 1598/2026/1371 1596/2024/1371
f 1648/2100/1372 1647/2099/1372 1649/2101/1372 1603/2032/1372
f 1648/2100/1373 1603/2032/1373 1600/2028/1373 1598/2026/1373
f 1649/2101/1374 1647/2099/1374 173/2102/1374 172/2103/1374
f 1649/2104/1375 172/136/1375 171/135/1375 1606/2105/1375
f 1649/2101/1376 1606/2106/1376 1604/2033/1376 1603/2032/1376
f 1647/2099/1377 1645/2097/1377 1650/2107/1377 173/2102/1377
f 1650/2108/1378 1651/2109/1378 1652/2110/1378 1653/2111/1378
f 1650/2108/1379 1653/2111/1379 174/138/1379 173/137/1379
f 1650/2107/1380 1645/2097/1380 1643/2095/1380 1651/2112/1380
f 1653/2113/1381 1652/2114/1381 1654/2115/1381 1655/2116/1381
f 1653/2111/1382 1655/2117/1382 1656/2118/1382 174/138/1382
f 1656/2118/1383 1657/2119/1383 15/133/1383 174/138/1383
f 1656/2118/1384 1655/2117/1384 1658/2120/1384 1659/2121/1384
f 1656/2118/1385 1659/2121/1385 1660/2122/1385 1657/2119/1385
f 1660/2122/1386 1661/2123/1386 1662/2124/1386 1657/2119/1386
f 1660/2122/1387 1659/2121/1387 1663/2125/1387 1664/2126/1387
f 1660/2122/1388 1664/2126/1388 1665/2127/1388 1661/2123/1388
f 1665/2127/1389 1666/2128/1389 1667/2129/1389 1661/2123/1389
f 1665/2127/1390 1664/2126/1390 1668/2130/1390 1669/2131/1390
f 1665/2127/1391 1669/2131/1391 1670/2132/1391 1666/2128/1391
f 1670/2132/1392 1671/2133/1392 1672/2134/1392 1666/2128/1392
f 1670/2132/1393 1669/2131/1393 1673/2135/1393 1674/2136/1393
f 1670/2132/1394 1674/2136/1394 1675/2137/1394 1671/2133/1394
f 1675/2137/1395 1676/2138/1395 1677/2139/1395 1671/2133/1395
f 1675/2137/1396 1674/2136/1396 1678/2140/1396 1679/2141/1396
f 1675/2137/1397 1679/2141/1397 1680/2142/1397 1676/2138/1397
f 1680/2142/1398 1681/2143/1398 1682/2144/1398 1676/2138/1398
f 1680/2142/1399 1679/2141/1399 1683/2145/1399 1684/2146/1399
f 1680/2142/1400 1684/2146/1400 1685/2147/1400 1681/2143/1400
f 1685/2148/1401 1686/2149/1401 1687/2150/1401 1681/2151/1401
f 1685/2147/1402 1684/2146/1402 1688/2152/1402 1689/2153/1402
f 1685/2148/1403 1689/2154/1403 1690/2155/1403 1686/2149/1403
f 1690/2155/1404 1691/2156/1404 1692/2157/1404 1686/2149/1404
f 1690/2155/1405 1689/2154/1405 1693/2158/1405 1694/2159/1405
f 1690/2155/1406 1694/2159/1406 1695/2160/1406 1691/2156/1406
f 1695/2160/1407 1696/2161/1407 1697/2162/1407 1691/2156/1407
f 1695/2160/1408 1694/2159/1408 1698/2163/1408 1699/2164/1408
f 1695/2160/1409 1699/2164/1409 1700/2165/1409 1696/2161/1409
f 1700/2165/1410 1701/2166/1410 1702/2167/1410 1696/2161/1410
f 1700/2165/1411 1699/2164/1411 1703/2168/1411 1704/2169/1411
f 1700/2165/1412 1704/2169/1412 1705/2170/1412 1701/2166/1412
f 1705/2170/1413 301/2171/1413 300/2172/1413 1701/2166/1413
f 1705/2170/1414 1704/2169/1414 1706/2173/1414 1707/2174/1414
f 1705/2175/1415 1707/2176/1415 302/312/1415 301/311/1415
f 1707/2174/1416 1706/2173/1416 1708/2177/1416 1709/2178/1416
f 1707/2176/1417 1709/2179/1417 1710/2180/1417 302/312/1417
f 1710/2180/1418 319/336/1418 303/313/1418 302/312/1418
f 1710/2181/1419 1709/2178/1419 1711/2182/1419 1712/2183/1419
f 1710/2180/1420 1712/2184/1420 322/341/1420 319/336/1420
f 1712/2183/1421 1711/2182/1421 1713/2185/1421 1714/2186/1421
f 1712/2184/1422 1714/2187/1422 1715/2188/1422 322/341/1422
f 1715/2188/1423 1716/2189/1423 323/342/1423 322/341/1423
f 1715/2190/1424 1714/2186/1424 1717/2191/1424 350/2192/1424
f 1715/2193/1425 350/390/1425 349/389/1425 1716/2194/1425
f 1717/2191/1426 1714/2186/1426 1713/2185/1426 1718/2195/1426
f 1717/2191/1427 1718/2195/1427 347/383/1427 346/382/1427
f 1717/2191/1428 346/382/1428 345/381/1428 350/2192/1428
f 1718/2195/1429 1713/2185/1429 328/351/1429 327/350/1429
f 1718/2195/1430 327/350/1430 332/2196/1430 347/383/1430
f 1716/2194/1431 1719/2197/1431 324/345/1431 323/344/1431
f 1716/2194/1432 349/389/1432 351/391/1432 1719/2197/1432
f 1719/2197/1433 1720/2198/1433 339/370/1433 324/345/1433
f 1719/2197/1434 351/391/1434 359/2199/1434 1720/2198/1434
f 1720/2200/1435 1721/2201/1435 1722/2202/1435 339/2203/1435
f 1720/2204/1436 359/2205/1436 358/2206/1436 1721/2207/1436
f 1722/2202/1437 1723/2208/1437 1724/2209/1437 311/323/1437
f 1722/2202/1438 311/323/1438 42/322/1438 339/2203/1438
f 1722/2202/1439 1721/2201/1439 1725/2210/1439 1723/2208/1439
f 1725/2210/1440 1726/2211/1440 1727/2212/1440 1723/2208/1440
f 1725/2210/1441 1721/2201/1441 358/400/1441 362/404/1441
f 1725/2210/1442 362/404/1442 1728/2213/1442 1726/2211/1442
f 1728/2213/1443 331/356/1443 330/355/1443 1726/2211/1443
f 1728/2213/1444 362/404/1444 361/403/1444 1729/2214/1444
f 1728/2213/1445 1729/2214/1445 332/357/1445 331/356/1445
f 1729/2214/1446 361/403/1446 343/377/1446 342/376/1446
f 1729/2214/1447 342/376/1447 347/2215/1447 332/357/1447
f 1727/2212/1448 1730/2216/1448 1731/2217/1448 1732/2218/1448
f 1727/2212/1449 1732/2218/1449 1724/2209/1449 1723/2208/1449
f 1727/2212/1450 1726/2211/1450 330/355/1450 1730/2216/1450
f 1732/2219/1451 1731/2220/1451 1733/2221/1451 1734/2222/1451
f 1732/2218/1452 1734/2223/1452 1735/2224/1452 1724/2209/1452
f 1735/2224/1453 1734/2223/1453 1736/2225/1453 1737/2226/1453
f 1735/2224/1454 1737/2226/1454 310/321/1454 309/320/1454
f 1735/2224/1455 309/320/1455 311/323/1455 1724/2209/1455
f 1737/2226/1456 1736/2225/1456 1738/2227/1456 1739/2228/1456
f 1737/2226/1457 1739/2228/1457 1740/2229/1457 310/321/1457
f 1740/2229/1458 1739/2228/1458 1741/2230/1458 1742/2231/1458
f 1740/2229/1459 1742/2231/1459 1743/2232/1459 1744/2233/1459
f 1740/2229/1460 1744/2233/1460 306/317/1460 310/321/1460
f 1744/2233/1461 1743/2232/1461 1745/2234/1461 1746/2235/1461
f 1744/2233/1462 1746/2235/1462 307/318/1462 306/317/1462
f 1746/2235/1463 1745/2234/1463 1747/2236/1463 1748/2237/1463
f 1746/2235/1464 1748/2237/1464 1749/2238/1464 307/318/1464
f 1749/2238/1465 1748/2237/1465 1750/2239/1465 1751/2240/1465
f 1749/2238/1466 1751/2240/1466 1752/2241/1466 1753/2242/1466
f 1749/2238/1467 1753/2242/1467 308/319/1467 307/318/1467
f 1753/2242/1468 1752/2241/1468 1754/2243/1468 1755/2244/1468
f 1753/2242/1469 1755/2244/1469 1756/2245/1469 308/319/1469
f 1756/2245/1470 341/374/1470 37/316/1470 308/319/1470
f 1756/2245/1471 1755/2244/1471 1757/2246/1471 1758/2247/1471
f 1756/2245/1472 1758/2247/1472 1759/2248/1472 341/374/1472
f 1759/2248/1473 1760/2249/1473 340/371/1473 341/374/1473
f 1759/2248/1474 1758/2247/1474 1761/2250/1474 1762/2251/1474
f 1759/2248/1475 1762/2251/1475 1763/2252/1475 1760/2249/1475
f 1763/2253/1476 1764/2254/1476 1765/2255/1476 1760/2256/1476
f 1763/2252/1477 1762/2251/1477 1766/2257/1477 1767/2258/1477
f 1763/2253/1478 1767/2259/1478 1768/2260/1478 1764/2254/1478
f 1768/2260/1479 1769/2261/1479 1770/2262/1479 1764/2254/1479
f 1768/2260/1480 1767/2259/1480 1771/2263/1480 355/396/1480
f 1768/2260/1481 355/396/1481 354/395/1481 1769/2261/1481
f 1771/2263/1482 1767/2259/1482 1766/2264/1482 1772/2265/1482
f 1771/2263/1483 1772/2265/1483 1773/2266/1483 1774/2267/1483
f 1771/2263/1484 1774/2267/1484 356/397/1484 355/396/1484
f 1774/2268/1485 1773/2269/1485 1775/2270/1485 1776/2271/1485
f 1774/2267/1486 1776/2272/1486 357/398/1486 356/397/1486
f 1776/2271/1487 1775/2270/1487 1777/2273/1487 1778/2274/1487
f 1776/2271/1488 1778/2274/1488 1779/2275/1488 357/2276/1488
f 1779/2275/1489 1778/2274/1489 1780/2277/1489 1781/2278/1489
f 1779/2279/1490 1781/2280/1490 1782/2281/1490 1783/2282/1490
f 1779/2283/1491 1783/2284/1491 352/393/1491 357/398/1491
f 1783/2282/1492 1782/2281/1492 1784/2285/1492 1785/2286/1492
f 1783/2282/1493 1785/2286/1493 353/2287/1493 352/2288/1493
f 1785/2286/1494 1784/2285/1494 1786/2289/1494 1787/2290/1494
f 1785/2286/1495 1787/2290/1495 1788/2291/1495 353/2287/1495
f 1788/2291/1496 1787/2290/1496 1789/2292/1496 1790/2293/1496
f 1788/2294/1497 1790/2295/1497 1770/2262/1497 1769/2261/1497
f 1788/2294/1498 1769/2261/1498 354/395/1498 353/394/1498
f 1790/2293/1499 1789/2292/1499 1791/2296/1499 1792/2297/1499
f 1790/2295/1500 1792/2298/1500 1793/2299/1500 1770/2262/1500
f 1793/2299/1501 1792/2298/1501 321/339/1501 320/338/1501
f 1793/2299/1502 320/338/1502 326/348/1502 1765/2255/1502
f 1793/2299/1503 1765/2255/1503 1764/2254/1503 1770/2262/1503
f 1792/2297/1504 1791/2296/1504 1794/2300/1504 321/2301/1504
f 1794/2300/1505 1795/2302/1505 305/315/1505 304/314/1505
f 1794/2300/1506 304/314/1506 318/335/1506 321/2301/1506
f 1794/2300/1507 1791/2296/1507 1796/2303/1507 1795/2302/1507
f 1796/2303/1508 1797/2304/1508 1798/2305/1508 1795/2302/1508
f 1796/2303/1509 1791/2296/1509 1789/2292/1509 1799/2306/1509
f 1796/2303/1510 1799/2306/1510 1800/2307/1510 1797/2304/1510
f 1800/2307/1511 313/2308/1511 1801/2309/1511 1797/2304/1511
f 1800/2307/1512 1799/2306/1512 1786/2289/1512 1802/2310/1512
f 1800/2307/1513 1802/2310/1513 314/332/1513 313/2308/1513
f 1802/2310/1514 1803/2311/1514 317/333/1514 314/332/1514
f 1802/2310/1515 1786/2289/1515 1784/2285/1515 1803/2311/1515
f 1803/2311/1516 1804/2312/1516 1805/2313/1516 317/333/1516
f 1803/2311/1517 1784/2285/1517 1782/2281/1517 1804/2312/1517
f 1805/2313/1518 1806/2314/1518 1807/2315/1518 1808/2316/1518
f 1805/2313/1519 1808/2316/1519 315/329/1519 317/333/1519
f 1805/2313/1520 1804/2312/1520 1809/2317/1520 1806/2314/1520
f 1809/2317/1521 1810/2318/1521 1811/2319/1521 1806/2314/1521
f 1809/2317/1522 1804/2312/1522 1782/2281/1522 1781/2280/1522
f 1809/2317/1523 1781/2280/1523 1780/2320/1523 1810/2318/1523
f 1811/2321/1524 1812/2322/1524 1813/2323/1524 1814/2324/1524
f 1811/2319/1525 1814/2325/1525 1807/2315/1525 1806/2314/1525
f 1811/2326/1526 1810/2327/1526 1815/2328/1526 1812/2329/1526
f 1815/2330/1527 1816/2331/1527 1817/2332/1527 1812/2322/1527
f 1815/2328/1528 1810/2327/1528 1780/2277/1528 1818/2333/1528
f 1815/2328/1529 1818/2333/1529 1819/2334/1529 1816/2335/1529
f 1819/2336/1530 1820/2337/1530 336/2338/1530 1816/2331/1530
f 1819/2334/1531 1818/2333/1531 1777/2273/1531 1821/2339/1531
f 1819/2340/1532 1821/2341/1532 1822/2342/1532 1820/2343/1532
f 1822/2342/1533 1823/2344/1533 1824/2345/1533 1820/2343/1533
f 1822/2342/1534 1821/2341/1534 378/422/1534 375/419/1534
f 1822/2342/1535 375/419/1535 374/418/1535 1823/2344/1535
f 1824/2345/1536 1825/2346/1536 338/367/1536 337/366/1536
f 1824/2345/1537 337/366/1537 336/365/1537 1820/2343/1537
f 1824/2345/1538 1823/2344/1538 1826/2347/1538 1825/2346/1538
f 1826/2347/1539 1827/2348/1539 1828/2349/1539 1829/2350/1539
f 1826/2347/1540 1829/2350/1540 1830/2351/1540 1825/2346/1540
f 1826/2352/1541 1823/2353/1541 374/2354/1541 1827/2355/1541
f 1830/2351/1542 1829/2350/1542 1831/2356/1542 1832/2357/1542
f 1830/2351/1543 1832/2357/1543 1833/2358/1543 1834/2359/1543
f 1830/2351/1544 1834/2359/1544 338/367/1544 1825/2346/1544
f 1834/2360/1545 1833/2361/1545 1835/2362/1545 1836/2363/1545
f 1834/2360/1546 1836/2363/1546 333/360/1546 338/2364/1546
f 1836/2363/1547 1835/2362/1547 1837/2365/1547 1838/2366/1547
f 1836/2363/1548 1838/2366/1548 334/361/1548 333/360/1548
f 1838/2366/1549 1837/2365/1549 1839/2367/1549 1840/2368/1549
f 1838/2366/1550 1840/2368/1550 1841/2369/1550 334/361/1550
f 1841/2369/1551 1840/2368/1551 1842/2370/1551 1813/2323/1551
f 1841/2369/1552 1813/2323/1552 1812/2322/1552 1817/2332/1552
f 1841/2369/1553 1817/2332/1553 335/362/1553 334/361/1553
f 1842/2370/1554 1840/2368/1554 1839/2367/1554 1843/2371/1554
f 1842/2370/1555 1843/2371/1555 1844/2372/1555 1845/2373/1555
f 1842/2370/1556 1845/2373/1556 1814/2324/1556 1813/2323/1556
f 1845/2374/1557 1844/2375/1557 1846/2376/1557 1847/2377/1557
f 1845/2374/1558 1847/2377/1558 1807/2315/1558 1814/2325/1558
f 1847/2377/1559 1846/2376/1559 1848/2378/1559 1849/2379/1559
f 1847/2377/1560 1849/2379/1560 1808/2316/1560 1807/2315/1560
f 1849/2379/1561 1848/2378/1561 1850/2380/1561 316/330/1561
f 1849/2379/1562 316/330/1562 315/329/1562 1808/2316/1562
f 1850/2380/1563 1848/2378/1563 1851/2381/1563 1852/2382/1563
f 1850/2380/1564 1852/2382/1564 1853/2383/1564 1854/2384/1564
f 1850/2380/1565 1854/2384/1565 312/331/1565 316/330/1565
f 1854/2384/1566 1853/2383/1566 1855/2385/1566 1801/2309/1566
f 1854/2386/1567 1801/2387/1567 313/326/1567 312/325/1567
f 1855/2385/1568 1853/2383/1568 1856/2388/1568 1857/2389/1568
f 1855/2385/1569 1857/2389/1569 1858/2390/1569 1798/2305/1569
f 1855/2385/1570 1798/2305/1570 1797/2304/1570 1801/2309/1570
f 1858/2390/1571 1857/2389/1571 1859/2391/1571 1860/2392/1571
f 1858/2390/1572 1860/2392/1572 297/307/1572 305/315/1572
f 1858/2390/1573 305/315/1573 1795/2302/1573 1798/2305/1573
f 1860/2392/1574 1859/2391/1574 1861/2393/1574 1862/2394/1574
f 1860/2392/1575 1862/2394/1575 298/308/1575 297/307/1575
f 1862/2394/1576 1861/2393/1576 1863/2395/1576 1864/2396/1576
f 1862/2394/1577 1864/2396/1577 1865/2397/1577 298/308/1577
f 1865/2397/1578 1864/2396/1578 1866/2398/1578 1867/2399/1578
f 1865/2397/1579 1867/2399/1579 1868/2400/1579 1869/2401/1579
f 1865/2397/1580 1869/2401/1580 299/309/1580 298/308/1580
f 1869/2402/1581 1868/2403/1581 1870/2404/1581 1871/2405/1581
f 1869/2402/1582 1871/2405/1582 300/2172/1582 299/2406/1582
f 1871/2405/1583 1870/2404/1583 1872/2407/1583 1702/2167/1583
f 1871/2405/1584 1702/2167/1584 1701/2166/1584 300/2172/1584
f 1872/2407/1585 1870/2404/1585 1873/2408/1585 1874/2409/1585
f 1872/2407/1586 1874/2409/1586 1875/2410/1586 1697/2162/1586
f 1872/2407/1587 1697/2162/1587 1696/2161/1587 1702/2167/1587
f 1875/2410/1588 1874/2409/1588 1876/2411/1588 1877/2412/1588
f 1875/2410/1589 1877/2412/1589 1878/2413/1589 1692/2157/1589
f 1875/2410/1590 1692/2157/1590 1691/2156/1590 1697/2162/1590
f 1878/2413/1591 1877/2412/1591 1879/2414/1591 1880/2415/1591
f 1878/2413/1592 1880/2415/1592 1881/2416/1592 1687/2150/1592
f 1878/2413/1593 1687/2150/1593 1686/2149/1593 1692/2157/1593
f 1881/2416/1594 1880/2415/1594 1882/2417/1594 1883/2418/1594
f 1881/2416/1595 1883/2418/1595 1884/2419/1595 1682/2420/1595
f 1881/2416/1596 1682/2420/1596 1681/2151/1596 1687/2150/1596
f 1884/2419/1597 1883/2418/1597 1885/2421/1597 1886/2422/1597
f 1884/2419/1598 1886/2422/1598 1887/2423/1598 1677/2424/1598
f 1884/2419/1599 1677/2424/1599 1676/2425/1599 1682/2420/1599
f 1887/2423/1600 1886/2422/1600 1888/2426/1600 1889/2427/1600
f 1887/2428/1601 1889/2429/1601 1890/2430/1601 1672/2134/1601
f 1887/2428/1602 1672/2134/1602 1671/2133/1602 1677/2139/1602
f 1890/2430/1603 1889/2429/1603 1891/2431/1603 1892/2432/1603
f 1890/2430/1604 1892/2432/1604 1893/2433/1604 1667/2129/1604
f 1890/2430/1605 1667/2129/1605 1666/2128/1605 1672/2134/1605
f 1893/2433/1606 1892/2432/1606 1894/2434/1606 1895/2435/1606
f 1893/2433/1607 1895/2435/1607 175/139/1607 1662/2124/1607
f 1893/2433/1608 1662/2124/1608 1661/2123/1608 1667/2129/1608
f 1895/2435/1609 1894/2434/1609 1896/2436/1609 1897/2437/1609
f 1895/2435/1610 1897/2437/1610 176/140/1610 175/139/1610
f 1897/2437/1611 1896/2436/1611 121/69/1611 1898/2438/1611
f 1897/2437/1612 1898/2438/1612 1899/2439/1612 176/140/1612
f 1899/2439/1613 1898/2438/1613 1900/2440/1613 1901/2441/1613
f 1899/2439/1614 1901/2441/1614 1902/2442/1614 1903/2443/1614
f 1899/2439/1615 1903/2443/1615 170/134/1615 176/140/1615
f 1903/2443/1616 1902/2442/1616 1904/2444/1616 1905/2445/1616
f 1903/2443/1617 1905/2445/1617 171/135/1617 170/134/1617
f 1905/2446/1618 1904/2447/1618 1608/2039/1618 1607/2038/1618
f 1905/2446/1619 1607/2038/1619 1606/2037/1619 171/2448/1619
f 1904/2444/1620 1902/2442/1620 1906/2449/1620 1907/2450/1620
f 1904/2447/1621 1907/2451/1621 1610/2041/1621 1608/2039/1621
f 1907/2450/1622 1906/2449/1622 1908/2452/1622 1909/2453/1622
f 1907/2451/1623 1909/2454/1623 1612/2043/1623 1610/2041/1623
f 1909/2453/1624 1908/2452/1624 1910/2455/1624 1911/2456/1624
f 1909/2454/1625 1911/2457/1625 1614/2045/1625 1612/2043/1625
f 1911/2456/1626 1910/2455/1626 96/37/1626 1912/2458/1626
f 1911/2457/1627 1912/2459/1627 1616/2047/1627 1614/2045/1627
f 1912/2458/1628 96/37/1628 92/33/1628 1913/2460/1628
f 1912/2459/1629 1913/2461/1629 1618/2049/1629 1616/2047/1629
f 1913/2460/1630 92/33/1630 91/32/1630 1914/2462/1630
f 1913/2463/1631 1914/2464/1631 1620/2054/1631 1618/2053/1631
f 1914/2462/1632 91/32/1632 1915/2465/1632 1916/2466/1632
f 1914/2464/1633 1916/2467/1633 1622/2056/1633 1620/2054/1633
f 1916/2466/1634 1915/2465/1634 1917/2468/1634 1918/2469/1634
f 1916/2467/1635 1918/2470/1635 1624/2058/1635 1622/2056/1635
f 1918/2471/1636 1917/2472/1636 1919/2473/1636 1920/2474/1636
f 1918/2470/1637 1920/2475/1637 1626/2060/1637 1624/2058/1637
f 1920/2474/1638 1919/2473/1638 1921/2476/1638 1922/2477/1638
f 1920/2475/1639 1922/2478/1639 1628/2062/1639 1626/2060/1639
f 1922/2477/1640 1921/2476/1640 79/15/1640 78/14/1640
f 1922/2478/1641 78/2479/1641 77/2064/1641 1628/2062/1641
f 1921/2476/1642 1919/2473/1642 1923/2480/1642 1924/2481/1642
f 1921/2476/1643 1924/2481/1643 1925/2482/1643 79/15/1643
f 1925/2482/1644 1926/2483/1644 75/11/1644 79/15/1644
f 1925/2482/1645 1924/2481/1645 1927/2484/1645 1928/2485/1645
f 1925/2482/1646 1928/2485/1646 1929/2486/1646 1926/2483/1646
f 1929/2486/1647 1930/2487/1647 1931/2488/1647 1926/2483/1647
f 1929/2486/1648 1928/2485/1648 1932/2489/1648 1933/2490/1648
f 1929/2486/1649 1933/2490/1649 1934/2491/1649 1930/2487/1649
f 1934/2491/1650 1935/2492/1650 1936/2493/1650 1930/2487/1650
f 1934/2491/1651 1933/2490/1651 1937/2494/1651 1938/2495/1651
f 1934/2491/1652 1938/2495/1652 1939/2496/1652 1935/2492/1652
f 1939/2497/1653 1940/2498/1653 1941/2499/1653 1935/2500/1653
f 1939/2496/1654 1938/2495/1654 1942/2501/1654 1943/2502/1654
f 1939/2497/1655 1943/2503/1655 1944/2504/1655 1940/2498/1655
f 1944/2504/1656 1945/2505/1656 1946/2506/1656 1940/2498/1656
f 1944/2504/1657 1943/2503/1657 1947/2507/1657 1948/2508/1657
f 1944/2504/1658 1948/2508/1658 1949/2509/1658 1945/2505/1658
f 1949/2509/1659 1950/2510/1659 1951/2511/1659 1945/2505/1659
f 1949/2509/1660 1948/2508/1660 1952/2512/1660 1953/2513/1660
f 1949/2509/1661 1953/2513/1661 1954/2514/1661 1950/2510/1661
f 1954/2514/1662 1955/2515/1662 1956/2516/1662 1950/2510/1662
f 1954/2514/1663 1953/2513/1663 1957/2517/1663 1958/2518/1663
f 1954/2514/1664 1958/2518/1664 1959/2519/1664 1955/2515/1664
f 1959/2519/1665 1960/2520/1665 1961/2521/1665 1955/2515/1665
f 1959/2519/1666 1958/2518/1666 1962/2522/1666 1963/2523/1666
f 1959/2519/1667 1963/2523/1667 1964/2524/1667 1960/2520/1667
f 1964/2524/1668 1965/2525/1668 1966/2526/1668 1960/2520/1668
f 1964/2524/1669 1963/2523/1669 1967/2527/1669 1968/2528/1669
f 1964/2524/1670 1968/2528/1670 1969/2529/1670 1965/2525/1670
f 1969/2529/1671 1970/2530/1671 1971/2531/1671 1965/2525/1671
f 1969/2529/1672 1968/2528/1672 1972/2532/1672 1973/2533/1672
f 1969/2529/1673 1973/2533/1673 128/79/1673 1970/2530/1673
f 1973/2533/1674 1972/2532/1674 1974/2534/1674 1975/2535/1674
f 1973/2533/1675 1975/2535/1675 129/80/1675 128/79/1675
f 1975/2535/1676 1974/2534/1676 1976/2536/1676 1977/2537/1676
f 1975/2535/1677 1977/2537/1677 1978/2538/1677 129/80/1677
f 1978/2538/1678 196/2539/1678 9/77/1678 129/80/1678
f 1978/2538/1679 1977/2537/1679 1979/2540/1679 1980/2541/1679
f 1978/2538/1680 1980/2541/1680 194/2542/1680 196/2539/1680
f 1980/2541/1681 1979/2540/1681 1981/2543/1681 1982/2544/1681
f 1980/2541/1682 1982/2544/1682 195/2545/1682 194/2542/1682
f 1982/2544/1683 1981/2543/1683 1983/2546/1683 1984/2547/1683
f 1982/2544/1684 1984/2547/1684 1985/2548/1684 195/2545/1684
f 1985/2549/1685 1986/2550/1685 191/159/1685 195/163/1685
f 1985/2548/1686 1984/2547/1686 1987/2551/1686 1988/2552/1686
f 1985/2549/1687 1988/2553/1687 1989/2554/1687 1986/2550/1687
f 1989/2554/1688 1990/2555/1688 1991/2556/1688 1986/2550/1688
f 1989/2554/1689 1988/2553/1689 248/240/1689 247/239/1689
f 1989/2554/1690 247/239/1690 252/247/1690 1990/2555/1690
f 1991/2556/1691 1992/2557/1691 1993/2558/1691 192/160/1691
f 1991/2556/1692 192/160/1692 191/159/1692 1986/2550/1692
f 1991/2556/1693 1990/2555/1693 1994/2559/1693 1992/2557/1693
f 1994/2560/1694 1995/2561/1694 1996/2562/1694 1992/2563/1694
f 1994/2559/1695 1990/2555/1695 252/247/1695 1997/2564/1695
f 1994/2560/1696 1997/2565/1696 242/233/1696 1995/2561/1696
f 1997/2564/1697 252/247/1697 251/246/1697 1998/2566/1697
f 1997/2565/1698 1998/2567/1698 243/234/1698 242/233/1698
f 1998/2568/1699 251/245/1699 250/244/1699 1999/2569/1699
f 1998/2568/1700 1999/2569/1700 244/2570/1700 243/2571/1700
f 1999/2569/1701 2000/2572/1701 2001/2573/1701 244/2570/1701
f 1999/2569/1702 250/244/1702 2002/2574/1702 2000/2572/1702
f 2002/2574/1703 2003/2575/1703 2004/2576/1703 2000/2572/1703
f 2002/2574/1704 250/244/1704 249/243/1704 2005/2577/1704
f 2002/2578/1705 2005/2579/1705 2006/2580/1705 2003/2581/1705
f 2006/2580/1706 2005/2579/1706 2007/2582/1706 2008/2583/1706
f 2006/2580/1707 2008/2583/1707 2009/2584/1707 2010/2585/1707
f 2006/2580/1708 2010/2585/1708 2011/2586/1708 2003/2581/1708
f 2011/2587/1709 183/2588/1709 2012/2589/1709 2013/2590/1709
f 2011/2587/1710 2013/2590/1710 2004/2576/1710 2003/2575/1710
f 2011/2586/1711 2010/2585/1711 184/150/1711 183/149/1711
f 2013/2590/1712 2012/2589/1712 2014/2591/1712 2015/2592/1712
f 2013/2590/1713 2015/2592/1713 2016/2593/1713 2004/2576/1713
f 2016/2594/1714 2015/2595/1714 2017/2596/1714 2018/2597/1714
f 2016/2598/1715 2018/2599/1715 2019/2600/1715 2001/2601/1715
f 2016/2593/1716 2001/2573/1716 2000/2572/1716 2004/2576/1716
f 2019/2602/1717 2018/2597/1717 2020/2603/1717 2021/2604/1717
f 2019/2605/1718 2021/2606/1718 246/2607/1718 245/2608/1718
f 2019/2602/1719 245/236/1719 244/235/1719 2001/2609/1719
f 2021/2604/1720 2020/2603/1720 2022/2610/1720 2023/2611/1720
f 2021/2606/1721 2023/2612/1721 2024/2613/1721 246/2607/1721
f 2024/2614/1722 2023/2611/1722 2025/2615/1722 2026/2616/1722
f 2024/2614/1723 2026/2616/1723 2027/2617/1723 2028/2618/1723
f 2024/2614/1724 2028/2618/1724 241/232/1724 246/237/1724
f 2028/2618/1725 2027/2617/1725 1996/2562/1725 1995/2561/1725
f 2028/2618/1726 1995/2561/1726 242/233/1726 241/232/1726
f 2027/2617/1727 2026/2616/1727 2029/2619/1727 2030/2620/1727
f 2027/2617/1728 2030/2620/1728 2031/2621/1728 1996/2562/1728
f 2031/2621/1729 2030/2620/1729 2032/2622/1729 221/197/1729
f 2031/2621/1730 221/197/1730 220/196/1730 1993/2623/1730
f 2031/2621/1731 1993/2623/1731 1992/2563/1731 1996/2562/1731
f 2032/2622/1732 2033/2624/1732 167/130/1732 164/127/1732
f 2032/2622/1733 164/127/1733 163/126/1733 221/197/1733
f 2032/2622/1734 2030/2620/1734 2029/2619/1734 2033/2624/1734
f 2033/2624/1735 2034/2625/1735 2035/2626/1735 167/130/1735
f 2033/2624/1736 2029/2619/1736 2036/2627/1736 2034/2625/1736
f 2036/2627/1737 2037/2628/1737 2038/2629/1737 2034/2625/1737
f 2036/2627/1738 2029/2619/1738 2026/2616/1738 2025/2615/1738
f 2036/2627/1739 2025/2615/1739 2039/2630/1739 2037/2628/1739
f 2039/2630/1740 2040/2631/1740 2041/2632/1740 2037/2628/1740
f 2039/2630/1741 2025/2615/1741 2023/2611/1741 2022/2610/1741
f 2039/2630/1742 2022/2610/1742 2042/2633/1742 2040/2631/1742
f 2042/2634/1743 2043/2635/1743 2044/2636/1743 2040/2637/1743
f 2042/2633/1744 2022/2610/1744 2020/2603/1744 2045/2638/1744
f 2042/2634/1745 2045/2639/1745 2046/2640/1745 2043/2635/1745
f 2046/2640/1746 200/171/1746 199/170/1746 2043/2635/1746
f 2046/2640/1747 2045/2639/1747 2017/2641/1747 2047/2642/1747
f 2046/2640/1748 2047/2642/1748 203/174/1748 200/171/1748
f 2047/2642/1749 2017/2641/1749 2015/2643/1749 2014/2644/1749
f 2047/2642/1750 2014/2644/1750 2048/2645/1750 203/174/1750
f 2048/2645/1751 2049/2646/1751 201/172/1751 203/174/1751
f 2048/2647/1752 2014/2591/1752 2012/2589/1752 2050/2648/1752
f 2048/2645/1753 2050/2649/1753 2051/2650/1753 2049/2646/1753
f 2051/2651/1754 2052/2652/1754 2053/2653/1754 2049/2654/1754
f 2051/2651/1755 2050/2655/1755 182/148/1755 186/152/1755
f 2051/2651/1756 186/152/1756 2054/2656/1756 2052/2652/1756
f 2054/2656/1757 2055/2657/1757 2056/2658/1757 2057/2659/1757
f 2054/2656/1758 2057/2659/1758 2058/2660/1758 2052/2652/1758
f 2054/2656/1759 186/152/1759 185/151/1759 2055/2657/1759
f 2058/2660/1760 2057/2659/1760 2059/2661/1760 2060/2662/1760
f 2058/2660/1761 2060/2662/1761 2061/2663/1761 2062/2664/1761
f 2058/2660/1762 2062/2664/1762 2053/2653/1762 2052/2652/1762
f 2062/2665/1763 2061/2666/1763 2063/2667/1763 2064/2668/1763
f 2062/2665/1764 2064/2668/1764 202/173/1764 2053/2669/1764
f 2064/2668/1765 2063/2667/1765 2065/2670/1765 2066/2671/1765
f 2064/2668/1766 2066/2671/1766 198/169/1766 202/173/1766
f 2066/2671/1767 2065/2670/1767 2067/2672/1767 2068/2673/1767
f 2066/2671/1768 2068/2673/1768 199/170/1768 198/169/1768
f 2068/2673/1769 2067/2672/1769 2069/2674/1769 2044/2636/1769
f 2068/2673/1770 2044/2636/1770 2043/2635/1770 199/170/1770
f 2069/2674/1771 2067/2672/1771 2070/2675/1771 2071/2676/1771
f 2069/2674/1772 2071/2676/1772 2072/2677/1772 2041/2678/1772
f 2069/2674/1773 2041/2678/1773 2040/2637/1773 2044/2636/1773
f 2072/2677/1774 2071/2676/1774 2073/2679/1774 2074/2680/1774
f 2072/2677/1775 2074/2680/1775 2075/2681/1775 2038/2682/1775
f 2072/2677/1776 2038/2682/1776 2037/2683/1776 2041/2678/1776
f 2075/2681/1777 2074/2680/1777 2076/2684/1777 2077/2685/1777
f 2075/2686/1778 2077/2687/1778 2078/2688/1778 2035/2626/1778
f 2075/2686/1779 2035/2626/1779 2034/2625/1779 2038/2629/1779
f 2078/2688/1780 2077/2687/1780 2079/2689/1780 2080/2690/1780
f 2078/2688/1781 2080/2690/1781 169/132/1781 168/131/1781
f 2078/2688/1782 168/131/1782 167/130/1782 2035/2626/1782
f 2080/2690/1783 2079/2689/1783 2081/2691/1783 2082/2692/1783
f 2080/2690/1784 2082/2692/1784 2083/2693/1784 169/132/1784
f 2083/2693/1785 2082/2692/1785 2084/2694/1785 2085/2695/1785
f 2083/2693/1786 2085/2695/1786 2086/2696/1786 2087/2697/1786
f 2083/2693/1787 2087/2697/1787 165/128/1787 169/132/1787
f 2087/2697/1788 2086/2696/1788 2088/2698/1788 2089/2699/1788
f 2087/2697/1789 2089/2699/1789 166/129/1789 165/128/1789
f 2089/2699/1790 2088/2698/1790 2090/2700/1790 2091/2701/1790
f 2089/2699/1791 2091/2701/1791 2092/2702/1791 166/129/1791
f 2092/2702/1792 2091/2701/1792 2093/2703/1792 2094/2704/1792
f 2092/2702/1793 2094/2704/1793 2095/2705/1793 2096/2706/1793
f 2092/2702/1794 2096/2706/1794 160/123/1794 166/129/1794
f 2096/2706/1795 2097/2707/1795 161/124/1795 160/123/1795
f 2096/2706/1796 2095/2705/1796 2098/2708/1796 2097/2707/1796
f 2098/2708/1797 2099/2709/1797 2100/2710/1797 2097/2707/1797
f 2098/2711/1798 2095/2712/1798 2101/2713/1798 2102/2714/1798
f 2098/2711/1799 2102/2714/1799 2103/2715/1799 2099/2716/1799
f 2103/2717/1800 2104/2718/1800 2105/2719/1800 2099/2709/1800
f 2103/2715/1801 2102/2714/1801 2106/2720/1801 2107/2721/1801
f 2103/2715/1802 2107/2721/1802 2108/2722/1802 2104/2723/1802
f 2108/2722/1803 2109/2724/1803 2110/2725/1803 2104/2723/1803
f 2108/2722/1804 2107/2721/1804 2111/2726/1804 2112/2727/1804
f 2108/2728/1805 2112/2729/1805 2113/2730/1805 2109/2731/1805
f 2113/2730/1806 204/176/1806 208/180/1806 2109/2731/1806
f 2113/2730/1807 2112/2729/1807 2114/2732/1807 2115/2733/1807
f 2113/2730/1808 2115/2733/1808 205/177/1808 204/176/1808
f 2115/2733/1809 2114/2732/1809 2116/2734/1809 2117/2735/1809
f 2115/2733/1810 2117/2735/1810 2118/2736/1810 205/177/1810
f 2118/2736/1811 234/217/1811 206/178/1811 205/177/1811
f 2118/2736/1812 2117/2735/1812 2119/2737/1812 2120/2738/1812
f 2118/2736/1813 2120/2738/1813 230/218/1813 234/217/1813
f 2120/2739/1814 2119/2740/1814 2121/2741/1814 2122/2742/1814
f 2120/2739/1815 2122/2742/1815 231/213/1815 230/212/1815
f 2122/2742/1816 2121/2741/1816 2123/2743/1816 2124/2744/1816
f 2122/2742/1817 2124/2744/1817 2125/2745/1817 231/213/1817
f 2125/2745/1818 2124/2744/1818 237/224/1818 236/223/1818
f 2125/2745/1819 236/223/1819 2126/2746/1819 2127/2747/1819
f 2125/2745/1820 2127/2747/1820 232/214/1820 231/213/1820
f 2127/2748/1821 2126/2749/1821 214/187/1821 213/186/1821
f 2127/2748/1822 213/186/1822 215/188/1822 232/2750/1822
f 2126/2749/1823 236/2751/1823 235/228/1823 2128/2752/1823
f 2126/2749/1824 2128/2752/1824 2129/2753/1824 214/187/1824
f 2129/2753/1825 2128/2752/1825 2130/2754/1825 2131/2755/1825
f 2129/2753/1826 2131/2755/1826 2132/2756/1826 2133/2757/1826
f 2129/2753/1827 2133/2757/1827 210/183/1827 214/187/1827
f 2133/2757/1828 2132/2756/1828 2110/2758/1828 2134/2759/1828
f 2133/2757/1829 2134/2759/1829 211/184/1829 210/183/1829
f 2134/2760/1830 2110/2725/1830 2109/2724/1830 208/2761/1830
f 2134/2762/1831 208/180/1831 207/179/1831 211/2763/1831
f 2132/2756/1832 2131/2755/1832 2135/2764/1832 2105/2719/1832
f 2132/2756/1833 2105/2719/1833 2104/2718/1833 2110/2758/1833
f 2135/2764/1834 2131/2755/1834 2130/2754/1834 2136/2765/1834
f 2135/2764/1835 2136/2765/1835 2137/2766/1835 2100/2710/1835
f 2135/2764/1836 2100/2710/1836 2099/2709/1836 2105/2719/1836
f 2137/2766/1837 2136/2765/1837 217/191/1837 216/190/1837
f 2137/2766/1838 216/190/1838 162/125/1838 161/124/1838
f 2137/2766/1839 161/124/1839 2097/2707/1839 2100/2710/1839
f 2136/2765/1840 2130/2754/1840 239/227/1840 217/191/1840
f 2130/2754/1841 2128/2752/1841 235/228/1841 239/227/1841
f 2124/2744/1842 2123/2743/1842 240/229/1842 237/224/1842
f 2123/2743/1843 2121/2741/1843 2138/2767/1843 2139/2768/1843
f 2123/2743/1844 2139/2768/1844 219/195/1844 240/229/1844
f 2139/2768/1845 2138/2767/1845 189/156/1845 188/155/1845
f 2139/2768/1846 188/155/1846 197/167/1846 219/195/1846
f 2138/2769/1847 2121/2770/1847 2119/2771/1847 2140/2772/1847
f 2138/2769/1848 2140/2772/1848 2141/2773/1848 189/2774/1848
f 2141/2773/1849 2140/2772/1849 2116/2775/1849 2142/2776/1849
f 2141/2773/1850 2142/2776/1850 131/82/1850 130/81/1850
f 2141/2773/1851 130/81/1851 190/2777/1851 189/2774/1851
f 2142/2778/1852 2116/2734/1852 2114/2732/1852 2143/2779/1852
f 2142/2776/1853 2143/2780/1853 2144/2781/1853 131/82/1853
f 2144/2782/1854 2143/2779/1854 2111/2783/1854 2145/2784/1854
f 2144/2785/1855 2145/2786/1855 2146/2787/1855 2147/2788/1855
f 2144/2781/1856 2147/2789/1856 132/83/1856 131/82/1856
f 2147/2790/1857 2146/2791/1857 2148/2792/1857 2149/2793/1857
f 2147/2790/1858 2149/2793/1858 133/86/1858 132/85/1858
f 2149/2793/1859 2148/2792/1859 2150/2794/1859 2151/2795/1859
f 2149/2793/1860 2151/2795/1860 2152/2796/1860 133/86/1860
f 2152/2796/1861 2151/2795/1861 2153/2797/1861 2154/2798/1861
f 2152/2796/1862 2154/2798/1862 2155/2799/1862 2156/2800/1862
f 2152/2796/1863 2156/2800/1863 127/87/1863 133/86/1863
f 2156/2800/1864 2155/2799/1864 1971/2801/1864 1970/2802/1864
f 2156/2800/1865 1970/2802/1865 128/2803/1865 127/87/1865
f 2155/2799/1866 2154/2798/1866 2157/2804/1866 2158/2805/1866
f 2155/2799/1867 2158/2805/1867 2159/2806/1867 1971/2801/1867
f 2159/2806/1868 2158/2805/1868 2160/2807/1868 2161/2808/1868
f 2159/2809/1869 2161/2810/1869 2162/2811/1869 1966/2526/1869
f 2159/2809/1870 1966/2526/1870 1965/2525/1870 1971/2531/1870
f 2162/2812/1871 2161/2808/1871 2163/2813/1871 2164/2814/1871
f 2162/2811/1872 2164/2815/1872 2165/2816/1872 1961/2521/1872
f 2162/2811/1873 1961/2521/1873 1960/2520/1873 1966/2526/1873
f 2165/2816/1874 2164/2815/1874 2166/2817/1874 2167/2818/1874
f 2165/2816/1875 2167/2818/1875 2168/2819/1875 1956/2516/1875
f 2165/2816/1876 1956/2516/1876 1955/2515/1876 1961/2521/1876
f 2168/2819/1877 2167/2818/1877 2169/2820/1877 2170/2821/1877
f 2168/2819/1878 2170/2821/1878 2171/2822/1878 1951/2511/1878
f 2168/2819/1879 1951/2511/1879 1950/2510/1879 1956/2516/1879
f 2171/2822/1880 2170/2821/1880 2172/2823/1880 2173/2824/1880
f 2171/2822/1881 2173/2824/1881 2174/2825/1881 1946/2506/1881
f 2171/2822/1882 1946/2506/1882 1945/2505/1882 1951/2511/1882
f 2174/2825/1883 2173/2824/1883 2175/2826/1883 2176/2827/1883
f 2174/2825/1884 2176/2827/1884 2177/2828/1884 1941/2499/1884
f 2174/2825/1885 1941/2499/1885 1940/2498/1885 1946/2506/1885
f 2177/2828/1886 2176/2827/1886 2178/2829/1886 2179/2830/1886
f 2177/2828/1887 2179/2830/1887 2180/2831/1887 1936/2832/1887
f 2177/2828/1888 1936/2832/1888 1935/2500/1888 1941/2499/1888
f 2180/2831/1889 2179/2830/1889 2181/2833/1889 74/2834/1889
f 2180/2835/1890 74/10/1890 73/9/1890 1931/2488/1890
f 2180/2835/1891 1931/2488/1891 1930/2487/1891 1936/2493/1891
f 2181/2836/1892 2182/2837/1892 2183/2838/1892 2184/2839/1892
f 2181/2833/1893 2184/2840/1893 67/2841/1893 74/2834/1893
f 2181/2833/1894 2179/2830/1894 2178/2829/1894 2182/2842/1894
f 2184/2839/1895 2183/2838/1895 2185/2843/1895 2186/2844/1895
f 2184/2840/1896 2186/2845/1896 68/2846/1896 67/2841/1896
f 2186/2845/1897 2185/2847/1897 2187/2848/1897 2188/2849/1897
f 2186/2845/1898 2188/2849/1898 2189/2850/1898 68/2846/1898
f 2189/2850/1899 2188/2849/1899 2190/2851/1899 2191/2852/1899
f 2189/2850/1900 2191/2852/1900 2192/2853/1900 2193/2854/1900
f 2189/2850/1901 2193/2854/1901 69/2855/1901 68/2846/1901
f 2193/2854/1902 2192/2853/1902 118/2856/1902 2194/2857/1902
f 2193/2854/1903 2194/2857/1903 70/2858/1903 69/2855/1903
f 2194/2857/1904 118/2856/1904 117/2859/1904 2195/2860/1904
f 2194/2857/1905 2195/2860/1905 2196/2861/1905 70/2858/1905
f 2196/2861/1906 2195/2860/1906 2197/2862/1906 97/2863/1906
f 2196/2864/1907 97/39/1907 5/38/1907 2198/2865/1907
f 2196/2864/1908 2198/2865/1908 71/6/1908 70/5/1908
f 2198/2865/1909 5/38/1909 102/45/1909 2199/2866/1909
f 2198/2865/1910 2199/2866/1910 72/7/1910 71/6/1910
f 2199/2866/1911 102/45/1911 104/47/1911 1634/2867/1911
f 2199/2866/1912 1634/2867/1912 1632/2868/1912 72/7/1912
f 2197/2862/1913 2195/2860/1913 117/2859/1913 116/2869/1913
f 2197/2862/1914 116/2869/1914 2200/2870/1914 2201/2871/1914
f 2197/2862/1915 2201/2871/1915 98/2872/1915 97/2863/1915
f 2201/2871/1916 2200/2870/1916 2202/2873/1916 2203/2874/1916
f 2201/2871/1917 2203/2874/1917 2204/2875/1917 98/2872/1917
f 2204/2875/1918 2203/2874/1918 2205/2876/1918 2206/2877/1918
f 2204/2875/1919 2206/2877/1919 2207/2878/1919 2208/2879/1919
f 2204/2880/1920 2208/2881/1920 99/41/1920 98/40/1920
f 2208/2879/1921 2207/2878/1921 2209/2882/1921 2210/2883/1921
f 2208/2881/1922 2210/2884/1922 100/42/1922 99/41/1922
f 2210/2883/1923 2209/2882/1923 2211/2885/1923 2212/2886/1923
f 2210/2883/1924 2212/2886/1924 2213/2887/1924 100/2888/1924
f 2213/2889/1925 109/52/1925 101/43/1925 100/42/1925
f 2213/2887/1926 2212/2886/1926 2214/2890/1926 2215/2891/1926
f 2213/2889/1927 2215/2892/1927 2216/2893/1927 109/52/1927
f 2216/2893/1928 2217/2894/1928 107/50/1928 109/52/1928
f 2216/2893/1929 2215/2892/1929 2218/2895/1929 2219/2896/1929
f 2216/2893/1930 2219/2896/1930 2220/2897/1930 2217/2894/1930
f 2220/2897/1931 2221/2898/1931 2222/2899/1931 2217/2894/1931
f 2220/2897/1932 2219/2896/1932 2223/2900/1932 2224/2901/1932
f 2220/2897/1933 2224/2901/1933 2225/2902/1933 2221/2898/1933
f 2225/2902/1934 2226/2903/1934 2227/2904/1934 2221/2898/1934
f 2225/2902/1935 2224/2901/1935 2228/2905/1935 2229/2906/1935
f 2225/2902/1936 2229/2906/1936 2230/2907/1936 2226/2903/1936
f 2230/2907/1937 2231/2908/1937 2232/2909/1937 2226/2903/1937
f 2230/2907/1938 2229/2906/1938 2233/2910/1938 2234/2911/1938
f 2230/2907/1939 2234/2911/1939 2235/2912/1939 2231/2908/1939
f 2235/2912/1940 2236/2913/1940 2237/2914/1940 2231/2908/1940
f 2235/2912/1941 2234/2911/1941 2238/2915/1941 2239/2916/1941
f 2235/2912/1942 2239/2916/1942 2240/2917/1942 2236/2913/1942
f 2240/2917/1943 2241/2918/1943 2242/2919/1943 2236/2913/1943
f 2240/2917/1944 2239/2916/1944 2243/2920/1944 2244/2921/1944
f 2240/2917/1945 2244/2921/1945 2245/2922/1945 2241/2918/1945
f 2245/2923/1946 2246/2924/1946 2247/2925/1946 2241/2926/1946
f 2245/2923/1947 2244/2927/1947 2248/2928/1947 2249/2929/1947
f 2245/2923/1948 2249/2929/1948 2250/2930/1948 2246/2924/1948
f 2250/2930/1949 2251/2931/1949 2252/2932/1949 2246/2924/1949
f 2250/2930/1950 2249/2929/1950 2253/2933/1950 2254/2934/1950
f 2250/2930/1951 2254/2934/1951 1747/2236/1951 2251/2931/1951
f 2254/2934/1952 2253/2933/1952 2255/2935/1952 1750/2239/1952
f 2254/2934/1953 1750/2239/1953 1748/2237/1953 1747/2236/1953
f 2255/2935/1954 2253/2933/1954 2256/2936/1954 2257/2937/1954
f 2255/2935/1955 2257/2937/1955 2258/2938/1955 2259/2939/1955
f 2255/2935/1956 2259/2939/1956 1751/2240/1956 1750/2239/1956
f 2259/2939/1957 2258/2938/1957 2260/2940/1957 2261/2941/1957
f 2259/2939/1958 2261/2941/1958 1752/2241/1958 1751/2240/1958
f 2261/2941/1959 2260/2940/1959 2262/2942/1959 2263/2943/1959
f 2261/2941/1960 2263/2943/1960 1754/2243/1960 1752/2241/1960
f 2263/2943/1961 2262/2942/1961 1832/2357/1961 1831/2356/1961
f 2263/2943/1962 1831/2356/1962 2264/2944/1962 1754/2243/1962
f 2264/2944/1963 1757/2246/1963 1755/2244/1963 1754/2243/1963
f 2264/2944/1964 1831/2356/1964 1829/2350/1964 1828/2349/1964
f 2264/2944/1965 1828/2349/1965 2265/2945/1965 1757/2246/1965
f 2265/2945/1966 1761/2250/1966 1758/2247/1966 1757/2246/1966
f 2265/2945/1967 1828/2349/1967 1827/2348/1967 2266/2946/1967
f 2265/2945/1968 2266/2946/1968 2267/2947/1968 1761/2250/1968
f 2267/2947/1969 1766/2257/1969 1762/2251/1969 1761/2250/1969
f 2267/2947/1970 2266/2946/1970 373/417/1970 377/421/1970
f 2267/2947/1971 377/421/1971 1772/2948/1971 1766/2257/1971
f 2266/2946/1972 1827/2348/1972 374/418/1972 373/417/1972
f 2262/2949/1973 2260/2950/1973 2268/2951/1973 2269/2952/1973
f 2262/2949/1974 2269/2952/1974 1833/2361/1974 1832/2953/1974
f 2269/2952/1975 2268/2951/1975 2270/2954/1975 2271/2955/1975
f 2269/2952/1976 2271/2955/1976 1835/2362/1976 1833/2361/1976
f 2271/2955/1977 2270/2954/1977 2272/2956/1977 2273/2957/1977
f 2271/2955/1978 2273/2957/1978 1837/2365/1978 1835/2362/1978
f 2273/2957/1979 2272/2956/1979 2274/2958/1979 2275/2959/1979
f 2273/2957/1980 2275/2959/1980 1839/2367/1980 1837/2365/1980
f 2275/2959/1981 2274/2958/1981 2276/2960/1981 2277/2961/1981
f 2275/2959/1982 2277/2961/1982 1843/2371/1982 1839/2367/1982
f 2277/2961/1983 2276/2960/1983 2278/2962/1983 2279/2963/1983
f 2277/2961/1984 2279/2963/1984 1844/2372/1984 1843/2371/1984
f 2279/2964/1985 2278/2965/1985 2280/2966/1985 2281/2967/1985
f 2279/2964/1986 2281/2967/1986 1846/2376/1986 1844/2375/1986
f 2281/2967/1987 2280/2966/1987 2282/2968/1987 1851/2381/1987
f 2281/2967/1988 1851/2381/1988 1848/2378/1988 1846/2376/1988
f 2282/2968/1989 2280/2966/1989 2283/2969/1989 2284/2970/1989
f 2282/2968/1990 2284/2970/1990 2285/2971/1990 2286/2972/1990
f 2282/2968/1991 2286/2972/1991 1852/2382/1991 1851/2381/1991
f 2286/2972/1992 2285/2971/1992 2287/2973/1992 1856/2388/1992
f 2286/2972/1993 1856/2388/1993 1853/2383/1993 1852/2382/1993
f 2287/2973/1994 2285/2971/1994 2288/2974/1994 2289/2975/1994
f 2287/2973/1995 2289/2975/1995 1861/2393/1995 1859/2391/1995
f 2287/2973/1996 1859/2391/1996 1857/2389/1996 1856/2388/1996
f 2289/2975/1997 2288/2974/1997 2290/2976/1997 2291/2977/1997
f 2289/2975/1998 2291/2977/1998 1863/2395/1998 1861/2393/1998
f 2291/2977/1999 2290/2976/1999 2292/2978/1999 2293/2979/1999
f 2291/2977/2000 2293/2979/2000 2294/2980/2000 1863/2395/2000
f 2294/2980/2001 2293/2979/2001 2295/2981/2001 2296/2982/2001
f 2294/2980/2002 2296/2982/2002 2297/2983/2002 1866/2398/2002
f 2294/2980/2003 1866/2398/2003 1864/2396/2003 1863/2395/2003
f 2297/2983/2004 2296/2982/2004 2298/2984/2004 2299/2985/2004
f 2297/2983/2005 2299/2985/2005 2300/2986/2005 2301/2987/2005
f 2297/2983/2006 2301/2987/2006 1867/2399/2006 1866/2398/2006
f 2301/2988/2007 2300/2989/2007 2302/2990/2007 2303/2991/2007
f 2301/2987/2008 2303/2992/2008 1868/2400/2008 1867/2399/2008
f 2303/2991/2009 2302/2990/2009 2304/2993/2009 1873/2408/2009
f 2303/2991/2010 1873/2408/2010 1870/2404/2010 1868/2403/2010
f 2304/2993/2011 2302/2990/2011 2305/2994/2011 2306/2995/2011
f 2304/2993/2012 2306/2995/2012 2307/2996/2012 1876/2411/2012
f 2304/2993/2013 1876/2411/2013 1874/2409/2013 1873/2408/2013
f 2307/2996/2014 2306/2995/2014 2308/2997/2014 2309/2998/2014
f 2307/2996/2015 2309/2998/2015 2310/2999/2015 1879/2414/2015
f 2307/2996/2016 1879/2414/2016 1877/2412/2016 1876/2411/2016
f 2310/2999/2017 2309/2998/2017 2311/3000/2017 2312/3001/2017
f 2310/2999/2018 2312/3001/2018 2313/3002/2018 1882/2417/2018
f 2310/2999/2019 1882/2417/2019 1880/2415/2019 1879/2414/2019
f 2313/3002/2020 2312/3001/2020 2314/3003/2020 2315/3004/2020
f 2313/3002/2021 2315/3004/2021 2316/3005/2021 1885/2421/2021
f 2313/3002/2022 1885/2421/2022 1883/2418/2022 1882/2417/2022
f 2316/3005/2023 2315/3004/2023 2317/3006/2023 2318/3007/2023
f 2316/3005/2024 2318/3007/2024 2319/3008/2024 1888/2426/2024
f 2316/3005/2025 1888/2426/2025 1886/2422/2025 1885/2421/2025
f 2319/3008/2026 2318/3007/2026 2320/3009/2026 2321/3010/2026
f 2319/3011/2027 2321/3012/2027 2322/3013/2027 1891/2431/2027
f 2319/3011/2028 1891/2431/2028 1889/2429/2028 1888/3014/2028
f 2322/3013/2029 2321/3012/2029 2323/3015/2029 2324/3016/2029
f 2322/3013/2030 2324/3016/2030 1896/2436/2030 1894/2434/2030
f 2322/3013/2031 1894/2434/2031 1892/2432/2031 1891/2431/2031
f 2324/3016/2032 2323/3015/2032 126/3017/2032 122/70/2032
f 2324/3016/2033 122/70/2033 121/69/2033 1896/2436/2033
f 2323/3018/2034 2325/3019/2034 2326/3020/2034 126/3021/2034
f 2323/3022/2035 2321/3010/2035 2320/3009/2035 2325/3023/2035
f 2326/3020/2036 2327/3024/2036 2328/3025/2036 2329/3026/2036
f 2326/3020/2037 2329/3026/2037 123/3027/2037 126/3021/2037
f 2326/3020/2038 2325/3019/2038 2330/3028/2038 2327/3024/2038
f 2330/3028/2039 2331/3029/2039 2332/3030/2039 2327/3024/2039
f 2330/3031/2040 2325/3023/2040 2320/3009/2040 2333/3032/2040
f 2330/3031/2041 2333/3032/2041 2334/3033/2041 2331/3034/2041
f 2334/3033/2042 2335/3035/2042 2336/3036/2042 2331/3034/2042
f 2334/3033/2043 2333/3032/2043 2317/3006/2043 2337/3037/2043
f 2334/3033/2044 2337/3037/2044 2338/3038/2044 2335/3035/2044
f 2338/3038/2045 2339/3039/2045 2340/3040/2045 2335/3035/2045
f 2338/3038/2046 2337/3037/2046 2314/3003/2046 2341/3041/2046
f 2338/3038/2047 2341/3041/2047 2342/3042/2047 2339/3039/2047
f 2342/3042/2048 2343/3043/2048 2344/3044/2048 2339/3039/2048
f 2342/3042/2049 2341/3041/2049 2311/3000/2049 2345/3045/2049
f 2342/3042/2050 2345/3045/2050 2346/3046/2050 2343/3043/2050
f 2346/3046/2051 2347/3047/2051 2348/3048/2051 2343/3043/2051
f 2346/3046/2052 2345/3045/2052 2308/2997/2052 2349/3049/2052
f 2346/3046/2053 2349/3049/2053 2350/3050/2053 2347/3047/2053
f 2350/3051/2054 2351/3052/2054 2352/3053/2054 2347/3054/2054
f 2350/3050/2055 2349/3049/2055 2305/2994/2055 2353/3055/2055
f 2350/3051/2056 2353/3056/2056 2354/3057/2056 2351/3052/2056
f 2354/3057/2057 2355/3058/2057 2356/3059/2057 2351/3052/2057
f 2354/3057/2058 2353/3056/2058 2300/2986/2058 2299/2985/2058
f 2354/3057/2059 2299/2985/2059 2298/2984/2059 2355/3058/2059
f 2356/3059/2060 2357/3060/2060 2358/3061/2060 2359/3062/2060
f 2356/3059/2061 2359/3062/2061 2352/3053/2061 2351/3052/2061
f 2356/3059/2062 2355/3058/2062 2360/3063/2062 2357/3060/2062
f 2360/3063/2063 2361/3064/2063 2362/3065/2063 2357/3060/2063
f 2360/3063/2064 2355/3058/2064 2298/2984/2064 2363/3066/2064
f 2360/3063/2065 2363/3066/2065 2364/3067/2065 2361/3064/2065
f 2364/3067/2066 2365/3068/2066 2366/3069/2066 2361/3064/2066
f 2364/3067/2067 2363/3066/2067 2295/2981/2067 2367/3070/2067
f 2364/3067/2068 2367/3070/2068 2368/3071/2068 2365/3068/2068
f 2368/3071/2069 2369/3072/2069 2370/3073/2069 2365/3068/2069
f 2368/3071/2070 2367/3070/2070 2292/2978/2070 2371/3074/2070
f 2368/3071/2071 2371/3074/2071 2372/3075/2071 2369/3072/2071
f 2372/3075/2072 2373/3076/2072 2374/3077/2072 2369/3072/2072
f 2372/3075/2073 2371/3074/2073 2375/3078/2073 2376/3079/2073
f 2372/3075/2074 2376/3079/2074 2377/3080/2074 2373/3076/2074
f 2377/3081/2075 2378/3082/2075 2379/3083/2075 2373/3084/2075
f 2377/3080/2076 2376/3079/2076 2380/3085/2076 2381/3086/2076
f 2377/3081/2077 2381/3087/2077 2382/3088/2077 2378/3082/2077
f 2382/3088/2078 2383/3089/2078 2384/3090/2078 2378/3082/2078
f 2382/3088/2079 2381/3087/2079 2385/3091/2079 2386/3092/2079
f 2382/3088/2080 2386/3092/2080 2387/3093/2080 2383/3089/2080
f 2387/3093/2081 2388/3094/2081 2389/3095/2081 2383/3089/2081
f 2387/3093/2082 2386/3092/2082 2276/2960/2082 2274/2958/2082
f 2387/3093/2083 2274/2958/2083 2272/2956/2083 2388/3094/2083
f 2389/3095/2084 2390/3096/2084 2391/3097/2084 2392/3098/2084
f 2389/3095/2085 2392/3098/2085 2384/3090/2085 2383/3089/2085
f 2389/3095/2086 2388/3094/2086 2393/3099/2086 2390/3096/2086
f 2393/3099/2087 2394/3100/2087 2395/3101/2087 2390/3096/2087
f 2393/3099/2088 2388/3094/2088 2272/2956/2088 2270/2954/2088
f 2393/3099/2089 2270/2954/2089 2268/2951/2089 2394/3100/2089
f 2395/3101/2090 2257/3102/2090 2256/3103/2090 2396/3104/2090
f 2395/3101/2091 2396/3104/2091 2391/3097/2091 2390/3096/2091
f 2395/3101/2092 2394/3100/2092 2258/3105/2092 2257/3102/2092
f 2396/3104/2093 2256/3103/2093 2248/3106/2093 2397/3107/2093
f 2396/3104/2094 2397/3107/2094 2398/3108/2094 2391/3097/2094
f 2398/3108/2095 2397/3107/2095 2243/2920/2095 2399/3109/2095
f 2398/3108/2096 2399/3109/2096 2400/3110/2096 2401/3111/2096
f 2398/3108/2097 2401/3111/2097 2392/3098/2097 2391/3097/2097
f 2401/3111/2098 2400/3110/2098 2402/3112/2098 2403/3113/2098
f 2401/3111/2099 2403/3113/2099 2384/3090/2099 2392/3098/2099
f 2403/3113/2100 2402/3112/2100 2404/3114/2100 2379/3083/2100
f 2403/3113/2101 2379/3083/2101 2378/3082/2101 2384/3090/2101
f 2404/3114/2102 2402/3112/2102 2405/3115/2102 2406/3116/2102
f 2404/3114/2103 2406/3116/2103 2407/3117/2103 2374/3118/2103
f 2404/3114/2104 2374/3118/2104 2373/3084/2104 2379/3083/2104
f 2407/3117/2105 2406/3116/2105 2408/3119/2105 2409/3120/2105
f 2407/3121/2106 2409/3122/2106 2410/3123/2106 2370/3073/2106
f 2407/3121/2107 2370/3073/2107 2369/3072/2107 2374/3077/2107
f 2410/3123/2108 2409/3122/2108 2411/3124/2108 2412/3125/2108
f 2410/3123/2109 2412/3125/2109 2413/3126/2109 2366/3069/2109
f 2410/3123/2110 2366/3069/2110 2365/3068/2110 2370/3073/2110
f 2413/3126/2111 2412/3125/2111 2414/3127/2111 2415/3128/2111
f 2413/3126/2112 2415/3128/2112 2416/3129/2112 2362/3065/2112
f 2413/3126/2113 2362/3065/2113 2361/3064/2113 2366/3069/2113
f 2416/3129/2114 2415/3128/2114 2417/3130/2114 2418/3131/2114
f 2416/3129/2115 2418/3131/2115 2419/3132/2115 2358/3061/2115
f 2416/3129/2116 2358/3061/2116 2357/3060/2116 2362/3065/2116
f 2419/3132/2117 2418/3131/2117 2420/3133/2117 2421/3134/2117
f 2419/3132/2118 2421/3134/2118 2422/3135/2118 2423/3136/2118
f 2419/3132/2119 2423/3136/2119 2359/3062/2119 2358/3061/2119
f 2423/3136/2120 2422/3135/2120 2424/3137/2120 2425/3138/2120
f 2423/3136/2121 2425/3138/2121 2352/3053/2121 2359/3062/2121
f 2425/3138/2122 2424/3137/2122 2426/3139/2122 2348/3140/2122
f 2425/3138/2123 2348/3140/2123 2347/3054/2123 2352/3053/2123
f 2426/3139/2124 2424/3137/2124 2427/3141/2124 2428/3142/2124
f 2426/3143/2125 2428/3144/2125 2429/3145/2125 2344/3044/2125
f 2426/3143/2126 2344/3044/2126 2343/3043/2126 2348/3048/2126
f 2429/3145/2127 2428/3144/2127 2430/3146/2127 2431/3147/2127
f 2429/3145/2128 2431/3147/2128 2432/3148/2128 2340/3040/2128
f 2429/3145/2129 2340/3040/2129 2339/3039/2129 2344/3044/2129
f 2432/3149/2130 2431/3150/2130 2433/3151/2130 2434/3152/2130
f 2432/3149/2131 2434/3152/2131 2435/3153/2131 2336/3154/2131
f 2432/3148/2132 2336/3036/2132 2335/3035/2132 2340/3040/2132
f 2435/3153/2133 2434/3152/2133 2436/3155/2133 2437/3156/2133
f 2435/3157/2134 2437/3158/2134 2438/3159/2134 2332/3160/2134
f 2435/3153/2135 2332/3030/2135 2331/3029/2135 2336/3154/2135
f 2438/3161/2136 2437/3156/2136 148/108/2136 2439/3162/2136
f 2438/3161/2137 2439/3162/2137 2440/3163/2137 2328/3025/2137
f 2438/3161/2138 2328/3025/2138 2327/3024/2138 2332/3030/2138
f 2440/3163/2139 2439/3162/2139 141/100/2139 2441/3164/2139
f 2440/3163/2140 2441/3164/2140 2442/3165/2140 2443/3166/2140
f 2440/3167/2141 2443/3168/2141 2329/3169/2141 2328/3170/2141
f 2443/3168/2142 2442/3171/2142 2444/3172/2142 124/73/2142
f 2443/3168/2143 124/73/2143 123/72/2143 2329/3169/2143
f 2444/3173/2144 2442/3174/2144 2445/3175/2144 2446/3176/2144
f 2444/3173/2145 2446/3176/2145 2447/3177/2145 2448/3178/2145
f 2444/3172/2146 2448/3179/2146 125/74/2146 124/73/2146
f 2448/3178/2147 2447/3177/2147 2449/3180/2147 2450/3181/2147
f 2448/3179/2148 2450/3182/2148 2451/3183/2148 125/74/2148
f 2451/3183/2149 2450/3182/2149 87/27/2149 89/29/2149
f 2451/3183/2150 89/29/2150 2452/3184/2150 2453/3185/2150
f 2451/3183/2151 2453/3185/2151 8/71/2151 125/74/2151
f 2453/3185/2152 2452/3184/2152 2454/3186/2152 2455/3187/2152
f 2453/3185/2153 2455/3187/2153 120/3188/2153 8/71/2153
f 2455/3189/2154 2454/3190/2154 2456/3191/2154 2457/3192/2154
f 2455/3189/2155 2457/3192/2155 1900/2440/2155 120/68/2155
f 2457/3192/2156 2456/3191/2156 2458/3193/2156 2459/3194/2156
f 2457/3192/2157 2459/3194/2157 1901/2441/2157 1900/2440/2157
f 2459/3194/2158 2458/3193/2158 1908/2452/2158 1906/2449/2158
f 2459/3194/2159 1906/2449/2159 1902/2442/2159 1901/2441/2159
f 2458/3193/2160 2456/3191/2160 2460/3195/2160 2461/3196/2160
f 2458/3193/2161 2461/3196/2161 1910/2455/2161 1908/2452/2161
f 2461/3196/2162 2460/3195/2162 94/35/2162 93/34/2162
f 2461/3196/2163 93/34/2163 96/37/2163 1910/2455/2163
f 2460/3195/2164 2456/3191/2164 2454/3190/2164 2462/3197/2164
f 2460/3195/2165 2462/3197/2165 2463/3198/2165 94/35/2165
f 2463/3198/2166 2462/3197/2166 2464/3199/2166 2465/3200/2166
f 2463/3198/2167 2465/3200/2167 2466/3201/2167 2467/3202/2167
f 2463/3198/2168 2467/3202/2168 95/36/2168 94/35/2168
f 2467/3202/2169 2466/3201/2169 2468/3203/2169 2469/3204/2169
f 2467/3202/2170 2469/3204/2170 2470/3205/2170 95/36/2170
f 2470/3205/2171 2471/3206/2171 4/30/2171 95/36/2171
f 2470/3205/2172 2469/3204/2172 2472/3207/2172 2473/3208/2172
f 2470/3205/2173 2473/3208/2173 2474/3209/2173 2471/3206/2173
f 2474/3209/2174 2475/3210/2174 2476/3211/2174 2471/3206/2174
f 2474/3209/2175 2473/3208/2175 2477/3212/2175 2478/3213/2175
f 2474/3209/2176 2478/3213/2176 2479/3214/2176 2475/3210/2176
f 2479/3214/2177 2480/3215/2177 2481/3216/2177 2475/3210/2177
f 2479/3214/2178 2478/3213/2178 2482/3217/2178 2483/3218/2178
f 2479/3214/2179 2483/3218/2179 2484/3219/2179 2480/3215/2179
f 2484/3220/2180 2485/3221/2180 2486/3222/2180 2480/3223/2180
f 2484/3219/2181 2483/3218/2181 2487/3224/2181 2488/3225/2181
f 2484/3220/2182 2488/3226/2182 2489/3227/2182 2485/3221/2182
f 2489/3227/2183 2490/3228/2183 2491/3229/2183 2485/3221/2183
f 2489/3227/2184 2488/3226/2184 2492/3230/2184 2493/3231/2184
f 2489/3227/2185 2493/3231/2185 2494/3232/2185 2490/3228/2185
f 2494/3232/2186 2495/3233/2186 2496/3234/2186 2490/3228/2186
f 2494/3232/2187 2493/3231/2187 2497/3235/2187 2498/3236/2187
f 2494/3232/2188 2498/3236/2188 2499/3237/2188 2495/3233/2188
f 2499/3237/2189 2500/3238/2189 2501/3239/2189 2495/3233/2189
f 2499/3237/2190 2498/3236/2190 2502/3240/2190 2503/3241/2190
f 2499/3237/2191 2503/3241/2191 2504/3242/2191 2500/3238/2191
f 2504/3242/2192 2505/3243/2192 2506/3244/2192 2500/3238/2192
f 2504/3242/2193 2503/3241/2193 2507/3245/2193 2508/3246/2193
f 2504/3242/2194 2508/3246/2194 2509/3247/2194 2505/3243/2194
f 2509/3247/2195 2510/3248/2195 2511/3249/2195 2505/3243/2195
f 2509/3247/2196 2508/3246/2196 2512/3250/2196 2513/3251/2196
f 2509/3247/2197 2513/3251/2197 2514/3252/2197 2510/3248/2197
f 2514/3252/2198 2515/3253/2198 2516/3254/2198 2510/3248/2198
f 2514/3252/2199 2513/3251/2199 2517/3255/2199 2518/3256/2199
f 2514/3252/2200 2518/3256/2200 2519/3257/2200 2515/3253/2200
f 2519/3258/2201 2520/3259/2201 2521/3260/2201 2515/3261/2201
f 2519/3257/2202 2518/3256/2202 2522/3262/2202 2523/3263/2202
f 2519/3258/2203 2523/3264/2203 2524/3265/2203 2520/3259/2203
f 2524/3265/2204 2525/3266/2204 2526/3267/2204 2520/3259/2204
f 2524/3265/2205 2523/3264/2205 2527/3268/2205 2528/3269/2205
f 2524/3265/2206 2528/3269/2206 2529/3270/2206 2525/3266/2206
f 2529/3270/2207 2530/3271/2207 2531/3272/2207 2525/3266/2207
f 2529/3270/2208 2528/3269/2208 2060/2662/2208 2059/2661/2208
f 2529/3270/2209 2059/2661/2209 2532/3273/2209 2530/3271/2209
f 2532/3273/2210 2533/3274/2210 2534/3275/2210 2530/3271/2210
f 2532/3273/2211 2059/2661/2211 2057/2659/2211 2056/2658/2211
f 2532/3273/2212 2056/2658/2212 2535/3276/2212 2533/3274/2212
f 2535/3276/2213 2536/3277/2213 2537/3278/2213 2533/3274/2213
f 2535/3276/2214 2056/2658/2214 2055/2657/2214 2538/3279/2214
f 2535/3276/2215 2538/3279/2215 2539/3280/2215 2536/3277/2215
f 2539/3280/2216 2540/3281/2216 1983/2546/2216 2536/3277/2216
f 2539/3280/2217 2538/3279/2217 187/153/2217 2009/2584/2217
f 2539/3280/2218 2009/2584/2218 2008/2583/2218 2540/3281/2218
f 2540/3281/2219 1987/2551/2219 1984/2547/2219 1983/2546/2219
f 2540/3281/2220 2008/2583/2220 2007/2582/2220 1987/2551/2220
f 2538/3279/2221 2055/2657/2221 185/151/2221 187/153/2221
f 2537/3278/2222 1981/2543/2222 1979/2540/2222 2541/3282/2222
f 2537/3278/2223 2541/3282/2223 2534/3275/2223 2533/3274/2223
f 2537/3278/2224 2536/3277/2224 1983/2546/2224 1981/2543/2224
f 2541/3282/2225 1979/2540/2225 1977/2537/2225 1976/2536/2225
f 2541/3282/2226 1976/2536/2226 2542/3283/2226 2534/3275/2226
f 2542/3283/2227 1976/2536/2227 1974/2534/2227 2543/3284/2227
f 2542/3283/2228 2543/3284/2228 2544/3285/2228 2531/3272/2228
f 2542/3283/2229 2531/3272/2229 2530/3271/2229 2534/3275/2229
f 2544/3285/2230 2543/3284/2230 2545/3286/2230 2546/3287/2230
f 2544/3285/2231 2546/3287/2231 2547/3288/2231 2526/3267/2231
f 2544/3285/2232 2526/3267/2232 2525/3266/2232 2531/3272/2232
f 2547/3288/2233 2546/3287/2233 2548/3289/2233 2549/3290/2233
f 2547/3288/2234 2549/3290/2234 2550/3291/2234 2521/3260/2234
f 2547/3288/2235 2521/3260/2235 2520/3259/2235 2526/3267/2235
f 2550/3291/2236 2549/3290/2236 2551/3292/2236 2552/3293/2236
f 2550/3291/2237 2552/3293/2237 2553/3294/2237 2516/3295/2237
f 2550/3291/2238 2516/3295/2238 2515/3261/2238 2521/3260/2238
f 2553/3294/2239 2552/3293/2239 2554/3296/2239 2555/3297/2239
f 2553/3298/2240 2555/3299/2240 2556/3300/2240 2511/3249/2240
f 2553/3298/2241 2511/3249/2241 2510/3248/2241 2516/3254/2241
f 2556/3300/2242 2555/3299/2242 2557/3301/2242 2558/3302/2242
f 2556/3300/2243 2558/3302/2243 2559/3303/2243 2506/3244/2243
f 2556/3300/2244 2506/3244/2244 2505/3243/2244 2511/3249/2244
f 2559/3303/2245 2558/3302/2245 2560/3304/2245 2561/3305/2245
f 2559/3303/2246 2561/3305/2246 2562/3306/2246 2501/3239/2246
f 2559/3303/2247 2501/3239/2247 2500/3238/2247 2506/3244/2247
f 2562/3306/2248 2561/3305/2248 2563/3307/2248 2564/3308/2248
f 2562/3306/2249 2564/3308/2249 2565/3309/2249 2496/3234/2249
f 2562/3306/2250 2496/3234/2250 2495/3233/2250 2501/3239/2250
f 2565/3309/2251 2564/3308/2251 2566/3310/2251 2567/3311/2251
f 2565/3309/2252 2567/3311/2252 2568/3312/2252 2491/3229/2252
f 2565/3309/2253 2491/3229/2253 2490/3228/2253 2496/3234/2253
f 2568/3312/2254 2567/3311/2254 2569/3313/2254 2570/3314/2254
f 2568/3312/2255 2570/3314/2255 2571/3315/2255 2486/3222/2255
f 2568/3312/2256 2486/3222/2256 2485/3221/2256 2491/3229/2256
f 2571/3315/2257 2570/3314/2257 2572/3316/2257 2573/3317/2257
f 2571/3318/2258 2573/3319/2258 2574/3320/2258 2481/3216/2258
f 2571/3318/2259 2481/3216/2259 2480/3215/2259 2486/3321/2259
f 2574/3320/2260 2573/3319/2260 2575/3322/2260 2576/3323/2260
f 2574/3320/2261 2576/3323/2261 90/31/2261 2476/3211/2261
f 2574/3320/2262 2476/3211/2262 2475/3210/2262 2481/3216/2262
f 2576/3323/2263 2575/3322/2263 1917/2468/2263 1915/2465/2263
f 2576/3323/2264 1915/2465/2264 91/32/2264 90/31/2264
f 2575/3324/2265 1923/2480/2265 1919/2473/2265 1917/2472/2265
f 2575/3324/2266 2573/3317/2266 2572/3316/2266 1923/2480/2266
f 2572/3316/2267 1927/2484/2267 1924/2481/2267 1923/2480/2267
f 2572/3316/2268 2570/3314/2268 2569/3313/2268 1927/2484/2268
f 2569/3313/2269 1932/2489/2269 1928/2485/2269 1927/2484/2269
f 2569/3313/2270 2567/3311/2270 2566/3310/2270 1932/2489/2270
f 2566/3310/2271 1937/2494/2271 1933/2490/2271 1932/2489/2271
f 2566/3310/2272 2564/3308/2272 2563/3307/2272 1937/2494/2272
f 2563/3307/2273 1942/2501/2273 1938/2495/2273 1937/2494/2273
f 2563/3307/2274 2561/3305/2274 2560/3304/2274 1942/2501/2274
f 2560/3304/2275 1947/3325/2275 1943/2502/2275 1942/2501/2275
f 2560/3304/2276 2558/3302/2276 2557/3301/2276 1947/3325/2276
f 2557/3326/2277 1952/2512/2277 1948/2508/2277 1947/2507/2277
f 2557/3326/2278 2555/3297/2278 2554/3296/2278 1952/2512/2278
f 2554/3296/2279 1957/2517/2279 1953/2513/2279 1952/2512/2279
f 2554/3296/2280 2552/3293/2280 2551/3292/2280 1957/2517/2280
f 2551/3292/2281 1962/2522/2281 1958/2518/2281 1957/2517/2281
f 2551/3292/2282 2549/3290/2282 2548/3289/2282 1962/2522/2282
f 2548/3289/2283 1967/2527/2283 1963/2523/2283 1962/2522/2283
f 2548/3289/2284 2546/3287/2284 2545/3286/2284 1967/2527/2284
f 2545/3286/2285 1972/2532/2285 1968/2528/2285 1967/2527/2285
f 2545/3286/2286 2543/3284/2286 1974/2534/2286 1972/2532/2286
f 2528/3269/2287 2527/3268/2287 2061/2663/2287 2060/2662/2287
f 2527/3327/2288 2523/3263/2288 2522/3262/2288 2577/3328/2288
f 2527/3327/2289 2577/3328/2289 2063/2667/2289 2061/2666/2289
f 2577/3328/2290 2522/3262/2290 2578/3329/2290 2579/3330/2290
f 2577/3328/2291 2579/3330/2291 2065/2670/2291 2063/2667/2291
f 2579/3330/2292 2578/3329/2292 2580/3331/2292 2070/2675/2292
f 2579/3330/2293 2070/2675/2293 2067/2672/2293 2065/2670/2293
f 2580/3331/2294 2578/3329/2294 2517/3255/2294 2581/3332/2294
f 2580/3331/2295 2581/3332/2295 2582/3333/2295 2073/2679/2295
f 2580/3331/2296 2073/2679/2296 2071/2676/2296 2070/2675/2296
f 2582/3333/2297 2581/3332/2297 2512/3250/2297 2583/3334/2297
f 2582/3333/2298 2583/3334/2298 2584/3335/2298 2076/2684/2298
f 2582/3333/2299 2076/2684/2299 2074/2680/2299 2073/2679/2299
f 2584/3335/2300 2583/3334/2300 2507/3245/2300 2585/3336/2300
f 2584/3335/2301 2585/3336/2301 2081/3337/2301 2079/3338/2301
f 2584/3335/2302 2079/3338/2302 2077/2685/2302 2076/2684/2302
f 2585/3336/2303 2507/3245/2303 2503/3241/2303 2502/3240/2303
f 2585/3336/2304 2502/3240/2304 2586/3339/2304 2081/3337/2304
f 2586/3339/2305 2502/3240/2305 2498/3236/2305 2497/3235/2305
f 2586/3340/2306 2497/3341/2306 2587/3342/2306 2084/2694/2306
f 2586/3340/2307 2084/2694/2307 2082/2692/2307 2081/2691/2307
f 2587/3342/2308 2497/3341/2308 2493/3343/2308 2492/3344/2308
f 2587/3342/2309 2492/3344/2309 2588/3345/2309 2589/3346/2309
f 2587/3342/2310 2589/3346/2310 2085/2695/2310 2084/2694/2310
f 2589/3346/2311 2588/3345/2311 2590/3347/2311 2591/3348/2311
f 2589/3346/2312 2591/3348/2312 2086/2696/2312 2085/2695/2312
f 2591/3348/2313 2590/3347/2313 2592/3349/2313 2593/3350/2313
f 2591/3348/2314 2593/3350/2314 2088/2698/2314 2086/2696/2314
f 2593/3350/2315 2592/3349/2315 2594/3351/2315 2595/3352/2315
f 2593/3350/2316 2595/3352/2316 2090/2700/2316 2088/2698/2316
f 2595/3352/2317 2594/3351/2317 2596/3353/2317 2597/3354/2317
f 2595/3352/2318 2597/3354/2318 2598/3355/2318 2090/2700/2318
f 2598/3355/2319 2597/3354/2319 2599/3356/2319 2600/3357/2319
f 2598/3355/2320 2600/3357/2320 2601/3358/2320 2093/2703/2320
f 2598/3355/2321 2093/2703/2321 2091/2701/2321 2090/2700/2321
f 2601/3359/2322 2600/3360/2322 2602/3361/2322 2603/3362/2322
f 2601/3359/2323 2603/3362/2323 2604/3363/2323 2605/3364/2323
f 2601/3358/2324 2605/3365/2324 2094/2704/2324 2093/2703/2324
f 2605/3364/2325 2604/3363/2325 2606/3366/2325 2101/3367/2325
f 2605/3365/2326 2101/3368/2326 2095/2705/2326 2094/2704/2326
f 2606/3369/2327 2106/2720/2327 2102/2714/2327 2101/2713/2327
f 2606/3366/2328 2604/3363/2328 2148/2792/2328 2146/2791/2328
f 2606/3369/2329 2146/2787/2329 2145/2786/2329 2106/2720/2329
f 2604/3363/2330 2603/3362/2330 2150/2794/2330 2148/2792/2330
f 2603/3362/2331 2602/3361/2331 2607/3370/2331 2150/2794/2331
f 2607/3370/2332 2602/3361/2332 2608/3371/2332 2609/3372/2332
f 2607/3370/2333 2609/3372/2333 2610/3373/2333 2153/2797/2333
f 2607/3370/2334 2153/2797/2334 2151/2795/2334 2150/2794/2334
f 2610/3373/2335 2609/3372/2335 2611/3374/2335 2612/3375/2335
f 2610/3373/2336 2612/3375/2336 2613/3376/2336 2157/2804/2336
f 2610/3373/2337 2157/2804/2337 2154/2798/2337 2153/2797/2337
f 2613/3376/2338 2612/3375/2338 2614/3377/2338 2615/3378/2338
f 2613/3376/2339 2615/3378/2339 2616/3379/2339 2160/2807/2339
f 2613/3376/2340 2160/2807/2340 2158/2805/2340 2157/2804/2340
f 2616/3379/2341 2615/3378/2341 2617/3380/2341 2618/3381/2341
f 2616/3379/2342 2618/3381/2342 2619/3382/2342 2163/2813/2342
f 2616/3379/2343 2163/2813/2343 2161/2808/2343 2160/2807/2343
f 2619/3382/2344 2618/3381/2344 2620/3383/2344 2621/3384/2344
f 2619/3382/2345 2621/3384/2345 2622/3385/2345 2166/3386/2345
f 2619/3382/2346 2166/3386/2346 2164/2814/2346 2163/2813/2346
f 2622/3385/2347 2621/3384/2347 2623/3387/2347 2624/3388/2347
f 2622/3389/2348 2624/3390/2348 2625/3391/2348 2169/2820/2348
f 2622/3389/2349 2169/2820/2349 2167/2818/2349 2166/2817/2349
f 2625/3391/2350 2624/3390/2350 2626/3392/2350 2627/3393/2350
f 2625/3391/2351 2627/3393/2351 2628/3394/2351 2172/2823/2351
f 2625/3391/2352 2172/2823/2352 2170/2821/2352 2169/2820/2352
f 2628/3394/2353 2627/3393/2353 2629/3395/2353 2630/3396/2353
f 2628/3394/2354 2630/3396/2354 2631/3397/2354 2175/2826/2354
f 2628/3394/2355 2175/2826/2355 2173/2824/2355 2172/2823/2355
f 2631/3397/2356 2630/3396/2356 2632/3398/2356 2633/3399/2356
f 2631/3397/2357 2633/3399/2357 2182/2842/2357 2178/2829/2357
f 2631/3397/2358 2178/2829/2358 2176/2827/2358 2175/2826/2358
f 2633/3400/2359 2632/3401/2359 2634/3402/2359 2635/3403/2359
f 2633/3400/2360 2635/3403/2360 2183/2838/2360 2182/2837/2360
f 2635/3403/2361 2634/3402/2361 2636/3404/2361 2637/3405/2361
f 2635/3403/2362 2637/3405/2362 2185/2843/2362 2183/2838/2362
f 2637/3405/2363 2636/3404/2363 2638/3406/2363 2639/3407/2363
f 2637/3405/2364 2639/3407/2364 2187/3408/2364 2185/2843/2364
f 2639/3407/2365 2638/3406/2365 2640/3409/2365 2641/3410/2365
f 2639/3407/2366 2641/3410/2366 2642/3411/2366 2187/3408/2366
f 2642/3411/2367 2641/3410/2367 2643/3412/2367 2644/3413/2367
f 2642/3411/2368 2644/3413/2368 2645/3414/2368 2190/3415/2368
f 2642/3411/2369 2190/3415/2369 2188/3416/2369 2187/3408/2369
f 2645/3417/2370 2644/3418/2370 2646/3419/2370 2647/3420/2370
f 2645/3417/2371 2647/3420/2371 2648/3421/2371 2649/3422/2371
f 2645/3417/2372 2649/3422/2372 2191/3423/2372 2190/3424/2372
f 2649/3422/2373 2648/3421/2373 2650/3425/2373 2651/3426/2373
f 2649/3422/2374 2651/3426/2374 2192/3427/2374 2191/3423/2374
f 2651/3426/2375 2650/3425/2375 111/55/2375 110/54/2375
f 2651/3426/2376 110/54/2376 118/64/2376 2192/3427/2376
f 2650/3425/2377 2648/3421/2377 2652/3428/2377 2653/3429/2377
f 2650/3425/2378 2653/3429/2378 2654/3430/2378 111/55/2378
f 2654/3431/2379 2653/3432/2379 263/263/2379 262/262/2379
f 2654/3433/2380 262/268/2380 266/267/2380 2655/3434/2380
f 2654/3430/2381 2655/3435/2381 112/56/2381 111/55/2381
f 2655/3434/2382 266/267/2382 2656/3436/2382 159/3437/2382
f 2655/3438/2383 159/3439/2383 113/59/2383 112/58/2383
f 2656/3436/2384 266/267/2384 265/266/2384 2657/3440/2384
f 2656/3441/2385 2657/3442/2385 275/3443/2385 2658/3444/2385
f 2656/3441/2386 2658/3444/2386 157/3445/2386 159/3446/2386
f 2658/3447/2387 275/282/2387 33/281/2387 2659/3448/2387
f 2658/3447/2388 2659/3448/2388 158/119/2388 157/118/2388
f 2659/3448/2389 33/281/2389 281/288/2389 2660/3449/2389
f 2659/3450/2390 2660/3451/2390 2661/3452/2390 158/3453/2390
f 2661/3452/2391 2660/3451/2391 2662/3454/2391 2663/3455/2391
f 2661/3456/2392 2663/3457/2392 119/66/2392 114/65/2392
f 2661/3456/2393 114/65/2393 113/3458/2393 158/3459/2393
f 2663/3455/2394 2662/3454/2394 2664/3460/2394 2665/3461/2394
f 2663/3457/2395 2665/3462/2395 2666/3463/2395 119/66/2395
f 2666/3463/2396 2665/3462/2396 2667/3464/2396 2668/3465/2396
f 2666/3463/2397 2668/3465/2397 2669/3466/2397 2670/3467/2397
f 2666/3463/2398 2670/3467/2398 115/61/2398 119/66/2398
f 2670/3467/2399 2669/3466/2399 2202/3468/2399 2200/3469/2399
f 2670/3467/2400 2200/3469/2400 116/62/2400 115/61/2400
f 2669/3466/2401 2668/3465/2401 2671/3470/2401 2672/3471/2401
f 2669/3466/2402 2672/3471/2402 2673/3472/2402 2202/3468/2402
f 2673/3472/2403 2672/3471/2403 2674/3473/2403 2675/3474/2403
f 2673/3475/2404 2675/3476/2404 2676/3477/2404 2205/3478/2404
f 2673/3479/2405 2205/2876/2405 2203/2874/2405 2202/2873/2405
f 2676/3477/2406 2675/3476/2406 2677/3480/2406 2678/3481/2406
f 2676/3477/2407 2678/3481/2407 2679/3482/2407 2680/3483/2407
f 2676/3484/2408 2680/3485/2408 2206/2877/2408 2205/2876/2408
f 2680/3483/2409 2679/3482/2409 2681/3486/2409 2682/3487/2409
f 2680/3483/2410 2682/3487/2410 2207/3488/2410 2206/3489/2410
f 2682/3487/2411 2681/3486/2411 2683/3490/2411 2684/3491/2411
f 2682/3487/2412 2684/3491/2412 2209/3492/2412 2207/3488/2412
f 2684/3493/2413 2683/3494/2413 2685/3495/2413 2686/3496/2413
f 2684/3493/2414 2686/3496/2414 2211/2885/2414 2209/2882/2414
f 2686/3496/2415 2685/3495/2415 2421/3134/2415 2420/3133/2415
f 2686/3496/2416 2420/3133/2416 2687/3497/2416 2211/2885/2416
f 2687/3497/2417 2214/2890/2417 2212/2886/2417 2211/2885/2417
f 2687/3497/2418 2420/3133/2418 2418/3131/2418 2417/3130/2418
f 2687/3497/2419 2417/3130/2419 2688/3498/2419 2214/2890/2419
f 2688/3498/2420 2218/3499/2420 2215/2891/2420 2214/2890/2420
f 2688/3498/2421 2417/3130/2421 2415/3128/2421 2414/3127/2421
f 2688/3498/2422 2414/3127/2422 2689/3500/2422 2218/3499/2422
f 2689/3501/2423 2223/2900/2423 2219/2896/2423 2218/2895/2423
f 2689/3500/2424 2414/3127/2424 2412/3125/2424 2411/3124/2424
f 2689/3501/2425 2411/3502/2425 2690/3503/2425 2223/2900/2425
f 2690/3503/2426 2228/2905/2426 2224/2901/2426 2223/2900/2426
f 2690/3503/2427 2411/3502/2427 2409/3120/2427 2408/3119/2427
f 2690/3503/2428 2408/3119/2428 2691/3504/2428 2228/2905/2428
f 2691/3504/2429 2233/2910/2429 2229/2906/2429 2228/2905/2429
f 2691/3504/2430 2408/3119/2430 2406/3116/2430 2405/3115/2430
f 2691/3504/2431 2405/3115/2431 2692/3505/2431 2233/2910/2431
f 2692/3505/2432 2238/2915/2432 2234/2911/2432 2233/2910/2432
f 2692/3505/2433 2405/3115/2433 2402/3112/2433 2400/3110/2433
f 2692/3505/2434 2400/3110/2434 2399/3109/2434 2238/2915/2434
f 2685/3495/2435 2683/3494/2435 2693/3506/2435 2694/3507/2435
f 2685/3495/2436 2694/3507/2436 2422/3135/2436 2421/3134/2436
f 2694/3507/2437 2693/3506/2437 2695/3508/2437 2427/3141/2437
f 2694/3507/2438 2427/3141/2438 2424/3137/2438 2422/3135/2438
f 2695/3509/2439 2693/3510/2439 2696/3511/2439 2697/3512/2439
f 2695/3509/2440 2697/3512/2440 2698/3513/2440 2430/3514/2440
f 2695/3508/2441 2430/3515/2441 2428/3142/2441 2427/3141/2441
f 2698/3513/2442 2697/3512/2442 2699/3516/2442 2700/3517/2442
f 2698/3513/2443 2700/3517/2443 2701/3518/2443 2433/3151/2443
f 2698/3513/2444 2433/3151/2444 2431/3150/2444 2430/3514/2444
f 2701/3518/2445 2700/3517/2445 2702/3519/2445 149/109/2445
f 2701/3518/2446 149/109/2446 12/105/2446 2436/3155/2446
f 2701/3518/2447 2436/3155/2447 2434/3152/2447 2433/3151/2447
f 2702/3519/2448 2703/3520/2448 2704/3521/2448 2705/3522/2448
f 2702/3519/2449 2705/3522/2449 150/110/2449 149/109/2449
f 2702/3519/2450 2700/3517/2450 2699/3516/2450 2703/3520/2450
f 2705/3522/2451 2704/3521/2451 2706/3523/2451 2707/3524/2451
f 2705/3522/2452 2707/3524/2452 2708/3525/2452 150/110/2452
f 2708/3525/2453 2707/3524/2453 2709/3526/2453 2710/3527/2453
f 2708/3525/2454 2710/3527/2454 2711/3528/2454 2712/3529/2454
f 2708/3525/2455 2712/3529/2455 146/106/2455 150/110/2455
f 2712/3529/2456 2711/3528/2456 2713/3530/2456 2714/3531/2456
f 2712/3529/2457 2714/3531/2457 147/107/2457 146/106/2457
f 2714/3531/2458 2713/3530/2458 2715/3532/2458 2716/3533/2458
f 2714/3531/2459 2716/3533/2459 2717/3534/2459 147/107/2459
f 2717/3534/2460 2716/3533/2460 2718/3535/2460 2719/3536/2460
f 2717/3534/2461 2719/3536/2461 145/104/2461 144/103/2461
f 2717/3534/2462 144/103/2462 143/102/2462 147/107/2462
f 2719/3537/2463 2718/3538/2463 2720/3539/2463 2721/3540/2463
f 2719/3536/2464 2721/3541/2464 2722/3542/2464 145/104/2464
f 2722/3543/2465 2721/3540/2465 2723/3544/2465 2724/3545/2465
f 2722/3543/2466 2724/3545/2466 2445/3546/2466 2725/3547/2466
f 2722/3542/2467 2725/3548/2467 140/99/2467 145/104/2467
f 2725/3548/2468 2445/3549/2468 2442/3165/2468 2441/3164/2468
f 2725/3548/2469 2441/3164/2469 141/100/2469 140/99/2469
f 2724/3545/2470 2723/3544/2470 2726/3550/2470 2727/3551/2470
f 2724/3545/2471 2727/3551/2471 2446/3552/2471 2445/3546/2471
f 2727/3551/2472 2726/3550/2472 2728/3553/2472 2729/3554/2472
f 2727/3551/2473 2729/3554/2473 2447/3555/2473 2446/3552/2473
f 2729/3554/2474 2728/3553/2474 2730/3556/2474 2731/3557/2474
f 2729/3554/2475 2731/3557/2475 2449/3558/2475 2447/3555/2475
f 2731/3557/2476 2730/3556/2476 2732/3559/2476 2733/3560/2476
f 2731/3561/2477 2733/3562/2477 88/3563/2477 2449/3180/2477
f 2733/3560/2478 2732/3559/2478 2734/3564/2478 2735/3565/2478
f 2733/3562/2479 2735/3566/2479 85/3567/2479 88/3563/2479
f 2735/3565/2480 2734/3564/2480 2736/3568/2480 2737/3569/2480
f 2735/3566/2481 2737/3570/2481 86/3571/2481 85/3567/2481
f 2737/3572/2482 2736/3573/2482 2738/3574/2482 2739/3575/2482
f 2737/3572/2483 2739/3575/2483 2740/3576/2483 86/3577/2483
f 2740/3576/2484 2739/3575/2484 2741/3578/2484 2742/3579/2484
f 2740/3580/2485 2742/3581/2485 2743/3582/2485 2744/3583/2485
f 2740/3580/2486 2744/3583/2486 83/26/2486 86/25/2486
f 2744/3583/2487 2743/3582/2487 2745/3584/2487 2746/3585/2487
f 2744/3586/2488 2746/3587/2488 84/22/2488 83/21/2488
f 2746/3585/2489 2745/3584/2489 2747/3588/2489 2748/3589/2489
f 2746/3585/2490 2748/3589/2490 2749/3590/2490 84/3591/2490
f 2749/3590/2491 2750/3592/2491 80/17/2491 84/3591/2491
f 2749/3590/2492 2748/3589/2492 2751/3593/2492 2752/3594/2492
f 2749/3590/2493 2752/3594/2493 2753/3595/2493 2750/3592/2493
f 2753/3595/2494 2754/3596/2494 2755/3597/2494 2750/3592/2494
f 2753/3595/2495 2752/3594/2495 2756/3598/2495 2757/3599/2495
f 2753/3595/2496 2757/3599/2496 2758/3600/2496 2754/3596/2496
f 2758/3601/2497 2759/3602/2497 2468/3203/2497 2754/3603/2497
f 2758/3600/2498 2757/3599/2498 2760/3604/2498 2761/3605/2498
f 2758/3601/2499 2761/3606/2499 2762/3607/2499 2759/3602/2499
f 2762/3607/2500 2763/3608/2500 2472/3207/2500 2759/3602/2500
f 2762/3607/2501 2761/3606/2501 2764/3609/2501 2765/3610/2501
f 2762/3607/2502 2765/3610/2502 2766/3611/2502 2763/3608/2502
f 2766/3611/2503 2767/3612/2503 2477/3212/2503 2763/3608/2503
f 2766/3611/2504 2765/3610/2504 2768/3613/2504 2769/3614/2504
f 2766/3611/2505 2769/3614/2505 2770/3615/2505 2767/3612/2505
f 2770/3615/2506 2771/3616/2506 2482/3217/2506 2767/3612/2506
f 2770/3615/2507 2769/3614/2507 2594/3351/2507 2592/3349/2507
f 2770/3615/2508 2592/3349/2508 2590/3347/2508 2771/3616/2508
f 2771/3616/2509 2487/3224/2509 2483/3218/2509 2482/3217/2509
f 2771/3616/2510 2590/3347/2510 2588/3345/2510 2487/3224/2510
f 2769/3614/2511 2768/3613/2511 2596/3353/2511 2594/3351/2511
f 2768/3613/2512 2765/3610/2512 2764/3609/2512 2772/3617/2512
f 2768/3613/2513 2772/3617/2513 2773/3618/2513 2596/3353/2513
f 2773/3619/2514 2772/3620/2514 2774/3621/2514 2775/3622/2514
f 2773/3619/2515 2775/3622/2515 2608/3371/2515 2599/3623/2515
f 2773/3618/2516 2599/3356/2516 2597/3354/2516 2596/3353/2516
f 2775/3622/2517 2774/3621/2517 2776/3624/2517 2611/3374/2517
f 2775/3622/2518 2611/3374/2518 2609/3372/2518 2608/3371/2518
f 2776/3624/2519 2774/3621/2519 2777/3625/2519 2778/3626/2519
f 2776/3624/2520 2778/3626/2520 2779/3627/2520 2614/3377/2520
f 2776/3624/2521 2614/3377/2521 2612/3375/2521 2611/3374/2521
f 2779/3627/2522 2778/3626/2522 2780/3628/2522 2781/3629/2522
f 2779/3627/2523 2781/3629/2523 2782/3630/2523 2617/3380/2523
f 2779/3627/2524 2617/3380/2524 2615/3378/2524 2614/3377/2524
f 2782/3630/2525 2781/3629/2525 2783/3631/2525 2784/3632/2525
f 2782/3630/2526 2784/3632/2526 2785/3633/2526 2620/3383/2526
f 2782/3630/2527 2620/3383/2527 2618/3381/2527 2617/3380/2527
f 2785/3633/2528 2784/3632/2528 2786/3634/2528 2787/3635/2528
f 2785/3633/2529 2787/3635/2529 2788/3636/2529 2623/3387/2529
f 2785/3633/2530 2623/3387/2530 2621/3384/2530 2620/3383/2530
f 2788/3636/2531 2787/3635/2531 2789/3637/2531 2790/3638/2531
f 2788/3636/2532 2790/3638/2532 2791/3639/2532 2626/3640/2532
f 2788/3636/2533 2626/3640/2533 2624/3388/2533 2623/3387/2533
f 2791/3639/2534 2790/3638/2534 2792/3641/2534 2793/3642/2534
f 2791/3639/2535 2793/3642/2535 2794/3643/2535 2629/3644/2535
f 2791/3645/2536 2629/3395/2536 2627/3393/2536 2626/3392/2536
f 2794/3646/2537 2793/3647/2537 2795/3648/2537 2796/3649/2537
f 2794/3646/2538 2796/3649/2538 2634/3402/2538 2632/3401/2538
f 2794/3650/2539 2632/3398/2539 2630/3396/2539 2629/3395/2539
f 2796/3649/2540 2795/3648/2540 2797/3651/2540 2798/3652/2540
f 2796/3649/2541 2798/3652/2541 2636/3404/2541 2634/3402/2541
f 2798/3652/2542 2797/3651/2542 2799/3653/2542 2800/3654/2542
f 2798/3652/2543 2800/3654/2543 2638/3406/2543 2636/3404/2543
f 2800/3654/2544 2799/3653/2544 2801/3655/2544 2802/3656/2544
f 2800/3654/2545 2802/3656/2545 2640/3409/2545 2638/3406/2545
f 2802/3656/2546 2801/3655/2546 2803/3657/2546 2804/3658/2546
f 2802/3656/2547 2804/3658/2547 2805/3659/2547 2640/3409/2547
f 2805/3659/2548 2804/3658/2548 2806/3660/2548 2807/3661/2548
f 2805/3659/2549 2807/3661/2549 2808/3662/2549 2643/3412/2549
f 2805/3659/2550 2643/3412/2550 2641/3410/2550 2640/3409/2550
f 2808/3662/2551 2807/3661/2551 2809/3663/2551 2810/3664/2551
f 2808/3662/2552 2810/3664/2552 2811/3665/2552 2646/3666/2552
f 2808/3662/2553 2646/3666/2553 2644/3413/2553 2643/3412/2553
f 2811/3665/2554 2810/3664/2554 2812/3667/2554 2813/3668/2554
f 2811/3669/2555 2813/3670/2555 2814/3671/2555 2815/3672/2555
f 2811/3673/2556 2815/3674/2556 2647/3420/2556 2646/3419/2556
f 2815/3672/2557 2814/3671/2557 2816/3675/2557 2652/3676/2557
f 2815/3674/2558 2652/3428/2558 2648/3421/2558 2647/3420/2558
f 2816/3675/2559 2814/3671/2559 2817/3677/2559 2818/3678/2559
f 2816/3675/2560 2818/3678/2560 264/264/2560 263/263/2560
f 2816/3675/2561 263/263/2561 2653/3432/2561 2652/3676/2561
f 2818/3678/2562 2817/3677/2562 2819/3679/2562 2820/3680/2562
f 2818/3678/2563 2820/3680/2563 267/269/2563 264/264/2563
f 2820/3681/2564 2819/3682/2564 2821/3683/2564 2822/3684/2564
f 2820/3681/2565 2822/3684/2565 2823/3685/2565 267/3686/2565
f 2823/3685/2566 2822/3684/2566 2824/3687/2566 2825/3688/2566
f 2823/3685/2567 2825/3688/2567 2826/3689/2567 2827/3690/2567
f 2823/3685/2568 2827/3690/2568 268/3691/2568 267/3686/2568
f 2827/3692/2569 2826/3693/2569 2828/3694/2569 2829/3695/2569
f 2827/3692/2570 2829/3695/2570 269/272/2570 268/271/2570
f 2829/3695/2571 2828/3694/2571 2830/3696/2571 2831/3697/2571
f 2829/3695/2572 2831/3697/2572 2832/3698/2572 269/272/2572
f 2832/3698/2573 2831/3697/2573 2833/3699/2573 2834/3700/2573
f 2832/3698/2574 2834/3700/2574 2835/3701/2574 2836/3702/2574
f 2832/3698/2575 2836/3702/2575 270/273/2575 269/272/2575
f 2836/3702/2576 2835/3701/2576 2837/3703/2576 2838/3704/2576
f 2836/3702/2577 2838/3704/2577 271/274/2577 270/273/2577
f 2838/3704/2578 2837/3703/2578 2839/3705/2578 2840/3706/2578
f 2838/3704/2579 2840/3706/2579 2841/3707/2579 271/274/2579
f 2841/3707/2580 2657/3440/2580 265/266/2580 271/274/2580
f 2841/3708/2581 2840/3709/2581 2842/3710/2581 276/3711/2581
f 2841/3708/2582 276/3711/2582 275/3443/2582 2657/3442/2582
f 2842/3710/2583 2840/3709/2583 2839/3712/2583 2843/3713/2583
f 2842/3714/2584 2843/3715/2584 2844/3716/2584 2845/3717/2584
f 2842/3714/2585 2845/3717/2585 277/284/2585 276/283/2585
f 2845/3717/2586 2844/3716/2586 2846/3718/2586 2847/3719/2586
f 2845/3717/2587 2847/3719/2587 278/285/2587 277/284/2587
f 2847/3719/2588 2846/3718/2588 2848/3720/2588 2849/3721/2588
f 2847/3719/2589 2849/3721/2589 2850/3722/2589 278/285/2589
f 2850/3722/2590 2849/3721/2590 2851/3723/2590 2852/3724/2590
f 2850/3722/2591 2852/3724/2591 2853/3725/2591 2854/3726/2591
f 2850/3722/2592 2854/3726/2592 279/286/2592 278/285/2592
f 2854/3726/2593 2853/3725/2593 2855/3727/2593 2856/3728/2593
f 2854/3726/2594 2856/3728/2594 280/287/2594 279/286/2594
f 2856/3729/2595 2855/3730/2595 2857/3731/2595 2858/3732/2595
f 2856/3729/2596 2858/3732/2596 2859/3733/2596 280/3734/2596
f 2859/3733/2597 2858/3732/2597 2860/3735/2597 2861/3736/2597
f 2859/3737/2598 2861/3738/2598 2862/3739/2598 2863/3740/2598
f 2859/3737/2599 2863/3740/2599 281/3741/2599 280/3742/2599
f 2863/3740/2600 2862/3739/2600 2664/3460/2600 2662/3454/2600
f 2863/3740/2601 2662/3454/2601 2660/3451/2601 281/3741/2601
f 2862/3739/2602 2861/3738/2602 2864/3743/2602 2865/3744/2602
f 2862/3739/2603 2865/3744/2603 2866/3745/2603 2664/3460/2603
f 2866/3745/2604 2865/3744/2604 2867/3746/2604 2868/3747/2604
f 2866/3748/2605 2868/3749/2605 2869/3750/2605 2667/3464/2605
f 2866/3748/2606 2667/3464/2606 2665/3462/2606 2664/3751/2606
f 2869/3752/2607 2868/3753/2607 2870/3754/2607 2871/3755/2607
f 2869/3752/2608 2871/3755/2608 2872/3756/2608 2671/3757/2608
f 2869/3750/2609 2671/3470/2609 2668/3465/2609 2667/3464/2609
f 2872/3756/2610 2871/3755/2610 2873/3758/2610 2874/3759/2610
f 2872/3756/2611 2874/3759/2611 2875/3760/2611 2674/3761/2611
f 2872/3762/2612 2674/3473/2612 2672/3471/2612 2671/3470/2612
f 2875/3760/2613 2874/3759/2613 2876/3763/2613 2877/3764/2613
f 2875/3760/2614 2877/3764/2614 2878/3765/2614 2677/3480/2614
f 2875/3760/2615 2677/3480/2615 2675/3476/2615 2674/3761/2615
f 2878/3765/2616 2877/3764/2616 2706/3523/2616 2704/3521/2616
f 2878/3765/2617 2704/3521/2617 2703/3520/2617 2879/3766/2617
f 2878/3765/2618 2879/3766/2618 2678/3481/2618 2677/3480/2618
f 2879/3766/2619 2703/3520/2619 2699/3516/2619 2880/3767/2619
f 2879/3766/2620 2880/3767/2620 2679/3482/2620 2678/3481/2620
f 2880/3767/2621 2699/3516/2621 2697/3512/2621 2696/3511/2621
f 2880/3767/2622 2696/3511/2622 2681/3486/2622 2679/3482/2622
f 2877/3764/2623 2876/3763/2623 2881/3768/2623 2706/3523/2623
f 2881/3768/2624 2876/3763/2624 2882/3769/2624 2883/3770/2624
f 2881/3768/2625 2883/3770/2625 2884/3771/2625 2709/3526/2625
f 2881/3768/2626 2709/3526/2626 2707/3524/2626 2706/3523/2626
f 2884/3771/2627 2883/3770/2627 2885/3772/2627 2886/3773/2627
f 2884/3771/2628 2886/3773/2628 2887/3774/2628 2888/3775/2628
f 2884/3771/2629 2888/3775/2629 2710/3527/2629 2709/3526/2629
f 2888/3775/2630 2887/3774/2630 2889/3776/2630 2890/3777/2630
f 2888/3775/2631 2890/3777/2631 2711/3528/2631 2710/3527/2631
f 2890/3777/2632 2889/3776/2632 2891/3778/2632 2892/3779/2632
f 2890/3777/2633 2892/3779/2633 2713/3530/2633 2711/3528/2633
f 2892/3780/2634 2891/3781/2634 2893/3782/2634 2894/3783/2634
f 2892/3784/2635 2894/3785/2635 2715/3786/2635 2713/3787/2635
f 2894/3783/2636 2893/3782/2636 2895/3788/2636 2896/3789/2636
f 2894/3785/2637 2896/3790/2637 2897/3791/2637 2715/3786/2637
f 2897/3791/2638 2896/3790/2638 224/3792/2638 223/3793/2638
f 2897/3794/2639 223/202/2639 2720/3539/2639 2718/3538/2639
f 2897/3791/2640 2718/3795/2640 2716/3796/2640 2715/3786/2640
f 2896/3789/2641 2895/3788/2641 2898/3797/2641 224/203/2641
f 2898/3797/2642 2895/3788/2642 2899/3798/2642 2900/3799/2642
f 2898/3797/2643 2900/3799/2643 2901/3800/2643 272/275/2643
f 2898/3797/2644 272/275/2644 225/204/2644 224/203/2644
f 2901/3800/2645 2900/3799/2645 2902/3801/2645 2903/3802/2645
f 2901/3800/2646 2903/3802/2646 291/3803/2646 290/3804/2646
f 2901/3800/2647 290/3804/2647 273/276/2647 272/275/2647
f 2903/3802/2648 2902/3801/2648 2904/3805/2648 2905/3806/2648
f 2903/3802/2649 2905/3806/2649 2906/3807/2649 291/3803/2649
f 2906/3807/2650 2905/3806/2650 2907/3808/2650 2908/3809/2650
f 2906/3810/2651 2908/3811/2651 2909/3812/2651 2910/3813/2651
f 2906/3810/2652 2910/3813/2652 292/301/2652 291/300/2652
f 2910/3813/2653 2909/3812/2653 2911/3814/2653 2912/3815/2653
f 2910/3813/2654 2912/3815/2654 293/302/2654 292/301/2654
f 2912/3815/2655 2911/3814/2655 2913/3816/2655 2914/3817/2655
f 2912/3815/2656 2914/3817/2656 2915/3818/2656 293/302/2656
f 2915/3818/2657 2914/3817/2657 2916/3819/2657 2917/3820/2657
f 2915/3818/2658 2917/3820/2658 2918/3821/2658 2919/3822/2658
f 2915/3818/2659 2919/3822/2659 294/303/2659 293/302/2659
f 2919/3822/2660 2918/3821/2660 2920/3823/2660 2921/3824/2660
f 2919/3822/2661 2921/3824/2661 295/304/2661 294/303/2661
f 2921/3825/2662 2920/3826/2662 2922/3827/2662 2923/3828/2662
f 2921/3825/2663 2923/3828/2663 2924/3829/2663 295/3830/2663
f 2924/3831/2664 2923/3832/2664 286/294/2664 285/293/2664
f 2924/3831/2665 285/293/2665 288/296/2665 2925/3833/2665
f 2924/3829/2666 2925/3834/2666 296/3835/2666 295/3830/2666
f 2925/3833/2667 288/296/2667 29/252/2667 2926/3836/2667
f 2925/3834/2668 2926/3837/2668 2927/3838/2668 296/3835/2668
f 2923/3832/2669 2922/3839/2669 2928/3840/2669 286/294/2669
f 2928/3840/2670 2837/3703/2670 2835/3701/2670 2929/3841/2670
f 2928/3840/2671 2929/3841/2671 287/295/2671 286/294/2671
f 2928/3840/2672 2922/3839/2672 2839/3705/2672 2837/3703/2672
f 2929/3841/2673 2835/3701/2673 2834/3700/2673 2930/3842/2673
f 2929/3841/2674 2930/3842/2674 289/297/2674 287/295/2674
f 2930/3842/2675 2834/3700/2675 2833/3699/2675 2931/3843/2675
f 2930/3842/2676 2931/3843/2676 2932/3844/2676 289/297/2676
f 2932/3844/2677 2931/3843/2677 2933/3845/2677 2934/3846/2677
f 2932/3844/2678 2934/3846/2678 2935/3847/2678 2936/3848/2678
f 2932/3844/2679 2936/3848/2679 283/291/2679 289/297/2679
f 2936/3848/2680 2935/3847/2680 2937/3849/2680 2938/3850/2680
f 2936/3848/2681 2938/3850/2681 284/292/2681 283/291/2681
f 2938/3850/2682 2937/3849/2682 2939/3851/2682 2940/3852/2682
f 2938/3850/2683 2940/3852/2683 2941/3853/2683 284/292/2683
f 2941/3854/2684 2940/3855/2684 2942/3856/2684 2943/3857/2684
f 2941/3854/2685 2943/3857/2685 2944/3858/2685 2945/3859/2685
f 2941/3853/2686 2945/3860/2686 282/290/2686 284/292/2686
f 2945/3859/2687 2944/3858/2687 2946/3861/2687 261/3862/2687
f 2945/3860/2688 261/260/2688 260/259/2688 282/290/2688
f 2946/3861/2689 2944/3858/2689 2947/3863/2689 2948/3864/2689
f 2946/3861/2690 2948/3864/2690 2949/3865/2690 2950/3866/2690
f 2946/3861/2691 2950/3866/2691 258/3867/2691 261/3862/2691
f 2950/3866/2692 2949/3865/2692 2951/3868/2692 2952/3869/2692
f 2950/3870/2693 2952/3871/2693 257/3872/2693 258/3873/2693
f 2952/3869/2694 2951/3868/2694 2953/3874/2694 2954/3875/2694
f 2952/3876/2695 2954/3877/2695 253/255/2695 257/254/2695
f 2954/3875/2696 2953/3874/2696 2955/3878/2696 2956/3879/2696
f 2954/3875/2697 2956/3879/2697 254/250/2697 253/249/2697
f 2956/3879/2698 2955/3878/2698 181/146/2698 229/210/2698
f 2956/3879/2699 229/210/2699 228/209/2699 254/250/2699
f 2955/3878/2700 2953/3874/2700 134/94/2700 139/93/2700
f 2955/3878/2701 139/93/2701 179/144/2701 181/146/2701
f 2953/3874/2702 2951/3868/2702 135/3880/2702 134/94/2702
f 2951/3881/2703 2949/3882/2703 2957/3883/2703 135/90/2703
f 2957/3884/2704 2949/3865/2704 2948/3864/2704 2958/3885/2704
f 2957/3884/2705 2958/3885/2705 2959/3886/2705 2960/3887/2705
f 2957/3883/2706 2960/3888/2706 136/91/2706 135/90/2706
f 2960/3887/2707 2959/3886/2707 2961/3889/2707 2962/3890/2707
f 2960/3888/2708 2962/3891/2708 2963/3892/2708 136/91/2708
f 2963/3893/2709 2962/3894/2709 2964/3895/2709 2965/3896/2709
f 2963/3893/2710 2965/3896/2710 2966/3897/2710 2967/3898/2710
f 2963/3892/2711 2967/3899/2711 137/96/2711 136/91/2711
f 2967/3898/2712 2966/3897/2712 2968/3900/2712 2969/3901/2712
f 2967/3898/2713 2969/3901/2713 2738/3574/2713 137/3902/2713
f 2969/3901/2714 2968/3900/2714 2970/3903/2714 2741/3578/2714
f 2969/3901/2715 2741/3578/2715 2739/3575/2715 2738/3574/2715
f 2970/3903/2716 2968/3900/2716 2971/3904/2716 2972/3905/2716
f 2970/3903/2717 2972/3905/2717 2973/3906/2717 2974/3907/2717
f 2970/3903/2718 2974/3907/2718 2742/3579/2718 2741/3578/2718
f 2974/3907/2719 2973/3906/2719 2975/3908/2719 2976/3909/2719
f 2974/3910/2720 2976/3911/2720 2743/3582/2720 2742/3581/2720
f 2976/3909/2721 2975/3908/2721 2792/3912/2721 2977/3913/2721
f 2976/3909/2722 2977/3913/2722 2745/3914/2722 2743/3915/2722
f 2977/3916/2723 2792/3641/2723 2790/3638/2723 2789/3637/2723
f 2977/3916/2724 2789/3637/2724 2747/3588/2724 2745/3584/2724
f 2975/3908/2725 2973/3906/2725 2797/3651/2725 2795/3648/2725
f 2975/3908/2726 2795/3648/2726 2793/3647/2726 2792/3912/2726
f 2973/3906/2727 2972/3905/2727 2799/3653/2727 2797/3651/2727
f 2972/3905/2728 2971/3904/2728 2801/3655/2728 2799/3653/2728
f 2971/3904/2729 2968/3900/2729 2966/3897/2729 2978/3917/2729
f 2971/3904/2730 2978/3917/2730 2803/3657/2730 2801/3655/2730
f 2978/3917/2731 2966/3897/2731 2965/3896/2731 2979/3918/2731
f 2978/3917/2732 2979/3918/2732 2980/3919/2732 2803/3657/2732
f 2980/3919/2733 2979/3918/2733 2981/3920/2733 2982/3921/2733
f 2980/3919/2734 2982/3921/2734 2983/3922/2734 2806/3660/2734
f 2980/3919/2735 2806/3660/2735 2804/3658/2735 2803/3657/2735
f 2983/3922/2736 2982/3921/2736 2984/3923/2736 2985/3924/2736
f 2983/3922/2737 2985/3924/2737 2986/3925/2737 2809/3663/2737
f 2983/3922/2738 2809/3663/2738 2807/3661/2738 2806/3660/2738
f 2986/3925/2739 2985/3924/2739 2987/3926/2739 2988/3927/2739
f 2986/3925/2740 2988/3927/2740 2989/3928/2740 2812/3667/2740
f 2986/3925/2741 2812/3667/2741 2810/3664/2741 2809/3663/2741
f 2989/3928/2742 2988/3927/2742 2990/3929/2742 2991/3930/2742
f 2989/3931/2743 2991/3932/2743 2992/3933/2743 2993/3934/2743
f 2989/3931/2744 2993/3934/2744 2813/3670/2744 2812/3935/2744
f 2993/3934/2745 2992/3933/2745 2819/3679/2745 2817/3677/2745
f 2993/3934/2746 2817/3677/2746 2814/3671/2746 2813/3670/2746
f 2992/3936/2747 2991/3930/2747 2994/3937/2747 2995/3938/2747
f 2992/3939/2748 2995/3940/2748 2821/3683/2748 2819/3682/2748
f 2995/3938/2749 2994/3937/2749 2996/3941/2749 2997/3942/2749
f 2995/3940/2750 2997/3943/2750 2998/3944/2750 2821/3683/2750
f 2998/3945/2751 2997/3946/2751 2999/3947/2751 3000/3948/2751
f 2998/3945/2752 3000/3948/2752 3001/3949/2752 2824/3950/2752
f 2998/3944/2753 2824/3687/2753 2822/3684/2753 2821/3683/2753
f 3001/3949/2754 3000/3948/2754 3002/3951/2754 3003/3952/2754
f 3001/3949/2755 3003/3952/2755 3004/3953/2755 3005/3954/2755
f 3001/3949/2756 3005/3954/2756 2825/3955/2756 2824/3950/2756
f 3005/3954/2757 3004/3953/2757 3006/3956/2757 3007/3957/2757
f 3005/3954/2758 3007/3957/2758 2826/3958/2758 2825/3955/2758
f 3007/3959/2759 3006/3960/2759 3008/3961/2759 3009/3962/2759
f 3007/3959/2760 3009/3962/2760 2828/3694/2760 2826/3693/2760
f 3009/3962/2761 3008/3961/2761 3010/3963/2761 3011/3964/2761
f 3009/3962/2762 3011/3964/2762 2830/3696/2762 2828/3694/2762
f 3011/3964/2763 3010/3963/2763 3012/3965/2763 3013/3966/2763
f 3011/3964/2764 3013/3966/2764 3014/3967/2764 2830/3696/2764
f 3014/3967/2765 3013/3966/2765 3015/3968/2765 2933/3845/2765
f 3014/3967/2766 2933/3845/2766 2931/3843/2766 2833/3699/2766
f 3014/3967/2767 2833/3699/2767 2831/3697/2767 2830/3696/2767
f 3015/3968/2768 3013/3966/2768 3012/3965/2768 3016/3969/2768
f 3015/3968/2769 3016/3969/2769 3017/3970/2769 3018/3971/2769
f 3015/3968/2770 3018/3971/2770 2934/3846/2770 2933/3845/2770
f 3018/3971/2771 3017/3970/2771 3019/3972/2771 3020/3973/2771
f 3018/3971/2772 3020/3973/2772 2935/3847/2772 2934/3846/2772
f 3020/3973/2773 3019/3972/2773 3021/3974/2773 3022/3975/2773
f 3020/3973/2774 3022/3975/2774 2937/3849/2774 2935/3847/2774
f 3022/3975/2775 3021/3974/2775 3023/3976/2775 3024/3977/2775
f 3022/3975/2776 3024/3977/2776 2939/3851/2776 2937/3849/2776
f 3024/3978/2777 3023/3979/2777 3025/3980/2777 3026/3981/2777
f 3024/3978/2778 3026/3981/2778 3027/3982/2778 2939/3983/2778
f 3027/3982/2779 3026/3981/2779 3028/3984/2779 3029/3985/2779
f 3027/3982/2780 3029/3985/2780 3030/3986/2780 2942/3856/2780
f 3027/3982/2781 2942/3856/2781 2940/3855/2781 2939/3983/2781
f 3030/3986/2782 3029/3985/2782 3031/3987/2782 3032/3988/2782
f 3030/3986/2783 3032/3988/2783 3033/3989/2783 3034/3990/2783
f 3030/3986/2784 3034/3990/2784 2943/3857/2784 2942/3856/2784
f 3034/3990/2785 3033/3989/2785 3035/3991/2785 2947/3863/2785
f 3034/3990/2786 2947/3863/2786 2944/3858/2786 2943/3857/2786
f 3035/3991/2787 3033/3989/2787 3036/3992/2787 3037/3993/2787
f 3035/3991/2788 3037/3993/2788 2959/3886/2788 2958/3885/2788
f 3035/3991/2789 2958/3885/2789 2948/3864/2789 2947/3863/2789
f 3037/3993/2790 3036/3992/2790 3038/3994/2790 3039/3995/2790
f 3037/3993/2791 3039/3995/2791 2961/3889/2791 2959/3886/2791
f 3039/3996/2792 3038/3997/2792 3040/3998/2792 3041/3999/2792
f 3039/3995/2793 3041/4000/2793 3042/4001/2793 2961/3889/2793
f 3042/4002/2794 3041/3999/2794 3043/4003/2794 3044/4004/2794
f 3042/4002/2795 3044/4004/2795 2981/3920/2795 2964/3895/2795
f 3042/4002/2796 2964/3895/2796 2962/3894/2796 2961/4005/2796
f 3044/4004/2797 3043/4003/2797 3045/4006/2797 2984/3923/2797
f 3044/4004/2798 2984/3923/2798 2982/3921/2798 2981/3920/2798
f 3045/4006/2799 3043/4003/2799 3046/4007/2799 3047/4008/2799
f 3045/4006/2800 3047/4008/2800 3048/4009/2800 2987/3926/2800
f 3045/4006/2801 2987/3926/2801 2985/3924/2801 2984/3923/2801
f 3048/4009/2802 3047/4008/2802 3049/4010/2802 3050/4011/2802
f 3048/4009/2803 3050/4011/2803 3051/4012/2803 2990/3929/2803
f 3048/4009/2804 2990/3929/2804 2988/3927/2804 2987/3926/2804
f 3051/4012/2805 3050/4011/2805 3052/4013/2805 3053/4014/2805
f 3051/4012/2806 3053/4014/2806 2996/3941/2806 2994/3937/2806
f 3051/4012/2807 2994/3937/2807 2991/3930/2807 2990/3929/2807
f 3053/4014/2808 3052/4013/2808 3054/4015/2808 3055/4016/2808
f 3053/4014/2809 3055/4016/2809 3056/4017/2809 2996/3941/2809
f 3056/4017/2810 3055/4016/2810 3057/4018/2810 3058/4019/2810
f 3056/4020/2811 3058/4021/2811 3059/4022/2811 2999/3947/2811
f 3056/4020/2812 2999/3947/2812 2997/3946/2812 2996/4023/2812
f 3059/4024/2813 3058/4019/2813 3060/4025/2813 3061/4026/2813
f 3059/4022/2814 3061/4027/2814 3062/4028/2814 3002/3951/2814
f 3059/4022/2815 3002/3951/2815 3000/3948/2815 2999/3947/2815
f 3062/4029/2816 3061/4030/2816 3063/4031/2816 3064/4032/2816
f 3062/4029/2817 3064/4032/2817 3065/4033/2817 3066/4034/2817
f 3062/4028/2818 3066/4035/2818 3003/3952/2818 3002/3951/2818
f 3066/4034/2819 3065/4033/2819 3067/4036/2819 3068/4037/2819
f 3066/4035/2820 3068/4038/2820 3004/3953/2820 3003/3952/2820
f 3068/4037/2821 3067/4036/2821 3069/4039/2821 3070/4040/2821
f 3068/4038/2822 3070/4041/2822 3006/3956/2822 3004/3953/2822
f 3070/4040/2823 3069/4039/2823 3071/4042/2823 3072/4043/2823
f 3070/4044/2824 3072/4045/2824 3008/3961/2824 3006/3960/2824
f 3072/4045/2825 3071/4046/2825 3073/4047/2825 3074/4048/2825
f 3072/4045/2826 3074/4048/2826 3010/3963/2826 3008/3961/2826
f 3074/4048/2827 3073/4047/2827 3075/4049/2827 3076/4050/2827
f 3074/4048/2828 3076/4050/2828 3012/3965/2828 3010/3963/2828
f 3076/4050/2829 3075/4049/2829 3077/4051/2829 3078/4052/2829
f 3076/4050/2830 3078/4052/2830 3016/3969/2830 3012/3965/2830
f 3078/4052/2831 3077/4051/2831 3079/4053/2831 3080/4054/2831
f 3078/4052/2832 3080/4054/2832 3017/3970/2832 3016/3969/2832
f 3080/4054/2833 3079/4053/2833 3081/4055/2833 3082/4056/2833
f 3080/4054/2834 3082/4056/2834 3019/3972/2834 3017/3970/2834
f 3082/4056/2835 3081/4055/2835 3083/4057/2835 3084/4058/2835
f 3082/4056/2836 3084/4058/2836 3021/3974/2836 3019/3972/2836
f 3084/4058/2837 3083/4057/2837 3085/4059/2837 3086/4060/2837
f 3084/4058/2838 3086/4060/2838 3023/3976/2838 3021/3974/2838
f 3086/4061/2839 3085/4062/2839 3087/4063/2839 3088/4064/2839
f 3086/4060/2840 3088/4065/2840 3025/4066/2840 3023/3976/2840
f 3088/4067/2841 3087/4068/2841 3089/4069/2841 3090/4070/2841
f 3088/4067/2842 3090/4070/2842 3091/4071/2842 3025/3980/2842
f 3091/4071/2843 3090/4070/2843 3092/4072/2843 3093/4073/2843
f 3091/4071/2844 3093/4073/2844 3094/4074/2844 3028/3984/2844
f 3091/4071/2845 3028/3984/2845 3026/3981/2845 3025/3980/2845
f 3094/4074/2846 3093/4073/2846 3095/4075/2846 3096/4076/2846
f 3094/4074/2847 3096/4076/2847 3097/4077/2847 3031/3987/2847
f 3094/4074/2848 3031/3987/2848 3029/3985/2848 3028/3984/2848
f 3097/4078/2849 3096/4079/2849 3098/4080/2849 3099/4081/2849
f 3097/4077/2850 3099/4082/2850 3100/4083/2850 3101/4084/2850
f 3097/4077/2851 3101/4084/2851 3032/3988/2851 3031/3987/2851
f 3101/4084/2852 3100/4083/2852 3038/3994/2852 3036/3992/2852
f 3101/4084/2853 3036/3992/2853 3033/3989/2853 3032/3988/2853
f 3100/4085/2854 3099/4081/2854 3102/4086/2854 3103/4087/2854
f 3100/4085/2855 3103/4087/2855 3040/3998/2855 3038/3997/2855
f 3103/4087/2856 3102/4086/2856 3104/4088/2856 3105/4089/2856
f 3103/4087/2857 3105/4089/2857 3046/4007/2857 3040/3998/2857
f 3105/4089/2858 3104/4088/2858 3106/4090/2858 3049/4010/2858
f 3105/4089/2859 3049/4010/2859 3047/4008/2859 3046/4007/2859
f 3106/4090/2860 3104/4088/2860 3107/4091/2860 3108/4092/2860
f 3106/4090/2861 3108/4092/2861 3054/4015/2861 3052/4013/2861
f 3106/4090/2862 3052/4013/2862 3050/4011/2862 3049/4010/2862
f 3108/4092/2863 3107/4091/2863 3109/4093/2863 3110/4094/2863
f 3108/4092/2864 3110/4094/2864 3111/4095/2864 3054/4015/2864
f 3111/4095/2865 3110/4094/2865 3112/4096/2865 3113/4097/2865
f 3111/4095/2866 3113/4097/2866 3114/4098/2866 3057/4018/2866
f 3111/4095/2867 3057/4018/2867 3055/4016/2867 3054/4015/2867
f 3114/4098/2868 3113/4097/2868 3115/4099/2868 3116/4100/2868
f 3114/4098/2869 3116/4100/2869 3117/4101/2869 3060/4025/2869
f 3114/4098/2870 3060/4025/2870 3058/4019/2870 3057/4018/2870
f 3117/4101/2871 3116/4100/2871 364/407/2871 3118/4102/2871
f 3117/4101/2872 3118/4102/2872 3119/4103/2872 3063/4104/2872
f 3117/4101/2873 3063/4104/2873 3061/4026/2873 3060/4025/2873
f 3119/4103/2874 3118/4102/2874 3120/4105/2874 3121/4106/2874
f 3119/4107/2875 3121/4108/2875 3122/4109/2875 3123/4110/2875
f 3119/4111/2876 3123/4112/2876 3064/4032/2876 3063/4031/2876
f 3123/4112/2877 3122/4113/2877 3124/4114/2877 3125/4115/2877
f 3123/4112/2878 3125/4115/2878 3065/4033/2878 3064/4032/2878
f 3125/4115/2879 3124/4114/2879 3126/4116/2879 3127/4117/2879
f 3125/4115/2880 3127/4117/2880 3067/4036/2880 3065/4033/2880
f 3127/4117/2881 3126/4116/2881 3128/4118/2881 3129/4119/2881
f 3127/4117/2882 3129/4119/2882 3069/4039/2882 3067/4036/2882
f 3129/4120/2883 3128/4121/2883 3130/4122/2883 3131/4123/2883
f 3129/4119/2884 3131/4124/2884 3071/4042/2884 3069/4039/2884
f 3131/4123/2885 3130/4122/2885 3132/4125/2885 3133/4126/2885
f 3131/4123/2886 3133/4126/2886 3073/4047/2886 3071/4046/2886
f 3133/4126/2887 3132/4125/2887 393/443/2887 392/442/2887
f 3133/4126/2888 392/442/2888 3075/4049/2888 3073/4047/2888
f 3132/4125/2889 3130/4122/2889 388/439/2889 390/438/2889
f 3132/4125/2890 390/438/2890 394/444/2890 393/443/2890
f 3130/4122/2891 3128/4121/2891 389/4127/2891 388/439/2891
f 3128/4128/2892 3126/4129/2892 3134/4130/2892 389/436/2892
f 3134/4130/2893 3135/4131/2893 3136/4132/2893 3137/4133/2893
f 3134/4130/2894 3137/4133/2894 385/437/2894 389/436/2894
f 3134/4130/2895 3126/4129/2895 3124/4134/2895 3135/4131/2895
f 3137/4133/2896 3136/4132/2896 3138/4135/2896 3139/4136/2896
f 3137/4133/2897 3139/4136/2897 386/4137/2897 385/437/2897
f 3139/4136/2898 3138/4135/2898 3140/4138/2898 3141/4139/2898
f 3139/4140/2899 3141/4141/2899 3142/4142/2899 386/432/2899
f 3142/4142/2900 3141/4141/2900 3143/4143/2900 3144/4144/2900
f 3142/4142/2901 3144/4144/2901 3145/4145/2901 3146/4146/2901
f 3142/4142/2902 3146/4146/2902 387/433/2902 386/432/2902
f 3146/4146/2903 3145/4145/2903 395/445/2903 394/444/2903
f 3146/4146/2904 394/444/2904 390/438/2904 387/433/2904
f 3145/4145/2905 3144/4144/2905 3147/4147/2905 3148/4148/2905
f 3145/4145/2906 3148/4148/2906 396/446/2906 395/445/2906
f 3148/4148/2907 3147/4147/2907 3149/4149/2907 3150/4150/2907
f 3148/4148/2908 3150/4150/2908 426/480/2908 396/446/2908
f 3150/4150/2909 3149/4149/2909 3151/4151/2909 3152/4152/2909
f 3150/4150/2910 3152/4152/2910 427/481/2910 426/480/2910
f 3152/4152/2911 3151/4151/2911 3153/4153/2911 3154/4154/2911
f 3152/4152/2912 3154/4154/2912 428/482/2912 427/481/2912
f 3154/4154/2913 3155/4155/2913 3156/4156/2913 428/482/2913
f 3154/4154/2914 3153/4153/2914 3157/4157/2914 3155/4155/2914
f 3157/4158/2915 3158/4159/2915 3159/4160/2915 3155/4161/2915
f 3157/4158/2916 3153/4162/2916 432/487/2916 434/489/2916
f 3157/4158/2917 434/489/2917 3160/4163/2917 3158/4159/2917
f 3160/4163/2918 3161/4164/2918 3162/4165/2918 3158/4159/2918
f 3160/4163/2919 434/489/2919 431/486/2919 3163/4166/2919
f 3160/4163/2920 3163/4166/2920 3164/4167/2920 3161/4164/2920
f 3164/4167/2921 3165/4168/2921 3166/4169/2921 3161/4164/2921
f 3164/4167/2922 3163/4166/2922 3167/4170/2922 3168/4171/2922
f 3164/4167/2923 3168/4171/2923 3169/4172/2923 3165/4168/2923
f 3169/4173/2924 3170/4174/2924 3171/4175/2924 3165/4176/2924
f 3169/4173/2925 3168/4177/2925 3172/4178/2925 3173/4179/2925
f 3169/4173/2926 3173/4179/2926 3174/4180/2926 3170/4174/2926
f 3174/4180/2927 406/457/2927 403/454/2927 3170/4174/2927
f 3174/4180/2928 3173/4179/2928 369/412/2928 368/411/2928
f 3174/4180/2929 368/411/2929 3175/4181/2929 406/457/2929
f 3175/4181/2930 3176/4182/2930 404/455/2930 406/457/2930
f 3175/4181/2931 368/411/2931 367/410/2931 3177/4183/2931
f 3175/4181/2932 3177/4183/2932 3178/4184/2932 3176/4182/2932
f 3178/4184/2933 3179/4185/2933 3180/4186/2933 3176/4182/2933
f 3178/4184/2934 3177/4183/2934 3181/4187/2934 3182/4188/2934
f 3178/4184/2935 3182/4188/2935 3183/4189/2935 3179/4185/2935
f 3183/4189/2936 3184/4190/2936 3185/4191/2936 3179/4185/2936
f 3183/4189/2937 3182/4188/2937 3186/4192/2937 3187/4193/2937
f 3183/4189/2938 3187/4193/2938 3188/4194/2938 3184/4190/2938
f 3188/4195/2939 3189/4196/2939 3190/4197/2939 3184/4198/2939
f 3188/4194/2940 3187/4193/2940 3191/4199/2940 3192/4200/2940
f 3188/4195/2941 3192/4201/2941 3092/4072/2941 3189/4196/2941
f 3192/4200/2942 3191/4199/2942 3193/4202/2942 3095/4203/2942
f 3192/4201/2943 3095/4075/2943 3093/4073/2943 3092/4072/2943
f 3193/4202/2944 3191/4199/2944 3194/4204/2944 3195/4205/2944
f 3193/4202/2945 3195/4205/2945 3196/4206/2945 3098/4080/2945
f 3193/4202/2946 3098/4080/2946 3096/4079/2946 3095/4203/2946
f 3196/4206/2947 3195/4205/2947 3109/4093/2947 3107/4091/2947
f 3196/4206/2948 3107/4091/2948 3104/4088/2948 3102/4086/2948
f 3196/4206/2949 3102/4086/2949 3099/4081/2949 3098/4080/2949
f 3195/4205/2950 3194/4204/2950 3197/4207/2950 3109/4093/2950
f 3197/4207/2951 3194/4204/2951 3186/4192/2951 3198/4208/2951
f 3197/4207/2952 3198/4208/2952 3199/4209/2952 3112/4096/2952
f 3197/4207/2953 3112/4096/2953 3110/4094/2953 3109/4093/2953
f 3199/4209/2954 3198/4208/2954 3181/4187/2954 366/409/2954
f 3199/4209/2955 366/409/2955 365/408/2955 3115/4099/2955
f 3199/4209/2956 3115/4099/2956 3113/4097/2956 3112/4096/2956
f 3198/4208/2957 3186/4192/2957 3182/4188/2957 3181/4187/2957
f 3194/4204/2958 3191/4199/2958 3187/4193/2958 3186/4192/2958
f 3190/4210/2959 3200/4211/2959 3201/4212/2959 3202/4213/2959
f 3190/4210/2960 3202/4213/2960 3185/4214/2960 3184/4215/2960
f 3190/4210/2961 3189/4216/2961 3089/4217/2961 3200/4211/2961
f 3202/4213/2962 3201/4212/2962 3203/4218/2962 3204/4219/2962
f 3202/4213/2963 3204/4219/2963 3205/4220/2963 3185/4214/2963
f 3205/4220/2964 3204/4219/2964 3206/4221/2964 3207/4222/2964
f 3205/4220/2965 3207/4222/2965 405/4223/2965 3180/4224/2965
f 3205/4225/2966 3180/4186/2966 3179/4185/2966 3185/4191/2966
f 3207/4222/2967 3206/4221/2967 3208/4226/2967 3209/4227/2967
f 3207/4222/2968 3209/4227/2968 401/4228/2968 405/4223/2968
f 3209/4227/2969 3208/4226/2969 411/463/2969 3210/4229/2969
f 3209/4230/2970 3210/4231/2970 402/453/2970 401/452/2970
f 3210/4229/2971 411/463/2971 410/462/2971 3211/4232/2971
f 3210/4231/2972 3211/4233/2972 3171/4175/2972 402/453/2972
f 3211/4234/2973 410/4235/2973 412/4236/2973 3166/4169/2973
f 3211/4234/2974 3166/4169/2974 3165/4168/2974 3171/4237/2974
f 3208/4226/2975 3212/4238/2975 407/459/2975 411/463/2975
f 3208/4226/2976 3206/4221/2976 3213/4239/2976 3212/4238/2976
f 3213/4239/2977 3214/4240/2977 3215/4241/2977 3212/4238/2977
f 3213/4239/2978 3206/4221/2978 3204/4219/2978 3203/4218/2978
f 3213/4239/2979 3203/4218/2979 3216/4242/2979 3214/4240/2979
f 3216/4242/2980 3217/4243/2980 3218/4244/2980 3214/4240/2980
f 3216/4242/2981 3203/4218/2981 3201/4212/2981 3219/4245/2981
f 3216/4242/2982 3219/4245/2982 3220/4246/2982 3217/4243/2982
f 3220/4246/2983 3221/4247/2983 3222/4248/2983 3217/4243/2983
f 3220/4246/2984 3219/4245/2984 3223/4249/2984 3224/4250/2984
f 3220/4251/2985 3224/4252/2985 3225/4253/2985 3221/4254/2985
f 3225/4253/2986 3226/4255/2986 3227/4256/2986 3221/4254/2986
f 3225/4253/2987 3224/4252/2987 3085/4059/2987 3083/4057/2987
f 3225/4253/2988 3083/4057/2988 3081/4055/2988 3226/4255/2988
f 3227/4256/2989 399/449/2989 398/448/2989 3228/4257/2989
f 3227/4256/2990 3228/4257/2990 3222/4258/2990 3221/4254/2990
f 3227/4256/2991 3226/4255/2991 400/450/2991 399/449/2991
f 3228/4257/2992 398/448/2992 424/478/2992 3229/4259/2992
f 3228/4257/2993 3229/4259/2993 3230/4260/2993 3222/4258/2993
f 3230/4260/2994 3229/4259/2994 3231/4261/2994 3232/4262/2994
f 3230/4263/2995 3232/4264/2995 3233/4265/2995 3218/4244/2995
f 3230/4263/2996 3218/4244/2996 3217/4243/2996 3222/4248/2996
f 3233/4265/2997 3232/4264/2997 3234/4266/2997 3235/4267/2997
f 3233/4265/2998 3235/4267/2998 408/460/2998 3215/4241/2998
f 3233/4265/2999 3215/4241/2999 3214/4240/2999 3218/4244/2999
f 3235/4268/3000 3234/4269/3000 3159/4270/3000 3236/4271/3000
f 3235/4267/3001 3236/4272/3001 409/461/3001 408/460/3001
f 3236/4273/3002 3159/4160/3002 3158/4159/3002 3162/4165/3002
f 3236/4273/3003 3162/4165/3003 412/4236/3003 409/4274/3003
f 3234/4269/3004 3232/4262/3004 3231/4261/3004 3156/4156/3004
f 3234/4269/3005 3156/4156/3005 3155/4155/3005 3159/4270/3005
f 3231/4261/3006 423/477/3006 428/482/3006 3156/4156/3006
f 3231/4261/3007 3229/4259/3007 424/478/3007 423/477/3007
f 3226/4255/3008 3081/4055/3008 3079/4053/3008 400/450/3008
f 3224/4250/3009 3223/4249/3009 3087/4063/3009 3085/4062/3009
f 3223/4249/3010 3219/4245/3010 3201/4212/3010 3200/4211/3010
f 3223/4249/3011 3200/4211/3011 3089/4217/3011 3087/4063/3011
f 3215/4241/3012 408/460/3012 407/459/3012 3212/4238/3012
f 3189/4196/3013 3092/4072/3013 3090/4070/3013 3089/4069/3013
f 3181/4187/3014 3177/4183/3014 367/410/3014 366/409/3014
f 3180/4186/3015 405/456/3015 404/455/3015 3176/4182/3015
f 3173/4179/3016 3172/4178/3016 372/415/3016 369/412/3016
f 3172/4275/3017 3168/4171/3017 3167/4170/3017 3237/4276/3017
f 3172/4277/3018 3237/4278/3018 3238/4279/3018 372/4280/3018
f 3238/4279/3019 3237/4278/3019 3239/4281/3019 3240/4282/3019
f 3238/4279/3020 3240/4282/3020 3241/4283/3020 3242/4284/3020
f 3238/4279/3021 3242/4284/3021 370/4285/3021 372/4280/3021
f 3242/4284/3022 3241/4283/3022 3243/4286/3022 3244/4287/3022
f 3242/4288/3023 3244/4289/3023 371/414/3023 370/413/3023
f 3244/4287/3024 3243/4286/3024 380/425/3024 379/424/3024
f 3244/4289/3025 379/4290/3025 383/4291/3025 371/414/3025
f 3243/4292/3026 3241/4293/3026 3245/4294/3026 3140/4295/3026
f 3243/4286/3027 3140/4138/3027 3138/4135/3027 380/425/3027
f 3245/4296/3028 3241/4283/3028 3240/4282/3028 3246/4297/3028
f 3245/4296/3029 3246/4297/3029 3247/4298/3029 3143/4299/3029
f 3245/4294/3030 3143/4300/3030 3141/4301/3030 3140/4295/3030
f 3247/4298/3031 3246/4297/3031 3248/4302/3031 3249/4303/3031
f 3247/4298/3032 3249/4303/3032 3149/4304/3032 3147/4305/3032
f 3247/4298/3033 3147/4305/3033 3144/4306/3033 3143/4299/3033
f 3249/4303/3034 3248/4302/3034 429/4307/3034 433/4308/3034
f 3249/4303/3035 433/4308/3035 3151/4309/3035 3149/4304/3035
f 3248/4302/3036 3239/4281/3036 430/4310/3036 429/4307/3036
f 3248/4302/3037 3246/4297/3037 3240/4282/3037 3239/4281/3037
f 3239/4281/3038 3237/4278/3038 3167/4311/3038 430/4310/3038
f 3171/4175/3039 3170/4174/3039 403/454/3039 402/453/3039
f 3167/4170/3040 3163/4166/3040 431/486/3040 430/485/3040
f 3166/4169/3041 412/4236/3041 3162/4165/3041 3161/4164/3041
f 3153/4162/3042 3151/4312/3042 433/488/3042 432/487/3042
f 3138/4135/3043 3136/4132/3043 381/426/3043 380/425/3043
f 3136/4132/3044 3135/4131/3044 384/429/3044 381/426/3044
f 3135/4131/3045 3124/4134/3045 3122/4109/3045 384/429/3045
f 3122/4109/3046 3121/4108/3046 382/427/3046 384/429/3046
f 3121/4106/3047 3120/4105/3047 383/4291/3047 382/4313/3047
f 3120/4105/3048 363/406/3048 371/414/3048 383/4291/3048
f 3120/4105/3049 3118/4102/3049 364/407/3049 363/406/3049
f 3116/4100/3050 3115/4099/3050 365/408/3050 364/407/3050
f 3079/4053/3051 3077/4051/3051 391/441/3051 400/450/3051
f 3077/4051/3052 3075/4049/3052 392/442/3052 391/441/3052
f 3046/4007/3053 3043/4003/3053 3041/3999/3053 3040/3998/3053
f 2981/3920/3054 2979/3918/3054 2965/3896/3054 2964/3895/3054
f 2922/3827/3055 2920/3826/3055 2843/4314/3055 2839/4315/3055
f 2920/3823/3056 2918/3821/3056 2844/3716/3056 2843/3715/3056
f 2918/3821/3057 2917/3820/3057 2846/3718/3057 2844/3716/3057
f 2917/3820/3058 2916/3819/3058 2848/3720/3058 2846/3718/3058
f 2916/3819/3059 2914/3817/3059 2913/3816/3059 3250/4316/3059
f 2916/3819/3060 3250/4316/3060 3251/4317/3060 2848/3720/3060
f 3251/4317/3061 3250/4316/3061 3252/4318/3061 3253/4319/3061
f 3251/4317/3062 3253/4319/3062 3254/4320/3062 2851/3723/3062
f 3251/4317/3063 2851/3723/3063 2849/3721/3063 2848/3720/3063
f 3254/4320/3064 3253/4319/3064 3255/4321/3064 3256/4322/3064
f 3254/4320/3065 3256/4322/3065 3257/4323/3065 3258/4324/3065
f 3254/4320/3066 3258/4324/3066 2852/3724/3066 2851/3723/3066
f 3258/4324/3067 3257/4323/3067 3259/4325/3067 3260/4326/3067
f 3258/4324/3068 3260/4326/3068 2853/3725/3068 2852/3724/3068
f 3260/4326/3069 3259/4325/3069 3261/4327/3069 3262/4328/3069
f 3260/4326/3070 3262/4328/3070 2855/3727/3070 2853/3725/3070
f 3262/4329/3071 3261/4330/3071 3263/4331/3071 3264/4332/3071
f 3262/4329/3072 3264/4332/3072 2857/4333/3072 2855/4334/3072
f 3264/4332/3073 3263/4331/3073 3265/4335/3073 3266/4336/3073
f 3264/4332/3074 3266/4336/3074 3267/4337/3074 2857/4333/3074
f 3267/4337/3075 3266/4336/3075 3268/4338/3075 3269/4339/3075
f 3267/4340/3076 3269/4341/3076 3270/4342/3076 2860/3735/3076
f 3267/4340/3077 2860/3735/3077 2858/3732/3077 2857/3731/3077
f 3270/4342/3078 3269/4341/3078 3271/4343/3078 3272/4344/3078
f 3270/4342/3079 3272/4344/3079 3273/4345/3079 2864/4346/3079
f 3270/4342/3080 2864/4346/3080 2861/3736/3080 2860/3735/3080
f 3273/4345/3081 3272/4344/3081 3274/4347/3081 3275/4348/3081
f 3273/4349/3082 3275/4350/3082 3276/4351/3082 2867/3746/3082
f 3273/4349/3083 2867/3746/3083 2865/3744/3083 2864/3743/3083
f 3276/4352/3084 3275/4353/3084 3277/4354/3084 3278/4355/3084
f 3276/4352/3085 3278/4355/3085 3279/4356/3085 2870/3754/3085
f 3276/4351/3086 2870/4357/3086 2868/3747/3086 2867/3746/3086
f 3279/4356/3087 3278/4355/3087 3280/4358/3087 3281/4359/3087
f 3279/4356/3088 3281/4359/3088 2882/3769/3088 2873/3758/3088
f 3279/4356/3089 2873/3758/3089 2871/3755/3089 2870/3754/3089
f 3281/4359/3090 3280/4358/3090 3282/4360/3090 2885/3772/3090
f 3281/4359/3091 2885/3772/3091 2883/3770/3091 2882/3769/3091
f 3282/4360/3092 3280/4358/3092 3283/4361/3092 3284/4362/3092
f 3282/4360/3093 3284/4362/3093 3285/4363/3093 3286/4364/3093
f 3282/4360/3094 3286/4364/3094 2886/3773/3094 2885/3772/3094
f 3286/4364/3095 3285/4363/3095 3287/4365/3095 3288/4366/3095
f 3286/4364/3096 3288/4366/3096 2887/3774/3096 2886/3773/3096
f 3288/4366/3097 3287/4365/3097 3289/4367/3097 3290/4368/3097
f 3288/4366/3098 3290/4368/3098 2889/3776/3098 2887/3774/3098
f 3290/4368/3099 3289/4367/3099 3291/4369/3099 3292/4370/3099
f 3290/4371/3100 3292/4372/3100 2891/3781/3100 2889/4373/3100
f 3292/4372/3101 3291/4374/3101 3293/4375/3101 3294/4376/3101
f 3292/4372/3102 3294/4376/3102 2893/3782/3102 2891/3781/3102
f 3294/4376/3103 3293/4375/3103 3295/4377/3103 2899/3798/3103
f 3294/4376/3104 2899/3798/3104 2895/3788/3104 2893/3782/3104
f 3295/4377/3105 3293/4375/3105 3296/4378/3105 3297/4379/3105
f 3295/4377/3106 3297/4379/3106 2904/3805/3106 2902/3801/3106
f 3295/4377/3107 2902/3801/3107 2900/3799/3107 2899/3798/3107
f 3297/4379/3108 3296/4378/3108 3298/4380/3108 3299/4381/3108
f 3297/4379/3109 3299/4381/3109 3300/4382/3109 2904/3805/3109
f 3300/4382/3110 3299/4381/3110 3301/4383/3110 3302/4384/3110
f 3300/4382/3111 3302/4384/3111 3303/4385/3111 2907/3808/3111
f 3300/4382/3112 2907/3808/3112 2905/3806/3112 2904/3805/3112
f 3303/4385/3113 3302/4384/3113 3304/4386/3113 3305/4387/3113
f 3303/4385/3114 3305/4387/3114 3306/4388/3114 3307/4389/3114
f 3303/4385/3115 3307/4389/3115 2908/3809/3115 2907/3808/3115
f 3307/4390/3116 3306/4391/3116 3308/4392/3116 3309/4393/3116
f 3307/4390/3117 3309/4393/3117 2909/3812/3117 2908/3811/3117
f 3309/4393/3118 3308/4392/3118 3310/4394/3118 3311/4395/3118
f 3309/4393/3119 3311/4395/3119 2911/3814/3119 2909/3812/3119
f 3311/4395/3120 3310/4394/3120 3312/4396/3120 3313/4397/3120
f 3311/4395/3121 3313/4397/3121 2913/3816/3121 2911/3814/3121
f 3313/4397/3122 3312/4396/3122 3314/4398/3122 3252/4318/3122
f 3313/4397/3123 3252/4318/3123 3250/4316/3123 2913/3816/3123
f 3314/4398/3124 3312/4396/3124 3315/4399/3124 3316/4400/3124
f 3314/4398/3125 3316/4400/3125 3317/4401/3125 3255/4321/3125
f 3314/4398/3126 3255/4321/3126 3253/4319/3126 3252/4318/3126
f 3317/4401/3127 3316/4400/3127 3318/4402/3127 3319/4403/3127
f 3317/4401/3128 3319/4403/3128 3320/4404/3128 3321/4405/3128
f 3317/4401/3129 3321/4405/3129 3256/4322/3129 3255/4321/3129
f 3321/4405/3130 3320/4404/3130 3322/4406/3130 3323/4407/3130
f 3321/4405/3131 3323/4407/3131 3257/4323/3131 3256/4322/3131
f 3323/4407/3132 3322/4406/3132 3324/4408/3132 3325/4409/3132
f 3323/4407/3133 3325/4409/3133 3259/4325/3133 3257/4323/3133
f 3325/4409/3134 3324/4408/3134 3326/4410/3134 3327/4411/3134
f 3325/4409/3135 3327/4411/3135 3261/4327/3135 3259/4325/3135
f 3327/4412/3136 3326/4413/3136 3328/4414/3136 3329/4415/3136
f 3327/4416/3137 3329/4417/3137 3263/4331/3137 3261/4330/3137
f 3329/4415/3138 3328/4414/3138 3330/4418/3138 3331/4419/3138
f 3329/4417/3139 3331/4420/3139 3265/4335/3139 3263/4331/3139
f 3331/4419/3140 3330/4418/3140 3332/4421/3140 3333/4422/3140
f 3331/4420/3141 3333/4423/3141 3334/4424/3141 3265/4335/3141
f 3334/4424/3142 3333/4423/3142 3335/4425/3142 3336/4426/3142
f 3334/4424/3143 3336/4426/3143 3337/4427/3143 3268/4338/3143
f 3334/4424/3144 3268/4338/3144 3266/4336/3144 3265/4335/3144
f 3337/4427/3145 3336/4426/3145 3338/4428/3145 3339/4429/3145
f 3337/4427/3146 3339/4429/3146 3340/4430/3146 3271/4431/3146
f 3337/4427/3147 3271/4431/3147 3269/4339/3147 3268/4338/3147
f 3340/4432/3148 3339/4433/3148 3341/4434/3148 3342/4435/3148
f 3340/4432/3149 3342/4435/3149 3343/4436/3149 3274/4437/3149
f 3340/4438/3150 3274/4347/3150 3272/4344/3150 3271/4343/3150
f 3343/4436/3151 3342/4435/3151 3344/4439/3151 3345/4440/3151
f 3343/4436/3152 3345/4440/3152 3283/4361/3152 3277/4354/3152
f 3343/4436/3153 3277/4354/3153 3275/4353/3153 3274/4437/3153
f 3345/4440/3154 3344/4439/3154 3346/4441/3154 3347/4442/3154
f 3345/4440/3155 3347/4442/3155 3284/4362/3155 3283/4361/3155
f 3347/4442/3156 3346/4441/3156 3348/4443/3156 3349/4444/3156
f 3347/4442/3157 3349/4444/3157 3285/4363/3157 3284/4362/3157
f 3349/4444/3158 3348/4443/3158 3350/4445/3158 3351/4446/3158
f 3349/4444/3159 3351/4446/3159 3287/4365/3159 3285/4363/3159
f 3351/4446/3160 3350/4445/3160 3352/4447/3160 3353/4448/3160
f 3351/4446/3161 3353/4448/3161 3289/4367/3161 3287/4365/3161
f 3353/4448/3162 3352/4447/3162 3354/4449/3162 3355/4450/3162
f 3353/4448/3163 3355/4450/3163 3291/4369/3163 3289/4367/3163
f 3355/4451/3164 3354/4452/3164 3298/4380/3164 3296/4378/3164
f 3355/4451/3165 3296/4378/3165 3293/4375/3165 3291/4374/3165
f 3354/4449/3166 3352/4447/3166 3356/4453/3166 3357/4454/3166
f 3354/4452/3167 3357/4455/3167 3358/4456/3167 3298/4380/3167
f 3358/4457/3168 3357/4454/3168 3359/4458/3168 3360/4459/3168
f 3358/4456/3169 3360/4460/3169 3361/4461/3169 3301/4383/3169
f 3358/4456/3170 3301/4383/3170 3299/4381/3170 3298/4380/3170
f 3361/4461/3171 3360/4460/3171 3362/4462/3171 3363/4463/3171
f 3361/4461/3172 3363/4463/3172 3364/4464/3172 3304/4386/3172
f 3361/4461/3173 3304/4386/3173 3302/4384/3173 3301/4383/3173
f 3364/4464/3174 3363/4463/3174 3365/4465/3174 3366/4466/3174
f 3364/4464/3175 3366/4466/3175 3367/4467/3175 3368/4468/3175
f 3364/4464/3176 3368/4468/3176 3305/4387/3176 3304/4386/3176
f 3368/4469/3177 3367/4470/3177 3369/4471/3177 3370/4472/3177
f 3368/4468/3178 3370/4473/3178 3306/4388/3178 3305/4387/3178
f 3370/4474/3179 3369/4475/3179 3371/4476/3179 3372/4477/3179
f 3370/4474/3180 3372/4477/3180 3308/4392/3180 3306/4391/3180
f 3372/4477/3181 3371/4476/3181 3373/4478/3181 3374/4479/3181
f 3372/4477/3182 3374/4479/3182 3310/4394/3182 3308/4392/3182
f 3374/4479/3183 3373/4478/3183 3375/4480/3183 3315/4399/3183
f 3374/4479/3184 3315/4399/3184 3312/4396/3184 3310/4394/3184
f 3375/4480/3185 3373/4478/3185 3376/4481/3185 3377/4482/3185
f 3375/4480/3186 3377/4482/3186 416/469/3186 3318/4402/3186
f 3375/4480/3187 3318/4402/3187 3316/4400/3187 3315/4399/3187
f 3377/4482/3188 3376/4481/3188 3378/4483/3188 3379/4484/3188
f 3377/4482/3189 3379/4484/3189 417/470/3189 416/469/3189
f 3379/4484/3190 3378/4483/3190 3380/4485/3190 3381/4486/3190
f 3379/4484/3191 3381/4486/3191 418/471/3191 417/470/3191
f 3381/4486/3192 3380/4485/3192 3382/4487/3192 3383/4488/3192
f 3381/4486/3193 3383/4488/3193 3384/4489/3193 418/471/3193
f 3384/4489/3194 3383/4488/3194 3385/4490/3194 461/527/3194
f 3384/4489/3195 461/527/3195 460/526/3195 3386/4491/3195
f 3384/4489/3196 3386/4491/3196 419/472/3196 418/471/3196
f 3386/4491/3197 460/526/3197 465/531/3197 3387/4492/3197
f 3386/4491/3198 3387/4492/3198 422/475/3198 419/472/3198
f 3387/4492/3199 465/531/3199 3388/4493/3199 3389/4494/3199
f 3387/4492/3200 3389/4494/3200 3390/4495/3200 422/475/3200
f 3390/4495/3201 3389/4494/3201 3391/4496/3201 3392/4497/3201
f 3390/4498/3202 3392/4499/3202 3393/4500/3202 3394/4501/3202
f 3390/4495/3203 3394/4502/3203 420/473/3203 422/475/3203
f 3394/4502/3204 3393/4503/3204 3395/4504/3204 3396/4505/3204
f 3394/4502/3205 3396/4505/3205 421/474/3205 420/473/3205
f 3396/4505/3206 3395/4504/3206 440/4506/3206 437/493/3206
f 3396/4505/3207 437/493/3207 436/492/3207 421/474/3207
f 3395/4507/3208 3393/4508/3208 3397/4509/3208 3398/4510/3208
f 3395/4511/3209 3398/4512/3209 3399/4513/3209 440/499/3209
f 3399/4513/3210 3398/4512/3210 3400/4514/3210 3401/4515/3210
f 3399/4513/3211 3401/4515/3211 3402/4516/3211 3403/4517/3211
f 3399/4513/3212 3403/4517/3212 438/495/3212 440/499/3212
f 3403/4517/3213 3402/4516/3213 3404/4518/3213 3405/4519/3213
f 3403/4517/3214 3405/4519/3214 439/496/3214 438/495/3214
f 3405/4519/3215 3404/4518/3215 3406/4520/3215 3407/4521/3215
f 3405/4519/3216 3407/4521/3216 3408/4522/3216 439/496/3216
f 3408/4523/3217 3409/4524/3217 435/491/3217 439/4525/3217
f 3408/4526/3218 3407/4527/3218 3410/4528/3218 3411/4529/3218
f 3408/4523/3219 3411/4530/3219 3412/4531/3219 3409/4524/3219
f 3412/4531/3220 3413/4532/3220 3414/4533/3220 3409/4524/3220
f 3412/4531/3221 3411/4530/3221 3326/4410/3221 3324/4408/3221
f 3412/4531/3222 3324/4408/3222 3322/4406/3222 3413/4532/3222
f 3414/4533/3223 413/466/3223 421/474/3223 436/492/3223
f 3414/4533/3224 436/492/3224 435/491/3224 3409/4524/3224
f 3414/4533/3225 3413/4532/3225 414/467/3225 413/466/3225
f 3413/4532/3226 3322/4406/3226 3320/4404/3226 414/467/3226
f 3411/4529/3227 3410/4528/3227 3328/4414/3227 3326/4413/3227
f 3410/4528/3228 3407/4527/3228 3406/4534/3228 3415/4535/3228
f 3410/4528/3229 3415/4535/3229 3330/4418/3229 3328/4414/3229
f 3415/4535/3230 3406/4534/3230 3416/4536/3230 3417/4537/3230
f 3415/4535/3231 3417/4537/3231 3332/4421/3231 3330/4418/3231
f 3417/4538/3232 3416/4539/3232 3418/4540/3232 3419/4541/3232
f 3417/4537/3233 3419/4542/3233 3420/4543/3233 3332/4421/3233
f 3420/4544/3234 3419/4545/3234 3421/4546/3234 3422/4547/3234
f 3420/4544/3235 3422/4547/3235 3423/4548/3235 3335/4549/3235
f 3420/4543/3236 3335/4550/3236 3333/4422/3236 3332/4421/3236
f 3423/4548/3237 3422/4547/3237 3424/4551/3237 3425/4552/3237
f 3423/4548/3238 3425/4552/3238 3426/4553/3238 3338/4554/3238
f 3423/4548/3239 3338/4554/3239 3336/4555/3239 3335/4549/3239
f 3426/4553/3240 3425/4552/3240 3427/4556/3240 3428/4557/3240
f 3426/4553/3241 3428/4557/3241 3429/4558/3241 3341/4434/3241
f 3426/4553/3242 3341/4434/3242 3339/4433/3242 3338/4554/3242
f 3429/4558/3243 3428/4557/3243 3430/4559/3243 3431/4560/3243
f 3429/4558/3244 3431/4560/3244 3346/4441/3244 3344/4439/3244
f 3429/4558/3245 3344/4439/3245 3342/4435/3245 3341/4434/3245
f 3431/4560/3246 3430/4559/3246 3432/4561/3246 3433/4562/3246
f 3431/4560/3247 3433/4562/3247 3348/4443/3247 3346/4441/3247
f 3433/4562/3248 3432/4561/3248 3434/4563/3248 3435/4564/3248
f 3433/4562/3249 3435/4564/3249 3350/4445/3249 3348/4443/3249
f 3435/4564/3250 3434/4563/3250 3436/4565/3250 3356/4453/3250
f 3435/4564/3251 3356/4453/3251 3352/4447/3251 3350/4445/3251
f 3436/4565/3252 3434/4563/3252 3437/4566/3252 3438/4567/3252
f 3436/4565/3253 3438/4567/3253 3439/4568/3253 3359/4458/3253
f 3436/4565/3254 3359/4458/3254 3357/4454/3254 3356/4453/3254
f 3439/4568/3255 3438/4567/3255 3440/4569/3255 3441/4570/3255
f 3439/4568/3256 3441/4570/3256 3442/4571/3256 3362/4572/3256
f 3439/4568/3257 3362/4572/3257 3360/4459/3257 3359/4458/3257
f 3442/4571/3258 3441/4570/3258 3443/4573/3258 3444/4574/3258
f 3442/4575/3259 3444/4576/3259 3445/4577/3259 3365/4465/3259
f 3442/4575/3260 3365/4465/3260 3363/4463/3260 3362/4462/3260
f 3445/4578/3261 3444/4579/3261 3446/4580/3261 3447/4581/3261
f 3445/4578/3262 3447/4581/3262 3448/4582/3262 3449/4583/3262
f 3445/4578/3263 3449/4583/3263 3366/4584/3263 3365/4585/3263
f 3449/4583/3264 3448/4582/3264 3450/4586/3264 3451/4587/3264
f 3449/4583/3265 3451/4587/3265 3367/4470/3265 3366/4584/3265
f 3451/4587/3266 3450/4586/3266 3452/4588/3266 3453/4589/3266
f 3451/4587/3267 3453/4589/3267 3369/4471/3267 3367/4470/3267
f 3453/4590/3268 3452/4591/3268 3454/4592/3268 3455/4593/3268
f 3453/4590/3269 3455/4593/3269 3371/4476/3269 3369/4475/3269
f 3455/4593/3270 3454/4592/3270 3378/4483/3270 3376/4481/3270
f 3455/4593/3271 3376/4481/3271 3373/4478/3271 3371/4476/3271
f 3454/4594/3272 3452/4588/3272 3456/4595/3272 3457/4596/3272
f 3454/4592/3273 3457/4597/3273 3380/4485/3273 3378/4483/3273
f 3457/4596/3274 3456/4595/3274 459/524/3274 3458/4598/3274
f 3457/4597/3275 3458/4599/3275 3382/4487/3275 3380/4485/3275
f 3458/4598/3276 459/524/3276 458/523/3276 3459/4600/3276
f 3458/4599/3277 3459/4601/3277 3460/4602/3277 3382/4487/3277
f 3460/4602/3278 3459/4601/3278 3461/4603/3278 3462/4604/3278
f 3460/4602/3279 3462/4604/3279 3463/4605/3279 3385/4490/3279
f 3460/4602/3280 3385/4490/3280 3383/4488/3280 3382/4487/3280
f 3463/4606/3281 3462/4607/3281 3464/4608/3281 3465/4609/3281
f 3463/4605/3282 3465/4610/3282 463/529/3282 462/528/3282
f 3463/4605/3283 462/528/3283 461/527/3283 3385/4490/3283
f 3465/4611/3284 3466/4612/3284 3467/4613/3284 463/4614/3284
f 3465/4609/3285 3464/4608/3285 3468/4615/3285 3466/4616/3285
f 3468/4617/3286 3469/4618/3286 3470/4619/3286 3466/4612/3286
f 3468/4615/3287 3464/4608/3287 3471/4620/3287 3472/4621/3287
f 3468/4615/3288 3472/4621/3288 3473/4622/3288 3469/4623/3288
f 3473/4622/3289 3474/4624/3289 3475/4625/3289 3469/4623/3289
f 3473/4622/3290 3472/4621/3290 3476/4626/3290 3477/4627/3290
f 3473/4622/3291 3477/4627/3291 3478/4628/3291 3474/4624/3291
f 3478/4628/3292 469/4629/3292 471/4630/3292 3474/4624/3292
f 3478/4628/3293 3477/4627/3293 3479/4631/3293 3480/4632/3293
f 3478/4633/3294 3480/4634/3294 470/537/3294 469/536/3294
f 3480/4634/3295 3479/4635/3295 3481/4636/3295 3482/4637/3295
f 3480/4634/3296 3482/4637/3296 3483/4638/3296 470/537/3296
f 3483/4638/3297 3484/4639/3297 466/533/3297 470/537/3297
f 3483/4638/3298 3482/4637/3298 3485/4640/3298 3486/4641/3298
f 3483/4638/3299 3486/4641/3299 3487/4642/3299 3484/4639/3299
f 3487/4642/3300 3488/4643/3300 3489/4644/3300 3484/4639/3300
f 3487/4642/3301 3486/4641/3301 3490/4645/3301 3491/4646/3301
f 3487/4642/3302 3491/4646/3302 452/516/3302 3488/4643/3302
f 3491/4646/3303 3490/4645/3303 3492/4647/3303 3493/4648/3303
f 3491/4646/3304 3493/4648/3304 453/517/3304 452/516/3304
f 3493/4648/3305 3492/4647/3305 3494/4649/3305 3495/4650/3305
f 3493/4648/3306 3495/4650/3306 3496/4651/3306 453/517/3306
f 3496/4651/3307 3497/4652/3307 450/514/3307 453/517/3307
f 3496/4651/3308 3495/4650/3308 3498/4653/3308 3499/4654/3308
f 3496/4651/3309 3499/4654/3309 3427/4556/3309 3497/4652/3309
f 3499/4654/3310 3498/4653/3310 3432/4561/3310 3430/4559/3310
f 3499/4654/3311 3430/4559/3311 3428/4557/3311 3427/4556/3311
f 3498/4653/3312 3495/4650/3312 3494/4649/3312 3437/4566/3312
f 3498/4653/3313 3437/4566/3313 3434/4563/3313 3432/4561/3313
f 3497/4652/3314 3424/4551/3314 451/515/3314 450/514/3314
f 3497/4652/3315 3427/4556/3315 3425/4552/3315 3424/4551/3315
f 3494/4649/3316 3492/4647/3316 3500/4655/3316 3440/4569/3316
f 3494/4649/3317 3440/4569/3317 3438/4567/3317 3437/4566/3317
f 3500/4655/3318 3492/4647/3318 3490/4645/3318 3501/4656/3318
f 3500/4655/3319 3501/4656/3319 3502/4657/3319 3443/4573/3319
f 3500/4655/3320 3443/4573/3320 3441/4570/3320 3440/4569/3320
f 3502/4657/3321 3501/4656/3321 3485/4640/3321 3503/4658/3321
f 3502/4659/3322 3503/4660/3322 3504/4661/3322 3446/4580/3322
f 3502/4657/3323 3446/4662/3323 3444/4574/3323 3443/4573/3323
f 3504/4661/3324 3503/4660/3324 3481/4663/3324 3505/4664/3324
f 3504/4661/3325 3505/4664/3325 3506/4665/3325 3507/4666/3325
f 3504/4661/3326 3507/4666/3326 3447/4581/3326 3446/4580/3326
f 3507/4666/3327 3506/4665/3327 455/520/3327 3508/4667/3327
f 3507/4666/3328 3508/4667/3328 3448/4582/3328 3447/4581/3328
f 3508/4667/3329 455/520/3329 454/519/3329 3509/4668/3329
f 3508/4667/3330 3509/4668/3330 3450/4586/3330 3448/4582/3330
f 3509/4668/3331 454/519/3331 459/524/3331 3456/4595/3331
f 3509/4668/3332 3456/4595/3332 3452/4588/3332 3450/4586/3332
f 3506/4665/3333 3505/4664/3333 3510/4669/3333 3511/4670/3333
f 3506/4665/3334 3511/4670/3334 456/521/3334 455/520/3334
f 3511/4670/3335 3510/4669/3335 3476/4626/3335 3512/4671/3335
f 3511/4670/3336 3512/4671/3336 457/522/3336 456/521/3336
f 3512/4671/3337 3476/4626/3337 3472/4621/3337 3471/4620/3337
f 3512/4671/3338 3471/4620/3338 3461/4672/3338 457/522/3338
f 3510/4669/3339 3479/4631/3339 3477/4627/3339 3476/4626/3339
f 3510/4669/3340 3505/4664/3340 3481/4663/3340 3479/4631/3340
f 3503/4658/3341 3485/4640/3341 3482/4637/3341 3481/4636/3341
f 3501/4656/3342 3490/4645/3342 3486/4641/3342 3485/4640/3342
f 3489/4644/3343 3513/4673/3343 3514/4674/3343 467/534/3343
f 3489/4644/3344 467/534/3344 466/533/3344 3484/4639/3344
f 3489/4644/3345 3488/4643/3345 3515/4675/3345 3513/4673/3345
f 3515/4675/3346 3516/4676/3346 3517/4677/3346 3513/4673/3346
f 3515/4675/3347 3488/4643/3347 452/516/3347 59/510/3347
f 3515/4675/3348 59/510/3348 449/513/3348 3516/4676/3348
f 3517/4678/3349 3518/4679/3349 473/541/3349 3519/4680/3349
f 3517/4677/3350 3519/4681/3350 3514/4674/3350 3513/4673/3350
f 3517/4677/3351 3516/4676/3351 3520/4682/3351 3518/4683/3351
f 3520/4684/3352 3521/4685/3352 3522/4686/3352 3518/4687/3352
f 3520/4684/3353 3516/4688/3353 449/4689/3353 3523/4690/3353
f 3520/4684/3354 3523/4690/3354 3524/4691/3354 3521/4685/3354
f 3524/4691/3355 3525/4692/3355 3526/4693/3355 3521/4685/3355
f 3524/4691/3356 3523/4690/3356 3527/4694/3356 3528/4695/3356
f 3524/4696/3357 3528/4697/3357 3400/4698/3357 3525/4699/3357
f 3528/4695/3358 3527/4694/3358 441/507/3358 445/506/3358
f 3528/4695/3359 445/506/3359 3401/4515/3359 3400/4514/3359
f 3527/4700/3360 3523/4701/3360 449/513/3360 448/512/3360
f 3527/4700/3361 448/512/3361 442/502/3361 441/501/3361
f 3526/4693/3362 3529/4702/3362 3530/4703/3362 3531/4704/3362
f 3526/4693/3363 3531/4704/3363 3522/4686/3363 3521/4685/3363
f 3526/4693/3364 3525/4692/3364 3397/4705/3364 3529/4702/3364
f 3531/4704/3365 3530/4703/3365 3532/4706/3365 477/4707/3365
f 3531/4704/3366 477/4707/3366 474/4708/3366 3522/4686/3366
f 3532/4709/3367 3533/4710/3367 3534/4711/3367 3535/4712/3367
f 3532/4709/3368 3535/4712/3368 475/543/3368 477/545/3368
f 3532/4706/3369 3530/4703/3369 3391/4713/3369 3533/4714/3369
f 3535/4712/3370 3534/4711/3370 3536/4715/3370 3537/4716/3370
f 3535/4712/3371 3537/4716/3371 476/544/3371 475/543/3371
f 3537/4716/3372 3536/4715/3372 3470/4619/3372 3538/4717/3372
f 3537/4716/3373 3538/4717/3373 3539/4718/3373 476/544/3373
f 3539/4718/3374 3540/4719/3374 472/540/3374 476/544/3374
f 3539/4718/3375 3538/4717/3375 3475/4720/3375 3541/4721/3375
f 3539/4718/3376 3541/4721/3376 3542/4722/3376 3540/4719/3376
f 3542/4723/3377 3514/4674/3377 3519/4681/3377 3540/4724/3377
f 3542/4722/3378 3541/4721/3378 471/4725/3378 468/4726/3378
f 3542/4723/3379 468/535/3379 467/534/3379 3514/4674/3379
f 3541/4721/3380 3475/4720/3380 3474/4727/3380 471/4725/3380
f 3540/4719/3381 3519/4680/3381 473/541/3381 472/540/3381
f 3538/4717/3382 3470/4619/3382 3469/4618/3382 3475/4720/3382
f 3536/4715/3383 3534/4711/3383 3543/4728/3383 3467/4613/3383
f 3536/4715/3384 3467/4613/3384 3466/4612/3384 3470/4619/3384
f 3543/4728/3385 3534/4711/3385 3533/4710/3385 3388/4729/3385
f 3543/4730/3386 3388/4493/3386 465/531/3386 464/530/3386
f 3543/4728/3387 464/4731/3387 463/4614/3387 3467/4613/3387
f 3533/4732/3388 3391/4496/3388 3389/4494/3388 3388/4493/3388
f 3530/4703/3389 3529/4702/3389 3392/4499/3389 3391/4713/3389
f 3529/4702/3390 3397/4705/3390 3393/4500/3390 3392/4499/3390
f 3525/4699/3391 3400/4698/3391 3398/4510/3391 3397/4509/3391
f 3522/4686/3392 474/4708/3392 473/4733/3392 3518/4687/3392
f 3471/4620/3393 3464/4608/3393 3462/4607/3393 3461/4672/3393
f 3461/4672/3394 3459/4600/3394 458/523/3394 457/522/3394
f 3424/4551/3395 3422/4547/3395 3421/4546/3395 451/515/3395
f 3421/4546/3396 3419/4545/3396 3418/4734/3396 3544/4735/3396
f 3421/4546/3397 3544/4735/3397 447/511/3397 451/515/3397
f 3544/4735/3398 3418/4734/3398 443/503/3398 442/502/3398
f 3544/4735/3399 442/502/3399 448/512/3399 447/511/3399
f 3418/4540/3400 3416/4539/3400 446/509/3400 443/508/3400
f 3416/4539/3401 3406/4520/3401 3404/4518/3401 446/509/3401
f 3404/4518/3402 3402/4516/3402 444/505/3402 446/509/3402
f 3402/4516/3403 3401/4515/3403 445/506/3403 444/505/3403
f 3320/4404/3404 3319/4403/3404 415/468/3404 414/467/3404
f 3319/4403/3405 3318/4402/3405 416/469/3405 415/468/3405
f 3283/4361/3406 3280/4358/3406 3278/4355/3406 3277/4354/3406
f 2882/3769/3407 2876/3763/3407 2874/3759/3407 2873/3758/3407
f 2789/3637/3408 2787/3635/3408 2786/3634/3408 2747/3588/3408
f 2786/3634/3409 2751/3593/3409 2748/3589/3409 2747/3588/3409
f 2786/3634/3410 2784/3632/3410 2783/3631/3410 2751/3593/3410
f 2783/3631/3411 2756/3598/3411 2752/3594/3411 2751/3593/3411
f 2783/3631/3412 2781/3629/3412 2780/3628/3412 2756/3598/3412
f 2780/3628/3413 2760/3604/3413 2757/3599/3413 2756/3598/3413
f 2780/3628/3414 2778/3626/3414 2777/3625/3414 2760/3604/3414
f 2777/3625/3415 2764/4736/3415 2761/3605/3415 2760/3604/3415
f 2777/3625/3416 2774/3621/3416 2772/3620/3416 2764/4736/3416
f 2767/3612/3417 2482/3217/3417 2478/3213/3417 2477/3212/3417
f 2763/3608/3418 2477/3212/3418 2473/3208/3418 2472/3207/3418
f 2759/3602/3419 2472/3207/3419 2469/3204/3419 2468/3203/3419
f 2755/4737/3420 2466/3201/3420 2465/3200/3420 81/4738/3420
f 2755/3597/3421 81/18/3421 80/17/3421 2750/3592/3421
f 2755/4737/3422 2754/3603/3422 2468/3203/3422 2466/3201/3422
f 2738/4739/3423 2736/3568/3423 138/92/3423 137/4740/3423
f 2736/3568/3424 2734/3564/3424 180/145/3424 138/92/3424
f 2734/3564/3425 2732/3559/3425 177/142/3425 180/145/3425
f 2732/3559/3426 2730/3556/3426 156/117/3426 177/142/3426
f 2730/4741/3427 2728/4742/3427 151/4743/3427 156/4744/3427
f 2728/3553/3428 2726/3550/3428 152/113/3428 151/112/3428
f 2726/3550/3429 2723/3544/3429 3545/4745/3429 152/113/3429
f 3545/4745/3430 2720/3539/3430 223/202/3430 23/200/3430
f 3545/4745/3431 23/200/3431 153/114/3431 152/113/3431
f 3545/4745/3432 2723/3544/3432 2721/3540/3432 2720/3539/3432
f 2696/3511/3433 2693/3510/3433 2683/3490/3433 2681/3486/3433
f 2608/3371/3434 2602/3361/3434 2600/3360/3434 2599/3623/3434
f 2588/3345/3435 2492/3344/3435 2488/3225/3435 2487/3224/3435
f 2583/3334/3436 2512/3250/3436 2508/3246/3436 2507/3245/3436
f 2581/3332/3437 2517/3255/3437 2513/3251/3437 2512/3250/3437
f 2578/3329/3438 2522/3262/3438 2518/3256/3438 2517/3255/3438
f 2476/3211/3439 90/31/3439 4/30/3439 2471/3206/3439
f 2465/3200/3440 2464/3199/3440 82/4746/3440 81/4738/3440
f 2464/4747/3441 2452/3184/3441 89/29/3441 82/19/3441
f 2464/3199/3442 2462/3197/3442 2454/3190/3442 2452/4748/3442
f 2450/3181/3443 2449/3180/3443 88/3563/3443 87/4749/3443
f 2439/3162/3444 148/108/3444 142/101/3444 141/100/3444
f 2437/3156/3445 2436/3155/3445 12/105/3445 148/108/3445
f 2399/3109/3446 2243/2920/3446 2239/2916/3446 2238/2915/3446
f 2397/3107/3447 2248/3106/3447 2244/2921/3447 2243/2920/3447
f 2394/3100/3448 2268/2951/3448 2260/2950/3448 2258/3105/3448
f 2386/3092/3449 2385/3091/3449 2278/2962/3449 2276/2960/3449
f 2385/4750/3450 2381/3086/3450 2380/3085/3450 2283/2969/3450
f 2385/4750/3451 2283/2969/3451 2280/2966/3451 2278/2965/3451
f 2380/3085/3452 2376/3079/3452 2375/3078/3452 3546/4751/3452
f 2380/3085/3453 3546/4751/3453 2284/2970/3453 2283/2969/3453
f 3546/4751/3454 2375/3078/3454 2290/2976/3454 2288/2974/3454
f 3546/4751/3455 2288/2974/3455 2285/2971/3455 2284/2970/3455
f 2375/3078/3456 2371/3074/3456 2292/2978/3456 2290/2976/3456
f 2367/3070/3457 2295/2981/3457 2293/2979/3457 2292/2978/3457
f 2363/3066/3458 2298/2984/3458 2296/2982/3458 2295/2981/3458
f 2353/3055/3459 2305/2994/3459 2302/2990/3459 2300/2989/3459
f 2349/3049/3460 2308/2997/3460 2306/2995/3460 2305/2994/3460
f 2345/3045/3461 2311/3000/3461 2309/2998/3461 2308/2997/3461
f 2341/3041/3462 2314/3003/3462 2312/3001/3462 2311/3000/3462
f 2337/3037/3463 2317/3006/3463 2315/3004/3463 2314/3003/3463
f 2333/3032/3464 2320/3009/3464 2318/3007/3464 2317/3006/3464
f 2256/2936/3465 2253/2933/3465 2249/2929/3465 2248/2928/3465
f 2252/2932/3466 3547/4752/3466 3548/4753/3466 3549/4754/3466
f 2252/2932/3467 3549/4754/3467 2247/2925/3467 2246/2924/3467
f 2252/2932/3468 2251/2931/3468 3550/4755/3468 3547/4752/3468
f 3550/4755/3469 3551/4756/3469 3552/4757/3469 3547/4752/3469
f 3550/4755/3470 2251/2931/3470 1747/2236/3470 1745/2234/3470
f 3550/4755/3471 1745/2234/3471 1743/2232/3471 3551/4756/3471
f 3552/4757/3472 1683/2145/3472 1679/2141/3472 1678/2140/3472
f 3552/4757/3473 1678/2140/3473 3548/4753/3473 3547/4752/3473
f 3552/4757/3474 3551/4756/3474 3553/4758/3474 1683/2145/3474
f 3553/4758/3475 1688/2152/3475 1684/2146/3475 1683/2145/3475
f 3553/4758/3476 3551/4756/3476 1743/2232/3476 1742/2231/3476
f 3553/4758/3477 1742/2231/3477 1741/2230/3477 1688/2152/3477
f 3549/4754/3478 3548/4753/3478 1673/2135/3478 3554/4759/3478
f 3549/4754/3479 3554/4759/3479 3555/4760/3479 2247/2925/3479
f 3555/4760/3480 3554/4759/3480 1668/2130/3480 3556/4761/3480
f 3555/4760/3481 3556/4761/3481 3557/4762/3481 2242/4763/3481
f 3555/4760/3482 2242/4763/3482 2241/2926/3482 2247/2925/3482
f 3557/4762/3483 3556/4761/3483 1663/2125/3483 3558/4764/3483
f 3557/4765/3484 3558/4766/3484 3559/4767/3484 2237/2914/3484
f 3557/4765/3485 2237/2914/3485 2236/2913/3485 2242/2919/3485
f 3559/4768/3486 3558/4764/3486 1658/2120/3486 3560/4769/3486
f 3559/4767/3487 3560/4770/3487 3561/4771/3487 2232/2909/3487
f 3559/4767/3488 2232/2909/3488 2231/2908/3488 2237/2914/3488
f 3561/4771/3489 3560/4770/3489 1654/2115/3489 3562/4772/3489
f 3561/4771/3490 3562/4772/3490 3563/4773/3490 2227/2904/3490
f 3561/4771/3491 2227/2904/3491 2226/2903/3491 2232/2909/3491
f 3563/4773/3492 3562/4772/3492 3564/4774/3492 3565/4775/3492
f 3563/4773/3493 3565/4775/3493 108/51/3493 2222/2899/3493
f 3563/4773/3494 2222/2899/3494 2221/2898/3494 2227/2904/3494
f 3565/4775/3495 3564/4774/3495 3566/4776/3495 3567/4777/3495
f 3565/4775/3496 3567/4777/3496 105/48/3496 108/51/3496
f 3567/4778/3497 3566/4779/3497 1641/2093/3497 1639/2091/3497
f 3567/4778/3498 1639/2091/3498 106/2088/3498 105/4780/3498
f 3566/4776/3499 3564/4774/3499 1652/2114/3499 1651/4781/3499
f 3566/4779/3500 1651/2112/3500 1643/2095/3500 1641/2093/3500
f 3564/4774/3501 3562/4772/3501 1654/2115/3501 1652/2114/3501
f 3560/4770/3502 1658/4782/3502 1655/2116/3502 1654/2115/3502
f 3558/4764/3503 1663/2125/3503 1659/2121/3503 1658/2120/3503
f 3556/4761/3504 1668/2130/3504 1664/2126/3504 1663/2125/3504
f 3554/4759/3505 1673/2135/3505 1669/2131/3505 1668/2130/3505
f 3548/4753/3506 1678/2140/3506 1674/2136/3506 1673/2135/3506
f 2222/2899/3507 108/51/3507 107/50/3507 2217/2894/3507
f 2145/2786/3508 2111/2726/3508 2107/2721/3508 2106/2720/3508
f 2143/2779/3509 2114/2732/3509 2112/2729/3509 2111/2783/3509
f 2140/2772/3510 2119/2771/3510 2117/4783/3510 2116/2775/3510
f 2053/2669/3511 202/173/3511 201/172/3511 2049/2646/3511
f 2050/2648/3512 2012/2589/3512 183/2588/3512 182/4784/3512
f 2045/2638/3513 2020/2603/3513 2018/2597/3513 2017/2596/3513
f 2010/2585/3514 2009/2584/3514 187/153/3514 184/150/3514
f 2007/2582/3515 248/4785/3515 1988/2552/3515 1987/2551/3515
f 2007/4786/3516 2005/4787/3516 249/241/3516 248/240/3516
f 1993/2623/3517 220/196/3517 193/199/3517 192/4788/3517
f 1931/2488/3518 73/9/3518 75/11/3518 1926/2483/3518
f 1900/2440/3519 1898/2438/3519 121/69/3519 120/68/3519
f 1821/2339/3520 1777/2273/3520 1775/2270/3520 378/4789/3520
f 1818/2333/3521 1780/2277/3521 1778/2274/3521 1777/2273/3521
f 1817/2332/3522 1816/2331/3522 336/2338/3522 335/362/3522
f 1799/2306/3523 1789/2292/3523 1787/2290/3523 1786/2289/3523
f 1775/2270/3524 1773/2269/3524 376/4790/3524 378/4789/3524
f 1773/4791/3525 1772/2948/3525 377/421/3525 376/420/3525
f 1765/2255/3526 326/348/3526 340/4792/3526 1760/2256/3526
f 1741/2230/3527 1693/4793/3527 1689/2153/3527 1688/2152/3527
f 1741/2230/3528 1739/2228/3528 1738/2227/3528 1693/4793/3528
f 1738/4794/3529 1698/2163/3529 1694/2159/3529 1693/2158/3529
f 1738/4794/3530 1736/4795/3530 3568/4796/3530 1698/2163/3530
f 3568/4796/3531 1703/2168/3531 1699/2164/3531 1698/2163/3531
f 3568/4797/3532 1736/4798/3532 1734/2222/3532 1733/2221/3532
f 3568/4797/3533 1733/2221/3533 3569/4799/3533 1703/4800/3533
f 3569/4799/3534 1706/4801/3534 1704/4802/3534 1703/4800/3534
f 3569/4799/3535 1733/2221/3535 1731/2220/3535 3570/4803/3535
f 3569/4799/3536 3570/4803/3536 1708/4804/3536 1706/4801/3536
f 3570/4803/3537 1731/2220/3537 1730/4805/3537 3571/4806/3537
f 3570/4803/3538 3571/4806/3538 3572/4807/3538 1708/4804/3538
f 3572/4808/3539 1711/2182/3539 1709/2178/3539 1708/2177/3539
f 3572/4808/3540 3571/4809/3540 329/352/3540 328/351/3540
f 3572/4808/3541 328/351/3541 1713/2185/3541 1711/2182/3541
f 3571/4810/3542 1730/2216/3542 330/355/3542 329/354/3542
f 1662/2124/3543 175/139/3543 15/133/3543 1657/2119/3543
f 1632/2868/3544 76/12/3544 2/8/3544 72/7/3544
f 1080/1346/3545 1077/1343/3545 1075/1341/3545 1074/1340/3545
f 787/953/3546 784/949/3546 782/947/3546 781/946/3546
f 726/877/3547 723/874/3547 721/872/3547 720/871/3547
f 599/703/3548 597/701/3548 486/556/3548 485/555/3548
f 593/696/3549 591/694/3549 489/559/3549 488/558/3549
f 553/4811/3550 551/647/3550 480/549/3550 479/548/3550
f 426/480/3551 425/479/3551 397/447/3551 396/446/3551
f 425/479/3552 424/478/3552 398/448/3552 397/447/3552
f 360/4812/3553 359/2199/3553 351/391/3553 348/388/3553
f 360/402/3554 348/4813/3554 344/378/3554 343/377/3554
f 318/335/3555 304/314/3555 36/306/3555 303/313/3555
f 296/305/3556 2927/4814/3556 274/279/3556 35/298/3556
f 290/299/3557 35/298/3557 274/279/3557 273/278/3557
f 288/296/3558 259/258/3558 256/253/3558 29/252/3558
f 274/4815/3559 2927/3838/3559 255/251/3559 227/208/3559
f 2926/3837/3560 29/248/3560 255/251/3560 2927/3838/3560
f 255/251/3561 254/250/3561 228/209/3561 227/208/3561
f 240/229/3562 219/195/3562 218/194/3562 238/230/3562
f 239/227/3563 238/226/3563 218/192/3563 217/191/3563
f 234/217/3564 233/216/3564 209/181/3564 206/178/3564
f 233/216/3565 215/220/3565 212/4816/3565 209/181/3565
f 229/210/3566 181/146/3566 178/143/3566 226/207/3566
f 226/207/3567 178/143/3567 154/115/3567 222/201/3567
f 212/4816/3568 211/2763/3568 207/179/3568 209/181/3568
f 196/2539/3569 190/2777/3569 130/81/3569 9/77/3569
f 180/145/3570 179/144/3570 139/93/3570 138/92/3570
