# Blender 4.3.0
# www.blender.org
o Mesh0
v 0.095454 -0.008410 -0.084188
v 0.098853 0.047862 -0.074917
v 0.087044 -0.065940 0.108623
v 0.135176 0.069274 0.059764
v -0.080878 -0.008142 -0.090851
v -0.114971 0.052695 -0.069184
v -0.005045 -0.267947 -0.092739
v -0.066905 -0.062841 0.116366
v 0.552614 -0.012523 0.037667
v 0.071718 -0.321507 0.087603
v -0.095181 -0.151670 0.074768
v -0.112660 -0.142026 0.050364
v -0.011605 -0.302052 0.108728
v 0.557714 0.040008 0.045596
v -0.135252 0.071780 0.056760
v 0.014763 -0.319940 0.100849
v 0.672869 0.011740 0.003926
v 0.610528 0.005251 0.064109
v 0.664014 0.033609 -0.004212
v 0.595908 -0.002077 0.130096
v 0.601628 0.008271 0.133510
v 0.600148 0.024815 0.077200
v -0.034278 -0.334740 0.083592
v -0.009558 -0.369197 0.075821
v 0.607356 0.001539 0.129437
v 0.608443 0.011917 0.116621
v 0.677764 0.037766 0.048513
v 0.681855 0.016155 0.054143
v 0.011658 -0.419642 0.056293
v 0.026405 -0.439409 0.068995
v 0.023154 -0.526525 -0.058577
v -0.026211 -0.389809 0.066774
v -0.017952 -0.522059 -0.050492
v 0.019469 -0.531463 0.041294
v -0.021178 -0.514291 0.047037
v -0.558604 -0.011460 0.029574
v -0.577192 0.038069 0.060746
v -0.656247 0.008532 0.010395
v -0.604432 -0.000888 0.072123
v -0.587865 0.006570 0.127473
v -0.670532 0.039496 0.015040
v -0.600495 0.024744 0.078317
v -0.604352 0.004835 0.135110
v -0.609765 0.003273 0.127016
v -0.676844 0.010489 0.053417
v -0.605939 0.013747 0.124820
v 0.070660 -0.910629 -0.007952
v -0.678972 0.035600 0.057711
v 0.047467 -0.936339 -0.045101
v 0.018501 -0.924950 -0.045433
v 0.008422 -0.899929 -0.003677
v 0.056537 -0.927202 0.066335
v 0.032256 -0.926913 0.087963
v -0.011420 -0.899941 -0.005416
v 0.008389 -0.929567 0.059747
v 0.028744 -0.954853 0.068163
v -0.022723 -0.932028 -0.039697
v -0.054706 -0.937650 -0.039378
v -0.073007 -0.911729 -0.011960
v -0.026796 -0.908821 0.070509
v -0.014481 -0.936318 0.077117
v -0.052566 -0.933454 0.079452
v -0.037715 -0.953039 0.074910
v 0.130512 0.853884 -0.043095
v -0.003463 0.872811 0.096361
v -0.130980 0.857054 -0.045457
v 0.114739 -0.026750 -0.077084
v 0.095436 -0.082043 -0.080726
v 0.075653 -0.077292 -0.087842
v 0.042066 -0.072114 -0.097271
v 0.046247 -0.009286 -0.101465
v 0.044983 0.038114 -0.093508
v 0.136145 0.018630 -0.074572
v 0.141403 0.001380 -0.070835
v 0.132740 0.044907 -0.068417
v 0.083026 0.081840 -0.080089
v 0.104648 0.089446 -0.062260
v 0.117007 0.069574 -0.055704
v 0.133794 0.062875 -0.055825
v 0.124498 -0.012415 0.091564
v 0.120855 -0.003460 0.094412
v 0.086618 -0.048477 0.110400
v 0.100122 -0.066876 0.096708
v 0.128124 -0.019573 0.084863
v 0.065720 -0.099477 0.098482
v 0.079586 -0.096646 0.090407
v 0.043969 -0.089654 0.107369
v 0.040863 -0.108238 0.106993
v 0.047047 -0.077247 0.116710
v 0.146451 0.082981 0.039408
v 0.127844 0.085656 0.034873
v 0.114400 0.076872 0.052101
v 0.101802 0.052084 0.073885
v 0.109058 0.037468 0.082325
v 0.141233 0.055099 0.071315
v 0.093459 0.064941 0.065734
v -0.060026 -0.076087 -0.093061
v -0.084413 -0.080402 -0.085441
v -0.107119 -0.024269 -0.080708
v -0.133725 0.003329 -0.074342
v -0.126840 0.020620 -0.077118
v -0.072201 0.041193 -0.085307
v -0.094495 0.083240 -0.074182
v -0.063343 0.077705 -0.088445
v -0.123379 0.069543 -0.053012
v -0.110081 0.088484 -0.057877
v -0.155410 0.047731 -0.061833
v -0.151975 0.061494 -0.053391
v -0.159674 0.029397 -0.066909
v 0.031943 -0.254774 -0.088785
v 0.031564 -0.338034 -0.094308
v 0.008037 -0.339148 -0.087361
v -0.010697 -0.345861 -0.084805
v -0.032395 -0.324230 -0.093584
v -0.038448 -0.245895 -0.085610
v -0.036803 -0.191300 -0.072751
v -0.002616 -0.195836 -0.073613
v 0.030828 -0.194106 -0.073583
v -0.053211 -0.317177 -0.095580
v -0.054600 -0.043222 0.117464
v -0.094115 -0.009900 0.104701
v -0.101325 -0.023759 0.105292
v -0.088081 -0.072829 0.105437
v -0.071813 -0.089579 0.100055
v -0.048187 -0.087188 0.109143
v -0.108370 -0.034468 0.102445
v 0.521297 -0.004965 0.026386
v 0.523639 -0.006427 0.019538
v 0.553335 -0.010687 0.026592
v 0.572580 -0.014552 0.058502
v 0.560508 -0.015227 0.061309
v 0.543912 -0.010043 0.041432
v 0.520317 -0.003078 0.030736
v 0.056831 -0.334703 0.085593
v 0.074967 -0.353448 0.088372
v 0.093440 -0.343687 0.086945
v 0.092064 -0.278871 0.082771
v 0.066836 -0.284670 0.089567
v 0.045108 -0.328704 0.084000
v -0.094383 -0.146039 0.082144
v -0.098943 -0.133023 0.076438
v -0.100059 -0.145144 0.068018
v -0.102477 -0.158301 0.064259
v -0.094950 -0.163121 0.074285
v -0.087486 -0.162128 0.083650
v -0.116612 -0.183602 0.051440
v -0.110096 -0.185636 0.064861
v -0.108044 -0.125277 0.060519
v -0.122160 -0.137981 0.033182
v -0.121733 -0.182863 0.036624
v -0.016135 -0.271849 0.111004
v -0.041249 -0.272898 0.101592
v -0.021748 -0.321901 0.097345
v -0.007165 -0.334333 0.096127
v 0.000286 -0.313657 0.106594
v 0.008879 -0.273565 0.111317
v -0.011901 -0.401373 -0.077280
v -0.024157 -0.385115 -0.092438
v -0.000448 -0.391289 -0.070826
v 0.549260 0.035721 0.048703
v 0.565815 0.033164 0.067848
v 0.576081 0.035767 0.066168
v 0.593456 0.036001 0.065228
v 0.585760 0.042527 0.050975
v 0.520537 0.037999 0.031358
v 0.519606 0.035147 0.035447
v 0.583069 0.045441 0.040045
v 0.555603 0.042898 0.033345
v 0.521090 0.041183 0.024841
v -0.102417 0.061537 0.066943
v -0.095246 0.074862 0.060675
v -0.114928 0.081402 0.048611
v -0.125582 0.087956 0.032280
v -0.142635 0.083463 0.036594
v -0.140331 0.059218 0.068254
v -0.110185 0.047569 0.076201
v 0.032479 -0.280998 0.105116
v 0.009487 -0.339914 0.092499
v 0.030151 -0.325131 0.088101
v 0.049505 -0.285899 0.093813
v 0.023351 -0.342870 0.084307
v 0.675830 0.014204 -0.000067
v 0.681746 0.016672 0.006770
v 0.675641 0.012428 0.009889
v 0.667229 0.010271 0.003560
v 0.668398 0.012369 -0.003497
v 0.667952 0.010400 0.011768
v 0.602540 0.003563 0.077622
v 0.594102 -0.007579 0.077053
v 0.592844 -0.008360 0.060681
v 0.630222 0.008911 0.061407
v 0.628930 0.017333 0.066892
v 0.613730 0.016408 0.069326
v 0.611461 -0.000500 0.049026
v 0.631295 0.004920 0.049554
v 0.586860 -0.009728 0.044210
v 0.604458 0.014315 0.077560
v 0.658588 0.034076 -0.005640
v 0.658205 0.037934 0.001590
v 0.666362 0.036651 0.001332
v 0.666389 0.029870 -0.006829
v 0.659596 0.029322 -0.009711
v 0.673125 0.033058 -0.001236
v 0.589554 -0.003858 0.126518
v 0.593810 -0.006055 0.123312
v 0.600027 -0.002012 0.129245
v 0.596004 0.001180 0.132668
v 0.586826 0.001055 0.128692
v 0.601050 0.001110 0.132326
v 0.597634 0.010169 0.131666
v 0.595748 0.005764 0.132889
v 0.601451 0.004849 0.133745
v 0.605066 0.008494 0.132495
v 0.601530 0.012487 0.130202
v 0.605469 0.004516 0.132940
v 0.585108 0.028724 0.082185
v 0.590069 0.022545 0.096783
v 0.599241 0.018179 0.093283
v 0.602823 0.011038 0.091495
v 0.613588 0.025941 0.068697
v 0.611330 0.035714 0.062426
v -0.015234 -0.351012 0.086179
v -0.062469 -0.337938 0.085939
v -0.060919 -0.392480 0.085382
v -0.040281 -0.388402 0.075535
v 0.000138 -0.354512 0.086837
v -0.013724 -0.392198 0.058331
v 0.001283 -0.375649 0.070131
v 0.014128 -0.360839 0.079755
v 0.606722 -0.000617 0.126126
v 0.609256 0.002604 0.125817
v 0.608578 0.004468 0.130220
v 0.604829 0.000970 0.131246
v 0.603283 -0.001937 0.127729
v 0.605035 0.014505 0.120251
v 0.609559 0.010311 0.125359
v 0.610377 0.007734 0.118552
v 0.603368 0.014670 0.106199
v 0.597609 0.018307 0.108996
v 0.606493 0.008383 0.104390
v 0.670747 0.038950 0.050816
v 0.672519 0.035271 0.058709
v 0.682176 0.035340 0.053218
v 0.687203 0.034276 0.044898
v 0.679789 0.037468 0.042195
v 0.670441 0.038967 0.042216
v 0.673736 0.013137 0.057255
v 0.672875 0.009597 0.047612
v 0.683391 0.013946 0.046551
v 0.689343 0.020313 0.046877
v 0.684879 0.021348 0.056574
v 0.674345 0.019776 0.063596
v 0.022244 -0.393408 0.065494
v 0.013919 -0.380978 0.062481
v -0.000651 -0.387770 0.052487
v 0.019966 -0.426799 0.064118
v 0.028524 -0.403282 0.070396
v 0.035737 -0.425609 0.075272
v 0.016724 -0.479714 0.056668
v 0.024778 -0.483697 0.064287
v 0.035300 -0.481463 0.073528
v 0.023631 -0.469162 -0.075413
v 0.042158 -0.475150 -0.087478
v 0.041591 -0.534138 -0.069827
v 0.011412 -0.507440 -0.050678
v 0.012678 -0.459189 -0.064702
v 0.043926 -0.579680 -0.063316
v 0.033182 -0.577033 -0.055322
v 0.024502 -0.576099 -0.043921
v 0.014937 -0.541118 -0.040746
v 0.008502 -0.527278 -0.036389
v -0.039493 -0.452058 0.075049
v -0.026905 -0.447457 0.065882
v -0.017131 -0.441551 0.057540
v -0.008683 -0.503753 -0.042822
v -0.008891 -0.526478 -0.030739
v -0.014025 -0.539312 -0.034383
v -0.022641 -0.568646 -0.038099
v -0.028956 -0.568001 -0.048033
v -0.037045 -0.569682 -0.057510
v -0.029679 -0.523632 -0.063388
v 0.029643 -0.534032 0.053077
v 0.024455 -0.583118 0.031084
v 0.031736 -0.585863 0.041585
v 0.009896 -0.516800 0.033802
v 0.008006 -0.532567 0.019226
v 0.013015 -0.544758 0.022040
v 0.009190 -0.476403 0.048091
v 0.016928 -0.581437 0.018405
v -0.031788 -0.515683 0.059009
v -0.039348 -0.574093 0.048954
v -0.031583 -0.572191 0.039920
v -0.025755 -0.570725 0.030902
v -0.017790 -0.534726 0.031688
v -0.011463 -0.521286 0.028452
v -0.010916 -0.489797 0.042732
v -0.556869 -0.009286 0.018596
v -0.520327 -0.007394 0.013241
v -0.518725 -0.007166 0.020090
v -0.518068 -0.006126 0.025147
v -0.548998 -0.010631 0.034848
v -0.565445 -0.014961 0.053968
v -0.578125 -0.013493 0.052169
v -0.590104 -0.008881 0.036057
v -0.586076 -0.008238 0.023807
v -0.545158 0.035349 0.043514
v -0.547707 0.038663 0.038690
v -0.578093 0.041994 0.050572
v -0.564114 0.033392 0.063975
v -0.542520 0.031449 0.046975
v -0.580032 0.029462 0.081005
v -0.649265 0.007441 0.008125
v -0.647557 0.008165 0.015536
v -0.657149 0.008966 0.016436
v -0.661678 0.008921 0.006281
v -0.651618 0.007417 0.001305
v -0.666381 0.010054 0.014675
v -0.598106 -0.007519 0.053920
v -0.587433 -0.012674 0.073527
v -0.617617 0.005430 0.063830
v -0.616056 0.000299 0.052064
v -0.591401 -0.012041 0.091284
v -0.601798 -0.003317 0.089519
v -0.605485 0.007287 0.089664
v -0.609009 0.010903 0.077144
v -0.617544 0.013075 0.069880
v -0.590418 0.001816 0.129577
v -0.580263 -0.003118 0.119930
v -0.578858 0.004330 0.120809
v -0.580868 0.011272 0.118828
v -0.591793 0.010768 0.127796
v -0.596069 0.007422 0.132287
v -0.663356 0.040266 0.013146
v -0.665196 0.038414 0.005065
v -0.674843 0.038330 0.010809
v -0.680709 0.037561 0.019415
v -0.672209 0.038820 0.021286
v -0.662530 0.040584 0.021260
v -0.601974 0.018235 0.091984
v -0.615409 0.022771 0.070766
v -0.608711 0.034151 0.064912
v -0.601999 0.008438 0.134199
v -0.605155 0.010183 0.131680
v -0.607380 0.006999 0.133206
v -0.606654 0.002220 0.130293
v -0.602571 0.002036 0.131850
v -0.598835 0.003674 0.133856
v -0.610681 0.007215 0.127840
v -0.608409 -0.000686 0.117082
v -0.603977 -0.004457 0.120383
v -0.611271 0.005499 0.115402
v -0.678530 0.010237 0.047406
v -0.669806 0.007999 0.047687
v -0.670515 0.009316 0.055621
v -0.671451 0.013202 0.062761
v -0.679940 0.013470 0.057039
v -0.685479 0.013974 0.049207
v -0.603502 0.015913 0.118636
v -0.609194 0.012269 0.115979
v -0.608782 0.010754 0.126353
v -0.602375 0.012690 0.128266
v -0.597887 0.016359 0.121880
v 0.069507 -0.907847 -0.030227
v 0.073699 -0.878796 -0.036099
v 0.075724 -0.878383 -0.022842
v 0.075810 -0.877531 -0.013636
v 0.070725 -0.906395 0.000574
v 0.065856 -0.926731 0.028347
v 0.064599 -0.932731 0.024719
v 0.064485 -0.927151 -0.006919
v 0.063382 -0.924983 -0.027051
v 0.060070 -0.941124 0.022397
v -0.671213 0.037707 0.057687
v -0.672032 0.039203 0.047811
v -0.681643 0.036851 0.049573
v -0.681467 0.031562 0.061156
v -0.671409 0.033265 0.064754
v -0.688662 0.032643 0.052450
v 0.050666 -0.938252 -0.037842
v 0.040607 -0.942264 -0.036366
v 0.040348 -0.937423 -0.046178
v 0.054012 -0.924723 -0.050461
v 0.060108 -0.925377 -0.041126
v 0.046509 -0.923380 -0.056047
v 0.022892 -0.929333 -0.047306
v 0.020127 -0.934346 -0.036919
v 0.015405 -0.926426 -0.037382
v 0.016999 -0.915736 -0.048838
v 0.023298 -0.917563 -0.054448
v 0.011905 -0.914160 -0.038750
v 0.007175 -0.869179 -0.015656
v 0.008100 -0.870479 -0.028978
v 0.008194 -0.898515 -0.025462
v 0.009229 -0.913438 -0.025086
v 0.010103 -0.915184 -0.004920
v 0.008591 -0.926490 0.023079
v 0.007855 -0.918140 0.026483
v 0.008475 -0.911677 0.030588
v 0.009082 -0.893536 0.006273
v 0.008005 -0.867722 -0.006300
v 0.053330 -0.923901 0.070865
v 0.051458 -0.930608 0.076558
v 0.055819 -0.933319 0.068214
v 0.059470 -0.923108 0.056683
v 0.056101 -0.916849 0.059432
v 0.060689 -0.930197 0.054215
v 0.032682 -0.920880 0.085045
v 0.026170 -0.921774 0.084941
v 0.027994 -0.929597 0.088619
v 0.037334 -0.930034 0.087698
v 0.039998 -0.922998 0.083712
v 0.033538 -0.935870 0.088982
v -0.010984 -0.898301 -0.025874
v -0.011076 -0.867172 -0.031156
v -0.009842 -0.865617 -0.018787
v -0.010297 -0.864782 -0.010543
v -0.011772 -0.895088 0.002638
v -0.010784 -0.916399 0.028452
v -0.010774 -0.921745 0.025185
v -0.013547 -0.917486 -0.005232
v -0.012494 -0.916829 -0.023553
v -0.012424 -0.930714 0.022969
v 0.009916 -0.926526 0.065335
v 0.009113 -0.920616 0.052360
v 0.007689 -0.926785 0.048970
v 0.008311 -0.934248 0.045980
v 0.008752 -0.935866 0.061233
v 0.010183 -0.934128 0.070203
v 0.029551 -0.956155 0.059149
v 0.036738 -0.956044 0.060737
v 0.032913 -0.953613 0.072067
v 0.023441 -0.952447 0.070509
v 0.021802 -0.953715 0.058711
v 0.026650 -0.951037 0.077032
v -0.019504 -0.920107 -0.045612
v -0.015024 -0.918427 -0.035936
v -0.020374 -0.932287 -0.032429
v -0.028499 -0.936544 -0.041053
v -0.026331 -0.922111 -0.051842
v -0.027197 -0.939698 -0.031695
v -0.056518 -0.938409 -0.031662
v -0.063628 -0.926370 -0.038076
v -0.059010 -0.926424 -0.047437
v -0.048505 -0.939726 -0.040849
v -0.048604 -0.942752 -0.030397
v -0.051554 -0.926262 -0.052942
v -0.071379 -0.909129 -0.032593
v -0.065585 -0.925873 -0.027053
v -0.066161 -0.927635 -0.007709
v -0.078484 -0.875839 -0.027793
v -0.075824 -0.875900 -0.039331
v -0.073551 -0.907678 -0.002776
v -0.079089 -0.875386 -0.019740
v -0.027794 -0.904739 0.061938
v -0.034942 -0.904147 0.062844
v -0.031421 -0.910030 0.073593
v -0.026982 -0.913972 0.078642
v -0.022833 -0.912189 0.072179
v -0.021986 -0.907175 0.060457
v -0.011886 -0.936033 0.066851
v -0.012066 -0.929999 0.067884
v -0.015932 -0.932214 0.080049
v -0.019342 -0.935731 0.084153
v -0.016899 -0.940136 0.079523
v -0.013196 -0.942013 0.066023
v -0.056758 -0.932178 0.071787
v -0.056533 -0.938397 0.070478
v -0.050361 -0.937804 0.080746
v -0.049412 -0.929973 0.081729
v -0.055570 -0.926048 0.073210
v -0.045455 -0.934806 0.084203
v -0.040971 -0.950536 0.078249
v -0.046273 -0.953273 0.066635
v -0.040000 -0.955828 0.065226
v -0.032989 -0.952137 0.077666
v -0.036023 -0.948053 0.082499
v -0.033057 -0.956039 0.064425
v 0.163609 0.804164 -0.051345
v 0.155745 0.800981 -0.097318
v 0.115078 0.872046 -0.071043
v 0.095838 0.906367 -0.039789
v 0.117786 0.876794 -0.010921
v 0.159198 0.809901 0.009219
v -0.004251 0.820592 0.133372
v 0.057591 0.822252 0.128644
v 0.026936 0.893046 0.080824
v -0.001836 0.920372 0.057582
v -0.031633 0.892820 0.080856
v -0.062635 0.822645 0.127951
v -0.165521 0.804452 -0.055138
v -0.161925 0.810344 0.003537
v -0.118778 0.879223 -0.014164
v -0.116117 0.874525 -0.070711
v -0.157380 0.801103 -0.098953
v -0.097404 0.907421 -0.040070
v -0.003248 0.915439 -0.124200
v -0.020773 0.924925 -0.109936
v -0.002344 0.940736 -0.087066
v 0.014981 0.924690 -0.111062
v 0.036674 0.926462 -0.100421
v 0.057102 0.880487 -0.141631
v 0.029118 0.877543 -0.154365
v -0.003383 0.875302 -0.159137
v 0.017746 0.945145 -0.073109
v -0.001152 0.952252 -0.053388
v 0.019887 0.952673 -0.035565
v 0.039071 0.943880 -0.057454
v 0.058242 0.924691 -0.085285
v -0.021019 0.945408 -0.071829
v -0.041638 0.944292 -0.055643
v -0.021561 0.952743 -0.034516
v -0.041349 0.926719 -0.098755
v -0.061383 0.925120 -0.083318
v -0.079999 0.919521 -0.063604
v -0.061515 0.937888 -0.036445
v -0.061920 0.880177 -0.140497
v -0.084108 0.881776 -0.121497
v -0.101918 0.880215 -0.098005
v -0.116953 0.796790 -0.163998
v -0.141193 0.798945 -0.133952
v -0.170374 0.707949 -0.220775
v -0.211319 0.713205 -0.173750
v -0.234924 0.719625 -0.125776
v -0.258643 0.635905 -0.195520
v -0.289233 0.644910 -0.136806
v -0.300692 0.655168 -0.066924
v -0.245497 0.725276 -0.068045
v -0.293121 0.665789 0.026930
v -0.240946 0.731849 0.015168
v -0.271374 0.678349 0.105686
v -0.224806 0.738947 0.083633
v -0.150110 0.817730 0.051522
v -0.203708 0.741987 0.127707
v -0.135972 0.823172 0.079988
v -0.094612 0.899915 0.038933
v -0.107483 0.892073 0.016612
v -0.065000 0.933385 0.007412
v -0.081628 0.924272 -0.013686
v -0.042578 0.947136 -0.014766
v -0.046065 0.935876 0.025711
v -0.022510 0.948955 0.004245
v -0.000990 0.954036 -0.015548
v -0.001246 0.944163 0.022310
v 0.020394 0.949122 0.003772
v 0.040758 0.946828 -0.016065
v 0.044043 0.935838 0.025563
v 0.063217 0.933032 0.007095
v 0.079929 0.923635 -0.013898
v 0.059543 0.937556 -0.037972
v 0.077624 0.918902 -0.064872
v 0.099649 0.879032 -0.099431
v 0.080918 0.881093 -0.123061
v 0.139305 0.799130 -0.132866
v 0.115531 0.797021 -0.162846
v 0.082764 0.794755 -0.186870
v 0.172977 0.710599 -0.211910
v 0.122206 0.708729 -0.250597
v 0.061383 0.711129 -0.274981
v 0.042488 0.794563 -0.200625
v -0.003880 0.715291 -0.281912
v -0.003997 0.793597 -0.205611
v -0.064898 0.715118 -0.275405
v -0.047972 0.794296 -0.200397
v -0.034965 0.877204 -0.153636
v -0.085449 0.795530 -0.186409
v -0.119440 0.710187 -0.257313
v -0.073918 0.645620 -0.327469
v -0.139787 0.638036 -0.303338
v -0.206540 0.629965 -0.254905
v -0.147706 0.562590 -0.325614
v -0.226498 0.552223 -0.271470
v -0.285446 0.554040 -0.205196
v -0.236113 0.485607 -0.273678
v -0.294533 0.488650 -0.207467
v -0.330530 0.509965 -0.136045
v -0.320283 0.565798 -0.137898
v -0.344815 0.539821 -0.055038
v -0.333294 0.585843 -0.056756
v -0.330952 0.567384 0.037771
v -0.321779 0.603232 0.037302
v -0.306986 0.578562 0.119967
v -0.296791 0.615926 0.119074
v -0.272291 0.584224 0.184137
v -0.264915 0.621806 0.177875
v -0.243423 0.683533 0.158758
v -0.225932 0.622706 0.224418
v -0.208056 0.683251 0.201145
v -0.175769 0.742624 0.160711
v -0.163054 0.680512 0.234777
v -0.138449 0.741504 0.186127
v -0.095399 0.825480 0.116554
v -0.118393 0.825853 0.100853
v -0.056435 0.900542 0.069803
v -0.077378 0.903012 0.056607
v -0.025198 0.931576 0.041830
v 0.022534 0.931635 0.041735
v 0.053189 0.900610 0.069923
v 0.074451 0.902883 0.057259
v 0.091048 0.824959 0.117493
v 0.115063 0.825473 0.101820
v 0.132861 0.822782 0.081605
v 0.092044 0.899356 0.039882
v 0.147192 0.817535 0.054125
v 0.105532 0.890861 0.018666
v 0.199701 0.741765 0.130746
v 0.221246 0.738816 0.087646
v 0.237519 0.732066 0.022670
v 0.267266 0.678347 0.110518
v 0.289789 0.666099 0.035262
v 0.298893 0.654559 -0.061360
v 0.242953 0.725904 -0.062768
v 0.289278 0.643733 -0.131606
v 0.232661 0.721166 -0.121324
v 0.261742 0.633319 -0.189817
v 0.210397 0.715114 -0.168935
v 0.215011 0.625324 -0.245344
v 0.288764 0.543356 -0.199561
v 0.234503 0.536354 -0.263998
v 0.160798 0.547618 -0.315689
v 0.151209 0.629235 -0.292673
v 0.075952 0.568334 -0.347253
v 0.075655 0.639153 -0.323874
v -0.002375 0.578433 -0.357339
v -0.001540 0.646376 -0.334832
v -0.076692 0.573759 -0.350412
v -0.004780 0.502966 -0.359123
v -0.081465 0.499121 -0.351314
v -0.160496 0.492588 -0.323763
v -0.087128 0.462662 -0.344636
v -0.167461 0.459958 -0.317049
v -0.240495 0.457557 -0.268525
v -0.172483 0.446830 -0.312011
v -0.242901 0.443481 -0.263407
v -0.297167 0.452338 -0.205220
v -0.296271 0.465924 -0.206442
v -0.332073 0.478501 -0.137270
v -0.331727 0.491256 -0.136377
v -0.349859 0.513699 -0.060380
v -0.347703 0.523104 -0.057391
v -0.336462 0.542699 0.032675
v -0.333254 0.552328 0.034837
v -0.313872 0.556210 0.118551
v -0.310629 0.565913 0.118987
v -0.276075 0.564335 0.187767
v -0.274307 0.572738 0.185861
v -0.227985 0.567061 0.239797
v -0.228554 0.576852 0.236767
v -0.229131 0.589242 0.233518
v -0.173779 0.574589 0.282127
v -0.175343 0.587853 0.277014
v -0.176117 0.620490 0.263779
v -0.106532 0.583904 0.311243
v -0.105002 0.616112 0.299628
v -0.096100 0.675009 0.264912
v -0.003435 0.614527 0.318029
v -0.004227 0.672359 0.279878
v -0.004730 0.737325 0.214547
v -0.084032 0.739454 0.205475
v 0.089861 0.674610 0.266337
v 0.078115 0.738550 0.206881
v 0.157341 0.680296 0.236367
v 0.132772 0.740705 0.188255
v 0.202714 0.683459 0.203315
v 0.171196 0.742034 0.163196
v 0.238438 0.683673 0.162286
v 0.220456 0.622620 0.227027
v 0.259869 0.621125 0.181661
v 0.291905 0.614981 0.125240
v 0.266207 0.586144 0.188120
v 0.301218 0.579761 0.127095
v 0.326616 0.567939 0.045543
v 0.318248 0.602253 0.044663
v 0.342261 0.539701 -0.051894
v 0.331592 0.583903 -0.051414
v 0.328976 0.508005 -0.132654
v 0.320796 0.560338 -0.132792
v 0.294389 0.484669 -0.203674
v 0.329582 0.489867 -0.134662
v 0.294866 0.463475 -0.204014
v 0.240366 0.452832 -0.265448
v 0.238730 0.474666 -0.267958
v 0.168790 0.454809 -0.313740
v 0.163447 0.481915 -0.319186
v 0.082240 0.460659 -0.344214
v 0.077053 0.495858 -0.350199
v -0.004365 0.464978 -0.353471
v 0.087563 0.446903 -0.339937
v -0.003626 0.450079 -0.350869
v -0.091840 0.448774 -0.340318
v -0.003373 0.438459 -0.350282
v -0.094987 0.437550 -0.337003
v -0.176969 0.436071 -0.308650
v -0.099070 0.427308 -0.337512
v -0.182470 0.426872 -0.308575
v -0.247366 0.421743 -0.257246
v -0.244622 0.432407 -0.258960
v -0.301785 0.431282 -0.204127
v -0.298567 0.441308 -0.203742
v -0.337555 0.457536 -0.138760
v -0.333210 0.467253 -0.137649
v -0.358450 0.498522 -0.064243
v -0.353434 0.505432 -0.062525
v -0.349169 0.531993 0.031171
v -0.342241 0.536430 0.031894
v -0.322844 0.543228 0.118558
v -0.317730 0.549092 0.118152
v -0.283297 0.552273 0.193324
v -0.279371 0.557244 0.190178
v -0.232890 0.554445 0.251542
v -0.229562 0.559094 0.245053
v -0.173143 0.550787 0.300851
v -0.172181 0.555808 0.293264
v -0.172515 0.564113 0.286632
v -0.099087 0.557604 0.332591
v -0.099940 0.563134 0.324971
v -0.101944 0.570621 0.318009
v -0.002833 0.563194 0.346865
v -0.002695 0.569773 0.340864
v -0.002925 0.582156 0.332970
v 0.095104 0.571987 0.318959
v 0.100392 0.584334 0.312416
v 0.098886 0.615239 0.301128
v 0.168734 0.588760 0.279087
v 0.170485 0.620030 0.265623
v 0.223202 0.590180 0.236119
v 0.166405 0.576086 0.284538
v 0.222260 0.578691 0.239652
v 0.267996 0.575707 0.189481
v 0.221561 0.569200 0.243126
v 0.269928 0.566494 0.190778
v 0.308047 0.557283 0.125964
v 0.304675 0.567259 0.126542
v 0.333189 0.542129 0.041817
v 0.328817 0.552357 0.043307
v 0.349839 0.510143 -0.058369
v 0.345763 0.520945 -0.055513
v 0.330157 0.475709 -0.135472
v 0.354369 0.502398 -0.060645
v 0.332198 0.464283 -0.135755
v 0.296659 0.438576 -0.202951
v 0.295444 0.450112 -0.203260
v 0.242792 0.429301 -0.258979
v 0.241927 0.440288 -0.261859
v 0.176935 0.433888 -0.307637
v 0.172590 0.443432 -0.309858
v 0.091234 0.435792 -0.336422
v 0.182252 0.425018 -0.308699
v 0.096031 0.425659 -0.337527
v -0.002829 0.428482 -0.352659
v 0.102577 0.417556 -0.342729
v -0.002119 0.418982 -0.358003
v -0.104727 0.418882 -0.341595
v -0.001612 0.410087 -0.363451
v -0.106112 0.411001 -0.349006
v -0.193487 0.411506 -0.316324
v -0.187976 0.419637 -0.311315
v -0.261072 0.407678 -0.266150
v -0.253443 0.413567 -0.260945
v -0.314001 0.416888 -0.209752
v -0.307238 0.423312 -0.206714
v -0.351692 0.444276 -0.142799
v -0.344348 0.449847 -0.140637
v -0.372181 0.485806 -0.065392
v -0.365093 0.492018 -0.065210
v -0.366918 0.520027 0.033000
v -0.357373 0.527571 0.031049
v -0.336034 0.532265 0.124797
v -0.329271 0.537972 0.120830
v -0.294592 0.542365 0.201102
v -0.288371 0.547777 0.197104
v -0.242597 0.544730 0.265932
v -0.237518 0.549870 0.259004
v -0.177615 0.542815 0.317676
v -0.175150 0.546752 0.309457
v -0.095981 0.542576 0.354171
v -0.096442 0.548298 0.348126
v -0.097648 0.553056 0.340661
v -0.002895 0.548371 0.361693
v -0.003085 0.553818 0.356656
v -0.003310 0.558695 0.351528
v 0.091229 0.553897 0.340859
v 0.092320 0.558684 0.332854
v 0.092933 0.563594 0.326104
v 0.164469 0.556821 0.294660
v 0.164663 0.565668 0.288888
v 0.222781 0.560955 0.248096
v 0.165233 0.551577 0.302140
v 0.225821 0.554946 0.254663
v 0.276403 0.553468 0.196627
v 0.272670 0.558838 0.193221
v 0.317159 0.543428 0.126920
v 0.312338 0.549091 0.125948
v 0.348551 0.531034 0.039936
v 0.340379 0.535816 0.040629
v 0.360972 0.495759 -0.061471
v 0.358533 0.524900 0.041075
v 0.368246 0.489301 -0.061527
v 0.345586 0.448034 -0.140367
v 0.337961 0.455107 -0.137602
v 0.306133 0.421452 -0.208013
v 0.299915 0.429613 -0.204543
v 0.252650 0.411242 -0.263216
v 0.245686 0.418662 -0.259002
v 0.188219 0.416766 -0.312408
v 0.259798 0.405636 -0.268895
v 0.193110 0.408579 -0.317562
v 0.104375 0.409514 -0.350093
v 0.196240 0.399739 -0.323253
v 0.105812 0.400009 -0.356575
v -0.000909 0.400248 -0.368669
v 0.106783 0.389307 -0.361007
v -0.000339 0.389564 -0.371781
v -0.107333 0.391497 -0.360719
v -0.107069 0.401669 -0.356034
v -0.200280 0.392913 -0.327528
v -0.197601 0.402468 -0.322368
v -0.273149 0.394231 -0.276495
v -0.267760 0.401547 -0.271553
v -0.327734 0.404881 -0.215462
v -0.321157 0.410995 -0.212709
v -0.365899 0.432324 -0.144998
v -0.359114 0.438862 -0.144174
v -0.384630 0.470313 -0.062013
v -0.379213 0.479074 -0.063730
v -0.377502 0.501670 0.035907
v -0.373547 0.511377 0.034530
v -0.347295 0.516745 0.130163
v -0.342458 0.525386 0.127943
v -0.304196 0.527138 0.207947
v -0.300170 0.535465 0.204876
v -0.250251 0.531751 0.276225
v -0.246904 0.538946 0.271604
v -0.181547 0.531860 0.330039
v -0.179805 0.538655 0.324354
v -0.095126 0.529160 0.359787
v -0.095676 0.536665 0.357614
v -0.002666 0.527929 0.368941
v -0.002759 0.535240 0.368429
v -0.002858 0.541957 0.366000
v 0.089481 0.536869 0.359102
v 0.089640 0.543525 0.354603
v 0.090204 0.549074 0.348344
v 0.169425 0.543570 0.319587
v 0.167165 0.547415 0.311243
v 0.234411 0.545672 0.269050
v 0.229520 0.550579 0.261752
v 0.287798 0.543360 0.205256
v 0.281628 0.548624 0.201011
v 0.331001 0.532153 0.132956
v 0.323903 0.537908 0.129947
v 0.367055 0.516399 0.043026
v 0.337286 0.525109 0.135614
v 0.371686 0.507497 0.044352
v 0.380572 0.475252 -0.058618
v 0.375139 0.482861 -0.060135
v 0.360007 0.436651 -0.143594
v 0.352774 0.442634 -0.142369
v 0.319797 0.408896 -0.214170
v 0.313063 0.414889 -0.211330
v 0.265610 0.399254 -0.274540
v 0.326085 0.402233 -0.216627
v 0.270106 0.391789 -0.278997
v 0.198589 0.390019 -0.328285
v 0.273110 0.382221 -0.281052
v 0.199989 0.379245 -0.330325
v 0.107176 0.378333 -0.362305
v 0.199852 0.368318 -0.328627
v 0.106748 0.367340 -0.360287
v 0.000508 0.367819 -0.369491
v 0.000117 0.378854 -0.372332
v -0.106501 0.368758 -0.361081
v -0.107314 0.380430 -0.362865
v -0.201979 0.370584 -0.329825
v -0.202058 0.382419 -0.330783
v -0.277649 0.374799 -0.278232
v -0.276770 0.385119 -0.278951
v -0.335468 0.386012 -0.216090
v -0.333111 0.396849 -0.216852
v -0.371743 0.413214 -0.141878
v -0.370917 0.423958 -0.144284
v -0.384842 0.451515 -0.058010
v -0.386495 0.460839 -0.059949
v -0.378104 0.481435 0.038286
v -0.378955 0.491480 0.037270
v -0.349544 0.497562 0.132073
v -0.349388 0.507320 0.131364
v -0.306003 0.508281 0.210415
v -0.306246 0.518206 0.209882
v -0.251326 0.513142 0.279284
v -0.251954 0.523049 0.279114
v -0.179900 0.513282 0.332099
v -0.181412 0.522001 0.333064
v -0.092873 0.514125 0.356767
v -0.094031 0.521189 0.359323
v -0.002503 0.514390 0.364434
v -0.002573 0.520825 0.367523
v 0.087373 0.514478 0.357824
v 0.088404 0.521489 0.360571
v 0.089113 0.529223 0.361172
v 0.173853 0.523940 0.335355
v 0.173399 0.532519 0.332297
v 0.171601 0.539094 0.326540
v 0.242720 0.533038 0.279798
v 0.239181 0.539956 0.275274
v 0.298576 0.528686 0.212335
v 0.294085 0.536612 0.209293
v 0.341774 0.516227 0.137448
v 0.300584 0.519099 0.214337
v 0.343770 0.506344 0.138538
v 0.374625 0.487267 0.046247
v 0.374303 0.497696 0.045412
v 0.383288 0.456319 -0.054645
v 0.383693 0.466136 -0.056690
v 0.369338 0.419865 -0.142610
v 0.366144 0.429079 -0.143751
v 0.330225 0.393552 -0.217451
v 0.368173 0.410096 -0.140088
v 0.329984 0.382930 -0.214630
v 0.273216 0.371359 -0.278338
v 0.325014 0.375792 -0.209671
v 0.270107 0.363176 -0.272810
v 0.197213 0.359168 -0.322047
v 0.264385 0.359381 -0.264317
v 0.193352 0.353983 -0.313505
v 0.102862 0.351940 -0.345108
v 0.105178 0.357892 -0.353704
v 0.000880 0.352908 -0.355274
v 0.000723 0.359155 -0.363501
v -0.102368 0.352594 -0.346990
v -0.104912 0.359223 -0.355648
v -0.195378 0.354976 -0.315823
v -0.199788 0.360777 -0.324648
v -0.269131 0.360526 -0.265631
v -0.274532 0.365734 -0.272821
v -0.324008 0.372633 -0.204588
v -0.331674 0.376799 -0.210820
v -0.359605 0.399469 -0.134904
v -0.367188 0.404978 -0.138182
v -0.373673 0.437143 -0.055490
v -0.380180 0.443545 -0.056497
v -0.369235 0.463790 0.038348
v -0.374696 0.471934 0.038773
v -0.342929 0.478300 0.130766
v -0.347656 0.487777 0.132081
v -0.299429 0.490714 0.207560
v -0.303676 0.499238 0.209607
v -0.244770 0.496751 0.274300
v -0.248746 0.504384 0.277598
v -0.173562 0.499049 0.323379
v -0.177068 0.505384 0.328522
v -0.089804 0.502501 0.347744
v -0.091496 0.507849 0.352789
v -0.002342 0.503772 0.355386
v -0.002450 0.508932 0.360294
v 0.084718 0.503046 0.348562
v 0.086129 0.508384 0.353633
v 0.166480 0.499936 0.325844
v 0.169664 0.506092 0.330891
v 0.172351 0.513875 0.334536
v 0.242099 0.505360 0.282047
v 0.244819 0.514744 0.283896
v 0.244977 0.524413 0.283060
v 0.300586 0.509480 0.214969
v 0.298301 0.500096 0.214217
v 0.340762 0.486679 0.138114
v 0.343293 0.496473 0.138784
v 0.368103 0.468510 0.046271
v 0.372473 0.477433 0.046676
v 0.373641 0.441087 -0.052097
v 0.379348 0.447736 -0.053134
v 0.362479 0.402210 -0.136410
v 0.366419 0.435931 -0.051406
v 0.353002 0.398454 -0.133147
v 0.317981 0.372142 -0.203809
v 0.344055 0.397565 -0.131088
v 0.309663 0.372402 -0.198424
v 0.258344 0.359658 -0.256487
v 0.301667 0.375352 -0.194001
v 0.252470 0.362436 -0.249397
v 0.183908 0.354287 -0.295278
v 0.188672 0.352859 -0.304326
v 0.096853 0.349458 -0.325031
v 0.100077 0.349380 -0.335303
v 0.000777 0.349111 -0.335262
v 0.000927 0.349728 -0.345483
v -0.096600 0.349038 -0.327004
v -0.099510 0.349431 -0.337010
v -0.185700 0.353582 -0.297658
v -0.190633 0.352858 -0.306646
v -0.256245 0.361660 -0.251139
v -0.262767 0.359560 -0.258083
v -0.307821 0.374161 -0.194727
v -0.315951 0.371913 -0.199344
v -0.341598 0.397753 -0.130365
v -0.350380 0.397500 -0.132353
v -0.357174 0.429951 -0.054503
v -0.365820 0.432701 -0.054865
v -0.353925 0.451740 0.036332
v -0.362286 0.457071 0.037601
v -0.328717 0.463931 0.125645
v -0.336509 0.470391 0.128763
v -0.286903 0.477043 0.199450
v -0.293762 0.483211 0.204178
v -0.233456 0.484860 0.263493
v -0.239516 0.490126 0.269385
v -0.165490 0.489232 0.310143
v -0.169640 0.493745 0.317199
v -0.086567 0.493386 0.334855
v -0.088099 0.497779 0.341863
v -0.002372 0.494839 0.342641
v -0.002254 0.499235 0.349625
v 0.082049 0.494101 0.335797
v 0.083301 0.498354 0.342733
v 0.160109 0.490496 0.312580
v 0.163159 0.494862 0.319825
v 0.227883 0.485860 0.267428
v 0.233436 0.491328 0.273655
v 0.238240 0.497795 0.278581
v 0.288229 0.483829 0.208155
v 0.294233 0.491430 0.211947
v 0.329282 0.469833 0.133581
v 0.336189 0.477641 0.136394
v 0.354333 0.455072 0.044027
v 0.362093 0.461069 0.045344
v 0.358418 0.432462 -0.051022
v 0.345588 0.450728 0.042390
v 0.349675 0.430554 -0.050935
v 0.335008 0.398510 -0.129348
v 0.340199 0.430431 -0.050939
v 0.325699 0.401077 -0.128222
v 0.294105 0.379637 -0.190295
v 0.316459 0.405240 -0.127814
v 0.286596 0.385503 -0.187161
v 0.240845 0.373271 -0.236569
v 0.246623 0.366928 -0.242719
v 0.174815 0.363928 -0.278322
v 0.179307 0.358085 -0.286525
v 0.090339 0.356179 -0.305129
v 0.093666 0.351617 -0.315048
v -0.000070 0.354172 -0.314503
v 0.000395 0.350608 -0.324966
v -0.090650 0.355338 -0.306799
v -0.093748 0.351109 -0.316907
v -0.175454 0.362389 -0.280731
v -0.180587 0.356849 -0.289038
v -0.243138 0.371735 -0.239131
v -0.249556 0.365661 -0.244847
v -0.292333 0.383088 -0.187702
v -0.300066 0.377872 -0.191029
v -0.323165 0.402979 -0.127835
v -0.332433 0.399548 -0.128905
v -0.337665 0.429508 -0.055049
v -0.347815 0.428829 -0.054689
v -0.334341 0.446698 0.032336
v -0.344495 0.448354 0.034537
v -0.309608 0.456104 0.117090
v -0.319669 0.459073 0.121739
v -0.269617 0.468607 0.186713
v -0.278687 0.472058 0.193903
v -0.218730 0.477107 0.247603
v -0.226402 0.480479 0.256484
v -0.156546 0.481974 0.291554
v -0.161393 0.485259 0.301685
v -0.083221 0.485374 0.316134
v -0.085246 0.489194 0.326309
v -0.001828 0.486397 0.323922
v -0.002236 0.490515 0.334173
v 0.079439 0.486216 0.317130
v 0.080910 0.490103 0.327433
v 0.152395 0.483393 0.294318
v 0.156509 0.486678 0.304199
v 0.214800 0.478776 0.251199
v 0.221573 0.481781 0.259836
v 0.264449 0.469997 0.190738
v 0.273249 0.472952 0.197557
v 0.281072 0.477576 0.203445
v 0.312100 0.459293 0.125995
v 0.321159 0.463630 0.130247
v 0.336073 0.448043 0.040436
v 0.302207 0.457007 0.120887
v 0.325643 0.447463 0.038309
v 0.329751 0.432145 -0.051058
v 0.314715 0.448879 0.035843
v 0.319048 0.436275 -0.051191
v 0.307141 0.411734 -0.127384
v 0.308230 0.442947 -0.052589
v 0.297846 0.422146 -0.127324
v 0.271514 0.405042 -0.183296
v 0.278991 0.393441 -0.184575
v 0.228494 0.394654 -0.227027
v 0.234747 0.382207 -0.231203
v 0.166212 0.384972 -0.262085
v 0.169811 0.372449 -0.270016
v 0.085280 0.374242 -0.284100
v 0.087115 0.363491 -0.294556
v -0.000337 0.369152 -0.292657
v 0.000016 0.360239 -0.303497
v -0.085409 0.372184 -0.286368
v -0.087350 0.362295 -0.296599
v -0.165489 0.382653 -0.264611
v -0.170431 0.370373 -0.272776
v -0.229982 0.391916 -0.229115
v -0.236664 0.379902 -0.233923
v -0.276184 0.402334 -0.183335
v -0.284409 0.390723 -0.185007
v -0.303782 0.417545 -0.127942
v -0.313686 0.408706 -0.127313
v -0.316009 0.437782 -0.056452
v -0.327250 0.432209 -0.055173
v -0.311890 0.450068 0.027394
v -0.323377 0.447153 0.030166
v -0.287645 0.456813 0.106497
v -0.298718 0.455239 0.111898
v -0.247888 0.468628 0.171091
v -0.259183 0.467153 0.179035
v -0.200427 0.475962 0.225501
v -0.209969 0.475240 0.236963
v -0.147142 0.478638 0.264488
v -0.151911 0.479453 0.278896
v -0.079804 0.480051 0.288657
v -0.081823 0.482090 0.303375
v -0.001798 0.480536 0.296193
v -0.001886 0.482880 0.311082
v 0.075635 0.480959 0.289848
v 0.077537 0.482968 0.304590
v 0.142870 0.480249 0.268440
v 0.148315 0.481141 0.282436
v 0.198585 0.477621 0.229038
v 0.207562 0.477042 0.240745
v 0.244593 0.470152 0.174100
v 0.255070 0.468831 0.182574
v 0.281087 0.458995 0.108972
v 0.291783 0.456643 0.115145
v 0.304230 0.452706 0.032157
v 0.271049 0.464240 0.102959
v 0.294859 0.458850 0.027701
v 0.300180 0.451292 -0.054774
v 0.287168 0.467163 0.025429
v 0.294429 0.460767 -0.053200
v 0.287686 0.443647 -0.123125
v 0.293039 0.433366 -0.126155
v 0.261453 0.426616 -0.181532
v 0.267316 0.416204 -0.183119
v 0.215477 0.418181 -0.226264
v 0.222600 0.406171 -0.227727
v 0.153900 0.411067 -0.258040
v 0.161335 0.398904 -0.258762
v 0.083944 0.403768 -0.270749
v 0.085119 0.389161 -0.274969
v -0.000176 0.395630 -0.275424
v 0.000992 0.380792 -0.282791
v -0.085448 0.401464 -0.271457
v -0.086259 0.385468 -0.276988
v -0.154547 0.410012 -0.258715
v -0.162583 0.396787 -0.259640
v -0.216718 0.416964 -0.227291
v -0.223383 0.404324 -0.228705
v -0.264966 0.424700 -0.183176
v -0.270721 0.413676 -0.184528
v -0.291871 0.439752 -0.126601
v -0.297262 0.428865 -0.128696
v -0.299126 0.456100 -0.056769
v -0.306125 0.445899 -0.058356
v -0.292669 0.464763 0.019386
v -0.301246 0.455917 0.022996
v -0.267872 0.469126 0.096541
v -0.276975 0.461341 0.100788
v -0.228634 0.482676 0.155484
v -0.236891 0.473731 0.162346
v -0.188009 0.489618 0.202570
v -0.192153 0.481219 0.213739
v -0.139204 0.487554 0.237343
v -0.142527 0.480529 0.250331
v -0.075769 0.482825 0.260428
v -0.077832 0.480073 0.274262
v -0.001724 0.482586 0.267599
v -0.001756 0.480355 0.281342
v 0.072327 0.484209 0.261177
v 0.073864 0.481124 0.274982
v 0.135849 0.490709 0.238068
v 0.138319 0.482342 0.253519
v 0.184888 0.493127 0.204021
v 0.189589 0.482610 0.215626
v 0.225237 0.484364 0.157980
v 0.233733 0.475137 0.165290
v 0.261598 0.473374 0.099214
v 0.218352 0.494011 0.150348
v 0.253091 0.483607 0.093989
v 0.276464 0.477227 0.023486
v 0.235745 0.490604 0.083622
v 0.257250 0.484614 0.022255
v 0.265588 0.476862 -0.045209
v 0.284406 0.468621 -0.050796
v 0.257222 0.463109 -0.109212
v 0.276093 0.452154 -0.117039
v 0.231809 0.449760 -0.164194
v 0.249630 0.436058 -0.175431
v 0.189298 0.441147 -0.206378
v 0.205144 0.427336 -0.219020
v 0.132894 0.435977 -0.233853
v 0.144787 0.421543 -0.249516
v 0.068565 0.433710 -0.245543
v 0.077647 0.417267 -0.263168
v -0.000271 0.435059 -0.246552
v -0.000132 0.415145 -0.267766
v -0.070800 0.433958 -0.245422
v -0.079440 0.417018 -0.263696
v -0.134567 0.435871 -0.234636
v -0.146106 0.421830 -0.249699
v -0.191129 0.439958 -0.208024
v -0.205983 0.426970 -0.219785
v -0.235143 0.447115 -0.166316
v -0.253097 0.434026 -0.176630
v -0.262401 0.458283 -0.113795
v -0.280327 0.447970 -0.121073
v -0.272869 0.471112 -0.051217
v -0.289307 0.464491 -0.053686
v -0.266279 0.478967 0.017378
v -0.283703 0.473418 0.018844
v -0.242748 0.485092 0.084543
v -0.258908 0.479120 0.091077
v -0.209260 0.493934 0.137676
v -0.222284 0.490061 0.148362
v -0.170903 0.499436 0.180649
v -0.181828 0.496139 0.194331
v -0.126665 0.501064 0.207870
v -0.136627 0.496238 0.227710
v -0.069429 0.500970 0.224975
v -0.073555 0.490696 0.247161
v -0.001110 0.501145 0.232666
v -0.001579 0.489109 0.253882
v 0.067039 0.502964 0.226183
v 0.070705 0.492452 0.247953
v 0.123124 0.504921 0.209674
v 0.133723 0.500151 0.228621
v 0.166978 0.504138 0.180606
v 0.178721 0.500611 0.196264
v 0.204290 0.498870 0.138429
v 0.139752 0.510019 0.148426
v 0.168496 0.507571 0.113628
v 0.190733 0.503982 0.066166
v 0.143287 0.512544 0.095036
v 0.162991 0.510039 0.055785
v 0.173110 0.508015 0.012190
v 0.205285 0.500942 0.014946
v 0.172484 0.506028 -0.030251
v 0.211887 0.496225 -0.036931
v 0.162418 0.502215 -0.070922
v 0.205789 0.488507 -0.089018
v 0.144346 0.497035 -0.106854
v 0.184557 0.480166 -0.134240
v 0.119291 0.491601 -0.135342
v 0.150952 0.472995 -0.169524
v 0.086013 0.486490 -0.157135
v 0.107828 0.467471 -0.193730
v 0.044650 0.482460 -0.171761
v 0.056442 0.464401 -0.206357
v -0.001776 0.481170 -0.176020
v -0.000930 0.463619 -0.210131
v -0.048530 0.482770 -0.170735
v -0.059927 0.463751 -0.207315
v -0.089819 0.486160 -0.157044
v -0.111589 0.466224 -0.195493
v -0.123081 0.490369 -0.136450
v -0.154961 0.470878 -0.172115
v -0.148474 0.494867 -0.108367
v -0.189596 0.476898 -0.137016
v -0.167010 0.499093 -0.073436
v -0.211701 0.484032 -0.092720
v -0.176537 0.502238 -0.034319
v -0.218975 0.490820 -0.042672
v -0.177619 0.503682 0.007940
v -0.211678 0.495386 0.010648
v -0.167053 0.505515 0.051914
v -0.196627 0.498352 0.063221
v -0.146906 0.508334 0.090564
v -0.171900 0.502913 0.108900
v -0.120647 0.510791 0.119657
v -0.141600 0.506237 0.143718
v -0.089352 0.512132 0.141055
v -0.103894 0.508356 0.164391
v -0.048694 0.512984 0.155429
v -0.056303 0.509732 0.176326
v -0.000822 0.513660 0.161007
v -0.000393 0.510430 0.182841
v 0.047712 0.514436 0.157111
v 0.055934 0.511021 0.180376
v 0.087244 0.514903 0.144266
v 0.102643 0.511244 0.169653
v 0.118400 0.514396 0.123701
v 0.080076 0.516226 0.132898
v 0.109391 0.515759 0.113479
v 0.132171 0.514289 0.086603
v 0.101572 0.516639 0.104837
v 0.122690 0.515334 0.079774
v 0.138536 0.513561 0.047924
v 0.149334 0.512203 0.051433
v 0.147283 0.511815 0.011642
v 0.158952 0.510262 0.011842
v 0.148211 0.509713 -0.025156
v 0.159429 0.508204 -0.027685
v 0.139512 0.506607 -0.060406
v 0.150098 0.504861 -0.065406
v 0.122674 0.502636 -0.091189
v 0.132352 0.500381 -0.098270
v 0.100275 0.498335 -0.115124
v 0.108712 0.495724 -0.124025
v 0.071659 0.494354 -0.133950
v 0.077785 0.491358 -0.143985
v 0.037464 0.491514 -0.145596
v 0.040119 0.488077 -0.156742
v -0.001367 0.490769 -0.148776
v -0.001753 0.487090 -0.160534
v -0.040935 0.491905 -0.144040
v -0.043753 0.488415 -0.155373
v -0.075422 0.494436 -0.132334
v -0.081474 0.491335 -0.142974
v -0.103649 0.497810 -0.114310
v -0.112452 0.494781 -0.124310
v -0.125864 0.501036 -0.091238
v -0.136113 0.498580 -0.099097
v -0.142185 0.504455 -0.061575
v -0.153565 0.502298 -0.067079
v -0.150781 0.506717 -0.028142
v -0.162875 0.504896 -0.031266
v -0.151134 0.508295 0.008028
v -0.162932 0.506529 0.007944
v -0.141761 0.509991 0.044545
v -0.152683 0.508195 0.047618
v -0.125151 0.511932 0.076353
v -0.134684 0.510546 0.082390
v -0.103169 0.513714 0.101511
v -0.111263 0.512532 0.109724
v -0.076062 0.514870 0.120476
v -0.082231 0.513717 0.130294
v -0.042212 0.515623 0.132968
v -0.045311 0.514593 0.143240
v -0.000924 0.516271 0.137833
v -0.000744 0.515244 0.148003
v 0.040158 0.516800 0.134126
v 0.043424 0.515998 0.144158
v 0.074115 0.517036 0.123051
v 0.037297 0.517249 0.124866
v 0.068955 0.517588 0.114595
v 0.094952 0.517175 0.097713
v 0.064240 0.517947 0.106904
v 0.088353 0.517416 0.090807
v 0.107297 0.516155 0.069427
v 0.114958 0.515921 0.074461
v 0.121305 0.514648 0.042353
v 0.129515 0.514310 0.045013
v 0.128729 0.512994 0.011247
v 0.137638 0.512677 0.011413
v 0.128798 0.511508 -0.020849
v 0.138087 0.510772 -0.022880
v 0.121124 0.508681 -0.051970
v 0.129638 0.507824 -0.055797
v 0.105911 0.505155 -0.079345
v 0.113844 0.504150 -0.084942
v 0.086325 0.501559 -0.100686
v 0.093177 0.500177 -0.107778
v 0.061883 0.497973 -0.117324
v 0.066421 0.496578 -0.125073
v 0.032644 0.495780 -0.127101
v 0.034973 0.494042 -0.135866
v -0.000973 0.495368 -0.129542
v -0.001144 0.493308 -0.139018
v -0.035595 0.496084 -0.125548
v -0.038100 0.494396 -0.134365
v -0.065344 0.498464 -0.114670
v -0.070076 0.496807 -0.123014
v -0.089559 0.501233 -0.098650
v -0.096244 0.499803 -0.106068
v -0.108710 0.503544 -0.078125
v -0.116649 0.502665 -0.084107
v -0.122669 0.506728 -0.052133
v -0.131869 0.505933 -0.056545
v -0.130718 0.508345 -0.023095
v -0.140444 0.507900 -0.025554
v -0.131516 0.510229 0.008210
v -0.140719 0.509600 0.008107
v -0.124214 0.511991 0.039733
v -0.132929 0.511167 0.042072
v -0.110051 0.513293 0.067101
v -0.117530 0.512773 0.071639
v -0.090091 0.514947 0.088520
v -0.096353 0.514507 0.094757
v -0.066501 0.516129 0.104928
v -0.070902 0.515659 0.112073
v -0.036891 0.515822 0.115476
v -0.039293 0.516184 0.123521
v -0.001137 0.516860 0.119808
v -0.001023 0.516943 0.128437
v 0.034608 0.517065 0.116402
v -0.001391 0.512344 0.113100
v 0.032473 0.513361 0.110257
v 0.060653 0.514047 0.101460
v 0.031532 0.505318 0.108666
v 0.059002 0.506436 0.099844
v 0.081490 0.507109 0.084574
v 0.083028 0.514517 0.085479
v 0.098874 0.506748 0.064186
v 0.100787 0.514100 0.065011
v 0.111060 0.505940 0.039633
v 0.113834 0.513276 0.040310
v 0.115940 0.505574 0.011884
v 0.119879 0.512528 0.011258
v 0.114103 0.505022 -0.016507
v 0.119452 0.511380 -0.018732
v 0.107164 0.503541 -0.045234
v 0.112388 0.509143 -0.048135
v 0.093320 0.500641 -0.069423
v 0.098364 0.505494 -0.073881
v 0.075627 0.496316 -0.088267
v 0.080081 0.501161 -0.093761
v 0.054862 0.491871 -0.104114
v 0.057476 0.497455 -0.109465
v 0.029297 0.488659 -0.113794
v 0.030556 0.494824 -0.118567
v -0.001042 0.488825 -0.114649
v -0.000859 0.495839 -0.120660
v -0.032025 0.490293 -0.111448
v -0.033299 0.495775 -0.116963
v -0.058328 0.493117 -0.102197
v -0.060905 0.498732 -0.106849
v -0.079954 0.495901 -0.087121
v -0.083259 0.501511 -0.091486
v -0.098716 0.497660 -0.069567
v -0.101688 0.504000 -0.072812
v -0.109140 0.499455 -0.044891
v -0.114326 0.505914 -0.048013
v -0.117580 0.500401 -0.018728
v -0.122264 0.506545 -0.020599
v -0.118725 0.502246 0.009735
v -0.122172 0.509658 0.008362
v -0.113292 0.502968 0.037988
v -0.116401 0.509995 0.038006
v -0.101861 0.503299 0.063054
v -0.103951 0.510152 0.063638
v -0.084233 0.503604 0.083776
v -0.085310 0.511177 0.083923
v -0.061495 0.503429 0.099281
v -0.062450 0.511613 0.099473
v -0.033983 0.503299 0.108930
v -0.035056 0.511300 0.109558
v -0.001558 0.503954 0.112073
v -0.033345 0.494612 0.109506
v -0.001489 0.495056 0.112472
v 0.030580 0.496611 0.109378
v -0.001520 0.485650 0.112974
v 0.030148 0.487440 0.110064
v 0.058085 0.489619 0.101047
v 0.058324 0.498204 0.100151
v 0.081282 0.491015 0.085950
v 0.081112 0.499058 0.084987
v 0.099337 0.490292 0.065669
v 0.098786 0.498559 0.064705
v 0.111606 0.488740 0.041090
v 0.110853 0.497488 0.040180
v 0.117523 0.487171 0.013621
v 0.116391 0.496587 0.012716
v 0.116324 0.485794 -0.015171
v 0.114948 0.495856 -0.015831
v 0.108830 0.483970 -0.043303
v 0.107278 0.494223 -0.043853
v 0.095895 0.481605 -0.068309
v 0.094201 0.491470 -0.068552
v 0.077993 0.478254 -0.088523
v 0.076572 0.487624 -0.088179
v 0.055575 0.474047 -0.103699
v 0.054779 0.483152 -0.103058
v 0.028691 0.470934 -0.113197
v 0.028666 0.480146 -0.112587
v -0.001642 0.470361 -0.116354
v -0.001357 0.479927 -0.115460
v -0.032205 0.472273 -0.112835
v -0.031909 0.481549 -0.111989
v -0.059230 0.475616 -0.102872
v -0.058616 0.484467 -0.102082
v -0.081404 0.478286 -0.087502
v -0.080365 0.487167 -0.087080
v -0.098944 0.479817 -0.067572
v -0.097798 0.488974 -0.067920
v -0.111792 0.480984 -0.043520
v -0.110291 0.490480 -0.044101
v -0.119037 0.482069 -0.016017
v -0.117804 0.491568 -0.017140
v -0.120365 0.483762 0.012586
v -0.119286 0.493082 0.011110
v -0.114693 0.485588 0.040291
v -0.113849 0.494328 0.038959
v -0.102592 0.487012 0.065297
v -0.102083 0.495256 0.064058
v -0.084366 0.487568 0.085929
v -0.084184 0.495610 0.084836
v -0.061017 0.486689 0.101144
v -0.061119 0.495148 0.100209
v -0.033080 0.485569 0.110168
v -0.060994 0.477446 0.102094
v -0.032997 0.475622 0.110825
v -0.001645 0.475376 0.113571
v -0.034298 0.454220 0.111939
v -0.001988 0.454490 0.114669
v 0.030850 0.455679 0.112090
v 0.029953 0.477256 0.110840
v 0.059255 0.456913 0.103797
v 0.057992 0.480249 0.102093
v 0.082338 0.457731 0.089697
v 0.081498 0.482154 0.087095
v 0.101170 0.458042 0.069315
v 0.099972 0.481452 0.066681
v 0.113781 0.457701 0.044769
v 0.112404 0.479596 0.042141
v 0.120284 0.457008 0.016492
v 0.118661 0.477186 0.014632
v 0.119636 0.455745 -0.013503
v 0.117698 0.475087 -0.014451
v 0.112347 0.454851 -0.042978
v 0.110407 0.472981 -0.042903
v 0.099102 0.454366 -0.069062
v 0.097422 0.471228 -0.068362
v 0.080460 0.452843 -0.090441
v 0.079184 0.468477 -0.089221
v 0.056758 0.450095 -0.106013
v 0.056211 0.464526 -0.104704
v 0.028772 0.447434 -0.115228
v 0.028845 0.461066 -0.114209
v -0.001980 0.446198 -0.118081
v -0.001826 0.460042 -0.117279
v -0.032996 0.448579 -0.114729
v -0.032569 0.462346 -0.113719
v -0.060792 0.452078 -0.104991
v -0.059809 0.466402 -0.103807
v -0.084016 0.453987 -0.089185
v -0.082501 0.469115 -0.088167
v -0.102194 0.454356 -0.068062
v -0.100332 0.470246 -0.067635
v -0.114949 0.454275 -0.042516
v -0.113226 0.470870 -0.042911
v -0.122275 0.454028 -0.013237
v -0.120427 0.471847 -0.014848
v -0.122924 0.454214 0.016627
v -0.121405 0.473680 0.014132
v -0.116431 0.454903 0.044963
v -0.115447 0.476143 0.041795
v -0.103605 0.455869 0.069543
v -0.102949 0.478037 0.066673
v -0.084913 0.455967 0.089788
v -0.084555 0.479292 0.087018
v -0.062015 0.454497 0.103780
v -0.080915 0.363999 0.088866
v -0.057764 0.364868 0.102999
v -0.031420 0.367028 0.110562
v -0.062252 0.249460 0.094667
v -0.035297 0.242867 0.103029
v -0.003440 0.238821 0.107021
v -0.002017 0.369719 0.113005
v 0.030140 0.242132 0.103439
v 0.027678 0.368578 0.110923
v 0.058632 0.248856 0.095048
v 0.054901 0.366070 0.103279
v 0.083006 0.254599 0.082194
v 0.079069 0.365301 0.088730
v 0.102640 0.257637 0.064052
v 0.098823 0.366284 0.068067
v 0.117079 0.258389 0.041445
v 0.112428 0.368386 0.043406
v 0.124719 0.258928 0.015545
v 0.119631 0.371108 0.015486
v 0.125294 0.258612 -0.012761
v 0.119613 0.373295 -0.014214
v 0.118545 0.257926 -0.041927
v 0.112604 0.374611 -0.044109
v 0.104909 0.256764 -0.068652
v 0.099446 0.375237 -0.070808
v 0.085146 0.254610 -0.090788
v 0.080339 0.376191 -0.092994
v 0.059791 0.251017 -0.106761
v 0.055912 0.377996 -0.108811
v 0.029831 0.246855 -0.115592
v 0.027712 0.380287 -0.117847
v -0.005311 0.245006 -0.117952
v -0.002832 0.381428 -0.120578
v -0.038573 0.247417 -0.114391
v -0.032840 0.380080 -0.117336
v -0.066784 0.251518 -0.104544
v -0.060783 0.377815 -0.107648
v -0.090705 0.254655 -0.088012
v -0.084559 0.376172 -0.091215
v -0.109270 0.256536 -0.065674
v -0.102972 0.375420 -0.069004
v -0.121843 0.257596 -0.039362
v -0.115675 0.374829 -0.042449
v -0.127999 0.258305 -0.010884
v -0.122308 0.373504 -0.012977
v -0.127136 0.258557 0.016486
v -0.121828 0.371094 0.016528
v -0.119208 0.258106 0.041855
v -0.114406 0.368040 0.044148
v -0.104962 0.257684 0.064295
v -0.100538 0.365402 0.068740
v -0.085808 0.254762 0.081977
v -0.108822 0.147534 0.056723
v -0.091887 0.144237 0.070932
v -0.069952 0.140936 0.080367
v -0.091631 0.093943 0.062841
v -0.067730 0.091057 0.073627
v -0.037900 0.090277 0.080780
v -0.041830 0.138424 0.085654
v -0.003380 0.089532 0.083599
v -0.003097 0.137362 0.086842
v 0.031706 0.089202 0.081324
v 0.035986 0.138462 0.086029
v 0.061265 0.089723 0.075020
v 0.065301 0.141015 0.081217
v 0.086307 0.094763 0.064970
v 0.088241 0.144521 0.071713
v 0.104559 0.101671 0.051484
v 0.105376 0.147842 0.057827
v 0.116489 0.107626 0.034624
v 0.118239 0.150773 0.038748
v 0.122631 0.110707 0.015548
v 0.125217 0.151771 0.016141
v 0.124119 0.110515 -0.005832
v 0.126429 0.151834 -0.009086
v 0.121169 0.105642 -0.027412
v 0.121381 0.150183 -0.035612
v 0.114604 0.096724 -0.045982
v 0.110800 0.148439 -0.059339
v 0.095033 0.146215 -0.078442
v 0.071535 0.142891 -0.092910
v 0.042116 0.076549 -0.092421
v 0.037559 0.139019 -0.101139
v -0.013759 0.076075 -0.095179
v -0.009532 0.137350 -0.102965
v -0.052443 0.139672 -0.099098
v -0.081181 0.143249 -0.089492
v -0.101033 0.145989 -0.074997
v -0.118320 0.096301 -0.042841
v -0.115209 0.148069 -0.055872
v -0.124155 0.103853 -0.024668
v -0.124698 0.150112 -0.033069
v -0.126562 0.108209 -0.004886
v -0.129057 0.151502 -0.007755
v -0.125096 0.108159 0.014781
v -0.127607 0.151603 0.016696
v -0.119372 0.105101 0.033030
v -0.120786 0.150643 0.038411
v -0.108731 0.099893 0.049197
v -0.130555 0.091719 0.014998
v -0.132117 0.092182 -0.003129
v -0.149608 0.087470 -0.002281
v -0.147665 0.087518 0.017192
v -0.187331 0.079138 -0.000624
v -0.186734 0.080960 0.018517
v -0.186202 0.077837 0.036307
v -0.186604 0.069544 0.050084
v -0.233716 0.064583 0.014809
v -0.233246 0.062303 0.027363
v -0.232724 0.058134 0.037721
v -0.232452 0.053111 0.045773
v -0.187390 0.060804 0.058210
v -0.272392 0.059489 0.025766
v -0.272335 0.056809 0.035616
v -0.272573 0.052475 0.044391
v -0.272552 0.046812 0.051316
v -0.232183 0.046741 0.052342
v -0.311473 0.055211 0.030321
v -0.312823 0.051217 0.038423
v -0.313657 0.045620 0.044616
v -0.313988 0.038583 0.049379
v -0.272718 0.039798 0.056140
v -0.345591 0.045016 0.027756
v -0.345940 0.040166 0.033384
v -0.345831 0.033919 0.037890
v -0.345414 0.026768 0.040788
v -0.313742 0.030658 0.051928
v -0.376270 0.040224 0.032899
v -0.375400 0.033381 0.036001
v -0.374409 0.025377 0.037949
v -0.373209 0.017723 0.039016
v -0.344392 0.018943 0.041455
v -0.406677 0.035055 0.047454
v -0.405484 0.026459 0.050650
v -0.405190 0.017193 0.050859
v -0.405341 0.008085 0.048796
v -0.372704 0.010308 0.038020
v -0.443789 0.025583 0.053876
v -0.443567 0.016936 0.054962
v -0.443660 0.008209 0.053436
v -0.444187 -0.000076 0.049653
v -0.405562 -0.000502 0.045198
v -0.481335 0.017467 0.052051
v -0.481369 0.009432 0.050953
v -0.481643 0.001806 0.047429
v -0.482202 -0.004546 0.042088
v -0.445107 -0.007218 0.044268
v -0.513084 0.011384 0.045026
v -0.513317 0.005406 0.042336
v -0.514385 0.000282 0.037680
v -0.516174 -0.004008 0.031452
v -0.482942 -0.009561 0.035391
v -0.535117 0.004047 0.049340
v -0.537368 -0.002298 0.045532
v -0.542258 -0.007541 0.040345
v -0.547356 -0.007775 0.062299
v -0.554727 -0.013309 0.058441
v -0.554966 -0.009537 0.085684
v -0.562753 -0.015409 0.081527
v -0.573833 -0.016147 0.076671
v -0.573839 -0.012923 0.101650
v -0.581836 -0.014800 0.095990
v -0.584822 -0.008751 0.116807
v -0.591058 -0.010932 0.112403
v -0.597739 -0.009320 0.107626
v -0.603902 -0.003664 0.103761
v -0.598076 -0.004959 0.124298
v -0.593484 -0.003476 0.128169
v -0.607551 0.005680 0.102771
v -0.604994 0.014272 0.104604
v -0.597219 0.018605 0.108318
v -0.589438 0.023891 0.095960
v -0.578981 0.022313 0.099848
v -0.567129 0.025349 0.083762
v -0.590145 0.018246 0.111975
v -0.584468 0.015484 0.115636
v -0.571080 0.017618 0.104185
v -0.594062 0.014418 0.125200
v -0.598931 0.011094 0.131050
v -0.566263 0.010651 0.107732
v -0.553022 0.009563 0.088441
v -0.558266 0.018255 0.086806
v -0.544546 0.009733 0.067866
v -0.548260 0.018538 0.068466
v -0.554573 0.026426 0.066808
v -0.536331 0.018523 0.051937
v -0.538760 0.024880 0.050592
v -0.513062 0.018073 0.045790
v -0.513847 0.024778 0.044583
v -0.514342 0.030538 0.041560
v -0.481393 0.025793 0.050691
v -0.481400 0.032611 0.047475
v -0.481406 0.038697 0.042375
v -0.514867 0.035102 0.037467
v -0.481491 0.043274 0.036022
v -0.515449 0.038636 0.032524
v -0.481734 0.046661 0.028906
v -0.516097 0.041416 0.026857
v -0.549082 0.040987 0.032857
v -0.516633 0.043254 0.021126
v -0.549748 0.042486 0.026677
v -0.579440 0.045838 0.035411
v -0.578982 0.044238 0.042997
v -0.609087 0.045675 0.039771
v -0.608270 0.043853 0.048111
v -0.607672 0.040297 0.056826
v -0.631640 0.043218 0.050852
v -0.629967 0.039519 0.059381
v -0.629399 0.032636 0.066014
v -0.630427 0.022679 0.068919
v -0.646531 0.037712 0.062481
v -0.645704 0.030752 0.068126
v -0.645636 0.021679 0.069398
v -0.646293 0.013172 0.065862
v -0.631552 0.013857 0.066179
v -0.659813 0.028267 0.069528
v -0.659860 0.020055 0.069536
v -0.659972 0.012481 0.065576
v -0.659932 0.007629 0.058094
v -0.647021 0.007676 0.058650
v -0.672368 0.019445 0.067356
v -0.672153 0.026926 0.068099
v -0.682961 0.025982 0.062411
v -0.682434 0.019220 0.060834
v -0.690595 0.026263 0.053247
v -0.689339 0.019389 0.051770
v -0.695582 0.026788 0.041672
v -0.693838 0.019101 0.040917
v -0.688400 0.013409 0.039380
v -0.694825 0.019635 0.027610
v -0.688528 0.013283 0.028390
v -0.679812 0.009396 0.029653
v -0.679773 0.009434 0.039066
v -0.669506 0.007719 0.031143
v -0.669637 0.007764 0.039437
v -0.658721 0.006997 0.031925
v -0.659030 0.006821 0.040113
v -0.659492 0.006581 0.048855
v -0.647031 0.006170 0.039860
v -0.647362 0.005845 0.049162
v -0.632389 0.004863 0.039254
v -0.632926 0.004960 0.049597
v -0.632674 0.007262 0.059581
v -0.614330 -0.001405 0.039025
v -0.612923 -0.001674 0.027535
v -0.632435 0.005263 0.029677
v -0.633185 0.005989 0.020984
v -0.612444 -0.001391 0.017510
v -0.646634 0.006364 0.031388
v -0.646730 0.007242 0.023387
v -0.634543 0.006539 0.012774
v -0.658090 0.007871 0.024098
v -0.668414 0.009079 0.022869
v -0.677983 0.011187 0.019956
v -0.674357 0.012130 0.010676
v -0.680238 0.015757 0.005724
v -0.670213 0.014407 -0.004433
v -0.666486 0.010519 0.001235
v -0.685633 0.015101 0.016708
v -0.691147 0.021129 0.014400
v -0.683524 0.022002 0.002076
v -0.682741 0.029306 0.002171
v -0.670268 0.028884 -0.006293
v -0.671895 0.021240 -0.008506
v -0.692270 0.029012 0.014153
v -0.687532 0.034715 0.016522
v -0.679396 0.035039 0.005636
v -0.696705 0.027552 0.027522
v -0.691388 0.033590 0.028618
v -0.683173 0.036732 0.029436
v -0.691653 0.033329 0.041018
v -0.683377 0.036993 0.039550
v -0.672985 0.038516 0.038555
v -0.673208 0.038220 0.029884
v -0.662178 0.040064 0.029378
v -0.661812 0.040126 0.037673
v -0.661379 0.040709 0.046776
v -0.648659 0.042561 0.044653
v -0.649113 0.042528 0.035864
v -0.649622 0.042935 0.027477
v -0.632959 0.044707 0.033164
v -0.633895 0.044884 0.024699
v -0.635179 0.044248 0.016245
v -0.650468 0.043163 0.019133
v -0.636154 0.042382 0.007648
v -0.651741 0.041750 0.010494
v -0.636660 0.039380 -0.000122
v -0.653326 0.038984 0.002318
v -0.636902 0.035125 -0.007328
v -0.654707 0.034861 -0.005286
v -0.667722 0.034501 -0.001441
v -0.655786 0.029206 -0.011046
v -0.636975 0.029416 -0.012816
v -0.636974 0.022325 -0.015538
v -0.656287 0.021339 -0.013176
v -0.636971 0.015153 -0.013740
v -0.655704 0.014296 -0.010824
v -0.636991 0.009577 -0.009306
v -0.654183 0.009520 -0.005352
v -0.636741 0.006393 -0.002583
v -0.610441 0.007670 -0.011103
v -0.611364 0.003113 -0.005139
v -0.611902 0.000642 0.002043
v -0.636034 0.005739 0.005051
v -0.612268 -0.000751 0.009478
v -0.582239 -0.002867 0.001140
v -0.583477 -0.005592 0.008418
v -0.584618 -0.007218 0.015736
v -0.555079 -0.005414 0.006009
v -0.555492 -0.007636 0.012445
v -0.520501 -0.004873 0.000885
v -0.520606 -0.006594 0.007106
v -0.486516 -0.010357 -0.004754
v -0.485850 -0.013142 0.002959
v -0.485158 -0.014553 0.011256
v -0.451440 -0.018574 -0.001405
v -0.450149 -0.020031 0.009430
v -0.448831 -0.019573 0.019788
v -0.484449 -0.014499 0.019677
v -0.447496 -0.017128 0.029354
v -0.483715 -0.012887 0.027807
v -0.446260 -0.012755 0.037550
v -0.408976 -0.020359 0.024443
v -0.407123 -0.015228 0.032974
v -0.405917 -0.008492 0.039900
v -0.373062 -0.009928 0.023404
v -0.372707 -0.003109 0.029623
v -0.372409 0.003166 0.034699
v -0.341608 -0.001111 0.029163
v -0.342188 0.005133 0.034722
v -0.343234 0.011532 0.039119
v -0.309353 0.005719 0.042571
v -0.310994 0.013507 0.048185
v -0.312860 0.022025 0.051645
v -0.273797 0.013769 0.054702
v -0.273258 0.022634 0.058321
v -0.272865 0.031303 0.058963
v -0.232803 0.021923 0.059641
v -0.232563 0.030904 0.059233
v -0.232333 0.038970 0.056790
v -0.190866 0.034810 0.071331
v -0.190043 0.044171 0.068382
v -0.188867 0.052841 0.063793
v -0.149685 0.038925 0.078916
v -0.145118 0.047978 0.075059
v -0.122010 0.021833 0.088471
v -0.116354 0.033963 0.083540
v -0.087874 0.007046 0.100055
v -0.079487 0.028935 0.091018
v -0.043676 -0.020923 0.115108
v -0.037018 0.006599 0.106580
v -0.034273 0.039912 0.090197
v -0.071641 0.051332 0.079050
v -0.035558 0.063432 0.080808
v -0.068567 0.067745 0.072487
v -0.002252 0.036128 0.087523
v -0.003433 0.061687 0.084413
v 0.028014 0.042822 0.088823
v 0.029233 0.063943 0.081393
v 0.062267 0.052937 0.079093
v 0.060589 0.067712 0.073096
v 0.087833 0.076619 0.062212
v 0.107061 0.085859 0.049467
v 0.119030 0.092745 0.033341
v 0.134370 0.088686 0.016837
v 0.125210 0.095835 0.015788
v 0.136395 0.088629 -0.002902
v 0.126809 0.095586 -0.004013
v 0.136260 0.084046 -0.023003
v 0.125112 0.090974 -0.024069
v 0.135270 0.074946 -0.041311
v 0.120731 0.081295 -0.041413
v 0.158141 0.081595 -0.023011
v 0.159444 0.071060 -0.040945
v 0.161665 0.057555 -0.053483
v 0.164794 0.042625 -0.060858
v 0.199565 0.058347 -0.029522
v 0.201509 0.048338 -0.039765
v 0.202688 0.037933 -0.047011
v 0.202887 0.025696 -0.051095
v 0.167928 0.026371 -0.063554
v 0.243178 0.045069 -0.035130
v 0.243144 0.034846 -0.042049
v 0.242545 0.023321 -0.045352
v 0.241502 0.011305 -0.045343
v 0.202043 0.012982 -0.050962
v 0.281061 0.032185 -0.036469
v 0.280507 0.021582 -0.039952
v 0.279726 0.010356 -0.040204
v 0.278738 -0.000390 -0.037086
v 0.240058 -0.000316 -0.041850
v 0.313725 0.020629 -0.034621
v 0.313484 0.011102 -0.035146
v 0.313387 0.002142 -0.032868
v 0.313301 -0.006246 -0.028447
v 0.277591 -0.010262 -0.031386
v 0.347153 0.013109 -0.037308
v 0.347434 0.004694 -0.034952
v 0.347811 -0.002204 -0.029806
v 0.347831 -0.007610 -0.023424
v 0.313243 -0.013393 -0.022678
v 0.384745 0.005005 -0.041657
v 0.384850 -0.003807 -0.036674
v 0.384702 -0.011165 -0.030052
v 0.384137 -0.017059 -0.021419
v 0.347554 -0.011811 -0.016303
v 0.423598 -0.002380 -0.035378
v 0.423240 -0.010126 -0.028169
v 0.422485 -0.016349 -0.018680
v 0.421458 -0.020772 -0.008123
v 0.383272 -0.020728 -0.011812
v 0.459057 -0.006939 -0.021147
v 0.458255 -0.012508 -0.012751
v 0.457364 -0.016575 -0.002939
v 0.456348 -0.018676 0.007712
v 0.419934 -0.023025 0.003087
v 0.491469 -0.007723 -0.006407
v 0.490793 -0.010890 0.001272
v 0.490185 -0.012693 0.009711
v 0.489601 -0.012879 0.018260
v 0.455179 -0.018785 0.018716
v 0.524840 -0.006002 0.006486
v 0.524443 -0.006795 0.013095
v 0.553737 -0.007667 0.012538
v 0.553502 -0.009319 0.019038
v 0.582582 -0.006726 0.014958
v 0.582504 -0.008062 0.023310
v 0.583630 -0.009163 0.032638
v 0.611004 -0.001170 0.025386
v 0.610698 -0.001455 0.036470
v 0.631136 0.005477 0.027124
v 0.630965 0.004966 0.037782
v 0.646287 0.006723 0.028654
v 0.646579 0.006362 0.038883
v 0.646981 0.006354 0.050173
v 0.646878 0.009564 0.061515
v 0.659704 0.007171 0.038915
v 0.660539 0.007729 0.049351
v 0.661434 0.010535 0.059556
v 0.661494 0.018615 0.065947
v 0.646096 0.017909 0.068365
v 0.645575 0.028472 0.069089
v 0.628377 0.027518 0.066914
v 0.661100 0.028152 0.066632
v 0.660701 0.035944 0.061694
v 0.645664 0.037287 0.063388
v 0.673864 0.028269 0.063763
v 0.685410 0.028897 0.056963
v 0.690993 0.028025 0.046984
v 0.694535 0.026700 0.036334
v 0.690620 0.033998 0.035389
v 0.691285 0.018447 0.036414
v 0.690192 0.017264 0.025081
v 0.693447 0.025459 0.024205
v 0.683198 0.012110 0.036684
v 0.681599 0.011694 0.026935
v 0.672096 0.008383 0.037877
v 0.671007 0.008507 0.028522
v 0.669463 0.009946 0.020026
v 0.678868 0.012779 0.018138
v 0.686219 0.017672 0.015273
v 0.685227 0.023053 0.003660
v 0.689698 0.025075 0.013360
v 0.683688 0.030934 0.003611
v 0.687640 0.032949 0.013579
v 0.690118 0.032925 0.024307
v 0.679666 0.037784 0.016068
v 0.681613 0.036458 0.025296
v 0.681680 0.036741 0.034417
v 0.670820 0.038116 0.026513
v 0.670795 0.038170 0.034425
v 0.659727 0.040327 0.026922
v 0.659738 0.040011 0.034998
v 0.659958 0.040528 0.043629
v 0.647135 0.042531 0.035026
v 0.647339 0.042491 0.044249
v 0.646637 0.041579 0.054636
v 0.660280 0.039980 0.053300
v 0.632025 0.044026 0.043348
v 0.630489 0.042272 0.052960
v 0.628652 0.036614 0.061613
v 0.609972 0.041863 0.052099
v 0.609760 0.044827 0.042579
v 0.609507 0.046370 0.033380
v 0.582042 0.046847 0.031295
v 0.632107 0.044552 0.034294
v 0.632394 0.044640 0.025427
v 0.609492 0.046704 0.024305
v 0.647312 0.043065 0.026579
v 0.647836 0.043184 0.018106
v 0.633306 0.044387 0.016815
v 0.659552 0.040837 0.018545
v 0.658886 0.040256 0.009866
v 0.648508 0.041710 0.009095
v 0.669855 0.039240 0.017968
v 0.668276 0.038947 0.009297
v 0.677534 0.037101 0.006612
v 0.676889 0.027343 -0.004285
v 0.668670 0.024493 -0.009016
v 0.678051 0.019798 -0.004063
v 0.669387 0.017602 -0.008086
v 0.660833 0.016185 -0.010449
v 0.660589 0.023037 -0.011687
v 0.660241 0.010823 -0.005371
v 0.659151 0.008768 0.002746
v 0.648792 0.007574 0.000787
v 0.649718 0.009903 -0.007093
v 0.650093 0.015300 -0.012503
v 0.633777 0.008922 -0.007753
v 0.633698 0.014688 -0.013230
v 0.633713 0.022015 -0.015058
v 0.650222 0.022367 -0.014086
v 0.633936 0.029181 -0.012449
v 0.650143 0.029449 -0.012296
v 0.634139 0.034964 -0.007195
v 0.649612 0.034757 -0.006829
v 0.634341 0.039367 -0.000149
v 0.649065 0.038775 0.000635
v 0.634183 0.042486 0.007951
v 0.609590 0.040955 -0.001460
v 0.609917 0.044054 0.006706
v 0.609832 0.045934 0.015186
v 0.581706 0.044790 0.004810
v 0.581766 0.046753 0.013245
v 0.581739 0.047328 0.022315
v 0.554381 0.043617 0.010152
v 0.554560 0.044357 0.017662
v 0.554762 0.044069 0.025561
v 0.522236 0.043242 0.011569
v 0.521618 0.042896 0.018357
v 0.488624 0.048505 0.006977
v 0.487820 0.048486 0.015734
v 0.487295 0.047169 0.024125
v 0.453659 0.052835 0.013122
v 0.452566 0.051136 0.023814
v 0.451663 0.047368 0.033477
v 0.487038 0.044263 0.031938
v 0.451055 0.042294 0.041775
v 0.486996 0.040010 0.038825
v 0.450648 0.035652 0.048492
v 0.487042 0.034243 0.044658
v 0.518426 0.030645 0.040213
v 0.487119 0.027117 0.048630
v 0.517368 0.024623 0.043762
v 0.538581 0.023080 0.054226
v 0.542770 0.029594 0.052083
v 0.556630 0.027569 0.070280
v 0.549913 0.020568 0.072087
v 0.558133 0.017465 0.091331
v 0.565132 0.023585 0.088389
v 0.535540 0.015470 0.054907
v 0.545103 0.012418 0.072364
v 0.552965 0.009304 0.093524
v 0.565888 0.007963 0.110192
v 0.569464 0.014715 0.107498
v 0.542869 0.003168 0.071526
v 0.551740 -0.000426 0.093470
v 0.565927 -0.000319 0.110511
v 0.577738 0.000289 0.121446
v 0.578055 0.007775 0.121078
v 0.555227 -0.008848 0.091066
v 0.569538 -0.007627 0.108512
v 0.580809 -0.005806 0.119203
v 0.575482 -0.012174 0.104256
v 0.586125 -0.009470 0.115650
v 0.582235 -0.014034 0.099369
v 0.592342 -0.010244 0.111753
v 0.598924 -0.006397 0.120482
v 0.597651 -0.008421 0.108528
v 0.603303 -0.003868 0.118598
v 0.602496 -0.004334 0.105813
v 0.607015 -0.000453 0.117433
v 0.605882 0.001623 0.104230
v 0.609392 0.003603 0.117447
v 0.610330 0.006372 0.125932
v 0.606233 0.012037 0.128429
v 0.608688 0.008194 0.130187
v 0.600259 0.015817 0.122003
v 0.594904 0.015173 0.124218
v 0.591696 0.019072 0.111872
v 0.585731 0.017356 0.115213
v 0.580859 0.013131 0.118677
v 0.590469 0.012224 0.126725
v 0.587424 0.007295 0.128755
v 0.575168 0.019651 0.103933
v 0.581987 0.022347 0.100229
v 0.573899 0.027352 0.085170
v 0.596803 -0.006992 0.092170
v 0.602299 0.001668 0.090977
v 0.589390 -0.012252 0.094996
v 0.582124 -0.014048 0.078515
v 0.571379 -0.016136 0.082318
v 0.561942 -0.014471 0.087023
v 0.550857 -0.012705 0.065439
v 0.544456 -0.005760 0.069133
v 0.535468 0.000668 0.051533
v 0.538408 -0.005370 0.046730
v 0.517046 0.005157 0.041631
v 0.518407 0.000955 0.037170
v 0.487249 0.002875 0.045990
v 0.487794 -0.003452 0.040900
v 0.488428 -0.008419 0.034185
v 0.451629 -0.006260 0.044510
v 0.452696 -0.011911 0.037563
v 0.453944 -0.016355 0.028699
v 0.488964 -0.011257 0.026504
v 0.413612 -0.015107 0.034783
v 0.415611 -0.020097 0.026041
v 0.417829 -0.023099 0.015330
v 0.379008 -0.017569 0.017631
v 0.380910 -0.021381 0.008624
v 0.382317 -0.022346 -0.001877
v 0.346223 -0.015619 0.007293
v 0.346625 -0.016774 -0.000324
v 0.347142 -0.015278 -0.008432
v 0.313578 -0.024830 0.002819
v 0.313576 -0.023822 -0.006657
v 0.313424 -0.019608 -0.015341
v 0.276394 -0.027744 -0.003908
v 0.276465 -0.024191 -0.014225
v 0.276783 -0.018342 -0.023503
v 0.235764 -0.026675 -0.013546
v 0.236820 -0.020156 -0.025266
v 0.238372 -0.011126 -0.035020
v 0.195119 -0.021322 -0.028455
v 0.197997 -0.010881 -0.039756
v 0.200355 0.000747 -0.047132
v 0.171600 -0.014183 -0.044103
v 0.171209 -0.002382 -0.055354
v 0.169995 0.011761 -0.062016
v 0.147639 -0.012394 -0.060960
v 0.152214 -0.023773 -0.048286
v 0.140025 -0.045057 -0.054895
v 0.128871 -0.037746 -0.068698
v 0.125185 -0.089581 -0.056960
v 0.112840 -0.087091 -0.070346
v 0.106119 -0.145966 -0.044654
v 0.093613 -0.146830 -0.057358
v 0.078178 -0.147075 -0.067171
v 0.089115 -0.191484 -0.053337
v 0.073387 -0.192240 -0.062037
v 0.054797 -0.193275 -0.068435
v 0.058973 -0.146977 -0.075220
v 0.033706 -0.146328 -0.080711
v -0.005783 -0.144713 -0.080192
v -0.010794 -0.070828 -0.096604
v -0.042393 -0.145298 -0.080272
v -0.014586 -0.008671 -0.100097
v -0.015355 0.033984 -0.095843
v -0.059798 -0.189405 -0.067411
v -0.065867 -0.145487 -0.074078
v -0.078020 -0.188170 -0.060291
v -0.083953 -0.145608 -0.066059
v -0.102878 -0.084814 -0.078013
v -0.098448 -0.145264 -0.056131
v -0.118235 -0.088619 -0.067680
v -0.134046 -0.043341 -0.065323
v -0.121918 -0.035628 -0.074526
v -0.148500 -0.021029 -0.057993
v -0.142186 -0.010460 -0.067342
v -0.167521 -0.009790 -0.052646
v -0.166001 0.001528 -0.061420
v -0.163078 0.015360 -0.066407
v -0.194808 0.006636 -0.051291
v -0.195413 0.018306 -0.053586
v -0.195110 0.029872 -0.052519
v -0.193623 0.041939 -0.047715
v -0.234667 0.017004 -0.047047
v -0.235265 0.028178 -0.045968
v -0.235362 0.038580 -0.041697
v -0.235141 0.047848 -0.034641
v -0.191532 0.053183 -0.040625
v -0.274793 0.025803 -0.040547
v -0.275314 0.035356 -0.036259
v -0.275486 0.043550 -0.029622
v -0.275398 0.050529 -0.020950
v -0.234893 0.055409 -0.025188
v -0.309249 0.032484 -0.031245
v -0.309334 0.040068 -0.024987
v -0.309193 0.046649 -0.017192
v -0.309130 0.052133 -0.007980
v -0.274987 0.056294 -0.009955
v -0.342115 0.036167 -0.023866
v -0.342346 0.041616 -0.016958
v -0.342467 0.045649 -0.009422
v -0.342922 0.048743 -0.001696
v -0.309501 0.055651 0.002041
v -0.376684 0.047545 -0.024391
v -0.376817 0.051887 -0.015847
v -0.377019 0.054394 -0.006586
v -0.377165 0.055001 0.002985
v -0.343630 0.050352 0.006498
v -0.414828 0.054166 -0.016252
v -0.414358 0.056479 -0.006054
v -0.413666 0.056952 0.004800
v -0.412632 0.055212 0.015676
v -0.377222 0.053678 0.011905
v -0.450013 0.053381 -0.001285
v -0.448603 0.053835 0.009223
v -0.447295 0.052459 0.019908
v -0.446212 0.049760 0.029423
v -0.411338 0.052273 0.025444
v -0.482920 0.049754 0.012796
v -0.482190 0.048777 0.021214
v -0.517147 0.044048 0.015023
v -0.483839 0.049375 0.004360
v -0.517739 0.043983 0.008717
v -0.550887 0.043524 0.013891
v -0.550398 0.043398 0.020397
v -0.580501 0.047111 0.019027
v -0.580063 0.046907 0.027264
v -0.609541 0.046871 0.022204
v -0.609156 0.046866 0.030923
v -0.632561 0.044448 0.041715
v -0.647705 0.041664 0.054389
v -0.660744 0.039649 0.056471
v -0.660128 0.035264 0.064575
v -0.580811 0.046171 0.011077
v -0.610056 0.045798 0.013600
v -0.580857 0.044234 0.003555
v -0.610292 0.043722 0.005653
v -0.580725 0.041015 -0.003552
v -0.610267 0.040670 -0.002085
v -0.580538 0.035882 -0.009279
v -0.610062 0.036260 -0.008980
v -0.580379 0.029147 -0.013190
v -0.609833 0.030070 -0.014056
v -0.580313 0.021636 -0.014693
v -0.609706 0.022309 -0.016338
v -0.580513 0.013878 -0.013664
v -0.609828 0.014366 -0.015173
v -0.580883 0.006840 -0.010441
v -0.553339 0.013601 -0.012450
v -0.553801 0.007343 -0.009797
v -0.554292 0.001888 -0.005515
v -0.581477 0.001280 -0.005140
v -0.554758 -0.002353 -0.000112
v -0.521459 0.001838 -0.009890
v -0.520977 -0.002034 -0.004782
v -0.487908 -0.001166 -0.018064
v -0.487282 -0.006218 -0.012157
v -0.453934 -0.004177 -0.027214
v -0.453284 -0.010427 -0.019971
v -0.452483 -0.015111 -0.011264
v -0.416681 -0.013125 -0.025970
v -0.415866 -0.018433 -0.016967
v -0.414691 -0.022079 -0.006537
v -0.377702 -0.017647 -0.018294
v -0.377064 -0.020508 -0.009242
v -0.376122 -0.021046 -0.000152
v -0.413046 -0.023678 0.004433
v -0.374861 -0.019354 0.008139
v -0.410986 -0.023101 0.014877
v -0.373564 -0.015293 0.016648
v -0.341497 -0.016639 0.009116
v -0.341225 -0.012113 0.016637
v -0.341358 -0.006904 0.023142
v -0.307730 -0.015719 0.021713
v -0.307781 -0.008964 0.029096
v -0.308303 -0.001844 0.035954
v -0.272792 -0.011524 0.035501
v -0.273094 -0.003236 0.043028
v -0.273625 0.005092 0.049459
v -0.232799 -0.003551 0.050278
v -0.232966 0.005267 0.055233
v -0.233025 0.013748 0.058229
v -0.190868 0.006400 0.065265
v -0.190885 0.015729 0.069084
v -0.191158 0.024894 0.071414
v -0.158965 0.011200 0.076241
v -0.157323 0.020222 0.080757
v -0.153730 0.029969 0.081279
v -0.132133 0.002890 0.090346
v -0.127061 0.011660 0.090936
v -0.136047 -0.005602 0.084603
v -0.114126 -0.041548 0.095571
v -0.117088 -0.046318 0.084908
v -0.100537 -0.081604 0.081683
v -0.094072 -0.077074 0.095635
v -0.137522 -0.012467 0.076483
v -0.140765 -0.020652 0.068770
v -0.122155 -0.050476 0.074420
v -0.159849 0.003015 0.069811
v -0.161333 -0.006016 0.062895
v -0.163238 -0.015906 0.056017
v -0.145176 -0.028622 0.061323
v -0.190539 -0.002909 0.059736
v -0.189927 -0.012385 0.052521
v -0.189104 -0.021627 0.042863
v -0.164748 -0.025210 0.046495
v -0.232516 -0.012684 0.043259
v -0.232007 -0.020962 0.034613
v -0.231222 -0.027227 0.024659
v -0.188273 -0.029186 0.031287
v -0.272675 -0.019075 0.027228
v -0.272418 -0.025034 0.018225
v -0.271477 -0.028809 0.008613
v -0.230328 -0.030412 0.013559
v -0.308066 -0.021755 0.013686
v -0.308268 -0.025849 0.004482
v -0.308176 -0.025622 -0.004513
v -0.270701 -0.028685 -0.001749
v -0.341890 -0.018392 0.001440
v -0.341998 -0.017446 -0.006097
v -0.341853 -0.014255 -0.013135
v -0.307889 -0.022201 -0.012994
v -0.307604 -0.017126 -0.020415
v -0.270854 -0.020914 -0.020920
v -0.270635 -0.025902 -0.011771
v -0.341920 -0.009787 -0.019667
v -0.342095 -0.004592 -0.025373
v -0.307591 -0.010680 -0.026723
v -0.378100 -0.013102 -0.026368
v -0.378362 -0.006986 -0.033349
v -0.378448 0.000105 -0.038518
v -0.342441 0.001533 -0.030100
v -0.417000 -0.006384 -0.033367
v -0.417006 0.001380 -0.039022
v -0.416926 0.010118 -0.042962
v -0.378301 0.008495 -0.042122
v -0.454376 0.003229 -0.032683
v -0.454642 0.011327 -0.036220
v -0.454711 0.019906 -0.037445
v -0.416685 0.019860 -0.044384
v -0.488578 0.005122 -0.022811
v -0.489084 0.012090 -0.025744
v -0.489568 0.019522 -0.027361
v -0.489103 0.027105 -0.025853
v -0.454524 0.028318 -0.036162
v -0.521946 0.012846 -0.016973
v -0.521854 0.019514 -0.017915
v -0.521443 0.026143 -0.016593
v -0.520931 0.032117 -0.013550
v -0.488225 0.033859 -0.022080
v -0.552801 0.020297 -0.013303
v -0.552316 0.026828 -0.012251
v -0.551904 0.032772 -0.009219
v -0.551585 0.037365 -0.004484
v -0.520174 0.036750 -0.008930
v -0.519380 0.040473 -0.003486
v -0.486196 0.044354 -0.010937
v -0.487298 0.039643 -0.017190
v -0.551386 0.040616 0.001223
v -0.551194 0.042652 0.007584
v -0.518508 0.042872 0.002561
v -0.485037 0.047486 -0.003762
v -0.451281 0.051262 -0.010885
v -0.452341 0.047704 -0.019274
v -0.415344 0.050135 -0.025437
v -0.415777 0.044460 -0.032926
v -0.453319 0.042598 -0.026739
v -0.416050 0.037378 -0.038940
v -0.454030 0.036025 -0.032397
v -0.416365 0.029039 -0.042906
v -0.376837 0.034652 -0.037481
v -0.377209 0.026587 -0.041509
v -0.377832 0.017572 -0.043208
v -0.341997 0.023133 -0.033249
v -0.342068 0.015339 -0.034727
v -0.342278 0.008100 -0.033524
v -0.308685 0.014649 -0.036271
v -0.308225 0.005692 -0.035114
v -0.307920 -0.002877 -0.031817
v -0.273375 0.005022 -0.040128
v -0.272534 -0.005006 -0.035932
v -0.271566 -0.013693 -0.029410
v -0.232196 -0.004547 -0.040643
v -0.230752 -0.014249 -0.033300
v -0.229655 -0.022256 -0.023090
v -0.192359 -0.014838 -0.037522
v -0.190767 -0.023674 -0.026268
v -0.189198 -0.030330 -0.012826
v -0.229227 -0.027811 -0.011500
v -0.187947 -0.033960 0.002440
v -0.229489 -0.030787 0.001070
v -0.187763 -0.033639 0.017618
v -0.166794 -0.037555 0.002390
v -0.165776 -0.036870 0.019333
v -0.165162 -0.032316 0.034339
v -0.153496 -0.044175 0.020975
v -0.151338 -0.040820 0.037384
v -0.148952 -0.035678 0.050656
v -0.144840 -0.056842 0.040430
v -0.139880 -0.056542 0.055856
v -0.132369 -0.054888 0.066724
v -0.128503 -0.092038 0.051216
v -0.120156 -0.088149 0.058767
v -0.110256 -0.085453 0.069812
v -0.102430 -0.113988 0.069879
v -0.093447 -0.103177 0.079999
v -0.092763 -0.119268 0.086631
v -0.079730 -0.109330 0.094689
v -0.082541 -0.094475 0.090748
v -0.064809 -0.104267 0.101086
v -0.078090 -0.128807 0.104597
v -0.062138 -0.122253 0.110470
v -0.037745 -0.118319 0.111079
v -0.040198 -0.101345 0.106291
v 0.004039 -0.116615 0.110129
v 0.002414 -0.098588 0.108449
v -0.000015 -0.083983 0.109981
v 0.044988 -0.061607 0.120819
v -0.004861 -0.066430 0.113993
v 0.039388 -0.043432 0.119701
v -0.005113 -0.048961 0.115806
v 0.032613 -0.022509 0.116317
v -0.002918 -0.027247 0.111421
v 0.029167 0.008385 0.106171
v -0.001206 0.000823 0.103692
v 0.075451 0.002012 0.103767
v 0.067518 0.027742 0.093127
v 0.081337 -0.015274 0.107991
v 0.113657 0.022323 0.089264
v 0.084687 -0.033535 0.109879
v 0.117655 0.008913 0.093050
v 0.150197 0.033651 0.081047
v 0.146595 0.043199 0.077597
v 0.194040 0.039163 0.068286
v 0.193363 0.048294 0.064376
v 0.192473 0.056687 0.058156
v 0.192198 0.065137 0.048795
v 0.238219 0.043558 0.053686
v 0.238712 0.050694 0.047525
v 0.239147 0.056889 0.038851
v 0.239606 0.061525 0.028125
v 0.193339 0.072963 0.035362
v 0.279123 0.051126 0.046009
v 0.278846 0.056258 0.037030
v 0.278885 0.059078 0.026823
v 0.279323 0.060188 0.015439
v 0.240513 0.064018 0.015621
v 0.316967 0.053504 0.030567
v 0.316240 0.056125 0.021794
v 0.315624 0.056509 0.011897
v 0.315112 0.054843 0.001718
v 0.280108 0.059026 0.002927
v 0.349393 0.048659 0.014529
v 0.349450 0.049494 0.006331
v 0.349211 0.048654 -0.002231
v 0.348776 0.046085 -0.011063
v 0.314686 0.050962 -0.008618
v 0.383247 0.056115 0.004604
v 0.383189 0.055891 -0.006097
v 0.383111 0.053258 -0.016349
v 0.383104 0.048502 -0.025840
v 0.347965 0.042046 -0.019415
v 0.420243 0.056254 -0.003473
v 0.421092 0.054132 -0.014740
v 0.421820 0.049890 -0.024534
v 0.422355 0.043859 -0.032587
v 0.383188 0.041986 -0.033519
v 0.456493 0.050977 -0.008283
v 0.457758 0.047152 -0.017309
v 0.458771 0.041677 -0.025107
v 0.459561 0.034663 -0.031066
v 0.422805 0.036074 -0.039031
v 0.490854 0.043680 -0.009095
v 0.492057 0.038947 -0.015880
v 0.493174 0.032958 -0.021298
v 0.493856 0.025597 -0.024619
v 0.460124 0.026425 -0.034617
v 0.524303 0.036544 -0.007546
v 0.525036 0.031346 -0.012456
v 0.525635 0.024766 -0.015666
v 0.525858 0.017591 -0.016198
v 0.493872 0.017537 -0.025055
v 0.553880 0.032554 -0.008694
v 0.553931 0.025715 -0.011877
v 0.554050 0.018223 -0.012646
v 0.554105 0.010839 -0.011096
v 0.525840 0.010616 -0.014553
v 0.580567 0.028095 -0.013105
v 0.580462 0.019733 -0.013988
v 0.580480 0.011498 -0.012190
v 0.580633 0.004553 -0.007703
v 0.554254 0.004082 -0.007159
v 0.608883 0.021181 -0.014609
v 0.609053 0.013254 -0.012899
v 0.609350 0.006653 -0.008137
v 0.610088 0.002175 -0.001274
v 0.581137 -0.001331 -0.000756
v 0.633830 0.006084 -0.000611
v 0.633295 0.005841 0.008445
v 0.610903 0.000125 0.006824
v 0.647443 0.007903 0.010185
v 0.646503 0.008136 0.019436
v 0.632044 0.006053 0.017528
v 0.658392 0.009278 0.011646
v 0.658609 0.008872 0.020415
v 0.659137 0.007319 0.029275
v 0.610995 -0.000831 0.015479
v 0.581758 -0.004765 0.006792
v 0.554142 -0.005164 0.005296
v 0.554324 -0.001323 -0.001477
v 0.525078 -0.003707 0.000079
v 0.525322 -0.000091 -0.005677
v 0.525569 0.004546 -0.010586
v 0.492283 -0.003363 -0.013290
v 0.493046 0.002524 -0.019124
v 0.493590 0.009639 -0.023197
v 0.459745 0.000040 -0.028172
v 0.460219 0.008194 -0.033082
v 0.460332 0.017196 -0.035326
v 0.423579 0.006691 -0.040641
v 0.423459 0.016543 -0.043084
v 0.423206 0.026828 -0.042605
v 0.384460 0.015001 -0.044269
v 0.383933 0.024876 -0.043424
v 0.383417 0.034119 -0.039628
v 0.347032 0.021588 -0.036460
v 0.347196 0.029732 -0.032567
v 0.347521 0.036606 -0.026749
v 0.313972 0.029808 -0.031338
v 0.314214 0.038187 -0.025562
v 0.314393 0.045122 -0.017881
v 0.281302 0.041558 -0.029714
v 0.281255 0.049267 -0.020818
v 0.280887 0.055458 -0.009789
v 0.242813 0.053598 -0.025445
v 0.242191 0.060144 -0.013161
v 0.241516 0.063773 0.001184
v 0.197412 0.068014 -0.016541
v 0.195880 0.074694 0.000214
v 0.194530 0.076426 0.018580
v 0.156485 0.087303 -0.002322
v 0.153091 0.087726 0.018938
v 0.609012 0.029187 -0.012855
v 0.580840 0.035741 -0.009581
v 0.609260 0.036146 -0.008420
v 0.581357 0.041538 -0.003118
v 0.553959 0.037949 -0.003362
v 0.554167 0.041543 0.003010
v 0.523545 0.040182 -0.001558
v 0.522838 0.042364 0.004893
v 0.489643 0.046854 -0.001359
v 0.455032 0.052779 0.001984
v 0.419173 0.056202 0.008357
v 0.383193 0.054249 0.014709
v 0.417755 0.054199 0.019813
v 0.382900 0.050611 0.023995
v 0.416237 0.050394 0.030279
v 0.381625 0.045478 0.031391
v 0.414614 0.044964 0.039580
v 0.380219 0.038401 0.037363
v 0.413287 0.038470 0.046544
v 0.379817 0.030190 0.040447
v 0.411900 0.029447 0.051480
v 0.450348 0.027495 0.053027
v 0.411083 0.019854 0.052790
v 0.450249 0.019027 0.054617
v 0.487086 0.018986 0.050530
v 0.450399 0.009994 0.053511
v 0.487021 0.010560 0.049378
v 0.516152 0.011059 0.044587
v 0.516225 0.017512 0.045353
v 0.534378 0.007842 0.054235
v 0.450812 0.001368 0.049950
v 0.411233 0.009972 0.051327
v 0.411653 0.000671 0.047991
v 0.412300 -0.008122 0.042359
v 0.377944 0.004066 0.037334
v 0.377793 -0.003852 0.032378
v 0.377862 -0.011381 0.025480
v 0.345996 0.000185 0.029025
v 0.345796 -0.006132 0.022457
v 0.345801 -0.011854 0.015033
v 0.312469 -0.007416 0.028793
v 0.312367 -0.014554 0.021021
v 0.313005 -0.020891 0.012534
v 0.278090 -0.017560 0.026958
v 0.277946 -0.024230 0.017434
v 0.277044 -0.028107 0.006916
v 0.237011 -0.026411 0.024278
v 0.236067 -0.030012 0.012500
v 0.235739 -0.029953 -0.000631
v 0.190892 -0.032950 0.018285
v 0.191093 -0.033459 0.002262
v 0.192368 -0.029264 -0.013941
v 0.165892 -0.037433 0.003320
v 0.168150 -0.032904 -0.014730
v 0.171115 -0.024479 -0.030443
v 0.154136 -0.040056 -0.016738
v 0.154360 -0.033069 -0.033397
v 0.148165 -0.054418 -0.019150
v 0.145887 -0.050739 -0.038395
v 0.138889 -0.087958 -0.019884
v 0.134084 -0.089352 -0.039940
v 0.121794 -0.142633 -0.012719
v 0.115454 -0.144411 -0.029564
v 0.119531 -0.189719 -0.010257
v 0.112921 -0.190439 -0.027092
v 0.102471 -0.190942 -0.041597
v 0.118816 -0.251400 -0.035221
v 0.107071 -0.248511 -0.052067
v 0.092706 -0.246780 -0.065412
v 0.113334 -0.327700 -0.071394
v 0.096463 -0.327350 -0.085766
v 0.077321 -0.327621 -0.094410
v 0.075906 -0.246336 -0.075699
v 0.056350 -0.330910 -0.098133
v 0.054653 -0.248221 -0.083499
v 0.069704 -0.405590 -0.103517
v 0.046584 -0.405459 -0.103652
v 0.024182 -0.405746 -0.092966
v 0.010135 -0.398151 -0.078940
v 0.004838 -0.451597 -0.053948
v 0.004096 -0.499314 -0.041548
v -0.009883 -0.452133 -0.057585
v -0.019176 -0.456618 -0.070710
v -0.031757 -0.459221 -0.083491
v -0.041189 -0.382585 -0.101479
v -0.047925 -0.460894 -0.092856
v -0.056249 -0.383259 -0.104167
v -0.066542 -0.462195 -0.095837
v -0.072134 -0.384843 -0.102852
v -0.071514 -0.313495 -0.093699
v -0.087848 -0.385611 -0.097311
v -0.089007 -0.311764 -0.087940
v -0.081554 -0.236695 -0.071527
v -0.062074 -0.238539 -0.079576
v -0.104942 -0.312057 -0.078103
v -0.097612 -0.236936 -0.060590
v -0.093219 -0.187543 -0.051318
v -0.110707 -0.238475 -0.047521
v -0.105582 -0.186943 -0.040006
v -0.109961 -0.144159 -0.044000
v -0.114946 -0.186341 -0.026493
v -0.118728 -0.142412 -0.029499
v -0.137143 -0.088463 -0.038768
v -0.129114 -0.089771 -0.055040
v -0.148058 -0.053374 -0.037112
v -0.143013 -0.048907 -0.052061
v -0.155435 -0.036289 -0.031819
v -0.152984 -0.029223 -0.045558
v -0.168770 -0.027318 -0.028503
v -0.168370 -0.019169 -0.041284
v -0.193699 -0.004440 -0.045784
v -0.233584 0.005819 -0.045288
v -0.274141 0.015528 -0.041947
v -0.309043 0.023738 -0.034959
v -0.342037 0.030065 -0.029406
v -0.376686 0.041654 -0.031653
v -0.155808 -0.042220 -0.016989
v -0.168095 -0.033889 -0.014337
v -0.154699 -0.045243 0.001904
v -0.150114 -0.056047 -0.019459
v -0.149430 -0.058235 0.001836
v -0.147549 -0.057974 0.022716
v -0.142753 -0.084698 0.002002
v -0.140659 -0.084911 0.022836
v -0.136685 -0.087506 0.038589
v -0.126475 -0.137424 0.020199
v -0.127401 -0.138754 0.003752
v -0.124123 -0.184869 0.005421
v -0.124207 -0.183744 0.021428
v -0.130441 -0.245628 0.005368
v -0.130667 -0.247842 0.023059
v -0.128663 -0.250112 0.038685
v -0.145135 -0.316955 0.025803
v -0.142640 -0.318593 0.043134
v -0.136157 -0.320948 0.058173
v -0.124221 -0.252570 0.052113
v -0.125616 -0.323796 0.071094
v -0.116762 -0.254963 0.064075
v -0.111311 -0.327172 0.080894
v -0.106665 -0.257967 0.074253
v -0.101535 -0.188179 0.077358
v -0.093223 -0.264576 0.082672
v -0.090390 -0.189624 0.088765
v -0.078129 -0.270996 0.088287
v -0.078165 -0.192461 0.096914
v -0.080759 -0.159482 0.093793
v -0.064953 -0.196601 0.101911
v -0.070004 -0.159166 0.103798
v -0.090423 -0.137407 0.094025
v -0.049134 -0.200913 0.103720
v -0.056125 -0.157880 0.110871
v -0.026042 -0.200159 0.107087
v -0.034413 -0.152993 0.111364
v 0.009955 -0.201680 0.109148
v 0.006884 -0.148122 0.110336
v 0.040461 -0.202317 0.103261
v 0.041700 -0.143053 0.115638
v 0.058756 -0.201141 0.102538
v 0.063461 -0.138169 0.112224
v 0.073212 -0.198003 0.097487
v 0.079739 -0.134800 0.102575
v 0.087281 -0.191469 0.089018
v 0.092051 -0.136616 0.088222
v 0.092400 -0.102501 0.079506
v 0.097356 -0.138686 0.071390
v 0.104497 -0.103601 0.067223
v 0.117394 -0.065849 0.071608
v 0.106468 -0.065655 0.083331
v 0.138489 -0.029801 0.066297
v 0.132261 -0.023405 0.074845
v 0.160974 -0.013192 0.058864
v 0.158581 -0.003555 0.065978
v 0.157566 0.005498 0.073284
v 0.156605 0.013836 0.079288
v 0.192329 -0.000010 0.060859
v 0.193268 0.009623 0.065796
v 0.194105 0.018580 0.068778
v 0.194473 0.028921 0.070085
v 0.153740 0.023746 0.082159
v 0.238180 0.007312 0.055385
v 0.238200 0.016200 0.058266
v 0.238018 0.025909 0.059104
v 0.238000 0.034979 0.057643
v 0.279539 0.017531 0.055655
v 0.279579 0.026814 0.057880
v 0.279708 0.035853 0.057054
v 0.279575 0.044418 0.052941
v 0.317895 0.025263 0.049791
v 0.318645 0.034158 0.048749
v 0.318570 0.042232 0.044519
v 0.317962 0.049026 0.038054
v 0.349531 0.030325 0.037917
v 0.349746 0.037099 0.033995
v 0.349785 0.043186 0.027753
v 0.349730 0.046532 0.021833
v 0.348603 0.021972 0.039806
v 0.379269 0.020767 0.040967
v 0.347295 0.013863 0.038675
v 0.378345 0.012118 0.040233
v 0.346439 0.006661 0.034648
v 0.316105 0.016458 0.047576
v 0.314268 0.007564 0.042443
v 0.313175 -0.000105 0.035904
v 0.279276 0.007924 0.049996
v 0.278557 -0.000817 0.043409
v 0.278139 -0.009310 0.035687
v 0.238022 -0.001173 0.050699
v 0.237765 -0.010929 0.043664
v 0.237570 -0.019496 0.034961
v 0.191428 -0.009748 0.053981
v 0.190607 -0.019530 0.044484
v 0.190619 -0.027831 0.032680
v 0.162803 -0.023266 0.049210
v 0.163692 -0.031526 0.036850
v 0.164003 -0.036819 0.021177
v 0.147627 -0.040922 0.040857
v 0.150148 -0.044660 0.023377
v 0.152386 -0.045839 0.003294
v 0.143809 -0.061737 0.025745
v 0.146657 -0.059304 0.003523
v 0.136338 -0.091098 0.025585
v 0.139253 -0.088096 0.004353
v 0.122857 -0.139557 0.023173
v 0.124422 -0.140889 0.005816
v 0.121903 -0.186651 0.025055
v 0.122520 -0.188453 0.007574
v 0.129736 -0.260260 0.027096
v 0.129660 -0.257656 0.007208
v 0.126523 -0.254715 -0.014433
v 0.144151 -0.332954 0.003740
v 0.138245 -0.330584 -0.023524
v 0.127381 -0.328765 -0.050518
v 0.141017 -0.407118 -0.035957
v 0.129450 -0.405191 -0.061814
v 0.112403 -0.404783 -0.082016
v 0.123142 -0.480240 -0.063360
v 0.107448 -0.479535 -0.079222
v 0.087821 -0.478959 -0.089600
v 0.091926 -0.405156 -0.095971
v 0.065298 -0.478006 -0.092796
v 0.078362 -0.540111 -0.072353
v 0.060432 -0.537743 -0.074545
v 0.071320 -0.583098 -0.065541
v 0.057750 -0.581320 -0.067061
v 0.070076 -0.630012 -0.077332
v 0.056537 -0.628872 -0.078616
v 0.043346 -0.628328 -0.075194
v 0.055356 -0.683223 -0.089080
v 0.041708 -0.682388 -0.085601
v 0.030435 -0.682056 -0.077267
v 0.032328 -0.627958 -0.067374
v 0.021299 -0.682031 -0.066081
v 0.023574 -0.627117 -0.056051
v 0.013793 -0.682427 -0.052091
v 0.016484 -0.628892 -0.042015
v 0.015504 -0.577935 -0.030751
v 0.013116 -0.631015 -0.025729
v 0.010195 -0.579342 -0.015409
v 0.008376 -0.551867 -0.010979
v 0.010571 -0.548642 -0.026186
v 0.005544 -0.539563 -0.009443
v 0.006465 -0.535965 -0.023069
v -0.000793 -0.532302 -0.008719
v 0.000493 -0.528381 -0.019383
v 0.001581 -0.519457 -0.029516
v -0.008179 -0.533698 -0.020604
v -0.007294 -0.536814 -0.008887
v -0.010392 -0.548115 -0.009853
v -0.011915 -0.545749 -0.023112
v -0.012432 -0.570723 -0.011981
v -0.016030 -0.569832 -0.026209
v -0.016219 -0.619299 -0.018372
v -0.018262 -0.618020 -0.032960
v -0.023419 -0.616773 -0.046740
v -0.013851 -0.672421 -0.043884
v -0.019748 -0.671612 -0.058572
v -0.027287 -0.671127 -0.070663
v -0.030409 -0.616417 -0.057359
v -0.035822 -0.671488 -0.080173
v -0.038939 -0.617614 -0.065902
v -0.046584 -0.671655 -0.086920
v -0.048784 -0.618070 -0.071291
v -0.048238 -0.570951 -0.064843
v -0.060210 -0.618658 -0.073804
v -0.061258 -0.572434 -0.067783
v -0.063523 -0.527408 -0.077733
v -0.045677 -0.526602 -0.073015
v -0.074079 -0.574177 -0.066242
v -0.080915 -0.528009 -0.076645
v -0.084602 -0.462508 -0.092384
v -0.096396 -0.528326 -0.070784
v -0.101027 -0.461491 -0.083697
v -0.103700 -0.386590 -0.086804
v -0.116213 -0.460500 -0.070173
v -0.118953 -0.387526 -0.071100
v -0.119243 -0.313309 -0.063181
v -0.133511 -0.387871 -0.048564
v -0.131052 -0.314756 -0.042957
v -0.120668 -0.240651 -0.032006
v -0.139963 -0.315548 -0.018270
v -0.127360 -0.243172 -0.013893
v -0.121123 -0.185740 -0.010988
v -0.124633 -0.140538 -0.013749
v -0.141844 -0.086187 -0.019981
v -0.144508 -0.315971 0.005661
v -0.145039 -0.388641 -0.020534
v -0.150629 -0.390707 0.006313
v -0.150460 -0.392725 0.029494
v -0.142889 -0.464843 -0.001525
v -0.140911 -0.467675 0.022894
v -0.134593 -0.469545 0.044284
v -0.145498 -0.393854 0.048803
v -0.124244 -0.469737 0.062044
v -0.136616 -0.393907 0.064953
v -0.110649 -0.468345 0.074910
v -0.124003 -0.393313 0.077801
v -0.094346 -0.465184 0.083338
v -0.107651 -0.392687 0.086328
v -0.076803 -0.461811 0.086489
v -0.086937 -0.392008 0.089999
v -0.090352 -0.333198 0.087219
v -0.058626 -0.457473 0.084465
v -0.068756 -0.526844 0.071974
v -0.055439 -0.524553 0.072814
v -0.042519 -0.521143 0.067456
v -0.058539 -0.579617 0.059793
v -0.048271 -0.576928 0.055746
v -0.057384 -0.631321 0.045596
v -0.048178 -0.629652 0.043175
v -0.039798 -0.627668 0.038034
v -0.041736 -0.676832 0.038197
v -0.032111 -0.675491 0.033310
v -0.024169 -0.674306 0.025736
v -0.032354 -0.625829 0.030804
v -0.018180 -0.674133 0.015843
v -0.026480 -0.624075 0.022119
v -0.013614 -0.673766 0.003825
v -0.020882 -0.622799 0.010283
v -0.018894 -0.570702 0.018408
v -0.017205 -0.620926 -0.003391
v -0.013541 -0.570698 0.003623
v -0.011053 -0.547386 0.004162
v -0.014110 -0.542854 0.018636
v -0.007942 -0.536435 0.003641
v -0.009764 -0.531643 0.016642
v -0.000848 -0.530641 0.003146
v 0.000025 -0.523657 0.013773
v -0.000057 -0.511424 0.023927
v 0.000085 -0.478872 0.038680
v 0.001785 -0.437364 0.046284
v -0.008854 -0.431496 0.049943
v 0.006059 -0.538723 0.004151
v 0.009119 -0.551331 0.004554
v 0.010718 -0.580004 0.002102
v 0.013495 -0.632671 -0.008585
v 0.016731 -0.634375 0.007096
v 0.006856 -0.682936 -0.016121
v 0.009224 -0.683153 -0.000017
v 0.013731 -0.683440 0.013104
v 0.022011 -0.635545 0.019828
v 0.020435 -0.683623 0.024078
v 0.028764 -0.637054 0.030167
v 0.028796 -0.684624 0.032158
v 0.036716 -0.638713 0.038089
v 0.039986 -0.588986 0.049530
v 0.045635 -0.640612 0.042831
v 0.049930 -0.591995 0.054627
v 0.049478 -0.540614 0.065898
v 0.038959 -0.537825 0.060558
v 0.047350 -0.484508 0.079914
v 0.060149 -0.542002 0.066914
v 0.061065 -0.486677 0.082680
v 0.068124 -0.415855 0.088677
v 0.051459 -0.418715 0.083344
v 0.057660 -0.367413 0.085096
v 0.042597 -0.383327 0.078667
v 0.046093 -0.352996 0.080974
v 0.035096 -0.373504 0.074655
v 0.035090 -0.346274 0.079674
v 0.025665 -0.365788 0.073598
v 0.085363 -0.417422 0.090123
v 0.075768 -0.488689 0.081588
v 0.091384 -0.490216 0.076239
v 0.101885 -0.417680 0.086878
v 0.106976 -0.490837 0.066547
v 0.119247 -0.418348 0.077386
v 0.118804 -0.343260 0.076843
v 0.132608 -0.418537 0.062661
v 0.133131 -0.340973 0.062807
v 0.120367 -0.264557 0.058642
v 0.109409 -0.269395 0.071696
v 0.111612 -0.185982 0.058371
v 0.101058 -0.187103 0.075192
v 0.108621 -0.138709 0.053682
v 0.117928 -0.184904 0.041631
v 0.116984 -0.138584 0.038151
v 0.130628 -0.095429 0.041929
v 0.119205 -0.099127 0.053678
v 0.139158 -0.063252 0.046681
v 0.131700 -0.065784 0.060923
v 0.144187 -0.036604 0.054687
v 0.126905 -0.262964 0.044285
v 0.141410 -0.338271 0.046448
v 0.144882 -0.335453 0.026949
v 0.141647 -0.417594 0.043978
v 0.146757 -0.414934 0.020448
v 0.146724 -0.410841 -0.007157
v 0.136576 -0.484374 0.007754
v 0.137632 -0.482141 -0.018611
v 0.133265 -0.481058 -0.042957
v 0.122626 -0.543048 -0.018647
v 0.117717 -0.543202 -0.037020
v 0.107875 -0.543315 -0.052776
v 0.105862 -0.589562 -0.035975
v 0.095807 -0.587395 -0.048971
v 0.084074 -0.585183 -0.059304
v 0.094343 -0.542210 -0.065021
v 0.094341 -0.631845 -0.061221
v 0.082890 -0.630969 -0.071460
v 0.092653 -0.687148 -0.071091
v 0.081498 -0.685931 -0.080695
v 0.069037 -0.684390 -0.087093
v 0.075598 -0.733362 -0.067875
v 0.065673 -0.732472 -0.074274
v 0.054314 -0.731926 -0.076965
v 0.062994 -0.771502 -0.058860
v 0.053722 -0.771090 -0.061685
v 0.044119 -0.769776 -0.060140
v 0.042855 -0.730726 -0.074597
v 0.036052 -0.768339 -0.054933
v 0.033354 -0.729406 -0.067384
v 0.029983 -0.766828 -0.047041
v 0.025496 -0.728998 -0.057596
v 0.025722 -0.765648 -0.037697
v 0.019356 -0.727833 -0.045972
v 0.023440 -0.764757 -0.027338
v 0.015198 -0.726865 -0.032395
v 0.008462 -0.682710 -0.034530
v 0.013368 -0.726762 -0.017612
v 0.022482 -0.764396 -0.016289
v 0.023067 -0.764465 -0.005298
v 0.014229 -0.727034 -0.003961
v 0.025518 -0.764595 0.004876
v 0.017329 -0.727186 0.007996
v 0.029822 -0.764734 0.013940
v 0.022779 -0.727298 0.017743
v 0.036381 -0.764619 0.021635
v 0.030415 -0.727412 0.025746
v 0.044493 -0.764572 0.026798
v 0.040366 -0.727347 0.030896
v 0.039167 -0.686003 0.036989
v 0.051546 -0.727462 0.032898
v 0.051009 -0.687454 0.038532
v 0.056277 -0.642529 0.044620
v 0.063387 -0.688570 0.036232
v 0.067483 -0.644067 0.042462
v 0.071730 -0.596271 0.054219
v 0.060664 -0.594516 0.056297
v 0.071351 -0.543441 0.064354
v 0.082158 -0.597394 0.048656
v 0.083395 -0.544771 0.058769
v 0.092166 -0.597137 0.039954
v 0.096095 -0.544832 0.050374
v 0.100609 -0.596454 0.028663
v 0.108029 -0.545021 0.038273
v 0.120957 -0.490155 0.051778
v 0.117300 -0.544593 0.021273
v 0.131030 -0.487721 0.032140
v 0.122511 -0.543687 0.001471
v 0.107832 -0.595313 0.014372
v 0.112277 -0.593683 -0.002392
v 0.111576 -0.591567 -0.020234
v 0.110095 -0.641146 -0.014394
v 0.109248 -0.637863 -0.032070
v 0.103467 -0.634683 -0.047995
v 0.107764 -0.689430 -0.041820
v 0.101868 -0.688553 -0.058147
v 0.096978 -0.735486 -0.035287
v 0.091815 -0.735793 -0.048474
v 0.084093 -0.735193 -0.059372
v 0.084255 -0.771836 -0.037296
v 0.078194 -0.771752 -0.046380
v 0.071175 -0.771667 -0.053492
v 0.074718 -0.804535 -0.040946
v 0.068603 -0.804053 -0.048075
v 0.061171 -0.803161 -0.052819
v 0.068684 -0.838753 -0.054346
v 0.059434 -0.837370 -0.059437
v 0.049241 -0.835807 -0.061953
v 0.052587 -0.802350 -0.054811
v 0.038617 -0.834379 -0.060313
v 0.044245 -0.801075 -0.053365
v 0.029493 -0.833245 -0.055193
v 0.037112 -0.800031 -0.049099
v 0.021925 -0.832567 -0.047284
v 0.031537 -0.799045 -0.042206
v 0.016488 -0.832146 -0.038612
v 0.027826 -0.798304 -0.034095
v 0.012141 -0.831576 -0.029182
v 0.025399 -0.797730 -0.025294
v 0.009683 -0.830896 -0.018440
v 0.024258 -0.797477 -0.016093
v 0.009860 -0.830421 -0.007928
v 0.024303 -0.797758 -0.006534
v 0.012887 -0.830813 0.001962
v 0.025898 -0.797895 0.002486
v 0.018849 -0.831470 0.010850
v 0.029675 -0.798421 0.011174
v 0.025969 -0.832381 0.017762
v 0.035378 -0.799584 0.018725
v 0.035187 -0.833788 0.022808
v 0.042761 -0.801017 0.023880
v 0.045435 -0.835123 0.024687
v 0.051507 -0.802346 0.025997
v 0.053564 -0.764808 0.028459
v 0.060410 -0.803227 0.024378
v 0.062804 -0.765214 0.026858
v 0.062679 -0.727950 0.031038
v 0.071135 -0.765803 0.022151
v 0.072948 -0.728613 0.025520
v 0.075136 -0.689311 0.030746
v 0.081890 -0.729487 0.017273
v 0.085971 -0.689767 0.021657
v 0.088356 -0.646265 0.028869
v 0.078157 -0.645312 0.037111
v 0.095561 -0.689986 0.009040
v 0.098257 -0.645758 0.017469
v 0.103562 -0.690067 -0.006709
v 0.106100 -0.644026 0.002897
v 0.108299 -0.689996 -0.023888
v 0.095433 -0.732325 -0.006617
v 0.098327 -0.734229 -0.020875
v 0.087871 -0.768898 -0.003495
v 0.089787 -0.770451 -0.014906
v 0.088618 -0.771517 -0.026522
v 0.084245 -0.805084 -0.013361
v 0.082979 -0.805029 -0.023644
v 0.079577 -0.804853 -0.032658
v 0.081441 -0.841237 -0.026031
v 0.079531 -0.840866 -0.036224
v 0.075667 -0.839892 -0.046111
v 0.069414 -0.877644 -0.047055
v 0.062925 -0.875921 -0.055764
v 0.065653 -0.906061 -0.044367
v 0.059393 -0.904294 -0.054362
v 0.050851 -0.902651 -0.060742
v 0.053882 -0.873995 -0.061771
v 0.041067 -0.901031 -0.063403
v 0.043921 -0.872255 -0.064554
v 0.031414 -0.899462 -0.062576
v 0.033314 -0.870768 -0.063339
v 0.022574 -0.898388 -0.058652
v 0.023691 -0.869694 -0.058828
v 0.015074 -0.897559 -0.051248
v 0.016273 -0.869622 -0.050892
v 0.010274 -0.897498 -0.040080
v 0.011050 -0.870307 -0.040666
v 0.030085 -0.919635 -0.057246
v 0.037959 -0.921575 -0.057894
v 0.034087 -0.935430 -0.048550
v 0.028069 -0.932511 -0.048563
v 0.033221 -0.941910 -0.036682
v 0.025950 -0.939462 -0.036868
v 0.034204 -0.943684 -0.022389
v 0.025438 -0.940635 -0.022193
v 0.018239 -0.934461 -0.022676
v 0.027510 -0.938167 -0.005815
v 0.019921 -0.932587 -0.005374
v 0.013733 -0.924950 -0.005295
v 0.012737 -0.925250 -0.023999
v 0.017522 -0.941553 0.019479
v 0.012043 -0.934739 0.020956
v 0.015649 -0.947898 0.042328
v 0.010674 -0.941368 0.043759
v 0.015425 -0.949279 0.059222
v 0.010782 -0.943288 0.060259
v 0.017106 -0.948496 0.071498
v 0.012129 -0.942340 0.071616
v 0.015067 -0.939709 0.079083
v 0.012702 -0.931112 0.075947
v 0.020106 -0.946689 0.079261
v 0.023965 -0.944235 0.085213
v 0.018371 -0.936189 0.084728
v 0.030963 -0.949208 0.081650
v 0.035680 -0.945386 0.084365
v 0.028871 -0.940396 0.088451
v 0.037420 -0.952266 0.074816
v 0.042078 -0.948434 0.076758
v 0.046164 -0.943572 0.078092
v 0.040181 -0.940223 0.085282
v 0.042705 -0.954200 0.062677
v 0.048211 -0.950575 0.064785
v 0.052412 -0.945614 0.066652
v 0.054998 -0.939515 0.067842
v 0.049556 -0.937576 0.078441
v 0.053846 -0.949116 0.047430
v 0.058274 -0.943214 0.049780
v 0.060505 -0.936781 0.052076
v 0.065104 -0.920195 0.033058
v 0.062936 -0.913375 0.037442
v 0.069584 -0.899594 0.009067
v 0.066608 -0.893981 0.017160
v 0.061958 -0.889101 0.023892
v 0.058801 -0.907043 0.041792
v 0.074262 -0.874779 -0.003398
v 0.071112 -0.871092 0.006047
v 0.066201 -0.867265 0.014269
v 0.059628 -0.864108 0.020619
v 0.055910 -0.884645 0.029083
v 0.077101 -0.840051 0.003647
v 0.071739 -0.838898 0.012053
v 0.064529 -0.837729 0.018574
v 0.055630 -0.836534 0.023087
v 0.051447 -0.861219 0.025228
v 0.074818 -0.804163 0.013475
v 0.068248 -0.803769 0.020049
v 0.078155 -0.766530 0.015176
v 0.079842 -0.804566 0.005742
v 0.083843 -0.767484 0.006564
v 0.089511 -0.730676 0.006472
v 0.083052 -0.804905 -0.003223
v 0.080330 -0.840795 -0.005604
v 0.081872 -0.841109 -0.015730
v 0.041784 -0.859249 0.027014
v 0.039612 -0.878877 0.034405
v 0.048335 -0.881014 0.032884
v 0.037696 -0.895950 0.047557
v 0.045565 -0.898120 0.046902
v 0.052853 -0.901796 0.045042
v 0.043673 -0.907529 0.062920
v 0.050492 -0.911496 0.061541
v 0.041600 -0.915524 0.075889
v 0.047940 -0.919222 0.073749
v 0.046366 -0.926569 0.080939
v 0.043771 -0.933827 0.084480
v 0.034154 -0.913304 0.076869
v 0.036037 -0.905118 0.063409
v 0.028309 -0.904979 0.062736
v 0.026760 -0.913398 0.076504
v 0.029603 -0.895398 0.046583
v 0.022146 -0.896789 0.044038
v 0.021260 -0.906968 0.061086
v 0.030445 -0.878416 0.033195
v 0.022626 -0.879760 0.029231
v 0.016294 -0.882964 0.022606
v 0.015723 -0.900158 0.040120
v 0.031834 -0.858611 0.025140
v 0.023330 -0.859677 0.020349
v 0.016447 -0.862027 0.013024
v 0.011422 -0.864801 0.004249
v 0.011704 -0.887503 0.014885
v 0.011010 -0.905223 0.035366
v 0.011661 -0.915420 0.055595
v 0.015649 -0.910798 0.058640
v 0.011860 -0.922750 0.068907
v 0.015174 -0.918540 0.072479
v 0.020268 -0.915304 0.075056
v 0.015917 -0.927391 0.080677
v 0.020479 -0.923642 0.083828
v 0.023288 -0.932492 0.087882
v 0.047439 -0.953484 0.045210
v 0.052826 -0.947443 0.020829
v 0.039756 -0.955358 0.043390
v 0.043434 -0.950063 0.019412
v 0.045171 -0.940547 -0.005433
v 0.055648 -0.936087 -0.005855
v 0.044767 -0.942709 -0.022728
v 0.055106 -0.936695 -0.024344
v 0.035912 -0.940911 -0.005846
v 0.034122 -0.949873 0.018702
v 0.025078 -0.946838 0.018685
v 0.031221 -0.955240 0.042169
v 0.022550 -0.952629 0.041777
v -0.010515 -0.673469 -0.010338
v -0.010422 -0.673111 -0.027147
v -0.014481 -0.719463 -0.012966
v -0.015218 -0.719482 -0.027265
v -0.018521 -0.720138 -0.041118
v -0.024655 -0.759024 -0.022834
v -0.026255 -0.759884 -0.033102
v -0.029229 -0.761001 -0.042945
v -0.023634 -0.721323 -0.053352
v -0.033846 -0.761646 -0.051372
v -0.030329 -0.722388 -0.063569
v -0.040271 -0.762882 -0.057984
v -0.038055 -0.723163 -0.071816
v -0.048023 -0.764520 -0.062580
v -0.047457 -0.724438 -0.077423
v -0.057307 -0.765902 -0.064132
v -0.057757 -0.725343 -0.079346
v -0.059541 -0.672390 -0.089451
v -0.068208 -0.725936 -0.076866
v -0.071920 -0.673445 -0.087630
v -0.072115 -0.619539 -0.072453
v -0.083944 -0.674668 -0.082024
v -0.083529 -0.619955 -0.067688
v -0.086170 -0.575704 -0.060856
v -0.094617 -0.621170 -0.059437
v -0.097473 -0.577128 -0.051956
v -0.110219 -0.528524 -0.060576
v -0.107961 -0.578615 -0.040514
v -0.120709 -0.528292 -0.046641
v -0.129682 -0.460513 -0.051420
v -0.127754 -0.528171 -0.029062
v -0.139246 -0.462307 -0.027277
v -0.129687 -0.528937 -0.008909
v -0.115129 -0.579968 -0.026544
v -0.118017 -0.581134 -0.009692
v -0.115573 -0.582199 0.007787
v -0.126877 -0.530252 0.012514
v -0.109292 -0.583063 0.023681
v -0.119676 -0.531109 0.032128
v -0.101718 -0.583960 0.037315
v -0.108685 -0.530742 0.047636
v -0.092406 -0.584895 0.048382
v -0.095829 -0.529688 0.059189
v -0.081919 -0.584113 0.055803
v -0.082010 -0.529011 0.067168
v -0.070196 -0.581977 0.060019
v -0.077795 -0.633788 0.041044
v -0.067672 -0.632783 0.044714
v -0.074710 -0.680505 0.034263
v -0.063808 -0.679272 0.038411
v -0.052768 -0.678108 0.039883
v -0.062688 -0.720780 0.032687
v -0.052159 -0.720315 0.033802
v -0.041844 -0.720091 0.031798
v -0.054709 -0.758621 0.028915
v -0.046163 -0.758387 0.027095
v -0.038417 -0.758417 0.022492
v -0.032329 -0.719937 0.026795
v -0.032397 -0.758664 0.015614
v -0.024905 -0.719890 0.019571
v -0.028122 -0.758699 0.007267
v -0.019841 -0.719871 0.010488
v -0.025478 -0.758603 -0.002174
v -0.016177 -0.719718 -0.000342
v -0.024304 -0.758609 -0.012275
v -0.028487 -0.792089 -0.003332
v -0.027702 -0.791885 -0.011880
v -0.028179 -0.791850 -0.020385
v -0.014458 -0.825094 -0.012494
v -0.015331 -0.825555 -0.022194
v -0.018234 -0.826261 -0.031654
v -0.029712 -0.792074 -0.029052
v -0.022082 -0.826683 -0.039660
v -0.032145 -0.792546 -0.037276
v -0.027620 -0.827115 -0.047908
v -0.035618 -0.793444 -0.044836
v -0.034676 -0.827951 -0.054827
v -0.041054 -0.794274 -0.050918
v -0.043006 -0.829188 -0.059242
v -0.047974 -0.795319 -0.054455
v -0.052435 -0.830482 -0.060695
v -0.056096 -0.796763 -0.055223
v -0.061964 -0.831831 -0.058788
v -0.063588 -0.797703 -0.053288
v -0.065867 -0.766167 -0.061257
v -0.070433 -0.798437 -0.048963
v -0.073550 -0.766580 -0.056049
v -0.077887 -0.726697 -0.071296
v -0.080156 -0.767132 -0.049315
v -0.086226 -0.727698 -0.063737
v -0.095014 -0.675295 -0.072883
v -0.094062 -0.728348 -0.053771
v -0.104152 -0.676578 -0.060981
v -0.103876 -0.623645 -0.048124
v -0.110627 -0.678243 -0.046140
v -0.110161 -0.626441 -0.034082
v -0.112737 -0.679815 -0.029235
v -0.112703 -0.629158 -0.018105
v -0.109801 -0.680775 -0.012209
v -0.111019 -0.631728 -0.001829
v -0.103443 -0.681111 0.003514
v -0.105132 -0.633775 0.013194
v -0.095026 -0.681199 0.016723
v -0.096801 -0.635095 0.025032
v -0.085215 -0.681038 0.027159
v -0.087437 -0.635014 0.034312
v -0.089746 -0.722881 0.012046
v -0.081660 -0.721979 0.021557
v -0.072535 -0.721325 0.028455
v -0.078971 -0.760052 0.018223
v -0.071754 -0.759426 0.024152
v -0.063532 -0.758968 0.027852
v -0.069607 -0.797590 0.021591
v -0.062064 -0.796977 0.025108
v -0.053871 -0.796132 0.026023
v -0.057107 -0.831517 0.023757
v -0.048085 -0.830250 0.024949
v -0.038977 -0.828847 0.023183
v -0.046086 -0.795121 0.024053
v -0.030867 -0.827534 0.018781
v -0.039244 -0.794038 0.019347
v -0.024017 -0.826681 0.012217
v -0.034097 -0.793092 0.012675
v -0.019267 -0.825701 0.005012
v -0.030579 -0.792436 0.004988
v -0.015684 -0.824955 -0.003841
v -0.015627 -0.860473 0.006607
v -0.012083 -0.862725 -0.001262
v -0.015736 -0.885366 0.016975
v -0.013192 -0.889730 0.009993
v -0.014649 -0.904895 0.036637
v -0.011986 -0.910389 0.032344
v -0.014090 -0.915169 0.056077
v -0.011710 -0.920102 0.053731
v -0.010573 -0.926144 0.051145
v -0.013379 -0.924498 0.069237
v -0.010781 -0.932677 0.048821
v -0.012346 -0.939326 0.046807
v -0.016108 -0.947410 0.065110
v -0.015870 -0.945571 0.045294
v -0.016688 -0.938616 0.021074
v -0.021356 -0.950711 0.044377
v -0.022971 -0.944656 0.019955
v -0.025709 -0.935412 -0.004211
v -0.018549 -0.928501 -0.004406
v -0.025284 -0.937775 -0.019319
v -0.017650 -0.929637 -0.021042
v -0.033559 -0.939558 -0.003982
v -0.033147 -0.942403 -0.018506
v -0.033872 -0.942698 -0.031435
v -0.041251 -0.943550 -0.018661
v -0.041060 -0.943916 -0.031049
v -0.041922 -0.939792 -0.043529
v -0.034564 -0.938638 -0.043193
v -0.043219 -0.925478 -0.055452
v -0.034498 -0.924055 -0.055018
v -0.044080 -0.902680 -0.062054
v -0.034275 -0.901429 -0.061891
v -0.024803 -0.899879 -0.058031
v -0.017178 -0.898743 -0.050496
v -0.036658 -0.867914 -0.063440
v -0.027200 -0.866823 -0.058801
v -0.019678 -0.866378 -0.051566
v -0.014420 -0.867008 -0.042155
v -0.012849 -0.898107 -0.039832
v -0.046703 -0.869354 -0.064566
v -0.053691 -0.904090 -0.059286
v -0.056814 -0.871096 -0.061991
v -0.062266 -0.905732 -0.053678
v -0.065500 -0.873088 -0.056328
v -0.070461 -0.832841 -0.054301
v -0.071650 -0.874654 -0.048573
v -0.077325 -0.834149 -0.047239
v -0.076445 -0.799000 -0.042648
v -0.081362 -0.835130 -0.038627
v -0.081123 -0.799352 -0.035441
v -0.086333 -0.767119 -0.041442
v -0.084970 -0.799526 -0.026954
v -0.091155 -0.766671 -0.031456
v -0.100077 -0.728308 -0.041648
v -0.093538 -0.765649 -0.020550
v -0.102754 -0.727398 -0.027725
v -0.092982 -0.764055 -0.009202
v -0.101357 -0.725769 -0.013326
v -0.089826 -0.762333 0.001342
v -0.096600 -0.724100 0.000220
v -0.085102 -0.760960 0.010640
v -0.084966 -0.798940 0.001209
v -0.081257 -0.798567 0.009207
v -0.076044 -0.798084 0.016151
v -0.078390 -0.834855 0.007722
v -0.072600 -0.833799 0.014924
v -0.065483 -0.832716 0.020292
v -0.066819 -0.863460 0.016833
v -0.059995 -0.860648 0.022205
v -0.052241 -0.858436 0.025618
v -0.055479 -0.882636 0.030819
v -0.048136 -0.879948 0.033337
v -0.040191 -0.878420 0.033933
v -0.043422 -0.856825 0.026601
v -0.032524 -0.878317 0.032407
v -0.034840 -0.856554 0.024671
v -0.025784 -0.879484 0.028841
v -0.027259 -0.857191 0.020251
v -0.020230 -0.881924 0.023509
v -0.020966 -0.858465 0.014380
v -0.023845 -0.897421 0.044052
v -0.018634 -0.900829 0.040544
v -0.017575 -0.910531 0.058562
v -0.018821 -0.915065 0.071836
v -0.015682 -0.919497 0.070596
v -0.023082 -0.918102 0.080591
v -0.019561 -0.922754 0.081116
v -0.017083 -0.927495 0.080730
v -0.024510 -0.925885 0.086003
v -0.021492 -0.930971 0.086012
v -0.025844 -0.934586 0.088123
v -0.022880 -0.939588 0.085504
v -0.029202 -0.929392 0.087876
v -0.033886 -0.932935 0.088073
v -0.030344 -0.938234 0.088001
v -0.028269 -0.920834 0.084719
v -0.033157 -0.924024 0.086581
v -0.037810 -0.927510 0.087099
v -0.041911 -0.931313 0.086356
v -0.038357 -0.936360 0.087162
v -0.037812 -0.918725 0.082875
v -0.042557 -0.922173 0.083203
v -0.046463 -0.926115 0.082637
v -0.048246 -0.916478 0.074879
v -0.052431 -0.920992 0.074322
v -0.053707 -0.911365 0.061627
v -0.058193 -0.916440 0.060098
v -0.061278 -0.922546 0.058070
v -0.062878 -0.929073 0.055937
v -0.062840 -0.908400 0.040952
v -0.066341 -0.914362 0.037259
v -0.068230 -0.921150 0.032980
v -0.068446 -0.927365 0.028670
v -0.062878 -0.935833 0.053832
v -0.070831 -0.895666 0.013506
v -0.073242 -0.901946 0.004906
v -0.076411 -0.870084 0.000650
v -0.078549 -0.872953 -0.009079
v -0.082389 -0.835593 -0.000947
v -0.084673 -0.835807 -0.010097
v -0.085235 -0.835880 -0.019891
v -0.083973 -0.835713 -0.029398
v -0.087229 -0.799287 -0.007771
v -0.087327 -0.799558 -0.017762
v -0.072581 -0.866706 0.009461
v -0.066895 -0.890711 0.020522
v -0.061672 -0.886239 0.026463
v -0.057656 -0.903124 0.044282
v -0.051501 -0.899407 0.046521
v -0.047740 -0.907384 0.062657
v -0.041628 -0.905153 0.063002
v -0.044402 -0.896671 0.047621
v -0.037242 -0.895622 0.047509
v -0.030136 -0.895803 0.046334
v -0.043047 -0.912715 0.075302
v -0.037239 -0.910364 0.074970
v -0.032415 -0.915806 0.081651
v -0.061085 -0.942529 0.051679
v -0.054869 -0.944072 0.069331
v -0.066975 -0.933119 0.024458
v -0.063162 -0.940527 0.023524
v -0.057214 -0.948553 0.049518
v -0.051332 -0.953069 0.047504
v -0.051395 -0.949360 0.067926
v -0.056260 -0.946461 0.022256
v -0.048081 -0.949937 0.020796
v -0.044066 -0.955434 0.045741
v -0.058604 -0.935762 -0.005117
v -0.049947 -0.939965 -0.004152
v -0.041478 -0.941104 -0.003942
v -0.039637 -0.950438 0.019995
v -0.058801 -0.935465 -0.022381
v -0.050271 -0.941594 -0.019548
v -0.030792 -0.948644 0.019649
v -0.028298 -0.954108 0.044116
v -0.036245 -0.955696 0.044620
v -0.026729 -0.954840 0.064250
v -0.020705 -0.951862 0.064584
v -0.023134 -0.948370 0.078761
v -0.028089 -0.951162 0.078390
v -0.026881 -0.943203 0.085334
v -0.031516 -0.946076 0.084269
v -0.035100 -0.941350 0.087059
v -0.039505 -0.944077 0.084202
v -0.045276 -0.947218 0.079571
v -0.042733 -0.939417 0.084794
v -0.048347 -0.942497 0.080345
v -0.019470 -0.944564 0.079284
v -0.068126 -0.907246 -0.044505
v -0.057261 -0.273957 0.094231
v -0.521803 0.006787 -0.014130
v -0.409786 0.048062 0.034356
v -0.376726 0.046305 0.027322
v -0.376999 0.050657 0.020295
v -0.445325 0.045570 0.038008
v -0.444682 0.040189 0.045002
v -0.408192 0.042259 0.041949
v -0.444144 0.033159 0.050623
v -0.345018 0.048344 0.021280
v -0.344302 0.050165 0.013992
v -0.310593 0.057104 0.021953
v -0.310049 0.057427 0.011972
v -0.273201 0.060662 0.014586
v -0.274177 0.059787 0.002275
v -0.234149 0.064487 0.000658
v -0.234568 0.061227 -0.013224
v -0.188356 0.072994 -0.018001
v -0.189820 0.063542 -0.031508
v -0.149525 0.083034 -0.021297
v -0.149171 0.074167 -0.039550
v -0.130314 0.088221 -0.021460
v -0.126456 0.080483 -0.038705
v -0.535009 0.011203 0.051717
v -0.544001 0.000484 0.065799
v -0.551446 -0.000532 0.088246
v -0.564989 0.001692 0.108719
v -0.568053 -0.007000 0.106449
vn 0.2868 0.0288 -0.9576
vn 0.3867 -0.1066 -0.9160
vn 0.3920 -0.1800 -0.9022
vn 0.2922 -0.1465 -0.9451
vn 0.1250 -0.1395 -0.9823
vn 0.1555 0.0402 -0.9870
vn 0.1717 0.0867 -0.9813
vn 0.3256 0.1988 -0.9244
vn 0.2503 0.0764 -0.9652
vn 0.3721 -0.1781 -0.9109
vn 0.2046 0.3746 -0.9043
vn 0.4484 -0.0114 -0.8937
vn 0.7162 0.0685 -0.6945
vn 0.4904 0.4537 -0.7441
vn 0.2164 0.6244 -0.7505
vn 0.4527 -0.3556 0.8177
vn 0.5561 -0.2005 0.8066
vn 0.3665 0.0270 0.9300
vn 0.3675 -0.0966 0.9250
vn 0.6756 -0.3872 0.6274
vn 0.6950 -0.3802 0.6103
vn 0.3645 -0.0672 0.9288
vn 0.6379 -0.1992 0.7439
vn 0.1423 -0.2729 0.9514
vn 0.0953 0.0750 0.9926
vn 0.1248 -0.2873 0.9497
vn 0.0912 0.7234 0.6844
vn 0.1369 0.8978 0.4186
vn 0.2835 0.8433 0.4567
vn 0.2118 0.6568 0.7237
vn 0.0717 0.5590 0.8260
vn 0.0782 0.4707 0.8788
vn 0.0990 0.5809 0.8079
vn 0.1717 0.5145 0.8401
vn -0.2189 0.0387 -0.9750
vn -0.1737 -0.1301 -0.9762
vn -0.3152 -0.1556 -0.9362
vn -0.3377 -0.0726 -0.9385
vn -0.3310 -0.0994 -0.9384
vn -0.2553 0.1260 -0.9586
vn -0.3400 0.2999 -0.8913
vn -0.2288 0.0979 -0.9685
vn -0.5210 0.0310 -0.8530
vn -0.2608 -0.0522 -0.9640
vn -0.4708 0.5312 -0.7044
vn -0.7492 0.1469 -0.6458
vn -0.2817 0.4507 -0.8471
vn -0.2671 0.6479 -0.7133
vn -0.3058 0.1919 -0.9326
vn -0.0160 0.1022 -0.9946
vn 0.0251 0.1637 -0.9862
vn -0.2237 0.0346 -0.9741
vn -0.1816 -0.0928 -0.9790
vn 0.1643 -0.1048 -0.9808
vn 0.1357 0.0330 -0.9902
vn -0.0882 0.1999 -0.9758
vn -0.1152 0.0379 -0.9926
vn -0.0103 0.0658 -0.9978
vn 0.0953 0.0524 -0.9941
vn -0.0374 0.1324 -0.9905
vn -0.1869 -0.1823 0.9653
vn -0.0642 0.0767 0.9950
vn -0.1895 0.2315 0.9542
vn -0.3039 0.0773 0.9496
vn -0.4548 -0.3714 0.8094
vn -0.3793 -0.3408 0.8602
vn -0.1245 -0.2624 0.9569
vn -0.5232 -0.1375 0.8410
vn -0.0639 -0.9959 -0.0638
vn -0.0233 -0.9831 0.1814
vn 0.0111 -0.9997 0.0222
vn -0.0297 -0.9947 -0.0988
vn 0.1431 -0.9848 -0.0989
vn -0.1519 -0.9881 -0.0234
vn -0.3218 -0.9407 0.1072
vn -0.0971 -0.9227 0.3730
vn 0.0174 -0.0009 0.9998
vn -0.1444 -0.0472 0.9884
vn -0.0546 0.0136 0.9984
vn 0.2457 0.0442 0.9683
vn 0.2321 -0.0873 0.9688
vn 0.0302 -0.1861 0.9821
vn 0.4027 0.0163 0.9152
vn -0.8593 -0.1444 0.4906
vn -0.8652 -0.2010 0.4593
vn -0.8932 -0.0594 0.4457
vn -0.8595 -0.1068 0.4999
vn -0.8005 0.0845 0.5933
vn -0.7928 0.0861 0.6034
vn -0.7786 -0.0434 0.6260
vn -0.8444 -0.0655 0.5317
vn -0.8808 0.1027 0.4623
vn -0.7998 0.1345 0.5850
vn -0.7717 -0.1500 0.6180
vn -0.9314 -0.1442 0.3342
vn -0.9552 0.0634 0.2890
vn -0.2077 -0.2000 0.9575
vn -0.1788 -0.0682 0.9815
vn -0.3608 -0.1556 0.9196
vn -0.3725 -0.3361 0.8650
vn -0.1420 -0.4243 0.8943
vn 0.0163 -0.3009 0.9535
vn 0.1144 -0.0532 0.9920
vn 0.6318 -0.1865 -0.7524
vn 0.5866 -0.0887 -0.8050
vn 0.0239 -0.2405 -0.9704
vn -0.1800 0.9209 0.3458
vn -0.3010 0.8191 0.4883
vn -0.2652 0.8789 0.3965
vn -0.0644 0.9178 0.3919
vn 0.0989 0.8653 0.4914
vn -0.0513 0.9417 0.3325
vn -0.0182 0.8961 0.4435
vn -0.0471 0.7917 0.6091
vn -0.0705 0.9728 0.2205
vn -0.1317 0.9619 0.2396
vn 0.0224 0.9596 0.2806
vn -0.1032 0.7391 0.6656
vn -0.1192 0.5633 0.8176
vn -0.3415 0.3047 0.8891
vn -0.4147 0.5141 0.7509
vn -0.5563 0.6766 0.4824
vn -0.1491 0.9091 0.3889
vn -0.0752 0.6035 0.7938
vn -0.0655 0.5334 0.8433
vn 0.3106 -0.3510 0.8833
vn 0.3263 -0.1528 0.9328
vn 0.2292 -0.4369 0.8698
vn 0.3568 -0.3309 0.8736
vn 0.3271 -0.2014 0.9233
vn 0.3171 -0.3879 0.8654
vn 0.3592 -0.9226 -0.1408
vn 0.5212 -0.7583 -0.3916
vn 0.6570 -0.7029 -0.2725
vn 0.3899 -0.9152 -0.1023
vn 0.2275 -0.9673 -0.1124
vn 0.3274 -0.8151 -0.4780
vn 0.1883 -0.9816 -0.0307
vn 0.5142 -0.7325 0.4462
vn 0.8652 -0.4766 0.1556
vn 0.5977 -0.8011 -0.0306
vn 0.4367 -0.8994 0.0223
vn 0.1221 -0.7829 0.6101
vn 0.0579 -0.2867 0.9563
vn 0.4495 -0.1651 0.8779
vn 0.3299 -0.9364 0.1195
vn 0.1649 -0.9717 0.1691
vn 0.2566 -0.9646 -0.0609
vn 0.8826 0.0366 0.4686
vn 0.2171 0.7630 -0.6088
vn 0.1772 0.7793 -0.6010
vn 0.1366 0.9141 -0.3818
vn 0.1717 0.8771 -0.4486
vn 0.2792 0.5782 -0.7666
vn 0.2355 0.5088 -0.8280
vn 0.3042 0.7227 -0.6207
vn -0.0734 -0.7292 0.6803
vn -0.2567 -0.7220 0.6425
vn 0.0327 -0.8990 0.4368
vn 0.1468 -0.8041 0.5760
vn -0.1792 -0.3673 0.9127
vn -0.4980 -0.2595 0.8274
vn 0.1142 -0.5223 0.8451
vn 0.0234 0.3570 0.9338
vn -0.2034 0.5619 0.8018
vn -0.2892 0.1385 0.9472
vn 0.0476 -0.0748 0.9961
vn 0.3597 0.3819 0.8513
vn 0.0812 0.7936 0.6030
vn 0.4282 -0.1767 0.8862
vn 0.4945 0.6657 0.5588
vn 0.1413 0.9113 0.3867
vn 0.2578 0.9357 0.2409
vn 0.7006 0.7030 0.1223
vn 0.9825 0.1824 -0.0371
vn 0.2486 0.3877 0.8876
vn 0.0711 0.7650 0.6401
vn -0.1353 -0.2497 0.9588
vn -0.0861 -0.4050 0.9103
vn 0.0608 -0.0491 0.9969
vn 0.2442 -0.0187 0.9695
vn 0.3150 -0.1047 0.9433
vn 0.3601 -0.2596 0.8961
vn 0.0820 -0.5630 0.8224
vn 0.0899 -0.4963 0.8635
vn 0.4717 -0.3616 0.8042
vn 0.1819 -0.6793 0.7110
vn 0.2087 -0.5278 0.8233
vn 0.6677 -0.5858 0.4594
vn 0.6451 -0.7357 0.2064
vn 0.8802 -0.4553 0.1341
vn 0.7935 -0.2380 0.5601
vn 0.3871 -0.6178 0.6845
vn 0.3607 -0.8389 0.4076
vn 0.7707 0.6267 -0.1154
vn 0.5176 0.8514 0.0848
vn 0.8363 0.5182 0.1791
vn 0.9720 0.2123 -0.1010
vn 0.7175 0.6885 -0.1053
vn 0.3561 0.9304 0.0874
vn 0.9535 0.1764 -0.2443
vn 0.2538 0.9567 0.1426
vn 0.1711 0.9648 0.1999
vn 0.2585 0.7583 0.5985
vn 0.4704 0.7778 0.4167
vn 0.6086 0.7667 0.2046
vn 0.2560 0.9666 0.0141
vn 0.1456 0.9888 -0.0339
vn 0.5447 -0.7123 0.4427
vn 0.3437 -0.7898 0.5080
vn 0.2787 -0.9402 0.1956
vn 0.5459 -0.8014 0.2444
vn 0.8267 -0.4524 0.3344
vn 0.7027 -0.3406 0.6247
vn 0.3811 -0.3435 0.8584
vn -0.5197 -0.0761 0.8510
vn -0.5334 -0.0743 0.8426
vn -0.1958 -0.4594 0.8664
vn 0.0590 -0.4715 0.8799
vn -0.6594 -0.0210 0.7515
vn -0.5651 0.0074 0.8250
vn -0.6298 -0.0378 0.7758
vn -0.5211 -0.0076 0.8535
vn -0.7405 -0.1365 0.6580
vn -0.6765 -0.1477 0.7214
vn -0.5481 -0.1149 0.8285
vn -0.7055 -0.2084 -0.6774
vn -0.6489 -0.1946 -0.7356
vn -0.3741 -0.2217 -0.9005
vn -0.4360 -0.2031 -0.8767
vn -0.7986 -0.1922 -0.5704
vn -0.7815 -0.1674 -0.6011
vn -0.4294 0.0385 -0.9023
vn -0.7033 -0.0037 -0.7109
vn -0.8426 -0.0253 -0.5379
vn -0.8490 -0.2088 -0.4854
vn -0.8386 -0.2787 -0.4679
vn 0.5232 -0.0629 0.8499
vn 0.6374 -0.0746 0.7670
vn 0.6582 -0.0952 0.7468
vn 0.8038 -0.2056 -0.5583
vn 0.5999 -0.2978 -0.7426
vn 0.7285 -0.4291 -0.5341
vn 0.8867 -0.2212 -0.4060
vn 0.8841 -0.0691 -0.4622
vn 0.8045 -0.0705 -0.5897
vn 0.6471 -0.0431 -0.7612
vn 0.6480 -0.2057 -0.7333
vn -0.8090 -0.2178 0.5460
vn -0.7180 -0.1991 0.6669
vn -0.8530 -0.1229 0.5072
vn -0.7597 -0.1365 0.6358
vn -0.7766 -0.2839 0.5624
vn -0.8369 -0.3652 0.4077
vn -0.9031 -0.2049 0.3775
vn -0.7238 -0.1464 0.6744
vn -0.9227 -0.1060 0.3706
vn 0.7761 -0.1991 0.5983
vn 0.6910 -0.1629 0.7042
vn 0.6867 -0.1843 0.7032
vn 0.7968 -0.1636 0.5816
vn 0.8667 -0.1500 0.4757
vn 0.8576 -0.2342 0.4579
vn 0.7512 -0.3495 0.5600
vn 0.6405 -0.2187 0.7361
vn -0.0148 -0.9935 -0.1129
vn -0.0137 -0.9873 -0.1583
vn -0.0780 -0.9915 -0.1040
vn -0.0594 -0.9970 0.0489
vn -0.0054 -0.9753 0.2208
vn 0.1628 -0.9865 0.0166
vn 0.0545 -0.9954 -0.0790
vn -0.1929 -0.9763 -0.0984
vn -0.2228 -0.9696 -0.1008
vn -0.1566 -0.9795 -0.1268
vn 0.0561 0.8982 0.4361
vn 0.2143 0.8415 0.4958
vn 0.1667 0.9040 0.3938
vn 0.1288 0.9196 0.3710
vn 0.2822 0.8678 0.4091
vn 0.3012 0.7324 0.6106
vn -0.4195 0.7469 0.5159
vn 0.0120 0.9326 0.3607
vn -0.1156 -0.9909 0.0689
vn -0.1058 -0.9926 0.0600
vn -0.0992 -0.9951 -0.0012
vn -0.0973 -0.9944 -0.0413
vn -0.1870 -0.9816 -0.0396
vn -0.1377 -0.9814 -0.1335
vn -0.1640 -0.9832 -0.0806
vn -0.6529 -0.7356 0.1806
vn -0.3727 -0.9278 0.0142
vn -0.3716 -0.9275 -0.0399
vn -0.4217 -0.7655 0.4860
vn -0.3471 -0.9274 0.1396
vn -0.4378 -0.8984 -0.0362
vn -0.7864 -0.6145 -0.0633
vn -0.9996 -0.0178 0.0237
vn -0.8411 -0.0853 0.5340
vn -0.4371 -0.3007 0.8476
vn 0.5887 0.1975 0.7839
vn 0.5058 -0.1954 0.8402
vn 0.5397 -0.4666 0.7007
vn 0.6410 0.0569 0.7655
vn 0.5305 0.5389 0.6543
vn 0.4640 0.5235 0.7146
vn 0.4139 0.2486 0.8757
vn -0.1544 0.9866 -0.0537
vn -0.1513 0.9807 -0.1238
vn -0.1665 0.9271 -0.3357
vn -0.2356 0.9487 -0.2107
vn -0.2756 0.9599 -0.0513
vn -0.1650 0.9858 0.0321
vn -0.1782 0.9839 0.0163
vn -0.7197 0.6798 0.1411
vn -0.2520 0.3064 0.9179
vn -0.0527 0.7413 0.6691
vn -0.2623 -0.2611 0.9290
vn 0.0333 0.4050 0.9137
vn -0.3524 0.7093 0.6105
vn -0.6504 0.1076 0.7519
vn -0.5824 -0.6482 0.4906
vn -0.2376 -0.6858 0.6879
vn 0.1914 -0.3038 0.9333
vn -0.8263 -0.4951 0.2684
vn -0.9359 0.0954 0.3391
vn -0.8132 -0.5819 -0.0061
vn -0.5098 -0.8289 0.2301
vn -0.9915 -0.0381 -0.1243
vn -0.3390 -0.9051 0.2567
vn -0.3360 -0.9303 0.1472
vn -0.1792 -0.9807 0.0780
vn -0.2356 -0.9241 0.3009
vn -0.2961 -0.7124 0.6363
vn -0.4848 -0.7428 0.4618
vn -0.5732 -0.7675 0.2870
vn -0.4220 0.8615 0.2823
vn -0.3636 0.9225 0.1297
vn -0.7965 0.6011 -0.0653
vn -0.7121 0.6471 0.2724
vn -0.1593 0.8632 0.4790
vn -0.0100 0.9457 0.3248
vn 0.9669 -0.2526 -0.0355
vn 0.9470 -0.2613 -0.1870
vn 0.9547 -0.1658 -0.2470
vn 0.9841 -0.1638 -0.0688
vn 0.9866 -0.1402 0.0840
vn 0.9878 -0.1204 0.0983
vn 0.9812 -0.1507 0.1203
vn 0.9338 -0.3574 0.0151
vn 0.8528 -0.5123 -0.1017
vn 0.8645 -0.4812 -0.1450
vn 0.7806 -0.6176 -0.0965
vn -0.3286 0.8586 0.3934
vn -0.1930 0.9137 0.3576
vn -0.1767 0.9821 0.0647
vn -0.3312 0.9280 0.1706
vn -0.5031 0.5699 0.6497
vn -0.2364 0.6534 0.7191
vn -0.6683 0.6335 0.3899
vn 0.4205 -0.7180 -0.5547
vn 0.5507 -0.7848 -0.2842
vn 0.1550 -0.9543 -0.2555
vn 0.1268 -0.7861 -0.6050
vn 0.5987 -0.4609 -0.6550
vn 0.8059 -0.4689 -0.3616
vn 0.2957 -0.4418 -0.8470
vn -0.7713 -0.3915 -0.5018
vn -0.6070 -0.5204 -0.6007
vn -0.7162 -0.6389 -0.2807
vn -0.8675 -0.4155 -0.2734
vn -0.7949 -0.2416 -0.5566
vn -0.5598 -0.2996 -0.7726
vn -0.9368 -0.2011 -0.2862
vn -0.9995 -0.0315 0.0092
vn -0.9996 0.0245 -0.0150
vn -0.9843 0.0415 -0.1714
vn -0.9948 -0.0540 -0.0865
vn -0.9787 -0.1922 -0.0721
vn -0.9790 -0.1980 -0.0475
vn -0.9719 -0.2072 -0.1113
vn -0.9999 0.0036 -0.0111
vn -0.9799 0.1741 0.0975
vn -0.9889 0.0886 0.1197
vn -0.9865 0.0487 0.1561
vn 0.9090 0.1419 0.3919
vn 0.7996 0.3298 0.5018
vn 0.8037 0.0999 0.5866
vn 0.9136 -0.0455 0.4041
vn 0.9269 0.1935 0.3217
vn 0.7998 0.4362 0.4123
vn 0.9647 -0.0183 0.2628
vn 0.0921 0.3236 0.9417
vn 0.1014 0.5823 0.8066
vn -0.2196 0.5539 0.8031
vn -0.1206 0.2060 0.9711
vn 0.3435 0.1606 0.9253
vn 0.4261 0.4716 0.7720
vn 0.1720 -0.1137 0.9785
vn 0.9988 -0.0497 0.0005
vn 0.9942 -0.0620 -0.0884
vn 0.9781 0.0696 -0.1960
vn 0.9972 0.0524 -0.0540
vn 0.9952 0.0543 0.0816
vn 0.9966 0.0423 0.0709
vn 0.9966 0.0763 0.0295
vn 0.9958 -0.0751 -0.0530
vn 0.9678 -0.2461 -0.0531
vn 0.9690 -0.2413 -0.0528
vn 0.9418 -0.3018 -0.1477
vn -0.9917 0.0584 0.1145
vn -0.9577 0.1854 0.2203
vn -0.9625 0.2334 0.1386
vn -0.9984 0.0352 0.0434
vn -0.9797 -0.1961 -0.0414
vn -0.9840 -0.1476 0.0996
vn -0.9567 -0.0407 0.2883
vn -0.1551 -0.9629 0.2207
vn -0.1479 -0.9881 0.0429
vn 0.1243 -0.9872 0.0997
vn 0.0110 -0.9492 0.3144
vn -0.3776 -0.8878 0.2631
vn -0.4402 -0.8975 0.0262
vn -0.2397 -0.8669 0.4371
vn 0.7278 -0.5434 -0.4185
vn 0.7919 -0.3325 -0.5121
vn 0.9301 -0.2713 -0.2475
vn 0.8084 -0.5607 -0.1791
vn 0.5240 -0.6998 -0.4855
vn 0.5432 -0.4005 -0.7379
vn 0.5681 -0.8093 -0.1491
vn -0.5572 -0.7244 -0.4060
vn -0.6482 -0.7514 -0.1235
vn -0.8460 -0.4519 -0.2830
vn -0.6514 -0.4703 -0.5954
vn -0.2950 -0.8308 -0.4719
vn -0.3220 -0.9423 -0.0920
vn -0.3589 -0.4809 -0.8000
vn -0.9575 -0.2805 -0.0668
vn -0.9415 -0.2689 -0.2033
vn -0.8715 -0.4779 -0.1096
vn -0.8405 -0.5321 -0.1016
vn -0.9776 -0.1605 -0.1360
vn -0.9422 -0.1517 -0.2988
vn -0.9856 -0.1621 0.0477
vn -0.9884 -0.1516 0.0033
vn 0.2958 0.8483 0.4393
vn 0.2789 0.8589 0.4294
vn 0.0122 0.8841 0.4672
vn 0.1058 0.8525 0.5119
vn 0.2863 0.7385 0.6104
vn 0.4831 0.7572 0.4396
vn 0.5484 0.7554 0.3587
vn 0.9209 -0.1356 0.3655
vn 0.9782 -0.1359 0.1568
vn 0.9756 0.0843 0.2029
vn 0.8645 0.0365 0.5012
vn 0.6740 -0.1456 0.7242
vn 0.7984 -0.3429 0.4950
vn 0.9115 -0.3877 0.1371
vn -0.7749 -0.0279 0.6315
vn -0.8958 -0.0167 0.4441
vn -0.8782 -0.2518 0.4066
vn -0.6788 -0.2140 0.7025
vn -0.6398 0.1363 0.7563
vn -0.8283 0.2349 0.5087
vn -0.4918 -0.0807 0.8670
vn -0.1388 -0.9125 0.3848
vn -0.3044 -0.7824 0.5434
vn -0.4318 -0.8697 0.2391
vn -0.1668 -0.9723 0.1639
vn 0.0346 -0.8788 0.4760
vn -0.1249 -0.6807 0.7219
vn 0.0894 -0.9890 0.1179
vn 0.8343 0.5458 -0.0774
vn 0.7658 0.6371 -0.0873
vn 0.7265 0.6351 -0.2624
vn 0.7921 0.5730 -0.2104
vn 0.7512 0.6531 -0.0954
vn 0.8222 0.5688 0.0222
vn 0.7724 0.6334 0.0477
vn -0.0034 0.5909 0.8068
vn -0.0038 0.6392 0.7691
vn 0.1236 0.6456 0.7536
vn 0.0866 0.6377 0.7654
vn -0.0014 0.7348 0.6783
vn -0.0926 0.6381 0.7643
vn -0.1316 0.6457 0.7522
vn -0.8327 0.5468 -0.0869
vn -0.7649 0.6363 -0.1003
vn -0.7735 0.6326 0.0383
vn -0.8198 0.5724 0.0157
vn -0.7890 0.5760 -0.2138
vn -0.7238 0.6335 -0.2735
vn -0.7456 0.6595 -0.0952
vn -0.0154 0.7211 -0.6926
vn -0.1500 0.7862 -0.5995
vn -0.0092 0.8926 -0.4508
vn 0.1264 0.7853 -0.6061
vn 0.2994 0.7955 -0.5268
vn 0.3724 0.6144 -0.6956
vn 0.1872 0.5945 -0.7820
vn -0.0118 0.5830 -0.8124
vn 0.1695 0.9238 -0.3434
vn -0.0003 0.9818 -0.1901
vn 0.1798 0.9818 -0.0609
vn 0.3458 0.9106 -0.2265
vn 0.4754 0.7821 -0.4030
vn -0.1774 0.9261 -0.3331
vn -0.3458 0.9135 -0.2146
vn -0.1737 0.9833 -0.0540
vn -0.3157 0.7966 -0.5156
vn -0.4804 0.7850 -0.3911
vn -0.6262 0.7402 -0.2450
vn -0.5019 0.8606 -0.0870
vn -0.3867 0.6146 -0.6876
vn -0.5598 0.6188 -0.5511
vn -0.6962 0.6049 -0.3867
vn -0.5348 0.6060 -0.5889
vn -0.6465 0.6181 -0.4471
vn -0.5310 0.6017 -0.5966
vn -0.6221 0.6155 -0.4839
vn -0.7008 0.6442 -0.3063
vn -0.7189 0.4340 -0.5430
vn -0.8149 0.4673 -0.3429
vn -0.8552 0.5073 -0.1063
vn -0.7416 0.6618 -0.1098
vn -0.8475 0.5241 0.0838
vn -0.7439 0.6670 0.0415
vn -0.8070 0.5322 0.2560
vn -0.7142 0.6751 0.1850
vn -0.7471 0.6406 0.1773
vn -0.6331 0.6815 0.3671
vn -0.6630 0.6564 0.3598
vn -0.6514 0.6829 0.3305
vn -0.7676 0.6228 0.1517
vn -0.5023 0.8394 0.2077
vn -0.6514 0.7575 0.0430
vn -0.3371 0.9384 0.0759
vn -0.3087 0.8647 0.3961
vn -0.1563 0.9561 0.2480
vn 0.0024 0.9952 0.0975
vn -0.0000 0.9124 0.4093
vn 0.1612 0.9564 0.2437
vn 0.3446 0.9363 0.0679
vn 0.3121 0.8647 0.3934
vn 0.5073 0.8372 0.2041
vn 0.6562 0.7534 0.0420
vn 0.5068 0.8569 -0.0948
vn 0.6293 0.7354 -0.2512
vn 0.6972 0.6029 -0.3878
vn 0.5545 0.6167 -0.5588
vn 0.6499 0.6181 -0.4423
vn 0.5332 0.6014 -0.5950
vn 0.3759 0.5963 -0.7093
vn 0.5300 0.5948 -0.6044
vn 0.4007 0.5997 -0.6927
vn 0.2219 0.6245 -0.7488
vn 0.1903 0.5967 -0.7795
vn 0.0193 0.6471 -0.7622
vn 0.0008 0.6045 -0.7966
vn -0.1900 0.6457 -0.7395
vn -0.1898 0.6085 -0.7705
vn -0.2078 0.5955 -0.7760
vn -0.3809 0.6060 -0.6984
vn -0.3928 0.6204 -0.6788
vn -0.2218 0.4574 -0.8612
vn -0.4525 0.4334 -0.7794
vn -0.6107 0.4182 -0.6724
vn -0.4564 0.1779 -0.8718
vn -0.6510 0.2039 -0.7311
vn -0.7919 0.2228 -0.5686
vn -0.6520 0.0382 -0.7573
vn -0.8164 0.0798 -0.5720
vn -0.9277 0.1314 -0.3494
vn -0.8994 0.2579 -0.3529
vn -0.9820 0.1799 -0.0579
vn -0.9459 0.3143 -0.0808
vn -0.9635 0.2075 0.1689
vn -0.9309 0.3381 0.1384
vn -0.9093 0.2249 0.3501
vn -0.8837 0.3356 0.3263
vn -0.8095 0.2222 0.5434
vn -0.7878 0.3355 0.5166
vn -0.7121 0.5404 0.4482
vn -0.6494 0.3512 0.6745
vn -0.5665 0.5507 0.6130
vn -0.4936 0.6830 0.5384
vn -0.3917 0.5717 0.7209
vn -0.3186 0.6832 0.6571
vn -0.3040 0.6576 0.6893
vn -0.5024 0.6658 0.5517
vn -0.2502 0.6878 0.6814
vn -0.4589 0.7127 0.5306
vn -0.1303 0.8196 0.5580
vn 0.1286 0.8193 0.5588
vn 0.2427 0.6865 0.6854
vn 0.4535 0.7118 0.5363
vn 0.2924 0.6566 0.6952
vn 0.4913 0.6654 0.5620
vn 0.6553 0.6574 0.3720
vn 0.6488 0.6825 0.3366
vn 0.7438 0.6413 0.1882
vn 0.7672 0.6211 0.1599
vn 0.6249 0.6818 0.3804
vn 0.7106 0.6755 0.1968
vn 0.7429 0.6674 0.0518
vn 0.8039 0.5291 0.2718
vn 0.8481 0.5206 0.0983
vn 0.8583 0.5047 -0.0927
vn 0.7432 0.6620 -0.0965
vn 0.8237 0.4631 -0.3271
vn 0.7061 0.6454 -0.2913
vn 0.7308 0.4234 -0.5355
vn 0.6284 0.6146 -0.4769
vn 0.6168 0.4043 -0.6754
vn 0.8048 0.2037 -0.5575
vn 0.6622 0.1831 -0.7266
vn 0.4793 0.1734 -0.8603
vn 0.4721 0.4140 -0.7783
vn 0.2594 0.1753 -0.9497
vn 0.2730 0.4399 -0.8555
vn 0.0215 0.1780 -0.9838
vn 0.0310 0.4623 -0.8862
vn -0.2238 0.1706 -0.9596
vn 0.0045 -0.0594 -0.9982
vn -0.2095 -0.0563 -0.9762
vn -0.4430 -0.0151 -0.8964
vn -0.2045 -0.1768 -0.9628
vn -0.4300 -0.1388 -0.8921
vn -0.6497 -0.0726 -0.7568
vn -0.4417 -0.1669 -0.8815
vn -0.6532 -0.1057 -0.7497
vn -0.8125 -0.0087 -0.5828
vn -0.8205 0.0078 -0.5716
vn -0.9052 0.1374 -0.4021
vn -0.9272 0.0980 -0.3616
vn -0.9288 0.3289 -0.1705
vn -0.9804 0.1817 -0.0762
vn -0.9040 0.4182 0.0887
vn -0.9645 0.2124 0.1570
vn -0.8678 0.3992 0.2959
vn -0.9118 0.2356 0.3362
vn -0.7698 0.3718 0.5188
vn -0.8059 0.2254 0.5475
vn -0.6421 0.3720 0.6703
vn -0.6795 0.2068 0.7040
vn -0.6799 0.2263 0.6976
vn -0.5190 0.2844 0.8061
vn -0.5147 0.2729 0.8128
vn -0.4798 0.3879 0.7870
vn -0.3104 0.3566 0.8812
vn -0.2701 0.4333 0.8598
vn -0.2051 0.5992 0.7739
vn -0.0060 0.4579 0.8890
vn -0.0055 0.6147 0.7888
vn -0.0043 0.6962 0.7179
vn -0.1487 0.6898 0.7086
vn 0.1966 0.5998 0.7756
vn 0.1404 0.6907 0.7094
vn 0.3819 0.5725 0.7256
vn 0.3067 0.6835 0.6624
vn 0.5548 0.5515 0.6229
vn 0.4807 0.6831 0.5498
vn 0.7039 0.5392 0.4624
vn 0.6391 0.3524 0.6836
vn 0.7792 0.3342 0.5302
vn 0.8788 0.3309 0.3440
vn 0.7994 0.2199 0.5591
vn 0.9030 0.2211 0.3684
vn 0.9620 0.2012 0.1844
vn 0.9311 0.3305 0.1541
vn 0.9831 0.1775 -0.0456
vn 0.9494 0.3075 -0.0638
vn 0.9317 0.1305 -0.3389
vn 0.9084 0.2479 -0.3368
vn 0.8240 0.0704 -0.5622
vn 0.9201 0.1184 -0.3733
vn 0.8232 0.0104 -0.5677
vn 0.6548 -0.0622 -0.7532
vn 0.6606 0.0285 -0.7502
vn 0.4363 -0.1252 -0.8910
vn 0.4464 -0.0155 -0.8947
vn 0.2028 -0.1678 -0.9648
vn 0.2193 -0.0453 -0.9746
vn -0.0024 -0.1839 -0.9829
vn 0.2203 -0.1733 -0.9599
vn -0.0009 -0.1862 -0.9825
vn -0.2213 -0.1868 -0.9572
vn -0.0019 0.0160 -0.9999
vn -0.2349 0.0031 -0.9720
vn -0.4637 0.0194 -0.8858
vn -0.2279 0.3531 -0.9074
vn -0.4522 0.3984 -0.7980
vn -0.5947 0.4180 -0.6868
vn -0.6596 0.0415 -0.7505
vn -0.6390 0.4507 -0.6234
vn -0.7747 0.1340 -0.6180
vn -0.6640 0.5268 -0.5307
vn -0.8271 0.3000 -0.4754
vn -0.6479 0.6699 -0.3625
vn -0.8063 0.5215 -0.2793
vn -0.6099 0.7895 -0.0683
vn -0.7492 0.6623 -0.0029
vn -0.6129 0.7751 0.1534
vn -0.7479 0.6262 0.2203
vn -0.5439 0.7813 0.3061
vn -0.6693 0.6155 0.4162
vn -0.3742 0.8403 0.3922
vn -0.5112 0.6706 0.5376
vn -0.2797 0.8503 0.4457
vn -0.3725 0.7290 0.5743
vn -0.4825 0.4773 0.7344
vn -0.2258 0.7752 0.5899
vn -0.2646 0.6507 0.7117
vn -0.2937 0.4703 0.8322
vn -0.0016 0.7202 0.6937
vn -0.0034 0.5765 0.8171
vn -0.0063 0.4327 0.9015
vn 0.2813 0.4640 0.8400
vn 0.3017 0.3604 0.8827
vn 0.2606 0.4363 0.8613
vn 0.5052 0.2776 0.8172
vn 0.4715 0.3900 0.7910
vn 0.6710 0.2267 0.7059
vn 0.5052 0.2828 0.8153
vn 0.6703 0.2062 0.7129
vn 0.7972 0.2146 0.5643
vn 0.6403 0.3419 0.6878
vn 0.7736 0.3377 0.5363
vn 0.8583 0.4059 0.3140
vn 0.9036 0.2368 0.3571
vn 0.8650 0.4951 0.0818
vn 0.9554 0.2462 0.1629
vn 0.8827 0.4238 -0.2030
vn 0.9672 0.2353 -0.0954
vn 0.8861 0.1840 -0.4255
vn 0.7334 0.6006 -0.3186
vn 0.7731 0.3871 -0.5025
vn 0.7492 0.2215 -0.6242
vn 0.8127 0.0235 -0.5822
vn 0.6550 0.1309 -0.7442
vn 0.6605 -0.0636 -0.7481
vn 0.4643 0.1013 -0.8799
vn 0.4437 -0.1316 -0.8865
vn 0.2327 0.0445 -0.9715
vn 0.4339 0.4816 -0.7615
vn 0.2192 0.4214 -0.8800
vn -0.0012 0.3667 -0.9303
vn 0.2027 0.6133 -0.7634
vn -0.0006 0.5725 -0.8199
vn -0.2087 0.5850 -0.7837
vn -0.0004 0.5717 -0.8204
vn -0.1885 0.6047 -0.7738
vn -0.3549 0.6947 -0.6257
vn -0.3811 0.6609 -0.6465
vn -0.4055 0.7594 -0.5089
vn -0.4563 0.7005 -0.5487
vn -0.4016 0.7590 -0.5125
vn -0.4649 0.6913 -0.5531
vn -0.4768 0.7095 -0.5189
vn -0.5114 0.6738 -0.5333
vn -0.6210 0.6944 -0.3634
vn -0.5778 0.7219 -0.3808
vn -0.6954 0.7178 -0.0351
vn -0.5965 0.7985 -0.0814
vn -0.6450 0.7421 0.1825
vn -0.5724 0.8081 0.1391
vn -0.5599 0.7705 0.3047
vn -0.5016 0.8226 0.2679
vn -0.4126 0.8163 0.4043
vn -0.3505 0.8657 0.3573
vn -0.2926 0.8069 0.5131
vn -0.2605 0.8621 0.4347
vn -0.1835 0.6573 0.7310
vn -0.1759 0.7779 0.6032
vn -0.1883 0.8182 0.5432
vn -0.0037 0.7104 0.7038
vn -0.0036 0.7860 0.6183
vn -0.0083 0.7887 0.6148
vn 0.1852 0.8163 0.5472
vn 0.2253 0.7614 0.6079
vn 0.2619 0.6276 0.7332
vn 0.3871 0.6872 0.6148
vn 0.4751 0.4462 0.7584
vn 0.5354 0.6138 0.5801
vn 0.2857 0.8386 0.4638
vn 0.3949 0.8135 0.4269
vn 0.5562 0.7619 0.3319
vn 0.6876 0.5706 0.4490
vn 0.6061 0.7768 0.1709
vn 0.7360 0.6334 0.2391
vn 0.5903 0.8049 -0.0610
vn 0.6947 0.7192 -0.0112
vn 0.5965 0.7157 -0.3634
vn 0.6326 0.7734 -0.0416
vn 0.6009 0.7145 -0.3583
vn 0.4975 0.6921 -0.5230
vn 0.5912 0.6042 -0.5343
vn 0.4331 0.7241 -0.5367
vn 0.5827 0.5385 -0.6087
vn 0.4327 0.7303 -0.5286
vn 0.5631 0.5061 -0.6533
vn 0.3693 0.6854 -0.6276
vn 0.4108 0.7492 -0.5196
vn 0.3589 0.6782 -0.6413
vn 0.1922 0.5931 -0.7818
vn 0.3790 0.5719 -0.7275
vn 0.2007 0.4720 -0.8584
vn 0.0015 0.4377 -0.8991
vn 0.2100 0.2603 -0.9424
vn 0.0020 0.2244 -0.9745
vn -0.2032 0.2977 -0.9328
vn -0.1963 0.4910 -0.8487
vn -0.4071 0.4263 -0.8078
vn -0.3723 0.6051 -0.7038
vn -0.5250 0.5372 -0.6602
vn -0.4364 0.7057 -0.5581
vn -0.5817 0.5760 -0.5743
vn -0.4439 0.7259 -0.5253
vn -0.7276 0.5012 -0.4684
vn -0.5608 0.6586 -0.5018
vn -0.9028 0.3755 -0.2096
vn -0.7565 0.5827 -0.2970
vn -0.9392 0.3281 0.1017
vn -0.8282 0.5598 0.0261
vn -0.8729 0.3650 0.3238
vn -0.7673 0.5895 0.2525
vn -0.7743 0.4213 0.4722
vn -0.6700 0.6341 0.3861
vn -0.6351 0.4562 0.6233
vn -0.5217 0.6885 0.5039
vn -0.4333 0.3846 0.8151
vn -0.3596 0.6618 0.6577
vn -0.2042 0.1601 0.9658
vn -0.1972 0.4514 0.8702
vn -0.0070 0.0177 0.9998
vn -0.0071 0.3052 0.9523
vn -0.0063 0.5462 0.8376
vn 0.1875 0.4638 0.8659
vn 0.1732 0.6733 0.7188
vn 0.1690 0.7864 0.5941
vn 0.2794 0.8170 0.5045
vn 0.2518 0.8678 0.4284
vn 0.3847 0.8346 0.3942
vn 0.3398 0.8688 0.3602
vn 0.5363 0.7879 0.3026
vn 0.4923 0.8253 0.2767
vn 0.6623 0.7207 0.2046
vn 0.5792 0.7991 0.1609
vn 0.7636 0.6454 0.0187
vn 0.7842 0.5556 0.2763
vn 0.8890 0.4492 0.0886
vn 0.8522 0.4676 -0.2347
vn 0.7134 0.6305 -0.3059
vn 0.6467 0.5887 -0.4850
vn 0.5250 0.6828 -0.5082
vn 0.4929 0.6809 -0.5417
vn 0.4160 0.7486 -0.5163
vn 0.4598 0.6670 -0.5863
vn 0.6520 0.4796 -0.5873
vn 0.5554 0.4634 -0.6905
vn 0.4161 0.3642 -0.8332
vn 0.6493 0.0698 -0.7573
vn 0.4465 0.0274 -0.8943
vn 0.2119 -0.0317 -0.9768
vn 0.4200 -0.3918 -0.8186
vn 0.1923 -0.3942 -0.8987
vn 0.0018 -0.3858 -0.9226
vn 0.0021 -0.0529 -0.9986
vn -0.1908 -0.3457 -0.9187
vn -0.2062 0.0118 -0.9784
vn -0.4318 -0.3054 -0.8487
vn -0.4433 0.1151 -0.8889
vn -0.6464 -0.2780 -0.7105
vn -0.6281 0.2099 -0.7493
vn -0.8263 -0.2610 -0.4991
vn -0.7596 0.2549 -0.5983
vn -0.9451 -0.2603 -0.1974
vn -0.9076 0.1864 -0.3762
vn -0.9655 -0.2553 0.0507
vn -0.9929 0.0809 -0.0875
vn -0.9568 -0.1842 0.2250
vn -0.9824 0.0715 0.1724
vn -0.9090 -0.1078 0.4026
vn -0.9192 0.1242 0.3737
vn -0.8201 -0.1191 0.5597
vn -0.8307 0.1536 0.5351
vn -0.6786 -0.2018 0.7062
vn -0.6975 0.1282 0.7050
vn -0.4193 -0.3225 0.8486
vn -0.4541 0.0101 0.8909
vn -0.1624 -0.4348 0.8858
vn -0.1898 -0.1696 0.9671
vn -0.0041 -0.4897 0.8719
vn -0.0058 -0.2668 0.9637
vn 0.1554 -0.4413 0.8838
vn 0.1830 -0.1633 0.9695
vn 0.1941 0.1638 0.9672
vn 0.4430 0.0546 0.8949
vn 0.4147 0.4143 0.8101
vn 0.3457 0.6732 0.6537
vn 0.6096 0.4926 0.6211
vn 0.4918 0.7145 0.4975
vn 0.7640 0.4325 0.4788
vn 0.6482 0.6573 0.3844
vn 0.8807 0.3227 0.3468
vn 0.8228 0.1622 0.5446
vn 0.9153 0.0695 0.3967
vn 0.9737 -0.0608 0.2195
vn 0.9648 0.2105 0.1575
vn 0.9943 -0.1069 -0.0035
vn 0.9674 0.2162 -0.1318
vn 0.9521 -0.0113 -0.3057
vn 0.8274 0.3633 -0.4282
vn 0.8109 0.0719 -0.5807
vn 0.8970 -0.4254 -0.1197
vn 0.7976 -0.4246 -0.4285
vn 0.6294 -0.4099 -0.6602
vn 0.5823 -0.7942 -0.1737
vn 0.4610 -0.7876 -0.4089
vn 0.3127 -0.7540 -0.5777
vn 0.2210 -0.9709 -0.0924
vn 0.1677 -0.9514 -0.2582
vn 0.0882 -0.9150 -0.3936
vn 0.1467 -0.7175 -0.6809
vn 0.0008 -0.8901 -0.4557
vn 0.0013 -0.6860 -0.7276
vn -0.0932 -0.8987 -0.4285
vn -0.1497 -0.6787 -0.7190
vn -0.2000 -0.9251 -0.3227
vn -0.3402 -0.6958 -0.6326
vn -0.2756 -0.9459 -0.1715
vn -0.4997 -0.7262 -0.4721
vn -0.3647 -0.9308 0.0231
vn -0.6496 -0.7222 -0.2378
vn -0.4849 -0.8504 0.2040
vn -0.7643 -0.6442 0.0290
vn -0.6185 -0.7447 0.2506
vn -0.8201 -0.5460 0.1712
vn -0.7196 -0.6409 0.2675
vn -0.8621 -0.4359 0.2584
vn -0.7210 -0.5710 0.3925
vn -0.8402 -0.3538 0.4109
vn -0.6381 -0.5786 0.5081
vn -0.7507 -0.3677 0.5489
vn -0.4948 -0.6530 0.5733
vn -0.6000 -0.4608 0.6539
vn -0.2787 -0.7230 0.6321
vn -0.3517 -0.5633 0.7477
vn -0.1036 -0.7406 0.6639
vn -0.1317 -0.6182 0.7749
vn -0.0007 -0.7385 0.6742
vn -0.0023 -0.6366 0.7712
vn 0.1005 -0.7392 0.6659
vn 0.1251 -0.6250 0.7706
vn 0.2702 -0.7203 0.6388
vn 0.3394 -0.5663 0.7511
vn 0.4091 -0.3089 0.8586
vn 0.5897 -0.4580 0.6652
vn 0.6704 -0.1713 0.7219
vn 0.6814 0.1796 0.7096
vn 0.8142 -0.1184 0.5684
vn 0.7420 -0.3760 0.5550
vn 0.8130 -0.4021 0.4211
vn 0.8900 -0.1749 0.4212
vn 0.8005 -0.5321 0.2758
vn 0.9119 -0.3170 0.2607
vn 0.7224 -0.6565 0.2170
vn 0.9025 -0.4140 0.1189
vn 0.6608 -0.7449 0.0922
vn 0.5005 -0.8200 0.2776
vn 0.3647 -0.8961 0.2529
vn 0.2842 -0.9549 0.0863
vn 0.1220 -0.9313 0.3433
vn 0.0205 -0.9616 0.2737
vn 0.0085 -0.9863 0.1646
vn -0.1626 -0.9085 0.3851
vn -0.1347 -0.9319 0.3368
vn -0.0490 -0.9693 0.2411
vn 0.0398 -0.9988 0.0291
vn -0.0059 -0.9922 0.1246
vn 0.0334 -0.9940 -0.1037
vn 0.0002 -0.9981 0.0617
vn 0.0001 -0.9850 -0.1728
vn 0.0005 -0.9954 0.0961
vn -0.0424 -0.9882 -0.1470
vn 0.0283 -0.9799 0.1975
vn -0.0731 -0.9965 -0.0394
vn 0.0980 -0.9511 0.2929
vn -0.0644 -0.9935 0.0939
vn 0.1053 -0.9295 0.3534
vn -0.0969 -0.9702 0.2223
vn -0.0083 -0.9262 0.3768
vn -0.2151 -0.9235 0.3176
vn -0.2061 -0.9297 0.3054
vn -0.4012 -0.8674 0.2944
vn -0.3795 -0.8941 0.2377
vn -0.5585 -0.7878 0.2599
vn -0.4203 -0.8534 0.3081
vn -0.5792 -0.7323 0.3581
vn -0.3665 -0.8502 0.3779
vn -0.5043 -0.7386 0.4474
vn -0.2798 -0.8747 0.3959
vn -0.3830 -0.7875 0.4828
vn -0.1600 -0.8862 0.4349
vn -0.2145 -0.8217 0.5280
vn -0.0636 -0.8777 0.4751
vn -0.0816 -0.8214 0.5644
vn 0.0005 -0.8727 0.4883
vn 0.0002 -0.8171 0.5764
vn 0.0627 -0.8807 0.4695
vn 0.0796 -0.8224 0.5633
vn 0.1559 -0.8880 0.4327
vn 0.2088 -0.8192 0.5342
vn 0.2716 -0.8766 0.3973
vn 0.3779 -0.7844 0.4918
vn 0.4850 -0.6528 0.5819
vn 0.4880 -0.7503 0.4460
vn 0.6253 -0.5906 0.5102
vn 0.5309 -0.7700 0.3539
vn 0.6853 -0.6108 0.3966
vn 0.4763 -0.8414 0.2553
vn 0.6476 -0.7115 0.2728
vn 0.3030 -0.9052 0.2980
vn 0.3021 -0.9259 0.2267
vn 0.1128 -0.9470 0.3007
vn -0.0722 -0.9180 0.3900
vn -0.0735 -0.9545 0.2889
vn -0.2377 -0.8796 0.4121
vn -0.2982 -0.8383 0.4565
vn -0.3963 -0.8151 0.4226
vn -0.4255 -0.7438 0.5155
vn -0.3362 -0.7473 0.5732
vn -0.2399 -0.8529 0.4637
vn -0.1789 -0.8051 0.5655
vn -0.1202 -0.9008 0.4172
vn -0.0597 -0.8697 0.4900
vn -0.0371 -0.9463 0.3210
vn -0.0004 -0.8992 0.4376
vn -0.0003 -0.9651 0.2619
vn 0.0571 -0.8775 0.4762
vn 0.0335 -0.9527 0.3022
vn 0.1675 -0.8198 0.5476
vn 0.1068 -0.9146 0.3899
vn 0.3147 -0.7704 0.5545
vn 0.2142 -0.8740 0.4361
vn 0.3849 -0.7768 0.4984
vn 0.2484 -0.8666 0.4328
vn 0.3269 -0.8459 0.4214
vn 0.1612 -0.8998 0.4055
vn 0.1681 -0.9428 0.2880
vn -0.0152 -0.9530 0.3026
vn -0.0091 -0.9865 0.1633
vn -0.1923 -0.9598 0.2045
vn -0.0845 -0.9804 0.1781
vn -0.2538 -0.9349 0.2480
vn -0.0863 -0.9728 0.2152
vn -0.2289 -0.9253 0.3024
vn -0.0849 -0.9733 0.2131
vn -0.1830 -0.9332 0.3094
vn -0.0628 -0.9678 0.2439
vn -0.1119 -0.9332 0.3415
vn -0.0313 -0.9563 0.2906
vn -0.0479 -0.9214 0.3856
vn 0.0033 -0.9501 0.3119
vn 0.0019 -0.9143 0.4049
vn 0.0360 -0.9559 0.2914
vn 0.0495 -0.9217 0.3848
vn 0.0630 -0.9678 0.2436
vn 0.1068 -0.9349 0.3385
vn 0.0757 -0.9754 0.2072
vn 0.1683 -0.9388 0.3007
vn 0.0582 -0.9777 0.2019
vn 0.1992 -0.9363 0.2892
vn 0.3479 -0.8600 0.3733
vn 0.1997 -0.9512 0.2351
vn 0.3747 -0.8766 0.3020
vn 0.1125 -0.9759 0.1868
vn 0.0268 -0.9865 0.1614
vn -0.0762 -0.9874 0.1387
vn -0.2582 -0.9288 0.2658
vn -0.2643 -0.9610 0.0810
vn -0.4492 -0.8645 0.2254
vn -0.5651 -0.7114 0.4178
vn -0.6501 -0.7398 0.1734
vn -0.7404 -0.5432 0.3958
vn -0.6805 -0.4244 0.5973
vn -0.5569 -0.6093 0.5644
vn -0.5187 -0.3962 0.7576
vn -0.4285 -0.6004 0.6752
vn -0.2859 -0.4686 0.8359
vn -0.2266 -0.6742 0.7029
vn -0.0908 -0.6057 0.7905
vn -0.0762 -0.7629 0.6420
vn -0.0011 -0.6772 0.7358
vn -0.0017 -0.8040 0.5946
vn 0.0824 -0.6355 0.7677
vn 0.0725 -0.7728 0.6305
vn 0.2611 -0.5163 0.8156
vn 0.2161 -0.6953 0.6855
vn 0.4944 -0.4380 0.7508
vn 0.4035 -0.6352 0.6586
vn 0.6587 -0.4616 0.5942
vn 0.5236 -0.6471 0.5542
vn 0.6920 -0.5960 0.4073
vn 0.5054 -0.7521 0.4229
vn 0.5712 -0.7940 0.2082
vn 0.3597 -0.8976 0.2549
vn 0.3863 -0.9213 0.0452
vn 0.1815 -0.9771 0.1111
vn 0.2857 -0.9583 -0.0000
vn 0.0924 -0.9910 0.0973
vn 0.2497 -0.9680 -0.0268
vn 0.0667 -0.9916 0.1112
vn 0.1594 -0.9848 -0.0685
vn 0.0221 -0.9949 0.0981
vn 0.0508 -0.9985 -0.0216
vn -0.0131 -0.9912 0.1320
vn 0.0045 -0.9986 0.0532
vn -0.0153 -0.9830 0.1831
vn 0.0053 -0.9969 0.0783
vn 0.0039 -0.9789 0.2041
vn 0.0050 -0.9988 0.0488
vn 0.0213 -0.9831 0.1818
vn -0.0416 -0.9990 -0.0182
vn 0.0156 -0.9913 0.1304
vn -0.1507 -0.9870 -0.0562
vn -0.0246 -0.9950 0.0972
vn -0.2605 -0.9651 -0.0268
vn -0.0877 -0.9908 0.1027
vn -0.3357 -0.9417 -0.0196
vn -0.1459 -0.9861 0.0792
vn -0.4630 -0.8862 0.0156
vn -0.5406 -0.8304 -0.1351
vn -0.6574 -0.7519 -0.0490
vn -0.7874 -0.6019 0.1332
vn -0.7087 -0.7006 -0.0833
vn -0.7086 -0.6952 0.1211
vn -0.6529 -0.6746 0.3445
vn -0.7986 -0.4822 0.3601
vn -0.5492 -0.6341 0.5443
vn -0.7036 -0.3886 0.5949
vn -0.4125 -0.5757 0.7060
vn -0.5195 -0.3288 0.7886
vn -0.2297 -0.4832 0.8448
vn -0.3010 -0.3205 0.8982
vn -0.0863 -0.4143 0.9060
vn -0.1010 -0.4022 0.9100
vn -0.0003 -0.3949 0.9187
vn -0.0037 -0.4973 0.8676
vn 0.0861 -0.4070 0.9094
vn 0.0961 -0.4379 0.8939
vn 0.2310 -0.4717 0.8510
vn 0.3005 -0.3443 0.8895
vn 0.4154 -0.5585 0.7180
vn 0.5087 -0.3339 0.7936
vn 0.5580 -0.6155 0.5566
vn 0.6945 -0.3791 0.6115
vn 0.6580 -0.6671 0.3493
vn 0.7843 -0.4918 0.3782
vn 0.7038 -0.6969 0.1381
vn 0.7466 -0.6460 0.1591
vn 0.6982 -0.7132 -0.0628
vn 0.6081 -0.7934 -0.0267
vn 0.6346 -0.7456 -0.2034
vn 0.5024 -0.8564 -0.1191
vn 0.5660 -0.7705 -0.2931
vn 0.4651 -0.8623 -0.2003
vn 0.4351 -0.8026 -0.4081
vn 0.3272 -0.8986 -0.2921
vn 0.2150 -0.8578 -0.4668
vn 0.1361 -0.9592 -0.2478
vn 0.0635 -0.9232 -0.3790
vn 0.0316 -0.9910 -0.1304
vn 0.0099 -0.9460 -0.3241
vn 0.0072 -0.9963 -0.0852
vn -0.0467 -0.9147 -0.4015
vn -0.0184 -0.9892 -0.1451
vn -0.2235 -0.8313 -0.5089
vn -0.1288 -0.9572 -0.2592
vn -0.4668 -0.7655 -0.4429
vn -0.3372 -0.8934 -0.2970
vn -0.6013 -0.7342 -0.3152
vn -0.4785 -0.8539 -0.2047
vn -0.6588 -0.7207 -0.2156
vn -0.4672 -0.8616 -0.1986
vn -0.5342 -0.8335 -0.1413
vn -0.5373 -0.8427 -0.0360
vn -0.3103 -0.9502 -0.0275
vn -0.3369 -0.9414 0.0165
vn -0.3515 -0.9251 0.1435
vn -0.4962 -0.8557 0.1469
vn -0.3500 -0.8871 0.3010
vn -0.4256 -0.8433 0.3282
vn -0.3244 -0.8484 0.4183
vn -0.3633 -0.8138 0.4536
vn -0.2490 -0.8208 0.5141
vn -0.2823 -0.7821 0.5555
vn -0.1421 -0.7944 0.5906
vn -0.1602 -0.7184 0.6769
vn -0.0543 -0.7696 0.6362
vn -0.0592 -0.6268 0.7769
vn -0.0012 -0.7618 0.6479
vn -0.0005 -0.5799 0.8147
vn 0.0522 -0.7696 0.6364
vn 0.0597 -0.6140 0.7870
vn 0.1430 -0.7938 0.5912
vn 0.1678 -0.7034 0.6907
vn 0.2547 -0.8208 0.5112
vn 0.2887 -0.7748 0.5624
vn 0.3287 -0.8492 0.4133
vn 0.3632 -0.8162 0.4493
vn 0.3533 -0.8862 0.2996
vn 0.4277 -0.8432 0.3255
vn 0.3407 -0.9274 0.1545
vn 0.4968 -0.8543 0.1530
vn 0.3132 -0.9494 0.0230
vn 0.5258 -0.8501 -0.0299
vn 0.2899 -0.9568 -0.0219
vn 0.5094 -0.8503 -0.1324
vn 0.2417 -0.9695 -0.0399
vn 0.4309 -0.8852 -0.1752
vn 0.1607 -0.9822 -0.0974
vn 0.3140 -0.9079 -0.2776
vn 0.0857 -0.9780 -0.1900
vn 0.1793 -0.8959 -0.4065
vn 0.0438 -0.9579 -0.2836
vn 0.0642 -0.8854 -0.4603
vn 0.0156 -0.9435 -0.3310
vn 0.0130 -0.8841 -0.4671
vn -0.0133 -0.9555 -0.2946
vn -0.0429 -0.8748 -0.4826
vn -0.0639 -0.9776 -0.2004
vn -0.1766 -0.8820 -0.4369
vn -0.1578 -0.9824 -0.1002
vn -0.3387 -0.8888 -0.3088
vn -0.2526 -0.9664 -0.0471
vn -0.1262 -0.9889 -0.0790
vn -0.1941 -0.9802 -0.0389
vn -0.2388 -0.9709 -0.0160
vn -0.1521 -0.9878 -0.0339
vn -0.1800 -0.9836 -0.0079
vn -0.1910 -0.9812 0.0276
vn -0.2641 -0.9642 0.0238
vn -0.1914 -0.9766 0.0979
vn -0.2802 -0.9523 0.1211
vn -0.1781 -0.9660 0.1873
vn -0.2787 -0.9284 0.2458
vn -0.1500 -0.9520 0.2667
vn -0.2498 -0.9024 0.3511
vn -0.1103 -0.9378 0.3291
vn -0.1897 -0.8803 0.4349
vn -0.0670 -0.9250 0.3739
vn -0.1134 -0.8601 0.4973
vn -0.0294 -0.9154 0.4014
vn -0.0486 -0.8457 0.5314
vn 0.0014 -0.9128 0.4085
vn 0.0001 -0.8412 0.5407
vn 0.0327 -0.9167 0.3982
vn 0.0489 -0.8459 0.5311
vn 0.0738 -0.9260 0.3702
vn 0.1170 -0.8606 0.4957
vn 0.1240 -0.9383 0.3228
vn 0.1995 -0.8804 0.4303
vn 0.1681 -0.9513 0.2584
vn 0.2622 -0.9015 0.3444
vn 0.1981 -0.9635 0.1802
vn 0.2897 -0.9261 0.2415
vn 0.2138 -0.9728 0.0894
vn 0.2888 -0.9500 0.1189
vn 0.2152 -0.9764 0.0169
vn 0.2692 -0.9629 0.0190
vn 0.2024 -0.9792 -0.0165
vn 0.2446 -0.9695 -0.0179
vn 0.1733 -0.9842 -0.0373
vn 0.2028 -0.9785 -0.0364
vn 0.1283 -0.9893 -0.0695
vn 0.1408 -0.9871 -0.0759
vn 0.0824 -0.9912 -0.1034
vn 0.0826 -0.9894 -0.1195
vn 0.0450 -0.9909 -0.1268
vn 0.0438 -0.9877 -0.1501
vn 0.0171 -0.9908 -0.1344
vn 0.0167 -0.9865 -0.1626
vn -0.0105 -0.9918 -0.1272
vn -0.0101 -0.9880 -0.1542
vn -0.0510 -0.9934 -0.1032
vn -0.0565 -0.9907 -0.1240
vn -0.1042 -0.9922 -0.0679
vn -0.0396 -0.9961 -0.0785
vn -0.0816 -0.9955 -0.0487
vn -0.1195 -0.9926 -0.0197
vn -0.0639 -0.9975 -0.0314
vn -0.0922 -0.9957 -0.0052
vn -0.1074 -0.9941 0.0132
vn -0.1401 -0.9901 0.0027
vn -0.1113 -0.9931 0.0368
vn -0.1442 -0.9890 0.0314
vn -0.1021 -0.9914 0.0817
vn -0.1357 -0.9871 0.0854
vn -0.0828 -0.9868 0.1389
vn -0.1178 -0.9808 0.1554
vn -0.0595 -0.9795 0.1923
vn -0.0911 -0.9717 0.2179
vn -0.0364 -0.9721 0.2318
vn -0.0611 -0.9623 0.2649
vn -0.0182 -0.9663 0.2568
vn -0.0348 -0.9537 0.2987
vn -0.0070 -0.9625 0.2713
vn -0.0146 -0.9473 0.3200
vn 0.0006 -0.9615 0.2749
vn 0.0011 -0.9455 0.3256
vn 0.0109 -0.9632 0.2685
vn 0.0181 -0.9486 0.3160
vn 0.0273 -0.9676 0.2509
vn 0.0430 -0.9552 0.2928
vn 0.0512 -0.9744 0.2188
vn 0.0764 -0.9636 0.2561
vn 0.0750 -0.9808 0.1799
vn 0.1099 -0.9719 0.2081
vn 0.0992 -0.9867 0.1290
vn 0.1385 -0.9794 0.1466
vn 0.1211 -0.9901 0.0706
vn 0.1590 -0.9843 0.0761
vn 0.1362 -0.9903 0.0267
vn 0.1689 -0.9854 0.0199
vn 0.1392 -0.9903 -0.0004
vn 0.1663 -0.9860 -0.0089
vn 0.1224 -0.9923 -0.0170
vn 0.1461 -0.9889 -0.0283
vn 0.0951 -0.9947 -0.0393
vn 0.1117 -0.9922 -0.0560
vn 0.0637 -0.9960 -0.0629
vn 0.0745 -0.9936 -0.0854
vn 0.0363 -0.9965 -0.0759
vn 0.0421 -0.9937 -0.1040
vn 0.0158 -0.9968 -0.0786
vn 0.0167 -0.9939 -0.1086
vn -0.0032 -0.9975 -0.0706
vn -0.0070 -0.9951 -0.0991
vn -0.0295 -0.9980 -0.0554
vn 0.0046 -0.9995 -0.0317
vn -0.0172 -0.9993 -0.0330
vn -0.0480 -0.9988 -0.0131
vn 0.0977 -0.9776 0.1865
vn 0.0870 -0.9869 0.1360
vn 0.0644 -0.9932 0.0966
vn -0.0647 -0.9978 0.0118
vn 0.0383 -0.9972 0.0640
vn -0.0691 -0.9973 0.0265
vn 0.0055 -0.9988 0.0482
vn -0.0713 -0.9966 0.0423
vn -0.0188 -0.9974 0.0698
vn -0.0701 -0.9944 0.0790
vn -0.0164 -0.9934 0.1133
vn -0.0547 -0.9904 0.1272
vn 0.0170 -0.9903 0.1377
vn -0.0322 -0.9849 0.1700
vn 0.0535 -0.9900 0.1308
vn -0.0130 -0.9793 0.2019
vn 0.0599 -0.9930 0.1018
vn -0.0006 -0.9762 0.2168
vn 0.0258 -0.9957 0.0893
vn 0.0009 -0.9743 0.2250
vn -0.0039 -0.9946 0.1035
vn -0.0001 -0.9736 0.2283
vn -0.0230 -0.9929 0.1163
vn 0.0023 -0.9746 0.2238
vn -0.0328 -0.9911 0.1288
vn 0.0115 -0.9770 0.2128
vn -0.0128 -0.9916 0.1289
vn 0.0286 -0.9825 0.1839
vn -0.0101 -0.9938 0.1103
vn 0.0403 -0.9876 0.1515
vn -0.0336 -0.9971 0.0684
vn 0.0560 -0.9923 0.1108
vn -0.0446 -0.9978 0.0500
vn 0.0767 -0.9949 0.0658
vn -0.0290 -0.9980 0.0568
vn 0.0957 -0.9947 0.0366
vn -0.0505 -0.9968 0.0624
vn 0.1063 -0.9943 0.0113
vn -0.0957 -0.9878 0.1228
vn 0.0960 -0.9954 -0.0029
vn -0.1067 -0.9762 0.1889
vn 0.0781 -0.9968 -0.0195
vn -0.1007 -0.9678 0.2308
vn 0.0466 -0.9984 -0.0335
vn -0.0547 -0.9575 0.2832
vn 0.0233 -0.9994 -0.0263
vn 0.0141 -0.9594 0.2817
vn 0.0148 -0.9996 -0.0226
vn 0.0662 -0.9675 0.2442
vn 0.0067 -0.5416 0.8406
vn 0.1728 -0.5914 0.7876
vn 0.3485 -0.6370 0.6876
vn 0.2055 -0.0804 0.9753
vn 0.4389 -0.1202 0.8904
vn 0.6623 -0.1248 0.7388
vn 0.4835 -0.6781 0.5535
vn 0.8221 -0.1371 0.5525
vn 0.5488 -0.7328 0.4023
vn 0.9302 -0.1801 0.3199
vn 0.5565 -0.7985 0.2295
vn 0.9682 -0.2383 0.0764
vn 0.5005 -0.8627 0.0725
vn 0.9393 -0.3217 -0.1196
vn 0.4079 -0.9130 -0.0043
vn 0.8606 -0.4129 -0.2980
vn 0.3373 -0.9408 -0.0330
vn 0.7592 -0.4520 -0.4683
vn 0.3079 -0.9490 -0.0673
vn 0.6451 -0.4466 -0.6200
vn 0.3050 -0.9416 -0.1427
vn 0.4687 -0.4413 -0.7652
vn 0.2602 -0.9253 -0.2759
vn 0.2034 -0.3963 -0.8953
vn 0.1171 -0.9113 -0.3947
vn -0.0303 -0.3405 -0.9398
vn -0.0221 -0.9181 -0.3958
vn -0.2329 -0.3544 -0.9056
vn -0.1304 -0.9301 -0.3435
vn -0.4581 -0.3784 -0.8044
vn -0.2424 -0.9315 -0.2711
vn -0.6196 -0.3813 -0.6861
vn -0.3026 -0.9250 -0.2299
vn -0.7732 -0.3806 -0.5072
vn -0.3634 -0.9173 -0.1631
vn -0.8810 -0.3469 -0.3216
vn -0.4376 -0.8921 -0.1121
vn -0.9455 -0.2950 -0.1378
vn -0.4917 -0.8704 -0.0252
vn -0.9740 -0.2074 0.0913
vn -0.5510 -0.8292 0.0941
vn -0.9401 -0.1451 0.3086
vn -0.5978 -0.7700 0.2229
vn -0.8338 -0.0891 0.5449
vn -0.5968 -0.6775 0.4300
vn -0.6620 -0.0261 0.7491
vn -0.5199 -0.5807 0.6265
vn -0.4495 -0.0069 0.8933
vn -0.3821 -0.5286 0.7580
vn -0.2143 -0.0197 0.9766
vn -0.1897 -0.5143 0.8364
vn -0.0005 -0.0393 0.9992
vn -0.2043 0.0648 0.9768
vn 0.0004 0.0583 0.9983
vn 0.1998 0.0564 0.9782
vn -0.0006 0.0628 0.9980
vn 0.1940 0.0715 0.9784
vn 0.4228 0.0890 0.9018
vn 0.4327 0.0492 0.9002
vn 0.6479 0.1064 0.7543
vn 0.6584 0.0545 0.7507
vn 0.8250 0.1171 0.5529
vn 0.8315 0.0644 0.5518
vn 0.9390 0.1207 0.3219
vn 0.9453 0.0704 0.3184
vn 0.9896 0.1213 0.0778
vn 0.9940 0.0854 0.0689
vn 0.9804 0.1206 -0.1556
vn 0.9839 0.0843 -0.1574
vn 0.9229 0.1212 -0.3655
vn 0.9274 0.0641 -0.3686
vn 0.8119 0.1231 -0.5707
vn 0.8110 0.0678 -0.5811
vn 0.6439 0.1208 -0.7555
vn 0.6541 0.0613 -0.7539
vn 0.4369 0.1070 -0.8931
vn 0.4605 0.0077 -0.8876
vn 0.2115 0.0919 -0.9730
vn 0.2128 0.0027 -0.9771
vn -0.0052 0.0904 -0.9959
vn -0.0129 0.0572 -0.9983
vn -0.2211 0.0990 -0.9702
vn -0.2210 0.0769 -0.9722
vn -0.4477 0.1103 -0.8874
vn -0.4537 0.0638 -0.8889
vn -0.6534 0.1125 -0.7486
vn -0.6497 0.0326 -0.7595
vn -0.8152 0.1084 -0.5690
vn -0.8199 0.0143 -0.5723
vn -0.9241 0.1107 -0.3659
vn -0.9297 0.0523 -0.3645
vn -0.9812 0.1136 -0.1557
vn -0.9837 0.0757 -0.1632
vn -0.9901 0.1209 0.0708
vn -0.9933 0.0935 0.0678
vn -0.9417 0.1283 0.3109
vn -0.9460 0.1124 0.3040
vn -0.8287 0.1259 0.5453
vn -0.8350 0.1120 0.5387
vn -0.6492 0.1135 0.7521
vn -0.6574 0.1030 0.7465
vn -0.4252 0.0921 0.9004
vn -0.4360 0.0847 0.8960
vn -0.1967 0.0707 0.9779
vn -0.4122 0.0888 0.9068
vn -0.1881 0.0678 0.9798
vn -0.0022 0.0598 0.9982
vn -0.1870 0.0222 0.9821
vn -0.0041 0.0184 0.9998
vn 0.1810 0.0235 0.9832
vn 0.1842 0.0707 0.9803
vn 0.4064 0.0319 0.9131
vn 0.4092 0.0918 0.9078
vn 0.6327 0.0368 0.7735
vn 0.6384 0.1072 0.7622
vn 0.8161 0.0387 0.5766
vn 0.8211 0.1122 0.5596
vn 0.9360 0.0394 0.3498
vn 0.9376 0.1100 0.3298
vn 0.9934 0.0409 0.1072
vn 0.9906 0.1050 0.0878
vn 0.9905 0.0453 -0.1297
vn 0.9838 0.1043 -0.1457
vn 0.9364 0.0528 -0.3469
vn 0.9281 0.1087 -0.3561
vn 0.8277 0.0605 -0.5580
vn 0.8185 0.1140 -0.5631
vn 0.6542 0.0647 -0.7535
vn 0.6468 0.1157 -0.7538
vn 0.4313 0.0614 -0.9001
vn 0.4313 0.1064 -0.8959
vn 0.2023 0.0544 -0.9778
vn 0.2066 0.0888 -0.9744
vn -0.0072 0.0518 -0.9986
vn -0.0057 0.0796 -0.9968
vn -0.2186 0.0572 -0.9741
vn -0.2182 0.0889 -0.9719
vn -0.4486 0.0657 -0.8913
vn -0.4437 0.1074 -0.8897
vn -0.6661 0.0678 -0.7428
vn -0.6561 0.1178 -0.7454
vn -0.8327 0.0604 -0.5505
vn -0.8205 0.1125 -0.5605
vn -0.9381 0.0500 -0.3428
vn -0.9290 0.1026 -0.3556
vn -0.9912 0.0425 -0.1250
vn -0.9846 0.0994 -0.1441
vn -0.9932 0.0375 0.1102
vn -0.9912 0.1027 0.0840
vn -0.9352 0.0342 0.3525
vn -0.9397 0.1075 0.3246
vn -0.8143 0.0337 0.5794
vn -0.8225 0.1096 0.5581
vn -0.6324 0.0339 0.7739
vn -0.6406 0.1052 0.7606
vn -0.4085 0.0286 0.9123
vn -0.6130 -0.0282 0.7896
vn -0.3972 -0.0371 0.9170
vn -0.1880 -0.0366 0.9815
vn -0.3746 -0.0724 0.9243
vn -0.1835 -0.1025 0.9777
vn -0.0076 -0.1186 0.9929
vn -0.0052 -0.0342 0.9994
vn 0.1688 -0.1046 0.9801
vn 0.1790 -0.0361 0.9832
vn 0.3639 -0.0743 0.9285
vn 0.3916 -0.0367 0.9194
vn 0.5788 -0.0394 0.8145
vn 0.6134 -0.0275 0.7893
vn 0.7718 -0.0074 0.6358
vn 0.7988 -0.0113 0.6015
vn 0.9131 0.0143 0.4075
vn 0.9269 0.0053 0.3754
vn 0.9882 0.0254 0.1510
vn 0.9918 0.0173 0.1267
vn 0.9947 0.0276 -0.0987
vn 0.9929 0.0231 -0.1171
vn 0.9429 0.0237 -0.3322
vn 0.9390 0.0239 -0.3430
vn 0.8317 0.0127 -0.5551
vn 0.8290 0.0215 -0.5589
vn 0.6487 -0.0088 -0.7610
vn 0.6519 0.0174 -0.7581
vn 0.4082 -0.0393 -0.9120
vn 0.4230 0.0134 -0.9061
vn 0.1724 -0.0674 -0.9827
vn 0.1925 0.0109 -0.9812
vn -0.0192 -0.0773 -0.9968
vn -0.0113 0.0109 -0.9999
vn -0.2161 -0.0624 -0.9744
vn -0.2172 0.0122 -0.9761
vn -0.4524 -0.0324 -0.8912
vn -0.4491 0.0151 -0.8933
vn -0.6795 -0.0041 -0.7336
vn -0.6707 0.0187 -0.7415
vn -0.8473 0.0148 -0.5309
vn -0.8385 0.0220 -0.5445
vn -0.9488 0.0244 -0.3150
vn -0.9428 0.0239 -0.3326
vn -0.9960 0.0280 -0.0852
vn -0.9939 0.0225 -0.1077
vn -0.9862 0.0257 0.1633
vn -0.9904 0.0157 0.1370
vn -0.9110 0.0150 0.4121
vn -0.9240 0.0033 0.3825
vn -0.7725 -0.0063 0.6349
vn -0.7952 -0.0126 0.6062
vn -0.5828 -0.0382 0.8118
vn -0.7566 -0.0627 0.6509
vn -0.5504 -0.0941 0.8295
vn -0.3394 -0.1191 0.9331
vn -0.5067 -0.0503 0.8606
vn -0.3216 -0.0812 0.9434
vn -0.1531 -0.0584 0.9865
vn -0.1578 -0.1299 0.9789
vn -0.0083 -0.0364 0.9993
vn -0.0071 -0.1307 0.9914
vn 0.1381 -0.0621 0.9885
vn 0.1396 -0.1285 0.9818
vn 0.3036 -0.1029 0.9472
vn 0.3221 -0.1177 0.9394
vn 0.4996 -0.1011 0.8604
vn 0.5380 -0.0937 0.8377
vn 0.7167 -0.0481 0.6957
vn 0.7466 -0.0631 0.6622
vn 0.8901 0.0120 0.4556
vn 0.9037 -0.0385 0.4265
vn 0.9802 0.0465 0.1927
vn 0.9850 -0.0272 0.1701
vn 0.9971 0.0589 -0.0475
vn 0.9973 -0.0221 -0.0706
vn 0.9604 0.0677 -0.2703
vn 0.9548 -0.0209 -0.2965
vn 0.8755 0.0944 -0.4738
vn 0.8557 -0.0273 -0.5168
vn 0.6774 -0.0525 -0.7338
vn 0.4185 -0.0944 -0.9033
vn 0.1714 -0.0515 -0.9839
vn 0.1631 -0.1252 -0.9786
vn -0.0487 -0.0626 -0.9969
vn -0.0294 -0.1326 -0.9907
vn -0.2343 -0.1183 -0.9649
vn -0.4902 -0.0828 -0.8677
vn -0.7211 -0.0454 -0.6913
vn -0.8775 0.1398 -0.4588
vn -0.8743 -0.0261 -0.4847
vn -0.9558 0.1271 -0.2653
vn -0.9608 -0.0210 -0.2764
vn -0.9911 0.1258 -0.0447
vn -0.9981 -0.0223 -0.0577
vn -0.9727 0.1227 0.1968
vn -0.9836 -0.0273 0.1783
vn -0.8872 0.0977 0.4509
vn -0.9056 -0.0379 0.4223
vn -0.7159 0.0308 0.6975
vn -0.6503 0.7320 0.2033
vn -0.6833 0.7256 -0.0811
vn -0.2362 0.9637 -0.1243
vn -0.1925 0.9740 0.1191
vn -0.2578 0.9541 -0.1525
vn -0.2466 0.9658 0.0805
vn -0.2308 0.9093 0.3462
vn -0.2224 0.7857 0.5772
vn -0.2150 0.9747 0.0610
vn -0.2123 0.9388 0.2712
vn -0.1974 0.8609 0.4689
vn -0.1743 0.7576 0.6291
vn -0.2201 0.6614 0.7171
vn -0.0783 0.9770 0.1986
vn -0.0703 0.9244 0.3750
vn -0.0723 0.8226 0.5640
vn -0.0777 0.6538 0.7527
vn -0.1605 0.6071 0.7782
vn -0.1765 0.9295 0.3238
vn -0.2128 0.8215 0.5290
vn -0.2437 0.6535 0.7166
vn -0.2598 0.4346 0.8623
vn -0.0835 0.4295 0.8992
vn -0.1478 0.8163 0.5584
vn -0.1836 0.6369 0.7487
vn -0.2142 0.4191 0.8823
vn -0.2179 0.1742 0.9603
vn -0.2557 0.1415 0.9563
vn 0.1210 0.6395 0.7592
vn 0.1364 0.4262 0.8943
vn 0.1418 0.2108 0.9672
vn 0.1380 -0.0496 0.9892
vn -0.1814 -0.1366 0.9739
vn 0.1879 0.4691 0.8629
vn 0.2239 0.2210 0.9492
vn 0.2285 -0.0467 0.9724
vn 0.2175 -0.2903 0.9319
vn 0.1564 -0.3263 0.9322
vn 0.0007 0.2497 0.9683
vn 0.0143 -0.0355 0.9993
vn 0.0185 -0.2942 0.9556
vn 0.0078 -0.5053 0.8629
vn 0.2051 -0.4889 0.8479
vn -0.1338 0.0046 0.9910
vn -0.1330 -0.2760 0.9519
vn -0.1360 -0.5193 0.8437
vn -0.1445 -0.7040 0.6953
vn -0.0149 -0.6829 0.7303
vn 0.0460 -0.2423 0.9691
vn 0.0445 -0.5269 0.8488
vn 0.0409 -0.7414 0.6698
vn 0.0213 -0.8935 0.4486
vn -0.1540 -0.8402 0.5199
vn 0.6107 -0.4366 0.6606
vn 0.5175 -0.7301 0.4463
vn 0.3475 -0.9145 0.2070
vn 0.7161 -0.6662 0.2082
vn 0.3835 -0.9228 0.0384
vn 0.6866 -0.6473 0.3310
vn 0.3193 -0.9352 0.1530
vn -0.0550 -0.9985 -0.0028
vn 0.2647 -0.9019 0.3415
vn -0.0968 -0.9891 0.1112
vn 0.2296 -0.8360 0.4984
vn -0.1388 -0.9572 0.2541
vn -0.4748 -0.8794 0.0354
vn -0.7826 -0.6068 -0.1386
vn -0.2090 -0.8672 0.4520
vn 0.1577 -0.6947 0.7018
vn -0.9771 -0.0440 -0.2082
vn -0.7636 0.6402 -0.0838
vn -0.2855 0.9470 0.1471
vn -0.1814 0.9433 0.2780
vn 0.1886 0.9027 0.3867
vn 0.3696 0.8428 0.3913
vn 0.0743 0.9426 0.3256
vn 0.3272 0.8101 0.4866
vn 0.4498 0.7504 0.4844
vn 0.2470 0.8175 0.5203
vn 0.1647 0.6984 0.6965
vn 0.6702 0.4264 0.6074
vn 0.8373 0.3069 0.4525
vn 0.6336 0.6486 0.4218
vn 0.8797 0.1540 0.4499
vn 0.7312 0.4901 0.4745
vn 0.5230 0.7185 0.4584
vn 0.5347 0.2620 0.8034
vn 0.4213 0.5383 0.7299
vn 0.0272 0.0597 0.9978
vn 0.0183 0.3524 0.9357
vn -0.0049 0.5861 0.8102
vn -0.1330 0.2869 0.9487
vn -0.1297 0.5310 0.8374
vn -0.1263 0.7206 0.6817
vn -0.0221 0.7563 0.6539
vn -0.1239 0.8472 0.5166
vn -0.0400 0.8696 0.4921
vn -0.1230 0.9239 0.3622
vn -0.0564 0.9363 0.3465
vn 0.1215 0.9506 0.2857
vn -0.0716 0.9762 0.2048
vn 0.0871 0.9794 0.1821
vn 0.0901 0.9816 0.1682
vn 0.1081 0.9597 0.2596
vn -0.0126 0.9886 0.1498
vn 0.0125 0.9608 0.2768
vn 0.0155 0.8840 0.4673
vn -0.0258 0.9619 0.2722
vn 0.0165 0.8302 0.5572
vn 0.0188 0.5298 0.8479
vn -0.0399 0.0336 0.9986
vn -0.0122 0.7851 0.6192
vn 0.0360 0.4097 0.9115
vn 0.0411 -0.1206 0.9919
vn 0.0094 -0.6035 0.7973
vn -0.1187 -0.4931 0.8619
vn -0.0550 0.2950 0.9539
vn -0.0615 -0.2402 0.9688
vn -0.0895 -0.6752 0.7322
vn -0.1047 -0.9301 0.3520
vn -0.0265 -0.9116 0.4101
vn -0.3282 -0.3362 0.8827
vn -0.3035 0.1849 0.9347
vn -0.6337 0.0745 0.7700
vn -0.6132 -0.4104 0.6750
vn -0.8573 0.0662 0.5106
vn -0.7780 -0.4478 0.4407
vn -0.9652 0.1405 0.2205
vn -0.8588 -0.4748 0.1926
vn -0.5809 -0.8058 0.1150
vn -0.8730 -0.4703 -0.1288
vn -0.5596 -0.8200 -0.1203
vn -0.2800 -0.9544 -0.1036
vn -0.3064 -0.9498 0.0638
vn -0.1162 -0.9896 -0.0843
vn -0.1389 -0.9902 0.0160
vn -0.0668 -0.9952 -0.0712
vn -0.0751 -0.9970 -0.0183
vn -0.0928 -0.9938 0.0615
vn -0.0679 -0.9973 -0.0266
vn -0.0549 -0.9955 0.0778
vn -0.2028 -0.9792 -0.0077
vn -0.1720 -0.9762 0.1324
vn -0.1504 -0.8609 0.4861
vn -0.3161 -0.9485 -0.0183
vn -0.2950 -0.9535 -0.0620
vn -0.2195 -0.9743 -0.0500
vn -0.2264 -0.9719 -0.0638
vn -0.2725 -0.9583 -0.0860
vn -0.0744 -0.9951 -0.0649
vn -0.0892 -0.9909 -0.1011
vn -0.2032 -0.9791 -0.0032
vn -0.0762 -0.9882 -0.1328
vn -0.1207 -0.9792 -0.1628
vn -0.2682 -0.9407 -0.2079
vn -0.3110 -0.9334 -0.1789
vn -0.5320 -0.7556 -0.3821
vn -0.4275 -0.6975 -0.5751
vn -0.3010 -0.9187 -0.2558
vn -0.5288 -0.7974 -0.2907
vn -0.8180 -0.3999 -0.4134
vn -0.7265 -0.2589 -0.6366
vn -0.6422 0.4005 -0.6536
vn -0.3924 0.4776 -0.7861
vn -0.4959 -0.1363 -0.8576
vn -0.8564 0.3079 -0.4144
vn -0.5404 0.8108 -0.2248
vn -0.4114 0.7937 -0.4481
vn -0.9700 0.2182 -0.1069
vn -0.6070 0.7937 -0.0409
vn -0.2719 0.9623 -0.0051
vn -0.6630 0.7370 0.1309
vn -0.2948 0.9553 0.0229
vn -0.1596 0.9868 -0.0257
vn -0.1557 0.9877 0.0141
vn -0.1827 0.9826 0.0330
vn -0.1670 0.9858 -0.0176
vn -0.1474 0.9882 0.0426
vn -0.1261 0.9905 0.0554
vn -0.1534 0.9880 0.0176
vn -0.1567 0.9871 0.0319
vn -0.0971 0.9944 0.0421
vn -0.0959 0.9953 -0.0115
vn -0.0859 0.9881 -0.1280
vn -0.1438 0.9882 -0.0519
vn -0.0804 0.9579 -0.2758
vn -0.1235 0.9701 -0.2090
vn -0.0782 0.9006 -0.4274
vn -0.1150 0.9168 -0.3824
vn -0.0754 0.7787 -0.6228
vn -0.1380 0.7952 -0.5905
vn -0.2547 0.7876 -0.5611
vn -0.1837 0.5135 -0.8382
vn -0.0758 0.5089 -0.8575
vn -0.0808 0.0448 -0.9957
vn -0.2221 -0.0357 -0.9744
vn -0.0914 -0.4377 -0.8945
vn -0.2153 -0.5761 -0.7885
vn -0.1119 -0.7724 -0.6252
vn -0.1849 -0.8709 -0.4554
vn -0.1346 -0.9489 -0.2855
vn -0.0523 -0.6673 -0.7430
vn -0.1082 -0.8752 -0.4716
vn -0.1706 -0.9551 -0.2422
vn -0.1615 -0.9864 -0.0312
vn -0.2318 -0.9646 -0.1256
vn -0.0605 -0.9010 -0.4295
vn -0.0953 -0.9560 -0.2775
vn -0.1253 -0.9756 -0.1803
vn -0.0293 -0.9352 -0.3529
vn -0.0207 -0.9709 -0.2388
vn -0.1272 -0.9185 -0.3744
vn -0.1049 -0.9668 -0.2331
vn -0.2038 -0.9036 -0.3769
vn -0.1908 -0.9571 -0.2183
vn -0.1797 -0.9828 -0.0434
vn -0.1505 -0.9638 -0.2203
vn -0.1279 -0.9912 -0.0344
vn -0.1036 -0.9820 0.1577
vn -0.1714 -0.9759 0.1350
vn -0.0742 -0.9261 0.3699
vn -0.1630 -0.9320 0.3238
vn -0.0435 -0.8235 0.5656
vn 0.0952 -0.9085 0.4069
vn 0.1515 -0.7892 0.5952
vn 0.1889 -0.6521 0.7342
vn 0.1765 -0.7528 0.6341
vn 0.1852 -0.6553 0.7323
vn 0.1738 -0.5349 0.8268
vn -0.0552 -0.6817 0.7295
vn -0.0743 -0.6061 0.7919
vn -0.1178 -0.4330 0.8936
vn -0.1661 -0.6109 0.7741
vn -0.1825 -0.4755 0.8606
vn -0.2242 -0.2045 0.9528
vn -0.1184 -0.4149 0.9021
vn -0.1008 -0.1817 0.9782
vn -0.0894 0.1379 0.9864
vn -0.1530 -0.1215 0.9807
vn -0.1527 0.1569 0.9757
vn -0.1528 0.4088 0.8997
vn -0.2587 0.1820 0.9487
vn -0.2372 0.3998 0.8854
vn -0.2255 0.5450 0.8076
vn -0.1405 0.3851 0.9121
vn -0.0986 0.4931 0.8644
vn -0.1450 0.3362 0.9306
vn -0.0885 0.4382 0.8945
vn -0.1349 0.3544 0.9253
vn -0.1105 0.4555 0.8834
vn -0.0102 0.2363 0.9716
vn 0.0156 0.3729 0.9277
vn -0.0249 0.3829 0.9235
vn -0.1493 0.4571 0.8768
vn -0.1273 0.1633 0.9783
vn -0.2642 0.2088 0.9416
vn -0.0068 0.3408 0.9401
vn -0.0038 0.1289 0.9916
vn 0.0225 0.3701 0.9287
vn 0.1247 0.1434 0.9818
vn 0.1523 0.4389 0.8855
vn 0.2609 0.1656 0.9511
vn 0.3877 0.1875 0.9025
vn 0.5632 0.2911 0.7734
vn 0.7368 0.4275 0.5237
vn 0.3199 0.9347 0.1551
vn 0.8320 0.5103 0.2175
vn 0.3394 0.9347 -0.1057
vn 0.8481 0.5257 -0.0656
vn 0.3085 0.8797 -0.3619
vn 0.7847 0.5231 -0.3326
vn 0.2519 0.7778 -0.5758
vn 0.6616 0.5155 -0.5445
vn 0.2314 0.8983 -0.3736
vn 0.2598 0.7749 -0.5762
vn 0.2800 0.6095 -0.7417
vn 0.2963 0.3839 -0.8746
vn 0.2693 0.7694 -0.5792
vn 0.2604 0.6314 -0.7304
vn 0.2534 0.4159 -0.8734
vn 0.2452 0.1272 -0.9611
vn 0.3186 0.1047 -0.9421
vn 0.1511 0.6560 -0.7395
vn 0.1521 0.4301 -0.8899
vn 0.1460 0.1403 -0.9793
vn 0.1304 -0.1565 -0.9790
vn 0.2281 -0.1812 -0.9566
vn 0.1627 0.4361 -0.8851
vn 0.1534 0.1568 -0.9756
vn 0.1391 -0.1370 -0.9808
vn 0.1233 -0.3991 -0.9086
vn 0.1082 -0.4218 -0.9002
vn 0.0530 0.2033 -0.9777
vn 0.0494 -0.1105 -0.9926
vn 0.0621 -0.3940 -0.9170
vn 0.0872 -0.6004 -0.7950
vn 0.1059 -0.6070 -0.7876
vn -0.1179 -0.0916 -0.9888
vn -0.0926 -0.4025 -0.9107
vn -0.0662 -0.6228 -0.7796
vn -0.0386 -0.7671 -0.6404
vn 0.1133 -0.7464 -0.6558
vn -0.0608 -0.3896 -0.9190
vn -0.0587 -0.6086 -0.7913
vn -0.0625 -0.7662 -0.6396
vn -0.0671 -0.8810 -0.4683
vn -0.0072 -0.8724 -0.4888
vn 0.1232 -0.5942 -0.7948
vn 0.1195 -0.7614 -0.6371
vn 0.1080 -0.8818 -0.4591
vn 0.0884 -0.9573 -0.2754
vn -0.0726 -0.9557 -0.2853
vn 0.2058 -0.7659 -0.6091
vn 0.1886 -0.8753 -0.4454
vn 0.1714 -0.9470 -0.2718
vn 0.1531 -0.9845 -0.0860
vn 0.0582 -0.9952 -0.0789
vn 0.1998 -0.8779 -0.4351
vn 0.1857 -0.9468 -0.2630
vn 0.1771 -0.9810 -0.0789
vn 0.1731 -0.9774 0.1211
vn 0.1331 -0.9825 0.1307
vn 0.0854 -0.9623 -0.2583
vn 0.0544 -0.9934 -0.1011
vn 0.0192 -0.9694 -0.2447
vn -0.0020 -0.9887 -0.1497
vn 0.1300 -0.9744 -0.1832
vn 0.1506 -0.9802 -0.1283
vn 0.1787 -0.9792 -0.0963
vn 0.2777 -0.9591 -0.0553
vn 0.2943 -0.9552 -0.0302
vn 0.2129 -0.9758 -0.0494
vn 0.1953 -0.9807 -0.0129
vn 0.0824 -0.9932 -0.0825
vn 0.0790 -0.9968 -0.0134
vn 0.0840 -0.9851 0.1502
vn 0.0782 -0.8166 0.5718
vn 0.0916 -0.9957 0.0122
vn 0.1351 -0.9772 0.1638
vn 0.1822 -0.8265 0.5327
vn 0.1932 -0.3604 0.9126
vn 0.0467 -0.3388 0.9397
vn 0.0162 0.2527 0.9674
vn -0.0159 0.2810 0.9596
vn 0.1841 0.2589 0.9482
vn 0.1685 0.7419 0.6490
vn 0.0240 0.7294 0.6837
vn 0.3508 0.2770 0.8946
vn 0.6990 0.2727 0.6611
vn 0.9118 0.1835 0.3673
vn 0.9915 0.0784 0.1039
vn 0.6656 0.7455 0.0331
vn 0.8155 -0.5694 0.1032
vn 0.7515 -0.6392 -0.1630
vn 0.9797 -0.0181 -0.1994
vn 0.4850 -0.8719 0.0673
vn 0.4127 -0.9029 -0.1203
vn 0.2240 -0.9738 0.0385
vn 0.1867 -0.9767 -0.1058
vn 0.1764 -0.9751 -0.1342
vn 0.3815 -0.9072 -0.1770
vn 0.6907 -0.6706 -0.2704
vn 0.8418 -0.1900 -0.5053
vn 0.9300 -0.0908 -0.3562
vn 0.6895 0.4810 -0.5415
vn 0.7443 0.6106 -0.2706
vn 0.7166 0.6843 -0.1349
vn 0.3255 0.9430 -0.0696
vn 0.2843 0.9587 -0.0095
vn 0.2471 0.9686 -0.0276
vn 0.1653 0.9852 0.0455
vn 0.1533 0.9874 -0.0386
vn 0.1921 0.9802 0.0480
vn 0.1771 0.9841 -0.0106
vn 0.1475 0.9891 -0.0003
vn 0.1524 0.9881 0.0228
vn 0.1223 0.9910 0.0542
vn 0.0724 0.9510 0.3007
vn 0.1466 0.9575 0.2482
vn 0.0585 0.9901 0.1277
vn -0.0059 0.9364 0.3509
vn -0.0455 0.7184 0.6942
vn 0.0047 0.9274 0.3740
vn 0.0166 0.9800 0.1985
vn 0.0400 0.9954 0.0870
vn -0.0585 0.9924 0.1084
vn 0.0921 0.9944 0.0519
vn 0.0935 0.9956 0.0023
vn 0.0525 0.9985 -0.0132
vn 0.1547 0.9874 0.0331
vn 0.1392 0.9883 -0.0618
vn 0.0836 0.9904 -0.1103
vn 0.1757 0.9844 -0.0121
vn 0.1467 0.9708 -0.1897
vn 0.1159 0.9656 -0.2329
vn 0.1600 0.9870 0.0133
vn 0.1475 0.9667 -0.2091
vn 0.3350 0.8737 -0.3526
vn 0.5187 0.3335 -0.7872
vn 0.3606 0.1949 -0.9121
vn 0.6355 -0.2983 -0.7121
vn 0.4007 -0.3816 -0.8329
vn 0.2606 -0.4437 -0.8575
vn 0.2655 0.0815 -0.9607
vn 0.2147 -0.8496 -0.4818
vn 0.1532 -0.9840 -0.0911
vn 0.1183 -0.9846 -0.1286
vn 0.1249 -0.8476 -0.5157
vn 0.1346 -0.4711 -0.8717
vn 0.0851 -0.8072 -0.5842
vn 0.0422 -0.4593 -0.8873
vn 0.0190 0.0301 -0.9994
vn 0.1353 0.0363 -0.9901
vn 0.0190 0.4773 -0.8785
vn 0.1138 0.5001 -0.8585
vn 0.0425 0.7588 -0.6499
vn 0.0890 0.7909 -0.6054
vn 0.0656 0.8960 -0.4391
vn 0.0938 0.9104 -0.4030
vn 0.0762 0.9592 -0.2722
vn 0.0584 0.8772 -0.4766
vn 0.0608 0.9554 -0.2889
vn 0.0576 0.9886 -0.1389
vn -0.0239 0.9483 -0.3163
vn -0.0292 0.9876 -0.1540
vn -0.0427 0.9990 -0.0123
vn -0.0508 0.9816 -0.1840
vn -0.0693 0.9973 -0.0240
vn -0.0954 0.9886 0.1167
vn 0.0665 0.9967 -0.0469
vn 0.0467 0.9917 0.1201
vn 0.1497 0.9866 -0.0646
vn 0.1368 0.9850 0.1053
vn 0.1328 0.9502 0.2820
vn 0.1005 0.9907 0.0914
vn 0.0812 0.9601 0.2677
vn 0.0674 0.8935 0.4440
vn 0.1329 0.8798 0.4564
vn 0.0606 0.7854 0.6160
vn 0.1370 0.7732 0.6193
vn 0.0541 0.6007 0.7976
vn 0.1424 0.5986 0.7883
vn -0.0750 0.6331 0.7705
vn 0.1455 0.3490 0.9257
vn -0.1115 0.3898 0.9141
vn -0.5471 0.4763 0.6883
vn -0.4221 0.6801 0.5995
vn -0.4776 0.7642 0.4335
vn -0.6752 0.5843 0.4503
vn -0.6145 0.6487 0.4490
vn -0.3931 0.8227 0.4106
vn -0.6536 0.2022 0.7294
vn -0.8393 0.3093 0.4470
vn -0.8046 0.3208 0.4997
vn -0.6881 0.3056 0.6581
vn -0.5095 0.6713 0.5383
vn -0.9121 -0.0914 0.3996
vn -0.8494 -0.1662 0.5009
vn -0.7026 -0.2217 0.6762
vn -0.6166 -0.2417 0.7492
vn -0.6102 0.3182 0.7255
vn -0.6680 -0.6272 0.4005
vn -0.5005 -0.6741 0.5433
vn -0.3945 -0.7000 0.5952
vn -0.2065 -0.9173 0.3405
vn -0.0969 -0.9141 0.3936
vn 0.0973 -0.9859 0.1361
vn 0.2167 -0.9570 0.1928
vn 0.3196 -0.9120 0.2572
vn 0.5030 -0.8643 0.0101
vn 0.5904 -0.8040 0.0707
vn 0.7322 -0.6693 -0.1261
vn 0.7975 -0.6007 -0.0560
vn 0.9179 -0.3215 -0.2326
vn 0.9520 -0.2781 -0.1279
vn 0.9840 -0.0442 0.1728
vn 0.4636 0.7702 0.4380
vn 0.7569 0.2865 0.5874
vn 0.1874 0.9491 0.2533
vn -0.1199 0.8860 0.4478
vn 0.0478 0.9657 0.2552
vn -0.2193 0.8824 0.4163
vn -0.4400 0.6886 0.5764
vn -0.3549 0.6748 0.6471
vn -0.5024 0.2901 0.8145
vn -0.2951 0.8546 0.4272
vn -0.0528 0.9430 0.3285
vn -0.1508 0.9117 0.3823
vn 0.6784 -0.7236 -0.1270
vn 0.9250 -0.3519 -0.1434
vn 0.3944 -0.9184 -0.0308
vn 0.2939 -0.9542 -0.0564
vn -0.0018 -0.9990 0.0457
vn -0.3425 -0.9129 0.2222
vn -0.4953 -0.8612 0.1145
vn -0.7980 -0.5333 0.2808
vn -0.6884 -0.5419 0.4821
vn -0.5216 -0.8055 0.2813
vn -0.1689 -0.5846 0.7935
vn -0.1411 -0.7960 0.5887
vn 0.1408 -0.5113 0.8478
vn 0.1527 -0.7074 0.6901
vn 0.1625 -0.8505 0.5003
vn 0.0567 -0.6747 0.7359
vn 0.0806 -0.8309 0.5505
vn 0.1074 -0.9299 0.3518
vn 0.1676 -0.9351 0.3121
vn -0.1061 -0.7990 0.5919
vn -0.0482 -0.9152 0.4002
vn 0.0111 -0.9875 0.1572
vn -0.1699 -0.8769 0.4497
vn -0.1215 -0.9725 0.1989
vn -0.0859 -0.9942 -0.0650
vn 0.0213 -0.9429 0.3324
vn 0.0367 -0.9992 0.0140
vn 0.0219 -0.9573 -0.2883
vn 0.1715 -0.9789 0.1106
vn 0.1533 -0.9561 -0.2497
vn 0.1346 -0.8615 -0.4895
vn 0.0668 -0.9800 -0.1877
vn 0.0708 -0.8958 -0.4388
vn 0.0868 -0.7712 -0.6307
vn 0.0537 -0.9241 -0.3783
vn 0.0643 -0.8067 -0.5874
vn 0.0845 -0.6391 -0.7645
vn 0.1164 -0.8226 -0.5566
vn 0.1495 -0.6731 -0.7243
vn 0.1940 -0.4602 -0.8664
vn 0.3313 -0.6818 -0.6522
vn 0.3451 -0.4888 -0.8012
vn 0.3426 -0.2063 -0.9165
vn 0.5137 -0.3712 -0.7735
vn 0.6387 -0.5027 -0.5825
vn 0.7907 -0.2737 -0.5477
vn 0.5919 -0.1980 -0.7813
vn 0.7671 -0.3018 -0.5661
vn 0.5776 -0.2507 -0.7769
vn 0.7612 -0.2386 -0.6030
vn 0.5855 -0.2356 -0.7757
vn 0.4134 -0.2166 -0.8844
vn 0.6000 0.0399 -0.7990
vn 0.4263 0.0453 -0.9034
vn 0.2684 0.0491 -0.9620
vn 0.2752 -0.2006 -0.9402
vn 0.0993 -0.1873 -0.9773
vn -0.0178 -0.1768 -0.9841
vn -0.0440 -0.1251 -0.9912
vn -0.1308 -0.1929 -0.9725
vn -0.0690 0.0407 -0.9968
vn -0.0685 0.0703 -0.9952
vn -0.2961 0.0274 -0.9548
vn -0.3047 -0.2176 -0.9272
vn -0.4573 0.0227 -0.8890
vn -0.4415 -0.2383 -0.8650
vn -0.4331 -0.2009 -0.8787
vn -0.6100 -0.2569 -0.7496
vn -0.6210 -0.2680 -0.7366
vn -0.6617 -0.2059 -0.7210
vn -0.4596 -0.1259 -0.8792
vn -0.6048 -0.3888 -0.6950
vn -0.4455 -0.2500 -0.8597
vn -0.4084 -0.5662 -0.7160
vn -0.3802 -0.3523 -0.8552
vn -0.3437 -0.0900 -0.9348
vn -0.2518 -0.3372 -0.9071
vn -0.2678 -0.0570 -0.9618
vn -0.2682 0.2314 -0.9352
vn -0.2671 0.4686 -0.8420
vn -0.1450 -0.0399 -0.9886
vn -0.1558 0.2438 -0.9572
vn -0.1623 0.4902 -0.8564
vn -0.1735 0.6711 -0.7208
vn -0.2710 0.6394 -0.7195
vn -0.1571 0.2546 -0.9542
vn -0.1630 0.5061 -0.8470
vn -0.1620 0.6954 -0.7001
vn -0.1533 0.8253 -0.5435
vn -0.1893 0.8083 -0.5576
vn -0.1270 0.5298 -0.8386
vn -0.1363 0.7057 -0.6953
vn -0.1412 0.8193 -0.5557
vn -0.1410 0.9045 -0.4025
vn -0.1361 0.9205 -0.3663
vn 0.0773 0.7165 -0.6933
vn 0.0637 0.8306 -0.5532
vn 0.0375 0.9133 -0.4056
vn 0.0092 0.9692 -0.2463
vn -0.1380 0.9618 -0.2366
vn 0.1609 0.8324 -0.5302
vn 0.1447 0.9222 -0.3587
vn 0.1218 0.9757 -0.1821
vn 0.0983 0.9951 0.0145
vn -0.0269 0.9982 -0.0531
vn -0.0290 0.9467 -0.3208
vn -0.0241 0.9901 -0.1380
vn -0.0120 0.9986 0.0506
vn 0.0087 0.9749 0.2223
vn 0.0821 0.9747 0.2078
vn -0.1187 0.9858 -0.1185
vn -0.0950 0.9939 0.0556
vn -0.0733 0.9743 0.2130
vn -0.0567 0.9302 0.3626
vn 0.0376 0.9273 0.3724
vn -0.1353 0.9892 0.0568
vn -0.1258 0.9698 0.2090
vn -0.0843 0.9944 0.0640
vn -0.1514 0.9829 -0.1044
vn -0.0978 0.9914 -0.0869
vn 0.0437 0.9968 -0.0664
vn 0.0640 0.9955 0.0694
vn 0.0490 0.9973 -0.0541
vn 0.0697 0.9950 0.0718
vn -0.0472 0.9979 -0.0450
vn -0.0337 0.9975 0.0627
vn -0.0735 0.9925 0.0974
vn -0.0744 0.9560 0.2837
vn -0.1196 0.9431 0.3103
vn -0.0807 0.7345 0.6738
vn 0.0324 0.9806 -0.1931
vn -0.0533 0.9836 -0.1723
vn 0.0253 0.9397 -0.3410
vn -0.0555 0.9500 -0.3072
vn 0.0269 0.8453 -0.5337
vn -0.0513 0.8804 -0.4715
vn 0.0357 0.6564 -0.7536
vn -0.0339 0.7300 -0.6826
vn 0.0466 0.3748 -0.9259
vn -0.0082 0.4580 -0.8889
vn 0.0494 0.0385 -0.9980
vn 0.0045 0.0596 -0.9982
vn 0.0377 -0.2906 -0.9561
vn -0.0112 -0.3462 -0.9381
vn 0.0119 -0.5781 -0.8159
vn -0.0519 -0.2711 -0.9612
vn -0.0488 -0.5314 -0.8457
vn -0.0425 -0.7294 -0.6828
vn -0.0238 -0.7851 -0.6189
vn -0.0360 -0.8591 -0.5105
vn -0.1622 -0.7079 -0.6874
vn -0.1426 -0.8364 -0.5292
vn -0.2374 -0.6863 -0.6875
vn -0.2198 -0.8175 -0.5323
vn -0.2043 -0.6708 -0.7129
vn -0.1881 -0.8109 -0.5541
vn -0.1704 -0.9044 -0.3911
vn -0.0803 -0.8109 -0.5797
vn -0.0687 -0.9110 -0.4066
vn -0.0485 -0.9744 -0.2197
vn 0.0756 -0.8998 -0.4296
vn 0.0688 -0.9715 -0.2270
vn 0.0775 -0.9969 0.0163
vn -0.0145 -0.9997 -0.0179
vn 0.1071 -0.9579 0.2665
vn 0.0360 -0.9809 0.1910
vn 0.1457 -0.8635 0.4829
vn -0.0667 -0.9155 0.3967
vn -0.0538 -0.8136 0.5790
vn -0.0483 -0.7375 0.6736
vn -0.1712 -0.7746 0.6088
vn -0.1701 -0.7139 0.6793
vn -0.1668 -0.6694 0.7239
vn -0.1639 -0.6931 0.7019
vn -0.1572 -0.6266 0.7633
vn -0.1394 -0.5465 0.8258
vn -0.1590 -0.5742 0.8031
vn -0.1586 -0.4607 0.8733
vn -0.1547 -0.3209 0.9344
vn -0.1969 -0.4679 0.8615
vn -0.2398 -0.3390 0.9097
vn -0.2667 -0.1081 0.9577
vn -0.4041 -0.4050 0.8202
vn -0.3351 -0.1077 0.9360
vn -0.2179 0.2045 0.9543
vn -0.4617 -0.0693 0.8843
vn -0.2598 0.1830 0.9482
vn -0.6516 -0.3450 0.6756
vn -0.7350 -0.3321 0.5911
vn -0.7722 -0.3788 0.5102
vn -0.6996 -0.3586 0.6181
vn -0.6353 -0.4485 0.6287
vn -0.6854 -0.4309 0.5870
vn -0.6200 -0.3619 0.6961
vn -0.6770 -0.3152 0.6650
vn -0.3861 -0.5141 0.7659
vn -0.3508 -0.5101 0.7853
vn -0.3658 -0.5722 0.7340
vn -0.6323 -0.3594 0.6863
vn -0.1701 -0.5537 0.8151
vn -0.1668 -0.6491 0.7422
vn -0.1625 -0.7768 0.6084
vn -0.3872 -0.7213 0.5743
vn -0.1532 -0.6741 0.7226
vn -0.1365 -0.7842 0.6053
vn -0.1084 -0.9016 0.4187
vn -0.1437 -0.8993 0.4130
vn -0.1541 -0.7775 0.6096
vn -0.1256 -0.8842 0.4499
vn -0.0849 -0.9816 0.1710
vn -0.0770 -0.9840 0.1607
vn -0.1695 -0.8709 0.4613
vn -0.1605 -0.9749 0.1544
vn -0.1446 -0.9687 -0.2017
vn -0.0579 -0.9877 -0.1450
vn -0.0700 -0.9934 0.0913
vn -0.0532 -0.9707 -0.2345
vn -0.0274 -0.8848 -0.4651
vn -0.1357 -0.8838 -0.4477
vn -0.1317 -0.7814 -0.6100
vn -0.0721 -0.8198 -0.5681
vn -0.0583 -0.9213 -0.3845
vn 0.0016 -0.7864 -0.6177
vn 0.0292 -0.6622 -0.7487
vn -0.1260 -0.6546 -0.7454
vn 0.0863 -0.8001 -0.5936
vn 0.0955 -0.6667 -0.7391
vn 0.1033 -0.5027 -0.8583
vn 0.0592 -0.5045 -0.8614
vn -0.0861 -0.6700 -0.7374
vn -0.0872 -0.4973 -0.8632
vn -0.0837 -0.2701 -0.9592
vn 0.1141 -0.2780 -0.9538
vn -0.2187 -0.4946 -0.8411
vn -0.2284 -0.2782 -0.9330
vn -0.2318 0.0052 -0.9727
vn -0.0738 0.0168 -0.9971
vn -0.2549 -0.5053 -0.8244
vn -0.2696 -0.2899 -0.9183
vn -0.2808 0.0055 -0.9598
vn -0.2735 0.3344 -0.9019
vn -0.2270 0.3113 -0.9228
vn -0.2015 -0.2812 -0.9383
vn -0.2105 0.0202 -0.9774
vn -0.1973 0.3358 -0.9210
vn -0.1710 0.5895 -0.7895
vn -0.2545 0.5708 -0.7806
vn -0.0483 0.0260 -0.9985
vn -0.0352 0.3298 -0.9434
vn -0.0157 0.6056 -0.7956
vn 0.0026 0.8046 -0.5938
vn -0.1491 0.7686 -0.6221
vn -0.1315 0.8866 -0.4435
vn -0.2016 0.8670 -0.4556
vn -0.2308 0.7402 -0.6315
vn 0.0146 0.9173 -0.3980
vn 0.0265 0.9744 -0.2233
vn -0.1133 0.9598 -0.2570
vn -0.1733 0.9456 -0.2752
vn -0.1422 0.9458 -0.2918
vn -0.1678 0.8660 -0.4710
vn -0.0328 0.8606 -0.5083
vn -0.0383 0.7282 -0.6843
vn -0.1944 0.7329 -0.6519
vn -0.0467 0.5468 -0.8360
vn -0.2146 0.5521 -0.8057
vn -0.0598 0.3050 -0.9505
vn 0.1624 0.5431 -0.8238
vn 0.1505 0.3086 -0.9392
vn 0.1317 0.0159 -0.9912
vn 0.0965 0.3091 -0.9461
vn 0.0932 0.0093 -0.9956
vn 0.0784 -0.2857 -0.9551
vn -0.1057 -0.0057 -0.9944
vn -0.1072 -0.2770 -0.9549
vn -0.1167 -0.4892 -0.8643
vn -0.1285 -0.2814 -0.9509
vn -0.1112 -0.4974 -0.8604
vn -0.0915 -0.6801 -0.7274
vn -0.1038 -0.5204 -0.8476
vn -0.0823 -0.7033 -0.7061
vn -0.0650 -0.8441 -0.5322
vn -0.1695 -0.7288 -0.6634
vn -0.1383 -0.8509 -0.5069
vn -0.1252 -0.9384 -0.3221
vn -0.0557 -0.9385 -0.3408
vn -0.1211 -0.9883 -0.0930
vn -0.0579 -0.9922 -0.1106
vn -0.1255 -0.9784 0.1641
vn -0.3686 -0.9281 -0.0526
vn -0.3606 -0.9170 0.1707
vn -0.3779 -0.8445 0.3795
vn -0.7664 -0.6230 0.1568
vn -0.7690 -0.5655 0.2980
vn -0.7364 -0.4737 0.4830
vn -0.9159 -0.3062 0.2594
vn -0.8186 -0.3065 0.4858
vn -0.6610 -0.2880 0.6929
vn -0.7795 -0.2851 0.5577
vn -0.6539 -0.2764 0.7043
vn -0.6683 -0.2785 0.6898
vn -0.7887 -0.0977 0.6069
vn -0.7221 -0.0916 0.6857
vn -0.7886 0.1342 0.6001
vn -0.5968 0.1887 0.7799
vn -0.5995 -0.2413 0.7632
vn -0.3591 0.1116 0.9266
vn -0.5487 0.0880 0.8314
vn -0.2631 0.1759 0.9486
vn -0.0473 0.1417 0.9888
vn -0.1070 0.0468 0.9932
vn -0.0039 0.0889 0.9960
vn 0.0030 -0.0748 0.9972
vn -0.0291 -0.2599 0.9652
vn 0.0733 -0.0750 0.9945
vn -0.0387 -0.1650 0.9855
vn 0.0230 0.1124 0.9934
vn -0.0307 0.0343 0.9989
vn -0.0210 0.2517 0.9676
vn -0.0233 0.2071 0.9780
vn -0.0351 0.3822 0.9234
vn -0.0188 0.3447 0.9385
vn 0.1273 0.3521 0.9273
vn 0.1050 0.4556 0.8840
vn 0.1833 0.2329 0.9551
vn 0.1322 0.3520 0.9266
vn 0.2508 0.1028 0.9626
vn 0.2186 0.2139 0.9521
vn 0.1914 0.2880 0.9383
vn 0.1331 0.4464 0.8849
vn 0.2419 0.2976 0.9235
vn 0.2228 0.4987 0.8377
vn 0.2126 0.6581 0.7223
vn 0.2191 0.7763 0.5911
vn 0.1334 0.5386 0.8320
vn 0.1354 0.7325 0.6672
vn 0.1500 0.8576 0.4920
vn 0.1695 0.9417 0.2907
vn 0.2432 0.8916 0.3820
vn 0.0915 0.7778 0.6218
vn 0.0841 0.9053 0.4163
vn 0.0865 0.9734 0.2120
vn 0.0985 0.9950 0.0173
vn 0.1783 0.9816 0.0683
vn 0.2069 0.9037 0.3749
vn 0.1752 0.9703 0.1667
vn 0.1488 0.9884 -0.0308
vn 0.1294 0.9670 -0.2193
vn 0.1165 0.9771 -0.1782
vn 0.0461 0.9795 0.1960
vn 0.0008 1.0000 0.0004
vn -0.0388 0.9798 -0.1961
vn -0.0742 0.9226 -0.3787
vn 0.1154 0.9071 -0.4048
vn -0.1013 0.9930 0.0605
vn -0.1120 0.9841 -0.1375
vn -0.1231 0.9343 -0.3347
vn -0.1277 0.8403 -0.5269
vn -0.0960 0.8318 -0.5468
vn 0.0527 0.9938 -0.0975
vn 0.0641 0.9514 -0.3013
vn 0.0741 0.8594 -0.5059
vn 0.0830 0.7200 -0.6890
vn -0.1256 0.7023 -0.7007
vn 0.1523 0.9517 -0.2665
vn 0.1815 0.8677 -0.4628
vn 0.2069 0.7343 -0.6465
vn 0.2301 0.5261 -0.8187
vn 0.0949 0.5111 -0.8543
vn 0.1976 0.8782 -0.4356
vn 0.2251 0.7522 -0.6193
vn 0.2541 0.5501 -0.7955
vn 0.2765 0.2462 -0.9289
vn 0.2463 0.2322 -0.9410
vn 0.1349 0.7773 -0.6144
vn 0.1673 0.5684 -0.8056
vn 0.1933 0.2583 -0.9465
vn 0.1978 -0.0740 -0.9775
vn 0.2791 -0.0823 -0.9567
vn -0.0024 0.5798 -0.8148
vn 0.0242 0.2664 -0.9636
vn 0.0402 -0.0608 -0.9973
vn 0.0442 -0.3777 -0.9249
vn 0.1847 -0.3775 -0.9074
vn -0.0360 0.2962 -0.9545
vn -0.0298 -0.0406 -0.9987
vn -0.0103 -0.3853 -0.9227
vn 0.0208 -0.6665 -0.7452
vn 0.0407 -0.6394 -0.7678
vn -0.0090 -0.0005 -1.0000
vn 0.0139 -0.4188 -0.9080
vn 0.0657 -0.7301 -0.6802
vn 0.1341 -0.9089 -0.3949
vn 0.0588 -0.8531 -0.5185
vn 0.1387 -0.9626 -0.2329
vn 0.1858 -0.9823 -0.0239
vn 0.2026 -0.9647 -0.1682
vn 0.1152 -0.9930 0.0276
vn 0.1046 -0.9929 -0.0569
vn 0.2154 -0.9762 -0.0269
vn 0.1127 -0.9936 0.0065
vn 0.0869 -0.9906 -0.1053
vn 0.0758 -0.9925 -0.0959
vn 0.2502 -0.9649 -0.0797
vn 0.0954 -0.9452 -0.3123
vn 0.0303 -0.9198 -0.3912
vn 0.0360 -0.8138 -0.5800
vn 0.1112 -0.8961 -0.4297
vn 0.1356 -0.7880 -0.6006
vn 0.1611 -0.6249 -0.7639
vn 0.2192 -0.7722 -0.5964
vn 0.2427 -0.6108 -0.7536
vn 0.2660 -0.3734 -0.8887
vn 0.2237 -0.6020 -0.7666
vn 0.2405 -0.3711 -0.8969
vn 0.2493 -0.0846 -0.9647
vn 0.1225 -0.3722 -0.9200
vn 0.1195 -0.0873 -0.9890
vn 0.1097 0.2249 -0.9682
vn -0.0738 -0.0896 -0.9932
vn -0.0961 0.2316 -0.9681
vn -0.1162 0.5064 -0.8544
vn -0.1303 0.2363 -0.9629
vn -0.1278 0.5044 -0.8539
vn -0.1158 0.6970 -0.7077
vn 0.0679 0.4747 -0.8775
vn 0.0843 0.6789 -0.7294
vn 0.1005 0.8134 -0.5730
vn 0.1617 0.6587 -0.7349
vn 0.1525 0.8066 -0.5711
vn 0.1367 0.9139 -0.3823
vn 0.1540 0.8005 -0.5792
vn 0.1654 0.9070 -0.3874
vn 0.1758 0.9713 -0.1601
vn 0.2766 0.8764 -0.3942
vn 0.2724 0.9494 -0.1562
vn 0.2620 0.9593 0.1053
vn 0.1952 0.9714 -0.1353
vn 0.1639 0.9792 0.1194
vn 0.0078 0.3876 -0.9218
vn -0.0354 0.6160 -0.7870
vn 0.0401 0.6891 -0.7235
vn -0.0289 0.8474 -0.5302
vn -0.0246 0.8078 -0.5890
vn -0.0376 0.9283 -0.3698
vn 0.1075 0.9035 -0.4148
vn 0.0861 0.9708 -0.2238
vn 0.1718 0.9535 -0.2478
vn 0.1237 0.9894 -0.0761
vn 0.0353 0.9956 0.0867
vn -0.0984 0.9647 0.2443
vn 0.0093 0.9643 0.2646
vn -0.1075 0.8980 0.4267
vn -0.0213 0.8984 0.4386
vn -0.1336 0.7775 0.6146
vn -0.0609 0.7863 0.6149
vn -0.1658 0.5716 0.8036
vn -0.1108 0.5911 0.7990
vn -0.1929 0.2853 0.9388
vn -0.1646 0.3007 0.9394
vn 0.0437 0.3331 0.9419
vn -0.1951 0.0103 0.9807
vn 0.0333 0.0245 0.9991
vn 0.1432 0.0419 0.9888
vn 0.0308 -0.2536 0.9668
vn 0.1378 -0.2637 0.9547
vn -0.1609 -0.2671 0.9502
vn -0.1314 0.0782 0.9882
vn -0.7268 -0.1581 0.6684
vn 0.0391 -0.4769 0.8781
vn -0.1909 -0.2322 0.9538
vn -0.1744 -0.4466 0.8776
vn -0.1491 -0.6413 0.7527
vn -0.2142 -0.4640 0.8595
vn -0.2194 -0.6266 0.7478
vn -0.2039 -0.7541 0.6243
vn 0.0033 -0.6677 0.7444
vn -0.0077 -0.7440 0.6682
vn 0.0011 -0.8361 0.5486
vn 0.1674 -0.7150 0.6787
vn 0.1724 -0.7763 0.6063
vn 0.1763 -0.8796 0.4418
vn 0.1623 -0.7667 0.6212
vn 0.1335 -0.8823 0.4514
vn 0.0920 -0.9851 0.1455
vn 0.1133 -0.8935 0.4346
vn 0.0787 -0.9844 0.1575
vn 0.0563 -0.9895 -0.1334
vn 0.1249 -0.9761 0.1778
vn 0.1105 -0.9883 -0.1049
vn 0.1065 -0.9297 -0.3525
vn 0.3418 -0.9373 -0.0677
vn 0.3279 -0.8948 -0.3030
vn 0.3165 -0.8096 -0.4944
vn 0.7449 -0.6399 -0.1889
vn 0.7142 -0.5908 -0.3754
vn 0.9403 -0.3255 -0.0996
vn 0.9011 -0.3124 -0.3006
vn 0.9488 -0.2892 -0.1266
vn 0.8898 -0.3100 -0.3348
vn 0.9606 -0.1900 -0.2027
vn 0.8877 -0.2199 -0.4045
vn 0.9680 0.0311 -0.2489
vn 0.8896 0.0337 -0.4554
vn 0.7617 0.0361 -0.6469
vn 0.8783 0.1667 -0.4481
vn 0.7435 0.1936 -0.6401
vn 0.5708 0.2168 -0.7919
vn 0.7258 0.1504 -0.6713
vn 0.5262 0.1554 -0.8361
vn 0.2936 0.1517 -0.9438
vn 0.3763 0.2261 -0.8985
vn 0.0193 0.1192 -0.9927
vn 0.1854 0.2109 -0.9598
vn 0.1377 -0.0337 -0.9899
vn -0.2158 -0.0557 -0.9749
vn -0.5360 -0.1000 -0.8383
vn -0.6224 -0.1613 -0.7659
vn -0.3116 -0.2658 -0.9123
vn -0.3880 -0.3138 -0.8666
vn 0.5758 -0.2196 -0.7875
vn 0.7266 -0.1685 -0.6661
vn 0.5583 -0.1812 -0.8096
vn 0.3728 -0.0238 -0.9276
vn 0.2941 -0.1890 -0.9369
vn 0.1161 0.0028 -0.9932
vn -0.0240 -0.1832 -0.9828
vn -0.1521 0.0098 -0.9883
vn -0.2207 0.1650 -0.9613
vn -0.4080 0.0146 -0.9129
vn -0.4340 0.1703 -0.8847
vn -0.4327 0.2299 -0.8717
vn -0.2475 0.2230 -0.9429
vn -0.6313 0.1570 -0.7595
vn -0.6157 0.2152 -0.7580
vn -0.6230 0.0181 -0.7820
vn -0.7721 0.1893 -0.6067
vn -0.7763 0.0150 -0.6302
vn -0.7742 -0.2563 -0.5787
vn -0.8940 0.0140 -0.4478
vn -0.8901 -0.2351 -0.3904
vn -0.8964 -0.3103 -0.3164
vn -0.7904 -0.3071 -0.5301
vn -0.9121 -0.2973 -0.2822
vn -0.8265 -0.2656 -0.4964
vn -0.7690 -0.5426 -0.3380
vn -0.7155 -0.4825 -0.5052
vn -0.3964 -0.8012 -0.4483
vn -0.4086 -0.7054 -0.5792
vn -0.2145 -0.5638 -0.7976
vn -0.1265 -0.3019 -0.9449
vn -0.1446 -0.0249 -0.9892
vn -0.1142 0.2806 -0.9530
vn 0.0892 0.5519 -0.8291
vn 0.1664 0.7082 -0.6861
vn -0.7888 -0.5939 -0.1581
vn -0.3875 -0.8812 -0.2706
vn -0.7790 -0.6270 0.0105
vn -0.9444 -0.3152 -0.0937
vn -0.9486 -0.3139 0.0398
vn -0.9416 -0.3082 0.1354
vn -0.9640 -0.2647 0.0261
vn -0.9540 -0.2607 0.1481
vn -0.9104 -0.2812 0.3035
vn -0.9754 -0.1629 0.1486
vn -0.9836 -0.1782 -0.0269
vn -0.9970 0.0181 -0.0750
vn -0.9942 0.0325 0.1025
vn -0.9852 0.1495 -0.0836
vn -0.9853 0.1542 0.0733
vn -0.9545 0.1561 0.2539
vn -0.9865 0.1390 0.0866
vn -0.9455 0.1345 0.2967
vn -0.8412 0.1232 0.5264
vn -0.8801 0.1448 0.4522
vn -0.6714 0.1069 0.7333
vn -0.7656 0.1134 0.6333
vn -0.4395 0.0812 0.8946
vn -0.6140 0.0613 0.7869
vn -0.7240 0.1256 0.6783
vn -0.4099 0.0007 0.9121
vn -0.6399 0.0612 0.7660
vn -0.2302 -0.0694 0.9707
vn -0.5105 -0.0385 0.8590
vn -0.6652 -0.1313 0.7350
vn -0.3500 -0.1086 0.9305
vn -0.4536 -0.1223 0.8828
vn -0.7705 -0.0724 0.6334
vn -0.2236 -0.0982 0.9697
vn -0.1924 -0.0943 0.9768
vn -0.0957 -0.0437 0.9945
vn -0.0203 -0.0425 0.9989
vn 0.0478 -0.0310 0.9984
vn -0.0054 -0.0112 0.9999
vn 0.1761 -0.0908 0.9802
vn 0.0622 0.0181 0.9979
vn 0.2898 -0.1320 0.9479
vn 0.3019 0.0640 0.9512
vn 0.4392 -0.1093 0.8917
vn 0.5795 0.0778 0.8113
vn 0.6458 -0.0420 0.7624
vn 0.7796 0.0324 0.6255
vn 0.7632 -0.1256 0.6339
vn 0.8360 -0.0009 0.5487
vn 0.7500 -0.1985 0.6310
vn 0.6686 -0.3009 0.6800
vn 0.7280 -0.3700 0.5771
vn 0.6286 -0.3653 0.6866
vn 0.6827 -0.4186 0.5990
vn 0.3867 -0.5528 0.7382
vn 0.4133 -0.5244 0.7444
vn 0.4374 -0.4786 0.7613
vn 0.3996 -0.2650 0.8776
vn 0.1847 -0.5372 0.8230
vn 0.2153 -0.4405 0.8716
vn 0.2504 -0.2513 0.9350
vn 0.2596 0.0324 0.9652
vn 0.2930 0.0475 0.9549
vn 0.1533 -0.4420 0.8838
vn 0.1464 -0.2558 0.9556
vn 0.1409 0.0039 0.9900
vn 0.1361 0.2820 0.9497
vn 0.1307 -0.3343 0.9334
vn 0.1194 -0.0452 0.9918
vn 0.1129 0.2764 0.9544
vn 0.1039 0.5710 0.8144
vn 0.2547 -0.0642 0.9649
vn 0.2793 0.2839 0.9173
vn 0.2724 0.5733 0.7727
vn 0.2443 0.7742 0.5839
vn 0.1344 0.2976 0.9452
vn 0.1219 0.5817 0.8042
vn 0.1005 0.7880 0.6074
vn 0.0732 0.9141 0.3988
vn 0.1263 -0.0199 0.9918
vn -0.2002 0.0128 0.9797
vn 0.0845 -0.3289 0.9406
vn -0.2012 -0.2376 0.9503
vn 0.0339 -0.5515 0.8335
vn 0.2084 -0.3779 0.9021
vn 0.1744 -0.5763 0.7984
vn 0.1648 -0.6668 0.7268
vn 0.1445 -0.5274 0.8372
vn 0.1594 -0.6206 0.7677
vn 0.1694 -0.6854 0.7081
vn 0.1587 -0.5576 0.8148
vn 0.1569 -0.6572 0.7372
vn 0.1424 -0.7690 0.6232
vn 0.1735 -0.6295 0.7574
vn 0.1673 -0.7527 0.6367
vn 0.1490 -0.8830 0.4451
vn 0.4012 -0.6890 0.6036
vn 0.3812 -0.8292 0.4088
vn 0.3594 -0.9136 0.1904
vn 0.7695 -0.5451 0.3328
vn 0.7732 -0.6089 0.1771
vn 0.7749 -0.6321 0.0041
vn 0.9438 -0.2921 0.1544
vn 0.9494 -0.3112 0.0430
vn 0.9472 -0.2668 0.1781
vn 0.9635 -0.2654 0.0339
vn 0.9700 -0.1466 0.1940
vn 0.9866 -0.1627 -0.0094
vn 0.9879 0.0522 0.1458
vn 0.9979 0.0347 -0.0538
vn 0.9828 0.1520 0.1052
vn 0.9865 0.1476 -0.0711
vn 0.9571 0.1497 -0.2480
vn 0.9891 0.1176 -0.0881
vn 0.9545 0.1280 -0.2693
vn 0.8718 0.1396 -0.4695
vn 0.9530 0.0021 -0.3030
vn 0.8490 0.0159 -0.5281
vn 0.6706 0.0088 -0.7418
vn 0.7973 -0.1702 -0.5792
vn 0.5910 -0.1823 -0.7858
vn 0.3229 -0.2010 -0.9248
vn 0.4314 -0.0093 -0.9021
vn -0.0114 -0.2203 -0.9754
vn 0.2546 -0.2462 -0.9352
vn -0.0876 -0.2248 -0.9705
vn 0.2709 0.0167 -0.9625
vn -0.0773 0.0383 -0.9963
vn 0.2878 0.1949 -0.9377
vn -0.0534 0.2128 -0.9756
vn -0.4051 0.2021 -0.8917
vn -0.0459 -0.0262 -0.9986
vn -0.4205 -0.0133 -0.9072
vn -0.6877 -0.0140 -0.7259
vn -0.6753 0.1700 -0.7177
vn -0.8338 -0.0178 -0.5518
vn -0.8267 0.1359 -0.5461
vn -0.9281 -0.0221 -0.3717
vn -0.9255 0.0936 -0.3671
vn -0.9275 -0.0232 -0.3732
vn -0.9902 0.0485 -0.1311
vn -0.9925 -0.0474 -0.1126
vn -0.9857 -0.1485 -0.0802
vn -0.9314 -0.1757 -0.3189
vn -0.9033 -0.4233 -0.0701
vn -0.8821 -0.3616 -0.3020
vn -0.1271 -0.9848 -0.1185
vn -0.2118 -0.8353 -0.5073
vn -0.2931 -0.5647 -0.7715
vn 0.7983 -0.5123 -0.3168
vn 0.8296 -0.5546 -0.0648
vn 0.9819 -0.1806 -0.0564
vn 0.9443 -0.1939 -0.2657
vn 0.9944 -0.0830 -0.0649
vn 0.9505 -0.0693 -0.3029
vn 0.9976 0.0286 -0.0636
vn 0.9570 0.0678 -0.2821
vn 0.8818 0.1084 -0.4590
vn 0.9587 0.0120 -0.2842
vn 0.8888 0.0213 -0.4578
vn 0.7860 0.0358 -0.6172
vn 0.7789 0.1405 -0.6112
vn 0.6223 0.0439 -0.7816
vn 0.6093 0.1762 -0.7731
vn 0.3545 0.0542 -0.9335
vn 0.3496 0.2008 -0.9151
vn 0.3897 -0.0349 -0.9203
vn 0.0288 0.2067 -0.9780
vn 0.0696 -0.0432 -0.9966
vn 0.0706 -0.2379 -0.9687
vn 0.3923 -0.2221 -0.8926
vn -0.2434 -0.0629 -0.9679
vn -0.2429 -0.2418 -0.9394
vn -0.3250 -0.1599 -0.9321
vn -0.4975 -0.2361 -0.8347
vn -0.5641 -0.1267 -0.8159
vn -0.6186 0.0130 -0.7856
vn -0.7414 -0.0998 -0.6635
vn -0.7764 0.0134 -0.6301
vn -0.7879 0.1379 -0.6002
vn -0.8893 0.0156 -0.4571
vn -0.8946 0.1257 -0.4288
vn -0.8883 0.1641 -0.4290
vn -0.9571 0.1273 -0.2601
vn -0.9566 0.1505 -0.2495
vn -0.9663 0.0141 -0.2569
vn -0.9566 -0.2060 -0.2060
vn -0.9490 -0.2890 -0.1258
vn -0.9866 0.1356 -0.0908
vn -0.9614 0.0095 -0.2751
vn -0.9965 -0.0096 -0.0824
vn -0.9914 -0.0327 0.1265
vn -0.9879 -0.1471 -0.0492
vn -0.9675 -0.1901 0.1667
vn -0.8921 -0.2235 0.3927
vn -0.9337 -0.0476 0.3548
vn -0.7500 -0.2387 0.6168
vn -0.8077 -0.0480 0.5877
vn -0.5511 -0.2287 0.8025
vn -0.6073 -0.0371 0.7936
vn -0.3119 -0.1895 0.9310
vn -0.3460 -0.0210 0.9380
vn -0.0349 -0.1357 0.9901
vn -0.0384 -0.0046 0.9993
vn -0.1483 0.0379 0.9882
vn 0.2807 -0.0829 0.9562
vn -0.0948 -0.2195 0.9710
vn 0.2499 -0.1962 0.9482
vn 0.5434 -0.1744 0.8212
vn 0.1987 -0.2416 0.9498
vn 0.5054 -0.2139 0.8359
vn 0.1219 -0.1858 0.9750
vn 0.4151 -0.1295 0.9005
vn 0.6332 -0.0734 0.7705
vn 0.3447 -0.0939 0.9340
vn 0.5940 -0.0529 0.8027
vn 0.7807 -0.0161 0.6247
vn 0.7818 -0.0300 0.6228
vn 0.8955 0.0010 0.4450
vn 0.8742 -0.0091 0.4855
vn 0.9578 0.0077 0.2873
vn 0.9370 0.0006 0.3492
vn 0.9194 -0.1296 0.3713
vn 0.9866 0.0067 0.1633
vn 0.9771 -0.1062 0.1843
vn 0.9651 -0.1954 0.1745
vn 0.9090 -0.2228 0.3522
vn 0.8312 -0.5174 0.2036
vn 0.7967 -0.4415 0.4127
vn -0.0939 -0.9377 0.3345
vn -0.1139 -0.7427 0.6599
vn -0.0875 -0.5069 0.8576
vn -0.1545 -0.2523 0.9552
vn -0.2405 -0.1357 0.9611
vn 0.3411 -0.1327 0.9306
vn -0.8853 -0.4211 0.1975
vn -0.9710 -0.1634 0.1743
vn -0.9831 -0.0794 0.1649
vn -0.9935 0.0224 0.1117
vn -0.9488 0.0157 0.3156
vn -0.9993 -0.0143 0.0348
vn -0.9728 -0.0107 0.2314
vn -0.9065 -0.0174 0.4218
vn -0.8799 0.0056 0.4752
vn -0.7873 -0.0355 0.6156
vn -0.7773 -0.0221 0.6287
vn -0.5898 -0.0724 0.8043
vn -0.5945 -0.0757 0.8005
vn -0.5978 -0.1627 0.7850
vn -0.3293 -0.1355 0.9345
vn -0.3330 -0.1965 0.9222
vn -0.3360 -0.2235 0.9150
vn -0.5820 -0.2039 0.7872
vn -0.3572 -0.1400 0.9235
vn -0.0214 -0.2398 0.9706
vn -0.0970 -0.1740 0.9800
vn -0.1879 -0.0260 0.9818
vn -0.3819 -0.0117 0.9241
vn -0.2768 -0.0026 0.9609
vn -0.4430 -0.0003 0.8965
vn -0.2665 -0.0880 0.9598
vn -0.4118 -0.0999 0.9058
vn 0.0202 -0.2612 0.9651
vn -0.0752 -0.3701 0.9259
vn 0.0658 -0.0556 0.9963
vn 0.1588 -0.2198 0.9625
vn 0.3907 -0.2569 0.8839
vn 0.3321 -0.0772 0.9401
vn 0.6017 -0.2735 0.7504
vn 0.5997 -0.0999 0.7940
vn 0.5801 0.0662 0.8118
vn 0.8171 -0.1108 0.5657
vn 0.8137 0.0779 0.5761
vn 0.8364 0.1265 0.5333
vn 0.6578 0.0786 0.7491
vn 0.8688 0.0923 0.4864
vn 0.7907 0.0487 0.6102
vn 0.8420 -0.0553 0.5367
vn 0.9410 0.0782 0.3293
vn 0.9089 -0.1209 0.3990
vn 0.8702 -0.2975 0.3927
vn 0.7498 -0.2828 0.5983
vn 0.8965 -0.2979 0.3281
vn 0.7504 -0.3001 0.5889
vn 0.7076 -0.4380 0.5546
vn 0.9388 0.1507 0.3099
vn 0.9416 0.0908 0.3242
vn 0.9895 0.1056 0.0986
vn 0.9420 -0.1005 0.3201
vn 0.9925 -0.0722 0.0984
vn 0.9945 -0.0328 -0.0991
vn 0.9744 -0.2009 0.1005
vn 0.9790 -0.1755 -0.1034
vn 0.9276 -0.1663 -0.3344
vn 0.9642 -0.2303 -0.1317
vn 0.8884 -0.2469 -0.3869
vn 0.7381 -0.2616 -0.6219
vn 0.8908 -0.0796 -0.4473
vn 0.7458 -0.0482 -0.6645
vn 0.5511 -0.0161 -0.8343
vn 0.5299 -0.2611 -0.8069
vn 0.7442 0.1236 -0.6564
vn 0.5560 0.1623 -0.8152
vn 0.7337 -0.0933 -0.6730
vn 0.5577 -0.0772 -0.8264
vn 0.3049 -0.0493 -0.9511
vn 0.5573 -0.3120 -0.7694
vn 0.3358 -0.3127 -0.8885
vn -0.0177 -0.3038 -0.9526
vn 0.3801 -0.2821 -0.8809
vn 0.0186 -0.2905 -0.9567
vn -0.3917 -0.2632 -0.8817
vn -0.4141 -0.2695 -0.8694
vn -0.6833 -0.2152 -0.6977
vn -0.6839 -0.2288 -0.6927
vn -0.8462 -0.1807 -0.5013
vn -0.8273 -0.2063 -0.5226
vn -0.9330 -0.1616 -0.3215
vn -0.9156 -0.1940 -0.3523
vn -0.9742 -0.1512 -0.1676
vn -0.9645 -0.1896 -0.1839
vn -0.9849 -0.0204 -0.1718
vn -0.9823 -0.1871 -0.0127
vn -0.9890 -0.1447 -0.0289
vn -0.9815 -0.1376 0.1330
vn -0.9689 -0.1807 0.1688
vn -0.9346 -0.1315 0.3306
vn -0.9135 -0.1741 0.3676
vn -0.8293 -0.1236 0.5450
vn -0.7993 -0.1692 0.5767
vn -0.6428 -0.1130 0.7577
vn -0.6042 -0.1618 0.7802
vn -0.3577 -0.1009 0.9284
vn -0.3259 -0.1467 0.9340
vn -0.3148 -0.1113 0.9426
vn -0.0055 -0.1305 0.9914
vn -0.0044 -0.1365 0.9906
vn -0.0109 -0.1839 0.9829
vn 0.2961 -0.1465 0.9439
vn 0.2933 -0.2046 0.9339
vn 0.2966 -0.2165 0.9301
vn -0.0046 -0.2161 0.9764
vn 0.2528 -0.2472 0.9354
vn 0.5184 -0.2101 0.8289
vn 0.4628 -0.2537 0.8494
vn 0.6840 -0.2015 0.7011
vn 0.6338 -0.2658 0.7264
vn 0.8188 -0.1889 0.5421
vn 0.7941 -0.2642 0.5473
vn 0.7927 -0.2655 0.5487
vn 0.9111 -0.2469 0.3302
vn 0.9196 -0.2357 0.3141
vn 0.9675 -0.2299 0.1054
vn 0.9227 -0.1678 0.3470
vn 0.9844 -0.1411 0.1053
vn 0.9785 -0.1115 -0.1737
vn 0.9938 -0.0619 0.0922
vn 0.9806 0.0045 -0.1957
vn 0.8859 0.0699 -0.4586
vn 0.9702 -0.1206 -0.2103
vn 0.8739 -0.1090 -0.4737
vn 0.9427 -0.2597 -0.2097
vn 0.8398 -0.2923 -0.4574
vn 0.7070 -0.3087 -0.6363
vn 0.8614 -0.2473 -0.4436
vn 0.7498 -0.2591 -0.6089
vn 0.6041 -0.2670 -0.7508
vn 0.8201 -0.0466 -0.5703
vn 0.6512 -0.0242 -0.7585
vn 0.4007 -0.0187 -0.9160
vn 0.6545 0.0295 -0.7554
vn 0.3923 0.0777 -0.9166
vn 0.0695 0.1307 -0.9890
vn 0.0516 -0.0006 -0.9987
vn -0.2891 0.1824 -0.9398
vn -0.3418 0.0244 -0.9395
vn -0.5855 0.2214 -0.7799
vn -0.6476 0.0632 -0.7594
vn -0.7814 0.2399 -0.5761
vn -0.8319 0.0972 -0.5463
vn -0.8798 0.2422 -0.4089
vn -0.9194 0.1284 -0.3718
vn -0.9377 0.2381 -0.2532
vn -0.9630 0.1565 -0.2193
vn -0.9693 0.2349 -0.0729
vn -0.9827 0.1748 -0.0619
vn -0.9630 0.2295 0.1416
vn -0.9758 0.1807 0.1232
vn -0.9022 0.2059 0.3789
vn -0.9271 0.1510 0.3430
vn -0.7890 0.1795 0.5876
vn -0.8228 0.1059 0.5583
vn -0.6189 0.1455 0.7718
vn -0.6465 0.0560 0.7609
vn -0.3516 0.0949 0.9313
vn -0.3695 0.0005 0.9292
vn -0.0120 0.0313 0.9994
vn -0.0153 -0.0495 0.9987
vn -0.0091 -0.0941 0.9955
vn 0.3249 -0.0812 0.9423
vn 0.3300 -0.0934 0.9394
vn 0.3115 -0.1207 0.9426
vn 0.5903 -0.0967 0.8014
vn 0.5647 -0.1214 0.8163
vn 0.5345 -0.1497 0.8318
vn 0.7382 -0.1301 0.6619
vn 0.7129 -0.1523 0.6846
vn 0.6995 -0.1809 0.6914
vn 0.5262 -0.1992 0.8267
vn 0.8378 -0.1534 0.5240
vn 0.8302 -0.1561 0.5351
vn 0.9302 -0.1467 0.3364
vn 0.9321 -0.1178 0.3425
vn 0.9873 -0.1344 0.0852
vn 0.9307 -0.1731 0.3223
vn 0.9736 -0.2148 0.0776
vn 0.9466 -0.1472 0.2869
vn 0.9814 -0.1849 0.0515
vn 0.9507 -0.2224 -0.2163
vn 0.9935 -0.1097 0.0303
vn 0.9746 -0.1011 -0.2001
vn 0.9153 -0.0767 -0.3953
vn 0.9864 -0.0919 -0.1364
vn 0.9482 -0.0602 -0.3119
vn 0.8507 -0.0172 -0.5253
vn 0.8627 -0.1430 -0.4850
vn 0.6695 -0.0967 -0.7365
vn 0.8697 -0.2448 -0.4286
vn 0.6843 -0.2146 -0.6969
vn 0.3926 -0.1826 -0.9014
vn 0.3978 -0.0425 -0.9165
vn 0.0549 -0.1506 -0.9871
vn 0.0707 0.0092 -0.9975
vn -0.2692 -0.1161 -0.9560
vn -0.2760 0.0576 -0.9594
vn -0.5707 -0.0854 -0.8167
vn -0.5823 0.0943 -0.8075
vn -0.8192 -0.0601 -0.5704
vn -0.8083 0.1029 -0.5798
vn -0.9524 -0.0494 -0.3009
vn -0.9300 0.0783 -0.3590
vn -0.3044 -0.3578 -0.8828
vn -0.0154 -0.4088 -0.9125
vn -0.1336 -0.7157 -0.6856
vn -0.3907 -0.6272 -0.6738
vn -0.1773 -0.9403 -0.2905
vn -0.4772 -0.8276 -0.2955
vn -0.1372 -0.9898 0.0383
vn -0.4880 -0.8716 0.0467
vn -0.7488 -0.6626 0.0159
vn -0.4707 -0.8784 -0.0821
vn -0.7206 -0.6874 -0.0910
vn -0.8897 -0.4492 -0.0815
vn -0.9062 -0.4208 -0.0420
vn -0.6780 -0.6823 -0.2736
vn -0.8628 -0.4612 -0.2070
vn -0.6892 -0.7069 -0.1587
vn -0.8823 -0.4573 -0.1118
vn -0.6808 -0.7316 0.0357
vn -0.8881 -0.4560 0.0582
vn -0.6324 -0.7207 0.2839
vn -0.8636 -0.4019 0.3044
vn -0.7987 -0.2925 0.5259
vn -0.8965 0.0811 0.4357
vn -0.5445 -0.6615 0.5157
vn -0.3612 -0.5411 0.7595
vn -0.6625 -0.1339 0.7370
vn 0.0013 -0.7863 0.6178
vn 0.2709 -0.5919 0.7591
vn -0.0765 -0.3337 0.9396
vn 0.2493 -0.8730 0.4191
vn 0.4781 -0.7074 0.5207
vn 0.6303 -0.5082 0.5869
vn 0.4587 -0.3531 0.8154
vn 0.3664 -0.9122 0.1834
vn 0.5942 -0.7573 0.2709
vn 0.7590 -0.5552 0.3401
vn 0.8758 -0.2935 0.3832
vn 0.7541 -0.2232 0.6176
vn 0.6945 -0.7175 0.0535
vn 0.8627 -0.4887 0.1303
vn 0.9492 -0.2372 0.2067
vn 0.9759 0.0314 0.2160
vn 0.9273 0.2018 0.3153
vn 0.9720 -0.0100 0.2346
vn 0.9183 0.1032 0.3822
vn 0.8096 0.2247 0.5422
vn 0.8115 0.3924 0.4330
vn 0.9622 -0.1029 0.2520
vn 0.9012 -0.0555 0.4298
vn 0.7843 0.0051 0.6204
vn 0.6113 0.0763 0.7877
vn 0.6396 0.3310 0.6938
vn 0.8895 -0.1146 0.4423
vn 0.7622 -0.0968 0.6401
vn 0.5782 -0.0698 0.8129
vn 0.3230 -0.0281 0.9460
vn 0.3651 0.1514 0.9186
vn 0.7647 -0.0975 0.6370
vn 0.5861 -0.0937 0.8048
vn 0.7592 -0.1048 0.6423
vn 0.8855 -0.1016 0.4533
vn 0.8707 -0.1204 0.4769
vn 0.8523 -0.1457 0.5024
vn 0.9621 -0.1072 0.2509
vn 0.9621 -0.1197 0.2452
vn 0.9926 -0.1113 0.0477
vn 0.0274 0.2213 0.9748
vn 0.0772 0.4835 0.8719
vn 0.3976 0.4192 0.8162
vn 0.1190 0.7411 0.6608
vn 0.3989 0.6694 0.6267
vn 0.6277 0.5553 0.5456
vn 0.4051 0.7558 0.5144
vn 0.6156 0.6233 0.4822
vn 0.4232 0.6774 0.6016
vn 0.6272 0.5348 0.5662
vn 0.6373 0.3041 0.7080
vn 0.5813 -0.0365 0.8129
vn 0.1252 0.7775 0.6163
vn 0.1346 0.8427 0.5213
vn -0.1797 0.8504 0.4945
vn -0.2025 0.7830 0.5882
vn -0.2099 0.7454 0.6328
vn -0.5274 0.6651 0.5287
vn -0.4832 0.7647 0.4264
vn -0.2815 0.4987 0.8198
vn -0.6034 0.4447 0.6620
vn -0.8138 0.3443 0.4681
vn -0.7608 0.5243 0.3825
vn -0.3305 0.2506 0.9100
vn -0.6269 0.2275 0.7451
vn -0.8143 0.1707 0.5548
vn -0.9247 0.1079 0.3652
vn -0.9317 0.2214 0.2878
vn -0.9072 0.3509 0.2322
vn -0.8843 0.4067 0.2294
vn -0.7299 0.5995 0.3282
vn -0.8949 0.3257 0.3050
vn -0.7611 0.5049 0.4071
vn -0.5086 0.6874 0.5185
vn -0.7736 0.2383 0.5872
vn -0.5146 0.4367 0.7379
vn -0.3898 0.0573 0.9191
vn 0.4309 -0.9018 -0.0321
vn 0.4906 -0.8474 -0.2030
vn 0.1403 -0.9843 -0.1066
vn 0.1671 -0.9485 -0.2691
vn 0.2381 -0.9619 -0.1340
vn 0.5897 -0.7948 -0.1431
vn 0.2655 -0.9641 0.0059
vn 0.6362 -0.7680 -0.0729
vn -0.1285 -0.9870 -0.0967
vn -0.1353 -0.9457 -0.2955
vn -0.4328 -0.8499 -0.3006
vn -0.1430 -0.9779 -0.1528
vn -0.4348 -0.8840 -0.1716
vn 0.9942 0.0085 0.1068
vn 0.9954 0.0083 -0.0952
vn 0.9849 -0.1636 0.0567
vn 0.9790 -0.1675 -0.1165
vn 0.9465 -0.1689 -0.2749
vn 0.9787 -0.1774 -0.1035
vn 0.9560 -0.1816 -0.2304
vn 0.9064 -0.1886 -0.3780
vn 0.8842 -0.1752 -0.4329
vn 0.8014 -0.2087 -0.5605
vn 0.7851 -0.1917 -0.5890
vn 0.6276 -0.2415 -0.7401
vn 0.6288 -0.2168 -0.7468
vn 0.3574 -0.2845 -0.8896
vn 0.3655 -0.2489 -0.8969
vn -0.0343 -0.3136 -0.9489
vn 0.0010 -0.2727 -0.9621
vn 0.0152 0.0464 -0.9988
vn -0.3292 -0.2825 -0.9010
vn -0.2956 0.0241 -0.9550
vn -0.2741 0.1919 -0.9424
vn -0.5319 -0.0058 -0.8468
vn -0.5136 0.1612 -0.8428
vn -0.4976 -0.0888 -0.8628
vn -0.6987 0.1230 -0.7048
vn -0.6849 -0.1101 -0.7202
vn -0.6907 -0.2242 -0.6875
vn -0.8364 -0.1293 -0.5326
vn -0.8409 -0.2089 -0.4993
vn -0.8733 -0.0902 -0.4788
vn -0.9427 -0.2017 -0.2657
vn -0.9574 -0.1081 -0.2678
vn -0.9771 -0.2118 -0.0213
vn -0.9471 -0.1476 -0.2852
vn -0.9863 -0.1646 -0.0144
vn -0.9547 -0.1833 0.2343
vn -0.9501 -0.2361 0.2038
vn -0.8785 -0.2021 0.4328
vn -0.8708 -0.2613 0.4163
vn -0.7734 -0.2163 0.5958
vn -0.7420 -0.2694 0.6139
vn -0.6219 -0.2294 0.7488
vn -0.5680 -0.2596 0.7810
vn -0.4148 -0.2402 0.8776
vn -0.3604 -0.2377 0.9020
vn -0.1443 -0.2469 0.9583
vn -0.4318 -0.2238 0.8738
vn -0.1784 -0.2178 0.9596
vn -0.4552 -0.1525 0.8772
vn -0.2217 -0.1451 0.9643
vn 0.0516 -0.1273 0.9905
vn -0.2419 -0.1303 0.9615
vn 0.0455 -0.1375 0.9895
vn 0.3392 -0.1462 0.9293
vn 0.0503 -0.1046 0.9932
vn 0.3634 -0.1165 0.9243
vn 0.6296 -0.1334 0.7654
vn 0.5982 -0.1516 0.7869
vn 0.8161 -0.1479 0.5587
vn 0.7928 -0.1526 0.5901
vn 0.9186 -0.1579 0.3624
vn 0.9052 -0.1533 0.3964
vn 0.9673 -0.1654 0.1925
vn 0.9607 -0.1575 0.2286
vn 0.9844 -0.1723 0.0363
vn 0.9707 0.1284 0.2033
vn 0.9904 0.1358 0.0253
vn 0.9837 0.1228 -0.1310
vn 0.9700 0.2404 0.0367
vn 0.9598 0.2431 -0.1404
vn 0.9265 0.2410 -0.2889
vn 0.9599 0.0990 -0.2624
vn 0.8716 0.2370 -0.4292
vn 0.9146 0.0692 -0.3985
vn 0.7638 0.2232 -0.6056
vn 0.8106 0.0425 -0.5840
vn 0.5625 0.1966 -0.8031
vn 0.6112 0.0043 -0.7915
vn 0.2712 0.1616 -0.9488
vn 0.3119 -0.0357 -0.9494
vn -0.0662 0.1200 -0.9906
vn -0.0663 -0.0569 -0.9962
vn -0.3765 0.0768 -0.9232
vn -0.3966 -0.0617 -0.9159
vn -0.3790 -0.3071 -0.8730
vn -0.6287 -0.0582 -0.7755
vn -0.5847 -0.2921 -0.7568
vn -0.5424 -0.2871 -0.7895
vn -0.7168 -0.2806 -0.6384
vn -0.6887 -0.2864 -0.6661
vn -0.7108 -0.0248 -0.7029
vn -0.8107 -0.2768 -0.5158
vn -0.8505 -0.0507 -0.5236
vn -0.8493 0.0720 -0.5230
vn -0.9537 -0.0761 -0.2910
vn -0.9586 0.0100 -0.2847
vn -0.9946 -0.1029 -0.0160
vn -0.9985 -0.0518 -0.0151
vn -0.9619 -0.1283 0.2414
vn -0.9648 -0.1047 0.2410
vn -0.8845 -0.1461 0.4430
vn -0.8841 -0.1453 0.4442
vn -0.7814 -0.1534 0.6049
vn -0.7783 -0.1774 0.6024
vn -0.6437 -0.1544 0.7495
vn -0.6346 -0.2049 0.7452
vn -0.8017 -0.1443 0.5800
vn -0.6707 -0.1344 0.7294
vn -0.4857 -0.1293 0.8645
vn -0.6993 -0.1024 0.7075
vn -0.5175 -0.0977 0.8501
vn -0.2614 -0.0986 0.9602
vn -0.5192 -0.0886 0.8501
vn -0.2647 -0.0759 0.9613
vn 0.0483 -0.0493 0.9976
vn -0.2617 -0.0275 0.9648
vn 0.0423 0.0232 0.9988
vn 0.3583 0.0793 0.9303
vn 0.3711 -0.0113 0.9285
vn 0.6078 0.1306 0.7833
vn 0.6397 0.0307 0.7680
vn 0.7747 0.1716 0.6086
vn 0.8177 0.0695 0.5715
vn 0.8770 0.2057 0.4341
vn 0.9175 0.1027 0.3842
vn 0.9434 0.2317 0.2372
vn 0.8908 0.1378 0.4331
vn 0.9639 0.0899 0.2505
vn 0.9043 0.2469 0.3482
vn 0.9723 0.1327 0.1922
vn 0.8912 0.3839 0.2417
vn 0.9674 0.2228 0.1201
vn 0.8783 0.4295 0.2099
vn 0.9580 0.2524 0.1364
vn 0.9959 0.0669 0.0617
vn 0.9294 0.2556 0.2662
vn 0.9931 -0.1174 -0.0033
vn 0.9367 -0.3437 -0.0669
vn 0.7799 -0.6143 0.1203
vn 0.7937 -0.5961 -0.1215
vn 0.7893 -0.5661 -0.2379
vn 0.5728 -0.8058 -0.1501
vn 0.5638 -0.7729 -0.2913
vn 0.6067 -0.7872 -0.1104
vn 0.8310 -0.5471 -0.1011
vn 0.6150 -0.7852 0.0728
vn 0.8457 -0.5337 0.0016
vn 0.3324 -0.9370 -0.1075
vn 0.3244 -0.9404 0.1022
vn 0.2947 -0.9431 -0.1537
vn -0.0127 -0.9951 0.0979
vn -0.0037 -0.9903 -0.1392
vn -0.0229 -0.8194 -0.5728
vn 0.2790 -0.7777 -0.5633
vn -0.0651 -0.4732 -0.8785
vn 0.2604 -0.4480 -0.8553
vn -0.0836 -0.1811 -0.9799
vn 0.2459 -0.1552 -0.9568
vn 0.5643 -0.1178 -0.8171
vn 0.8191 -0.0853 -0.5672
vn 0.2637 0.0602 -0.9627
vn 0.5627 0.1031 -0.8202
vn 0.7877 0.1217 -0.6039
vn 0.9192 0.1037 -0.3798
vn 0.9524 -0.0649 -0.2978
vn -0.0698 0.0072 -0.9975
vn -0.3853 -0.2009 -0.9007
vn -0.3780 -0.0418 -0.9248
vn -0.6747 -0.2224 -0.7038
vn -0.6481 -0.0865 -0.7566
vn -0.6298 0.0388 -0.7758
vn -0.8456 -0.1247 -0.5191
vn -0.8216 -0.0035 -0.5701
vn -0.7876 -0.0690 -0.6123
vn -0.9256 -0.0421 -0.3763
vn -0.8867 -0.0915 -0.4532
vn -0.8236 -0.2720 -0.4977
vn -0.9510 -0.1102 -0.2889
vn -0.9202 -0.2494 -0.3019
vn -0.9194 -0.2555 -0.2991
vn -0.9756 -0.2118 -0.0573
vn -0.9745 -0.2226 -0.0291
vn -0.9666 -0.1695 0.1923
vn -0.9556 -0.1869 0.2279
vn -0.9114 -0.1361 0.3883
vn -0.8920 -0.1607 0.4225
vn -0.8258 -0.1147 0.5522
vn -0.9302 -0.1057 0.3514
vn -0.8425 -0.0988 0.5296
vn -0.7070 -0.0938 0.7009
vn -0.8432 -0.1067 0.5268
vn -0.6977 -0.0899 0.7107
vn -0.5067 -0.0647 0.8597
vn -0.7138 0.0175 0.7002
vn -0.5265 0.0824 0.8462
vn -0.2799 0.1458 0.9489
vn -0.5377 0.3683 0.7584
vn -0.2839 0.4404 0.8517
vn 0.0150 0.4842 0.8748
vn 0.0305 0.1961 0.9801
vn 0.3256 0.4909 0.8081
vn 0.3532 0.2243 0.9083
vn 0.5996 0.4415 0.6675
vn 0.6066 0.2149 0.7654
vn 0.7836 0.3563 0.5090
vn 0.7771 0.1821 0.6024
vn 0.5664 0.6626 0.4901
vn 0.7650 0.5319 0.3631
vn 0.7444 0.6038 0.2852
vn 0.6918 0.6065 0.3919
vn 0.8421 0.4281 0.3281
vn 0.4923 0.5797 0.6493
vn 0.6703 0.4142 0.6157
vn 0.8022 0.2342 0.5492
vn 0.3629 0.3302 0.8714
vn 0.5337 0.1175 0.8374
vn 0.2568 -0.0630 0.9644
vn 0.4663 -0.3559 0.8099
vn 0.0901 0.1788 0.9797
vn -0.0966 0.0265 0.9950
vn 0.0559 -0.2218 0.9735
vn 0.1880 0.4920 0.8501
vn -0.0503 0.3660 0.9293
vn -0.2266 0.2289 0.9467
vn -0.3825 0.0675 0.9215
vn -0.2698 -0.1274 0.9545
vn -0.2369 0.5551 0.7974
vn -0.4129 0.4371 0.7990
vn -0.5492 0.2938 0.7823
vn -0.5664 0.5702 0.5950
vn -0.7066 0.4200 0.5695
vn -0.6489 0.6054 0.4609
vn -0.8042 0.4270 0.4134
vn -0.9101 0.2159 0.3536
vn -0.9556 0.0037 0.2948
vn -0.8426 0.3541 0.4057
vn -0.9346 0.1832 0.3049
vn -0.9790 0.0033 0.2038
vn -0.9776 -0.1810 0.1071
vn -0.9496 -0.2110 0.2317
vn -0.9442 0.0590 0.3240
vn -0.9836 -0.0552 0.1717
vn -0.9371 -0.0879 0.3377
vn -0.9787 -0.1257 0.1622
vn -0.9350 -0.1160 0.3350
vn -0.9824 -0.1148 0.1477
vn -0.9938 -0.1000 -0.0488
vn -0.9720 -0.0740 -0.2232
vn -0.9812 -0.1140 0.1557
vn -0.9900 -0.1174 -0.0778
vn -0.8514 -0.0415 0.5229
vn -0.8613 0.1716 0.4783
vn -0.7304 0.2741 0.6256
vn -0.6968 0.5110 0.5033
vn -0.4969 0.6402 0.5859
vn -0.4513 0.7510 0.4820
vn -0.2178 0.8489 0.4816
vn -0.2575 0.7244 0.6395
vn 0.0036 0.7639 0.6453
vn 0.2844 0.7492 0.5982
vn -0.3830 0.7023 0.6001
vn -0.1373 0.8125 0.5665
vn 0.0063 0.6683 0.7439
vn -0.8840 -0.4391 0.1602
vn -0.8021 -0.4643 0.3755
vn -0.9304 -0.3666 0.0031
vn -0.7845 -0.6129 -0.0944
vn -0.7284 -0.6809 0.0768
vn -0.4878 -0.8729 -0.0086
vn -0.6475 -0.6952 0.3122
vn -0.5320 -0.8245 -0.1926
vn -0.2438 -0.9347 -0.2586
vn -0.2068 -0.9752 -0.0793
vn -0.6117 -0.7794 -0.1354
vn -0.3203 -0.9380 -0.1326
vn 0.0109 -0.9934 -0.1146
vn 0.0432 -0.9552 -0.2929
vn -0.6913 -0.7225 -0.0093
vn -0.3737 -0.9248 0.0717
vn 0.3087 -0.9009 -0.3052
vn 0.3163 -0.9367 -0.1501
vn 0.0660 -0.9898 -0.1261
vn 0.3194 -0.9418 0.1044
vn 0.5718 -0.8131 0.1086
vn 0.4839 -0.7197 0.4979
vn 0.2546 -0.8323 0.4924
vn 0.2797 -0.5044 0.8169
vn 0.0783 -0.6070 0.7908
vn -0.1327 -0.3495 0.9275
vn -0.3025 -0.4703 0.8290
vn -0.4944 -0.6088 0.6205
vn -0.4176 -0.2695 0.8678
vn -0.6194 -0.4035 0.6734
vn 0.6652 -0.5536 0.5010
vn -0.8720 -0.2413 -0.4258
vn -0.2710 -0.1533 0.9503
vn -0.1832 -0.5199 -0.8343
vn 0.0796 0.8373 0.5410
vn 0.0945 0.8140 0.5731
vn 0.0801 0.9192 0.3856
vn -0.0428 0.8492 0.5263
vn -0.0292 0.7126 0.7009
vn 0.1333 0.6821 0.7190
vn -0.0144 0.5088 0.8607
vn -0.1082 0.9302 0.3507
vn -0.0683 0.9862 0.1506
vn -0.1527 0.9789 0.1361
vn -0.1408 0.9886 -0.0525
vn -0.0936 0.9954 0.0206
vn -0.1142 0.9786 -0.1711
vn -0.2108 0.9662 -0.1486
vn -0.2024 0.9096 -0.3629
vn -0.2649 0.8884 -0.3748
vn -0.2693 0.7769 -0.5691
vn -0.2555 0.8999 -0.3534
vn -0.2569 0.7925 -0.5532
vn -0.6502 0.6784 -0.3421
vn -0.5810 0.6106 -0.5381
vn 0.6175 -0.0738 0.7831
vn 0.8950 -0.2612 0.3616
vn 0.8806 -0.1782 0.4392
vn 0.7446 -0.0872 0.6618
vn 0.5822 -0.5907 0.5587
vt 0.635694 0.345625
vt 0.631891 0.353666
vt 0.612334 0.344893
vt 0.611635 0.336520
vt 0.610248 0.322204
vt 0.629878 0.324679
vt 0.647802 0.324303
vt 0.656983 0.347319
vt 0.647875 0.363304
vt 0.643300 0.365341
vt 0.658274 0.361868
vt 0.666550 0.340861
vt 0.674410 0.349834
vt 0.669859 0.354860
vt 0.667816 0.362119
vt 0.482353 0.709780
vt 0.492908 0.691973
vt 0.496673 0.693264
vt 0.488368 0.709420
vt 0.510056 0.403373
vt 0.515195 0.404829
vt 0.513828 0.426536
vt 0.510056 0.428532
vt 0.469364 0.720166
vt 0.467423 0.714105
vt 0.478090 0.704206
vt 0.475727 0.729270
vt 0.469882 0.731192
vt 0.482358 0.727480
vt 0.550397 0.360624
vt 0.539910 0.365706
vt 0.537582 0.357621
vt 0.545581 0.351609
vt 0.559879 0.345966
vt 0.567006 0.349092
vt 0.558357 0.363194
vt 0.553373 0.342368
vt 0.631718 0.269010
vt 0.608879 0.277579
vt 0.609323 0.266701
vt 0.628953 0.257152
vt 0.639564 0.245615
vt 0.644575 0.248840
vt 0.657587 0.254056
vt 0.649716 0.273050
vt 0.666514 0.263377
vt 0.661004 0.277309
vt 0.667661 0.250073
vt 0.672701 0.256166
vt 0.657543 0.236188
vt 0.664540 0.237559
vt 0.649982 0.234320
vt 0.659625 0.887206
vt 0.675573 0.880844
vt 0.675630 0.909961
vt 0.665142 0.908917
vt 0.590908 0.765952
vt 0.590908 0.744683
vt 0.599500 0.744315
vt 0.606292 0.755252
vt 0.644827 0.878683
vt 0.645063 0.856934
vt 0.659971 0.857865
vt 0.674521 0.856487
vt 0.647771 0.906713
vt 0.638784 0.905443
vt 0.607293 0.272232
vt 0.601730 0.277538
vt 0.587394 0.260321
vt 0.591760 0.257207
vt 0.489872 0.776668
vt 0.484011 0.786279
vt 0.476693 0.779746
vt 0.479552 0.769314
vt 0.499684 0.790553
vt 0.495662 0.793969
vt 0.212596 0.386773
vt 0.206664 0.400442
vt 0.204652 0.399421
vt 0.208243 0.386458
vt 0.220418 0.378055
vt 0.221572 0.383326
vt 0.213261 0.390570
vt 0.464845 0.505958
vt 0.467000 0.509643
vt 0.466580 0.519789
vt 0.464644 0.519453
vt 0.701476 0.570370
vt 0.694557 0.568229
vt 0.701220 0.560285
vt 0.709725 0.562159
vt 0.714478 0.336391
vt 0.724504 0.351831
vt 0.719483 0.353276
vt 0.712827 0.348576
vt 0.712649 0.583003
vt 0.701101 0.581218
vt 0.839105 0.068429
vt 0.835920 0.065909
vt 0.838697 0.060192
vt 0.842286 0.065545
vt 0.843887 0.071264
vt 0.839197 0.073430
vt 0.834853 0.073069
vt 0.850467 0.064087
vt 0.849754 0.082098
vt 0.843653 0.082986
vt 0.846036 0.056782
vt 0.858336 0.062294
vt 0.856397 0.081824
vt 0.749103 0.335751
vt 0.750693 0.325557
vt 0.761583 0.328647
vt 0.753698 0.345400
vt 0.747492 0.349729
vt 0.744053 0.340088
vt 0.739804 0.326093
vt 0.138637 0.902016
vt 0.144877 0.909148
vt 0.141075 0.926356
vt 0.135780 0.906491
vt 0.557008 0.545281
vt 0.559242 0.541572
vt 0.566098 0.548618
vt 0.564832 0.553109
vt 0.564555 0.560701
vt 0.558068 0.557463
vt 0.552973 0.529198
vt 0.555116 0.528760
vt 0.553745 0.556387
vt 0.552282 0.544471
vt 0.549966 0.529495
vt 0.547323 0.242606
vt 0.553795 0.256867
vt 0.547814 0.260021
vt 0.541947 0.251530
vt 0.534786 0.247021
vt 0.537417 0.239547
vt 0.554718 0.240311
vt 0.560904 0.253425
vt 0.737771 0.343857
vt 0.729554 0.330395
vt 0.740270 0.352644
vt 0.731017 0.349410
vt 0.722093 0.335425
vt 0.734190 0.356107
vt 0.194495 0.334254
vt 0.192455 0.332960
vt 0.194203 0.330374
vt 0.196401 0.333042
vt 0.194749 0.336717
vt 0.191733 0.336206
vt 0.197586 0.336401
vt 0.246290 0.796148
vt 0.247158 0.790169
vt 0.252145 0.790344
vt 0.252489 0.797478
vt 0.600564 0.636782
vt 0.600026 0.628129
vt 0.604367 0.628229
vt 0.605480 0.634820
vt 0.594165 0.636909
vt 0.595147 0.628060
vt 0.596059 0.645100
vt 0.590908 0.648072
vt 0.241379 0.793890
vt 0.242438 0.790202
vt 0.679358 0.591350
vt 0.679039 0.589032
vt 0.682370 0.588691
vt 0.681973 0.592240
vt 0.677406 0.592428
vt 0.676320 0.589547
vt 0.680136 0.595229
vt 0.516962 0.261827
vt 0.517618 0.264965
vt 0.515129 0.264717
vt 0.515563 0.260659
vt 0.518256 0.260570
vt 0.520025 0.264326
vt 0.516669 0.259033
vt 0.594412 0.563678
vt 0.593237 0.561947
vt 0.594951 0.561124
vt 0.595526 0.563608
vt 0.594044 0.565188
vt 0.592093 0.563656
vt 0.595396 0.565370
vt 0.571741 0.563536
vt 0.572036 0.556912
vt 0.578512 0.558952
vt 0.578791 0.563002
vt 0.237920 0.790301
vt 0.240844 0.783280
vt 0.243905 0.784107
vt 0.568804 0.569483
vt 0.563855 0.568531
vt 0.575070 0.565444
vt 0.571902 0.569566
vt 0.759219 0.353557
vt 0.751151 0.357955
vt 0.771583 0.353746
vt 0.771637 0.371054
vt 0.762492 0.372835
vt 0.756296 0.375985
vt 0.748830 0.366829
vt 0.744497 0.358911
vt 0.750807 0.379342
vt 0.744138 0.370621
vt 0.738417 0.363098
vt 0.248018 0.767605
vt 0.248965 0.769047
vt 0.247522 0.769204
vt 0.246723 0.767272
vt 0.514234 0.257485
vt 0.515271 0.258065
vt 0.514267 0.259896
vt 0.513176 0.258817
vt 0.514709 0.256291
vt 0.516266 0.256742
vt 0.243461 0.773197
vt 0.242386 0.771574
vt 0.244154 0.769397
vt 0.245260 0.772380
vt 0.588050 0.566808
vt 0.583923 0.564687
vt 0.583663 0.562135
vt 0.588381 0.565277
vt 0.245021 0.778520
vt 0.242326 0.777690
vt 0.559212 0.597660
vt 0.559537 0.594571
vt 0.563137 0.595278
vt 0.561445 0.599547
vt 0.559190 0.601825
vt 0.557334 0.598607
vt 0.556838 0.594522
vt 0.597827 0.605547
vt 0.598183 0.609139
vt 0.594199 0.609848
vt 0.594773 0.605119
vt 0.518441 0.430039
vt 0.519197 0.433417
vt 0.516339 0.433176
vt 0.516191 0.428882
vt 0.600049 0.603968
vt 0.602145 0.608472
vt 0.740084 0.388675
vt 0.735191 0.377683
vt 0.738630 0.374661
vt 0.744993 0.379771
vt 0.064387 0.890634
vt 0.068053 0.887273
vt 0.071241 0.897280
vt 0.068936 0.901763
vt 0.070336 0.881594
vt 0.073493 0.887347
vt 0.064375 0.864321
vt 0.067962 0.862350
vt 0.072383 0.863020
vt 0.497941 0.890397
vt 0.497955 0.911283
vt 0.489904 0.914030
vt 0.489922 0.892434
vt 0.014197 0.844200
vt 0.017316 0.852786
vt 0.011551 0.873839
vt 0.007235 0.869254
vt 0.488757 0.878262
vt 0.493419 0.876105
vt 0.015678 0.821918
vt 0.020324 0.822502
vt 0.021564 0.837979
vt 0.023306 0.844159
vt 0.763001 0.392982
vt 0.757368 0.394362
vt 0.075476 0.904670
vt 0.076747 0.879533
vt 0.080392 0.882383
vt 0.079320 0.903946
vt 0.128752 0.848890
vt 0.125216 0.856899
vt 0.120293 0.846803
vt 0.122030 0.841183
vt 0.124018 0.828316
vt 0.128279 0.828651
vt 0.132359 0.827938
vt 0.134286 0.848220
vt 0.057478 0.841755
vt 0.062962 0.840331
vt 0.052909 0.819154
vt 0.057729 0.817731
vt 0.053954 0.848419
vt 0.047449 0.841651
vt 0.048784 0.836199
vt 0.060387 0.865989
vt 0.047127 0.820127
vt 0.086056 0.850759
vt 0.080749 0.849810
vt 0.085961 0.824374
vt 0.089950 0.825458
vt 0.093919 0.826322
vt 0.093100 0.842130
vt 0.094367 0.848136
vt 0.087657 0.861662
vt 0.209105 0.871947
vt 0.204699 0.871189
vt 0.202344 0.855233
vt 0.204680 0.854533
vt 0.206177 0.854245
vt 0.210736 0.867752
vt 0.218548 0.874934
vt 0.217531 0.880469
vt 0.210687 0.885698
vt 0.206237 0.883940
vt 0.556588 0.049756
vt 0.552183 0.063914
vt 0.549651 0.062840
vt 0.552204 0.049451
vt 0.559089 0.055446
vt 0.554467 0.065043
vt 0.566026 0.039449
vt 0.565536 0.048342
vt 0.266283 0.327104
vt 0.266581 0.330319
vt 0.264019 0.330401
vt 0.264473 0.326206
vt 0.197138 0.914567
vt 0.195596 0.916938
vt 0.194253 0.912547
vt 0.196632 0.911519
vt 0.199137 0.914960
vt 0.198234 0.918990
vt 0.221204 0.891945
vt 0.216575 0.889189
vt 0.224782 0.884531
vt 0.598724 0.723672
vt 0.599383 0.718094
vt 0.604543 0.718972
vt 0.606256 0.726741
vt 0.230825 0.886262
vt 0.227923 0.890795
vt 0.510056 0.403374
vt 0.510905 0.395678
vt 0.515453 0.396919
vt 0.515655 0.402729
vt 0.593543 0.721624
vt 0.595146 0.718042
vt 0.958246 0.427725
vt 0.959176 0.426593
vt 0.963355 0.431356
vt 0.960709 0.431871
vt 0.587010 0.044532
vt 0.585651 0.048535
vt 0.582908 0.047658
vt 0.585814 0.042802
vt 0.588217 0.040901
vt 0.589102 0.043410
vt 0.670388 0.009533
vt 0.670192 0.012719
vt 0.667255 0.012133
vt 0.668745 0.007766
vt 0.541371 0.009456
vt 0.540379 0.007619
vt 0.543278 0.004977
vt 0.543523 0.008665
vt 0.543028 0.012885
vt 0.540580 0.012605
vt 0.521502 0.403374
vt 0.520279 0.396979
vt 0.564186 0.033019
vt 0.566848 0.032123
vt 0.569827 0.035783
vt 0.558925 0.035968
vt 0.589846 0.037266
vt 0.588476 0.038291
vt 0.587140 0.036934
vt 0.588576 0.035956
vt 0.956947 0.420328
vt 0.956926 0.419048
vt 0.959287 0.419497
vt 0.958761 0.421229
vt 0.957536 0.422780
vt 0.956024 0.421347
vt 0.517933 0.380944
vt 0.517802 0.379320
vt 0.520151 0.378642
vt 0.519701 0.381063
vt 0.515147 0.384640
vt 0.513852 0.382656
vt 0.517617 0.386137
vt 0.601549 0.692466
vt 0.603465 0.691839
vt 0.603995 0.695632
vt 0.601186 0.695182
vt 0.597812 0.694657
vt 0.599546 0.691059
vt 0.601816 0.688788
vt 0.583904 0.036649
vt 0.581321 0.037767
vt 0.581569 0.035318
vt 0.585280 0.035401
vt 0.585323 0.038173
vt 0.582230 0.040185
vt 0.863229 0.811522
vt 0.853495 0.810542
vt 0.850614 0.797864
vt 0.856374 0.797525
vt 0.860382 0.797062
vt 0.866909 0.809590
vt 0.879272 0.818263
vt 0.877759 0.820934
vt 0.863901 0.818810
vt 0.855108 0.818077
vt 0.876873 0.824684
vt 0.555873 0.005365
vt 0.555264 0.008747
vt 0.551713 0.008482
vt 0.552931 0.004276
vt 0.558168 0.004254
vt 0.558827 0.008604
vt 0.555077 0.001196
vt 0.508178 0.684924
vt 0.506736 0.681906
vt 0.511107 0.680278
vt 0.511288 0.684973
vt 0.505387 0.689876
vt 0.502673 0.686479
vt 0.508697 0.692133
vt 0.017350 0.670612
vt 0.016671 0.668597
vt 0.021058 0.666442
vt 0.020730 0.670016
vt 0.520862 0.687837
vt 0.521566 0.691427
vt 0.518840 0.692950
vt 0.518941 0.687373
vt 0.020080 0.675457
vt 0.015869 0.674679
vt 0.035295 0.681613
vt 0.030222 0.695093
vt 0.024453 0.694554
vt 0.025818 0.682319
vt 0.025930 0.675787
vt 0.034724 0.674926
vt 0.046781 0.669928
vt 0.048285 0.673573
vt 0.050132 0.676358
vt 0.039686 0.684344
vt 0.034332 0.695671
vt 0.895954 0.818234
vt 0.897934 0.816796
vt 0.900502 0.819694
vt 0.896839 0.820894
vt 0.891672 0.816499
vt 0.892849 0.813791
vt 0.890648 0.819598
vt 0.508138 0.710122
vt 0.508248 0.712874
vt 0.505417 0.712577
vt 0.506312 0.709062
vt 0.510394 0.709302
vt 0.511467 0.712713
vt 0.508811 0.707091
vt 0.114981 0.683520
vt 0.123884 0.684550
vt 0.125708 0.698203
vt 0.120300 0.698714
vt 0.116687 0.698947
vt 0.111389 0.685510
vt 0.100467 0.675842
vt 0.101975 0.673560
vt 0.115150 0.675834
vt 0.123143 0.676412
vt 0.103063 0.669657
vt 0.062706 0.668450
vt 0.065212 0.669715
vt 0.059573 0.672362
vt 0.058009 0.669722
vt 0.056686 0.666465
vt 0.063328 0.665690
vt 0.067293 0.666376
vt 0.511679 0.784689
vt 0.511336 0.787842
vt 0.508203 0.787421
vt 0.509843 0.783171
vt 0.513948 0.783151
vt 0.514665 0.787106
vt 0.512532 0.780773
vt 0.130318 0.669872
vt 0.132747 0.675209
vt 0.128544 0.675864
vt 0.127175 0.669685
vt 0.502211 0.618182
vt 0.504764 0.617587
vt 0.503482 0.625084
vt 0.500574 0.623300
vt 0.501299 0.615530
vt 0.504375 0.613469
vt 0.879770 0.413254
vt 0.876476 0.413451
vt 0.879647 0.408107
vt 0.883544 0.408351
vt 0.516234 0.617219
vt 0.513532 0.617071
vt 0.513769 0.612631
vt 0.517149 0.614360
vt 0.517854 0.623049
vt 0.514517 0.624871
vt 0.868782 0.401198
vt 0.877718 0.400343
vt 0.874932 0.407716
vt 0.866524 0.408246
vt 0.876214 0.385608
vt 0.881131 0.385833
vt 0.864847 0.399313
vt 0.872739 0.385303
vt 0.164161 0.746370
vt 0.164005 0.750314
vt 0.160875 0.750411
vt 0.162050 0.745169
vt 0.163799 0.742270
vt 0.165800 0.744714
vt 0.166542 0.749873
vt 0.079508 0.666366
vt 0.084008 0.666685
vt 0.083463 0.669298
vt 0.078152 0.668089
vt 0.076382 0.666442
vt 0.078494 0.664628
vt 0.084448 0.664069
vt 0.828052 0.410100
vt 0.831556 0.409531
vt 0.832057 0.412262
vt 0.827365 0.412033
vt 0.826976 0.408632
vt 0.830950 0.406872
vt 0.825706 0.410805
vt 0.780702 0.588644
vt 0.782916 0.589265
vt 0.779738 0.593005
vt 0.777546 0.590971
vt 0.780941 0.586329
vt 0.783991 0.586491
vt 0.776082 0.588293
vt 0.302245 0.591307
vt 0.321543 0.600945
vt 0.317499 0.620575
vt 0.291539 0.600761
vt 0.281222 0.583403
vt 0.296712 0.574974
vt 0.326477 0.574811
vt 0.459575 0.194628
vt 0.440459 0.174889
vt 0.461397 0.157706
vt 0.476762 0.193488
vt 0.478390 0.213462
vt 0.458187 0.211054
vt 0.423612 0.194127
vt 0.763629 0.704274
vt 0.743828 0.715498
vt 0.739444 0.690083
vt 0.768930 0.688192
vt 0.773358 0.712393
vt 0.747175 0.734040
vt 0.783017 0.695141
vt 0.397681 0.300063
vt 0.389882 0.292897
vt 0.397663 0.281104
vt 0.405484 0.293216
vt 0.414730 0.289544
vt 0.423801 0.316450
vt 0.411840 0.321121
vt 0.397747 0.323297
vt 0.406180 0.275618
vt 0.397624 0.267683
vt 0.406405 0.262409
vt 0.415106 0.271519
vt 0.423766 0.285760
vt 0.389264 0.275253
vt 0.379903 0.271048
vt 0.388322 0.262179
vt 0.380698 0.289159
vt 0.371601 0.285326
vt 0.362964 0.281590
vt 0.370715 0.267728
vt 0.371906 0.316497
vt 0.361844 0.310595
vt 0.353539 0.304444
vt 0.347100 0.350877
vt 0.335909 0.341643
vt 0.778397 0.722768
vt 0.749736 0.748508
vt 0.790207 0.703094
vt 0.323644 0.396555
vt 0.304848 0.381487
vt 0.293606 0.365724
vt 0.328117 0.330976
vt 0.283461 0.413345
vt 0.268980 0.393678
vt 0.718680 0.757088
vt 0.690422 0.772042
vt 0.687097 0.741850
vt 0.714785 0.732508
vt 0.287815 0.347401
vt 0.323656 0.317380
vt 0.680525 0.701003
vt 0.707838 0.696689
vt 0.676019 0.665853
vt 0.702410 0.666659
vt 0.736636 0.668739
vt 0.411782 0.236361
vt 0.364925 0.233984
vt 0.362509 0.218505
vt 0.411097 0.226992
vt 0.735172 0.655746
vt 0.770701 0.662787
vt 0.770408 0.673446
vt 0.787366 0.671235
vt 0.786527 0.681638
vt 0.469662 0.254217
vt 0.472140 0.246564
vt 0.486938 0.247845
vt 0.483830 0.256291
vt 0.361228 0.265774
vt 0.354665 0.278908
vt 0.474607 0.237351
vt 0.489468 0.237982
vt 0.501677 0.237055
vt 0.499087 0.247177
vt 0.378637 0.258441
vt 0.491229 0.226484
vt 0.503175 0.225214
vt 0.513515 0.222987
vt 0.512411 0.234923
vt 0.396888 0.256291
vt 0.503127 0.210260
vt 0.512684 0.207972
vt 0.520667 0.205505
vt 0.522381 0.220128
vt 0.414975 0.258726
vt 0.423495 0.268001
vt 0.268980 0.578674
vt 0.277357 0.570365
vt 0.273268 0.592314
vt 0.431667 0.281802
vt 0.285469 0.611743
vt 0.441386 0.304789
vt 0.433779 0.310896
vt 0.458117 0.340641
vt 0.448385 0.349949
vt 0.434601 0.357629
vt 0.473109 0.392376
vt 0.451809 0.404152
vt 0.425882 0.410457
vt 0.417351 0.361710
vt 0.397663 0.411207
vt 0.397189 0.363557
vt 0.370928 0.409544
vt 0.377923 0.361937
vt 0.383894 0.321169
vt 0.361303 0.357620
vt 0.346682 0.406131
vt 0.367027 0.447386
vt 0.337669 0.443151
vt 0.307381 0.432142
vt 0.333494 0.474453
vt 0.297797 0.462599
vt 0.270676 0.443212
vt 0.659989 0.811268
vt 0.664829 0.837578
vt 0.637439 0.846583
vt 0.633103 0.820141
vt 0.635078 0.788721
vt 0.658386 0.782665
vt 0.692341 0.796845
vt 0.638801 0.751649
vt 0.657930 0.746647
vt 0.639249 0.709075
vt 0.654043 0.704808
vt 0.633692 0.672578
vt 0.649136 0.668282
vt 0.627523 0.643980
vt 0.643771 0.641993
vt 0.671153 0.642164
vt 0.637480 0.621225
vt 0.664966 0.623383
vt 0.331117 0.210406
vt 0.332903 0.190263
vt 0.364202 0.202893
vt 0.697910 0.647196
vt 0.339162 0.168617
vt 0.370174 0.185752
vt 0.416343 0.207161
vt 0.412608 0.217659
vt 0.454364 0.222714
vt 0.451155 0.232509
vt 0.448965 0.240934
vt 0.476772 0.226517
vt 0.491899 0.212188
vt 0.489018 0.189715
vt 0.498998 0.186647
vt 0.474990 0.150729
vt 0.486143 0.147107
vt 0.495674 0.145647
vt 0.507667 0.184429
vt 0.293783 0.550786
vt 0.330208 0.542726
vt 0.328867 0.554975
vt 0.294571 0.560792
vt 0.514865 0.183184
vt 0.505185 0.146274
vt 0.489364 0.096385
vt 0.505069 0.098835
vt 0.364636 0.550813
vt 0.359395 0.578991
vt 0.391954 0.548758
vt 0.387679 0.581949
vt 0.380774 0.623942
vt 0.351639 0.615621
vt 0.377055 0.654668
vt 0.346780 0.640705
vt 0.374914 0.680187
vt 0.343990 0.661282
vt 0.497286 0.362892
vt 0.488539 0.378533
vt 0.464526 0.329845
vt 0.510056 0.411400
vt 0.490790 0.429998
vt 0.372410 0.704175
vt 0.411018 0.695255
vt 0.407158 0.722818
vt 0.498262 0.464671
vt 0.467467 0.475872
vt 0.464095 0.442360
vt 0.431526 0.478229
vt 0.432021 0.448160
vt 0.397779 0.477948
vt 0.398741 0.449075
vt 0.365167 0.477682
vt 0.395555 0.503394
vt 0.361904 0.502608
vt 0.326752 0.497079
vt 0.941931 0.456336
vt 0.952773 0.490995
vt 0.940942 0.488336
vt 0.931097 0.453124
vt 0.323043 0.505958
vt 0.290107 0.493064
vt 0.292583 0.485258
vt 0.913965 0.421002
vt 0.925936 0.450852
vt 0.908511 0.419867
vt 0.625219 0.847832
vt 0.618803 0.847402
vt 0.617688 0.823526
vt 0.623502 0.822422
vt 0.622060 0.792964
vt 0.627302 0.791086
vt 0.628618 0.757095
vt 0.632150 0.754677
vt 0.629657 0.714263
vt 0.633343 0.712135
vt 0.624704 0.675989
vt 0.628617 0.674576
vt 0.618884 0.644895
vt 0.622571 0.644660
vt 0.612421 0.621346
vt 0.616899 0.621487
vt 0.622494 0.621417
vt 0.608879 0.601126
vt 0.615088 0.601764
vt 0.299822 0.168269
vt 0.306962 0.142087
vt 0.316328 0.152601
vt 0.309703 0.176853
vt 0.320370 0.112872
vt 0.330020 0.122236
vt 0.352566 0.140523
vt 0.357758 0.087219
vt 0.377777 0.108949
vt 0.405340 0.138247
vt 0.382698 0.164609
vt 0.410976 0.084157
vt 0.433479 0.115299
vt 0.440086 0.071801
vt 0.455309 0.103483
vt 0.462366 0.066217
vt 0.473255 0.097798
vt 0.482748 0.064650
vt 0.450272 0.041926
vt 0.472426 0.039830
vt 0.396424 0.526220
vt 0.424617 0.525737
vt 0.419877 0.550346
vt 0.502179 0.066304
vt 0.439957 0.527271
vt 0.434714 0.553858
vt 0.429455 0.589657
vt 0.415100 0.585850
vt 0.429345 0.634038
vt 0.411044 0.628458
vt 0.433182 0.671665
vt 0.411353 0.665381
vt 0.435045 0.704072
vt 0.440539 0.674692
vt 0.443887 0.706766
vt 0.441918 0.733505
vt 0.432486 0.731923
vt 0.499197 0.486171
vt 0.499503 0.492664
vt 0.469411 0.505958
vt 0.467640 0.498570
vt 0.935494 0.597692
vt 0.926470 0.599884
vt 0.939201 0.562267
vt 0.950528 0.560180
vt 0.430902 0.503011
vt 0.944114 0.524520
vt 0.956024 0.524527
vt 0.934076 0.564512
vt 0.939305 0.524766
vt 0.935832 0.486200
vt 0.936060 0.524825
vt 0.931758 0.484762
vt 0.921976 0.448832
vt 0.037679 0.420537
vt 0.029791 0.456813
vt 0.026278 0.454834
vt 0.034682 0.417951
vt 0.047873 0.388623
vt 0.050894 0.390068
vt 0.904072 0.419048
vt 0.066382 0.364127
vt 0.069791 0.365726
vt 0.613701 0.846883
vt 0.612935 0.824238
vt 0.608879 0.825667
vt 0.613615 0.796203
vt 0.617420 0.794473
vt 0.097357 0.349942
vt 0.093846 0.347871
vt 0.128738 0.338229
vt 0.131493 0.340524
vt 0.625515 0.759067
vt 0.167019 0.341199
vt 0.168667 0.344295
vt 0.627311 0.715493
vt 0.625766 0.716517
vt 0.619557 0.677767
vt 0.621892 0.677102
vt 0.613427 0.644185
vt 0.615742 0.644809
vt 0.286921 0.185845
vt 0.283967 0.185209
vt 0.287524 0.157567
vt 0.290960 0.159055
vt 0.294251 0.161541
vt 0.289949 0.186984
vt 0.294802 0.127787
vt 0.297808 0.130315
vt 0.300867 0.133759
vt 0.312625 0.099968
vt 0.315169 0.103164
vt 0.317605 0.106999
vt 0.303609 0.137497
vt 0.296747 0.164587
vt 0.341065 0.069081
vt 0.343780 0.071854
vt 0.347987 0.076464
vt 0.379988 0.047799
vt 0.385635 0.050440
vt 0.393986 0.060352
vt 0.415499 0.038289
vt 0.425434 0.047788
vt 0.442483 0.031784
vt 0.410962 0.034928
vt 0.439050 0.028699
vt 0.444759 0.506385
vt 0.450018 0.506279
vt 0.444467 0.527965
vt 0.430108 0.506284
vt 0.454428 0.505958
vt 0.448454 0.528540
vt 0.443890 0.557076
vt 0.439832 0.555614
vt 0.439722 0.594363
vt 0.435685 0.592482
vt 0.440837 0.640355
vt 0.436718 0.637833
vt 0.446370 0.676738
vt 0.443735 0.642269
vt 0.451094 0.678243
vt 0.454428 0.709324
vt 0.449573 0.708060
vt 0.452523 0.733634
vt 0.447583 0.733516
vt 0.445893 0.753112
vt 0.441697 0.752871
vt 0.904072 0.631507
vt 0.922114 0.601476
vt 0.908616 0.630896
vt 0.918815 0.603322
vt 0.929919 0.566051
vt 0.028751 0.537912
vt 0.036059 0.574688
vt 0.032810 0.576844
vt 0.025074 0.539817
vt 0.022015 0.497074
vt 0.025989 0.496997
vt 0.020891 0.542600
vt 0.017349 0.497288
vt 0.022349 0.452273
vt 0.012854 0.497429
vt 0.017634 0.451645
vt 0.027432 0.412980
vt 0.031529 0.415455
vt 0.040732 0.382528
vt 0.044137 0.385877
vt 0.060064 0.358614
vt 0.063030 0.361636
vt 0.088362 0.341515
vt 0.090794 0.344789
vt 0.124258 0.332008
vt 0.126337 0.335220
vt 0.163651 0.333187
vt 0.165552 0.337536
vt 0.291232 0.238077
vt 0.286236 0.238820
vt 0.278285 0.211839
vt 0.282469 0.211969
vt 0.286080 0.211723
vt 0.294707 0.236575
vt 0.276648 0.184649
vt 0.280607 0.184884
vt 0.279291 0.155100
vt 0.283478 0.156270
vt 0.288045 0.123595
vt 0.291443 0.125568
vt 0.305770 0.090851
vt 0.308130 0.093622
vt 0.310369 0.096716
vt 0.334737 0.062467
vt 0.336905 0.064870
vt 0.338964 0.067175
vt 0.370227 0.040024
vt 0.373318 0.042554
vt 0.376006 0.044975
vt 0.404167 0.028927
vt 0.407315 0.032142
vt 0.433716 0.022676
vt 0.436116 0.026003
vt 0.401685 0.025854
vt 0.431997 0.018949
vt 0.460478 0.016317
vt 0.461150 0.019405
vt 0.462391 0.022495
vt 0.486667 0.017316
vt 0.486518 0.020256
vt 0.451911 0.528452
vt 0.447250 0.558093
vt 0.513219 0.024450
vt 0.511463 0.027830
vt 0.442104 0.595664
vt 0.168667 0.641574
vt 0.166863 0.645050
vt 0.126201 0.651611
vt 0.128651 0.648854
vt 0.165129 0.649254
vt 0.124029 0.654650
vt 0.087955 0.645387
vt 0.091106 0.642157
vt 0.094682 0.639799
vt 0.059984 0.628899
vt 0.063691 0.626292
vt 0.067116 0.625026
vt 0.041021 0.606402
vt 0.044698 0.603441
vt 0.048226 0.602396
vt 0.029006 0.579344
vt 0.037523 0.609507
vt 0.024814 0.581403
vt 0.016126 0.543355
vt 0.020259 0.582692
vt 0.011131 0.543907
vt 0.008113 0.497631
vt 0.006328 0.544194
vt 0.003695 0.497719
vt 0.007853 0.450932
vt 0.012549 0.451168
vt 0.018116 0.409848
vt 0.022736 0.411115
vt 0.033377 0.377182
vt 0.037186 0.379589
vt 0.054515 0.352490
vt 0.057298 0.355430
vt 0.083836 0.335122
vt 0.086207 0.338196
vt 0.120151 0.326206
vt 0.122534 0.328776
vt 0.938079 0.178532
vt 0.934371 0.178843
vt 0.937896 0.133982
vt 0.942019 0.133477
vt 0.945621 0.133061
vt 0.940867 0.178351
vt 0.934112 0.091597
vt 0.937836 0.091529
vt 0.940851 0.091981
vt 0.929524 0.056270
vt 0.933225 0.056619
vt 0.274150 0.211525
vt 0.272638 0.183937
vt 0.268980 0.182593
vt 0.271940 0.152195
vt 0.275492 0.153834
vt 0.281830 0.119564
vt 0.285028 0.121833
vt 0.302051 0.086328
vt 0.303895 0.088664
vt 0.329020 0.056190
vt 0.330603 0.057975
vt 0.332484 0.060056
vt 0.362161 0.032661
vt 0.364568 0.035111
vt 0.367264 0.037582
vt 0.397524 0.018908
vt 0.399436 0.022310
vt 0.429641 0.011077
vt 0.430709 0.015276
vt 0.460107 0.008695
vt 0.460171 0.012680
vt 0.487402 0.009273
vt 0.487001 0.013372
vt 0.515388 0.014905
vt 0.514866 0.019814
vt 0.949281 0.103139
vt 0.952992 0.063172
vt 0.956150 0.062855
vt 0.953108 0.103577
vt 0.955412 0.150677
vt 0.952124 0.150456
vt 0.949369 0.150299
vt 0.945621 0.102984
vt 0.122278 0.657497
vt 0.120181 0.659682
vt 0.083227 0.651498
vt 0.085576 0.648446
vt 0.054034 0.634711
vt 0.056847 0.631846
vt 0.033784 0.612014
vt 0.051111 0.637360
vt 0.030031 0.613903
vt 0.015604 0.583610
vt 0.026275 0.615055
vt 0.011460 0.584039
vt 0.002333 0.544165
vt 0.584597 0.814178
vt 0.571352 0.854021
vt 0.567910 0.853759
vt 0.581034 0.813782
vt 0.587026 0.767660
vt 0.590908 0.767716
vt -0.000000 0.497709
vt 0.587008 0.720864
vt 0.590697 0.720725
vt 0.003586 0.450754
vt 0.578957 0.678659
vt 0.582382 0.678826
vt 0.013728 0.408919
vt 0.010094 0.408695
vt 0.026481 0.374858
vt 0.029679 0.375464
vt 0.915837 0.276036
vt 0.911417 0.276788
vt 0.912011 0.251082
vt 0.916607 0.250252
vt 0.051484 0.350009
vt 0.917507 0.218008
vt 0.922274 0.217931
vt 0.081295 0.332752
vt 0.926012 0.179028
vt 0.930211 0.178970
vt 0.925729 0.217246
vt 0.929097 0.135011
vt 0.933487 0.134465
vt 0.925859 0.092769
vt 0.930064 0.092092
vt 0.921341 0.057160
vt 0.925613 0.056403
vt 0.914896 0.025813
vt 0.919137 0.024915
vt 0.923055 0.025220
vt 0.907464 0.001233
vt 0.911119 0.000000
vt 0.268980 0.150109
vt 0.279184 0.116634
vt 0.016488 0.073970
vt 0.019488 0.074693
vt 0.009927 0.111979
vt 0.006958 0.111376
vt 0.300864 0.084310
vt 0.005615 0.151164
vt 0.002660 0.151025
vt -0.000000 0.150917
vt 0.004335 0.110852
vt 0.005684 0.190505
vt 0.002628 0.190852
vt -0.000000 0.191112
vt 0.360020 0.030593
vt 0.358342 0.029202
vt 0.391423 0.009653
vt 0.393713 0.012399
vt 0.395762 0.015699
vt 0.427309 0.003344
vt 0.428606 0.006971
vt 0.458945 0.000578
vt 0.459821 0.004388
vt 0.960017 0.030176
vt 0.963620 0.029781
vt 0.960026 0.063075
vt 0.487359 0.005206
vt 0.967854 0.029990
vt 0.964287 0.063702
vt 0.961812 0.104995
vt 0.957320 0.104211
vt 0.963798 0.151074
vt 0.959421 0.150873
vt 0.969897 0.192142
vt 0.965934 0.191602
vt 0.962855 0.190672
vt 0.973562 0.226397
vt 0.970053 0.225077
vt 0.080662 0.654021
vt 0.974318 0.192131
vt 0.978360 0.226358
vt 0.977303 0.254189
vt 0.972421 0.254154
vt 0.047996 0.639003
vt 0.549314 0.884797
vt 0.528674 0.908469
vt 0.525204 0.906095
vt 0.545326 0.883207
vt 0.563291 0.852338
vt 0.553099 0.884972
vt 0.541514 0.880487
vt 0.559052 0.850407
vt 0.571812 0.811552
vt 0.576309 0.812822
vt 0.578161 0.767313
vt 0.582668 0.767502
vt 0.577766 0.722139
vt 0.582582 0.721303
vt 0.569830 0.681021
vt 0.574535 0.679361
vt 0.555597 0.647971
vt 0.559601 0.645839
vt 0.563934 0.644726
vt 0.538816 0.623038
vt 0.542270 0.619883
vt 0.546610 0.618475
vt 0.522381 0.606567
vt 0.525152 0.603411
vt 0.907464 0.249651
vt 0.913503 0.217124
vt 0.910597 0.216053
vt 0.919301 0.179053
vt 0.922329 0.179040
vt 0.921313 0.136475
vt 0.924907 0.135648
vt 0.917597 0.095044
vt 0.921645 0.093685
vt 0.913950 0.059923
vt 0.917507 0.058334
vt 0.063543 0.023981
vt 0.066752 0.025923
vt 0.043527 0.047990
vt 0.040214 0.046138
vt 0.911260 0.027323
vt 0.026465 0.077744
vt 0.022993 0.076054
vt 0.037006 0.044931
vt 0.016244 0.113601
vt 0.013073 0.112710
vt 0.011685 0.151516
vt 0.008581 0.151319
vt 0.012134 0.189639
vt 0.008893 0.190099
vt 0.018248 0.225875
vt 0.014720 0.227104
vt 0.011115 0.228146
vt 0.028181 0.259941
vt 0.024614 0.261037
vt 0.021824 0.261085
vt 0.007671 0.228735
vt 0.974009 -0.000000
vt 0.978188 0.000697
vt 0.971987 0.030769
vt 0.970048 0.000426
vt 0.425535 -0.000000
vt 0.981999 0.002483
vt 0.975910 0.032094
vt 0.972602 0.066001
vt 0.968493 0.064669
vt 0.969852 0.106984
vt 0.966051 0.105870
vt 0.970675 0.151592
vt 0.967656 0.151344
vt 0.978146 0.191398
vt 0.184536 0.323696
vt 0.146595 0.326206
vt 0.148160 0.323063
vt 0.184931 0.319498
vt 0.215300 0.306181
vt 0.215776 0.309382
vt 0.981999 0.225006
vt 0.184777 0.315549
vt 0.213767 0.302415
vt 0.236407 0.281609
vt 0.238733 0.284446
vt 0.522380 0.902858
vt 0.211672 0.298803
vt 0.233515 0.278853
vt 0.251394 0.250196
vt 0.254477 0.252513
vt 0.539003 0.877705
vt 0.555671 0.848170
vt 0.263746 0.213047
vt 0.266807 0.214718
vt 0.567790 0.810106
vt 0.564305 0.808500
vt 0.570186 0.766816
vt 0.573912 0.767092
vt 0.569716 0.724206
vt 0.573385 0.723140
vt 0.562882 0.684861
vt 0.565954 0.682876
vt 0.263201 0.087262
vt 0.260153 0.089176
vt 0.245046 0.057191
vt 0.247943 0.054538
vt 0.552551 0.650582
vt 0.225157 0.033197
vt 0.227431 0.029783
vt 0.536596 0.626436
vt 0.199002 0.016705
vt 0.199868 0.012931
vt 0.200215 0.008967
vt 0.228960 0.026404
vt 0.166281 0.007810
vt 0.165708 0.004039
vt 0.164667 0.000613
vt 0.131908 0.006778
vt 0.130026 0.003078
vt 0.127834 -0.000000
vt 0.100549 0.015398
vt 0.097740 0.011893
vt 0.918307 0.137251
vt 0.914225 0.096487
vt 0.073236 0.031653
vt 0.070013 0.028514
vt 0.094784 0.009008
vt 0.050292 0.053254
vt 0.046984 0.050437
vt 0.033381 0.081648
vt 0.029917 0.079636
vt 0.022936 0.115386
vt 0.019470 0.114518
vt 0.018346 0.151872
vt 0.014850 0.151724
vt 0.018861 0.188846
vt 0.015401 0.189193
vt 0.025360 0.223483
vt 0.021733 0.224605
vt 0.039030 0.254210
vt 0.035312 0.256445
vt 0.031688 0.258382
vt 0.056307 0.282054
vt 0.052644 0.284539
vt 0.049147 0.286215
vt 0.082377 0.301939
vt 0.078926 0.304841
vt 0.979395 0.033970
vt 0.976313 0.067683
vt 0.113555 0.315240
vt 0.111107 0.318562
vt 0.972998 0.108147
vt 0.149303 0.319582
vt 0.973051 0.151815
vt 0.115600 0.311491
vt 0.150062 0.315777
vt 0.184146 0.311557
vt 0.150302 0.311648
vt 0.183195 0.307460
vt 0.209364 0.295392
vt 0.181958 0.303404
vt 0.206732 0.292012
vt 0.226478 0.273406
vt 0.230209 0.276112
vt 0.243431 0.245751
vt 0.247652 0.247947
vt 0.255756 0.209663
vt 0.260118 0.211390
vt 0.261132 0.170512
vt 0.265405 0.171001
vt 0.268980 0.171441
vt 0.260353 0.130830
vt 0.264803 0.129761
vt 0.268566 0.128788
vt 0.252052 0.093165
vt 0.256412 0.091167
vt 0.237972 0.062548
vt 0.241745 0.059926
vt 0.219900 0.039726
vt 0.222709 0.036465
vt 0.196204 0.024650
vt 0.197802 0.020654
vt 0.166172 0.016329
vt 0.166492 0.011899
vt 0.134287 0.015439
vt 0.133316 0.010949
vt 0.105191 0.023982
vt 0.103065 0.019464
vt 0.079372 0.039554
vt 0.076306 0.035399
vt 0.057220 0.060117
vt 0.053638 0.056529
vt 0.041091 0.086059
vt 0.037099 0.083670
vt 0.031043 0.117365
vt 0.026809 0.116202
vt 0.026646 0.152632
vt 0.022262 0.152170
vt 0.027036 0.188226
vt 0.022669 0.188583
vt 0.033275 0.220625
vt 0.029169 0.222148
vt 0.046439 0.248960
vt 0.042741 0.251675
vt 0.066422 0.272202
vt 0.063246 0.275848
vt 0.059848 0.279084
vt 0.088347 0.294693
vt 0.085507 0.298512
vt 0.117236 0.307406
vt 0.090819 0.290524
vt 0.118282 0.302918
vt 0.150020 0.307090
vt 0.118813 0.298213
vt 0.148989 0.302411
vt 0.179984 0.299303
vt 0.147542 0.297702
vt 0.176889 0.295204
vt 0.238708 0.535148
vt 0.243411 0.534283
vt 0.242936 0.560534
vt 0.237920 0.562095
vt 0.203615 0.288596
vt 0.199740 0.285253
vt 0.217133 0.267682
vt 0.222176 0.270570
vt 0.232090 0.241488
vt 0.238348 0.243318
vt 0.243828 0.206834
vt 0.250330 0.207952
vt 0.249826 0.169764
vt 0.255897 0.170238
vt 0.248771 0.132511
vt 0.255013 0.131974
vt 0.240598 0.097000
vt 0.247031 0.095112
vt 0.228322 0.067933
vt 0.233693 0.065198
vt 0.212187 0.046565
vt 0.216517 0.043076
vt 0.191247 0.033036
vt 0.194046 0.028743
vt 0.163537 0.025767
vt 0.165140 0.020859
vt 0.134246 0.025337
vt 0.134568 0.020272
vt 0.755751 0.277133
vt 0.753487 0.272334
vt 0.778082 0.258976
vt 0.780892 0.263532
vt 0.106802 0.028867
vt 0.795584 0.239580
vt 0.799262 0.244138
vt 0.081929 0.044306
vt 0.810346 0.217105
vt 0.814969 0.220788
vt 0.060838 0.064219
vt 0.820684 0.192561
vt 0.825705 0.194104
vt 0.045612 0.088418
vt 0.050122 0.090873
vt 0.040948 0.119589
vt 0.035902 0.118319
vt 0.036868 0.153388
vt 0.031633 0.152954
vt 0.037015 0.187298
vt 0.031888 0.187736
vt 0.042287 0.217158
vt 0.037661 0.219165
vt 0.812309 0.063702
vt 0.807933 0.066576
vt 0.792288 0.043825
vt 0.796083 0.039465
vt 0.050297 0.246084
vt 0.772960 0.025746
vt 0.775753 0.020838
vt 0.069455 0.268331
vt 0.751498 0.012084
vt 0.753750 0.007140
vt 0.092889 0.286131
vt 0.725339 0.004798
vt 0.727120 -0.000000
vt 0.748519 0.016816
vt 0.722636 0.009207
vt 0.239372 0.463485
vt 0.242748 0.464987
vt 0.248033 0.500458
vt 0.244010 0.500190
vt 0.118946 0.293722
vt 0.246754 0.465284
vt 0.252062 0.498950
vt 0.252393 0.530508
vt 0.248189 0.532730
vt 0.252201 0.557776
vt 0.247773 0.559388
vt 0.196266 0.283369
vt 0.192637 0.280727
vt 0.209781 0.261884
vt 0.213848 0.265080
vt 0.249706 0.580631
vt 0.244570 0.581395
vt 0.222924 0.235902
vt 0.226808 0.239215
vt 0.230539 0.205775
vt 0.236382 0.206461
vt 0.236290 0.169270
vt 0.243156 0.170036
vt 0.235060 0.131978
vt 0.241778 0.131839
vt 0.229983 0.101495
vt 0.234591 0.098076
vt 0.219615 0.073555
vt 0.224157 0.070743
vt 0.204871 0.051351
vt 0.208867 0.048927
vt 0.263394 0.558291
vt 0.258757 0.556630
vt 0.258582 0.530900
vt 0.263079 0.532865
vt 0.268069 0.533657
vt 0.268420 0.558906
vt 0.258875 0.499542
vt 0.263159 0.501210
vt 0.266964 0.501164
vt 0.262839 0.466376
vt 0.267104 0.465689
vt 0.161352 0.030088
vt 0.133511 0.030064
vt 0.749934 0.268044
vt 0.745974 0.264706
vt 0.770486 0.251116
vt 0.774417 0.254688
vt 0.785597 0.232210
vt 0.790698 0.235283
vt 0.798239 0.212971
vt 0.804501 0.214109
vt 0.808556 0.190401
vt 0.815053 0.191152
vt 0.814811 0.161854
vt 0.820433 0.162144
vt 0.825535 0.162449
vt 0.813867 0.129434
vt 0.819225 0.128860
vt 0.824342 0.128316
vt 0.807713 0.097582
vt 0.813241 0.096302
vt 0.818367 0.094961
vt 0.794989 0.071074
vt 0.802418 0.069179
vt 0.780209 0.051157
vt 0.786754 0.048381
vt 0.764577 0.035159
vt 0.769115 0.030935
vt 0.745289 0.021316
vt 0.759741 0.038707
vt 0.741215 0.025493
vt 0.242487 0.434230
vt 0.247642 0.435593
vt 0.251567 0.465345
vt 0.237920 0.433346
vt 0.717263 0.017864
vt 0.736612 0.033612
vt 0.715823 0.026456
vt 0.693994 0.025199
vt 0.693306 0.017015
vt 0.255462 0.497392
vt 0.139433 0.287159
vt 0.135551 0.278777
vt 0.159396 0.276848
vt 0.164806 0.285324
vt 0.169075 0.290572
vt 0.142416 0.291624
vt 0.180748 0.267255
vt 0.188075 0.275374
vt 0.197104 0.249858
vt 0.204932 0.257153
vt 0.208226 0.226010
vt 0.217246 0.231663
vt 0.213833 0.198287
vt 0.224137 0.202774
vt 0.215170 0.168307
vt 0.227839 0.169005
vt 0.216666 0.137544
vt 0.227697 0.134327
vt 0.214153 0.109465
vt 0.223364 0.104888
vt 0.206022 0.084107
vt 0.213974 0.077995
vt 0.192097 0.063813
vt 0.199709 0.056313
vt 0.173289 0.050524
vt 0.179110 0.042946
vt 0.183609 0.038094
vt 0.150564 0.044285
vt 0.153739 0.037214
vt 0.157517 0.033052
vt 0.127223 0.045346
vt 0.128893 0.037739
vt 0.255463 0.497443
vt 0.258960 0.465782
vt 0.743112 0.261075
vt 0.740337 0.253723
vt 0.760978 0.241114
vt 0.765565 0.247712
vt 0.263472 0.434705
vt 0.268420 0.433346
vt 0.775565 0.224794
vt 0.780902 0.229931
vt 0.787259 0.206657
vt 0.793388 0.210784
vt 0.794207 0.186460
vt 0.802828 0.189892
vt 0.797472 0.160961
vt 0.808049 0.161618
vt 0.796871 0.131018
vt 0.807396 0.130076
vt 0.790924 0.101736
vt 0.801050 0.099021
vt 0.782026 0.078078
vt 0.789351 0.072621
vt 0.770054 0.060132
vt 0.775858 0.054339
vt 0.755000 0.045401
vt 0.758626 0.073342
vt 0.745809 0.062127
vt 0.729194 0.054189
vt 0.739245 0.073918
vt 0.725322 0.066795
vt 0.710217 0.064013
vt 0.711493 0.049745
vt 0.696011 0.065850
vt 0.694376 0.048730
vt 0.128098 0.255072
vt 0.123830 0.237683
vt 0.137534 0.234366
vt 0.146396 0.253797
vt 0.150405 0.227443
vt 0.163135 0.245752
vt 0.161253 0.217285
vt 0.176764 0.232051
vt 0.170150 0.203368
vt 0.186729 0.213908
vt 0.176713 0.185738
vt 0.192597 0.191853
vt 0.179387 0.165620
vt 0.195197 0.166950
vt 0.178276 0.145100
vt 0.195552 0.141164
vt 0.173946 0.126736
vt 0.192294 0.118332
vt 0.167102 0.111687
vt 0.184683 0.098803
vt 0.157737 0.099874
vt 0.172915 0.082773
vt 0.146243 0.090872
vt 0.157752 0.071961
vt 0.133633 0.085693
vt 0.140645 0.067465
vt 0.714147 0.235815
vt 0.712077 0.217393
vt 0.726441 0.216288
vt 0.731149 0.230737
vt 0.718848 0.258985
vt 0.740750 0.210073
vt 0.747940 0.222278
vt 0.752499 0.199930
vt 0.761463 0.209927
vt 0.760732 0.187489
vt 0.771269 0.195538
vt 0.766342 0.173125
vt 0.776122 0.178441
vt 0.769195 0.154952
vt 0.777664 0.157366
vt 0.768696 0.133979
vt 0.777105 0.132869
vt 0.764846 0.113083
vt 0.773432 0.108531
vt 0.758392 0.096428
vt 0.767440 0.088673
vt 0.749903 0.083677
vt 0.754435 0.100011
vt 0.746422 0.088015
vt 0.736386 0.079114
vt 0.743559 0.091764
vt 0.734188 0.083519
vt 0.722830 0.077808
vt 0.723892 0.072950
vt 0.710259 0.075349
vt 0.710181 0.070234
vt 0.697971 0.076294
vt 0.696955 0.071479
vt 0.122647 0.231917
vt 0.121645 0.226956
vt 0.133459 0.224091
vt 0.135296 0.228842
vt 0.144368 0.217567
vt 0.147012 0.221979
vt 0.153428 0.208444
vt 0.156760 0.212363
vt 0.160974 0.196477
vt 0.164820 0.199420
vt 0.166110 0.181889
vt 0.170503 0.183349
vt 0.168127 0.165051
vt 0.172845 0.165203
vt 0.167175 0.147678
vt 0.171757 0.146759
vt 0.163571 0.132334
vt 0.167890 0.129985
vt 0.157660 0.119550
vt 0.161821 0.115986
vt 0.150142 0.109257
vt 0.153507 0.105004
vt 0.140448 0.101361
vt 0.143030 0.096553
vt 0.129814 0.096739
vt 0.131586 0.091557
vt 0.711801 0.211420
vt 0.711842 0.206102
vt 0.724021 0.204917
vt 0.725008 0.209992
vt 0.735830 0.199501
vt 0.737881 0.204074
vt 0.745596 0.191130
vt 0.748505 0.194999
vt 0.752839 0.180677
vt 0.756383 0.183844
vt 0.757849 0.168219
vt 0.761853 0.170490
vt 0.760396 0.153070
vt 0.764380 0.153994
vt 0.759967 0.134981
vt 0.763761 0.134486
vt 0.756600 0.117306
vt 0.760141 0.115483
vt 0.751084 0.102997
vt 0.753399 0.118914
vt 0.748245 0.105575
vt 0.741256 0.094924
vt 0.745701 0.107925
vt 0.739105 0.098059
vt 0.731106 0.090618
vt 0.732554 0.087094
vt 0.721425 0.085531
vt 0.722050 0.081856
vt 0.710692 0.083451
vt 0.710411 0.079569
vt 0.699919 0.084606
vt 0.698966 0.080631
vt 0.120839 0.222480
vt 0.120190 0.218376
vt 0.130647 0.215850
vt 0.131893 0.219663
vt 0.140351 0.209944
vt 0.142190 0.213551
vt 0.148345 0.201976
vt 0.150778 0.205152
vt 0.155018 0.191770
vt 0.157703 0.193955
vt 0.159281 0.179290
vt 0.162427 0.180540
vt 0.160860 0.164704
vt 0.164375 0.164884
vt 0.160160 0.149508
vt 0.163408 0.148652
vt 0.156753 0.136251
vt 0.159896 0.134412
vt 0.151553 0.125270
vt 0.154386 0.122555
vt 0.145028 0.116382
vt 0.147280 0.113081
vt 0.136466 0.109612
vt 0.138244 0.105720
vt 0.701280 0.198957
vt 0.702172 0.194817
vt 0.712225 0.197246
vt 0.711946 0.201549
vt 0.128441 0.101172
vt 0.722654 0.196449
vt 0.723217 0.200430
vt 0.732808 0.192124
vt 0.734247 0.195795
vt 0.741313 0.184967
vt 0.743379 0.188026
vt 0.747385 0.175532
vt 0.749963 0.177999
vt 0.751666 0.164698
vt 0.754479 0.166323
vt 0.754013 0.151435
vt 0.756828 0.152180
vt 0.753559 0.135779
vt 0.756531 0.135402
vt 0.750632 0.120400
vt 0.239157 0.395119
vt 0.237920 0.379500
vt 0.241370 0.379356
vt 0.242167 0.394164
vt 0.244832 0.406522
vt 0.241983 0.408117
vt 0.245168 0.393632
vt 0.247699 0.405688
vt 0.252288 0.415601
vt 0.249699 0.416387
vt 0.247213 0.418725
vt 0.270058 0.944799
vt 0.270538 0.941556
vt 0.279612 0.941931
vt 0.279171 0.945156
vt 0.256171 0.424250
vt 0.254235 0.427097
vt 0.290456 0.942087
vt 0.290089 0.945320
vt 0.264019 0.430077
vt 0.263024 0.433346
vt 0.302617 0.942368
vt 0.302835 0.945469
vt 0.721425 0.088813
vt 0.711236 0.087279
vt 0.314992 0.942473
vt 0.315931 0.945357
vt 0.701130 0.088578
vt 0.327477 0.942100
vt 0.328719 0.944661
vt 0.119788 0.214249
vt 0.129527 0.211941
vt 0.259272 0.581395
vt 0.261920 0.583479
vt 0.254711 0.590111
vt 0.251722 0.588133
vt 0.138752 0.206512
vt 0.249867 0.598243
vt 0.246538 0.596551
vt 0.146510 0.199077
vt 0.246202 0.607629
vt 0.242793 0.606748
vt 0.239769 0.605055
vt 0.243809 0.594030
vt 0.244528 0.618959
vt 0.241214 0.618664
vt 0.237920 0.618007
vt 0.245211 0.632193
vt 0.241281 0.632416
vt 0.238311 0.632700
vt 0.246990 0.645621
vt 0.243681 0.646435
vt 0.240685 0.647676
vt 0.250366 0.656874
vt 0.247368 0.658234
vt 0.244861 0.660375
vt 0.255626 0.665929
vt 0.252753 0.667598
vt 0.250541 0.670532
vt 0.261920 0.673651
vt 0.259236 0.675158
vt 0.149167 0.127829
vt 0.143130 0.119303
vt 0.424292 0.756628
vt 0.422752 0.759449
vt 0.412411 0.758289
vt 0.413980 0.755361
vt 0.694702 0.186424
vt 0.703421 0.191016
vt 0.693306 0.189663
vt 0.401347 0.757541
vt 0.402353 0.754756
vt 0.713161 0.193431
vt 0.389013 0.756570
vt 0.389759 0.753261
vt 0.722414 0.192372
vt 0.376522 0.756252
vt 0.376650 0.753112
vt 0.732358 0.188744
vt 0.365193 0.756268
vt 0.365036 0.753227
vt 0.264019 0.329592
vt 0.256289 0.334873
vt 0.254207 0.332242
vt 0.262810 0.326206
vt 0.355522 0.756470
vt 0.355519 0.753142
vt 0.249955 0.342901
vt 0.247341 0.340848
vt 0.252386 0.343249
vt 0.247909 0.353073
vt 0.245274 0.352788
vt 0.242171 0.351061
vt 0.245230 0.365016
vt 0.242519 0.364674
vt 0.239291 0.363911
vt 0.244315 0.379154
vt 0.160730 0.696896
vt 0.161170 0.711042
vt 0.158356 0.710643
vt 0.157901 0.696743
vt 0.159685 0.682774
vt 0.162565 0.682479
vt 0.154885 0.696626
vt 0.156678 0.682835
vt 0.160462 0.670687
vt 0.163355 0.670702
vt 0.165961 0.670520
vt 0.165863 0.660606
vt 0.168607 0.660792
vt 0.250186 0.405257
vt 0.254688 0.415303
vt 0.270463 0.938034
vt 0.270153 0.934516
vt 0.279192 0.934741
vt 0.279495 0.938352
vt 0.290059 0.934575
vt 0.290330 0.938391
vt 0.302124 0.934342
vt 0.302380 0.938444
vt 0.314692 0.934103
vt 0.314830 0.938479
vt 0.326916 0.933564
vt 0.327001 0.938020
vt 0.337728 0.932666
vt 0.337684 0.936946
vt 0.337931 0.940944
vt 0.346414 0.931199
vt 0.346123 0.935260
vt 0.346035 0.939038
vt 0.789189 0.847832
vt 0.789790 0.851001
vt 0.780523 0.857143
vt 0.780183 0.853965
vt 0.352458 0.933175
vt 0.352802 0.936993
vt 0.769127 0.861396
vt 0.769124 0.858176
vt 0.248846 0.607464
vt 0.247190 0.619033
vt 0.756025 0.863072
vt 0.756149 0.859648
vt 0.756286 0.856469
vt 0.769465 0.855691
vt 0.742609 0.862032
vt 0.742738 0.858718
vt 0.742696 0.855674
vt 0.730522 0.858618
vt 0.730791 0.855454
vt 0.730947 0.852620
vt 0.720365 0.853794
vt 0.720831 0.850717
vt 0.721038 0.847832
vt 0.429657 0.764562
vt 0.429855 0.768409
vt 0.421844 0.767211
vt 0.421977 0.763250
vt 0.429684 0.760765
vt 0.411863 0.766268
vt 0.412086 0.762169
vt 0.400172 0.765482
vt 0.400641 0.761378
vt 0.387783 0.764572
vt 0.388411 0.760544
vt 0.375525 0.763782
vt 0.376097 0.760000
vt 0.364200 0.763339
vt 0.364742 0.759764
vt 0.354547 0.763447
vt 0.355037 0.759951
vt 0.165846 0.732879
vt 0.163057 0.732846
vt 0.158273 0.722622
vt 0.161136 0.722785
vt 0.163939 0.723064
vt 0.168607 0.733012
vt 0.155403 0.710402
vt 0.155166 0.722484
vt 0.152174 0.710228
vt 0.151573 0.696538
vt 0.145306 0.710500
vt 0.144877 0.696399
vt 0.146396 0.682089
vt 0.153337 0.682779
vt 0.149672 0.669723
vt 0.157285 0.670597
vt 0.154583 0.659682
vt 0.162813 0.660388
vt 0.269776 0.930639
vt 0.268980 0.919965
vt 0.278056 0.920655
vt 0.278876 0.930882
vt 0.288895 0.921022
vt 0.289732 0.930585
vt 0.301307 0.921191
vt 0.301829 0.929991
vt 0.314404 0.921025
vt 0.314536 0.929444
vt 0.327203 0.920913
vt 0.326905 0.928790
vt 0.338458 0.920844
vt 0.337907 0.928164
vt 0.347620 0.920179
vt 0.346863 0.926962
vt 0.790302 0.854410
vt 0.790849 0.859903
vt 0.781041 0.865700
vt 0.780804 0.860566
vt 0.769157 0.869744
vt 0.769197 0.864944
vt 0.755861 0.871561
vt 0.755944 0.866751
vt 0.742254 0.870423
vt 0.742449 0.865574
vt 0.729840 0.867036
vt 0.730273 0.861942
vt 0.719209 0.862360
vt 0.719882 0.857038
vt 0.430160 0.772383
vt 0.430618 0.778945
vt 0.422108 0.778232
vt 0.421897 0.771349
vt 0.411471 0.777827
vt 0.411624 0.770638
vt 0.399007 0.777611
vt 0.399687 0.769898
vt 0.386040 0.777369
vt 0.387122 0.768934
vt 0.373473 0.777091
vt 0.374873 0.767873
vt 0.362305 0.776868
vt 0.363590 0.767235
vt 0.352802 0.777189
vt 0.354057 0.767044
vt 0.160198 0.732814
vt 0.152237 0.732645
vt 0.147651 0.722611
vt 0.896016 0.831849
vt 0.905837 0.835622
vt 0.905096 0.864801
vt 0.895140 0.860251
vt 0.883704 0.857287
vt 0.884015 0.829471
vt 0.898278 0.899039
vt 0.886681 0.898584
vt 0.872869 0.898654
vt 0.870872 0.855709
vt 0.869944 0.828567
vt 0.858141 0.898709
vt 0.857905 0.856707
vt 0.855574 0.828985
vt 0.845543 0.899148
vt 0.845970 0.859820
vt 0.843075 0.831119
vt 0.834703 0.901247
vt 0.835273 0.864479
vt 0.832839 0.835143
vt 0.270620 0.879615
vt 0.275008 0.831478
vt 0.283078 0.833340
vt 0.279818 0.880616
vt 0.293075 0.834185
vt 0.290685 0.882064
vt 0.304444 0.834877
vt 0.302901 0.883728
vt 0.316804 0.835121
vt 0.315829 0.885073
vt 0.329471 0.835104
vt 0.328785 0.885935
vt 0.341010 0.834743
vt 0.340293 0.886360
vt 0.350500 0.833795
vt 0.349769 0.886779
vt 0.790645 0.885983
vt 0.792288 0.925475
vt 0.781771 0.931697
vt 0.780543 0.890359
vt 0.769010 0.936167
vt 0.768575 0.892718
vt 0.753785 0.938132
vt 0.755373 0.893710
vt 0.739193 0.936967
vt 0.742197 0.893816
vt 0.726597 0.933358
vt 0.729703 0.892353
vt 0.715642 0.928084
vt 0.718800 0.888685
vt 0.431308 0.812860
vt 0.429811 0.865660
vt 0.420791 0.864272
vt 0.422331 0.812624
vt 0.409817 0.863372
vt 0.411251 0.812439
vt 0.397660 0.862772
vt 0.398674 0.812709
vt 0.385722 0.862550
vt 0.385814 0.813628
vt 0.374390 0.862819
vt 0.373514 0.815008
vt 0.364096 0.863246
vt 0.362292 0.816381
vt 0.355682 0.864907
vt 0.352802 0.817380
vt 0.367232 0.911201
vt 0.360410 0.912987
vt 0.908358 0.901213
vt 0.912107 0.939290
vt 0.902676 0.937473
vt 0.912460 0.957546
vt 0.902182 0.955190
vt 0.889253 0.953276
vt 0.890491 0.936668
vt 0.874230 0.952665
vt 0.873616 0.936653
vt 0.858900 0.953468
vt 0.856541 0.936565
vt 0.845927 0.955224
vt 0.843669 0.937229
vt 0.834834 0.956694
vt 0.833516 0.939015
vt 0.826645 0.958617
vt 0.825850 0.942186
vt 0.281123 0.783685
vt 0.287307 0.785576
vt 0.290691 0.765510
vt 0.298085 0.768510
vt 0.295720 0.787301
vt 0.306428 0.770199
vt 0.305639 0.788140
vt 0.315773 0.770419
vt 0.316657 0.788519
vt 0.325225 0.768534
vt 0.328202 0.788072
vt 0.333382 0.764789
vt 0.338472 0.787463
vt 0.340483 0.761678
vt 0.346679 0.786505
vt 0.348149 0.758268
vt 0.352802 0.784890
vt 0.795846 0.957622
vt 0.786088 0.963292
vt 0.474977 0.866951
vt 0.454428 0.871494
vt 0.457748 0.853693
vt 0.477167 0.852156
vt 0.510480 0.849558
vt 0.508194 0.862597
vt 0.459123 0.829320
vt 0.477820 0.831603
vt 0.511159 0.834224
vt 0.457669 0.807637
vt 0.477486 0.812858
vt 0.510862 0.819694
vt 0.454428 0.793969
vt 0.475338 0.800266
vt 0.732313 0.968523
vt 0.719494 0.965166
vt 0.429795 0.914463
vt 0.423467 0.940217
vt 0.416969 0.937466
vt 0.424237 0.912708
vt 0.710377 0.960523
vt 0.410757 0.933782
vt 0.416451 0.911357
vt 0.403090 0.930258
vt 0.406891 0.910121
vt 0.394586 0.928203
vt 0.396046 0.909285
vt 0.385976 0.928166
vt 0.385355 0.909157
vt 0.377815 0.929551
vt 0.375652 0.909639
vt 0.370372 0.932006
vt 0.378326 0.936875
vt 0.370807 0.939915
vt 0.536536 0.254177
vt 0.542705 0.261524
vt 0.363782 0.934956
vt 0.386040 0.935196
vt 0.528205 0.245009
vt 0.522381 0.244503
vt 0.523991 0.236873
vt 0.530083 0.237530
vt 0.393985 0.935043
vt 0.693306 0.237635
vt 0.687718 0.237346
vt 0.684972 0.220796
vt 0.691035 0.220523
vt 0.532295 0.220482
vt 0.538818 0.220549
vt 0.545653 0.220262
vt 0.535879 0.200057
vt 0.540506 0.200146
vt 0.545020 0.200284
vt 0.549071 0.200338
vt 0.550853 0.219864
vt 0.540664 0.183082
vt 0.544563 0.183018
vt 0.548628 0.182840
vt 0.552520 0.182798
vt 0.553067 0.200409
vt 0.543193 0.165991
vt 0.546939 0.165333
vt 0.550576 0.164924
vt 0.554207 0.164753
vt 0.556163 0.182698
vt 0.545319 0.151152
vt 0.548555 0.150958
vt 0.551868 0.150979
vt 0.554953 0.151153
vt 0.557418 0.164858
vt 0.548232 0.137724
vt 0.551290 0.138092
vt 0.554340 0.138528
vt 0.557009 0.139063
vt 0.557548 0.151614
vt 0.554208 0.124323
vt 0.557830 0.124837
vt 0.560716 0.124989
vt 0.972925 0.509514
vt 0.976414 0.509596
vt 0.978055 0.524117
vt 0.975439 0.523797
vt 0.558913 0.108088
vt 0.561885 0.108198
vt 0.972839 0.492680
vt 0.976045 0.492768
vt 0.979805 0.492731
vt 0.980205 0.509690
vt 0.974606 0.476318
vt 0.977464 0.476412
vt 0.980932 0.476472
vt 0.984556 0.476451
vt 0.983701 0.492562
vt 0.979525 0.462765
vt 0.982222 0.462802
vt 0.985268 0.462527
vt 0.988546 0.461979
vt 0.988173 0.476380
vt 0.981145 0.453108
vt 0.984351 0.452303
vt 0.987701 0.450381
vt 0.990519 0.447643
vt 0.991167 0.461367
vt 0.981291 0.447492
vt 0.984401 0.444452
vt 0.211853 0.864806
vt 0.219684 0.870253
vt 0.975000 0.443479
vt 0.978318 0.440270
vt 0.228303 0.873757
vt 0.226794 0.878595
vt 0.980325 0.435601
vt 0.971773 0.434804
vt 0.974295 0.431513
vt 0.233195 0.882087
vt 0.966195 0.429519
vt 0.968384 0.426959
vt 0.237920 0.886109
vt 0.235826 0.889026
vt 0.232993 0.891713
vt 0.969505 0.424181
vt 0.963113 0.423483
vt 0.964301 0.421029
vt 0.510302 0.387236
vt 0.512357 0.389735
vt 0.961350 0.425350
vt 0.956754 0.423997
vt 0.516248 0.391316
vt 0.520039 0.391366
vt 0.520508 0.386539
vt 0.577420 0.037257
vt 0.577304 0.040603
vt 0.571865 0.044105
vt 0.572278 0.038688
vt 0.267415 0.355016
vt 0.264083 0.355065
vt 0.264083 0.351894
vt 0.267555 0.350812
vt 0.573616 0.048636
vt 0.567716 0.053958
vt 0.578594 0.043656
vt 0.580609 0.046106
vt 0.576442 0.052055
vt 0.583879 0.041827
vt 0.586697 0.039654
vt 0.589834 0.039689
vt 0.579697 0.054143
vt 0.574055 0.060114
vt 0.570872 0.057817
vt 0.510056 0.361207
vt 0.513701 0.360236
vt 0.514276 0.369289
vt 0.510477 0.369310
vt 0.565095 0.062363
vt 0.562143 0.059602
vt 0.559984 0.067732
vt 0.557617 0.066667
vt 0.558315 0.077950
vt 0.555893 0.077601
vt 0.553191 0.077398
vt 0.557661 0.091704
vt 0.554579 0.091714
vt 0.551131 0.091744
vt 0.550518 0.077196
vt 0.547749 0.091756
vt 0.547892 0.076981
vt 0.544489 0.091710
vt 0.545269 0.076746
vt 0.547111 0.062290
vt 0.542913 0.076563
vt 0.544717 0.062056
vt 0.546281 0.049000
vt 0.549145 0.049131
vt 0.547545 0.036017
vt 0.550715 0.036298
vt 0.554528 0.036483
vt 0.551648 0.026072
vt 0.555452 0.026729
vt 0.559626 0.026931
vt 0.563560 0.026482
vt 0.556889 0.019473
vt 0.560778 0.019799
vt 0.563937 0.019841
vt 0.592874 0.705826
vt 0.596626 0.705575
vt 0.596164 0.712001
vt 0.592549 0.712473
vt 0.561901 0.013633
vt 0.564402 0.013636
vt 0.593487 0.699613
vt 0.597069 0.699610
vt 0.600859 0.699748
vt 0.600545 0.705370
vt 0.594467 0.694195
vt 0.590908 0.699662
vt 0.591888 0.694301
vt 0.594017 0.689687
vt 0.596615 0.689922
vt 0.513171 0.455820
vt 0.516161 0.455281
vt 0.516271 0.459560
vt 0.513218 0.460026
vt 0.599377 0.687076
vt 0.516377 0.464790
vt 0.512973 0.464908
vt 0.510335 0.465262
vt 0.510717 0.460891
vt 0.512953 0.470738
vt 0.510056 0.470041
vt 0.205988 0.928600
vt 0.202177 0.928657
vt 0.203638 0.924854
vt 0.206920 0.924836
vt 0.604999 0.687692
vt 0.606256 0.691447
vt 0.204601 0.920355
vt 0.207490 0.920411
vt 0.210313 0.920484
vt 0.209627 0.924292
vt 0.205067 0.915646
vt 0.207976 0.915781
vt 0.211096 0.915982
vt 0.208062 0.910542
vt 0.211400 0.910686
vt 0.603982 0.700105
vt 0.603997 0.705388
vt 0.208197 0.904150
vt 0.211788 0.904384
vt 0.603996 0.711674
vt 0.600247 0.711610
vt 0.209762 0.896270
vt 0.213875 0.897021
vt 0.205815 0.895657
vt 0.204744 0.904171
vt 0.201514 0.904499
vt 0.202236 0.895448
vt 0.205049 0.910370
vt 0.202022 0.910412
vt 0.199035 0.910773
vt 0.198499 0.905092
vt 0.202102 0.915371
vt 0.201353 0.919878
vt 0.199780 0.924055
vt 0.196290 0.922472
vt 0.193608 0.925037
vt 0.190412 0.920662
vt 0.193412 0.919037
vt 0.197618 0.927392
vt 0.195233 0.929796
vt 0.190698 0.926468
vt 0.200242 0.931402
vt 0.660751 0.004096
vt 0.663203 0.004497
vt 0.660806 0.010169
vt 0.657628 0.009458
vt 0.187201 0.921392
vt 0.513191 0.481447
vt 0.513244 0.476366
vt 0.516698 0.476663
vt 0.516355 0.481511
vt 0.666402 -0.000000
vt 0.669021 0.002044
vt 0.666127 0.005903
vt 0.516443 0.470995
vt 0.518971 0.470429
vt 0.519120 0.475559
vt 0.672047 0.000009
vt 0.673420 0.003590
vt 0.670870 0.004958
vt 0.519120 0.465046
vt 0.547313 0.000236
vt 0.551273 -0.000000
vt 0.549741 0.003617
vt 0.546655 0.003805
vt 0.549019 0.008158
vt 0.546393 0.008146
vt 0.545729 0.012961
vt 0.548309 0.013039
vt 0.550984 0.013137
vt 0.549821 0.018705
vt 0.547076 0.018593
vt 0.544324 0.018452
vt 0.264766 0.359988
vt 0.264697 0.355065
vt 0.267555 0.355425
vt 0.267555 0.360119
vt 0.545650 0.025665
vt 0.542941 0.025339
vt 0.540481 0.024863
vt 0.541638 0.018164
vt 0.673014 0.018186
vt 0.672737 0.024938
vt 0.669659 0.024744
vt 0.670070 0.017867
vt 0.672619 0.012849
vt 0.666447 0.024720
vt 0.666806 0.017388
vt 0.662984 0.024785
vt 0.663260 0.016969
vt 0.664076 0.011186
vt 0.659736 0.016616
vt 0.659532 0.024862
vt 0.656412 0.024880
vt 0.656522 0.016392
vt 0.185548 0.914578
vt 0.184470 0.906145
vt 0.186974 0.906148
vt 0.188212 0.914328
vt 0.189983 0.906160
vt 0.191374 0.913666
vt 0.193166 0.906053
vt 0.189862 0.894570
vt 0.193139 0.894975
vt 0.196296 0.895211
vt 0.196007 0.905744
vt 0.199260 0.895372
vt 0.266673 0.336290
vt 0.264019 0.336250
vt 0.196908 0.882263
vt 0.200165 0.882804
vt 0.203148 0.883303
vt 0.199286 0.870405
vt 0.202117 0.870587
vt 0.197364 0.855308
vt 0.199990 0.855355
vt 0.196838 0.840474
vt 0.200263 0.840185
vt 0.203534 0.839883
vt 0.200169 0.825165
vt 0.204340 0.824601
vt 0.207842 0.824025
vt 0.206465 0.839572
vt 0.994510 0.476251
vt 0.995076 0.491805
vt 0.991383 0.492070
vt 0.991529 0.476307
vt 0.993038 0.461245
vt 0.987501 0.492317
vt 0.992804 0.509024
vt 0.988565 0.509522
vt 0.984325 0.509772
vt 0.988836 0.524597
vt 0.984806 0.524498
vt 0.981294 0.524414
vt 0.983448 0.538035
vt 0.979824 0.537554
vt 0.976516 0.536904
vt 0.976354 0.551606
vt 0.972258 0.550647
vt 0.968589 0.549649
vt 0.973514 0.536259
vt 0.969169 0.566642
vt 0.965276 0.566684
vt 0.962347 0.566754
vt 0.965815 0.549176
vt 0.971284 0.535762
vt 0.963971 0.584266
vt 0.961265 0.584299
vt 0.559631 0.182630
vt 0.560041 0.200220
vt 0.556824 0.200321
vt 0.562852 0.218291
vt 0.559085 0.218653
vt 0.555016 0.219187
vt 0.564184 0.236181
vt 0.560245 0.238187
vt 0.572516 0.248215
vt 0.567310 0.250698
vt 0.580815 0.263043
vt 0.571368 0.266731
vt 0.594262 0.282266
vt 0.583252 0.285179
vt 0.568000 0.286444
vt 0.560846 0.270211
vt 0.557898 0.285910
vt 0.553813 0.271571
vt 0.902792 0.962861
vt 0.888528 0.961703
vt 0.914224 0.964198
vt 0.568477 0.300458
vt 0.559720 0.299902
vt 0.874569 0.961168
vt 0.567001 0.313638
vt 0.558254 0.314184
vt 0.860258 0.961384
vt 0.561050 0.328656
vt 0.554668 0.327941
vt 0.846443 0.962724
vt 0.548689 0.339914
vt 0.834337 0.963232
vt 0.541984 0.348406
vt 0.825705 0.964198
vt 0.534901 0.353769
vt 0.291810 0.758678
vt 0.298872 0.762075
vt 0.531046 0.360638
vt 0.528496 0.356630
vt 0.306550 0.763748
vt 0.524894 0.361715
vt 0.522381 0.357522
vt 0.315208 0.763925
vt 0.693306 0.357870
vt 0.691440 0.361954
vt 0.684196 0.362433
vt 0.686046 0.357666
vt 0.324004 0.762152
vt 0.675960 0.362449
vt 0.677851 0.356172
vt 0.331658 0.758092
vt 0.338015 0.753112
vt 0.683653 0.371943
vt 0.675076 0.372935
vt 0.667066 0.374147
vt 0.660067 0.375594
vt 0.674620 0.389976
vt 0.668416 0.391031
vt 0.662926 0.391664
vt 0.657719 0.391764
vt 0.653963 0.376899
vt 0.669168 0.409021
vt 0.663816 0.409118
vt 0.659057 0.408854
vt 0.655074 0.408297
vt 0.653543 0.391284
vt 0.664992 0.425452
vt 0.660487 0.425220
vt 0.656694 0.424792
vt 0.179290 0.505910
vt 0.183190 0.506349
vt 0.181491 0.523237
vt 0.177232 0.522599
vt 0.662099 0.439529
vt 0.658796 0.439358
vt 0.180875 0.491170
vt 0.184014 0.491219
vt 0.187753 0.491261
vt 0.187763 0.506856
vt 0.179606 0.476469
vt 0.182630 0.476351
vt 0.186233 0.476191
vt 0.189878 0.476186
vt 0.191639 0.491291
vt 0.180217 0.460061
vt 0.184264 0.460021
vt 0.188503 0.460090
vt 0.193062 0.460340
vt 0.193467 0.476309
vt 0.184357 0.443102
vt 0.188903 0.443263
vt 0.193848 0.443596
vt 0.198695 0.444047
vt 0.197381 0.460720
vt 0.190537 0.427622
vt 0.194929 0.427975
vt 0.199423 0.428366
vt 0.203697 0.428811
vt 0.203204 0.444713
vt 0.195908 0.413470
vt 0.199421 0.413767
vt 0.202843 0.414033
vt 0.205881 0.414287
vt 0.207572 0.429320
vt 0.199978 0.398897
vt 0.202496 0.399071
vt 0.202539 0.386281
vt 0.205244 0.386384
vt 0.203149 0.373686
vt 0.206419 0.373720
vt 0.209969 0.373229
vt 0.214165 0.371818
vt 0.205353 0.361272
vt 0.209303 0.361405
vt 0.213444 0.361070
vt 0.204230 0.352477
vt 0.208090 0.352551
vt 0.212219 0.352406
vt 0.204444 0.345861
vt 0.208116 0.345733
vt 0.212066 0.345557
vt 0.595096 0.621177
vt 0.599534 0.620868
vt 0.207920 0.340002
vt 0.211423 0.339636
vt 0.594683 0.615249
vt 0.598607 0.614546
vt 0.603057 0.614055
vt 0.604242 0.620724
vt 0.607775 0.620490
vt 0.607571 0.628038
vt 0.606253 0.613811
vt 0.567725 0.590236
vt 0.563806 0.590088
vt 0.563852 0.583504
vt 0.568319 0.583434
vt 0.604863 0.608319
vt 0.566856 0.595835
vt 0.602495 0.603411
vt 0.564595 0.600940
vt 0.512903 0.428532
vt 0.512956 0.432956
vt 0.510241 0.433676
vt 0.510056 0.429975
vt 0.513221 0.437664
vt 0.510079 0.437860
vt 0.516869 0.437800
vt 0.517128 0.442758
vt 0.513486 0.442970
vt 0.519761 0.437760
vt 0.204108 0.326206
vt 0.205856 0.329741
vt 0.202556 0.330440
vt 0.200454 0.326685
vt 0.207244 0.334591
vt 0.203940 0.335067
vt 0.200593 0.335741
vt 0.199195 0.331633
vt 0.196916 0.328420
vt 0.516774 0.446984
vt 0.517074 0.450672
vt 0.514165 0.451904
vt 0.513449 0.447670
vt 0.510754 0.451718
vt 0.510056 0.447362
vt 0.510287 0.442711
vt 0.553168 0.603303
vt 0.549790 0.602326
vt 0.549057 0.598808
vt 0.552360 0.599571
vt 0.264083 0.350812
vt 0.264919 0.346962
vt 0.267557 0.346373
vt 0.267557 0.350251
vt 0.555130 0.599510
vt 0.552182 0.594843
vt 0.554643 0.594755
vt 0.264364 0.346373
vt 0.264083 0.341640
vt 0.266492 0.340948
vt 0.266640 0.345023
vt 0.556314 0.603411
vt 0.551581 0.589991
vt 0.554206 0.589918
vt 0.264083 0.336781
vt 0.556752 0.589928
vt 0.553384 0.584409
vt 0.556285 0.584408
vt 0.559811 0.584003
vt 0.559948 0.589975
vt 0.555458 0.577728
vt 0.558993 0.576969
vt 0.563415 0.576098
vt 0.558744 0.568023
vt 0.567841 0.575951
vt 0.554861 0.568015
vt 0.551510 0.567990
vt 0.550573 0.556021
vt 0.552464 0.577851
vt 0.549662 0.578063
vt 0.548567 0.568071
vt 0.550578 0.584568
vt 0.547891 0.584879
vt 0.547047 0.578546
vt 0.548802 0.589995
vt 0.688177 0.588816
vt 0.685504 0.588770
vt 0.685637 0.584284
vt 0.688684 0.583745
vt 0.549160 0.594503
vt 0.687611 0.593307
vt 0.685024 0.592865
vt 0.686709 0.597623
vt 0.683763 0.596959
vt 0.684499 0.601126
vt 0.680944 0.599673
vt 0.677424 0.596907
vt 0.675033 0.593439
vt 0.512232 0.455182
vt 0.515507 0.455281
vt 0.675007 0.597343
vt 0.673028 0.593666
vt 0.188761 0.335771
vt 0.188302 0.339507
vt 0.186077 0.339609
vt 0.186634 0.336079
vt 0.189596 0.331986
vt 0.191479 0.339769
vt 0.194854 0.340245
vt 0.194478 0.344769
vt 0.191114 0.344364
vt 0.187811 0.344197
vt 0.191134 0.351325
vt 0.187711 0.351356
vt 0.185157 0.351344
vt 0.185410 0.344136
vt 0.672659 0.585530
vt 0.672063 0.578364
vt 0.675178 0.578447
vt 0.675510 0.585505
vt 0.673691 0.589983
vt 0.678590 0.578434
vt 0.678816 0.585162
vt 0.682055 0.578358
vt 0.682264 0.584744
vt 0.685392 0.578083
vt 0.681903 0.567627
vt 0.685258 0.567562
vt 0.688294 0.567298
vt 0.688535 0.577463
vt 0.684614 0.555334
vt 0.687667 0.555135
vt 0.690440 0.554869
vt 0.691142 0.566895
vt 0.691061 0.576821
vt 0.685412 0.543269
vt 0.687799 0.543138
vt 0.547613 0.555975
vt 0.546922 0.544165
vt 0.549484 0.544177
vt 0.545190 0.530119
vt 0.547418 0.529784
vt 0.541981 0.515478
vt 0.544724 0.515041
vt 0.547749 0.514733
vt 0.542410 0.500143
vt 0.546269 0.499566
vt 0.550436 0.499088
vt 0.551078 0.514553
vt 0.554575 0.498756
vt 0.554529 0.514479
vt 0.558697 0.498531
vt 0.558110 0.514458
vt 0.557972 0.528211
vt 0.561522 0.514473
vt 0.560910 0.527731
vt 0.564763 0.536892
vt 0.562132 0.538724
vt 0.568515 0.544601
vt 0.571177 0.541671
vt 0.578188 0.545079
vt 0.575441 0.548146
vt 0.605724 0.793161
vt 0.605633 0.801461
vt 0.602473 0.800722
vt 0.602333 0.792628
vt 0.602482 0.783013
vt 0.605724 0.784353
vt 0.581332 0.542825
vt 0.587024 0.548306
vt 0.584144 0.549875
vt 0.598337 0.792384
vt 0.598323 0.782356
vt 0.599423 0.774487
vt 0.602955 0.775247
vt 0.600311 0.769368
vt 0.603491 0.770075
vt 0.594458 0.782610
vt 0.596065 0.774647
vt 0.521706 0.274921
vt 0.518542 0.275770
vt 0.518081 0.269643
vt 0.520870 0.268840
vt 0.514786 0.275707
vt 0.514871 0.269448
vt 0.511247 0.274914
vt 0.511961 0.268392
vt 0.512888 0.263709
vt 0.510056 0.266922
vt 0.511724 0.262117
vt 0.250428 0.772301
vt 0.252489 0.776644
vt 0.250631 0.777874
vt 0.248881 0.772844
vt 0.247980 0.778592
vt 0.247076 0.772857
vt 0.245862 0.769160
vt 0.243453 0.768020
vt 0.245095 0.767283
vt 0.593431 0.566792
vt 0.591699 0.565727
vt 0.594575 0.566754
vt 0.591280 0.567214
vt 0.588507 0.563172
vt 0.589369 0.560814
vt 0.584301 0.559524
vt 0.585839 0.556892
vt 0.588184 0.554744
vt 0.591029 0.558862
vt 0.590551 0.553511
vt 0.593148 0.557527
vt 0.603706 0.766369
vt 0.601033 0.765952
vt 0.521259 0.262744
vt 0.519408 0.259596
vt 0.581555 0.552386
vt 0.579610 0.555391
vt 0.573331 0.551994
vt 0.251863 0.783773
vt 0.248001 0.784340
vt 0.230223 0.367471
vt 0.234301 0.364982
vt 0.236317 0.367100
vt 0.232584 0.370711
vt 0.227288 0.373886
vt 0.225090 0.368652
vt 0.234577 0.373836
vt 0.229160 0.378578
vt 0.219568 0.369203
vt 0.510056 0.282224
vt 0.514303 0.283957
vt 0.230367 0.382697
vt 0.222354 0.387538
vt 0.513000 0.291379
vt 0.518479 0.284072
vt 0.517299 0.291171
vt 0.590908 0.793472
vt 0.594291 0.792673
vt 0.595859 0.801059
vt 0.592843 0.802542
vt 0.213890 0.392970
vt 0.470219 0.511856
vt 0.473646 0.512915
vt 0.472551 0.520878
vt 0.469846 0.520448
vt 0.473972 0.533890
vt 0.470433 0.533884
vt 0.466825 0.533812
vt 0.471636 0.549691
vt 0.467732 0.549452
vt 0.463619 0.549113
vt 0.463593 0.533724
vt 0.459798 0.548727
vt 0.460568 0.533561
vt 0.462046 0.518531
vt 0.466956 0.566592
vt 0.462689 0.565941
vt 0.458441 0.565150
vt 0.461929 0.581870
vt 0.457952 0.581227
vt 0.207504 0.445631
vt 0.204697 0.461750
vt 0.201278 0.461137
vt 0.454428 0.580726
vt 0.460299 0.596168
vt 0.457617 0.596087
vt 0.200351 0.476717
vt 0.197125 0.476490
vt 0.203545 0.491151
vt 0.199968 0.491152
vt 0.195830 0.491216
vt 0.201942 0.507388
vt 0.197406 0.507356
vt 0.192632 0.507214
vt 0.198279 0.525128
vt 0.192476 0.524663
vt 0.186705 0.523980
vt 0.191652 0.542872
vt 0.184971 0.541609
vt 0.179352 0.540572
vt 0.184305 0.553137
vt 0.177285 0.553300
vt 0.171258 0.553821
vt 0.174815 0.539827
vt 0.177935 0.563599
vt 0.170878 0.566313
vt 0.649596 0.377631
vt 0.830827 0.419048
vt 0.836416 0.423821
vt 0.833863 0.433350
vt 0.827891 0.430458
vt 0.181851 0.571811
vt 0.176039 0.577975
vt 0.185343 0.561608
vt 0.833540 0.453011
vt 0.827808 0.452236
vt 0.194170 0.578845
vt 0.189215 0.586441
vt 0.199506 0.573455
vt 0.218545 0.581817
vt 0.214324 0.587279
vt 0.210952 0.594019
vt 0.227404 0.589274
vt 0.224554 0.596142
vt 0.222581 0.604260
vt 0.208105 0.602405
vt 0.185478 0.595076
vt 0.220990 0.614726
vt 0.206006 0.613437
vt 0.180815 0.609738
vt 0.221420 0.629329
vt 0.205752 0.630678
vt 0.180694 0.632816
vt 0.205864 0.646662
vt 0.183291 0.654315
vt 0.610213 0.299170
vt 0.629724 0.298147
vt 0.645030 0.298052
vt 0.659156 0.299086
vt 0.660785 0.323350
vt 0.220524 0.644253
vt 0.221888 0.654291
vt 0.208072 0.656911
vt 0.187075 0.664965
vt 0.224048 0.662245
vt 0.210901 0.664807
vt 0.190820 0.673029
vt 0.214278 0.671135
vt 0.195423 0.679736
vt 0.184403 0.686608
vt 0.179173 0.681308
vt 0.609753 0.258408
vt 0.626776 0.250432
vt 0.181128 0.692903
vt 0.175098 0.690140
vt 0.636895 0.241611
vt 0.180053 0.701200
vt 0.174026 0.700529
vt 0.168667 0.699244
vt 0.169048 0.686437
vt 0.645442 0.232704
vt 0.176222 0.713102
vt 0.172369 0.713359
vt 0.649671 0.218277
vt 0.653803 0.218476
vt 0.659180 0.219089
vt 0.650621 0.200979
vt 0.654616 0.200783
vt 0.659271 0.200707
vt 0.664348 0.200680
vt 0.664943 0.219892
vt 0.654889 0.183389
vt 0.659263 0.183121
vt 0.663861 0.182925
vt 0.668640 0.182774
vt 0.669544 0.200581
vt 0.659324 0.168171
vt 0.663614 0.168019
vt 0.668012 0.167913
vt 0.672450 0.167723
vt 0.673683 0.182687
vt 0.662240 0.153675
vt 0.666007 0.153422
vt 0.669486 0.153188
vt 0.672704 0.152795
vt 0.676464 0.167304
vt 0.665428 0.138728
vt 0.669296 0.138463
vt 0.672761 0.138130
vt 0.675686 0.137798
vt 0.675562 0.152265
vt 0.669467 0.121936
vt 0.673143 0.121868
vt 0.676400 0.121863
vt 0.534155 0.121629
vt 0.538095 0.121978
vt 0.537561 0.137476
vt 0.534366 0.137584
vt 0.530897 0.121434
vt 0.533152 0.105833
vt 0.536311 0.106344
vt 0.540082 0.106814
vt 0.543888 0.107202
vt 0.542054 0.122456
vt 0.538498 0.091341
vt 0.541434 0.091580
vt 0.540758 0.076396
vt 0.535967 0.091024
vt 0.538800 0.076199
vt 0.540392 0.061681
vt 0.542470 0.061831
vt 0.540758 0.048694
vt 0.543401 0.048805
vt 0.541679 0.035988
vt 0.544412 0.036071
vt 0.548408 0.025755
vt 0.553147 0.019029
vt 0.554345 0.013323
vt 0.558220 0.013525
vt 0.561799 0.008265
vt 0.675617 0.035957
vt 0.675149 0.048700
vt 0.672569 0.048784
vt 0.672805 0.035970
vt 0.675372 0.025260
vt 0.669785 0.048964
vt 0.669852 0.036077
vt 0.666698 0.049197
vt 0.666639 0.036284
vt 0.663372 0.049399
vt 0.663219 0.036534
vt 0.660033 0.049523
vt 0.659729 0.036726
vt 0.657122 0.049531
vt 0.656514 0.036781
vt 0.184204 0.894239
vt 0.184966 0.881406
vt 0.187354 0.881499
vt 0.186688 0.894298
vt 0.190321 0.881665
vt 0.187860 0.869634
vt 0.190424 0.869840
vt 0.193347 0.870058
vt 0.193628 0.881928
vt 0.196345 0.870264
vt 0.191842 0.855723
vt 0.194640 0.855515
vt 0.189780 0.841077
vt 0.193167 0.840806
vt 0.187380 0.826246
vt 0.191547 0.825966
vt 0.195816 0.825619
vt 0.190167 0.809987
vt 0.194703 0.809634
vt 0.199304 0.809123
vt 0.194047 0.792970
vt 0.197960 0.792693
vt 0.201280 0.792281
vt 0.203559 0.808404
vt 1.000000 0.507895
vt 0.999525 0.524089
vt 0.996456 0.524369
vt 0.996609 0.508467
vt 0.207060 0.807504
vt 0.992575 0.524635
vt 0.994375 0.538842
vt 0.990676 0.538688
vt 0.987079 0.538382
vt 0.989341 0.553151
vt 0.984991 0.552840
vt 0.980699 0.552336
vt 0.982885 0.567904
vt 0.978017 0.567464
vt 0.973474 0.566959
vt 0.974802 0.584792
vt 0.970540 0.584485
vt 0.966972 0.584288
vt 0.965980 0.602499
vt 0.961896 0.602287
vt 0.958320 0.602012
vt 0.960268 0.616010
vt 0.956024 0.616503
vt 0.565894 0.218191
vt 0.570412 0.232881
vt 0.567628 0.234417
vt 0.562901 0.200136
vt 0.578816 0.243831
vt 0.576358 0.246015
vt 0.594091 0.254190
vt 0.835187 -0.000000
vt 0.837751 0.003673
vt 0.831815 0.019740
vt 0.828676 0.016714
vt 0.957873 0.627340
vt 0.962385 0.625890
vt 0.836519 0.021871
vt 0.836963 0.037685
vt 0.830695 0.035705
vt 0.826247 0.033886
vt 0.841273 0.006723
vt 0.844672 0.010301
vt 0.841231 0.023682
vt 0.967034 0.625561
vt 0.964806 0.615898
vt 0.969773 0.615548
vt 0.972025 0.624461
vt 0.975010 0.615021
vt 0.976900 0.622842
vt 0.970565 0.602898
vt 0.975704 0.603474
vt 0.981500 0.604214
vt 0.980850 0.614742
vt 0.979783 0.585215
vt 0.984980 0.585778
vt 0.989931 0.586483
vt 0.987346 0.605000
vt 0.987752 0.568278
vt 0.992335 0.568721
vt 0.996396 0.569460
vt 0.994257 0.587242
vt 0.993670 0.553307
vt 0.997740 0.553539
vt 0.204179 0.762658
vt 0.200975 0.762619
vt 0.202755 0.746258
vt 0.206410 0.746597
vt 0.997254 0.538922
vt 0.201154 0.777333
vt 0.198272 0.777380
vt 0.194976 0.777316
vt 0.197115 0.762492
vt 0.193193 0.762365
vt 0.194019 0.746322
vt 0.198523 0.746229
vt 0.191524 0.777342
vt 0.188170 0.777416
vt 0.189302 0.762355
vt 0.190035 0.793142
vt 0.185995 0.793253
vt 0.182333 0.793286
vt 0.184916 0.777563
vt 0.185818 0.810122
vt 0.181810 0.810120
vt 0.178148 0.810079
vt 0.178880 0.793216
vt 0.183531 0.826434
vt 0.180177 0.826545
vt 0.177505 0.826570
vt 0.175104 0.809967
vt 0.186476 0.841365
vt 0.183629 0.841582
vt 0.181120 0.841788
vt 0.653929 0.089404
vt 0.656872 0.089628
vt 0.654761 0.104996
vt 0.651612 0.104880
vt 0.186487 0.855929
vt 0.184414 0.855884
vt 0.656221 0.075070
vt 0.658794 0.075267
vt 0.661643 0.075454
vt 0.660190 0.089960
vt 0.657413 0.061464
vt 0.659878 0.061701
vt 0.662712 0.061844
vt 0.665584 0.061886
vt 0.664500 0.075691
vt 0.667291 0.075912
vt 0.666860 0.090613
vt 0.663507 0.090272
vt 0.668287 0.061837
vt 0.670775 0.061756
vt 0.669818 0.076139
vt 0.671949 0.076307
vt 0.672907 0.091244
vt 0.669954 0.090939
vt 0.672863 0.061716
vt 0.673039 0.106174
vt 0.669588 0.105879
vt 0.666009 0.105628
vt 0.665511 0.121940
vt 0.661496 0.121918
vt 0.662182 0.105372
vt 0.657438 0.121911
vt 0.658388 0.105169
vt 0.653547 0.121817
vt 0.657434 0.138927
vt 0.653615 0.138812
vt 0.650143 0.138513
vt 0.650087 0.121642
vt 0.655259 0.153884
vt 0.652260 0.153829
vt 0.176127 0.793005
vt 0.179688 0.777391
vt 0.182002 0.777487
vt 0.179340 0.762816
vt 0.182087 0.762621
vt 0.185480 0.762494
vt 0.180521 0.747406
vt 0.184610 0.747045
vt 0.189162 0.746628
vt 0.182857 0.729433
vt 0.187962 0.728809
vt 0.193626 0.728335
vt 0.186652 0.712047
vt 0.192899 0.711357
vt 0.199340 0.710675
vt 0.199131 0.728151
vt 0.205627 0.710130
vt 0.204304 0.728266
vt 0.210851 0.710048
vt 0.208573 0.728631
vt 0.206557 0.700897
vt 0.212303 0.700451
vt 0.992857 0.605682
vt 0.992740 0.615234
vt 0.986763 0.615000
vt 0.994197 0.620599
vt 0.988131 0.621006
vt 0.982442 0.621590
vt 0.852715 0.016862
vt 0.858528 0.019199
vt 0.856807 0.026303
vt 0.849914 0.026113
vt 0.844921 0.025447
vt 0.848001 0.013754
vt 0.851167 0.041910
vt 0.847606 0.040329
vt 0.522267 0.293224
vt 0.522267 0.307046
vt 0.516799 0.304688
vt 0.516794 0.291379
vt 0.842455 0.039265
vt 0.841861 0.051889
vt 0.837224 0.047277
vt 0.834162 0.054229
vt 0.830261 0.050119
vt 0.832221 0.043624
vt 0.466946 0.789737
vt 0.472631 0.784639
vt 0.479873 0.789093
vt 0.474401 0.792155
vt 0.469101 0.783837
vt 0.472218 0.777135
vt 0.501516 0.512347
vt 0.500574 0.505958
vt 0.509635 0.506060
vt 0.509995 0.512938
vt 0.509784 0.523603
vt 0.503053 0.522955
vt 0.474039 0.766288
vt 0.510331 0.541848
vt 0.504277 0.541486
vt 0.474393 0.747630
vt 0.479494 0.748232
vt 0.488555 0.727868
vt 0.486336 0.749776
vt 0.494056 0.729762
vt 0.492360 0.749340
vt 0.496009 0.770703
vt 0.603207 0.299171
vt 0.602970 0.318542
vt 0.595510 0.315559
vt 0.595239 0.300111
vt 0.582916 0.314068
vt 0.584287 0.300855
vt 0.584337 0.334312
vt 0.573137 0.330881
vt 0.590949 0.336888
vt 0.573810 0.351074
vt 0.597113 0.338383
vt 0.579096 0.352819
vt 0.567976 0.367072
vt 0.563972 0.365507
vt 0.562525 0.386319
vt 0.558520 0.386036
vt 0.554014 0.385685
vt 0.548511 0.385633
vt 0.556841 0.405733
vt 0.552743 0.405989
vt 0.548145 0.406246
vt 0.543378 0.406539
vt 0.541929 0.386240
vt 0.552342 0.423642
vt 0.547968 0.423594
vt 0.543914 0.423703
vt 0.540014 0.424003
vt 0.538709 0.407050
vt 0.546975 0.440305
vt 0.543427 0.440066
vt 0.540209 0.439893
vt 0.687238 0.439328
vt 0.683781 0.439382
vt 0.685078 0.424136
vt 0.689017 0.423445
vt 0.543593 0.454629
vt 0.540772 0.454732
vt 0.683748 0.454162
vt 0.681029 0.454296
vt 0.677658 0.454338
vt 0.679548 0.439460
vt 0.685861 0.468989
vt 0.682738 0.469269
vt 0.678946 0.469506
vt 0.674669 0.469735
vt 0.673933 0.454190
vt 0.684061 0.485337
vt 0.680160 0.486012
vt 0.675976 0.486574
vt 0.671694 0.486986
vt 0.670328 0.469936
vt 0.681391 0.501220
vt 0.677571 0.501998
vt 0.673551 0.502616
vt 0.669544 0.503071
vt 0.667290 0.487301
vt 0.679169 0.516149
vt 0.675686 0.516827
vt 0.672176 0.517418
vt 0.668805 0.517748
vt 0.665816 0.503348
vt 0.677662 0.530614
vt 0.674554 0.531030
vt 0.671471 0.531327
vt 0.668950 0.531378
vt 0.666016 0.517699
vt 0.676379 0.543496
vt 0.673212 0.543552
vt 0.670517 0.543562
vt 0.186964 0.386129
vt 0.189437 0.386110
vt 0.188276 0.398451
vt 0.185878 0.398439
vt 0.673976 0.555210
vt 0.670959 0.555118
vt 0.186109 0.374596
vt 0.188891 0.374594
vt 0.192276 0.374531
vt 0.192580 0.386049
vt 0.185523 0.362186
vt 0.188194 0.362117
vt 0.191585 0.361992
vt 0.195156 0.361672
vt 0.196243 0.374315
vt 0.194374 0.351303
vt 0.197604 0.351536
vt 0.198524 0.361317
vt 0.197678 0.345357
vt 0.200852 0.345767
vt 0.200724 0.352081
vt 0.197833 0.340576
vt 0.201006 0.340480
vt 0.204510 0.340250
vt 0.201800 0.361276
vt 0.199781 0.374045
vt 0.199353 0.386103
vt 0.195980 0.386022
vt 0.197137 0.398792
vt 0.194179 0.398684
vt 0.191250 0.398573
vt 0.192361 0.413112
vt 0.188782 0.412775
vt 0.185498 0.412533
vt 0.186256 0.427318
vt 0.182408 0.427105
vt 0.179270 0.427050
vt 0.182784 0.412405
vt 0.180145 0.443105
vt 0.176715 0.443150
vt 0.662565 0.503380
vt 0.659686 0.487536
vt 0.663220 0.487499
vt 0.658359 0.470569
vt 0.661858 0.470399
vt 0.665990 0.470144
vt 0.662302 0.454098
vt 0.666105 0.454127
vt 0.670040 0.454160
vt 0.666072 0.439620
vt 0.670491 0.439631
vt 0.674975 0.439548
vt 0.670018 0.425443
vt 0.675101 0.425233
vt 0.680286 0.424809
vt 0.674743 0.408657
vt 0.680399 0.408090
vt 0.685677 0.407416
vt 0.681488 0.388748
vt 0.688451 0.387658
vt 0.534269 0.407630
vt 0.530411 0.387689
vt 0.535627 0.386915
vt 0.536454 0.424471
vt 0.525581 0.370482
vt 0.532091 0.368792
vt 0.691413 0.370678
vt 0.659258 0.454103
vt 0.176690 0.460179
vt 0.671610 0.567528
vt 0.674758 0.567602
vt 0.677512 0.555293
vt 0.678326 0.567642
vt 0.681276 0.555382
vt 0.679683 0.543424
vt 0.682689 0.543363
vt 0.680562 0.530143
vt 0.683112 0.529669
vt 0.682408 0.515427
vt 0.685316 0.514758
vt 0.685297 0.529223
vt 0.684894 0.500305
vt 0.538947 0.500852
vt 0.536004 0.485710
vt 0.539719 0.485127
vt 0.535106 0.469563
vt 0.538388 0.469483
vt 0.542119 0.469366
vt 0.543908 0.484402
vt 0.546132 0.469157
vt 0.548335 0.483648
vt 0.550003 0.468542
vt 0.552891 0.482863
vt 0.554019 0.467890
vt 0.557040 0.482234
vt 0.557481 0.467707
vt 0.561324 0.481606
vt 0.562597 0.498378
vt 0.564649 0.481263
vt 0.565671 0.498343
vt 0.564591 0.514463
vt 0.480395 0.533435
vt 0.482652 0.549444
vt 0.479486 0.549662
vt 0.477410 0.533728
vt 0.475318 0.521065
vt 0.477568 0.520830
vt 0.563566 0.527236
vt 0.476740 0.513150
vt 0.479299 0.512407
vt 0.567277 0.535580
vt 0.599167 0.800485
vt 0.475695 0.549772
vt 0.479886 0.566736
vt 0.475952 0.566862
vt 0.471475 0.566892
vt 0.474703 0.581521
vt 0.470726 0.581866
vt 0.466276 0.582119
vt 0.471841 0.595617
vt 0.467878 0.595947
vt 0.463836 0.596177
vt 0.470307 0.610450
vt 0.465719 0.610772
vt 0.461145 0.610754
vt 0.467514 0.625745
vt 0.462543 0.626085
vt 0.458165 0.626677
vt 0.456951 0.610700
vt 0.465053 0.643924
vt 0.460380 0.644537
vt 0.205822 0.507104
vt 0.208259 0.524996
vt 0.203652 0.525140
vt 0.211034 0.544721
vt 0.205565 0.544635
vt 0.198802 0.544077
vt 0.206965 0.555641
vt 0.199470 0.554654
vt 0.191774 0.553355
vt 0.200633 0.560777
vt 0.192981 0.560676
vt 0.842977 0.427700
vt 0.850315 0.430589
vt 0.849462 0.436966
vt 0.841053 0.435582
vt 0.849556 0.451741
vt 0.840869 0.452615
vt 0.853381 0.475773
vt 0.846115 0.476806
vt 0.839645 0.477768
vt 0.854922 0.496324
vt 0.847653 0.496899
vt 0.841441 0.497413
vt 0.844615 0.523487
vt 0.837363 0.522563
vt 0.831678 0.522148
vt 0.836466 0.497960
vt 0.834244 0.478452
vt 0.701163 0.870114
vt 0.706931 0.866554
vt 0.710377 0.898086
vt 0.703556 0.902454
vt 0.695540 0.905455
vt 0.694226 0.873289
vt 0.692621 0.851576
vt 0.699149 0.848480
vt 0.686551 0.908100
vt 0.685261 0.876634
vt 0.684764 0.854179
vt 0.692577 0.934012
vt 0.682522 0.934558
vt 0.672388 0.932151
vt 0.497955 0.934003
vt 0.488222 0.937928
vt 0.000000 0.896948
vt 0.005631 0.900562
vt 0.665766 0.925990
vt 0.015987 0.877306
vt 0.008812 0.903791
vt 0.594955 0.726741
vt 0.599680 0.726968
vt 0.021067 0.856479
vt 0.510056 0.329266
vt 0.510834 0.312468
vt 0.516433 0.311898
vt 0.516453 0.330564
vt 0.516794 0.350737
vt 0.511778 0.350987
vt 0.130848 0.879614
vt 0.136551 0.877715
vt 0.142042 0.876581
vt 0.904072 0.666658
vt 0.909244 0.670882
vt 0.911174 0.697454
vt 0.904072 0.693038
vt 0.916053 0.674285
vt 0.917667 0.698751
vt 0.644246 0.928466
vt 0.637790 0.929812
vt 0.656900 0.910857
vt 0.651330 0.926330
vt 0.924099 0.675647
vt 0.924651 0.698445
vt 0.630831 0.930341
vt 0.630751 0.904127
vt 0.623794 0.929395
vt 0.622931 0.902336
vt 0.625559 0.872667
vt 0.634327 0.875099
vt 0.626677 0.853342
vt 0.634864 0.855339
vt 0.615641 0.900019
vt 0.618176 0.870024
vt 0.619739 0.850949
vt 0.612006 0.867133
vt 0.613950 0.847832
vt 0.893524 0.085571
vt 0.889076 0.084880
vt 0.891383 0.066175
vt 0.896214 0.067075
vt 0.227017 0.668880
vt 0.883557 0.084235
vt 0.885423 0.065034
vt 0.890659 0.041186
vt 0.897421 0.042139
vt 0.218227 0.676160
vt 0.200140 0.684486
vt 0.890683 0.025612
vt 0.897036 0.023961
vt 0.902519 0.021905
vt 0.902519 0.042046
vt 0.888821 0.017927
vt 0.894770 0.015066
vt 0.900087 0.011748
vt 0.187617 0.694866
vt 0.194268 0.695939
vt 0.193077 0.701755
vt 0.186478 0.701576
vt 0.181044 0.712625
vt 0.178522 0.730033
vt 0.174982 0.730498
vt 0.177138 0.747733
vt 0.651101 0.183626
vt 0.652003 0.168409
vt 0.655377 0.168293
vt 0.658646 0.153815
vt 0.661411 0.138886
vt 0.201004 0.696105
vt 0.199749 0.701464
vt 0.208401 0.695621
vt 0.874043 0.021456
vt 0.882329 0.020331
vt 0.883058 0.026523
vt 0.873751 0.027246
vt 0.864602 0.026936
vt 0.865714 0.020799
vt 0.214791 0.695094
vt 0.873176 0.038938
vt 0.864035 0.038840
vt 0.857010 0.039884
vt 0.864150 0.062097
vt 0.871324 0.062845
vt 0.870038 0.083002
vt 0.863091 0.082324
vt 0.869723 0.109328
vt 0.862017 0.110083
vt 0.855125 0.110939
vt 0.860713 0.139820
vt 0.853067 0.140394
vt 0.846260 0.141402
vt 0.849094 0.111962
vt 0.840217 0.142748
vt 0.843589 0.113046
vt 0.835385 0.144451
vt 0.838754 0.114481
vt 0.837872 0.084156
vt 0.834523 0.117588
vt 0.832477 0.084922
vt 0.781792 0.306196
vt 0.783985 0.331578
vt 0.777534 0.331948
vt 0.776566 0.304661
vt 0.828446 0.086359
vt 0.830214 0.071961
vt 0.777227 0.295238
vt 0.770901 0.304496
vt 0.772616 0.292145
vt 0.775742 0.282336
vt 0.781148 0.288198
vt 0.830686 0.062105
vt 0.825706 0.058532
vt 0.764072 0.305360
vt 0.766604 0.289648
vt 0.768745 0.278556
vt 0.754016 0.304188
vt 0.757069 0.288043
vt 0.758054 0.277225
vt 0.738348 0.304173
vt 0.738976 0.286978
vt 0.739791 0.277133
vt 0.724995 0.306271
vt 0.723763 0.283906
vt 0.520061 0.542564
vt 0.521308 0.557647
vt 0.508007 0.558108
vt 0.716990 0.306189
vt 0.714173 0.283488
vt 0.519469 0.567300
vt 0.503501 0.569323
vt 0.710597 0.306788
vt 0.706941 0.285415
vt 0.515966 0.574726
vt 0.500574 0.575644
vt 0.904072 0.471847
vt 0.902516 0.499565
vt 0.898607 0.496591
vt 0.897693 0.472599
vt 0.893565 0.457796
vt 0.898405 0.455322
vt 0.890310 0.473588
vt 0.888085 0.458218
vt 0.461936 0.708787
vt 0.457536 0.703648
vt 0.470328 0.696848
vt 0.474242 0.701509
vt 0.479423 0.686606
vt 0.484187 0.689057
vt 0.520613 0.407260
vt 0.518527 0.426378
vt 0.481753 0.676366
vt 0.486991 0.677059
vt 0.492068 0.677169
vt 0.488537 0.690664
vt 0.496524 0.677287
vt 0.485627 0.662294
vt 0.490113 0.661554
vt 0.493798 0.660893
vt 0.497420 0.660408
vt 0.500574 0.678210
vt 0.485007 0.642147
vt 0.488662 0.641845
vt 0.491959 0.641622
vt 0.563906 0.405642
vt 0.560689 0.405623
vt 0.566207 0.386519
vt 0.487158 0.623822
vt 0.490737 0.623505
vt 0.563458 0.423793
vt 0.560450 0.423832
vt 0.556556 0.423790
vt 0.561592 0.440601
vt 0.558563 0.440914
vt 0.554782 0.440900
vt 0.550687 0.440679
vt 0.556494 0.454512
vt 0.553206 0.454625
vt 0.549400 0.454686
vt 0.546528 0.454711
vt 0.559623 0.454112
vt 0.560508 0.467489
vt 0.480995 0.580407
vt 0.481857 0.593734
vt 0.479012 0.594559
vt 0.478091 0.581079
vt 0.483426 0.566489
vt 0.475560 0.595183
vt 0.483375 0.607994
vt 0.479085 0.609105
vt 0.474732 0.609865
vt 0.482443 0.624273
vt 0.477730 0.624904
vt 0.472742 0.625404
vt 0.480935 0.642510
vt 0.475756 0.642974
vt 0.470441 0.643387
vt 0.480519 0.663037
vt 0.474600 0.663766
vt 0.468423 0.664105
vt 0.475623 0.675951
vt 0.469266 0.675912
vt 0.462848 0.676059
vt 0.462448 0.664254
vt 0.467979 0.683163
vt 0.461440 0.682314
vt 0.454920 0.681532
vt 0.457189 0.675394
vt 0.213048 0.556464
vt 0.859130 0.432942
vt 0.867907 0.432265
vt 0.869169 0.439784
vt 0.859418 0.438898
vt 0.209149 0.561544
vt 0.869455 0.452704
vt 0.860130 0.451559
vt 0.869003 0.474066
vt 0.861424 0.474793
vt 0.870277 0.494607
vt 0.862659 0.495554
vt 0.871775 0.526585
vt 0.863073 0.525644
vt 0.853635 0.524618
vt 0.862111 0.558315
vt 0.850255 0.557634
vt 0.838575 0.557263
vt 0.845519 0.591103
vt 0.834342 0.590684
vt 0.825706 0.590953
vt 0.829606 0.557207
vt 0.834440 0.623532
vt 0.827681 0.623609
vt 0.459393 0.930874
vt 0.461352 0.910329
vt 0.469968 0.914009
vt 0.468393 0.935552
vt 0.710377 0.926621
vt 0.701972 0.931195
vt 0.479818 0.915261
vt 0.478128 0.937964
vt 0.473864 0.891942
vt 0.481708 0.893237
vt 0.476798 0.878286
vt 0.482734 0.879213
vt 0.442462 0.757178
vt 0.448310 0.756957
vt 0.448380 0.775853
vt 0.442538 0.776217
vt 0.436667 0.775432
vt 0.436299 0.755957
vt 0.442608 0.797194
vt 0.436535 0.796310
vt 0.431308 0.794149
vt 0.431571 0.773398
vt 0.431308 0.753112
vt 0.010098 0.799790
vt 0.005400 0.776298
vt 0.009930 0.776498
vt 0.014707 0.800336
vt 0.015738 0.776462
vt 0.020541 0.799688
vt 0.025711 0.821880
vt 0.027489 0.798786
vt 0.032182 0.821342
vt 0.034207 0.833346
vt 0.027692 0.834755
vt 0.034845 0.838775
vt 0.028973 0.840373
vt 0.034971 0.842099
vt 0.030402 0.843816
vt 0.026088 0.847717
vt 0.512183 0.303026
vt 0.512811 0.297164
vt 0.516624 0.296300
vt 0.516794 0.301738
vt 0.513493 0.292426
vt 0.516362 0.291379
vt 0.115991 0.843513
vt 0.110936 0.841991
vt 0.111501 0.837030
vt 0.117234 0.838239
vt 0.112758 0.827172
vt 0.118915 0.827720
vt 0.116257 0.806027
vt 0.122581 0.806774
vt 0.128522 0.807447
vt 0.128229 0.783282
vt 0.134566 0.783766
vt 0.139758 0.784045
vt 0.133080 0.807656
vt 0.143827 0.783901
vt 0.136740 0.807133
vt 0.773837 0.557526
vt 0.774670 0.579390
vt 0.770129 0.581401
vt 0.769661 0.559243
vt 0.770494 0.541833
vt 0.775226 0.539290
vt 0.764729 0.560186
vt 0.764863 0.543199
vt 0.919372 0.635858
vt 0.924988 0.636959
vt 0.924714 0.652239
vt 0.917063 0.650170
vt 0.910307 0.647019
vt 0.914680 0.633234
vt 0.930649 0.636424
vt 0.932326 0.652321
vt 0.932062 0.675004
vt 0.939234 0.650746
vt 0.939431 0.672825
vt 0.625048 0.953353
vt 0.617587 0.950940
vt 0.616516 0.927113
vt 0.633031 0.953800
vt 0.907464 0.172472
vt 0.905302 0.205142
vt 0.900002 0.204187
vt 0.901200 0.172330
vt 0.898471 0.139888
vt 0.904433 0.139860
vt 0.891945 0.171868
vt 0.890107 0.139999
vt 0.885656 0.107828
vt 0.892048 0.107300
vt 0.608879 0.896536
vt 0.879699 0.139843
vt 0.878007 0.108555
vt 0.877053 0.083644
vt 0.878814 0.063892
vt 0.882688 0.039863
vt 0.869459 0.139640
vt 0.880182 0.171600
vt 0.868697 0.172054
vt 0.858591 0.172669
vt 0.871112 0.204640
vt 0.860391 0.205639
vt 0.850833 0.206358
vt 0.849996 0.173057
vt 0.842718 0.206486
vt 0.842638 0.173108
vt 0.836624 0.206059
vt 0.836581 0.173004
vt 0.799107 0.373381
vt 0.794266 0.397877
vt 0.787183 0.394389
vt 0.792038 0.370660
vt 0.237920 0.679341
vt 0.244876 0.676528
vt 0.243924 0.698230
vt 0.237920 0.702615
vt 0.779511 0.392439
vt 0.783022 0.369410
vt 0.253836 0.675158
vt 0.252882 0.693986
vt 0.265274 0.675920
vt 0.265028 0.692368
vt 0.783696 0.351766
vt 0.252280 0.716340
vt 0.246649 0.721259
vt 0.771504 0.391757
vt 0.776750 0.417299
vt 0.770916 0.416373
vt 0.765187 0.416975
vt 0.772898 0.437607
vt 0.768347 0.438028
vt 0.764357 0.439230
vt 0.760358 0.417860
vt 0.772968 0.458158
vt 0.768908 0.458402
vt 0.765180 0.459369
vt 0.766690 0.474756
vt 0.762430 0.475852
vt 0.091547 0.801169
vt 0.094421 0.780502
vt 0.097786 0.781254
vt 0.094746 0.802193
vt 0.102158 0.781569
vt 0.098566 0.803178
vt 0.107440 0.781980
vt 0.103765 0.803998
vt 0.099437 0.826625
vt 0.109738 0.805077
vt 0.105940 0.826931
vt 0.105370 0.837127
vt 0.098955 0.838839
vt 0.105459 0.841958
vt 0.099695 0.843824
vt 0.750597 0.435802
vt 0.749755 0.441256
vt 0.746577 0.439612
vt 0.746194 0.434199
vt 0.746153 0.427277
vt 0.751301 0.428961
vt 0.049325 0.851054
vt 0.044837 0.845759
vt 0.055943 0.865181
vt 0.745779 0.412579
vt 0.750762 0.414741
vt 0.059563 0.883200
vt 0.744544 0.397240
vt 0.749139 0.394248
vt 0.040140 0.842778
vt 0.040783 0.839076
vt 0.040995 0.833501
vt 0.039815 0.820973
vt 0.034951 0.797988
vt 0.041882 0.797102
vt 0.031127 0.776278
vt 0.038218 0.776061
vt 0.044090 0.775770
vt 0.047608 0.796409
vt 0.049110 0.775477
vt 0.052345 0.795539
vt 0.052926 0.774797
vt 0.056074 0.794583
vt 0.061470 0.816129
vt 0.729947 0.444026
vt 0.731945 0.463104
vt 0.728120 0.462296
vt 0.725693 0.443463
vt 0.725295 0.423903
vt 0.729801 0.424607
vt 0.066536 0.838412
vt 0.725589 0.402021
vt 0.730750 0.402956
vt 0.720667 0.424071
vt 0.719658 0.401914
vt 0.715676 0.377874
vt 0.722939 0.380328
vt 0.729822 0.384883
vt 0.719558 0.363705
vt 0.726289 0.370597
vt 0.516815 0.481511
vt 0.516815 0.494399
vt 0.510056 0.492978
vt 0.510526 0.484055
vt 0.724375 0.360383
vt 0.729395 0.368700
vt 0.075476 0.905588
vt 0.073514 0.910076
vt 0.729074 0.358625
vt 0.733397 0.366562
vt 0.711846 0.358388
vt 0.693306 0.558497
vt 0.695138 0.542014
vt 0.702362 0.539707
vt 0.708187 0.377992
vt 0.713260 0.402932
vt 0.706421 0.405091
vt 0.700954 0.379118
vt 0.709645 0.539290
vt 0.699543 0.408282
vt 0.693306 0.382270
vt 0.717667 0.540597
vt 0.721274 0.563335
vt 0.894382 0.562469
vt 0.895319 0.595215
vt 0.888752 0.595246
vt 0.888081 0.561399
vt 0.885683 0.528289
vt 0.891542 0.530432
vt 0.721274 0.587841
vt 0.884920 0.494140
vt 0.892384 0.494620
vt 0.896651 0.534712
vt 0.882462 0.473606
vt 0.877537 0.493741
vt 0.875593 0.473581
vt 0.876689 0.454518
vt 0.881974 0.456183
vt 0.878369 0.440309
vt 0.884688 0.441384
vt 0.454428 0.697212
vt 0.466718 0.690699
vt 0.875526 0.430500
vt 0.881558 0.428532
vt 0.886622 0.425534
vt 0.889505 0.441517
vt 0.473618 0.684422
vt 0.879332 0.527638
vt 0.880828 0.560258
vt 0.872255 0.559168
vt 0.880493 0.594884
vt 0.870145 0.593879
vt 0.858060 0.592363
vt 0.865367 0.624446
vt 0.853830 0.623713
vt 0.843243 0.623542
vt 0.854548 0.650504
vt 0.846585 0.650823
vt 0.839816 0.651170
vt 0.847604 0.671211
vt 0.842021 0.670540
vt 0.460884 0.884410
vt 0.466023 0.871494
vt 0.471197 0.875625
vt 0.466849 0.888911
vt 0.454428 0.904679
vt 0.837617 0.669847
vt 0.837108 0.690072
vt 0.832755 0.689958
vt 0.453621 0.755523
vt 0.453727 0.774148
vt 0.833339 0.714320
vt 0.829257 0.714046
vt 0.453660 0.794984
vt 0.448484 0.796636
vt 0.732180 0.584009
vt 0.726496 0.581938
vt 0.727355 0.564877
vt 0.731920 0.566893
vt 0.736964 0.567465
vt 0.738224 0.584395
vt 0.731506 0.551259
vt 0.735645 0.551936
vt 0.739795 0.551313
vt 0.741888 0.566443
vt 0.744048 0.582794
vt 0.743149 0.549516
vt 0.745789 0.563855
vt 0.748653 0.579480
vt 0.009522 0.755547
vt 0.014804 0.738461
vt 0.018023 0.739244
vt 0.013493 0.755887
vt 0.021938 0.739831
vt 0.018331 0.756507
vt 0.026366 0.740237
vt 0.024090 0.756982
vt 0.023179 0.776407
vt 0.030455 0.757016
vt 0.031139 0.740376
vt 0.035942 0.740289
vt 0.036423 0.756823
vt 0.040457 0.740130
vt 0.041738 0.756631
vt 0.044558 0.739925
vt 0.046178 0.756406
vt 0.048147 0.739778
vt 0.049940 0.756131
vt 0.735782 0.494687
vt 0.733645 0.507643
vt 0.730150 0.506093
vt 0.731484 0.493141
vt 0.731503 0.478302
vt 0.735968 0.479295
vt 0.726625 0.492612
vt 0.726369 0.478334
vt 0.723518 0.462395
vt 0.720963 0.479427
vt 0.718630 0.463574
vt 0.716235 0.445010
vt 0.721058 0.443788
vt 0.715776 0.425340
vt 0.711652 0.447088
vt 0.710491 0.427496
vt 0.707207 0.449683
vt 0.704878 0.430108
vt 0.884970 0.650998
vt 0.880956 0.673975
vt 0.875932 0.673664
vt 0.879562 0.651023
vt 0.699569 0.433880
vt 0.693306 0.412598
vt 0.884801 0.626767
vt 0.872040 0.650867
vt 0.876100 0.625749
vt 0.891403 0.627125
vt 0.863334 0.650589
vt 0.869607 0.673200
vt 0.862229 0.672587
vt 0.854430 0.671849
vt 0.857461 0.693443
vt 0.849725 0.692195
vt 0.842808 0.691048
vt 0.845971 0.714809
vt 0.838902 0.714672
vt 0.849371 0.734995
vt 0.843675 0.735333
vt 0.838997 0.735291
vt 0.848973 0.751059
vt 0.845073 0.751200
vt 0.723311 0.561822
vt 0.724448 0.547530
vt 0.727755 0.549713
vt 0.721274 0.578778
vt 0.842044 0.751335
vt 0.847790 0.765500
vt 0.844740 0.765448
vt 0.727828 0.539290
vt 0.731251 0.540841
vt 0.790695 0.541023
vt 0.793503 0.539290
vt 0.796028 0.552306
vt 0.792449 0.554152
vt 0.788244 0.555326
vt 0.787171 0.542141
vt 0.735072 0.541362
vt 0.783513 0.555448
vt 0.783434 0.542144
vt 0.738677 0.540820
vt 0.779144 0.554568
vt 0.779987 0.541332
vt 0.741648 0.539290
vt 0.775226 0.552920
vt 0.776985 0.539669
vt 0.017190 0.724599
vt 0.019990 0.725144
vt 0.017226 0.710797
vt 0.020801 0.711086
vt 0.023386 0.725530
vt 0.024747 0.711408
vt 0.027129 0.725808
vt 0.029334 0.711726
vt 0.031091 0.725911
vt 0.033916 0.711888
vt 0.035250 0.725751
vt 0.038327 0.711602
vt 0.039231 0.725616
vt 0.042409 0.711129
vt 0.043147 0.725257
vt 0.045672 0.710524
vt 0.046634 0.724575
vt 0.507883 0.770549
vt 0.504188 0.760796
vt 0.508230 0.758870
vt 0.511124 0.768565
vt 0.049140 0.723743
vt 0.050692 0.739572
vt 0.731371 0.518420
vt 0.735108 0.529011
vt 0.730671 0.528899
vt 0.727591 0.518228
vt 0.726209 0.505697
vt 0.723705 0.519028
vt 0.722169 0.506344
vt 0.721758 0.493370
vt 0.718502 0.507987
vt 0.717239 0.495290
vt 0.715800 0.481367
vt 0.877988 0.714526
vt 0.876100 0.731755
vt 0.872413 0.732086
vt 0.873909 0.714655
vt 0.711000 0.484306
vt 0.709435 0.468463
vt 0.713944 0.465627
vt 0.876622 0.695572
vt 0.868302 0.714734
vt 0.871536 0.695317
vt 0.861344 0.714806
vt 0.865076 0.694589
vt 0.853796 0.714873
vt 0.861869 0.733359
vt 0.855634 0.734287
vt 0.863657 0.749395
vt 0.858671 0.750156
vt 0.853625 0.750751
vt 0.859730 0.765331
vt 0.855256 0.765425
vt 0.851358 0.765486
vt 0.854571 0.781267
vt 0.850140 0.781233
vt 0.845858 0.780961
vt 0.845868 0.797531
vt 0.842122 0.796960
vt 0.842329 0.780647
vt 0.847349 0.809957
vt 0.843038 0.809376
vt 0.501683 0.704544
vt 0.503125 0.696614
vt 0.506894 0.699221
vt 0.505669 0.707091
vt 0.795805 0.565368
vt 0.792361 0.567267
vt 0.792609 0.576620
vt 0.788585 0.577775
vt 0.788266 0.568434
vt 0.784327 0.577979
vt 0.783575 0.568652
vt 0.780183 0.577418
vt 0.779048 0.568007
vt 0.012046 0.694615
vt 0.011909 0.682136
vt 0.014859 0.682660
vt 0.015226 0.694805
vt 0.775226 0.566535
vt 0.019541 0.682766
vt 0.019478 0.694599
vt 0.013649 0.673744
vt 0.519241 0.699428
vt 0.515399 0.700575
vt 0.515886 0.693429
vt 0.512445 0.693197
vt 0.514040 0.686284
vt 0.516677 0.687014
vt 0.511185 0.700514
vt 0.514334 0.680435
vt 0.517517 0.681095
vt 0.520076 0.682414
vt 0.513823 0.674980
vt 0.517658 0.675654
vt 0.021263 0.664064
vt 0.027621 0.663509
vt 0.027183 0.666385
vt 0.034837 0.664469
vt 0.034783 0.667092
vt 0.034636 0.670578
vt 0.026461 0.670545
vt 0.045453 0.663149
vt 0.045935 0.666253
vt 0.055286 0.660343
vt 0.055764 0.663311
vt 0.062618 0.659682
vt 0.062935 0.662407
vt 0.068025 0.659933
vt 0.067930 0.662742
vt 0.071303 0.663785
vt 0.069903 0.667605
vt 0.071523 0.660614
vt 0.515302 0.778646
vt 0.513581 0.776122
vt 0.515855 0.773670
vt 0.517357 0.776443
vt 0.516632 0.781528
vt 0.510623 0.778856
vt 0.508493 0.776896
vt 0.511369 0.774000
vt 0.507856 0.781974
vt 0.505750 0.780245
vt 0.503871 0.778369
vt 0.506427 0.775058
vt 0.505566 0.786333
vt 0.503095 0.784630
vt 0.501166 0.782563
vt 0.896310 0.826323
vt 0.896744 0.823613
vt 0.901409 0.822744
vt 0.901350 0.825412
vt 0.895587 0.828567
vt 0.887939 0.828018
vt 0.888861 0.825355
vt 0.889779 0.822494
vt 0.881274 0.815376
vt 0.883147 0.812390
vt 0.870563 0.806557
vt 0.874074 0.804073
vt 0.877016 0.801947
vt 0.885030 0.809645
vt 0.864840 0.795785
vt 0.868961 0.794130
vt 0.872566 0.792452
vt 0.875378 0.791109
vt 0.879305 0.800040
vt 0.867558 0.780524
vt 0.871273 0.780017
vt 0.874185 0.779549
vt 0.722322 0.531641
vt 0.726228 0.529865
vt 0.728404 0.536954
vt 0.724833 0.539290
vt 0.871534 0.764805
vt 0.874470 0.764665
vt 0.720255 0.520540
vt 0.871886 0.748322
vt 0.874999 0.748039
vt 0.868109 0.764983
vt 0.868076 0.748739
vt 0.867629 0.732599
vt 0.864165 0.765171
vt 0.863493 0.780891
vt 0.859061 0.781105
vt 0.515672 0.749918
vt 0.511430 0.749871
vt 0.510731 0.741569
vt 0.514565 0.741473
vt 0.517915 0.741628
vt 0.519277 0.750556
vt 0.517187 0.758130
vt 0.512720 0.757967
vt 0.510113 0.732241
vt 0.513574 0.731857
vt 0.516801 0.731387
vt 0.512871 0.723962
vt 0.515896 0.723249
vt 0.518411 0.722332
vt 0.519462 0.730863
vt 0.886463 0.807412
vt 0.512070 0.717450
vt 0.514883 0.717053
vt 0.517293 0.716582
vt 0.514290 0.712553
vt 0.899207 0.814806
vt 0.902430 0.817964
vt 0.513250 0.709214
vt 0.904072 0.821134
vt 0.504729 0.773342
vt 0.507465 0.771090
vt 0.509242 0.772481
vt 0.502270 0.776427
vt 0.508793 0.717752
vt 0.509508 0.724473
vt 0.506133 0.724657
vt 0.505567 0.717771
vt 0.506574 0.732642
vt 0.503336 0.732949
vt 0.503082 0.724507
vt 0.506724 0.742006
vt 0.503327 0.742769
vt 0.500602 0.743814
vt 0.500574 0.733095
vt 0.507079 0.750563
vt 0.503380 0.751663
vt 0.050254 0.689914
vt 0.046537 0.698684
vt 0.043083 0.697863
vt 0.047120 0.688705
vt 0.039064 0.696816
vt 0.043565 0.686873
vt 0.052343 0.679088
vt 0.054615 0.681158
vt 0.061105 0.674549
vt 0.062605 0.676450
vt 0.066860 0.671298
vt 0.068561 0.673035
vt 0.500680 0.724058
vt 0.500574 0.717365
vt 0.502757 0.717587
vt 0.501012 0.712113
vt 0.502956 0.712306
vt 0.073662 0.670632
vt 0.072101 0.669126
vt 0.073901 0.665213
vt 0.075476 0.666687
vt 0.504295 0.708371
vt 0.513642 0.771619
vt 0.511532 0.770549
vt 0.500574 0.789511
vt 0.503453 0.791470
vt 0.504856 0.649271
vt 0.507651 0.648865
vt 0.505449 0.659003
vt 0.502299 0.660152
vt 0.511009 0.648964
vt 0.509549 0.658755
vt 0.508954 0.669940
vt 0.504397 0.671319
vt 0.500574 0.674082
vt 0.509216 0.675419
vt 0.504731 0.677621
vt 0.864545 0.822827
vt 0.856488 0.823281
vt 0.850660 0.824157
vt 0.849004 0.818434
vt 0.261365 0.567362
vt 0.255462 0.566881
vt 0.256033 0.562875
vt 0.261947 0.562771
vt 0.512997 0.669932
vt 0.513618 0.658995
vt 0.517577 0.659738
vt 0.516674 0.670586
vt 0.255462 0.559179
vt 0.261245 0.558906
vt 0.514742 0.649368
vt 0.518538 0.650134
vt 0.521563 0.651135
vt 0.520888 0.660795
vt 0.520003 0.671843
vt 0.515377 0.643182
vt 0.518770 0.643925
vt 0.521566 0.644866
vt 0.512231 0.642700
vt 0.509622 0.642541
vt 0.517357 0.785475
vt 0.844990 0.818329
vt 0.749369 0.445176
vt 0.746473 0.443732
vt 0.113645 0.782370
vt 0.120973 0.782781
vt 0.115461 0.762292
vt 0.121692 0.762488
vt 0.127712 0.762360
vt 0.120275 0.745034
vt 0.124752 0.744789
vt 0.129033 0.744405
vt 0.133017 0.761950
vt 0.132674 0.744180
vt 0.137424 0.761538
vt 0.135513 0.743643
vt 0.140957 0.761206
vt 0.241156 0.746733
vt 0.244211 0.731789
vt 0.247405 0.733420
vt 0.245002 0.748907
vt 0.242260 0.765812
vt 0.237920 0.762875
vt 0.251397 0.734155
vt 0.249398 0.749954
vt 0.247770 0.767272
vt 0.254058 0.749566
vt 0.253249 0.767108
vt 0.764528 0.582403
vt 0.759076 0.582266
vt 0.759497 0.560125
vt 0.753692 0.581104
vt 0.754410 0.558934
vt 0.753801 0.542372
vt 0.759214 0.543371
vt 0.749374 0.557011
vt 0.748653 0.540333
vt 0.936095 0.634578
vt 0.941295 0.631507
vt 0.945541 0.647628
vt 0.894958 0.233865
vt 0.890268 0.255254
vt 0.885673 0.255516
vt 0.889295 0.233349
vt 0.892354 0.203650
vt 0.946398 0.668910
vt 0.881917 0.232922
vt 0.882198 0.203921
vt 0.873218 0.232976
vt 0.879855 0.255771
vt 0.872624 0.256014
vt 0.864921 0.256334
vt 0.863783 0.233369
vt 0.857764 0.256678
vt 0.854974 0.233689
vt 0.851541 0.257094
vt 0.847819 0.233614
vt 0.846369 0.257598
vt 0.842321 0.233331
vt 0.794014 0.425755
vt 0.788491 0.421969
vt 0.800106 0.402165
vt 0.787647 0.442600
vt 0.783125 0.440143
vt 0.782521 0.419388
vt 0.778018 0.438237
vt 0.781868 0.460238
vt 0.777469 0.458847
vt 0.781092 0.476981
vt 0.776355 0.475376
vt 0.771535 0.474605
vt 0.776376 0.490155
vt 0.771785 0.489709
vt 0.767264 0.490285
vt 0.773372 0.503215
vt 0.769624 0.503725
vt 0.766205 0.505159
vt 0.763067 0.491789
vt 0.097947 0.761214
vt 0.100357 0.744406
vt 0.103421 0.744493
vt 0.101171 0.761457
vt 0.107105 0.744669
vt 0.105183 0.761679
vt 0.111248 0.744893
vt 0.109941 0.761965
vt 0.115666 0.745061
vt 0.112240 0.730262
vt 0.115973 0.730492
vt 0.119678 0.730628
vt 0.116884 0.716220
vt 0.121114 0.716152
vt 0.125223 0.715943
vt 0.123447 0.730637
vt 0.128684 0.715821
vt 0.127018 0.730519
vt 0.132234 0.715672
vt 0.130295 0.730188
vt 0.135195 0.715305
vt 0.132907 0.729835
vt 0.605723 0.648636
vt 0.606666 0.661046
vt 0.602948 0.662327
vt 0.602635 0.649668
vt 0.246023 0.721259
vt 0.248886 0.722628
vt 0.598779 0.662727
vt 0.599031 0.649982
vt 0.252415 0.723005
vt 0.594598 0.662179
vt 0.595755 0.649388
vt 0.255781 0.722539
vt 0.255245 0.733601
vt 0.258974 0.721259
vt 0.258830 0.732149
vt 0.258536 0.748017
vt 0.262027 0.730068
vt 0.262538 0.745637
vt 0.264005 0.762900
vt 0.258760 0.765567
vt 0.898346 0.298336
vt 0.893541 0.321279
vt 0.889496 0.321258
vt 0.893502 0.298537
vt 0.888402 0.275327
vt 0.892997 0.274603
vt 0.748653 0.578732
vt 0.887276 0.298934
vt 0.882506 0.276231
vt 0.879989 0.299372
vt 0.875628 0.277168
vt 0.872465 0.299664
vt 0.868462 0.278140
vt 0.865385 0.299782
vt 0.861687 0.279000
vt 0.859322 0.299870
vt 0.856213 0.279639
vt 0.854416 0.299916
vt 0.851825 0.279723
vt 0.786033 0.462629
vt 0.785622 0.479264
vt 0.860762 0.318217
vt 0.856330 0.317909
vt 0.784574 0.493836
vt 0.780643 0.491573
vt 0.852993 0.317764
vt 0.857318 0.334604
vt 0.854474 0.334437
vt 0.780779 0.504849
vt 0.777217 0.503614
vt 0.780334 0.517622
vt 0.777065 0.516391
vt 0.773486 0.515878
vt 0.775356 0.527669
vt 0.771412 0.526943
vt 0.767404 0.527071
vt 0.770059 0.516187
vt 0.158473 0.795974
vt 0.161148 0.785795
vt 0.164814 0.787341
vt 0.161591 0.797581
vt 0.767018 0.517299
vt 0.102270 0.728907
vt 0.103116 0.714435
vt 0.106034 0.715010
vt 0.105217 0.729498
vt 0.109209 0.715619
vt 0.108595 0.729953
vt 0.113095 0.716132
vt 0.109086 0.700486
vt 0.112588 0.699677
vt 0.104946 0.689473
vt 0.108084 0.687714
vt 0.096681 0.680677
vt 0.098665 0.678386
vt 0.088364 0.675912
vt 0.089487 0.673832
vt 0.090720 0.671254
vt 0.082774 0.671656
vt 0.091832 0.668437
vt 0.092798 0.665543
vt 0.084901 0.661685
vt 0.093519 0.662789
vt 0.103970 0.666175
vt 0.093944 0.660478
vt 0.104489 0.663462
vt 0.500574 0.595114
vt 0.503370 0.594049
vt 0.504089 0.604958
vt 0.500880 0.606693
vt 0.114910 0.670942
vt 0.114861 0.667816
vt 0.121492 0.667020
vt 0.122194 0.670711
vt 0.126902 0.666338
vt 0.510793 0.494774
vt 0.516112 0.494399
vt 0.515347 0.498004
vt 0.510056 0.498393
vt 0.503704 0.609611
vt 0.507202 0.608270
vt 0.507327 0.612724
vt 0.510748 0.608181
vt 0.510482 0.612409
vt 0.510620 0.617863
vt 0.507402 0.617905
vt 0.510834 0.625792
vt 0.507020 0.625844
vt 0.510836 0.634069
vt 0.506547 0.634150
vt 0.502455 0.633024
vt 0.137800 0.684136
vt 0.134571 0.684634
vt 0.135428 0.674325
vt 0.607107 0.685906
vt 0.602882 0.687076
vt 0.603607 0.676467
vt 0.607809 0.675222
vt 0.137602 0.698527
vt 0.134514 0.698726
vt 0.130470 0.698390
vt 0.129952 0.684817
vt 0.598566 0.687076
vt 0.599168 0.676792
vt 0.594355 0.686298
vt 0.594720 0.676155
vt 0.516012 0.642542
vt 0.515087 0.632919
vt 0.518932 0.630696
vt 0.519910 0.640210
vt 0.590908 0.674782
vt 0.590908 0.660831
vt 0.887847 0.367371
vt 0.888160 0.385054
vt 0.885005 0.385498
vt 0.885022 0.367694
vt 0.883326 0.352344
vt 0.885851 0.352317
vt 0.592793 0.648072
vt 0.881420 0.367924
vt 0.880364 0.352301
vt 0.883476 0.338198
vt 0.886667 0.338444
vt 0.889352 0.338441
vt 0.876817 0.352185
vt 0.879319 0.337770
vt 0.884451 0.320955
vt 0.874675 0.337141
vt 0.878505 0.320332
vt 0.869734 0.336328
vt 0.872206 0.319489
vt 0.865046 0.335532
vt 0.866152 0.318720
vt 0.860838 0.334940
vt 0.864574 0.351604
vt 0.860960 0.351438
vt 0.857748 0.351273
vt 0.861154 0.367339
vt 0.857814 0.366935
vt 0.855221 0.366572
vt 0.855145 0.351150
vt 0.856485 0.379978
vt 0.853918 0.378855
vt 0.778996 0.529065
vt 0.776995 0.537280
vt 0.773611 0.535579
vt 0.154916 0.776411
vt 0.151599 0.777020
vt 0.153051 0.767521
vt 0.156219 0.767347
vt 0.159685 0.767403
vt 0.158754 0.776347
vt 0.157116 0.785072
vt 0.153200 0.785311
vt 0.163066 0.767696
vt 0.162546 0.776792
vt 0.166080 0.768266
vt 0.165956 0.777766
vt 0.102968 0.701535
vt 0.099579 0.691706
vt 0.101998 0.690807
vt 0.105611 0.701164
vt 0.168607 0.769034
vt 0.166290 0.758011
vt 0.168607 0.757924
vt 0.094874 0.682330
vt 0.168469 0.749321
vt 0.087174 0.677844
vt 0.167519 0.743834
vt 0.081441 0.675648
vt 0.082082 0.673781
vt 0.077627 0.674127
vt 0.077504 0.672144
vt 0.077770 0.670120
vt 0.167879 0.737231
vt 0.166852 0.738621
vt 0.164527 0.736282
vt 0.165774 0.734648
vt 0.075476 0.668457
vt 0.787400 0.578016
vt 0.787705 0.580016
vt 0.785032 0.579766
vt 0.785150 0.577979
vt 0.162387 0.734762
vt 0.163775 0.733012
vt 0.789686 0.580707
vt 0.789525 0.583037
vt 0.787392 0.582320
vt 0.162989 0.738323
vt 0.160769 0.736909
vt 0.158683 0.735818
vt 0.160295 0.733755
vt 0.156865 0.735008
vt 0.158326 0.733123
vt 0.158908 0.739807
vt 0.156787 0.738789
vt 0.155048 0.737876
vt 0.153737 0.737069
vt 0.155332 0.734717
vt 0.154602 0.743278
vt 0.152734 0.742196
vt 0.826507 0.407012
vt 0.830396 0.404731
vt 0.830039 0.402859
vt 0.836056 0.400652
vt 0.836842 0.402773
vt 0.837783 0.405383
vt 0.838709 0.408214
vt 0.845420 0.399379
vt 0.847101 0.401936
vt 0.848969 0.404898
vt 0.850792 0.407651
vt 0.839560 0.411184
vt 0.857777 0.393955
vt 0.861549 0.396733
vt 0.863821 0.382821
vt 0.868105 0.384132
vt 0.865067 0.367664
vt 0.869131 0.367808
vt 0.873410 0.367940
vt 0.877499 0.368008
vt 0.868561 0.351805
vt 0.872908 0.352036
vt 0.859877 0.381339
vt 0.854625 0.391809
vt 0.851887 0.389918
vt 0.843826 0.397167
vt 0.150420 0.767959
vt 0.151480 0.757151
vt 0.154152 0.757410
vt 0.849793 0.388447
vt 0.152637 0.749121
vt 0.155262 0.749843
vt 0.157945 0.750243
vt 0.157251 0.757700
vt 0.160387 0.757854
vt 0.163511 0.757967
vt 0.156905 0.744144
vt 0.159475 0.744800
vt 0.161330 0.740925
vt 0.165393 0.740297
vt 0.840365 0.414171
vt 0.832440 0.414788
vt 0.852514 0.410243
vt 0.852707 0.413574
vt 0.841102 0.416914
vt 0.778083 0.598620
vt 0.775226 0.597067
vt 0.782089 0.594409
vt 0.832870 0.417193
vt 0.852942 0.416342
vt 0.841714 0.419048
vt 0.517947 0.593415
vt 0.514399 0.592860
vt 0.513090 0.582632
vt 0.516258 0.582774
vt 0.520905 0.594655
vt 0.521587 0.608992
vt 0.518428 0.605818
vt 0.514717 0.604216
vt 0.511040 0.603682
vt 0.510710 0.592846
vt 0.518250 0.611930
vt 0.514646 0.609175
vt 0.516112 0.505119
vt 0.510977 0.505788
vt 0.510119 0.501963
vt 0.515335 0.501509
vt 0.872554 0.412006
vt 0.865036 0.411940
vt 0.506825 0.593265
vt 0.506172 0.583242
vt 0.509665 0.582805
vt 0.507566 0.603947
vt 0.505800 0.575987
vt 0.508577 0.575735
vt 0.511615 0.575644
vt 0.775303 0.585610
vt 0.775226 0.582758
vt 0.780656 0.581752
vt 0.780594 0.584152
vt 0.503107 0.583904
vt 0.503142 0.576532
vt 0.784631 0.581870
vt 0.784294 0.584228
vt 0.787041 0.584745
vt 0.786199 0.587183
vt 0.784967 0.590416
vt 0.789047 0.585385
vt 0.788244 0.587802
vt 0.787054 0.590944
vt 0.827419 0.414132
vt 0.827596 0.416272
vt 0.789853 0.588352
vt 0.788849 0.591091
vt 0.790860 0.586234
vt 0.781270 0.579720
vt 0.775867 0.580266
vt 0.078641 0.662661
vt 0.782166 0.578076
vt 0.085154 0.659682
vt 0.514342 0.575940
vt 0.886577 0.399327
vt 0.882794 0.399739
vt 0.486753 0.606929
vt 0.571356 0.368635
vt 0.583303 0.354237
vt 0.704297 0.307355
vt 0.703334 0.336723
vt 0.268201 0.789820
vt 0.252489 0.790909
vt 0.257272 0.767879
vt 0.268201 0.767272
vt 0.768520 0.331153
vt 0.601833 0.339263
vt 0.492939 0.709810
vt 0.608879 0.321026
vt 0.502579 0.559753
vt 0.185811 0.869395
vt 0.189065 0.855870
vt 0.546134 0.123058
vt 0.544634 0.137562
vt 0.541108 0.137500
vt 0.547855 0.107517
vt 0.551685 0.107744
vt 0.550285 0.123696
vt 0.555587 0.107943
vt 0.542282 0.151456
vt 0.539450 0.151835
vt 0.540002 0.166451
vt 0.536781 0.166786
vt 0.537050 0.152201
vt 0.536802 0.182835
vt 0.679873 0.166796
vt 0.682141 0.182799
vt 0.678332 0.182719
vt 0.533209 0.182532
vt 0.531476 0.200007
vt 0.679918 0.200242
vt 0.674880 0.200429
vt 0.677978 0.220796
vt 0.670986 0.220465
vt 0.680835 0.237890
vt 0.672708 0.238492
vt 0.682740 0.246307
vt 0.675316 0.248416
vt 0.409218 0.940456
vt 0.401881 0.936904
vt 0.415297 0.945370
vt 0.689250 0.245030
vt 0.683986 0.200025
vt 0.237920 0.369419
vt 0.518075 0.453655
vt 0.210331 0.334249
vt 0.590908 0.610424
vt 0.591222 0.605470
vt 0.570936 0.576222
vt 0.518988 0.459951
vt 0.518530 0.455873
vt 0.560251 0.003605
vt 0.591808 0.718990
vt 0.560620 0.091739
vt 0.977192 0.462689
vt 0.975846 0.452364
vt 0.978176 0.453015
vt 0.514107 0.376478
vt 0.510934 0.376637
vt 0.518367 0.369853
vt 0.517308 0.377246
vt 0.522135 0.371031
vt 0.520240 0.378642
vt 0.518075 0.359967
vt 0.522135 0.360707
vt 0.512693 0.351732
vt 0.516534 0.350987
vt 0.520440 0.351618
vt 0.968302 0.437122
vt 0.964799 0.438305
vt 0.582739 0.054714
vt 0.314294 0.635619
vt 0.521004 0.381991
vt 0.586813 0.034567
vt 0.083633 0.887009
vt 0.752951 0.395073
vt 0.517714 0.257799
s 1
f 1/1/1 67/2/2 68/3/3 69/4/4
f 1/1/1 69/4/4 70/5/5 71/6/6
f 1/1/1 71/6/6 72/7/7 2/8/8
f 1/1/1 73/9/9 74/10/10 67/2/2
f 1/1/1 2/8/8 75/11/11 73/9/9
f 2/8/8 76/12/12 77/13/13 78/14/14
f 2/8/8 78/14/14 79/15/15 75/11/11
f 3/16/16 80/17/17 81/18/18 82/19/19
f 3/20/16 83/21/20 84/22/21 80/23/17
f 3/16/16 85/24/22 86/25/23 83/26/20
f 3/16/16 87/27/24 88/28/25 85/24/22
f 3/16/16 82/19/19 89/29/26 87/27/24
f 4/30/27 90/31/28 91/32/29 92/33/30
f 4/30/27 93/34/31 94/35/32 95/36/33
f 4/30/27 92/33/30 96/37/34 93/34/31
f 5/38/35 97/39/36 98/40/37 99/41/38
f 5/38/35 99/41/38 100/42/39 101/43/40
f 5/38/35 101/43/40 6/44/41 102/45/42
f 6/44/41 103/46/43 104/47/44 102/45/42
f 6/44/41 105/48/45 106/49/46 103/46/43
f 6/44/41 107/50/47 108/51/48 105/48/45
f 6/44/41 101/43/40 109/52/49 107/50/47
f 7/53/50 110/54/51 111/55/52 112/56/53
f 7/57/50 112/58/53 113/59/54 114/60/55
f 7/53/50 115/61/56 116/62/57 117/63/58
f 7/53/50 117/63/58 118/64/59 110/54/51
f 7/53/50 114/65/55 119/66/60 115/61/56
f 8/67/61 120/68/62 121/69/63 122/70/64
f 8/71/61 123/72/65 124/73/66 125/74/67
f 8/71/61 122/75/64 126/76/68 123/72/65
f 9/77/69 127/78/70 128/79/71 129/80/72
f 9/77/69 130/81/73 131/82/74 132/83/75
f 9/84/69 132/85/75 133/86/76 127/87/70
f 10/88/77 134/89/78 135/90/79 136/91/80
f 138/92/81 139/93/82 134/94/78 10/95/77
f 10/88/77 136/91/80 137/96/83 138/97/81
f 11/98/84 140/99/85 141/100/86 142/101/87
f 11/98/84 142/101/87 143/102/88 144/103/89
f 11/98/84 144/103/89 145/104/90 140/99/85
f 12/105/91 146/106/92 147/107/93 143/102/88
f 12/105/91 143/102/88 142/101/87 148/108/94
f 12/105/91 149/109/95 150/110/96 146/106/92
f 13/111/97 151/112/98 152/113/99 153/114/100
f 13/111/97 153/114/100 154/115/101 155/116/102
f 13/111/97 155/116/102 156/117/103 151/112/98
f 157/118/104 158/119/105 113/120/54 159/121/106
f 14/122/107 160/123/108 161/124/109 162/125/110
f 14/122/107 162/125/110 163/126/111 164/127/112
f 14/122/107 165/128/113 166/129/114 160/123/108
f 14/122/107 164/127/112 167/130/115 168/131/116
f 14/122/107 168/131/116 169/132/117 165/128/113
f 15/133/118 170/134/119 171/135/120 172/136/121
f 15/133/118 172/136/121 173/137/122 174/138/123
f 15/133/118 175/139/124 176/140/125 170/134/119
f 16/141/126 177/142/127 156/117/103 155/116/102
f 16/141/126 155/116/102 154/115/101 178/143/128
f 16/141/126 179/144/129 180/145/130 177/142/127
f 16/141/126 178/143/128 181/146/131 179/144/129
f 17/147/132 182/148/133 183/149/134 184/150/135
f 17/147/132 185/151/136 186/152/137 182/148/133
f 17/147/132 184/150/135 187/153/138 185/151/136
f 18/154/139 188/155/140 189/156/141 190/157/142
f 18/158/139 191/159/143 192/160/144 193/161/145
f 18/158/139 194/162/146 195/163/147 191/159/143
f 18/158/139 190/164/142 196/165/148 194/162/146
f 18/154/139 193/166/145 197/167/149 188/155/140
f 19/168/150 198/169/151 199/170/152 200/171/153
f 19/168/150 201/172/154 202/173/155 198/169/151
f 19/168/150 200/171/153 203/174/156 201/172/154
f 20/175/157 204/176/158 205/177/159 206/178/160
f 20/175/157 207/179/161 208/180/162 204/176/158
f 20/175/157 206/178/160 209/181/163 207/179/161
f 21/182/164 210/183/165 211/184/166 212/185/167
f 21/182/164 213/186/168 214/187/169 210/183/165
f 21/182/164 212/185/167 215/188/170 213/186/168
f 22/189/171 216/190/172 217/191/173 218/192/174
f 22/193/171 218/194/174 219/195/175 197/167/149
f 22/189/171 163/126/111 162/125/110 216/190/172
f 22/189/171 220/196/176 221/197/177 163/126/111
f 22/189/171 197/198/149 193/199/145 220/196/176
f 23/200/178 222/201/179 154/115/101 153/114/100
f 23/200/178 223/202/180 224/203/181 225/204/182
f 23/200/178 225/204/182 32/205/183 222/201/179
f 24/206/184 226/207/185 222/201/179 32/205/183
f 24/206/184 32/205/183 227/208/186 228/209/187
f 24/206/184 228/209/187 229/210/188 226/207/185
f 25/211/189 230/212/190 231/213/191 232/214/192
f 25/215/189 233/216/193 234/217/194 230/218/190
f 25/215/189 232/219/192 215/220/170 233/216/193
f 26/221/195 235/222/196 236/223/197 237/224/198
f 26/225/195 238/226/199 239/227/200 235/228/196
f 26/221/195 237/224/198 240/229/201 238/230/199
f 27/231/202 241/232/203 242/233/204 243/234/205
f 27/231/202 243/234/205 244/235/206 245/236/207
f 27/231/202 245/236/207 246/237/208 241/232/203
f 28/238/209 247/239/210 248/240/211 249/241/212
f 28/242/209 249/243/212 250/244/213 251/245/214
f 28/238/209 251/246/214 252/247/215 247/239/210
f 29/248/216 253/249/217 254/250/218 255/251/219
f 29/252/216 256/253/220 257/254/221 253/255/217
f 30/256/222 258/257/223 257/254/221 256/253/220
f 30/256/222 256/253/220 259/258/224 260/259/225
f 30/256/222 260/259/225 261/260/226 258/257/223
f 31/261/227 262/262/228 263/263/229 264/264/230
f 31/265/227 265/266/231 266/267/232 262/268/228
f 31/261/227 264/264/230 267/269/233 268/270/234
f 31/265/227 268/271/234 269/272/235 270/273/236
f 31/265/227 270/273/236 271/274/237 265/266/231
f 32/205/183 225/204/182 272/275/238 273/276/239
f 32/277/183 273/278/239 274/279/240 227/280/186
f 33/281/241 275/282/242 276/283/243 277/284/244
f 33/281/241 277/284/244 278/285/245 279/286/246
f 33/281/241 279/286/246 280/287/247 281/288/248
f 34/289/249 282/290/250 260/259/225 259/258/224
f 34/289/249 283/291/251 284/292/252 282/290/250
f 34/289/249 285/293/253 286/294/254 287/295/255
f 34/289/249 259/258/224 288/296/256 285/293/253
f 34/289/249 287/295/255 289/297/257 283/291/251
f 35/298/258 290/299/259 291/300/260 292/301/261
f 35/298/258 292/301/261 293/302/262 294/303/263
f 35/298/258 294/303/263 295/304/264 296/305/265
f 36/306/266 297/307/267 298/308/268 299/309/269
f 36/306/266 299/309/269 300/310/270 301/311/271
f 36/306/266 301/311/271 302/312/272 303/313/273
f 36/306/266 304/314/274 305/315/275 297/307/267
f 37/316/276 306/317/277 307/318/278 308/319/279
f 37/316/276 309/320/280 310/321/281 306/317/277
f 37/316/276 42/322/282 311/323/283 309/320/280
f 38/324/284 312/325/285 313/326/286 314/327/287
f 38/328/284 315/329/288 316/330/289 312/331/285
f 38/328/284 314/332/287 317/333/290 315/329/288
f 39/334/291 318/335/292 303/313/273 319/336/293
f 39/337/291 320/338/294 321/339/295 318/340/292
f 39/334/291 319/336/293 322/341/296 323/342/297
f 39/343/291 323/344/297 324/345/298 325/346/299
f 39/337/291 325/347/299 326/348/300 320/338/294
f 40/349/301 327/350/302 328/351/303 329/352/304
f 40/353/301 329/354/304 330/355/305 331/356/306
f 40/353/301 331/356/306 332/357/307 327/358/302
f 41/359/308 333/360/309 334/361/310 335/362/311
f 41/363/308 335/364/311 336/365/312 337/366/313
f 41/363/308 337/366/313 338/367/314 333/368/309
f 42/369/282 325/346/299 324/345/298 339/370/315
f 42/322/282 340/371/316 326/372/300 325/373/299
f 42/322/282 37/316/276 341/374/317 340/371/316
f 43/375/318 342/376/319 343/377/320 344/378/321
f 43/379/318 344/380/321 345/381/322 346/382/323
f 43/379/318 346/382/323 347/383/324 342/384/319
f 44/385/325 345/386/322 344/387/321 348/388/326
f 44/385/325 349/389/327 350/390/328 345/386/322
f 44/385/325 348/388/326 351/391/329 349/389/327
f 45/392/330 352/393/331 353/394/332 354/395/333
f 45/392/330 354/395/333 355/396/334 356/397/335
f 45/392/330 356/397/335 357/398/336 352/393/331
f 46/399/337 358/400/338 359/401/339 360/402/340
f 46/399/337 361/403/341 362/404/342 358/400/338
f 46/399/337 360/402/340 343/377/320 361/403/341
f 47/405/343 363/406/344 364/407/345 365/408/346
f 47/405/343 365/408/346 366/409/347 367/410/348
f 47/405/343 367/410/348 368/411/349 369/412/350
f 47/405/343 370/413/351 371/414/352 363/406/344
f 47/405/343 369/412/350 372/415/353 370/413/351
f 48/416/354 373/417/355 374/418/356 375/419/357
f 48/416/354 376/420/358 377/421/359 373/417/355
f 48/416/354 375/419/357 378/422/360 376/420/358
f 49/423/361 379/424/362 380/425/363 381/426/364
f 49/423/361 382/427/365 383/428/366 379/424/362
f 49/423/361 381/426/364 384/429/367 382/427/365
f 50/430/368 385/431/369 386/432/370 387/433/371
f 50/434/368 388/435/372 389/436/373 385/437/369
f 50/430/368 387/433/371 390/438/374 388/439/372
f 51/440/375 391/441/376 392/442/377 393/443/378
f 51/440/375 393/443/378 394/444/379 395/445/380
f 51/440/375 395/445/380 396/446/381 397/447/382
f 51/440/375 397/447/382 398/448/383 399/449/384
f 51/440/375 399/449/384 400/450/385 391/441/376
f 52/451/386 401/452/387 402/453/388 403/454/389
f 52/451/386 404/455/390 405/456/391 401/452/387
f 52/451/386 403/454/389 406/457/392 404/455/390
f 53/458/393 407/459/394 408/460/395 409/461/396
f 53/458/393 410/462/397 411/463/398 407/459/394
f 53/458/393 409/461/396 412/464/399 410/462/397
f 54/465/400 413/466/401 414/467/402 415/468/403
f 54/465/400 415/468/403 416/469/404 417/470/405
f 54/465/400 417/470/405 418/471/406 419/472/407
f 54/465/400 420/473/408 421/474/409 413/466/401
f 54/465/400 419/472/407 422/475/410 420/473/408
f 55/476/411 423/477/412 424/478/413 425/479/414
f 55/476/411 425/479/414 426/480/415 427/481/416
f 55/476/411 427/481/416 428/482/417 423/477/412
f 56/483/418 429/484/419 430/485/420 431/486/421
f 56/483/418 432/487/422 433/488/423 429/484/419
f 56/483/418 431/486/421 434/489/424 432/487/422
f 57/490/425 435/491/426 436/492/427 437/493/428
f 57/494/425 438/495/429 439/496/430 435/497/426
f 57/494/425 437/498/428 440/499/431 438/495/429
f 58/500/432 441/501/433 442/502/434 443/503/435
f 58/504/432 444/505/436 445/506/437 441/507/433
f 58/504/432 443/508/435 446/509/438 444/505/436
f 59/510/439 447/511/440 448/512/441 449/513/442
f 59/510/439 450/514/443 451/515/444 447/511/440
f 59/510/439 452/516/445 453/517/446 450/514/443
f 60/518/447 454/519/448 455/520/449 456/521/450
f 60/518/447 456/521/450 457/522/451 458/523/452
f 60/518/447 458/523/452 459/524/453 454/519/448
f 61/525/454 460/526/455 461/527/456 462/528/457
f 61/525/454 462/528/457 463/529/458 464/530/459
f 61/525/454 464/530/459 465/531/460 460/526/455
f 62/532/461 466/533/462 467/534/463 468/535/464
f 62/532/461 469/536/465 470/537/466 466/533/462
f 62/532/461 468/535/464 471/538/467 469/536/465
f 63/539/468 472/540/469 473/541/470 474/542/471
f 63/539/468 475/543/472 476/544/473 472/540/469
f 63/539/468 474/542/471 477/545/474 475/543/472
f 64/546/475 478/547/476 479/548/477 480/549/478
f 64/546/475 480/549/478 481/550/479 482/551/480
f 64/546/475 482/551/480 483/552/481 478/547/476
f 65/553/482 484/554/483 485/555/484 486/556/485
f 65/553/482 486/556/485 487/557/486 488/558/487
f 65/553/482 488/558/487 489/559/488 484/554/483
f 66/560/489 490/561/490 491/562/491 492/563/492
f 66/560/489 493/564/493 494/565/494 490/561/490
f 66/560/489 492/563/492 495/566/495 493/564/493
f 496/567/496 497/568/497 498/569/498 499/570/499
f 499/570/499 500/571/500 501/572/501 502/573/502
f 499/570/499 502/573/502 503/574/503 496/567/496
f 499/570/499 498/569/498 504/575/504 500/571/500
f 504/575/504 505/576/505 506/577/506 507/578/507
f 504/575/504 507/578/507 508/579/508 500/571/500
f 504/575/504 498/569/498 509/580/509 505/576/505
f 509/580/509 510/581/510 511/582/511 505/576/505
f 509/580/509 498/569/498 497/568/497 512/583/512
f 509/580/509 512/583/512 513/584/513 510/581/510
f 513/584/513 514/585/514 515/586/515 510/581/510
f 513/584/513 512/583/512 516/587/516 517/588/517
f 513/584/513 517/588/517 518/589/518 514/585/514
f 518/589/518 517/588/517 519/590/519 520/591/520
f 518/592/518 520/593/520 494/565/494 493/564/493
f 518/592/518 493/564/493 495/566/495 514/594/514
f 520/591/520 519/590/519 521/595/521 522/596/522
f 520/591/520 522/596/522 523/597/523 494/598/494
f 523/597/523 522/596/522 524/599/524 525/600/525
f 523/601/523 525/602/525 526/603/526 527/604/527
f 523/597/523 527/605/527 490/606/490 494/598/494
f 527/604/527 526/603/526 528/607/528 529/608/529
f 527/604/527 529/608/529 491/562/491 490/561/490
f 529/608/529 528/607/528 530/609/530 531/610/531
f 529/608/529 531/610/531 532/611/532 491/562/491
f 532/612/532 531/613/531 533/614/533 534/615/534
f 532/611/532 534/616/534 535/617/535 536/618/536
f 532/611/532 536/618/536 492/563/492 491/562/491
f 536/618/536 535/617/535 537/619/537 538/620/538
f 536/618/536 538/620/538 495/566/495 492/563/492
f 538/621/538 537/622/537 539/623/539 515/624/515
f 538/625/538 515/586/515 514/585/514 495/626/495
f 539/623/539 537/622/537 540/627/540 541/628/541
f 539/623/539 541/628/541 542/629/542 511/630/511
f 539/631/539 511/582/511 510/581/510 515/586/515
f 542/629/542 541/628/541 543/632/543 544/633/544
f 542/629/542 544/633/544 545/634/545 506/635/506
f 542/636/542 506/577/506 505/576/505 511/582/511
f 545/634/545 544/633/544 546/637/546 547/638/547
f 545/634/545 547/638/547 548/639/548 549/640/549
f 545/641/545 549/642/549 507/578/507 506/577/506
f 549/643/549 548/644/548 481/550/479 550/645/550
f 549/642/549 550/646/550 508/579/508 507/578/507
f 550/645/550 481/550/479 480/549/478 551/647/551
f 550/646/550 551/648/551 552/649/552 508/579/508
f 552/649/552 551/648/551 553/650/553 554/651/554
f 552/649/552 554/651/554 555/652/555 501/572/501
f 552/649/552 501/572/501 500/571/500 508/579/508
f 555/652/555 554/651/554 556/653/556 557/654/557
f 555/652/555 557/654/557 558/655/558 559/656/559
f 555/652/555 559/656/559 502/573/502 501/572/501
f 559/656/559 558/655/558 560/657/560 561/658/561
f 559/656/559 561/658/561 503/574/503 502/573/502
f 561/658/561 560/657/560 562/659/562 563/660/563
f 561/658/561 563/660/563 564/661/564 503/574/503
f 564/661/564 563/660/563 565/662/565 516/587/516
f 564/661/564 516/587/516 512/583/512 497/568/497
f 564/661/564 497/568/497 496/567/496 503/574/503
f 565/662/565 563/660/563 562/659/562 566/663/566
f 565/662/565 566/663/566 521/595/521 519/590/519
f 565/662/565 519/590/519 517/588/517 516/587/516
f 566/663/566 562/659/562 567/664/567 568/665/568
f 566/663/566 568/665/568 569/666/569 521/595/521
f 569/666/569 568/665/568 570/667/570 571/668/571
f 569/666/569 571/668/571 572/669/572 524/599/524
f 569/666/569 524/599/524 522/596/522 521/595/521
f 572/670/572 571/671/571 573/672/573 574/673/574
f 572/670/572 574/673/574 575/674/575 576/675/576
f 572/670/572 576/675/576 525/602/525 524/676/524
f 576/675/576 575/674/575 577/677/577 578/678/578
f 576/675/576 578/678/578 526/603/526 525/602/525
f 578/678/578 577/677/577 579/679/579 580/680/580
f 578/678/578 580/680/580 528/607/528 526/603/526
f 580/680/580 579/679/579 581/681/581 582/682/582
f 580/680/580 582/682/582 530/609/530 528/607/528
f 582/682/582 581/681/581 583/683/583 584/684/584
f 582/682/582 584/684/584 585/685/585 530/609/530
f 585/685/585 584/684/584 586/686/586 587/687/587
f 585/688/585 587/689/587 588/690/588 533/614/533
f 585/685/585 533/691/533 531/610/531 530/609/530
f 588/690/588 587/689/587 589/692/589 590/693/590
f 588/690/588 590/693/590 591/694/591 592/695/592
f 588/690/588 592/695/592 534/615/534 533/614/533
f 592/695/592 591/694/591 593/696/593 594/697/594
f 592/695/592 594/697/594 535/698/535 534/615/534
f 594/697/594 593/696/593 595/699/595 540/627/540
f 594/697/594 540/627/540 537/622/537 535/698/535
f 595/699/595 593/696/593 488/558/487 487/557/486
f 595/699/595 487/557/486 596/700/596 543/632/543
f 595/699/595 543/632/543 541/628/541 540/627/540
f 596/700/596 487/557/486 486/556/485 597/701/597
f 596/700/596 597/701/597 598/702/598 546/637/546
f 596/700/596 546/637/546 544/633/544 543/632/543
f 598/702/598 597/701/597 599/703/599 600/704/600
f 598/702/598 600/704/600 601/705/601 602/706/602
f 598/702/598 602/706/602 547/638/547 546/637/546
f 602/707/602 601/708/601 603/709/603 604/710/604
f 602/706/602 604/711/604 548/639/548 547/638/547
f 604/710/604 603/709/603 483/552/481 482/551/480
f 604/710/604 482/551/480 481/550/479 548/644/548
f 603/712/603 601/705/601 605/713/605 606/714/606
f 603/709/603 606/715/606 607/716/607 483/552/481
f 607/716/607 606/715/606 608/717/608 609/718/609
f 607/716/607 609/718/609 610/719/610 611/720/611
f 607/716/607 611/720/611 478/547/476 483/552/481
f 611/720/611 610/719/610 612/721/612 613/722/613
f 611/720/611 613/722/613 479/548/477 478/547/476
f 613/722/613 612/721/612 614/723/614 615/724/615
f 613/725/613 615/726/615 553/650/553 479/727/477
f 615/726/615 614/728/614 616/729/616 556/653/556
f 615/726/615 556/653/556 554/651/554 553/650/553
f 616/730/616 614/723/614 617/731/617 618/732/618
f 616/729/616 618/733/618 619/734/619 620/735/620
f 616/729/616 620/735/620 557/654/557 556/653/556
f 620/735/620 619/734/619 621/736/621 622/737/622
f 620/735/620 622/737/622 558/655/558 557/654/557
f 622/737/622 621/736/621 623/738/623 624/739/624
f 622/737/622 624/739/624 560/657/560 558/655/558
f 624/739/624 623/738/623 625/740/625 567/664/567
f 624/739/624 567/664/567 562/659/562 560/657/560
f 625/740/625 623/738/623 626/741/626 627/742/627
f 625/740/625 627/742/627 628/743/628 570/667/570
f 625/740/625 570/667/570 568/665/568 567/664/567
f 628/744/628 627/745/627 629/746/629 630/747/630
f 628/743/628 630/748/630 631/749/631 573/750/573
f 628/743/628 573/750/573 571/668/571 570/667/570
f 631/751/631 630/747/630 632/752/632 633/753/633
f 631/754/631 633/755/633 634/756/634 635/757/635
f 631/754/631 635/757/635 574/673/574 573/672/573
f 635/757/635 634/756/634 636/758/636 637/759/637
f 635/757/635 637/759/637 575/674/575 574/673/574
f 637/759/637 636/758/636 638/760/638 639/761/639
f 637/759/637 639/761/639 577/677/577 575/674/575
f 639/761/639 638/760/638 640/762/640 641/763/641
f 639/761/639 641/763/641 579/679/579 577/677/577
f 641/763/641 640/762/640 642/764/642 643/765/643
f 641/763/641 643/765/643 581/681/581 579/679/579
f 643/765/643 642/764/642 644/766/644 645/767/645
f 643/765/643 645/767/645 583/683/583 581/681/581
f 645/767/645 644/766/644 646/768/646 647/769/647
f 645/767/645 647/769/647 648/770/648 583/683/583
f 648/770/648 647/769/647 649/771/649 650/772/650
f 648/773/648 650/774/650 651/775/651 586/776/586
f 648/770/648 586/686/586 584/684/584 583/683/583
f 651/775/651 650/774/650 652/777/652 653/778/653
f 651/775/651 653/778/653 654/779/654 589/692/589
f 651/775/651 589/692/589 587/689/587 586/776/586
f 654/779/654 653/778/653 655/780/655 656/781/656
f 654/779/654 656/781/656 657/782/657 658/783/658
f 654/779/654 658/783/658 590/693/590 589/692/589
f 658/783/658 657/782/657 484/554/483 489/559/488
f 658/783/658 489/559/488 591/694/591 590/693/590
f 657/782/657 656/781/656 659/784/659 660/785/660
f 657/782/657 660/785/660 485/555/484 484/554/483
f 660/785/660 659/784/659 661/786/661 662/787/662
f 660/785/660 662/787/662 599/703/599 485/555/484
f 662/787/662 661/786/661 663/788/663 664/789/664
f 662/787/662 664/789/664 600/704/600 599/703/599
f 664/789/664 663/788/663 665/790/665 605/713/605
f 664/789/664 605/713/605 601/705/601 600/704/600
f 665/790/665 663/788/663 666/791/666 667/792/667
f 665/793/665 667/794/667 668/795/668 608/717/608
f 665/790/665 608/796/608 606/714/606 605/713/605
f 668/795/668 667/794/667 669/797/669 670/798/670
f 668/795/668 670/798/670 671/799/671 672/800/672
f 668/795/668 672/800/672 609/718/609 608/717/608
f 672/800/672 671/799/671 673/801/673 674/802/674
f 672/800/672 674/802/674 610/719/610 609/718/609
f 674/802/674 673/801/673 675/803/675 676/804/676
f 674/802/674 676/804/676 612/721/612 610/719/610
f 676/804/676 675/803/675 677/805/677 617/731/617
f 676/804/676 617/731/617 614/723/614 612/721/612
f 677/805/677 675/803/675 678/806/678 679/807/679
f 677/805/677 679/807/679 680/808/680 681/809/681
f 677/805/677 681/809/681 618/732/618 617/731/617
f 681/810/681 680/811/680 682/812/682 683/813/683
f 681/810/681 683/813/683 619/734/619 618/733/618
f 683/814/683 682/815/682 684/816/684 685/817/685
f 683/813/683 685/818/685 621/736/621 619/734/619
f 685/817/685 684/816/684 686/819/686 626/820/626
f 685/818/685 626/741/626 623/738/623 621/736/621
f 686/819/686 684/816/684 687/821/687 688/822/688
f 686/819/686 688/822/688 689/823/689 629/746/629
f 686/819/686 629/746/629 627/745/627 626/820/626
f 689/823/689 688/822/688 690/824/690 691/825/691
f 689/823/689 691/825/691 692/826/692 632/752/632
f 689/823/689 632/752/632 630/747/630 629/746/629
f 692/827/692 691/828/691 693/829/693 694/830/694
f 692/827/692 694/830/694 695/831/695 696/832/696
f 692/826/692 696/833/696 633/753/633 632/752/632
f 696/832/696 695/831/695 697/834/697 698/835/698
f 696/836/696 698/837/698 634/756/634 633/755/633
f 698/837/698 697/838/697 699/839/699 700/840/700
f 698/837/698 700/840/700 636/758/636 634/756/634
f 700/841/700 699/842/699 701/843/701 702/844/702
f 700/840/700 702/845/702 638/760/638 636/758/636
f 702/844/702 701/843/701 703/846/703 704/847/704
f 702/845/702 704/848/704 640/762/640 638/760/638
f 704/848/704 703/849/703 705/850/705 706/851/706
f 704/848/704 706/851/706 642/764/642 640/762/640
f 706/851/706 705/850/705 707/852/707 708/853/708
f 706/851/706 708/853/708 644/766/644 642/764/642
f 708/854/708 707/855/707 709/856/709 710/857/710
f 708/854/708 710/857/710 646/858/646 644/859/644
f 710/857/710 709/856/709 711/860/711 712/861/712
f 710/857/710 712/861/712 713/862/713 646/858/646
f 713/862/713 712/861/712 714/863/714 715/864/715
f 713/862/713 715/864/715 716/865/716 649/866/649
f 713/862/713 649/866/649 647/867/647 646/858/646
f 716/865/716 715/864/715 717/868/717 718/869/718
f 716/865/716 718/869/718 719/870/719 652/777/652
f 716/865/716 652/777/652 650/774/650 649/866/649
f 719/870/719 718/869/718 720/871/720 721/872/721
f 719/870/719 721/872/721 722/873/722 655/780/655
f 719/870/719 655/780/655 653/778/653 652/777/652
f 722/873/722 721/872/721 723/874/723 724/875/724
f 722/873/722 724/875/724 661/786/661 659/784/659
f 722/873/722 659/784/659 656/781/656 655/780/655
f 724/875/724 723/874/723 725/876/725 666/791/666
f 724/875/724 666/791/666 663/788/663 661/786/661
f 725/876/725 723/874/723 726/877/726 727/878/727
f 725/879/725 727/880/727 728/881/728 669/797/669
f 725/879/725 669/797/669 667/794/667 666/882/666
f 728/881/728 727/880/727 729/883/729 730/884/730
f 728/881/728 730/884/730 731/885/731 732/886/732
f 728/881/728 732/886/732 670/798/670 669/797/669
f 732/886/732 731/885/731 733/887/733 734/888/734
f 732/886/732 734/888/734 671/799/671 670/798/670
f 734/888/734 733/887/733 735/889/735 736/890/736
f 734/888/734 736/890/736 673/801/673 671/799/671
f 736/890/736 735/889/735 737/891/737 678/806/678
f 736/890/736 678/806/678 675/803/675 673/801/673
f 737/891/737 735/889/735 738/892/738 739/893/739
f 737/891/737 739/893/739 740/894/740 741/895/741
f 737/891/737 741/895/741 679/807/679 678/806/678
f 741/895/741 740/894/740 742/896/742 743/897/743
f 741/895/741 743/897/743 680/808/680 679/807/679
f 743/897/743 742/896/742 744/898/744 745/899/745
f 743/900/743 745/901/745 682/815/682 680/902/680
f 745/901/745 744/903/744 746/904/746 687/821/687
f 745/901/745 687/821/687 684/816/684 682/815/682
f 746/905/746 744/906/744 747/907/747 748/908/748
f 746/905/746 748/908/748 749/909/749 690/910/690
f 746/904/746 690/824/690 688/822/688 687/821/687
f 749/909/749 748/908/748 750/911/750 751/912/751
f 749/909/749 751/912/751 752/913/752 693/829/693
f 749/909/749 693/829/693 691/828/691 690/910/690
f 752/913/752 751/912/751 753/914/753 754/915/754
f 752/913/752 754/915/754 755/916/755 756/917/756
f 752/913/752 756/917/756 694/830/694 693/829/693
f 756/917/756 755/916/755 757/918/757 758/919/758
f 756/917/756 758/919/758 695/831/695 694/830/694
f 758/919/758 757/918/757 759/920/759 760/921/760
f 758/919/758 760/921/760 697/834/697 695/831/695
f 760/921/760 759/920/759 761/922/761 762/923/762
f 760/921/760 762/923/762 699/842/699 697/834/697
f 762/923/762 761/922/761 763/924/763 764/925/764
f 762/923/762 764/925/764 701/843/701 699/842/699
f 764/925/764 763/924/763 765/926/765 766/927/766
f 764/925/764 766/927/766 703/846/703 701/843/701
f 766/928/766 765/929/765 767/930/767 768/931/768
f 766/928/766 768/931/768 705/932/705 703/933/703
f 768/931/768 767/930/767 769/934/769 770/935/770
f 768/931/768 770/935/770 707/855/707 705/932/705
f 770/935/770 769/934/769 771/936/771 772/937/772
f 770/935/770 772/937/772 709/856/709 707/855/707
f 772/937/772 771/936/771 773/938/773 774/939/774
f 772/937/772 774/939/774 711/860/711 709/856/709
f 774/939/774 773/938/773 775/940/775 776/941/776
f 774/939/774 776/941/776 777/942/777 711/860/711
f 777/942/777 776/941/776 778/943/778 779/944/779
f 777/942/777 779/944/779 780/945/780 714/863/714
f 777/942/777 714/863/714 712/861/712 711/860/711
f 780/945/780 779/944/779 781/946/781 782/947/782
f 780/945/780 782/947/782 783/948/783 717/868/717
f 780/945/780 717/868/717 715/864/715 714/863/714
f 783/948/783 782/947/782 784/949/784 785/950/785
f 783/948/783 785/950/785 726/877/726 720/871/720
f 783/948/783 720/871/720 718/869/718 717/868/717
f 785/950/785 784/949/784 786/951/786 729/952/729
f 785/950/785 729/952/729 727/878/727 726/877/726
f 786/951/786 784/949/784 787/953/787 788/954/788
f 786/951/786 788/954/788 789/955/789 790/956/790
f 786/951/786 790/956/790 730/957/730 729/952/729
f 790/956/790 789/955/789 791/958/791 792/959/792
f 790/960/790 792/961/792 731/885/731 730/884/730
f 792/959/792 791/958/791 793/962/793 794/963/794
f 792/961/792 794/964/794 733/887/733 731/885/731
f 794/965/794 793/966/793 795/967/795 738/968/738
f 794/964/794 738/892/738 735/889/735 733/887/733
f 795/967/795 793/966/793 796/969/796 797/970/797
f 795/967/795 797/970/797 798/971/798 799/972/799
f 795/967/795 799/972/799 739/973/739 738/968/738
f 799/972/799 798/971/798 800/974/800 801/975/801
f 799/972/799 801/975/801 740/976/740 739/973/739
f 801/975/801 800/974/800 802/977/802 803/978/803
f 801/975/801 803/978/803 742/979/742 740/976/740
f 803/978/803 802/977/802 804/980/804 747/907/747
f 803/978/803 747/907/747 744/906/744 742/979/742
f 804/980/804 802/977/802 805/981/805 806/982/806
f 804/980/804 806/982/806 807/983/807 750/911/750
f 804/980/804 750/911/750 748/908/748 747/907/747
f 807/983/807 806/982/806 808/984/808 809/985/809
f 807/983/807 809/985/809 810/986/810 753/914/753
f 807/983/807 753/914/753 751/912/751 750/911/750
f 810/986/810 809/985/809 811/987/811 812/988/812
f 810/986/810 812/988/812 813/989/813 814/990/814
f 810/986/810 814/990/814 754/915/754 753/914/753
f 814/990/814 813/989/813 815/991/815 816/992/816
f 814/990/814 816/992/816 755/916/755 754/915/754
f 816/992/816 815/991/815 817/993/817 818/994/818
f 816/992/816 818/994/818 757/918/757 755/916/755
f 818/994/818 817/993/817 819/995/819 820/996/820
f 818/994/818 820/996/820 759/920/759 757/918/757
f 820/996/820 819/995/819 821/997/821 822/998/822
f 820/996/820 822/998/822 761/922/761 759/920/759
f 822/998/822 821/997/821 823/999/823 824/1000/824
f 822/998/822 824/1000/824 763/924/763 761/922/761
f 824/1001/824 823/1002/823 825/1003/825 826/1004/826
f 824/1001/824 826/1004/826 765/1005/765 763/1006/763
f 826/1004/826 825/1003/825 827/1007/827 828/1008/828
f 826/1004/826 828/1008/828 767/1009/767 765/1005/765
f 828/1008/828 827/1007/827 829/1010/829 830/1011/830
f 828/1012/828 830/1013/830 769/934/769 767/930/767
f 830/1013/830 829/1014/829 831/1015/831 832/1016/832
f 830/1013/830 832/1016/832 771/936/771 769/934/769
f 832/1016/832 831/1015/831 833/1017/833 834/1018/834
f 832/1016/832 834/1018/834 773/938/773 771/936/771
f 834/1018/834 833/1017/833 835/1019/835 836/1020/836
f 834/1018/834 836/1020/836 775/940/775 773/938/773
f 836/1020/836 835/1019/835 837/1021/837 838/1022/838
f 836/1020/836 838/1022/838 839/1023/839 775/940/775
f 839/1023/839 838/1022/838 840/1024/840 841/1025/841
f 839/1023/839 841/1025/841 842/1026/842 778/943/778
f 839/1023/839 778/943/778 776/941/776 775/940/775
f 842/1026/842 841/1025/841 843/1027/843 844/1028/844
f 842/1026/842 844/1028/844 787/953/787 781/946/781
f 842/1026/842 781/946/781 779/944/779 778/943/778
f 844/1028/844 843/1027/843 845/1029/845 846/1030/846
f 844/1028/844 846/1030/846 788/954/788 787/953/787
f 846/1030/846 845/1029/845 847/1031/847 848/1032/848
f 846/1030/846 848/1032/848 789/955/789 788/954/788
f 848/1032/848 847/1031/847 849/1033/849 850/1034/850
f 848/1032/848 850/1034/850 791/958/791 789/955/789
f 850/1034/850 849/1033/849 851/1035/851 796/1036/796
f 850/1034/850 796/1036/796 793/962/793 791/958/791
f 851/1037/851 849/1038/849 852/1039/852 853/1040/853
f 851/1037/851 853/1040/853 854/1041/854 855/1042/855
f 851/1037/851 855/1042/855 797/1043/797 796/1044/796
f 855/1045/855 854/1046/854 856/1047/856 857/1048/857
f 855/1045/855 857/1048/857 798/971/798 797/970/797
f 857/1048/857 856/1047/856 858/1049/858 859/1050/859
f 857/1048/857 859/1050/859 800/974/800 798/971/798
f 859/1050/859 858/1049/858 860/1051/860 805/981/805
f 859/1050/859 805/981/805 802/977/802 800/974/800
f 860/1051/860 858/1049/858 861/1052/861 862/1053/862
f 860/1051/860 862/1053/862 863/1054/863 808/984/808
f 860/1051/860 808/984/808 806/982/806 805/981/805
f 863/1054/863 862/1053/862 864/1055/864 865/1056/865
f 863/1054/863 865/1056/865 866/1057/866 811/987/811
f 863/1054/863 811/987/811 809/985/809 808/984/808
f 866/1058/866 865/1059/865 867/1060/867 868/1061/868
f 866/1058/866 868/1061/868 869/1062/869 870/1063/870
f 866/1057/866 870/1064/870 812/988/812 811/987/811
f 870/1063/870 869/1062/869 871/1065/871 872/1066/872
f 870/1064/870 872/1067/872 813/989/813 812/988/812
f 872/1066/872 871/1065/871 873/1068/873 874/1069/874
f 872/1067/872 874/1070/874 815/991/815 813/989/813
f 874/1070/874 873/1071/873 875/1072/875 876/1073/876
f 874/1070/874 876/1073/876 817/993/817 815/991/815
f 876/1074/876 875/1075/875 877/1076/877 878/1077/878
f 876/1073/876 878/1078/878 819/995/819 817/993/817
f 878/1077/878 877/1076/877 879/1079/879 880/1080/880
f 878/1078/878 880/1081/880 821/997/821 819/995/819
f 880/1080/880 879/1079/879 881/1082/881 882/1083/882
f 880/1080/880 882/1083/882 823/1002/823 821/1084/821
f 882/1083/882 881/1082/881 883/1085/883 884/1086/884
f 882/1083/882 884/1086/884 825/1003/825 823/1002/823
f 884/1086/884 883/1085/883 885/1087/885 886/1088/886
f 884/1086/884 886/1088/886 827/1007/827 825/1003/825
f 886/1088/886 885/1087/885 887/1089/887 888/1090/888
f 886/1088/886 888/1090/888 829/1010/829 827/1007/827
f 888/1090/888 887/1089/887 889/1091/889 890/1092/890
f 888/1090/888 890/1092/890 831/1093/831 829/1010/829
f 890/1092/890 889/1091/889 891/1094/891 892/1095/892
f 890/1096/890 892/1097/892 833/1017/833 831/1015/831
f 892/1098/892 891/1099/891 893/1100/893 894/1101/894
f 892/1097/892 894/1102/894 835/1019/835 833/1017/833
f 894/1101/894 893/1100/893 895/1103/895 896/1104/896
f 894/1101/894 896/1104/896 837/1105/837 835/1106/835
f 896/1104/896 895/1103/895 897/1107/897 898/1108/898
f 896/1104/896 898/1108/898 899/1109/899 837/1105/837
f 899/1110/899 898/1111/898 900/1112/900 901/1113/901
f 899/1110/899 901/1113/901 902/1114/902 840/1024/840
f 899/1110/899 840/1024/840 838/1022/838 837/1021/837
f 902/1114/902 901/1113/901 903/1115/903 904/1116/904
f 902/1114/902 904/1116/904 845/1029/845 843/1027/843
f 902/1114/902 843/1027/843 841/1025/841 840/1024/840
f 904/1116/904 903/1115/903 905/1117/905 906/1118/906
f 904/1116/904 906/1118/906 847/1031/847 845/1029/845
f 906/1119/906 905/1120/905 907/1121/907 852/1039/852
f 906/1118/906 852/1122/852 849/1033/849 847/1031/847
f 907/1121/907 905/1120/905 908/1123/908 909/1124/909
f 907/1121/907 909/1124/909 910/1125/910 911/1126/911
f 907/1121/907 911/1126/911 853/1040/853 852/1039/852
f 911/1126/911 910/1125/910 912/1127/912 913/1128/913
f 911/1126/911 913/1128/913 854/1041/854 853/1040/853
f 913/1128/913 912/1127/912 914/1129/914 915/1130/915
f 913/1128/913 915/1130/915 856/1131/856 854/1041/854
f 915/1130/915 914/1129/914 916/1132/916 861/1133/861
f 915/1134/915 861/1052/861 858/1049/858 856/1047/856
f 916/1132/916 914/1129/914 917/1135/917 918/1136/918
f 916/1132/916 918/1136/918 919/1137/919 864/1138/864
f 916/1139/916 864/1055/864 862/1053/862 861/1052/861
f 919/1140/919 918/1141/918 920/1142/920 921/1143/921
f 919/1140/919 921/1143/921 922/1144/922 867/1060/867
f 919/1140/919 867/1060/867 865/1059/865 864/1145/864
f 922/1144/922 921/1143/921 923/1146/923 924/1147/924
f 922/1144/922 924/1147/924 925/1148/925 926/1149/926
f 922/1144/922 926/1149/926 868/1061/868 867/1060/867
f 926/1149/926 925/1148/925 927/1150/927 928/1151/928
f 926/1149/926 928/1151/928 869/1062/869 868/1061/868
f 928/1151/928 927/1150/927 929/1152/929 930/1153/930
f 928/1151/928 930/1153/930 871/1065/871 869/1062/869
f 930/1153/930 929/1152/929 931/1154/931 932/1155/932
f 930/1153/930 932/1155/932 873/1068/873 871/1065/871
f 932/1155/932 931/1154/931 933/1156/933 934/1157/934
f 932/1155/932 934/1157/934 875/1158/875 873/1068/873
f 934/1157/934 933/1156/933 935/1159/935 936/1160/936
f 934/1157/934 936/1160/936 877/1161/877 875/1158/875
f 936/1160/936 935/1159/935 937/1162/937 938/1163/938
f 936/1164/936 938/1165/938 879/1079/879 877/1076/877
f 938/1165/938 937/1166/937 939/1167/939 940/1168/940
f 938/1165/938 940/1168/940 881/1082/881 879/1079/879
f 940/1168/940 939/1167/939 941/1169/941 942/1170/942
f 940/1168/940 942/1170/942 883/1085/883 881/1082/881
f 942/1170/942 941/1169/941 943/1171/943 944/1172/944
f 942/1170/942 944/1172/944 885/1087/885 883/1085/883
f 944/1172/944 943/1171/943 945/1173/945 946/1174/946
f 944/1172/944 946/1174/946 887/1089/887 885/1087/885
f 946/1175/946 945/1176/945 947/1177/947 948/1178/948
f 946/1174/946 948/1179/948 889/1091/889 887/1089/887
f 948/1178/948 947/1177/947 949/1180/949 950/1181/950
f 948/1178/948 950/1181/950 891/1099/891 889/1182/889
f 950/1181/950 949/1180/949 951/1183/951 952/1184/952
f 950/1181/950 952/1184/952 893/1100/893 891/1099/891
f 952/1184/952 951/1183/951 953/1185/953 954/1186/954
f 952/1184/952 954/1186/954 895/1103/895 893/1100/893
f 954/1186/954 953/1185/953 955/1187/955 956/1188/956
f 954/1186/954 956/1188/956 897/1107/897 895/1103/895
f 956/1188/956 955/1187/955 957/1189/957 958/1190/958
f 956/1188/956 958/1190/958 959/1191/959 897/1107/897
f 959/1191/959 958/1190/958 960/1192/960 961/1193/961
f 959/1191/959 961/1193/961 962/1194/962 900/1195/900
f 959/1191/959 900/1195/900 898/1108/898 897/1107/897
f 962/1196/962 961/1197/961 963/1198/963 908/1123/908
f 962/1196/962 908/1123/908 905/1120/905 903/1199/903
f 962/1200/962 903/1115/903 901/1113/901 900/1112/900
f 963/1198/963 961/1197/961 960/1201/960 964/1202/964
f 963/1198/963 964/1202/964 965/1203/965 966/1204/966
f 963/1198/963 966/1204/966 909/1124/909 908/1123/908
f 966/1204/966 965/1203/965 967/1205/967 968/1206/968
f 966/1204/966 968/1206/968 910/1125/910 909/1124/909
f 968/1206/968 967/1205/967 969/1207/969 970/1208/970
f 968/1206/968 970/1208/970 912/1127/912 910/1125/910
f 970/1208/970 969/1207/969 971/1209/971 917/1135/917
f 970/1208/970 917/1135/917 914/1129/914 912/1127/912
f 971/1210/971 969/1211/969 972/1212/972 973/1213/973
f 971/1210/971 973/1213/973 974/1214/974 920/1215/920
f 971/1209/971 920/1216/920 918/1136/918 917/1135/917
f 974/1214/974 973/1213/973 975/1217/975 976/1218/976
f 974/1214/974 976/1218/976 977/1219/977 923/1220/923
f 974/1221/974 923/1146/923 921/1143/921 920/1142/920
f 977/1219/977 976/1218/976 978/1222/978 979/1223/979
f 977/1219/977 979/1223/979 980/1224/980 981/1225/981
f 977/1226/977 981/1227/981 924/1147/924 923/1146/923
f 981/1225/981 980/1224/980 982/1228/982 983/1229/983
f 981/1227/981 983/1230/983 925/1148/925 924/1147/924
f 983/1230/983 982/1231/982 984/1232/984 985/1233/985
f 983/1230/983 985/1233/985 927/1150/927 925/1148/925
f 985/1233/985 984/1232/984 986/1234/986 987/1235/987
f 985/1233/985 987/1235/987 929/1152/929 927/1150/927
f 987/1235/987 986/1234/986 988/1236/988 989/1237/989
f 987/1235/987 989/1237/989 931/1154/931 929/1152/929
f 989/1238/989 988/1239/988 990/1240/990 991/1241/991
f 989/1237/989 991/1242/991 933/1156/933 931/1154/931
f 991/1241/991 990/1240/990 992/1243/992 993/1244/993
f 991/1242/991 993/1245/993 935/1159/935 933/1156/933
f 993/1244/993 992/1243/992 994/1246/994 995/1247/995
f 993/1244/993 995/1247/995 937/1248/937 935/1249/935
f 995/1247/995 994/1246/994 996/1250/996 997/1251/997
f 995/1247/995 997/1251/997 939/1252/939 937/1248/937
f 997/1251/997 996/1250/996 998/1253/998 999/1254/999
f 997/1251/997 999/1254/999 941/1255/941 939/1252/939
f 999/1254/999 998/1253/998 1000/1256/1000 1001/1257/1001
f 999/1258/999 1001/1259/1001 943/1171/943 941/1169/941
f 1001/1257/1001 1000/1256/1000 1002/1260/1002 1003/1261/1003
f 1001/1257/1001 1003/1261/1003 945/1176/945 943/1262/943
f 1003/1261/1003 1002/1260/1002 1004/1263/1004 1005/1264/1005
f 1003/1261/1003 1005/1264/1005 947/1177/947 945/1176/945
f 1005/1264/1005 1004/1263/1004 1006/1265/1006 1007/1266/1007
f 1005/1264/1005 1007/1266/1007 949/1180/949 947/1177/947
f 1007/1266/1007 1006/1265/1006 1008/1267/1008 1009/1268/1009
f 1007/1266/1007 1009/1268/1009 951/1183/951 949/1180/949
f 1009/1268/1009 1008/1267/1008 1010/1269/1010 1011/1270/1011
f 1009/1268/1009 1011/1270/1011 953/1185/953 951/1183/951
f 1011/1270/1011 1010/1269/1010 1012/1271/1012 1013/1272/1013
f 1011/1270/1011 1013/1272/1013 955/1187/955 953/1185/953
f 1013/1272/1013 1012/1271/1012 1014/1273/1014 1015/1274/1015
f 1013/1272/1013 1015/1274/1015 957/1189/957 955/1187/955
f 1015/1274/1015 1014/1273/1014 1016/1275/1016 1017/1276/1017
f 1015/1274/1015 1017/1276/1017 1018/1277/1018 957/1189/957
f 1018/1277/1018 1017/1276/1017 1019/1278/1019 1020/1279/1020
f 1018/1277/1018 1020/1279/1020 964/1280/964 960/1192/960
f 1018/1277/1018 960/1192/960 958/1190/958 957/1189/957
f 1020/1279/1020 1019/1278/1019 1021/1281/1021 1022/1282/1022
f 1020/1283/1020 1022/1284/1022 965/1203/965 964/1202/964
f 1022/1282/1022 1021/1281/1021 1023/1285/1023 1024/1286/1024
f 1022/1284/1022 1024/1287/1024 967/1205/967 965/1203/965
f 1024/1286/1024 1023/1285/1023 1025/1288/1025 972/1212/972
f 1024/1287/1024 972/1289/972 969/1207/969 967/1205/967
f 1025/1288/1025 1023/1285/1023 1026/1290/1026 1027/1291/1027
f 1025/1288/1025 1027/1291/1027 1028/1292/1028 975/1217/975
f 1025/1288/1025 975/1217/975 973/1213/973 972/1212/972
f 1028/1292/1028 1027/1291/1027 1029/1293/1029 1030/1294/1030
f 1028/1292/1028 1030/1294/1030 1031/1295/1031 978/1222/978
f 1028/1292/1028 978/1222/978 976/1218/976 975/1217/975
f 1031/1295/1031 1030/1294/1030 1032/1296/1032 1033/1297/1033
f 1031/1295/1031 1033/1297/1033 1034/1298/1034 1035/1299/1035
f 1031/1295/1031 1035/1299/1035 979/1223/979 978/1222/978
f 1035/1299/1035 1034/1298/1034 1036/1300/1036 1037/1301/1037
f 1035/1299/1035 1037/1301/1037 980/1224/980 979/1223/979
f 1037/1301/1037 1036/1300/1036 1038/1302/1038 1039/1303/1039
f 1037/1301/1037 1039/1303/1039 982/1228/982 980/1224/980
f 1039/1303/1039 1038/1302/1038 1040/1304/1040 1041/1305/1041
f 1039/1303/1039 1041/1305/1041 984/1306/984 982/1228/982
f 1041/1305/1041 1040/1304/1040 1042/1307/1042 1043/1308/1043
f 1041/1305/1041 1043/1308/1043 986/1309/986 984/1306/984
f 1043/1308/1043 1042/1307/1042 1044/1310/1044 1045/1311/1045
f 1043/1308/1043 1045/1311/1045 988/1239/988 986/1309/986
f 1045/1311/1045 1044/1310/1044 1046/1312/1046 1047/1313/1047
f 1045/1311/1045 1047/1313/1047 990/1240/990 988/1239/988
f 1047/1313/1047 1046/1312/1046 1048/1314/1048 1049/1315/1049
f 1047/1313/1047 1049/1315/1049 992/1243/992 990/1240/990
f 1049/1315/1049 1048/1314/1048 1050/1316/1050 1051/1317/1051
f 1049/1315/1049 1051/1317/1051 994/1246/994 992/1243/992
f 1051/1317/1051 1050/1316/1050 1052/1318/1052 1053/1319/1053
f 1051/1317/1051 1053/1319/1053 996/1250/996 994/1246/994
f 1053/1319/1053 1052/1318/1052 1054/1320/1054 1055/1321/1055
f 1053/1319/1053 1055/1321/1055 998/1253/998 996/1250/996
f 1055/1321/1055 1054/1320/1054 1056/1322/1056 1057/1323/1057
f 1055/1321/1055 1057/1323/1057 1000/1256/1000 998/1253/998
f 1057/1323/1057 1056/1322/1056 1058/1324/1058 1059/1325/1059
f 1057/1323/1057 1059/1325/1059 1002/1260/1002 1000/1256/1000
f 1059/1325/1059 1058/1324/1058 1060/1326/1060 1061/1327/1061
f 1059/1325/1059 1061/1327/1061 1004/1263/1004 1002/1260/1002
f 1061/1327/1061 1060/1326/1060 1062/1328/1062 1063/1329/1063
f 1061/1327/1061 1063/1329/1063 1006/1265/1006 1004/1263/1004
f 1063/1329/1063 1062/1328/1062 1064/1330/1064 1065/1331/1065
f 1063/1329/1063 1065/1331/1065 1008/1267/1008 1006/1265/1006
f 1065/1331/1065 1064/1330/1064 1066/1332/1066 1067/1333/1067
f 1065/1331/1065 1067/1333/1067 1010/1269/1010 1008/1267/1008
f 1067/1333/1067 1066/1332/1066 1068/1334/1068 1069/1335/1069
f 1067/1333/1067 1069/1335/1069 1012/1271/1012 1010/1269/1010
f 1069/1335/1069 1068/1334/1068 1070/1336/1070 1071/1337/1071
f 1069/1335/1069 1071/1337/1071 1014/1273/1014 1012/1271/1012
f 1071/1337/1071 1070/1336/1070 1072/1338/1072 1073/1339/1073
f 1071/1337/1071 1073/1339/1073 1016/1275/1016 1014/1273/1014
f 1073/1339/1073 1072/1338/1072 1074/1340/1074 1075/1341/1075
f 1073/1339/1073 1075/1341/1075 1076/1342/1076 1016/1275/1016
f 1076/1342/1076 1075/1341/1075 1077/1343/1077 1078/1344/1078
f 1076/1342/1076 1078/1344/1078 1021/1281/1021 1019/1278/1019
f 1076/1342/1076 1019/1278/1019 1017/1276/1017 1016/1275/1016
f 1078/1344/1078 1077/1343/1077 1079/1345/1079 1026/1290/1026
f 1078/1344/1078 1026/1290/1026 1023/1285/1023 1021/1281/1021
f 1079/1345/1079 1077/1343/1077 1080/1346/1080 1081/1347/1081
f 1079/1345/1079 1081/1347/1081 1082/1348/1082 1029/1293/1029
f 1079/1345/1079 1029/1293/1029 1027/1291/1027 1026/1290/1026
f 1082/1348/1082 1081/1347/1081 1083/1349/1083 1084/1350/1084
f 1082/1348/1082 1084/1350/1084 1085/1351/1085 1032/1296/1032
f 1082/1348/1082 1032/1296/1032 1030/1294/1030 1029/1293/1029
f 1085/1351/1085 1084/1350/1084 1086/1352/1086 1087/1353/1087
f 1085/1354/1085 1087/1355/1087 1088/1356/1088 1089/1357/1089
f 1085/1351/1085 1089/1358/1089 1033/1297/1033 1032/1296/1032
f 1089/1358/1089 1088/1359/1088 1090/1360/1090 1091/1361/1091
f 1089/1358/1089 1091/1361/1091 1034/1298/1034 1033/1297/1033
f 1091/1361/1091 1090/1360/1090 1092/1362/1092 1093/1363/1093
f 1091/1361/1091 1093/1363/1093 1036/1300/1036 1034/1298/1034
f 1093/1363/1093 1092/1362/1092 1094/1364/1094 1095/1365/1095
f 1093/1363/1093 1095/1365/1095 1038/1302/1038 1036/1300/1036
f 1095/1365/1095 1094/1364/1094 1096/1366/1096 1097/1367/1097
f 1095/1365/1095 1097/1367/1097 1040/1304/1040 1038/1302/1038
f 1097/1367/1097 1096/1366/1096 1098/1368/1098 1099/1369/1099
f 1097/1367/1097 1099/1369/1099 1042/1307/1042 1040/1304/1040
f 1099/1369/1099 1098/1368/1098 1100/1370/1100 1101/1371/1101
f 1099/1369/1099 1101/1371/1101 1044/1310/1044 1042/1307/1042
f 1101/1371/1101 1100/1370/1100 1102/1372/1102 1103/1373/1103
f 1101/1371/1101 1103/1373/1103 1046/1312/1046 1044/1310/1044
f 1103/1373/1103 1102/1372/1102 1104/1374/1104 1105/1375/1105
f 1103/1373/1103 1105/1375/1105 1048/1314/1048 1046/1312/1046
f 1105/1375/1105 1104/1374/1104 1106/1376/1106 1107/1377/1107
f 1105/1375/1105 1107/1377/1107 1050/1316/1050 1048/1314/1048
f 1107/1377/1107 1106/1376/1106 1108/1378/1108 1109/1379/1109
f 1107/1377/1107 1109/1379/1109 1052/1318/1052 1050/1316/1050
f 1109/1379/1109 1108/1378/1108 1110/1380/1110 1111/1381/1111
f 1109/1379/1109 1111/1381/1111 1054/1320/1054 1052/1318/1052
f 1111/1382/1111 1110/1383/1110 1112/1384/1112 1113/1385/1113
f 1111/1381/1111 1113/1386/1113 1056/1322/1056 1054/1320/1054
f 1113/1385/1113 1112/1384/1112 1114/1387/1114 1115/1388/1115
f 1113/1386/1113 1115/1389/1115 1058/1324/1058 1056/1322/1056
f 1115/1388/1115 1114/1387/1114 1116/1390/1116 1117/1391/1117
f 1115/1389/1115 1117/1392/1117 1060/1326/1060 1058/1324/1058
f 1117/1391/1117 1116/1390/1116 1118/1393/1118 1119/1394/1119
f 1117/1392/1117 1119/1395/1119 1062/1328/1062 1060/1326/1060
f 1119/1395/1119 1118/1396/1118 1120/1397/1120 1121/1398/1121
f 1119/1395/1119 1121/1398/1121 1064/1330/1064 1062/1328/1062
f 1121/1398/1121 1120/1397/1120 1122/1399/1122 1123/1400/1123
f 1121/1398/1121 1123/1400/1123 1066/1332/1066 1064/1330/1064
f 1123/1400/1123 1122/1399/1122 1124/1401/1124 1125/1402/1125
f 1123/1400/1123 1125/1402/1125 1068/1334/1068 1066/1332/1066
f 1125/1402/1125 1124/1401/1124 1126/1403/1126 1127/1404/1127
f 1125/1402/1125 1127/1404/1127 1070/1336/1070 1068/1334/1068
f 1127/1405/1127 1126/1406/1126 1128/1407/1128 1129/1408/1129
f 1127/1404/1127 1129/1409/1129 1072/1338/1072 1070/1336/1070
f 1129/1408/1129 1128/1407/1128 1130/1410/1130 1131/1411/1131
f 1129/1409/1129 1131/1412/1131 1074/1340/1074 1072/1338/1072
f 1131/1411/1131 1130/1410/1130 1132/1413/1132 1133/1414/1133
f 1131/1412/1131 1133/1415/1133 1080/1346/1080 1074/1340/1074
f 1133/1414/1133 1132/1413/1132 1134/1416/1134 1083/1417/1083
f 1133/1415/1133 1083/1349/1083 1081/1347/1081 1080/1346/1080
f 1134/1416/1134 1132/1413/1132 1135/1418/1135 1136/1419/1136
f 1134/1420/1134 1136/1421/1136 1137/1422/1137 1086/1423/1086
f 1134/1424/1134 1086/1352/1086 1084/1350/1084 1083/1349/1083
f 1137/1422/1137 1136/1421/1136 1138/1425/1138 1139/1426/1139
f 1137/1422/1137 1139/1426/1139 1140/1427/1140 1141/1428/1141
f 1137/1422/1137 1141/1428/1141 1087/1355/1087 1086/1423/1086
f 1141/1428/1141 1140/1427/1140 1142/1429/1142 1143/1430/1143
f 1141/1428/1141 1143/1430/1143 1088/1356/1088 1087/1355/1087
f 1143/1431/1143 1142/1432/1142 1144/1433/1144 1145/1434/1145
f 1143/1430/1143 1145/1435/1145 1090/1436/1090 1088/1356/1088
f 1145/1434/1145 1144/1433/1144 1146/1437/1146 1147/1438/1147
f 1145/1434/1145 1147/1438/1147 1092/1362/1092 1090/1360/1090
f 1147/1438/1147 1146/1437/1146 1148/1439/1148 1149/1440/1149
f 1147/1438/1147 1149/1440/1149 1094/1364/1094 1092/1362/1092
f 1149/1440/1149 1148/1439/1148 1150/1441/1150 1151/1442/1151
f 1149/1440/1149 1151/1442/1151 1096/1366/1096 1094/1364/1094
f 1151/1442/1151 1150/1441/1150 1152/1443/1152 1153/1444/1153
f 1151/1442/1151 1153/1444/1153 1098/1368/1098 1096/1366/1096
f 1153/1444/1153 1152/1443/1152 1154/1445/1154 1155/1446/1155
f 1153/1444/1153 1155/1446/1155 1100/1370/1100 1098/1368/1098
f 1155/1446/1155 1154/1445/1154 1156/1447/1156 1157/1448/1157
f 1155/1446/1155 1157/1448/1157 1102/1372/1102 1100/1370/1100
f 1157/1448/1157 1156/1447/1156 1158/1449/1158 1159/1450/1159
f 1157/1448/1157 1159/1450/1159 1104/1374/1104 1102/1372/1102
f 1159/1451/1159 1158/1452/1158 1160/1453/1160 1161/1454/1161
f 1159/1451/1159 1161/1454/1161 1106/1455/1106 1104/1456/1104
f 1161/1454/1161 1160/1453/1160 1162/1457/1162 1163/1458/1163
f 1161/1454/1161 1163/1458/1163 1108/1459/1108 1106/1455/1106
f 1163/1458/1163 1162/1457/1162 1164/1460/1164 1165/1461/1165
f 1163/1462/1163 1165/1463/1165 1110/1380/1110 1108/1378/1108
f 1165/1464/1165 1164/1465/1164 1166/1466/1166 1167/1467/1167
f 1165/1464/1165 1167/1467/1167 1112/1384/1112 1110/1383/1110
f 1167/1467/1167 1166/1466/1166 1168/1468/1168 1169/1469/1169
f 1167/1467/1167 1169/1469/1169 1114/1387/1114 1112/1384/1112
f 1169/1469/1169 1168/1468/1168 1170/1470/1170 1171/1471/1171
f 1169/1469/1169 1171/1471/1171 1116/1390/1116 1114/1387/1114
f 1171/1471/1171 1170/1470/1170 1172/1472/1172 1173/1473/1173
f 1171/1471/1171 1173/1473/1173 1118/1393/1118 1116/1390/1116
f 1173/1473/1173 1172/1472/1172 1174/1474/1174 1175/1475/1175
f 1173/1473/1173 1175/1475/1175 1120/1476/1120 1118/1393/1118
f 1175/1475/1175 1174/1474/1174 1176/1477/1176 1177/1478/1177
f 1175/1475/1175 1177/1478/1177 1122/1479/1122 1120/1476/1120
f 1177/1478/1177 1176/1477/1176 1178/1480/1178 1179/1481/1179
f 1177/1478/1177 1179/1481/1179 1124/1482/1124 1122/1479/1122
f 1179/1481/1179 1178/1480/1178 1180/1483/1180 1181/1484/1181
f 1179/1481/1179 1181/1484/1181 1126/1406/1126 1124/1482/1124
f 1181/1484/1181 1180/1483/1180 1182/1485/1182 1183/1486/1183
f 1181/1484/1181 1183/1486/1183 1128/1407/1128 1126/1406/1126
f 1183/1486/1183 1182/1485/1182 1184/1487/1184 1185/1488/1185
f 1183/1486/1183 1185/1488/1185 1130/1410/1130 1128/1407/1128
f 1185/1488/1185 1184/1487/1184 1186/1489/1186 1135/1418/1135
f 1185/1488/1185 1135/1418/1135 1132/1413/1132 1130/1410/1130
f 1186/1489/1186 1184/1487/1184 1187/1490/1187 1188/1491/1188
f 1186/1492/1186 1188/1493/1188 1189/1494/1189 1138/1425/1138
f 1186/1492/1186 1138/1425/1138 1136/1421/1136 1135/1495/1135
f 1189/1496/1189 1188/1491/1188 1190/1497/1190 1191/1498/1191
f 1189/1496/1189 1191/1498/1191 1192/1499/1192 1193/1500/1193
f 1189/1494/1189 1193/1501/1193 1139/1426/1139 1138/1425/1138
f 1193/1502/1193 1192/1503/1192 1194/1504/1194 1195/1505/1195
f 1193/1502/1193 1195/1505/1195 1140/1506/1140 1139/1507/1139
f 1195/1505/1195 1194/1504/1194 1196/1508/1196 1197/1509/1197
f 1195/1505/1195 1197/1509/1197 1142/1432/1142 1140/1506/1140
f 1197/1509/1197 1196/1508/1196 1198/1510/1198 1199/1511/1199
f 1197/1509/1197 1199/1511/1199 1144/1433/1144 1142/1432/1142
f 1199/1511/1199 1198/1510/1198 1200/1512/1200 1201/1513/1201
f 1199/1511/1199 1201/1513/1201 1146/1437/1146 1144/1433/1144
f 1201/1513/1201 1200/1512/1200 1202/1514/1202 1203/1515/1203
f 1201/1513/1201 1203/1515/1203 1148/1439/1148 1146/1437/1146
f 1203/1515/1203 1202/1514/1202 1204/1516/1204 1205/1517/1205
f 1203/1515/1203 1205/1517/1205 1150/1441/1150 1148/1439/1148
f 1205/1517/1205 1204/1516/1204 1206/1518/1206 1207/1519/1207
f 1205/1517/1205 1207/1519/1207 1152/1443/1152 1150/1441/1150
f 1207/1519/1207 1206/1518/1206 1208/1520/1208 1209/1521/1209
f 1207/1519/1207 1209/1521/1209 1154/1445/1154 1152/1443/1152
f 1209/1521/1209 1208/1520/1208 1210/1522/1210 1211/1523/1211
f 1209/1521/1209 1211/1523/1211 1156/1447/1156 1154/1445/1154
f 1211/1523/1211 1210/1522/1210 1212/1524/1212 1213/1525/1213
f 1211/1523/1211 1213/1525/1213 1158/1449/1158 1156/1447/1156
f 1213/1525/1213 1212/1524/1212 1214/1526/1214 1215/1527/1215
f 1213/1525/1213 1215/1527/1215 1160/1528/1160 1158/1449/1158
f 1215/1527/1215 1214/1526/1214 1216/1529/1216 1217/1530/1217
f 1215/1527/1215 1217/1530/1217 1162/1531/1162 1160/1528/1160
f 1217/1530/1217 1216/1529/1216 1218/1532/1218 1219/1533/1219
f 1217/1534/1217 1219/1535/1219 1164/1460/1164 1162/1457/1162
f 1219/1536/1219 1218/1537/1218 1220/1538/1220 1221/1539/1221
f 1219/1535/1219 1221/1540/1221 1166/1541/1166 1164/1460/1164
f 1221/1539/1221 1220/1538/1220 1222/1542/1222 1223/1543/1223
f 1221/1539/1221 1223/1543/1223 1168/1468/1168 1166/1466/1166
f 1223/1543/1223 1222/1542/1222 1224/1544/1224 1225/1545/1225
f 1223/1543/1223 1225/1545/1225 1170/1470/1170 1168/1468/1168
f 1225/1545/1225 1224/1544/1224 1226/1546/1226 1227/1547/1227
f 1225/1545/1225 1227/1547/1227 1172/1472/1172 1170/1470/1170
f 1227/1547/1227 1226/1546/1226 1228/1548/1228 1229/1549/1229
f 1227/1547/1227 1229/1549/1229 1174/1474/1174 1172/1472/1172
f 1229/1549/1229 1228/1548/1228 1230/1550/1230 1231/1551/1231
f 1229/1549/1229 1231/1551/1231 1176/1477/1176 1174/1474/1174
f 1231/1551/1231 1230/1550/1230 1232/1552/1232 1233/1553/1233
f 1231/1551/1231 1233/1553/1233 1178/1480/1178 1176/1477/1176
f 1233/1553/1233 1232/1552/1232 1234/1554/1234 1235/1555/1235
f 1233/1553/1233 1235/1555/1235 1180/1483/1180 1178/1480/1178
f 1235/1555/1235 1234/1554/1234 1236/1556/1236 1237/1557/1237
f 1235/1555/1235 1237/1557/1237 1182/1485/1182 1180/1483/1180
f 1237/1557/1237 1236/1556/1236 1238/1558/1238 1187/1490/1187
f 1237/1557/1237 1187/1490/1187 1184/1487/1184 1182/1485/1182
f 1238/1558/1238 1236/1556/1236 1239/1559/1239 1240/1560/1240
f 1238/1558/1238 1240/1560/1240 1241/1561/1241 1190/1497/1190
f 1238/1558/1238 1190/1497/1190 1188/1491/1188 1187/1490/1187
f 1241/1561/1241 1240/1560/1240 1242/1562/1242 1243/1563/1243
f 1241/1561/1241 1243/1563/1243 1244/1564/1244 1245/1565/1245
f 1241/1561/1241 1245/1565/1245 1191/1498/1191 1190/1497/1190
f 1245/1565/1245 1244/1564/1244 1246/1566/1246 1247/1567/1247
f 1245/1565/1245 1247/1567/1247 1192/1499/1192 1191/1498/1191
f 1247/1568/1247 1246/1569/1246 1248/1570/1248 1249/1571/1249
f 1247/1568/1247 1249/1571/1249 1194/1504/1194 1192/1503/1192
f 1249/1571/1249 1248/1570/1248 1250/1572/1250 1251/1573/1251
f 1249/1571/1249 1251/1573/1251 1196/1508/1196 1194/1504/1194
f 1251/1573/1251 1250/1572/1250 1252/1574/1252 1253/1575/1253
f 1251/1573/1251 1253/1575/1253 1198/1510/1198 1196/1508/1196
f 1253/1575/1253 1252/1574/1252 1254/1576/1254 1255/1577/1255
f 1253/1575/1253 1255/1577/1255 1200/1512/1200 1198/1510/1198
f 1255/1577/1255 1254/1576/1254 1256/1578/1256 1257/1579/1257
f 1255/1577/1255 1257/1579/1257 1202/1514/1202 1200/1512/1200
f 1257/1579/1257 1256/1578/1256 1258/1580/1258 1259/1581/1259
f 1257/1579/1257 1259/1581/1259 1204/1516/1204 1202/1514/1202
f 1259/1581/1259 1258/1580/1258 1260/1582/1260 1261/1583/1261
f 1259/1581/1259 1261/1583/1261 1206/1518/1206 1204/1516/1204
f 1261/1583/1261 1260/1582/1260 1262/1584/1262 1263/1585/1263
f 1261/1583/1261 1263/1585/1263 1208/1520/1208 1206/1518/1206
f 1263/1585/1263 1262/1584/1262 1264/1586/1264 1265/1587/1265
f 1263/1585/1263 1265/1587/1265 1210/1522/1210 1208/1520/1208
f 1265/1587/1265 1264/1586/1264 1266/1588/1266 1267/1589/1267
f 1265/1587/1265 1267/1589/1267 1212/1524/1212 1210/1522/1210
f 1267/1589/1267 1266/1588/1266 1268/1590/1268 1269/1591/1269
f 1267/1589/1267 1269/1591/1269 1214/1526/1214 1212/1524/1212
f 1269/1591/1269 1268/1590/1268 1270/1592/1270 1271/1593/1271
f 1269/1591/1269 1271/1593/1271 1216/1529/1216 1214/1526/1214
f 1271/1594/1271 1270/1595/1270 1272/1596/1272 1273/1597/1273
f 1271/1594/1271 1273/1597/1273 1218/1537/1218 1216/1598/1216
f 1273/1597/1273 1272/1596/1272 1274/1599/1274 1275/1600/1275
f 1273/1597/1273 1275/1600/1275 1220/1538/1220 1218/1537/1218
f 1275/1600/1275 1274/1599/1274 1276/1601/1276 1277/1602/1277
f 1275/1600/1275 1277/1602/1277 1222/1542/1222 1220/1538/1220
f 1277/1602/1277 1276/1601/1276 1278/1603/1278 1279/1604/1279
f 1277/1602/1277 1279/1604/1279 1224/1544/1224 1222/1542/1222
f 1279/1604/1279 1278/1603/1278 1280/1605/1280 1281/1606/1281
f 1279/1604/1279 1281/1606/1281 1226/1546/1226 1224/1544/1224
f 1281/1606/1281 1280/1605/1280 1282/1607/1282 1283/1608/1283
f 1281/1606/1281 1283/1608/1283 1228/1548/1228 1226/1546/1226
f 1283/1608/1283 1282/1607/1282 1284/1609/1284 1285/1610/1285
f 1283/1608/1283 1285/1610/1285 1230/1550/1230 1228/1548/1228
f 1285/1610/1285 1284/1609/1284 1286/1611/1286 1287/1612/1287
f 1285/1610/1285 1287/1612/1287 1232/1552/1232 1230/1550/1230
f 1287/1612/1287 1286/1611/1286 1288/1613/1288 1289/1614/1289
f 1287/1612/1287 1289/1614/1289 1234/1554/1234 1232/1552/1232
f 1289/1614/1289 1288/1613/1288 1290/1615/1290 1239/1559/1239
f 1289/1614/1289 1239/1559/1239 1236/1556/1236 1234/1554/1234
f 1290/1615/1290 1288/1613/1288 1291/1616/1291 1292/1617/1292
f 1290/1615/1290 1292/1617/1292 1293/1618/1293 1242/1562/1242
f 1290/1615/1290 1242/1562/1242 1240/1560/1240 1239/1559/1239
f 1293/1618/1293 1292/1617/1292 1294/1619/1294 1295/1620/1295
f 1293/1618/1293 1295/1620/1295 1296/1621/1296 1297/1622/1297
f 1293/1618/1293 1297/1622/1297 1243/1563/1243 1242/1562/1242
f 1297/1622/1297 1296/1621/1296 1298/1623/1298 1299/1624/1299
f 1297/1622/1297 1299/1624/1299 1244/1564/1244 1243/1563/1243
f 1299/1624/1299 1298/1623/1298 1300/1625/1300 1301/1626/1301
f 1299/1624/1299 1301/1626/1301 1246/1566/1246 1244/1564/1244
f 1301/1627/1301 1300/1628/1300 1302/1629/1302 1303/1630/1303
f 1301/1627/1301 1303/1630/1303 1248/1570/1248 1246/1569/1246
f 1303/1630/1303 1302/1629/1302 1304/1631/1304 1305/1632/1305
f 1303/1630/1303 1305/1632/1305 1250/1572/1250 1248/1570/1248
f 1305/1632/1305 1304/1631/1304 1306/1633/1306 1307/1634/1307
f 1305/1632/1305 1307/1634/1307 1252/1574/1252 1250/1572/1250
f 1307/1634/1307 1306/1633/1306 1308/1635/1308 1309/1636/1309
f 1307/1634/1307 1309/1636/1309 1254/1576/1254 1252/1574/1252
f 1309/1636/1309 1308/1635/1308 1310/1637/1310 1311/1638/1311
f 1309/1636/1309 1311/1638/1311 1256/1578/1256 1254/1576/1254
f 1311/1638/1311 1310/1637/1310 1312/1639/1312 1313/1640/1313
f 1311/1638/1311 1313/1640/1313 1258/1580/1258 1256/1578/1256
f 1313/1640/1313 1312/1639/1312 1314/1641/1314 1315/1642/1315
f 1313/1640/1313 1315/1642/1315 1260/1582/1260 1258/1580/1258
f 1315/1642/1315 1314/1641/1314 1316/1643/1316 1317/1644/1317
f 1315/1642/1315 1317/1644/1317 1262/1584/1262 1260/1582/1260
f 1317/1644/1317 1316/1643/1316 1318/1645/1318 1319/1646/1319
f 1317/1644/1317 1319/1646/1319 1264/1586/1264 1262/1584/1262
f 1319/1646/1319 1318/1645/1318 1320/1647/1320 1321/1648/1321
f 1319/1646/1319 1321/1648/1321 1266/1588/1266 1264/1586/1264
f 1321/1648/1321 1320/1647/1320 1322/1649/1322 1323/1650/1323
f 1321/1648/1321 1323/1650/1323 1268/1590/1268 1266/1588/1266
f 1323/1650/1323 1322/1649/1322 1324/1651/1324 1325/1652/1325
f 1323/1650/1323 1325/1652/1325 1270/1592/1270 1268/1590/1268
f 1325/1653/1325 1324/1654/1324 1326/1655/1326 1327/1656/1327
f 1325/1653/1325 1327/1656/1327 1272/1596/1272 1270/1595/1270
f 1327/1656/1327 1326/1655/1326 1328/1657/1328 1329/1658/1329
f 1327/1656/1327 1329/1658/1329 1274/1599/1274 1272/1596/1272
f 1329/1658/1329 1328/1657/1328 1330/1659/1330 1331/1660/1331
f 1329/1658/1329 1331/1660/1331 1276/1601/1276 1274/1599/1274
f 1331/1660/1331 1330/1659/1330 1332/1661/1332 1333/1662/1333
f 1331/1660/1331 1333/1662/1333 1278/1603/1278 1276/1601/1276
f 1333/1662/1333 1332/1661/1332 1334/1663/1334 1335/1664/1335
f 1333/1662/1333 1335/1664/1335 1280/1605/1280 1278/1603/1278
f 1335/1664/1335 1334/1663/1334 1336/1665/1336 1337/1666/1337
f 1335/1664/1335 1337/1666/1337 1282/1607/1282 1280/1605/1280
f 1337/1666/1337 1336/1665/1336 1338/1667/1338 1339/1668/1339
f 1337/1666/1337 1339/1668/1339 1284/1609/1284 1282/1607/1282
f 1339/1668/1339 1338/1667/1338 1340/1669/1340 1341/1670/1341
f 1339/1668/1339 1341/1670/1341 1286/1611/1286 1284/1609/1284
f 1341/1670/1341 1340/1669/1340 1342/1671/1342 1291/1616/1291
f 1341/1670/1341 1291/1616/1291 1288/1613/1288 1286/1611/1286
f 1342/1671/1342 1340/1669/1340 1343/1672/1343 1344/1673/1344
f 1342/1671/1342 1344/1673/1344 1345/1674/1345 1294/1619/1294
f 1342/1671/1342 1294/1619/1294 1292/1617/1292 1291/1616/1291
f 1345/1674/1345 1344/1673/1344 1346/1675/1346 1347/1676/1347
f 1345/1674/1345 1347/1676/1347 1348/1677/1348 1349/1678/1349
f 1345/1674/1345 1349/1678/1349 1295/1620/1295 1294/1619/1294
f 1349/1678/1349 1348/1677/1348 1350/1679/1350 1351/1680/1351
f 1349/1678/1349 1351/1680/1351 1296/1621/1296 1295/1620/1295
f 1351/1680/1351 1350/1679/1350 1352/1681/1352 1353/1682/1353
f 1351/1680/1351 1353/1682/1353 1298/1623/1298 1296/1621/1296
f 1353/1682/1353 1352/1681/1352 1354/1683/1354 1355/1684/1355
f 1353/1682/1353 1355/1684/1355 1300/1625/1300 1298/1623/1298
f 1355/1685/1355 1354/1686/1354 1356/1687/1356 1357/1688/1357
f 1355/1685/1355 1357/1688/1357 1302/1629/1302 1300/1628/1300
f 1357/1688/1357 1356/1687/1356 1358/1689/1358 1359/1690/1359
f 1357/1688/1357 1359/1690/1359 1304/1631/1304 1302/1629/1302
f 1359/1690/1359 1358/1689/1358 1360/1691/1360 1361/1692/1361
f 1359/1690/1359 1361/1692/1361 1306/1633/1306 1304/1631/1304
f 1361/1692/1361 1360/1691/1360 1362/1693/1362 1363/1694/1363
f 1361/1692/1361 1363/1694/1363 1308/1635/1308 1306/1633/1306
f 1363/1694/1363 1362/1693/1362 1364/1695/1364 1365/1696/1365
f 1363/1694/1363 1365/1696/1365 1310/1637/1310 1308/1635/1308
f 1365/1696/1365 1364/1695/1364 1366/1697/1366 1367/1698/1367
f 1365/1696/1365 1367/1698/1367 1312/1639/1312 1310/1637/1310
f 1367/1698/1367 1366/1697/1366 1368/1699/1368 1369/1700/1369
f 1367/1698/1367 1369/1700/1369 1314/1641/1314 1312/1639/1312
f 1369/1700/1369 1368/1699/1368 1370/1701/1370 1371/1702/1371
f 1369/1700/1369 1371/1702/1371 1316/1643/1316 1314/1641/1314
f 1371/1702/1371 1370/1701/1370 1372/1703/1372 1373/1704/1373
f 1371/1702/1371 1373/1704/1373 1318/1645/1318 1316/1643/1316
f 1373/1704/1373 1372/1703/1372 1374/1705/1374 1375/1706/1375
f 1373/1704/1373 1375/1706/1375 1320/1647/1320 1318/1645/1318
f 1375/1706/1375 1374/1705/1374 1376/1707/1376 1377/1708/1377
f 1375/1706/1375 1377/1708/1377 1322/1649/1322 1320/1647/1320
f 1377/1709/1377 1376/1710/1376 1378/1711/1378 1379/1712/1379
f 1377/1708/1377 1379/1713/1379 1324/1651/1324 1322/1649/1322
f 1379/1712/1379 1378/1711/1378 1380/1714/1380 1381/1715/1381
f 1379/1712/1379 1381/1715/1381 1326/1655/1326 1324/1654/1324
f 1381/1715/1381 1380/1714/1380 1382/1716/1382 1383/1717/1383
f 1381/1715/1381 1383/1717/1383 1328/1657/1328 1326/1655/1326
f 1383/1717/1383 1382/1716/1382 1384/1718/1384 1385/1719/1385
f 1383/1717/1383 1385/1719/1385 1330/1659/1330 1328/1657/1328
f 1385/1719/1385 1384/1718/1384 1386/1720/1386 1387/1721/1387
f 1385/1719/1385 1387/1721/1387 1332/1661/1332 1330/1659/1330
f 1387/1721/1387 1386/1720/1386 1388/1722/1388 1389/1723/1389
f 1387/1721/1387 1389/1723/1389 1334/1663/1334 1332/1661/1332
f 1389/1723/1389 1388/1722/1388 1390/1724/1390 1391/1725/1391
f 1389/1723/1389 1391/1725/1391 1336/1665/1336 1334/1663/1334
f 1391/1725/1391 1390/1724/1390 1392/1726/1392 1393/1727/1393
f 1391/1725/1391 1393/1727/1393 1338/1667/1338 1336/1665/1336
f 1393/1727/1393 1392/1726/1392 1394/1728/1394 1343/1672/1343
f 1393/1727/1393 1343/1672/1343 1340/1669/1340 1338/1667/1338
f 1394/1729/1394 1392/1730/1392 1395/1731/1395 1396/1732/1396
f 1394/1729/1394 1396/1732/1396 1397/1733/1397 1346/1734/1346
f 1394/1728/1394 1346/1675/1346 1344/1673/1344 1343/1672/1343
f 1397/1733/1397 1396/1732/1396 1398/1735/1398 1399/1736/1399
f 1397/1733/1397 1399/1736/1399 1400/1737/1400 1401/1738/1401
f 1397/1733/1397 1401/1738/1401 1347/1739/1347 1346/1734/1346
f 1401/1740/1401 1400/1741/1400 1402/1742/1402 1403/1743/1403
f 1401/1738/1401 1403/1744/1403 1348/1745/1348 1347/1739/1347
f 1403/1743/1403 1402/1742/1402 1404/1746/1404 1405/1747/1405
f 1403/1744/1403 1405/1748/1405 1350/1749/1350 1348/1745/1348
f 1405/1747/1405 1404/1746/1404 1406/1750/1406 1407/1751/1407
f 1405/1752/1405 1407/1753/1407 1352/1681/1352 1350/1679/1350
f 1407/1751/1407 1406/1750/1406 1408/1754/1408 1409/1755/1409
f 1407/1753/1407 1409/1756/1409 1354/1683/1354 1352/1681/1352
f 1409/1755/1409 1408/1754/1408 1410/1757/1410 1411/1758/1411
f 1409/1759/1409 1411/1760/1411 1356/1687/1356 1354/1686/1354
f 1411/1761/1411 1410/1762/1410 1412/1763/1412 1413/1764/1413
f 1411/1760/1411 1413/1765/1413 1358/1689/1358 1356/1687/1356
f 1413/1764/1413 1412/1763/1412 1414/1766/1414 1415/1767/1415
f 1413/1765/1413 1415/1768/1415 1360/1691/1360 1358/1689/1358
f 1415/1767/1415 1414/1766/1414 1416/1769/1416 1417/1770/1417
f 1415/1767/1415 1417/1770/1417 1362/1771/1362 1360/1772/1360
f 1417/1770/1417 1416/1769/1416 1418/1773/1418 1419/1774/1419
f 1417/1770/1417 1419/1774/1419 1364/1775/1364 1362/1771/1362
f 1419/1774/1419 1418/1773/1418 1420/1776/1420 1421/1777/1421
f 1419/1774/1419 1421/1777/1421 1366/1778/1366 1364/1775/1364
f 1421/1777/1421 1420/1776/1420 1422/1779/1422 1423/1780/1423
f 1421/1777/1421 1423/1780/1423 1368/1781/1368 1366/1778/1366
f 1423/1780/1423 1422/1779/1422 1424/1782/1424 1425/1783/1425
f 1423/1780/1423 1425/1783/1425 1370/1784/1370 1368/1781/1368
f 1425/1783/1425 1424/1782/1424 1426/1785/1426 1427/1786/1427
f 1425/1783/1425 1427/1786/1427 1372/1787/1372 1370/1784/1370
f 1427/1786/1427 1426/1785/1426 1428/1788/1428 1429/1789/1429
f 1427/1790/1427 1429/1791/1429 1374/1705/1374 1372/1703/1372
f 1429/1792/1429 1428/1793/1428 1430/1794/1430 1431/1795/1431
f 1429/1796/1429 1431/1797/1431 1376/1710/1376 1374/1798/1374
f 1431/1795/1431 1430/1794/1430 1432/1799/1432 1433/1800/1433
f 1431/1797/1431 1433/1801/1433 1378/1711/1378 1376/1710/1376
f 1433/1800/1433 1432/1799/1432 1434/1802/1434 1435/1803/1435
f 1433/1801/1433 1435/1804/1435 1380/1714/1380 1378/1711/1378
f 1435/1803/1435 1434/1802/1434 1436/1805/1436 1437/1806/1437
f 1435/1804/1435 1437/1807/1437 1382/1716/1382 1380/1714/1380
f 1437/1806/1437 1436/1805/1436 1438/1808/1438 1439/1809/1439
f 1437/1810/1437 1439/1811/1439 1384/1812/1384 1382/1813/1382
f 1439/1809/1439 1438/1808/1438 1440/1814/1440 1441/1815/1441
f 1439/1811/1439 1441/1816/1441 1386/1817/1386 1384/1812/1384
f 1441/1816/1441 1440/1818/1440 1442/1819/1442 1443/1820/1443
f 1441/1816/1441 1443/1820/1443 1388/1821/1388 1386/1817/1386
f 1443/1820/1443 1442/1819/1442 1444/1822/1444 1445/1823/1445
f 1443/1820/1443 1445/1823/1445 1390/1824/1390 1388/1821/1388
f 1445/1823/1445 1444/1822/1444 1446/1825/1446 1395/1731/1395
f 1445/1823/1445 1395/1731/1395 1392/1730/1392 1390/1824/1390
f 1446/1826/1446 1444/1827/1444 1447/1828/1447 1448/1829/1448
f 1446/1826/1446 1448/1829/1448 1449/1830/1449 1398/1831/1398
f 1446/1825/1446 1398/1735/1398 1396/1732/1396 1395/1731/1395
f 1449/1830/1449 1448/1829/1448 1450/1832/1450 1451/1833/1451
f 1449/1830/1449 1451/1833/1451 1452/1834/1452 1453/1835/1453
f 1449/1830/1449 1453/1835/1453 1399/1836/1399 1398/1831/1398
f 1453/1835/1453 1452/1834/1452 1454/1837/1454 1455/1838/1455
f 1453/1839/1453 1455/1840/1455 1400/1737/1400 1399/1736/1399
f 1455/1841/1455 1454/1842/1454 1456/1843/1456 1457/1844/1457
f 1455/1841/1455 1457/1844/1457 1402/1742/1402 1400/1741/1400
f 1457/1844/1457 1456/1843/1456 1458/1845/1458 1459/1846/1459
f 1457/1844/1457 1459/1846/1459 1404/1746/1404 1402/1742/1402
f 1459/1846/1459 1458/1845/1458 1460/1847/1460 1461/1848/1461
f 1459/1846/1459 1461/1848/1461 1406/1750/1406 1404/1746/1404
f 1461/1848/1461 1460/1847/1460 1462/1849/1462 1463/1850/1463
f 1461/1848/1461 1463/1850/1463 1408/1754/1408 1406/1750/1406
f 1463/1850/1463 1462/1849/1462 1464/1851/1464 1465/1852/1465
f 1463/1850/1463 1465/1852/1465 1410/1757/1410 1408/1754/1408
f 1465/1852/1465 1464/1851/1464 1466/1853/1466 1467/1854/1467
f 1465/1852/1465 1467/1854/1467 1412/1855/1412 1410/1757/1410
f 1467/1854/1467 1466/1853/1466 1468/1856/1468 1469/1857/1469
f 1467/1854/1467 1469/1857/1469 1414/1858/1414 1412/1855/1412
f 1469/1859/1469 1468/1860/1468 1470/1861/1470 1471/1862/1471
f 1469/1857/1469 1471/1863/1471 1416/1864/1416 1414/1858/1414
f 1471/1862/1471 1470/1861/1470 1472/1865/1472 1473/1866/1473
f 1471/1867/1471 1473/1868/1473 1418/1773/1418 1416/1769/1416
f 1473/1866/1473 1472/1865/1472 1474/1869/1474 1475/1870/1475
f 1473/1866/1473 1475/1870/1475 1420/1871/1420 1418/1872/1418
f 1475/1870/1475 1474/1869/1474 1476/1873/1476 1477/1874/1477
f 1475/1870/1475 1477/1874/1477 1422/1875/1422 1420/1871/1420
f 1477/1874/1477 1476/1873/1476 1478/1876/1478 1479/1877/1479
f 1477/1874/1477 1479/1877/1479 1424/1878/1424 1422/1875/1422
f 1479/1877/1479 1478/1876/1478 1480/1879/1480 1481/1880/1481
f 1479/1877/1479 1481/1880/1481 1426/1881/1426 1424/1878/1424
f 1481/1882/1481 1480/1883/1480 1482/1884/1482 1483/1885/1483
f 1481/1882/1481 1483/1885/1483 1428/1793/1428 1426/1886/1426
f 1483/1885/1483 1482/1884/1482 1484/1887/1484 1485/1888/1485
f 1483/1885/1483 1485/1888/1485 1430/1794/1430 1428/1793/1428
f 1485/1888/1485 1484/1887/1484 1486/1889/1486 1487/1890/1487
f 1485/1888/1485 1487/1890/1487 1432/1799/1432 1430/1794/1430
f 1487/1890/1487 1486/1889/1486 1488/1891/1488 1489/1892/1489
f 1487/1890/1487 1489/1892/1489 1434/1802/1434 1432/1799/1432
f 1489/1892/1489 1488/1891/1488 1490/1893/1490 1491/1894/1491
f 1489/1892/1489 1491/1894/1491 1436/1805/1436 1434/1802/1434
f 1491/1894/1491 1490/1893/1490 1492/1895/1492 1493/1896/1493
f 1491/1894/1491 1493/1896/1493 1438/1808/1438 1436/1805/1436
f 1493/1896/1493 1492/1895/1492 1494/1897/1494 1495/1898/1495
f 1493/1896/1493 1495/1898/1495 1440/1814/1440 1438/1808/1438
f 1495/1899/1495 1494/1900/1494 1496/1901/1496 1497/1902/1497
f 1495/1899/1495 1497/1902/1497 1442/1903/1442 1440/1904/1440
f 1497/1902/1497 1496/1901/1496 1498/1905/1498 1447/1828/1447
f 1497/1902/1497 1447/1828/1447 1444/1827/1444 1442/1903/1442
f 1498/1905/1498 1496/1901/1496 1499/1906/1499 1500/1907/1500
f 1498/1905/1498 1500/1907/1500 1501/1908/1501 1450/1832/1450
f 1498/1905/1498 1450/1832/1450 1448/1829/1448 1447/1828/1447
f 1501/1908/1501 1500/1907/1500 1502/1909/1502 1503/1910/1503
f 1501/1908/1501 1503/1910/1503 1504/1911/1504 1505/1912/1505
f 1501/1908/1501 1505/1912/1505 1451/1833/1451 1450/1832/1450
f 1505/1912/1505 1504/1911/1504 1506/1913/1506 1507/1914/1507
f 1505/1912/1505 1507/1914/1507 1452/1834/1452 1451/1833/1451
f 1507/1914/1507 1506/1913/1506 1508/1915/1508 1509/1916/1509
f 1507/1914/1507 1509/1916/1509 1454/1837/1454 1452/1834/1452
f 1509/1917/1509 1508/1918/1508 1510/1919/1510 1511/1920/1511
f 1509/1917/1509 1511/1920/1511 1456/1843/1456 1454/1842/1454
f 1511/1920/1511 1510/1919/1510 1512/1921/1512 1513/1922/1513
f 1511/1920/1511 1513/1922/1513 1458/1845/1458 1456/1843/1456
f 1513/1922/1513 1512/1921/1512 1514/1923/1514 1515/1924/1515
f 1513/1922/1513 1515/1924/1515 1460/1847/1460 1458/1845/1458
f 1515/1924/1515 1514/1923/1514 1516/1925/1516 1517/1926/1517
f 1515/1924/1515 1517/1926/1517 1462/1849/1462 1460/1847/1460
f 1517/1926/1517 1516/1925/1516 1518/1927/1518 1519/1928/1519
f 1517/1926/1517 1519/1928/1519 1464/1851/1464 1462/1849/1462
f 1519/1928/1519 1518/1927/1518 1520/1929/1520 1521/1930/1521
f 1519/1928/1519 1521/1930/1521 1466/1853/1466 1464/1851/1464
f 1521/1930/1521 1520/1929/1520 1522/1931/1522 1523/1932/1523
f 1521/1930/1521 1523/1932/1523 1468/1856/1468 1466/1853/1466
f 1523/1933/1523 1522/1934/1522 1524/1935/1524 1525/1936/1525
f 1523/1933/1523 1525/1936/1525 1470/1861/1470 1468/1860/1468
f 1525/1936/1525 1524/1935/1524 1526/1937/1526 1527/1938/1527
f 1525/1936/1525 1527/1938/1527 1472/1865/1472 1470/1861/1470
f 1527/1938/1527 1526/1937/1526 1528/1939/1528 1529/1940/1529
f 1527/1938/1527 1529/1940/1529 1474/1869/1474 1472/1865/1472
f 1529/1940/1529 1528/1939/1528 1530/1941/1530 1531/1942/1531
f 1529/1940/1529 1531/1942/1531 1476/1873/1476 1474/1869/1474
f 1531/1942/1531 1530/1941/1530 1532/1943/1532 1533/1944/1533
f 1531/1942/1531 1533/1944/1533 1478/1876/1478 1476/1873/1476
f 1533/1944/1533 1532/1943/1532 1534/1945/1534 1535/1946/1535
f 1533/1944/1533 1535/1946/1535 1480/1879/1480 1478/1876/1478
f 1535/1947/1535 1534/1948/1534 1536/1949/1536 1537/1950/1537
f 1535/1947/1535 1537/1950/1537 1482/1884/1482 1480/1883/1480
f 1537/1950/1537 1536/1949/1536 1538/1951/1538 1539/1952/1539
f 1537/1950/1537 1539/1952/1539 1484/1887/1484 1482/1884/1482
f 1539/1952/1539 1538/1951/1538 1540/1953/1540 1541/1954/1541
f 1539/1952/1539 1541/1954/1541 1486/1889/1486 1484/1887/1484
f 1541/1954/1541 1540/1953/1540 1542/1955/1542 1543/1956/1543
f 1541/1954/1541 1543/1956/1543 1488/1891/1488 1486/1889/1486
f 1543/1956/1543 1542/1955/1542 1544/1957/1544 1545/1958/1545
f 1543/1956/1543 1545/1958/1545 1490/1893/1490 1488/1891/1488
f 1545/1958/1545 1544/1957/1544 1546/1959/1546 1547/1960/1547
f 1545/1958/1545 1547/1960/1547 1492/1895/1492 1490/1893/1490
f 1547/1960/1547 1546/1959/1546 1548/1961/1548 1549/1962/1549
f 1547/1960/1547 1549/1962/1549 1494/1897/1494 1492/1895/1492
f 1549/1963/1549 1548/1964/1548 1550/1965/1550 1499/1906/1499
f 1549/1963/1549 1499/1906/1499 1496/1901/1496 1494/1900/1494
f 1550/1966/1550 1548/1967/1548 1551/1968/1551 1552/1969/1552
f 1550/1966/1550 1552/1969/1552 1553/1970/1553 1502/1971/1502
f 1550/1965/1550 1502/1909/1502 1500/1907/1500 1499/1906/1499
f 1553/1970/1553 1552/1969/1552 1554/1972/1554 1555/1973/1555
f 1553/1970/1553 1555/1973/1555 1556/1974/1556 1557/1975/1557
f 1553/1970/1553 1557/1975/1557 1503/1976/1503 1502/1971/1502
f 1557/1975/1557 1556/1974/1556 1558/1977/1558 1559/1978/1559
f 1557/1975/1557 1559/1978/1559 1504/1979/1504 1503/1976/1503
f 1559/1978/1559 1558/1977/1558 1560/1980/1560 1561/1981/1561
f 1559/1978/1559 1561/1981/1561 1506/1982/1506 1504/1979/1504
f 1561/1981/1561 1560/1980/1560 1562/1983/1562 1563/1984/1563
f 1561/1981/1561 1563/1984/1563 1508/1985/1508 1506/1982/1506
f 1563/1986/1563 1562/1987/1562 1564/1988/1564 1565/1989/1565
f 1563/1986/1563 1565/1989/1565 1510/1919/1510 1508/1918/1508
f 1565/1989/1565 1564/1988/1564 1566/1990/1566 1567/1991/1567
f 1565/1989/1565 1567/1991/1567 1512/1921/1512 1510/1919/1510
f 1567/1991/1567 1566/1990/1566 1568/1992/1568 1569/1993/1569
f 1567/1991/1567 1569/1993/1569 1514/1923/1514 1512/1921/1512
f 1569/1993/1569 1568/1992/1568 1570/1994/1570 1571/1995/1571
f 1569/1993/1569 1571/1995/1571 1516/1925/1516 1514/1923/1514
f 1571/1995/1571 1570/1994/1570 1572/1996/1572 1573/1997/1573
f 1571/1995/1571 1573/1997/1573 1518/1927/1518 1516/1925/1516
f 1573/1997/1573 1572/1996/1572 1574/1998/1574 1575/1999/1575
f 1573/1997/1573 1575/1999/1575 1520/1929/1520 1518/1927/1518
f 1575/1999/1575 1574/1998/1574 1576/2000/1576 1577/2001/1577
f 1575/1999/1575 1577/2001/1577 1522/1931/1522 1520/1929/1520
f 1577/2002/1577 1576/2003/1576 1578/2004/1578 1579/2005/1579
f 1577/2002/1577 1579/2005/1579 1524/1935/1524 1522/1934/1522
f 1579/2005/1579 1578/2004/1578 1580/2006/1580 1581/2007/1581
f 1579/2005/1579 1581/2007/1581 1526/1937/1526 1524/1935/1524
f 1581/2007/1581 1580/2006/1580 1582/2008/1582 1583/2009/1583
f 1581/2007/1581 1583/2009/1583 1528/1939/1528 1526/1937/1526
f 1583/2009/1583 1582/2008/1582 1584/2010/1584 1585/2011/1585
f 1583/2009/1583 1585/2011/1585 1530/1941/1530 1528/1939/1528
f 1585/2011/1585 1584/2010/1584 1586/2012/1586 1587/2013/1587
f 1585/2011/1585 1587/2013/1587 1532/1943/1532 1530/1941/1530
f 1587/2013/1587 1586/2012/1586 1588/2014/1588 1589/2015/1589
f 1587/2013/1587 1589/2015/1589 1534/1945/1534 1532/1943/1532
f 1589/2016/1589 1588/2017/1588 1590/2018/1590 1591/2019/1591
f 1589/2016/1589 1591/2019/1591 1536/1949/1536 1534/1948/1534
f 1591/2019/1591 1590/2018/1590 1592/2020/1592 1593/2021/1593
f 1591/2019/1591 1593/2021/1593 1538/1951/1538 1536/1949/1536
f 1593/2021/1593 1592/2020/1592 1594/2022/1594 1595/2023/1595
f 1593/2021/1593 1595/2023/1595 1540/1953/1540 1538/1951/1538
f 1595/2023/1595 1594/2022/1594 1596/2024/1596 1597/2025/1597
f 1595/2023/1595 1597/2025/1597 1542/1955/1542 1540/1953/1540
f 1597/2025/1597 1596/2024/1596 1598/2026/1598 1599/2027/1599
f 1597/2025/1597 1599/2027/1599 1544/1957/1544 1542/1955/1542
f 1599/2027/1599 1598/2026/1598 1600/2028/1600 1601/2029/1601
f 1599/2027/1599 1601/2029/1601 1546/1959/1546 1544/1957/1544
f 1601/2029/1601 1600/2028/1600 1602/2030/1602 1551/2031/1551
f 1601/2029/1601 1551/2031/1551 1548/1961/1548 1546/1959/1546
f 1602/2030/1602 1600/2028/1600 1603/2032/1603 1604/2033/1604
f 1602/2034/1602 1604/2035/1604 1605/2036/1605 1554/1972/1554
f 1602/2034/1602 1554/1972/1554 1552/1969/1552 1551/1968/1551
f 1605/2036/1605 1604/2035/1604 1606/2037/1606 1607/2038/1607
f 1605/2036/1605 1607/2038/1607 1608/2039/1608 1609/2040/1609
f 1605/2036/1605 1609/2040/1609 1555/1973/1555 1554/1972/1554
f 1609/2040/1609 1608/2039/1608 1610/2041/1610 1611/2042/1611
f 1609/2040/1609 1611/2042/1611 1556/1974/1556 1555/1973/1555
f 1611/2042/1611 1610/2041/1610 1612/2043/1612 1613/2044/1613
f 1611/2042/1611 1613/2044/1613 1558/1977/1558 1556/1974/1556
f 1613/2044/1613 1612/2043/1612 1614/2045/1614 1615/2046/1615
f 1613/2044/1613 1615/2046/1615 1560/1980/1560 1558/1977/1558
f 1615/2046/1615 1614/2045/1614 1616/2047/1616 1617/2048/1617
f 1615/2046/1615 1617/2048/1617 1562/1983/1562 1560/1980/1560
f 1617/2048/1617 1616/2047/1616 1618/2049/1618 1619/2050/1619
f 1617/2051/1617 1619/2052/1619 1564/1988/1564 1562/1987/1562
f 1619/2052/1619 1618/2053/1618 1620/2054/1620 1621/2055/1621
f 1619/2052/1619 1621/2055/1621 1566/1990/1566 1564/1988/1564
f 1621/2055/1621 1620/2054/1620 1622/2056/1622 1623/2057/1623
f 1621/2055/1621 1623/2057/1623 1568/1992/1568 1566/1990/1566
f 1623/2057/1623 1622/2056/1622 1624/2058/1624 1625/2059/1625
f 1623/2057/1623 1625/2059/1625 1570/1994/1570 1568/1992/1568
f 1625/2059/1625 1624/2058/1624 1626/2060/1626 1627/2061/1627
f 1625/2059/1625 1627/2061/1627 1572/1996/1572 1570/1994/1570
f 1627/2061/1627 1626/2060/1626 1628/2062/1628 1629/2063/1629
f 1627/2061/1627 1629/2063/1629 1574/1998/1574 1572/1996/1572
f 1629/2063/1629 1628/2062/1628 77/2064/13 1630/2065/1630
f 1629/2063/1629 1630/2065/1630 1576/2000/1576 1574/1998/1574
f 1630/2065/1630 77/2064/13 76/2066/12 1631/2067/1631
f 1630/2068/1630 1631/2069/1631 1578/2004/1578 1576/2003/1576
f 1631/2070/1631 76/2071/12 1632/2072/1632 1633/2073/1633
f 1631/2070/1631 1633/2073/1633 1580/2074/1580 1578/2075/1578
f 1633/2073/1633 1632/2072/1632 1634/2076/1634 1635/2077/1635
f 1633/2073/1633 1635/2077/1635 1582/2078/1582 1580/2074/1580
f 1635/2077/1635 1634/2076/1634 104/2079/44 1636/2080/1636
f 1635/2077/1635 1636/2080/1636 1584/2081/1584 1582/2078/1582
f 1636/2080/1636 104/2079/44 103/2082/43 1637/2083/1637
f 1636/2084/1636 1637/2085/1637 1586/2012/1586 1584/2010/1584
f 1637/2086/1637 103/2087/43 106/2088/46 1638/2089/1638
f 1637/2085/1637 1638/2090/1638 1588/2014/1588 1586/2012/1586
f 1638/2089/1638 106/2088/46 1639/2091/1639 1640/2092/1640
f 1638/2089/1638 1640/2092/1640 1590/2018/1590 1588/2017/1588
f 1640/2092/1640 1639/2091/1639 1641/2093/1641 1642/2094/1642
f 1640/2092/1640 1642/2094/1642 1592/2020/1592 1590/2018/1590
f 1642/2094/1642 1641/2093/1641 1643/2095/1643 1644/2096/1644
f 1642/2094/1642 1644/2096/1644 1594/2022/1594 1592/2020/1592
f 1644/2096/1644 1643/2095/1643 1645/2097/1645 1646/2098/1646
f 1644/2096/1644 1646/2098/1646 1596/2024/1596 1594/2022/1594
f 1646/2098/1646 1645/2097/1645 1647/2099/1647 1648/2100/1648
f 1646/2098/1646 1648/2100/1648 1598/2026/1598 1596/2024/1596
f 1648/2100/1648 1647/2099/1647 1649/2101/1649 1603/2032/1603
f 1648/2100/1648 1603/2032/1603 1600/2028/1600 1598/2026/1598
f 1649/2101/1649 1647/2099/1647 173/2102/122 172/2103/121
f 1649/2104/1649 172/136/121 171/135/120 1606/2105/1606
f 1649/2101/1649 1606/2106/1606 1604/2033/1604 1603/2032/1603
f 1647/2099/1647 1645/2097/1645 1650/2107/1650 173/2102/122
f 1650/2108/1650 1651/2109/1651 1652/2110/1652 1653/2111/1653
f 1650/2108/1650 1653/2111/1653 174/138/123 173/137/122
f 1650/2107/1650 1645/2097/1645 1643/2095/1643 1651/2112/1651
f 1653/2113/1653 1652/2114/1652 1654/2115/1654 1655/2116/1655
f 1653/2111/1653 1655/2117/1655 1656/2118/1656 174/138/123
f 1656/2118/1656 1657/2119/1657 15/133/118 174/138/123
f 1656/2118/1656 1655/2117/1655 1658/2120/1658 1659/2121/1659
f 1656/2118/1656 1659/2121/1659 1660/2122/1660 1657/2119/1657
f 1660/2122/1660 1661/2123/1661 1662/2124/1662 1657/2119/1657
f 1660/2122/1660 1659/2121/1659 1663/2125/1663 1664/2126/1664
f 1660/2122/1660 1664/2126/1664 1665/2127/1665 1661/2123/1661
f 1665/2127/1665 1666/2128/1666 1667/2129/1667 1661/2123/1661
f 1665/2127/1665 1664/2126/1664 1668/2130/1668 1669/2131/1669
f 1665/2127/1665 1669/2131/1669 1670/2132/1670 1666/2128/1666
f 1670/2132/1670 1671/2133/1671 1672/2134/1672 1666/2128/1666
f 1670/2132/1670 1669/2131/1669 1673/2135/1673 1674/2136/1674
f 1670/2132/1670 1674/2136/1674 1675/2137/1675 1671/2133/1671
f 1675/2137/1675 1676/2138/1676 1677/2139/1677 1671/2133/1671
f 1675/2137/1675 1674/2136/1674 1678/2140/1678 1679/2141/1679
f 1675/2137/1675 1679/2141/1679 1680/2142/1680 1676/2138/1676
f 1680/2142/1680 1681/2143/1681 1682/2144/1682 1676/2138/1676
f 1680/2142/1680 1679/2141/1679 1683/2145/1683 1684/2146/1684
f 1680/2142/1680 1684/2146/1684 1685/2147/1685 1681/2143/1681
f 1685/2148/1685 1686/2149/1686 1687/2150/1687 1681/2151/1681
f 1685/2147/1685 1684/2146/1684 1688/2152/1688 1689/2153/1689
f 1685/2148/1685 1689/2154/1689 1690/2155/1690 1686/2149/1686
f 1690/2155/1690 1691/2156/1691 1692/2157/1692 1686/2149/1686
f 1690/2155/1690 1689/2154/1689 1693/2158/1693 1694/2159/1694
f 1690/2155/1690 1694/2159/1694 1695/2160/1695 1691/2156/1691
f 1695/2160/1695 1696/2161/1696 1697/2162/1697 1691/2156/1691
f 1695/2160/1695 1694/2159/1694 1698/2163/1698 1699/2164/1699
f 1695/2160/1695 1699/2164/1699 1700/2165/1700 1696/2161/1696
f 1700/2165/1700 1701/2166/1701 1702/2167/1702 1696/2161/1696
f 1700/2165/1700 1699/2164/1699 1703/2168/1703 1704/2169/1704
f 1700/2165/1700 1704/2169/1704 1705/2170/1705 1701/2166/1701
f 1705/2170/1705 301/2171/271 300/2172/270 1701/2166/1701
f 1705/2170/1705 1704/2169/1704 1706/2173/1706 1707/2174/1707
f 1705/2175/1705 1707/2176/1707 302/312/272 301/311/271
f 1707/2174/1707 1706/2173/1706 1708/2177/1708 1709/2178/1709
f 1707/2176/1707 1709/2179/1709 1710/2180/1710 302/312/272
f 1710/2180/1710 319/336/293 303/313/273 302/312/272
f 1710/2181/1710 1709/2178/1709 1711/2182/1711 1712/2183/1712
f 1710/2180/1710 1712/2184/1712 322/341/296 319/336/293
f 1712/2183/1712 1711/2182/1711 1713/2185/1713 1714/2186/1714
f 1712/2184/1712 1714/2187/1714 1715/2188/1715 322/341/296
f 1715/2188/1715 1716/2189/1716 323/342/297 322/341/296
f 1715/2190/1715 1714/2186/1714 1717/2191/1717 350/2192/328
f 1715/2193/1715 350/390/328 349/389/327 1716/2194/1716
f 1717/2191/1717 1714/2186/1714 1713/2185/1713 1718/2195/1718
f 1717/2191/1717 1718/2195/1718 347/383/324 346/382/323
f 1717/2191/1717 346/382/323 345/381/322 350/2192/328
f 1718/2195/1718 1713/2185/1713 328/351/303 327/350/302
f 1718/2195/1718 327/350/302 332/2196/307 347/383/324
f 1716/2194/1716 1719/2197/1719 324/345/298 323/344/297
f 1716/2194/1716 349/389/327 351/391/329 1719/2197/1719
f 1719/2197/1719 1720/2198/1720 339/370/315 324/345/298
f 1719/2197/1719 351/391/329 359/2199/339 1720/2198/1720
f 1720/2200/1720 1721/2201/1721 1722/2202/1722 339/2203/315
f 1720/2204/1720 359/2205/339 358/2206/338 1721/2207/1721
f 1722/2202/1722 1723/2208/1723 1724/2209/1724 311/323/283
f 1722/2202/1722 311/323/283 42/322/282 339/2203/315
f 1722/2202/1722 1721/2201/1721 1725/2210/1725 1723/2208/1723
f 1725/2210/1725 1726/2211/1726 1727/2212/1727 1723/2208/1723
f 1725/2210/1725 1721/2201/1721 358/400/338 362/404/342
f 1725/2210/1725 362/404/342 1728/2213/1728 1726/2211/1726
f 1728/2213/1728 331/356/306 330/355/305 1726/2211/1726
f 1728/2213/1728 362/404/342 361/403/341 1729/2214/1729
f 1728/2213/1728 1729/2214/1729 332/357/307 331/356/306
f 1729/2214/1729 361/403/341 343/377/320 342/376/319
f 1729/2214/1729 342/376/319 347/2215/324 332/357/307
f 1727/2212/1727 1730/2216/1730 1731/2217/1731 1732/2218/1732
f 1727/2212/1727 1732/2218/1732 1724/2209/1724 1723/2208/1723
f 1727/2212/1727 1726/2211/1726 330/355/305 1730/2216/1730
f 1732/2219/1732 1731/2220/1731 1733/2221/1733 1734/2222/1734
f 1732/2218/1732 1734/2223/1734 1735/2224/1735 1724/2209/1724
f 1735/2224/1735 1734/2223/1734 1736/2225/1736 1737/2226/1737
f 1735/2224/1735 1737/2226/1737 310/321/281 309/320/280
f 1735/2224/1735 309/320/280 311/323/283 1724/2209/1724
f 1737/2226/1737 1736/2225/1736 1738/2227/1738 1739/2228/1739
f 1737/2226/1737 1739/2228/1739 1740/2229/1740 310/321/281
f 1740/2229/1740 1739/2228/1739 1741/2230/1741 1742/2231/1742
f 1740/2229/1740 1742/2231/1742 1743/2232/1743 1744/2233/1744
f 1740/2229/1740 1744/2233/1744 306/317/277 310/321/281
f 1744/2233/1744 1743/2232/1743 1745/2234/1745 1746/2235/1746
f 1744/2233/1744 1746/2235/1746 307/318/278 306/317/277
f 1746/2235/1746 1745/2234/1745 1747/2236/1747 1748/2237/1748
f 1746/2235/1746 1748/2237/1748 1749/2238/1749 307/318/278
f 1749/2238/1749 1748/2237/1748 1750/2239/1750 1751/2240/1751
f 1749/2238/1749 1751/2240/1751 1752/2241/1752 1753/2242/1753
f 1749/2238/1749 1753/2242/1753 308/319/279 307/318/278
f 1753/2242/1753 1752/2241/1752 1754/2243/1754 1755/2244/1755
f 1753/2242/1753 1755/2244/1755 1756/2245/1756 308/319/279
f 1756/2245/1756 341/374/317 37/316/276 308/319/279
f 1756/2245/1756 1755/2244/1755 1757/2246/1757 1758/2247/1758
f 1756/2245/1756 1758/2247/1758 1759/2248/1759 341/374/317
f 1759/2248/1759 1760/2249/1760 340/371/316 341/374/317
f 1759/2248/1759 1758/2247/1758 1761/2250/1761 1762/2251/1762
f 1759/2248/1759 1762/2251/1762 1763/2252/1763 1760/2249/1760
f 1763/2253/1763 1764/2254/1764 1765/2255/1765 1760/2256/1760
f 1763/2252/1763 1762/2251/1762 1766/2257/1766 1767/2258/1767
f 1763/2253/1763 1767/2259/1767 1768/2260/1768 1764/2254/1764
f 1768/2260/1768 1769/2261/1769 1770/2262/1770 1764/2254/1764
f 1768/2260/1768 1767/2259/1767 1771/2263/1771 355/396/334
f 1768/2260/1768 355/396/334 354/395/333 1769/2261/1769
f 1771/2263/1771 1767/2259/1767 1766/2264/1766 1772/2265/1772
f 1771/2263/1771 1772/2265/1772 1773/2266/1773 1774/2267/1774
f 1771/2263/1771 1774/2267/1774 356/397/335 355/396/334
f 1774/2268/1774 1773/2269/1773 1775/2270/1775 1776/2271/1776
f 1774/2267/1774 1776/2272/1776 357/398/336 356/397/335
f 1776/2271/1776 1775/2270/1775 1777/2273/1777 1778/2274/1778
f 1776/2271/1776 1778/2274/1778 1779/2275/1779 357/2276/336
f 1779/2275/1779 1778/2274/1778 1780/2277/1780 1781/2278/1781
f 1779/2279/1779 1781/2280/1781 1782/2281/1782 1783/2282/1783
f 1779/2283/1779 1783/2284/1783 352/393/331 357/398/336
f 1783/2282/1783 1782/2281/1782 1784/2285/1784 1785/2286/1785
f 1783/2282/1783 1785/2286/1785 353/2287/332 352/2288/331
f 1785/2286/1785 1784/2285/1784 1786/2289/1786 1787/2290/1787
f 1785/2286/1785 1787/2290/1787 1788/2291/1788 353/2287/332
f 1788/2291/1788 1787/2290/1787 1789/2292/1789 1790/2293/1790
f 1788/2294/1788 1790/2295/1790 1770/2262/1770 1769/2261/1769
f 1788/2294/1788 1769/2261/1769 354/395/333 353/394/332
f 1790/2293/1790 1789/2292/1789 1791/2296/1791 1792/2297/1792
f 1790/2295/1790 1792/2298/1792 1793/2299/1793 1770/2262/1770
f 1793/2299/1793 1792/2298/1792 321/339/295 320/338/294
f 1793/2299/1793 320/338/294 326/348/300 1765/2255/1765
f 1793/2299/1793 1765/2255/1765 1764/2254/1764 1770/2262/1770
f 1792/2297/1792 1791/2296/1791 1794/2300/1794 321/2301/295
f 1794/2300/1794 1795/2302/1795 305/315/275 304/314/274
f 1794/2300/1794 304/314/274 318/335/292 321/2301/295
f 1794/2300/1794 1791/2296/1791 1796/2303/1796 1795/2302/1795
f 1796/2303/1796 1797/2304/1797 1798/2305/1798 1795/2302/1795
f 1796/2303/1796 1791/2296/1791 1789/2292/1789 1799/2306/1799
f 1796/2303/1796 1799/2306/1799 1800/2307/1800 1797/2304/1797
f 1800/2307/1800 313/2308/286 1801/2309/1801 1797/2304/1797
f 1800/2307/1800 1799/2306/1799 1786/2289/1786 1802/2310/1802
f 1800/2307/1800 1802/2310/1802 314/332/287 313/2308/286
f 1802/2310/1802 1803/2311/1803 317/333/290 314/332/287
f 1802/2310/1802 1786/2289/1786 1784/2285/1784 1803/2311/1803
f 1803/2311/1803 1804/2312/1804 1805/2313/1805 317/333/290
f 1803/2311/1803 1784/2285/1784 1782/2281/1782 1804/2312/1804
f 1805/2313/1805 1806/2314/1806 1807/2315/1807 1808/2316/1808
f 1805/2313/1805 1808/2316/1808 315/329/288 317/333/290
f 1805/2313/1805 1804/2312/1804 1809/2317/1809 1806/2314/1806
f 1809/2317/1809 1810/2318/1810 1811/2319/1811 1806/2314/1806
f 1809/2317/1809 1804/2312/1804 1782/2281/1782 1781/2280/1781
f 1809/2317/1809 1781/2280/1781 1780/2320/1780 1810/2318/1810
f 1811/2321/1811 1812/2322/1812 1813/2323/1813 1814/2324/1814
f 1811/2319/1811 1814/2325/1814 1807/2315/1807 1806/2314/1806
f 1811/2326/1811 1810/2327/1810 1815/2328/1815 1812/2329/1812
f 1815/2330/1815 1816/2331/1816 1817/2332/1817 1812/2322/1812
f 1815/2328/1815 1810/2327/1810 1780/2277/1780 1818/2333/1818
f 1815/2328/1815 1818/2333/1818 1819/2334/1819 1816/2335/1816
f 1819/2336/1819 1820/2337/1820 336/2338/312 1816/2331/1816
f 1819/2334/1819 1818/2333/1818 1777/2273/1777 1821/2339/1821
f 1819/2340/1819 1821/2341/1821 1822/2342/1822 1820/2343/1820
f 1822/2342/1822 1823/2344/1823 1824/2345/1824 1820/2343/1820
f 1822/2342/1822 1821/2341/1821 378/422/360 375/419/357
f 1822/2342/1822 375/419/357 374/418/356 1823/2344/1823
f 1824/2345/1824 1825/2346/1825 338/367/314 337/366/313
f 1824/2345/1824 337/366/313 336/365/312 1820/2343/1820
f 1824/2345/1824 1823/2344/1823 1826/2347/1826 1825/2346/1825
f 1826/2347/1826 1827/2348/1827 1828/2349/1828 1829/2350/1829
f 1826/2347/1826 1829/2350/1829 1830/2351/1830 1825/2346/1825
f 1826/2352/1826 1823/2353/1823 374/2354/356 1827/2355/1827
f 1830/2351/1830 1829/2350/1829 1831/2356/1831 1832/2357/1832
f 1830/2351/1830 1832/2357/1832 1833/2358/1833 1834/2359/1834
f 1830/2351/1830 1834/2359/1834 338/367/314 1825/2346/1825
f 1834/2360/1834 1833/2361/1833 1835/2362/1835 1836/2363/1836
f 1834/2360/1834 1836/2363/1836 333/360/309 338/2364/314
f 1836/2363/1836 1835/2362/1835 1837/2365/1837 1838/2366/1838
f 1836/2363/1836 1838/2366/1838 334/361/310 333/360/309
f 1838/2366/1838 1837/2365/1837 1839/2367/1839 1840/2368/1840
f 1838/2366/1838 1840/2368/1840 1841/2369/1841 334/361/310
f 1841/2369/1841 1840/2368/1840 1842/2370/1842 1813/2323/1813
f 1841/2369/1841 1813/2323/1813 1812/2322/1812 1817/2332/1817
f 1841/2369/1841 1817/2332/1817 335/362/311 334/361/310
f 1842/2370/1842 1840/2368/1840 1839/2367/1839 1843/2371/1843
f 1842/2370/1842 1843/2371/1843 1844/2372/1844 1845/2373/1845
f 1842/2370/1842 1845/2373/1845 1814/2324/1814 1813/2323/1813
f 1845/2374/1845 1844/2375/1844 1846/2376/1846 1847/2377/1847
f 1845/2374/1845 1847/2377/1847 1807/2315/1807 1814/2325/1814
f 1847/2377/1847 1846/2376/1846 1848/2378/1848 1849/2379/1849
f 1847/2377/1847 1849/2379/1849 1808/2316/1808 1807/2315/1807
f 1849/2379/1849 1848/2378/1848 1850/2380/1850 316/330/289
f 1849/2379/1849 316/330/289 315/329/288 1808/2316/1808
f 1850/2380/1850 1848/2378/1848 1851/2381/1851 1852/2382/1852
f 1850/2380/1850 1852/2382/1852 1853/2383/1853 1854/2384/1854
f 1850/2380/1850 1854/2384/1854 312/331/285 316/330/289
f 1854/2384/1854 1853/2383/1853 1855/2385/1855 1801/2309/1801
f 1854/2386/1854 1801/2387/1801 313/326/286 312/325/285
f 1855/2385/1855 1853/2383/1853 1856/2388/1856 1857/2389/1857
f 1855/2385/1855 1857/2389/1857 1858/2390/1858 1798/2305/1798
f 1855/2385/1855 1798/2305/1798 1797/2304/1797 1801/2309/1801
f 1858/2390/1858 1857/2389/1857 1859/2391/1859 1860/2392/1860
f 1858/2390/1858 1860/2392/1860 297/307/267 305/315/275
f 1858/2390/1858 305/315/275 1795/2302/1795 1798/2305/1798
f 1860/2392/1860 1859/2391/1859 1861/2393/1861 1862/2394/1862
f 1860/2392/1860 1862/2394/1862 298/308/268 297/307/267
f 1862/2394/1862 1861/2393/1861 1863/2395/1863 1864/2396/1864
f 1862/2394/1862 1864/2396/1864 1865/2397/1865 298/308/268
f 1865/2397/1865 1864/2396/1864 1866/2398/1866 1867/2399/1867
f 1865/2397/1865 1867/2399/1867 1868/2400/1868 1869/2401/1869
f 1865/2397/1865 1869/2401/1869 299/309/269 298/308/268
f 1869/2402/1869 1868/2403/1868 1870/2404/1870 1871/2405/1871
f 1869/2402/1869 1871/2405/1871 300/2172/270 299/2406/269
f 1871/2405/1871 1870/2404/1870 1872/2407/1872 1702/2167/1702
f 1871/2405/1871 1702/2167/1702 1701/2166/1701 300/2172/270
f 1872/2407/1872 1870/2404/1870 1873/2408/1873 1874/2409/1874
f 1872/2407/1872 1874/2409/1874 1875/2410/1875 1697/2162/1697
f 1872/2407/1872 1697/2162/1697 1696/2161/1696 1702/2167/1702
f 1875/2410/1875 1874/2409/1874 1876/2411/1876 1877/2412/1877
f 1875/2410/1875 1877/2412/1877 1878/2413/1878 1692/2157/1692
f 1875/2410/1875 1692/2157/1692 1691/2156/1691 1697/2162/1697
f 1878/2413/1878 1877/2412/1877 1879/2414/1879 1880/2415/1880
f 1878/2413/1878 1880/2415/1880 1881/2416/1881 1687/2150/1687
f 1878/2413/1878 1687/2150/1687 1686/2149/1686 1692/2157/1692
f 1881/2416/1881 1880/2415/1880 1882/2417/1882 1883/2418/1883
f 1881/2416/1881 1883/2418/1883 1884/2419/1884 1682/2420/1682
f 1881/2416/1881 1682/2420/1682 1681/2151/1681 1687/2150/1687
f 1884/2419/1884 1883/2418/1883 1885/2421/1885 1886/2422/1886
f 1884/2419/1884 1886/2422/1886 1887/2423/1887 1677/2424/1677
f 1884/2419/1884 1677/2424/1677 1676/2425/1676 1682/2420/1682
f 1887/2423/1887 1886/2422/1886 1888/2426/1888 1889/2427/1889
f 1887/2428/1887 1889/2429/1889 1890/2430/1890 1672/2134/1672
f 1887/2428/1887 1672/2134/1672 1671/2133/1671 1677/2139/1677
f 1890/2430/1890 1889/2429/1889 1891/2431/1891 1892/2432/1892
f 1890/2430/1890 1892/2432/1892 1893/2433/1893 1667/2129/1667
f 1890/2430/1890 1667/2129/1667 1666/2128/1666 1672/2134/1672
f 1893/2433/1893 1892/2432/1892 1894/2434/1894 1895/2435/1895
f 1893/2433/1893 1895/2435/1895 175/139/124 1662/2124/1662
f 1893/2433/1893 1662/2124/1662 1661/2123/1661 1667/2129/1667
f 1895/2435/1895 1894/2434/1894 1896/2436/1896 1897/2437/1897
f 1895/2435/1895 1897/2437/1897 176/140/125 175/139/124
f 1897/2437/1897 1896/2436/1896 121/69/63 1898/2438/1898
f 1897/2437/1897 1898/2438/1898 1899/2439/1899 176/140/125
f 1899/2439/1899 1898/2438/1898 1900/2440/1900 1901/2441/1901
f 1899/2439/1899 1901/2441/1901 1902/2442/1902 1903/2443/1903
f 1899/2439/1899 1903/2443/1903 170/134/119 176/140/125
f 1903/2443/1903 1902/2442/1902 1904/2444/1904 1905/2445/1905
f 1903/2443/1903 1905/2445/1905 171/135/120 170/134/119
f 1905/2446/1905 1904/2447/1904 1608/2039/1608 1607/2038/1607
f 1905/2446/1905 1607/2038/1607 1606/2037/1606 171/2448/120
f 1904/2444/1904 1902/2442/1902 1906/2449/1906 1907/2450/1907
f 1904/2447/1904 1907/2451/1907 1610/2041/1610 1608/2039/1608
f 1907/2450/1907 1906/2449/1906 1908/2452/1908 1909/2453/1909
f 1907/2451/1907 1909/2454/1909 1612/2043/1612 1610/2041/1610
f 1909/2453/1909 1908/2452/1908 1910/2455/1910 1911/2456/1911
f 1909/2454/1909 1911/2457/1911 1614/2045/1614 1612/2043/1612
f 1911/2456/1911 1910/2455/1910 96/37/34 1912/2458/1912
f 1911/2457/1911 1912/2459/1912 1616/2047/1616 1614/2045/1614
f 1912/2458/1912 96/37/34 92/33/30 1913/2460/1913
f 1912/2459/1912 1913/2461/1913 1618/2049/1618 1616/2047/1616
f 1913/2460/1913 92/33/30 91/32/29 1914/2462/1914
f 1913/2463/1913 1914/2464/1914 1620/2054/1620 1618/2053/1618
f 1914/2462/1914 91/32/29 1915/2465/1915 1916/2466/1916
f 1914/2464/1914 1916/2467/1916 1622/2056/1622 1620/2054/1620
f 1916/2466/1916 1915/2465/1915 1917/2468/1917 1918/2469/1918
f 1916/2467/1916 1918/2470/1918 1624/2058/1624 1622/2056/1622
f 1918/2471/1918 1917/2472/1917 1919/2473/1919 1920/2474/1920
f 1918/2470/1918 1920/2475/1920 1626/2060/1626 1624/2058/1624
f 1920/2474/1920 1919/2473/1919 1921/2476/1921 1922/2477/1922
f 1920/2475/1920 1922/2478/1922 1628/2062/1628 1626/2060/1626
f 1922/2477/1922 1921/2476/1921 79/15/15 78/14/14
f 1922/2478/1922 78/2479/14 77/2064/13 1628/2062/1628
f 1921/2476/1921 1919/2473/1919 1923/2480/1923 1924/2481/1924
f 1921/2476/1921 1924/2481/1924 1925/2482/1925 79/15/15
f 1925/2482/1925 1926/2483/1926 75/11/11 79/15/15
f 1925/2482/1925 1924/2481/1924 1927/2484/1927 1928/2485/1928
f 1925/2482/1925 1928/2485/1928 1929/2486/1929 1926/2483/1926
f 1929/2486/1929 1930/2487/1930 1931/2488/1931 1926/2483/1926
f 1929/2486/1929 1928/2485/1928 1932/2489/1932 1933/2490/1933
f 1929/2486/1929 1933/2490/1933 1934/2491/1934 1930/2487/1930
f 1934/2491/1934 1935/2492/1935 1936/2493/1936 1930/2487/1930
f 1934/2491/1934 1933/2490/1933 1937/2494/1937 1938/2495/1938
f 1934/2491/1934 1938/2495/1938 1939/2496/1939 1935/2492/1935
f 1939/2497/1939 1940/2498/1940 1941/2499/1941 1935/2500/1935
f 1939/2496/1939 1938/2495/1938 1942/2501/1942 1943/2502/1943
f 1939/2497/1939 1943/2503/1943 1944/2504/1944 1940/2498/1940
f 1944/2504/1944 1945/2505/1945 1946/2506/1946 1940/2498/1940
f 1944/2504/1944 1943/2503/1943 1947/2507/1947 1948/2508/1948
f 1944/2504/1944 1948/2508/1948 1949/2509/1949 1945/2505/1945
f 1949/2509/1949 1950/2510/1950 1951/2511/1951 1945/2505/1945
f 1949/2509/1949 1948/2508/1948 1952/2512/1952 1953/2513/1953
f 1949/2509/1949 1953/2513/1953 1954/2514/1954 1950/2510/1950
f 1954/2514/1954 1955/2515/1955 1956/2516/1956 1950/2510/1950
f 1954/2514/1954 1953/2513/1953 1957/2517/1957 1958/2518/1958
f 1954/2514/1954 1958/2518/1958 1959/2519/1959 1955/2515/1955
f 1959/2519/1959 1960/2520/1960 1961/2521/1961 1955/2515/1955
f 1959/2519/1959 1958/2518/1958 1962/2522/1962 1963/2523/1963
f 1959/2519/1959 1963/2523/1963 1964/2524/1964 1960/2520/1960
f 1964/2524/1964 1965/2525/1965 1966/2526/1966 1960/2520/1960
f 1964/2524/1964 1963/2523/1963 1967/2527/1967 1968/2528/1968
f 1964/2524/1964 1968/2528/1968 1969/2529/1969 1965/2525/1965
f 1969/2529/1969 1970/2530/1970 1971/2531/1971 1965/2525/1965
f 1969/2529/1969 1968/2528/1968 1972/2532/1972 1973/2533/1973
f 1969/2529/1969 1973/2533/1973 128/79/71 1970/2530/1970
f 1973/2533/1973 1972/2532/1972 1974/2534/1974 1975/2535/1975
f 1973/2533/1973 1975/2535/1975 129/80/72 128/79/71
f 1975/2535/1975 1974/2534/1974 1976/2536/1976 1977/2537/1977
f 1975/2535/1975 1977/2537/1977 1978/2538/1978 129/80/72
f 1978/2538/1978 196/2539/148 9/77/69 129/80/72
f 1978/2538/1978 1977/2537/1977 1979/2540/1979 1980/2541/1980
f 1978/2538/1978 1980/2541/1980 194/2542/146 196/2539/148
f 1980/2541/1980 1979/2540/1979 1981/2543/1981 1982/2544/1982
f 1980/2541/1980 1982/2544/1982 195/2545/147 194/2542/146
f 1982/2544/1982 1981/2543/1981 1983/2546/1983 1984/2547/1984
f 1982/2544/1982 1984/2547/1984 1985/2548/1985 195/2545/147
f 1985/2549/1985 1986/2550/1986 191/159/143 195/163/147
f 1985/2548/1985 1984/2547/1984 1987/2551/1987 1988/2552/1988
f 1985/2549/1985 1988/2553/1988 1989/2554/1989 1986/2550/1986
f 1989/2554/1989 1990/2555/1990 1991/2556/1991 1986/2550/1986
f 1989/2554/1989 1988/2553/1988 248/240/211 247/239/210
f 1989/2554/1989 247/239/210 252/247/215 1990/2555/1990
f 1991/2556/1991 1992/2557/1992 1993/2558/1993 192/160/144
f 1991/2556/1991 192/160/144 191/159/143 1986/2550/1986
f 1991/2556/1991 1990/2555/1990 1994/2559/1994 1992/2557/1992
f 1994/2560/1994 1995/2561/1995 1996/2562/1996 1992/2563/1992
f 1994/2559/1994 1990/2555/1990 252/247/215 1997/2564/1997
f 1994/2560/1994 1997/2565/1997 242/233/204 1995/2561/1995
f 1997/2564/1997 252/247/215 251/246/214 1998/2566/1998
f 1997/2565/1997 1998/2567/1998 243/234/205 242/233/204
f 1998/2568/1998 251/245/214 250/244/213 1999/2569/1999
f 1998/2568/1998 1999/2569/1999 244/2570/206 243/2571/205
f 1999/2569/1999 2000/2572/2000 2001/2573/2001 244/2570/206
f 1999/2569/1999 250/244/213 2002/2574/2002 2000/2572/2000
f 2002/2574/2002 2003/2575/2003 2004/2576/2004 2000/2572/2000
f 2002/2574/2002 250/244/213 249/243/212 2005/2577/2005
f 2002/2578/2002 2005/2579/2005 2006/2580/2006 2003/2581/2003
f 2006/2580/2006 2005/2579/2005 2007/2582/2007 2008/2583/2008
f 2006/2580/2006 2008/2583/2008 2009/2584/2009 2010/2585/2010
f 2006/2580/2006 2010/2585/2010 2011/2586/2011 2003/2581/2003
f 2011/2587/2011 183/2588/134 2012/2589/2012 2013/2590/2013
f 2011/2587/2011 2013/2590/2013 2004/2576/2004 2003/2575/2003
f 2011/2586/2011 2010/2585/2010 184/150/135 183/149/134
f 2013/2590/2013 2012/2589/2012 2014/2591/2014 2015/2592/2015
f 2013/2590/2013 2015/2592/2015 2016/2593/2016 2004/2576/2004
f 2016/2594/2016 2015/2595/2015 2017/2596/2017 2018/2597/2018
f 2016/2598/2016 2018/2599/2018 2019/2600/2019 2001/2601/2001
f 2016/2593/2016 2001/2573/2001 2000/2572/2000 2004/2576/2004
f 2019/2602/2019 2018/2597/2018 2020/2603/2020 2021/2604/2021
f 2019/2605/2019 2021/2606/2021 246/2607/208 245/2608/207
f 2019/2602/2019 245/236/207 244/235/206 2001/2609/2001
f 2021/2604/2021 2020/2603/2020 2022/2610/2022 2023/2611/2023
f 2021/2606/2021 2023/2612/2023 2024/2386/2024 246/2607/208
f 2024/2613/2024 2023/2611/2023 2025/2614/2025 2026/2615/2026
f 2024/2613/2024 2026/2615/2026 2027/2616/2027 2028/2617/2028
f 2024/2613/2024 2028/2617/2028 241/232/203 246/237/208
f 2028/2617/2028 2027/2616/2027 1996/2562/1996 1995/2561/1995
f 2028/2617/2028 1995/2561/1995 242/233/204 241/232/203
f 2027/2616/2027 2026/2615/2026 2029/2618/2029 2030/2619/2030
f 2027/2616/2027 2030/2619/2030 2031/2620/2031 1996/2562/1996
f 2031/2620/2031 2030/2619/2030 2032/2621/2032 221/197/177
f 2031/2620/2031 221/197/177 220/196/176 1993/2622/1993
f 2031/2620/2031 1993/2622/1993 1992/2563/1992 1996/2562/1996
f 2032/2621/2032 2033/2623/2033 167/130/115 164/127/112
f 2032/2621/2032 164/127/112 163/126/111 221/197/177
f 2032/2621/2032 2030/2619/2030 2029/2618/2029 2033/2623/2033
f 2033/2623/2033 2034/2624/2034 2035/2625/2035 167/130/115
f 2033/2623/2033 2029/2618/2029 2036/2626/2036 2034/2624/2034
f 2036/2626/2036 2037/2627/2037 2038/2628/2038 2034/2624/2034
f 2036/2626/2036 2029/2618/2029 2026/2615/2026 2025/2614/2025
f 2036/2626/2036 2025/2614/2025 2039/2629/2039 2037/2627/2037
f 2039/2629/2039 2040/2630/2040 2041/2631/2041 2037/2627/2037
f 2039/2629/2039 2025/2614/2025 2023/2611/2023 2022/2610/2022
f 2039/2629/2039 2022/2610/2022 2042/2632/2042 2040/2630/2040
f 2042/2633/2042 2043/2634/2043 2044/2635/2044 2040/2636/2040
f 2042/2632/2042 2022/2610/2022 2020/2603/2020 2045/2637/2045
f 2042/2633/2042 2045/2638/2045 2046/2639/2046 2043/2634/2043
f 2046/2639/2046 200/171/153 199/170/152 2043/2634/2043
f 2046/2639/2046 2045/2638/2045 2017/2640/2017 2047/2641/2047
f 2046/2639/2046 2047/2641/2047 203/174/156 200/171/153
f 2047/2641/2047 2017/2640/2017 2015/2642/2015 2014/2643/2014
f 2047/2641/2047 2014/2643/2014 2048/2644/2048 203/174/156
f 2048/2644/2048 2049/2645/2049 201/172/154 203/174/156
f 2048/2646/2048 2014/2591/2014 2012/2589/2012 2050/2647/2050
f 2048/2644/2048 2050/2648/2050 2051/2649/2051 2049/2645/2049
f 2051/2650/2051 2052/2651/2052 2053/2652/2053 2049/2653/2049
f 2051/2650/2051 2050/2654/2050 182/148/133 186/152/137
f 2051/2650/2051 186/152/137 2054/2655/2054 2052/2651/2052
f 2054/2655/2054 2055/2656/2055 2056/2657/2056 2057/2658/2057
f 2054/2655/2054 2057/2658/2057 2058/2659/2058 2052/2651/2052
f 2054/2655/2054 186/152/137 185/151/136 2055/2656/2055
f 2058/2659/2058 2057/2658/2057 2059/2660/2059 2060/2661/2060
f 2058/2659/2058 2060/2661/2060 2061/2662/2061 2062/2663/2062
f 2058/2659/2058 2062/2663/2062 2053/2652/2053 2052/2651/2052
f 2062/2664/2062 2061/2665/2061 2063/2666/2063 2064/2667/2064
f 2062/2664/2062 2064/2667/2064 202/173/155 2053/2668/2053
f 2064/2667/2064 2063/2666/2063 2065/2669/2065 2066/2670/2066
f 2064/2667/2064 2066/2670/2066 198/169/151 202/173/155
f 2066/2670/2066 2065/2669/2065 2067/2671/2067 2068/2672/2068
f 2066/2670/2066 2068/2672/2068 199/170/152 198/169/151
f 2068/2672/2068 2067/2671/2067 2069/2673/2069 2044/2635/2044
f 2068/2672/2068 2044/2635/2044 2043/2634/2043 199/170/152
f 2069/2673/2069 2067/2671/2067 2070/2674/2070 2071/2675/2071
f 2069/2673/2069 2071/2675/2071 2072/2676/2072 2041/2677/2041
f 2069/2673/2069 2041/2677/2041 2040/2636/2040 2044/2635/2044
f 2072/2676/2072 2071/2675/2071 2073/2678/2073 2074/2679/2074
f 2072/2676/2072 2074/2679/2074 2075/2680/2075 2038/2681/2038
f 2072/2676/2072 2038/2681/2038 2037/2682/2037 2041/2677/2041
f 2075/2680/2075 2074/2679/2074 2076/2683/2076 2077/2684/2077
f 2075/2685/2075 2077/2686/2077 2078/2687/2078 2035/2625/2035
f 2075/2685/2075 2035/2625/2035 2034/2624/2034 2038/2628/2038
f 2078/2687/2078 2077/2686/2077 2079/2688/2079 2080/2689/2080
f 2078/2687/2078 2080/2689/2080 169/132/117 168/131/116
f 2078/2687/2078 168/131/116 167/130/115 2035/2625/2035
f 2080/2689/2080 2079/2688/2079 2081/2690/2081 2082/2691/2082
f 2080/2689/2080 2082/2691/2082 2083/2692/2083 169/132/117
f 2083/2692/2083 2082/2691/2082 2084/2693/2084 2085/2694/2085
f 2083/2692/2083 2085/2694/2085 2086/2695/2086 2087/2696/2087
f 2083/2692/2083 2087/2696/2087 165/128/113 169/132/117
f 2087/2696/2087 2086/2695/2086 2088/2697/2088 2089/2698/2089
f 2087/2696/2087 2089/2698/2089 166/129/114 165/128/113
f 2089/2698/2089 2088/2697/2088 2090/2699/2090 2091/2700/2091
f 2089/2698/2089 2091/2700/2091 2092/2701/2092 166/129/114
f 2092/2701/2092 2091/2700/2091 2093/2702/2093 2094/2703/2094
f 2092/2701/2092 2094/2703/2094 2095/2704/2095 2096/2705/2096
f 2092/2701/2092 2096/2705/2096 160/123/108 166/129/114
f 2096/2705/2096 2097/2706/2097 161/124/109 160/123/108
f 2096/2705/2096 2095/2704/2095 2098/2707/2098 2097/2706/2097
f 2098/2707/2098 2099/2708/2099 2100/2709/2100 2097/2706/2097
f 2098/2710/2098 2095/2711/2095 2101/2712/2101 2102/2713/2102
f 2098/2710/2098 2102/2713/2102 2103/2714/2103 2099/2715/2099
f 2103/2716/2103 2104/2717/2104 2105/2718/2105 2099/2708/2099
f 2103/2714/2103 2102/2713/2102 2106/2719/2106 2107/2720/2107
f 2103/2714/2103 2107/2720/2107 2108/2721/2108 2104/2722/2104
f 2108/2721/2108 2109/2723/2109 2110/2724/2110 2104/2722/2104
f 2108/2721/2108 2107/2720/2107 2111/2725/2111 2112/2726/2112
f 2108/2727/2108 2112/2728/2112 2113/2729/2113 2109/2730/2109
f 2113/2729/2113 204/176/158 208/180/162 2109/2730/2109
f 2113/2729/2113 2112/2728/2112 2114/2731/2114 2115/2732/2115
f 2113/2729/2113 2115/2732/2115 205/177/159 204/176/158
f 2115/2732/2115 2114/2731/2114 2116/2733/2116 2117/2734/2117
f 2115/2732/2115 2117/2734/2117 2118/2735/2118 205/177/159
f 2118/2735/2118 234/217/194 206/178/160 205/177/159
f 2118/2735/2118 2117/2734/2117 2119/2736/2119 2120/2737/2120
f 2118/2735/2118 2120/2737/2120 230/218/190 234/217/194
f 2120/2738/2120 2119/2739/2119 2121/2740/2121 2122/2741/2122
f 2120/2738/2120 2122/2741/2122 231/213/191 230/212/190
f 2122/2741/2122 2121/2740/2121 2123/2742/2123 2124/2743/2124
f 2122/2741/2122 2124/2743/2124 2125/2744/2125 231/213/191
f 2125/2744/2125 2124/2743/2124 237/224/198 236/223/197
f 2125/2744/2125 236/223/197 2126/2745/2126 2127/2746/2127
f 2125/2744/2125 2127/2746/2127 232/214/192 231/213/191
f 2127/2747/2127 2126/2748/2126 214/187/169 213/186/168
f 2127/2747/2127 213/186/168 215/188/170 232/2749/192
f 2126/2748/2126 236/2750/197 235/228/196 2128/2751/2128
f 2126/2748/2126 2128/2751/2128 2129/2752/2129 214/187/169
f 2129/2752/2129 2128/2751/2128 2130/2753/2130 2131/2754/2131
f 2129/2752/2129 2131/2754/2131 2132/2755/2132 2133/2756/2133
f 2129/2752/2129 2133/2756/2133 210/183/165 214/187/169
f 2133/2756/2133 2132/2755/2132 2110/2757/2110 2134/2758/2134
f 2133/2756/2133 2134/2758/2134 211/184/166 210/183/165
f 2134/2759/2134 2110/2724/2110 2109/2723/2109 208/2760/162
f 2134/2761/2134 208/180/162 207/179/161 211/2762/166
f 2132/2755/2132 2131/2754/2131 2135/2763/2135 2105/2718/2105
f 2132/2755/2132 2105/2718/2105 2104/2717/2104 2110/2757/2110
f 2135/2763/2135 2131/2754/2131 2130/2753/2130 2136/2764/2136
f 2135/2763/2135 2136/2764/2136 2137/2765/2137 2100/2709/2100
f 2135/2763/2135 2100/2709/2100 2099/2708/2099 2105/2718/2105
f 2137/2765/2137 2136/2764/2136 217/191/173 216/190/172
f 2137/2765/2137 216/190/172 162/125/110 161/124/109
f 2137/2765/2137 161/124/109 2097/2706/2097 2100/2709/2100
f 2136/2764/2136 2130/2753/2130 239/227/200 217/191/173
f 2130/2753/2130 2128/2751/2128 235/228/196 239/227/200
f 2124/2743/2124 2123/2742/2123 240/229/201 237/224/198
f 2123/2742/2123 2121/2740/2121 2138/2766/2138 2139/2767/2139
f 2123/2742/2123 2139/2767/2139 219/195/175 240/229/201
f 2139/2767/2139 2138/2766/2138 189/156/141 188/155/140
f 2139/2767/2139 188/155/140 197/167/149 219/195/175
f 2138/2768/2138 2121/2769/2121 2119/2770/2119 2140/2771/2140
f 2138/2768/2138 2140/2771/2140 2141/2772/2141 189/2773/141
f 2141/2772/2141 2140/2771/2140 2116/2774/2116 2142/2775/2142
f 2141/2772/2141 2142/2775/2142 131/82/74 130/81/73
f 2141/2772/2141 130/81/73 190/2776/142 189/2773/141
f 2142/2777/2142 2116/2733/2116 2114/2731/2114 2143/2778/2143
f 2142/2775/2142 2143/2779/2143 2144/2780/2144 131/82/74
f 2144/2781/2144 2143/2778/2143 2111/2782/2111 2145/2783/2145
f 2144/2784/2144 2145/2785/2145 2146/2786/2146 2147/2787/2147
f 2144/2780/2144 2147/2788/2147 132/83/75 131/82/74
f 2147/2789/2147 2146/2790/2146 2148/2791/2148 2149/2792/2149
f 2147/2789/2147 2149/2792/2149 133/86/76 132/85/75
f 2149/2792/2149 2148/2791/2148 2150/2793/2150 2151/2794/2151
f 2149/2792/2149 2151/2794/2151 2152/2795/2152 133/86/76
f 2152/2795/2152 2151/2794/2151 2153/2796/2153 2154/2797/2154
f 2152/2795/2152 2154/2797/2154 2155/2798/2155 2156/2799/2156
f 2152/2795/2152 2156/2799/2156 127/87/70 133/86/76
f 2156/2799/2156 2155/2798/2155 1971/2800/1971 1970/2801/1970
f 2156/2799/2156 1970/2801/1970 128/2802/71 127/87/70
f 2155/2798/2155 2154/2797/2154 2157/2803/2157 2158/2804/2158
f 2155/2798/2155 2158/2804/2158 2159/2805/2159 1971/2800/1971
f 2159/2805/2159 2158/2804/2158 2160/2806/2160 2161/2807/2161
f 2159/2808/2159 2161/2809/2161 2162/2810/2162 1966/2526/1966
f 2159/2808/2159 1966/2526/1966 1965/2525/1965 1971/2531/1971
f 2162/2811/2162 2161/2807/2161 2163/2812/2163 2164/2813/2164
f 2162/2810/2162 2164/2814/2164 2165/2815/2165 1961/2521/1961
f 2162/2810/2162 1961/2521/1961 1960/2520/1960 1966/2526/1966
f 2165/2815/2165 2164/2814/2164 2166/2816/2166 2167/2817/2167
f 2165/2815/2165 2167/2817/2167 2168/2818/2168 1956/2516/1956
f 2165/2815/2165 1956/2516/1956 1955/2515/1955 1961/2521/1961
f 2168/2818/2168 2167/2817/2167 2169/2819/2169 2170/2820/2170
f 2168/2818/2168 2170/2820/2170 2171/2821/2171 1951/2511/1951
f 2168/2818/2168 1951/2511/1951 1950/2510/1950 1956/2516/1956
f 2171/2821/2171 2170/2820/2170 2172/2822/2172 2173/2823/2173
f 2171/2821/2171 2173/2823/2173 2174/2824/2174 1946/2506/1946
f 2171/2821/2171 1946/2506/1946 1945/2505/1945 1951/2511/1951
f 2174/2824/2174 2173/2823/2173 2175/2825/2175 2176/2826/2176
f 2174/2824/2174 2176/2826/2176 2177/2827/2177 1941/2499/1941
f 2174/2824/2174 1941/2499/1941 1940/2498/1940 1946/2506/1946
f 2177/2827/2177 2176/2826/2176 2178/2828/2178 2179/2829/2179
f 2177/2827/2177 2179/2829/2179 2180/2830/2180 1936/2831/1936
f 2177/2827/2177 1936/2831/1936 1935/2500/1935 1941/2499/1941
f 2180/2830/2180 2179/2829/2179 2181/2832/2181 74/2833/10
f 2180/2834/2180 74/10/10 73/9/9 1931/2488/1931
f 2180/2834/2180 1931/2488/1931 1930/2487/1930 1936/2493/1936
f 2181/2835/2181 2182/2836/2182 2183/2837/2183 2184/2838/2184
f 2181/2832/2181 2184/2839/2184 67/2840/2 74/2833/10
f 2181/2832/2181 2179/2829/2179 2178/2828/2178 2182/2841/2182
f 2184/2838/2184 2183/2837/2183 2185/2842/2185 2186/2843/2186
f 2184/2839/2184 2186/2844/2186 68/2845/3 67/2840/2
f 2186/2844/2186 2185/2846/2185 2187/2847/2187 2188/2848/2188
f 2186/2844/2186 2188/2848/2188 2189/2849/2189 68/2845/3
f 2189/2849/2189 2188/2848/2188 2190/2850/2190 2191/2851/2191
f 2189/2849/2189 2191/2851/2191 2192/2852/2192 2193/2853/2193
f 2189/2849/2189 2193/2853/2193 69/2854/4 68/2845/3
f 2193/2853/2193 2192/2852/2192 118/2855/59 2194/2856/2194
f 2193/2853/2193 2194/2856/2194 70/2857/5 69/2854/4
f 2194/2856/2194 118/2855/59 117/2858/58 2195/2859/2195
f 2194/2856/2194 2195/2859/2195 2196/2860/2196 70/2857/5
f 2196/2860/2196 2195/2859/2195 2197/2861/2197 97/2862/36
f 2196/2863/2196 97/39/36 5/38/35 2198/2864/2198
f 2196/2863/2196 2198/2864/2198 71/6/6 70/5/5
f 2198/2864/2198 5/38/35 102/45/42 2199/2865/2199
f 2198/2864/2198 2199/2865/2199 72/7/7 71/6/6
f 2199/2865/2199 102/45/42 104/47/44 1634/2866/1634
f 2199/2865/2199 1634/2866/1634 1632/2867/1632 72/7/7
f 2197/2861/2197 2195/2859/2195 117/2858/58 116/2868/57
f 2197/2861/2197 116/2868/57 2200/2869/2200 2201/2870/2201
f 2197/2861/2197 2201/2870/2201 98/2871/37 97/2862/36
f 2201/2870/2201 2200/2869/2200 2202/2872/2202 2203/2873/2203
f 2201/2870/2201 2203/2873/2203 2204/2874/2204 98/2871/37
f 2204/2874/2204 2203/2873/2203 2205/2875/2205 2206/2876/2206
f 2204/2874/2204 2206/2876/2206 2207/2877/2207 2208/2878/2208
f 2204/2879/2204 2208/2880/2208 99/41/38 98/40/37
f 2208/2878/2208 2207/2877/2207 2209/2881/2209 2210/2882/2210
f 2208/2880/2208 2210/2883/2210 100/42/39 99/41/38
f 2210/2882/2210 2209/2881/2209 2211/2884/2211 2212/2885/2212
f 2210/2882/2210 2212/2885/2212 2213/2886/2213 100/2887/39
f 2213/2888/2213 109/52/49 101/43/40 100/42/39
f 2213/2886/2213 2212/2885/2212 2214/2889/2214 2215/2890/2215
f 2213/2888/2213 2215/2891/2215 2216/2892/2216 109/52/49
f 2216/2892/2216 2217/2893/2217 107/50/47 109/52/49
f 2216/2892/2216 2215/2891/2215 2218/2894/2218 2219/2895/2219
f 2216/2892/2216 2219/2895/2219 2220/2896/2220 2217/2893/2217
f 2220/2896/2220 2221/2897/2221 2222/2898/2222 2217/2893/2217
f 2220/2896/2220 2219/2895/2219 2223/2899/2223 2224/2900/2224
f 2220/2896/2220 2224/2900/2224 2225/2901/2225 2221/2897/2221
f 2225/2901/2225 2226/2902/2226 2227/2903/2227 2221/2897/2221
f 2225/2901/2225 2224/2900/2224 2228/2904/2228 2229/2905/2229
f 2225/2901/2225 2229/2905/2229 2230/2906/2230 2226/2902/2226
f 2230/2906/2230 2231/2907/2231 2232/2908/2232 2226/2902/2226
f 2230/2906/2230 2229/2905/2229 2233/2909/2233 2234/2910/2234
f 2230/2906/2230 2234/2910/2234 2235/2911/2235 2231/2907/2231
f 2235/2911/2235 2236/2912/2236 2237/2913/2237 2231/2907/2231
f 2235/2911/2235 2234/2910/2234 2238/2914/2238 2239/2915/2239
f 2235/2911/2235 2239/2915/2239 2240/2916/2240 2236/2912/2236
f 2240/2916/2240 2241/2917/2241 2242/2918/2242 2236/2912/2236
f 2240/2916/2240 2239/2915/2239 2243/2919/2243 2244/2920/2244
f 2240/2916/2240 2244/2920/2244 2245/2921/2245 2241/2917/2241
f 2245/2922/2245 2246/2923/2246 2247/2924/2247 2241/2925/2241
f 2245/2922/2245 2244/2926/2244 2248/2927/2248 2249/2928/2249
f 2245/2922/2245 2249/2928/2249 2250/2929/2250 2246/2923/2246
f 2250/2929/2250 2251/2930/2251 2252/2931/2252 2246/2923/2246
f 2250/2929/2250 2249/2928/2249 2253/2932/2253 2254/2933/2254
f 2250/2929/2250 2254/2933/2254 1747/2236/1747 2251/2930/2251
f 2254/2933/2254 2253/2932/2253 2255/2934/2255 1750/2239/1750
f 2254/2933/2254 1750/2239/1750 1748/2237/1748 1747/2236/1747
f 2255/2934/2255 2253/2932/2253 2256/2935/2256 2257/2936/2257
f 2255/2934/2255 2257/2936/2257 2258/2937/2258 2259/2938/2259
f 2255/2934/2255 2259/2938/2259 1751/2240/1751 1750/2239/1750
f 2259/2938/2259 2258/2937/2258 2260/2939/2260 2261/2940/2261
f 2259/2938/2259 2261/2940/2261 1752/2241/1752 1751/2240/1751
f 2261/2940/2261 2260/2939/2260 2262/2941/2262 2263/2942/2263
f 2261/2940/2261 2263/2942/2263 1754/2243/1754 1752/2241/1752
f 2263/2942/2263 2262/2941/2262 1832/2357/1832 1831/2356/1831
f 2263/2942/2263 1831/2356/1831 2264/2943/2264 1754/2243/1754
f 2264/2943/2264 1757/2246/1757 1755/2244/1755 1754/2243/1754
f 2264/2943/2264 1831/2356/1831 1829/2350/1829 1828/2349/1828
f 2264/2943/2264 1828/2349/1828 2265/2944/2265 1757/2246/1757
f 2265/2944/2265 1761/2250/1761 1758/2247/1758 1757/2246/1757
f 2265/2944/2265 1828/2349/1828 1827/2348/1827 2266/2945/2266
f 2265/2944/2265 2266/2945/2266 2267/2946/2267 1761/2250/1761
f 2267/2946/2267 1766/2257/1766 1762/2251/1762 1761/2250/1761
f 2267/2946/2267 2266/2945/2266 373/417/355 377/421/359
f 2267/2946/2267 377/421/359 1772/2947/1772 1766/2257/1766
f 2266/2945/2266 1827/2348/1827 374/418/356 373/417/355
f 2262/2948/2262 2260/2949/2260 2268/2950/2268 2269/2951/2269
f 2262/2948/2262 2269/2951/2269 1833/2361/1833 1832/2952/1832
f 2269/2951/2269 2268/2950/2268 2270/2953/2270 2271/2954/2271
f 2269/2951/2269 2271/2954/2271 1835/2362/1835 1833/2361/1833
f 2271/2954/2271 2270/2953/2270 2272/2955/2272 2273/2956/2273
f 2271/2954/2271 2273/2956/2273 1837/2365/1837 1835/2362/1835
f 2273/2956/2273 2272/2955/2272 2274/2957/2274 2275/2958/2275
f 2273/2956/2273 2275/2958/2275 1839/2367/1839 1837/2365/1837
f 2275/2958/2275 2274/2957/2274 2276/2959/2276 2277/2960/2277
f 2275/2958/2275 2277/2960/2277 1843/2371/1843 1839/2367/1839
f 2277/2960/2277 2276/2959/2276 2278/2961/2278 2279/2962/2279
f 2277/2960/2277 2279/2962/2279 1844/2372/1844 1843/2371/1843
f 2279/2963/2279 2278/2964/2278 2280/2965/2280 2281/2966/2281
f 2279/2963/2279 2281/2966/2281 1846/2376/1846 1844/2375/1844
f 2281/2966/2281 2280/2965/2280 2282/2967/2282 1851/2381/1851
f 2281/2966/2281 1851/2381/1851 1848/2378/1848 1846/2376/1846
f 2282/2967/2282 2280/2965/2280 2283/2968/2283 2284/2969/2284
f 2282/2967/2282 2284/2969/2284 2285/2970/2285 2286/2971/2286
f 2282/2967/2282 2286/2971/2286 1852/2382/1852 1851/2381/1851
f 2286/2971/2286 2285/2970/2285 2287/2972/2287 1856/2388/1856
f 2286/2971/2286 1856/2388/1856 1853/2383/1853 1852/2382/1852
f 2287/2972/2287 2285/2970/2285 2288/2973/2288 2289/2974/2289
f 2287/2972/2287 2289/2974/2289 1861/2393/1861 1859/2391/1859
f 2287/2972/2287 1859/2391/1859 1857/2389/1857 1856/2388/1856
f 2289/2974/2289 2288/2973/2288 2290/2975/2290 2291/2976/2291
f 2289/2974/2289 2291/2976/2291 1863/2395/1863 1861/2393/1861
f 2291/2976/2291 2290/2975/2290 2292/2977/2292 2293/2978/2293
f 2291/2976/2291 2293/2978/2293 2294/2979/2294 1863/2395/1863
f 2294/2979/2294 2293/2978/2293 2295/2980/2295 2296/2981/2296
f 2294/2979/2294 2296/2981/2296 2297/2982/2297 1866/2398/1866
f 2294/2979/2294 1866/2398/1866 1864/2396/1864 1863/2395/1863
f 2297/2982/2297 2296/2981/2296 2298/2983/2298 2299/2984/2299
f 2297/2982/2297 2299/2984/2299 2300/2985/2300 2301/2986/2301
f 2297/2982/2297 2301/2986/2301 1867/2399/1867 1866/2398/1866
f 2301/2987/2301 2300/2988/2300 2302/2989/2302 2303/2990/2303
f 2301/2986/2301 2303/2991/2303 1868/2400/1868 1867/2399/1867
f 2303/2990/2303 2302/2989/2302 2304/2992/2304 1873/2408/1873
f 2303/2990/2303 1873/2408/1873 1870/2404/1870 1868/2403/1868
f 2304/2992/2304 2302/2989/2302 2305/2993/2305 2306/2994/2306
f 2304/2992/2304 2306/2994/2306 2307/2995/2307 1876/2411/1876
f 2304/2992/2304 1876/2411/1876 1874/2409/1874 1873/2408/1873
f 2307/2995/2307 2306/2994/2306 2308/2996/2308 2309/2997/2309
f 2307/2995/2307 2309/2997/2309 2310/2998/2310 1879/2414/1879
f 2307/2995/2307 1879/2414/1879 1877/2412/1877 1876/2411/1876
f 2310/2998/2310 2309/2997/2309 2311/2999/2311 2312/3000/2312
f 2310/2998/2310 2312/3000/2312 2313/3001/2313 1882/2417/1882
f 2310/2998/2310 1882/2417/1882 1880/2415/1880 1879/2414/1879
f 2313/3001/2313 2312/3000/2312 2314/3002/2314 2315/3003/2315
f 2313/3001/2313 2315/3003/2315 2316/3004/2316 1885/2421/1885
f 2313/3001/2313 1885/2421/1885 1883/2418/1883 1882/2417/1882
f 2316/3004/2316 2315/3003/2315 2317/3005/2317 2318/3006/2318
f 2316/3004/2316 2318/3006/2318 2319/3007/2319 1888/2426/1888
f 2316/3004/2316 1888/2426/1888 1886/2422/1886 1885/2421/1885
f 2319/3007/2319 2318/3006/2318 2320/3008/2320 2321/3009/2321
f 2319/3010/2319 2321/3011/2321 2322/3012/2322 1891/2431/1891
f 2319/3010/2319 1891/2431/1891 1889/2429/1889 1888/3013/1888
f 2322/3012/2322 2321/3011/2321 2323/3014/2323 2324/3015/2324
f 2322/3012/2322 2324/3015/2324 1896/2436/1896 1894/2434/1894
f 2322/3012/2322 1894/2434/1894 1892/2432/1892 1891/2431/1891
f 2324/3015/2324 2323/3014/2323 126/3016/68 122/70/64
f 2324/3015/2324 122/70/64 121/69/63 1896/2436/1896
f 2323/3017/2323 2325/3018/2325 2326/3019/2326 126/3020/68
f 2323/3021/2323 2321/3009/2321 2320/3008/2320 2325/3022/2325
f 2326/3019/2326 2327/3023/2327 2328/3024/2328 2329/3025/2329
f 2326/3019/2326 2329/3025/2329 123/3026/65 126/3020/68
f 2326/3019/2326 2325/3018/2325 2330/3027/2330 2327/3023/2327
f 2330/3027/2330 2331/3028/2331 2332/3029/2332 2327/3023/2327
f 2330/3030/2330 2325/3022/2325 2320/3008/2320 2333/3031/2333
f 2330/3030/2330 2333/3031/2333 2334/3032/2334 2331/3033/2331
f 2334/3032/2334 2335/3034/2335 2336/3035/2336 2331/3033/2331
f 2334/3032/2334 2333/3031/2333 2317/3005/2317 2337/3036/2337
f 2334/3032/2334 2337/3036/2337 2338/3037/2338 2335/3034/2335
f 2338/3037/2338 2339/3038/2339 2340/3039/2340 2335/3034/2335
f 2338/3037/2338 2337/3036/2337 2314/3002/2314 2341/3040/2341
f 2338/3037/2338 2341/3040/2341 2342/3041/2342 2339/3038/2339
f 2342/3041/2342 2343/3042/2343 2344/3043/2344 2339/3038/2339
f 2342/3041/2342 2341/3040/2341 2311/2999/2311 2345/3044/2345
f 2342/3041/2342 2345/3044/2345 2346/3045/2346 2343/3042/2343
f 2346/3045/2346 2347/3046/2347 2348/3047/2348 2343/3042/2343
f 2346/3045/2346 2345/3044/2345 2308/2996/2308 2349/3048/2349
f 2346/3045/2346 2349/3048/2349 2350/3049/2350 2347/3046/2347
f 2350/3050/2350 2351/3051/2351 2352/3052/2352 2347/3053/2347
f 2350/3049/2350 2349/3048/2349 2305/2993/2305 2353/3054/2353
f 2350/3050/2350 2353/3055/2353 2354/3056/2354 2351/3051/2351
f 2354/3056/2354 2355/3057/2355 2356/3058/2356 2351/3051/2351
f 2354/3056/2354 2353/3055/2353 2300/2985/2300 2299/2984/2299
f 2354/3056/2354 2299/2984/2299 2298/2983/2298 2355/3057/2355
f 2356/3058/2356 2357/3059/2357 2358/3060/2358 2359/3061/2359
f 2356/3058/2356 2359/3061/2359 2352/3052/2352 2351/3051/2351
f 2356/3058/2356 2355/3057/2355 2360/3062/2360 2357/3059/2357
f 2360/3062/2360 2361/3063/2361 2362/3064/2362 2357/3059/2357
f 2360/3062/2360 2355/3057/2355 2298/2983/2298 2363/3065/2363
f 2360/3062/2360 2363/3065/2363 2364/3066/2364 2361/3063/2361
f 2364/3066/2364 2365/3067/2365 2366/3068/2366 2361/3063/2361
f 2364/3066/2364 2363/3065/2363 2295/2980/2295 2367/3069/2367
f 2364/3066/2364 2367/3069/2367 2368/3070/2368 2365/3067/2365
f 2368/3070/2368 2369/3071/2369 2370/3072/2370 2365/3067/2365
f 2368/3070/2368 2367/3069/2367 2292/2977/2292 2371/3073/2371
f 2368/3070/2368 2371/3073/2371 2372/3074/2372 2369/3071/2369
f 2372/3074/2372 2373/3075/2373 2374/3076/2374 2369/3071/2369
f 2372/3074/2372 2371/3073/2371 2375/3077/2375 2376/3078/2376
f 2372/3074/2372 2376/3078/2376 2377/3079/2377 2373/3075/2373
f 2377/3080/2377 2378/3081/2378 2379/3082/2379 2373/3083/2373
f 2377/3079/2377 2376/3078/2376 2380/3084/2380 2381/3085/2381
f 2377/3080/2377 2381/3086/2381 2382/3087/2382 2378/3081/2378
f 2382/3087/2382 2383/3088/2383 2384/3089/2384 2378/3081/2378
f 2382/3087/2382 2381/3086/2381 2385/3090/2385 2386/3091/2386
f 2382/3087/2382 2386/3091/2386 2387/3092/2387 2383/3088/2383
f 2387/3092/2387 2388/3093/2388 2389/3094/2389 2383/3088/2383
f 2387/3092/2387 2386/3091/2386 2276/2959/2276 2274/2957/2274
f 2387/3092/2387 2274/2957/2274 2272/2955/2272 2388/3093/2388
f 2389/3094/2389 2390/3095/2390 2391/3096/2391 2392/3097/2392
f 2389/3094/2389 2392/3097/2392 2384/3089/2384 2383/3088/2383
f 2389/3094/2389 2388/3093/2388 2393/3098/2393 2390/3095/2390
f 2393/3098/2393 2394/3099/2394 2395/3100/2395 2390/3095/2390
f 2393/3098/2393 2388/3093/2388 2272/2955/2272 2270/2953/2270
f 2393/3098/2393 2270/2953/2270 2268/2950/2268 2394/3099/2394
f 2395/3100/2395 2257/3101/2257 2256/3102/2256 2396/3103/2396
f 2395/3100/2395 2396/3103/2396 2391/3096/2391 2390/3095/2390
f 2395/3100/2395 2394/3099/2394 2258/3104/2258 2257/3101/2257
f 2396/3103/2396 2256/3102/2256 2248/3105/2248 2397/3106/2397
f 2396/3103/2396 2397/3106/2397 2398/3107/2398 2391/3096/2391
f 2398/3107/2398 2397/3106/2397 2243/2919/2243 2399/3108/2399
f 2398/3107/2398 2399/3108/2399 2400/3109/2400 2401/3110/2401
f 2398/3107/2398 2401/3110/2401 2392/3097/2392 2391/3096/2391
f 2401/3110/2401 2400/3109/2400 2402/3111/2402 2403/3112/2403
f 2401/3110/2401 2403/3112/2403 2384/3089/2384 2392/3097/2392
f 2403/3112/2403 2402/3111/2402 2404/3113/2404 2379/3082/2379
f 2403/3112/2403 2379/3082/2379 2378/3081/2378 2384/3089/2384
f 2404/3113/2404 2402/3111/2402 2405/3114/2405 2406/3115/2406
f 2404/3113/2404 2406/3115/2406 2407/3116/2407 2374/3117/2374
f 2404/3113/2404 2374/3117/2374 2373/3083/2373 2379/3082/2379
f 2407/3116/2407 2406/3115/2406 2408/3118/2408 2409/3119/2409
f 2407/3120/2407 2409/3121/2409 2410/3122/2410 2370/3072/2370
f 2407/3120/2407 2370/3072/2370 2369/3071/2369 2374/3076/2374
f 2410/3122/2410 2409/3121/2409 2411/3123/2411 2412/3124/2412
f 2410/3122/2410 2412/3124/2412 2413/3125/2413 2366/3068/2366
f 2410/3122/2410 2366/3068/2366 2365/3067/2365 2370/3072/2370
f 2413/3125/2413 2412/3124/2412 2414/3126/2414 2415/3127/2415
f 2413/3125/2413 2415/3127/2415 2416/3128/2416 2362/3064/2362
f 2413/3125/2413 2362/3064/2362 2361/3063/2361 2366/3068/2366
f 2416/3128/2416 2415/3127/2415 2417/3129/2417 2418/3130/2418
f 2416/3128/2416 2418/3130/2418 2419/3131/2419 2358/3060/2358
f 2416/3128/2416 2358/3060/2358 2357/3059/2357 2362/3064/2362
f 2419/3131/2419 2418/3130/2418 2420/3132/2420 2421/3133/2421
f 2419/3131/2419 2421/3133/2421 2422/3134/2422 2423/3135/2423
f 2419/3131/2419 2423/3135/2423 2359/3061/2359 2358/3060/2358
f 2423/3135/2423 2422/3134/2422 2424/3136/2424 2425/3137/2425
f 2423/3135/2423 2425/3137/2425 2352/3052/2352 2359/3061/2359
f 2425/3137/2425 2424/3136/2424 2426/3138/2426 2348/3139/2348
f 2425/3137/2425 2348/3139/2348 2347/3053/2347 2352/3052/2352
f 2426/3138/2426 2424/3136/2424 2427/3140/2427 2428/3141/2428
f 2426/3142/2426 2428/3143/2428 2429/3144/2429 2344/3043/2344
f 2426/3142/2426 2344/3043/2344 2343/3042/2343 2348/3047/2348
f 2429/3144/2429 2428/3143/2428 2430/3145/2430 2431/3146/2431
f 2429/3144/2429 2431/3146/2431 2432/3147/2432 2340/3039/2340
f 2429/3144/2429 2340/3039/2340 2339/3038/2339 2344/3043/2344
f 2432/3148/2432 2431/3149/2431 2433/3150/2433 2434/3151/2434
f 2432/3148/2432 2434/3151/2434 2435/3152/2435 2336/3153/2336
f 2432/3147/2432 2336/3035/2336 2335/3034/2335 2340/3039/2340
f 2435/3152/2435 2434/3151/2434 2436/3154/2436 2437/3155/2437
f 2435/3156/2435 2437/3157/2437 2438/3158/2438 2332/3159/2332
f 2435/3152/2435 2332/3029/2332 2331/3028/2331 2336/3153/2336
f 2438/3160/2438 2437/3155/2437 148/108/94 2439/3161/2439
f 2438/3160/2438 2439/3161/2439 2440/3162/2440 2328/3024/2328
f 2438/3160/2438 2328/3024/2328 2327/3023/2327 2332/3029/2332
f 2440/3162/2440 2439/3161/2439 141/100/86 2441/3163/2441
f 2440/3162/2440 2441/3163/2441 2442/3164/2442 2443/3165/2443
f 2440/3166/2440 2443/3167/2443 2329/3168/2329 2328/3169/2328
f 2443/3167/2443 2442/3170/2442 2444/3171/2444 124/73/66
f 2443/3167/2443 124/73/66 123/72/65 2329/3168/2329
f 2444/3172/2444 2442/3173/2442 2445/3174/2445 2446/3175/2446
f 2444/3172/2444 2446/3175/2446 2447/3176/2447 2448/3177/2448
f 2444/3171/2444 2448/3178/2448 125/74/67 124/73/66
f 2448/3177/2448 2447/3176/2447 2449/3179/2449 2450/3180/2450
f 2448/3178/2448 2450/3181/2450 2451/3182/2451 125/74/67
f 2451/3182/2451 2450/3181/2450 87/27/24 89/29/26
f 2451/3182/2451 89/29/26 2452/3183/2452 2453/3184/2453
f 2451/3182/2451 2453/3184/2453 8/71/61 125/74/67
f 2453/3184/2453 2452/3183/2452 2454/3185/2454 2455/3186/2455
f 2453/3184/2453 2455/3186/2455 120/3187/62 8/71/61
f 2455/3188/2455 2454/3189/2454 2456/3190/2456 2457/3191/2457
f 2455/3188/2455 2457/3191/2457 1900/2440/1900 120/68/62
f 2457/3191/2457 2456/3190/2456 2458/3192/2458 2459/3193/2459
f 2457/3191/2457 2459/3193/2459 1901/2441/1901 1900/2440/1900
f 2459/3193/2459 2458/3192/2458 1908/2452/1908 1906/2449/1906
f 2459/3193/2459 1906/2449/1906 1902/2442/1902 1901/2441/1901
f 2458/3192/2458 2456/3190/2456 2460/3194/2460 2461/3195/2461
f 2458/3192/2458 2461/3195/2461 1910/2455/1910 1908/2452/1908
f 2461/3195/2461 2460/3194/2460 94/35/32 93/34/31
f 2461/3195/2461 93/34/31 96/37/34 1910/2455/1910
f 2460/3194/2460 2456/3190/2456 2454/3189/2454 2462/3196/2462
f 2460/3194/2460 2462/3196/2462 2463/3197/2463 94/35/32
f 2463/3197/2463 2462/3196/2462 2464/3198/2464 2465/3199/2465
f 2463/3197/2463 2465/3199/2465 2466/3200/2466 2467/3201/2467
f 2463/3197/2463 2467/3201/2467 95/36/33 94/35/32
f 2467/3201/2467 2466/3200/2466 2468/3202/2468 2469/3203/2469
f 2467/3201/2467 2469/3203/2469 2470/3204/2470 95/36/33
f 2470/3204/2470 2471/3205/2471 4/30/27 95/36/33
f 2470/3204/2470 2469/3203/2469 2472/3206/2472 2473/3207/2473
f 2470/3204/2470 2473/3207/2473 2474/3208/2474 2471/3205/2471
f 2474/3208/2474 2475/3209/2475 2476/3210/2476 2471/3205/2471
f 2474/3208/2474 2473/3207/2473 2477/3211/2477 2478/3212/2478
f 2474/3208/2474 2478/3212/2478 2479/3213/2479 2475/3209/2475
f 2479/3213/2479 2480/3214/2480 2481/3215/2481 2475/3209/2475
f 2479/3213/2479 2478/3212/2478 2482/3216/2482 2483/3217/2483
f 2479/3213/2479 2483/3217/2483 2484/3218/2484 2480/3214/2480
f 2484/3219/2484 2485/3220/2485 2486/3221/2486 2480/3222/2480
f 2484/3218/2484 2483/3217/2483 2487/3223/2487 2488/3224/2488
f 2484/3219/2484 2488/3225/2488 2489/3226/2489 2485/3220/2485
f 2489/3226/2489 2490/3227/2490 2491/3228/2491 2485/3220/2485
f 2489/3226/2489 2488/3225/2488 2492/3229/2492 2493/3230/2493
f 2489/3226/2489 2493/3230/2493 2494/3231/2494 2490/3227/2490
f 2494/3231/2494 2495/3232/2495 2496/3233/2496 2490/3227/2490
f 2494/3231/2494 2493/3230/2493 2497/3234/2497 2498/3235/2498
f 2494/3231/2494 2498/3235/2498 2499/3236/2499 2495/3232/2495
f 2499/3236/2499 2500/3237/2500 2501/3238/2501 2495/3232/2495
f 2499/3236/2499 2498/3235/2498 2502/3239/2502 2503/3240/2503
f 2499/3236/2499 2503/3240/2503 2504/3241/2504 2500/3237/2500
f 2504/3241/2504 2505/3242/2505 2506/3243/2506 2500/3237/2500
f 2504/3241/2504 2503/3240/2503 2507/3244/2507 2508/3245/2508
f 2504/3241/2504 2508/3245/2508 2509/3246/2509 2505/3242/2505
f 2509/3246/2509 2510/3247/2510 2511/3248/2511 2505/3242/2505
f 2509/3246/2509 2508/3245/2508 2512/3249/2512 2513/3250/2513
f 2509/3246/2509 2513/3250/2513 2514/3251/2514 2510/3247/2510
f 2514/3251/2514 2515/3252/2515 2516/3253/2516 2510/3247/2510
f 2514/3251/2514 2513/3250/2513 2517/3254/2517 2518/3255/2518
f 2514/3251/2514 2518/3255/2518 2519/3256/2519 2515/3252/2515
f 2519/3257/2519 2520/3258/2520 2521/3259/2521 2515/3260/2515
f 2519/3256/2519 2518/3255/2518 2522/3261/2522 2523/3262/2523
f 2519/3257/2519 2523/3263/2523 2524/3264/2524 2520/3258/2520
f 2524/3264/2524 2525/3265/2525 2526/3266/2526 2520/3258/2520
f 2524/3264/2524 2523/3263/2523 2527/3267/2527 2528/3268/2528
f 2524/3264/2524 2528/3268/2528 2529/3269/2529 2525/3265/2525
f 2529/3269/2529 2530/3270/2530 2531/3271/2531 2525/3265/2525
f 2529/3269/2529 2528/3268/2528 2060/2661/2060 2059/2660/2059
f 2529/3269/2529 2059/2660/2059 2532/3272/2532 2530/3270/2530
f 2532/3272/2532 2533/3273/2533 2534/3274/2534 2530/3270/2530
f 2532/3272/2532 2059/2660/2059 2057/2658/2057 2056/2657/2056
f 2532/3272/2532 2056/2657/2056 2535/3275/2535 2533/3273/2533
f 2535/3275/2535 2536/3276/2536 2537/3277/2537 2533/3273/2533
f 2535/3275/2535 2056/2657/2056 2055/2656/2055 2538/3278/2538
f 2535/3275/2535 2538/3278/2538 2539/3279/2539 2536/3276/2536
f 2539/3279/2539 2540/3280/2540 1983/2546/1983 2536/3276/2536
f 2539/3279/2539 2538/3278/2538 187/153/138 2009/2584/2009
f 2539/3279/2539 2009/2584/2009 2008/2583/2008 2540/3280/2540
f 2540/3280/2540 1987/2551/1987 1984/2547/1984 1983/2546/1983
f 2540/3280/2540 2008/2583/2008 2007/2582/2007 1987/2551/1987
f 2538/3278/2538 2055/2656/2055 185/151/136 187/153/138
f 2537/3277/2537 1981/2543/1981 1979/2540/1979 2541/3281/2541
f 2537/3277/2537 2541/3281/2541 2534/3274/2534 2533/3273/2533
f 2537/3277/2537 2536/3276/2536 1983/2546/1983 1981/2543/1981
f 2541/3281/2541 1979/2540/1979 1977/2537/1977 1976/2536/1976
f 2541/3281/2541 1976/2536/1976 2542/3282/2542 2534/3274/2534
f 2542/3282/2542 1976/2536/1976 1974/2534/1974 2543/3283/2543
f 2542/3282/2542 2543/3283/2543 2544/3284/2544 2531/3271/2531
f 2542/3282/2542 2531/3271/2531 2530/3270/2530 2534/3274/2534
f 2544/3284/2544 2543/3283/2543 2545/3285/2545 2546/3286/2546
f 2544/3284/2544 2546/3286/2546 2547/3287/2547 2526/3266/2526
f 2544/3284/2544 2526/3266/2526 2525/3265/2525 2531/3271/2531
f 2547/3287/2547 2546/3286/2546 2548/3288/2548 2549/3289/2549
f 2547/3287/2547 2549/3289/2549 2550/3290/2550 2521/3259/2521
f 2547/3287/2547 2521/3259/2521 2520/3258/2520 2526/3266/2526
f 2550/3290/2550 2549/3289/2549 2551/3291/2551 2552/3292/2552
f 2550/3290/2550 2552/3292/2552 2553/3293/2553 2516/3294/2516
f 2550/3290/2550 2516/3294/2516 2515/3260/2515 2521/3259/2521
f 2553/3293/2553 2552/3292/2552 2554/3295/2554 2555/3296/2555
f 2553/3297/2553 2555/3298/2555 2556/3299/2556 2511/3248/2511
f 2553/3297/2553 2511/3248/2511 2510/3247/2510 2516/3253/2516
f 2556/3299/2556 2555/3298/2555 2557/3300/2557 2558/3301/2558
f 2556/3299/2556 2558/3301/2558 2559/3302/2559 2506/3243/2506
f 2556/3299/2556 2506/3243/2506 2505/3242/2505 2511/3248/2511
f 2559/3302/2559 2558/3301/2558 2560/3303/2560 2561/3304/2561
f 2559/3302/2559 2561/3304/2561 2562/3305/2562 2501/3238/2501
f 2559/3302/2559 2501/3238/2501 2500/3237/2500 2506/3243/2506
f 2562/3305/2562 2561/3304/2561 2563/3306/2563 2564/3307/2564
f 2562/3305/2562 2564/3307/2564 2565/3308/2565 2496/3233/2496
f 2562/3305/2562 2496/3233/2496 2495/3232/2495 2501/3238/2501
f 2565/3308/2565 2564/3307/2564 2566/3309/2566 2567/3310/2567
f 2565/3308/2565 2567/3310/2567 2568/3311/2568 2491/3228/2491
f 2565/3308/2565 2491/3228/2491 2490/3227/2490 2496/3233/2496
f 2568/3311/2568 2567/3310/2567 2569/3312/2569 2570/3313/2570
f 2568/3311/2568 2570/3313/2570 2571/3314/2571 2486/3221/2486
f 2568/3311/2568 2486/3221/2486 2485/3220/2485 2491/3228/2491
f 2571/3314/2571 2570/3313/2570 2572/3315/2572 2573/3316/2573
f 2571/3317/2571 2573/3318/2573 2574/3319/2574 2481/3215/2481
f 2571/3317/2571 2481/3215/2481 2480/3214/2480 2486/3320/2486
f 2574/3319/2574 2573/3318/2573 2575/3321/2575 2576/3322/2576
f 2574/3319/2574 2576/3322/2576 90/31/28 2476/3210/2476
f 2574/3319/2574 2476/3210/2476 2475/3209/2475 2481/3215/2481
f 2576/3322/2576 2575/3321/2575 1917/2468/1917 1915/2465/1915
f 2576/3322/2576 1915/2465/1915 91/32/29 90/31/28
f 2575/3323/2575 1923/2480/1923 1919/2473/1919 1917/2472/1917
f 2575/3323/2575 2573/3316/2573 2572/3315/2572 1923/2480/1923
f 2572/3315/2572 1927/2484/1927 1924/2481/1924 1923/2480/1923
f 2572/3315/2572 2570/3313/2570 2569/3312/2569 1927/2484/1927
f 2569/3312/2569 1932/2489/1932 1928/2485/1928 1927/2484/1927
f 2569/3312/2569 2567/3310/2567 2566/3309/2566 1932/2489/1932
f 2566/3309/2566 1937/2494/1937 1933/2490/1933 1932/2489/1932
f 2566/3309/2566 2564/3307/2564 2563/3306/2563 1937/2494/1937
f 2563/3306/2563 1942/2501/1942 1938/2495/1938 1937/2494/1937
f 2563/3306/2563 2561/3304/2561 2560/3303/2560 1942/2501/1942
f 2560/3303/2560 1947/3324/1947 1943/2502/1943 1942/2501/1942
f 2560/3303/2560 2558/3301/2558 2557/3300/2557 1947/3324/1947
f 2557/3325/2557 1952/2512/1952 1948/2508/1948 1947/2507/1947
f 2557/3325/2557 2555/3296/2555 2554/3295/2554 1952/2512/1952
f 2554/3295/2554 1957/2517/1957 1953/2513/1953 1952/2512/1952
f 2554/3295/2554 2552/3292/2552 2551/3291/2551 1957/2517/1957
f 2551/3291/2551 1962/2522/1962 1958/2518/1958 1957/2517/1957
f 2551/3291/2551 2549/3289/2549 2548/3288/2548 1962/2522/1962
f 2548/3288/2548 1967/2527/1967 1963/2523/1963 1962/2522/1962
f 2548/3288/2548 2546/3286/2546 2545/3285/2545 1967/2527/1967
f 2545/3285/2545 1972/2532/1972 1968/2528/1968 1967/2527/1967
f 2545/3285/2545 2543/3283/2543 1974/2534/1974 1972/2532/1972
f 2528/3268/2528 2527/3267/2527 2061/2662/2061 2060/2661/2060
f 2527/3326/2527 2523/3262/2523 2522/3261/2522 2577/3327/2577
f 2527/3326/2527 2577/3327/2577 2063/2666/2063 2061/2665/2061
f 2577/3327/2577 2522/3261/2522 2578/3328/2578 2579/3329/2579
f 2577/3327/2577 2579/3329/2579 2065/2669/2065 2063/2666/2063
f 2579/3329/2579 2578/3328/2578 2580/3330/2580 2070/2674/2070
f 2579/3329/2579 2070/2674/2070 2067/2671/2067 2065/2669/2065
f 2580/3330/2580 2578/3328/2578 2517/3254/2517 2581/3331/2581
f 2580/3330/2580 2581/3331/2581 2582/3332/2582 2073/2678/2073
f 2580/3330/2580 2073/2678/2073 2071/2675/2071 2070/2674/2070
f 2582/3332/2582 2581/3331/2581 2512/3249/2512 2583/3333/2583
f 2582/3332/2582 2583/3333/2583 2584/3334/2584 2076/2683/2076
f 2582/3332/2582 2076/2683/2076 2074/2679/2074 2073/2678/2073
f 2584/3334/2584 2583/3333/2583 2507/3244/2507 2585/3335/2585
f 2584/3334/2584 2585/3335/2585 2081/3336/2081 2079/3337/2079
f 2584/3334/2584 2079/3337/2079 2077/2684/2077 2076/2683/2076
f 2585/3335/2585 2507/3244/2507 2503/3240/2503 2502/3239/2502
f 2585/3335/2585 2502/3239/2502 2586/3338/2586 2081/3336/2081
f 2586/3338/2586 2502/3239/2502 2498/3235/2498 2497/3234/2497
f 2586/3339/2586 2497/3340/2497 2587/3341/2587 2084/2693/2084
f 2586/3339/2586 2084/2693/2084 2082/2691/2082 2081/2690/2081
f 2587/3341/2587 2497/3340/2497 2493/3342/2493 2492/3343/2492
f 2587/3341/2587 2492/3343/2492 2588/3344/2588 2589/3345/2589
f 2587/3341/2587 2589/3345/2589 2085/2694/2085 2084/2693/2084
f 2589/3345/2589 2588/3344/2588 2590/3346/2590 2591/3347/2591
f 2589/3345/2589 2591/3347/2591 2086/2695/2086 2085/2694/2085
f 2591/3347/2591 2590/3346/2590 2592/3348/2592 2593/3349/2593
f 2591/3347/2591 2593/3349/2593 2088/2697/2088 2086/2695/2086
f 2593/3349/2593 2592/3348/2592 2594/3350/2594 2595/3351/2595
f 2593/3349/2593 2595/3351/2595 2090/2699/2090 2088/2697/2088
f 2595/3351/2595 2594/3350/2594 2596/3352/2596 2597/3353/2597
f 2595/3351/2595 2597/3353/2597 2598/3354/2598 2090/2699/2090
f 2598/3354/2598 2597/3353/2597 2599/3355/2599 2600/3356/2600
f 2598/3354/2598 2600/3356/2600 2601/3357/2601 2093/2702/2093
f 2598/3354/2598 2093/2702/2093 2091/2700/2091 2090/2699/2090
f 2601/3358/2601 2600/3359/2600 2602/3360/2602 2603/3361/2603
f 2601/3358/2601 2603/3361/2603 2604/3362/2604 2605/3363/2605
f 2601/3357/2601 2605/3364/2605 2094/2703/2094 2093/2702/2093
f 2605/3363/2605 2604/3362/2604 2606/3365/2606 2101/3366/2101
f 2605/3364/2605 2101/3367/2101 2095/2704/2095 2094/2703/2094
f 2606/3368/2606 2106/2719/2106 2102/2713/2102 2101/2712/2101
f 2606/3365/2606 2604/3362/2604 2148/2791/2148 2146/2790/2146
f 2606/3368/2606 2146/2786/2146 2145/2785/2145 2106/2719/2106
f 2604/3362/2604 2603/3361/2603 2150/2793/2150 2148/2791/2148
f 2603/3361/2603 2602/3360/2602 2607/3369/2607 2150/2793/2150
f 2607/3369/2607 2602/3360/2602 2608/3370/2608 2609/3371/2609
f 2607/3369/2607 2609/3371/2609 2610/3372/2610 2153/2796/2153
f 2607/3369/2607 2153/2796/2153 2151/2794/2151 2150/2793/2150
f 2610/3372/2610 2609/3371/2609 2611/3373/2611 2612/3374/2612
f 2610/3372/2610 2612/3374/2612 2613/3375/2613 2157/2803/2157
f 2610/3372/2610 2157/2803/2157 2154/2797/2154 2153/2796/2153
f 2613/3375/2613 2612/3374/2612 2614/3376/2614 2615/3377/2615
f 2613/3375/2613 2615/3377/2615 2616/3378/2616 2160/2806/2160
f 2613/3375/2613 2160/2806/2160 2158/2804/2158 2157/2803/2157
f 2616/3378/2616 2615/3377/2615 2617/3379/2617 2618/3380/2618
f 2616/3378/2616 2618/3380/2618 2619/3381/2619 2163/2812/2163
f 2616/3378/2616 2163/2812/2163 2161/2807/2161 2160/2806/2160
f 2619/3381/2619 2618/3380/2618 2620/3382/2620 2621/3383/2621
f 2619/3381/2619 2621/3383/2621 2622/3384/2622 2166/3385/2166
f 2619/3381/2619 2166/3385/2166 2164/2813/2164 2163/2812/2163
f 2622/3384/2622 2621/3383/2621 2623/3386/2623 2624/3387/2624
f 2622/3388/2622 2624/3389/2624 2625/3390/2625 2169/2819/2169
f 2622/3388/2622 2169/2819/2169 2167/2817/2167 2166/2816/2166
f 2625/3390/2625 2624/3389/2624 2626/3391/2626 2627/3392/2627
f 2625/3390/2625 2627/3392/2627 2628/3393/2628 2172/2822/2172
f 2625/3390/2625 2172/2822/2172 2170/2820/2170 2169/2819/2169
f 2628/3393/2628 2627/3392/2627 2629/3394/2629 2630/3395/2630
f 2628/3393/2628 2630/3395/2630 2631/3396/2631 2175/2825/2175
f 2628/3393/2628 2175/2825/2175 2173/2823/2173 2172/2822/2172
f 2631/3396/2631 2630/3395/2630 2632/3397/2632 2633/3398/2633
f 2631/3396/2631 2633/3398/2633 2182/2841/2182 2178/2828/2178
f 2631/3396/2631 2178/2828/2178 2176/2826/2176 2175/2825/2175
f 2633/3399/2633 2632/3400/2632 2634/3401/2634 2635/3402/2635
f 2633/3399/2633 2635/3402/2635 2183/2837/2183 2182/2836/2182
f 2635/3402/2635 2634/3401/2634 2636/3403/2636 2637/3404/2637
f 2635/3402/2635 2637/3404/2637 2185/2842/2185 2183/2837/2183
f 2637/3404/2637 2636/3403/2636 2638/3405/2638 2639/3406/2639
f 2637/3404/2637 2639/3406/2639 2187/3407/2187 2185/2842/2185
f 2639/3406/2639 2638/3405/2638 2640/3408/2640 2641/3409/2641
f 2639/3406/2639 2641/3409/2641 2642/3410/2642 2187/3407/2187
f 2642/3410/2642 2641/3409/2641 2643/3411/2643 2644/3412/2644
f 2642/3410/2642 2644/3412/2644 2645/3413/2645 2190/3414/2190
f 2642/3410/2642 2190/3414/2190 2188/3415/2188 2187/3407/2187
f 2645/3416/2645 2644/3417/2644 2646/3418/2646 2647/3419/2647
f 2645/3416/2645 2647/3419/2647 2648/3420/2648 2649/3421/2649
f 2645/3416/2645 2649/3421/2649 2191/3422/2191 2190/3423/2190
f 2649/3421/2649 2648/3420/2648 2650/3424/2650 2651/3425/2651
f 2649/3421/2649 2651/3425/2651 2192/3426/2192 2191/3422/2191
f 2651/3425/2651 2650/3424/2650 111/55/52 110/54/51
f 2651/3425/2651 110/54/51 118/64/59 2192/3426/2192
f 2650/3424/2650 2648/3420/2648 2652/3427/2652 2653/3428/2653
f 2650/3424/2650 2653/3428/2653 2654/3429/2654 111/55/52
f 2654/3430/2654 2653/3431/2653 263/263/229 262/262/228
f 2654/3432/2654 262/268/228 266/267/232 2655/3433/2655
f 2654/3429/2654 2655/3434/2655 112/56/53 111/55/52
f 2655/3433/2655 266/267/232 2656/3435/2656 159/3436/106
f 2655/3437/2655 159/3438/106 113/59/54 112/58/53
f 2656/3435/2656 266/267/232 265/266/231 2657/3439/2657
f 2656/3440/2656 2657/3441/2657 275/3442/242 2658/3443/2658
f 2656/3440/2656 2658/3443/2658 157/3444/104 159/3445/106
f 2658/3446/2658 275/282/242 33/281/241 2659/3447/2659
f 2658/3446/2658 2659/3447/2659 158/119/105 157/118/104
f 2659/3447/2659 33/281/241 281/288/248 2660/3448/2660
f 2659/3449/2659 2660/3450/2660 2661/3451/2661 158/3452/105
f 2661/3451/2661 2660/3450/2660 2662/3453/2662 2663/3454/2663
f 2661/3455/2661 2663/3456/2663 119/66/60 114/65/55
f 2661/3455/2661 114/65/55 113/3457/54 158/3458/105
f 2663/3454/2663 2662/3453/2662 2664/3459/2664 2665/3460/2665
f 2663/3456/2663 2665/3461/2665 2666/3462/2666 119/66/60
f 2666/3462/2666 2665/3461/2665 2667/3463/2667 2668/3464/2668
f 2666/3462/2666 2668/3464/2668 2669/3465/2669 2670/3466/2670
f 2666/3462/2666 2670/3466/2670 115/61/56 119/66/60
f 2670/3466/2670 2669/3465/2669 2202/3467/2202 2200/3468/2200
f 2670/3466/2670 2200/3468/2200 116/62/57 115/61/56
f 2669/3465/2669 2668/3464/2668 2671/3469/2671 2672/3470/2672
f 2669/3465/2669 2672/3470/2672 2673/3471/2673 2202/3467/2202
f 2673/3471/2673 2672/3470/2672 2674/3472/2674 2675/3473/2675
f 2673/3474/2673 2675/3475/2675 2676/3476/2676 2205/3477/2205
f 2673/3478/2673 2205/2875/2205 2203/2873/2203 2202/2872/2202
f 2676/3476/2676 2675/3475/2675 2677/3479/2677 2678/3480/2678
f 2676/3476/2676 2678/3480/2678 2679/3481/2679 2680/3482/2680
f 2676/3483/2676 2680/3484/2680 2206/2876/2206 2205/2875/2205
f 2680/3482/2680 2679/3481/2679 2681/3485/2681 2682/3486/2682
f 2680/3482/2680 2682/3486/2682 2207/3487/2207 2206/3488/2206
f 2682/3486/2682 2681/3485/2681 2683/3489/2683 2684/3490/2684
f 2682/3486/2682 2684/3490/2684 2209/3491/2209 2207/3487/2207
f 2684/3492/2684 2683/3493/2683 2685/3494/2685 2686/3495/2686
f 2684/3492/2684 2686/3495/2686 2211/2884/2211 2209/2881/2209
f 2686/3495/2686 2685/3494/2685 2421/3133/2421 2420/3132/2420
f 2686/3495/2686 2420/3132/2420 2687/3496/2687 2211/2884/2211
f 2687/3496/2687 2214/2889/2214 2212/2885/2212 2211/2884/2211
f 2687/3496/2687 2420/3132/2420 2418/3130/2418 2417/3129/2417
f 2687/3496/2687 2417/3129/2417 2688/3497/2688 2214/2889/2214
f 2688/3497/2688 2218/3498/2218 2215/2890/2215 2214/2889/2214
f 2688/3497/2688 2417/3129/2417 2415/3127/2415 2414/3126/2414
f 2688/3497/2688 2414/3126/2414 2689/3499/2689 2218/3498/2218
f 2689/3500/2689 2223/2899/2223 2219/2895/2219 2218/2894/2218
f 2689/3499/2689 2414/3126/2414 2412/3124/2412 2411/3123/2411
f 2689/3500/2689 2411/3501/2411 2690/3502/2690 2223/2899/2223
f 2690/3502/2690 2228/2904/2228 2224/2900/2224 2223/2899/2223
f 2690/3502/2690 2411/3501/2411 2409/3119/2409 2408/3118/2408
f 2690/3502/2690 2408/3118/2408 2691/3503/2691 2228/2904/2228
f 2691/3503/2691 2233/2909/2233 2229/2905/2229 2228/2904/2228
f 2691/3503/2691 2408/3118/2408 2406/3115/2406 2405/3114/2405
f 2691/3503/2691 2405/3114/2405 2692/3504/2692 2233/2909/2233
f 2692/3504/2692 2238/2914/2238 2234/2910/2234 2233/2909/2233
f 2692/3504/2692 2405/3114/2405 2402/3111/2402 2400/3109/2400
f 2692/3504/2692 2400/3109/2400 2399/3108/2399 2238/2914/2238
f 2685/3494/2685 2683/3493/2683 2693/3505/2693 2694/3506/2694
f 2685/3494/2685 2694/3506/2694 2422/3134/2422 2421/3133/2421
f 2694/3506/2694 2693/3505/2693 2695/3507/2695 2427/3140/2427
f 2694/3506/2694 2427/3140/2427 2424/3136/2424 2422/3134/2422
f 2695/3508/2695 2693/3509/2693 2696/3510/2696 2697/3511/2697
f 2695/3508/2695 2697/3511/2697 2698/3512/2698 2430/3513/2430
f 2695/3507/2695 2430/3514/2430 2428/3141/2428 2427/3140/2427
f 2698/3512/2698 2697/3511/2697 2699/3515/2699 2700/3516/2700
f 2698/3512/2698 2700/3516/2700 2701/3517/2701 2433/3150/2433
f 2698/3512/2698 2433/3150/2433 2431/3149/2431 2430/3513/2430
f 2701/3517/2701 2700/3516/2700 2702/3518/2702 149/109/95
f 2701/3517/2701 149/109/95 12/105/91 2436/3154/2436
f 2701/3517/2701 2436/3154/2436 2434/3151/2434 2433/3150/2433
f 2702/3518/2702 2703/3519/2703 2704/3520/2704 2705/3521/2705
f 2702/3518/2702 2705/3521/2705 150/110/96 149/109/95
f 2702/3518/2702 2700/3516/2700 2699/3515/2699 2703/3519/2703
f 2705/3521/2705 2704/3520/2704 2706/3522/2706 2707/3523/2707
f 2705/3521/2705 2707/3523/2707 2708/3524/2708 150/110/96
f 2708/3524/2708 2707/3523/2707 2709/3525/2709 2710/3526/2710
f 2708/3524/2708 2710/3526/2710 2711/3527/2711 2712/3528/2712
f 2708/3524/2708 2712/3528/2712 146/106/92 150/110/96
f 2712/3528/2712 2711/3527/2711 2713/3529/2713 2714/3530/2714
f 2712/3528/2712 2714/3530/2714 147/107/93 146/106/92
f 2714/3530/2714 2713/3529/2713 2715/3531/2715 2716/3532/2716
f 2714/3530/2714 2716/3532/2716 2717/3533/2717 147/107/93
f 2717/3533/2717 2716/3532/2716 2718/3534/2718 2719/3535/2719
f 2717/3533/2717 2719/3535/2719 145/104/90 144/103/89
f 2717/3533/2717 144/103/89 143/102/88 147/107/93
f 2719/3536/2719 2718/3537/2718 2720/3538/2720 2721/3539/2721
f 2719/3535/2719 2721/3540/2721 2722/3541/2722 145/104/90
f 2722/3542/2722 2721/3539/2721 2723/3543/2723 2724/3544/2724
f 2722/3542/2722 2724/3544/2724 2445/3545/2445 2725/3546/2725
f 2722/3541/2722 2725/3547/2725 140/99/85 145/104/90
f 2725/3547/2725 2445/3548/2445 2442/3164/2442 2441/3163/2441
f 2725/3547/2725 2441/3163/2441 141/100/86 140/99/85
f 2724/3544/2724 2723/3543/2723 2726/3549/2726 2727/3550/2727
f 2724/3544/2724 2727/3550/2727 2446/3551/2446 2445/3545/2445
f 2727/3550/2727 2726/3549/2726 2728/3552/2728 2729/3553/2729
f 2727/3550/2727 2729/3553/2729 2447/3554/2447 2446/3551/2446
f 2729/3553/2729 2728/3552/2728 2730/3555/2730 2731/3556/2731
f 2729/3553/2729 2731/3556/2731 2449/3557/2449 2447/3554/2447
f 2731/3556/2731 2730/3555/2730 2732/3558/2732 2733/3559/2733
f 2731/3560/2731 2733/3561/2733 88/3562/25 2449/3179/2449
f 2733/3559/2733 2732/3558/2732 2734/3563/2734 2735/3564/2735
f 2733/3561/2733 2735/3565/2735 85/3566/22 88/3562/25
f 2735/3564/2735 2734/3563/2734 2736/3567/2736 2737/3568/2737
f 2735/3565/2735 2737/3569/2737 86/3570/23 85/3566/22
f 2737/3571/2737 2736/3572/2736 2738/3573/2738 2739/3574/2739
f 2737/3571/2737 2739/3574/2739 2740/3575/2740 86/3576/23
f 2740/3575/2740 2739/3574/2739 2741/3577/2741 2742/3578/2742
f 2740/3579/2740 2742/3580/2742 2743/3581/2743 2744/3582/2744
f 2740/3579/2740 2744/3582/2744 83/26/20 86/25/23
f 2744/3582/2744 2743/3581/2743 2745/3583/2745 2746/3584/2746
f 2744/3585/2744 2746/3586/2746 84/22/21 83/21/20
f 2746/3584/2746 2745/3583/2745 2747/3587/2747 2748/3588/2748
f 2746/3584/2746 2748/3588/2748 2749/3589/2749 84/3590/21
f 2749/3589/2749 2750/3591/2750 80/17/17 84/3590/21
f 2749/3589/2749 2748/3588/2748 2751/3592/2751 2752/3593/2752
f 2749/3589/2749 2752/3593/2752 2753/3594/2753 2750/3591/2750
f 2753/3594/2753 2754/3595/2754 2755/3596/2755 2750/3591/2750
f 2753/3594/2753 2752/3593/2752 2756/3597/2756 2757/3598/2757
f 2753/3594/2753 2757/3598/2757 2758/3599/2758 2754/3595/2754
f 2758/3600/2758 2759/3601/2759 2468/3202/2468 2754/3602/2754
f 2758/3599/2758 2757/3598/2757 2760/3603/2760 2761/3604/2761
f 2758/3600/2758 2761/3605/2761 2762/3606/2762 2759/3601/2759
f 2762/3606/2762 2763/3607/2763 2472/3206/2472 2759/3601/2759
f 2762/3606/2762 2761/3605/2761 2764/3608/2764 2765/3609/2765
f 2762/3606/2762 2765/3609/2765 2766/3610/2766 2763/3607/2763
f 2766/3610/2766 2767/3611/2767 2477/3211/2477 2763/3607/2763
f 2766/3610/2766 2765/3609/2765 2768/3612/2768 2769/3613/2769
f 2766/3610/2766 2769/3613/2769 2770/3614/2770 2767/3611/2767
f 2770/3614/2770 2771/3615/2771 2482/3216/2482 2767/3611/2767
f 2770/3614/2770 2769/3613/2769 2594/3350/2594 2592/3348/2592
f 2770/3614/2770 2592/3348/2592 2590/3346/2590 2771/3615/2771
f 2771/3615/2771 2487/3223/2487 2483/3217/2483 2482/3216/2482
f 2771/3615/2771 2590/3346/2590 2588/3344/2588 2487/3223/2487
f 2769/3613/2769 2768/3612/2768 2596/3352/2596 2594/3350/2594
f 2768/3612/2768 2765/3609/2765 2764/3608/2764 2772/3616/2772
f 2768/3612/2768 2772/3616/2772 2773/3617/2773 2596/3352/2596
f 2773/3618/2773 2772/3619/2772 2774/3620/2774 2775/3621/2775
f 2773/3618/2773 2775/3621/2775 2608/3370/2608 2599/3622/2599
f 2773/3617/2773 2599/3355/2599 2597/3353/2597 2596/3352/2596
f 2775/3621/2775 2774/3620/2774 2776/3623/2776 2611/3373/2611
f 2775/3621/2775 2611/3373/2611 2609/3371/2609 2608/3370/2608
f 2776/3623/2776 2774/3620/2774 2777/3624/2777 2778/3625/2778
f 2776/3623/2776 2778/3625/2778 2779/3626/2779 2614/3376/2614
f 2776/3623/2776 2614/3376/2614 2612/3374/2612 2611/3373/2611
f 2779/3626/2779 2778/3625/2778 2780/3627/2780 2781/3628/2781
f 2779/3626/2779 2781/3628/2781 2782/3629/2782 2617/3379/2617
f 2779/3626/2779 2617/3379/2617 2615/3377/2615 2614/3376/2614
f 2782/3629/2782 2781/3628/2781 2783/3630/2783 2784/3631/2784
f 2782/3629/2782 2784/3631/2784 2785/3632/2785 2620/3382/2620
f 2782/3629/2782 2620/3382/2620 2618/3380/2618 2617/3379/2617
f 2785/3632/2785 2784/3631/2784 2786/3633/2786 2787/3634/2787
f 2785/3632/2785 2787/3634/2787 2788/3635/2788 2623/3386/2623
f 2785/3632/2785 2623/3386/2623 2621/3383/2621 2620/3382/2620
f 2788/3635/2788 2787/3634/2787 2789/3636/2789 2790/3637/2790
f 2788/3635/2788 2790/3637/2790 2791/3638/2791 2626/3639/2626
f 2788/3635/2788 2626/3639/2626 2624/3387/2624 2623/3386/2623
f 2791/3638/2791 2790/3637/2790 2792/3640/2792 2793/3641/2793
f 2791/3638/2791 2793/3641/2793 2794/3642/2794 2629/3643/2629
f 2791/3644/2791 2629/3394/2629 2627/3392/2627 2626/3391/2626
f 2794/3645/2794 2793/3646/2793 2795/3647/2795 2796/3648/2796
f 2794/3645/2794 2796/3648/2796 2634/3401/2634 2632/3400/2632
f 2794/3649/2794 2632/3397/2632 2630/3395/2630 2629/3394/2629
f 2796/3648/2796 2795/3647/2795 2797/3650/2797 2798/3651/2798
f 2796/3648/2796 2798/3651/2798 2636/3403/2636 2634/3401/2634
f 2798/3651/2798 2797/3650/2797 2799/3652/2799 2800/3653/2800
f 2798/3651/2798 2800/3653/2800 2638/3405/2638 2636/3403/2636
f 2800/3653/2800 2799/3652/2799 2801/3654/2801 2802/3655/2802
f 2800/3653/2800 2802/3655/2802 2640/3408/2640 2638/3405/2638
f 2802/3655/2802 2801/3654/2801 2803/3656/2803 2804/3657/2804
f 2802/3655/2802 2804/3657/2804 2805/3658/2805 2640/3408/2640
f 2805/3658/2805 2804/3657/2804 2806/3659/2806 2807/3660/2807
f 2805/3658/2805 2807/3660/2807 2808/3661/2808 2643/3411/2643
f 2805/3658/2805 2643/3411/2643 2641/3409/2641 2640/3408/2640
f 2808/3661/2808 2807/3660/2807 2809/3662/2809 2810/3663/2810
f 2808/3661/2808 2810/3663/2810 2811/3664/2811 2646/3665/2646
f 2808/3661/2808 2646/3665/2646 2644/3412/2644 2643/3411/2643
f 2811/3664/2811 2810/3663/2810 2812/3666/2812 2813/3667/2813
f 2811/3668/2811 2813/3669/2813 2814/3670/2814 2815/3671/2815
f 2811/3672/2811 2815/3673/2815 2647/3419/2647 2646/3418/2646
f 2815/3671/2815 2814/3670/2814 2816/3674/2816 2652/3675/2652
f 2815/3673/2815 2652/3427/2652 2648/3420/2648 2647/3419/2647
f 2816/3674/2816 2814/3670/2814 2817/3676/2817 2818/3677/2818
f 2816/3674/2816 2818/3677/2818 264/264/230 263/263/229
f 2816/3674/2816 263/263/229 2653/3431/2653 2652/3675/2652
f 2818/3677/2818 2817/3676/2817 2819/3678/2819 2820/3679/2820
f 2818/3677/2818 2820/3679/2820 267/269/233 264/264/230
f 2820/3680/2820 2819/3681/2819 2821/3682/2821 2822/3683/2822
f 2820/3680/2820 2822/3683/2822 2823/3684/2823 267/3685/233
f 2823/3684/2823 2822/3683/2822 2824/3686/2824 2825/3687/2825
f 2823/3684/2823 2825/3687/2825 2826/3688/2826 2827/3689/2827
f 2823/3684/2823 2827/3689/2827 268/3690/234 267/3685/233
f 2827/3691/2827 2826/3692/2826 2828/3693/2828 2829/3694/2829
f 2827/3691/2827 2829/3694/2829 269/272/235 268/271/234
f 2829/3694/2829 2828/3693/2828 2830/3695/2830 2831/3696/2831
f 2829/3694/2829 2831/3696/2831 2832/3697/2832 269/272/235
f 2832/3697/2832 2831/3696/2831 2833/3698/2833 2834/3699/2834
f 2832/3697/2832 2834/3699/2834 2835/3700/2835 2836/3701/2836
f 2832/3697/2832 2836/3701/2836 270/273/236 269/272/235
f 2836/3701/2836 2835/3700/2835 2837/3702/2837 2838/3703/2838
f 2836/3701/2836 2838/3703/2838 271/274/237 270/273/236
f 2838/3703/2838 2837/3702/2837 2839/3704/2839 2840/3705/2840
f 2838/3703/2838 2840/3705/2840 2841/3706/2841 271/274/237
f 2841/3706/2841 2657/3439/2657 265/266/231 271/274/237
f 2841/3707/2841 2840/3708/2840 2842/3709/2842 276/3710/243
f 2841/3707/2841 276/3710/243 275/3442/242 2657/3441/2657
f 2842/3709/2842 2840/3708/2840 2839/3711/2839 2843/3712/2843
f 2842/3713/2842 2843/3714/2843 2844/3715/2844 2845/3716/2845
f 2842/3713/2842 2845/3716/2845 277/284/244 276/283/243
f 2845/3716/2845 2844/3715/2844 2846/3717/2846 2847/3718/2847
f 2845/3716/2845 2847/3718/2847 278/285/245 277/284/244
f 2847/3718/2847 2846/3717/2846 2848/3719/2848 2849/3720/2849
f 2847/3718/2847 2849/3720/2849 2850/3721/2850 278/285/245
f 2850/3721/2850 2849/3720/2849 2851/3722/2851 2852/3723/2852
f 2850/3721/2850 2852/3723/2852 2853/3724/2853 2854/3725/2854
f 2850/3721/2850 2854/3725/2854 279/286/246 278/285/245
f 2854/3725/2854 2853/3724/2853 2855/3726/2855 2856/3727/2856
f 2854/3725/2854 2856/3727/2856 280/287/247 279/286/246
f 2856/3728/2856 2855/3729/2855 2857/3730/2857 2858/3731/2858
f 2856/3728/2856 2858/3731/2858 2859/3732/2859 280/3733/247
f 2859/3732/2859 2858/3731/2858 2860/3734/2860 2861/3735/2861
f 2859/3736/2859 2861/3737/2861 2862/3738/2862 2863/3739/2863
f 2859/3736/2859 2863/3739/2863 281/3740/248 280/3741/247
f 2863/3739/2863 2862/3738/2862 2664/3459/2664 2662/3453/2662
f 2863/3739/2863 2662/3453/2662 2660/3450/2660 281/3740/248
f 2862/3738/2862 2861/3737/2861 2864/3742/2864 2865/3743/2865
f 2862/3738/2862 2865/3743/2865 2866/3744/2866 2664/3459/2664
f 2866/3744/2866 2865/3743/2865 2867/3745/2867 2868/3746/2868
f 2866/3747/2866 2868/3748/2868 2869/3749/2869 2667/3463/2667
f 2866/3747/2866 2667/3463/2667 2665/3461/2665 2664/3750/2664
f 2869/3751/2869 2868/3752/2868 2870/3753/2870 2871/3754/2871
f 2869/3751/2869 2871/3754/2871 2872/3755/2872 2671/3756/2671
f 2869/3749/2869 2671/3469/2671 2668/3464/2668 2667/3463/2667
f 2872/3755/2872 2871/3754/2871 2873/3757/2873 2874/3758/2874
f 2872/3755/2872 2874/3758/2874 2875/3759/2875 2674/3760/2674
f 2872/3761/2872 2674/3472/2674 2672/3470/2672 2671/3469/2671
f 2875/3759/2875 2874/3758/2874 2876/3762/2876 2877/3763/2877
f 2875/3759/2875 2877/3763/2877 2878/3764/2878 2677/3479/2677
f 2875/3759/2875 2677/3479/2677 2675/3475/2675 2674/3760/2674
f 2878/3764/2878 2877/3763/2877 2706/3522/2706 2704/3520/2704
f 2878/3764/2878 2704/3520/2704 2703/3519/2703 2879/3765/2879
f 2878/3764/2878 2879/3765/2879 2678/3480/2678 2677/3479/2677
f 2879/3765/2879 2703/3519/2703 2699/3515/2699 2880/3766/2880
f 2879/3765/2879 2880/3766/2880 2679/3481/2679 2678/3480/2678
f 2880/3766/2880 2699/3515/2699 2697/3511/2697 2696/3510/2696
f 2880/3766/2880 2696/3510/2696 2681/3485/2681 2679/3481/2679
f 2877/3763/2877 2876/3762/2876 2881/3767/2881 2706/3522/2706
f 2881/3767/2881 2876/3762/2876 2882/3768/2882 2883/3769/2883
f 2881/3767/2881 2883/3769/2883 2884/3770/2884 2709/3525/2709
f 2881/3767/2881 2709/3525/2709 2707/3523/2707 2706/3522/2706
f 2884/3770/2884 2883/3769/2883 2885/3771/2885 2886/3772/2886
f 2884/3770/2884 2886/3772/2886 2887/3773/2887 2888/3774/2888
f 2884/3770/2884 2888/3774/2888 2710/3526/2710 2709/3525/2709
f 2888/3774/2888 2887/3773/2887 2889/3775/2889 2890/3776/2890
f 2888/3774/2888 2890/3776/2890 2711/3527/2711 2710/3526/2710
f 2890/3776/2890 2889/3775/2889 2891/3777/2891 2892/3778/2892
f 2890/3776/2890 2892/3778/2892 2713/3529/2713 2711/3527/2711
f 2892/3779/2892 2891/3780/2891 2893/3781/2893 2894/3782/2894
f 2892/3783/2892 2894/3784/2894 2715/3785/2715 2713/3786/2713
f 2894/3782/2894 2893/3781/2893 2895/3787/2895 2896/3788/2896
f 2894/3784/2894 2896/3789/2896 2897/3790/2897 2715/3785/2715
f 2897/3790/2897 2896/3789/2896 224/3791/181 223/3792/180
f 2897/3793/2897 223/202/180 2720/3538/2720 2718/3537/2718
f 2897/3790/2897 2718/3794/2718 2716/3795/2716 2715/3785/2715
f 2896/3788/2896 2895/3787/2895 2898/3796/2898 224/203/181
f 2898/3796/2898 2895/3787/2895 2899/3797/2899 2900/3798/2900
f 2898/3796/2898 2900/3798/2900 2901/3799/2901 272/275/238
f 2898/3796/2898 272/275/238 225/204/182 224/203/181
f 2901/3799/2901 2900/3798/2900 2902/3800/2902 2903/3801/2903
f 2901/3799/2901 2903/3801/2903 291/3802/260 290/3803/259
f 2901/3799/2901 290/3803/259 273/276/239 272/275/238
f 2903/3801/2903 2902/3800/2902 2904/3804/2904 2905/3805/2905
f 2903/3801/2903 2905/3805/2905 2906/3806/2906 291/3802/260
f 2906/3806/2906 2905/3805/2905 2907/3807/2907 2908/3808/2908
f 2906/3809/2906 2908/3810/2908 2909/3811/2909 2910/3812/2910
f 2906/3809/2906 2910/3812/2910 292/301/261 291/300/260
f 2910/3812/2910 2909/3811/2909 2911/3813/2911 2912/3814/2912
f 2910/3812/2910 2912/3814/2912 293/302/262 292/301/261
f 2912/3814/2912 2911/3813/2911 2913/3815/2913 2914/3816/2914
f 2912/3814/2912 2914/3816/2914 2915/3817/2915 293/302/262
f 2915/3817/2915 2914/3816/2914 2916/3818/2916 2917/3819/2917
f 2915/3817/2915 2917/3819/2917 2918/3820/2918 2919/3821/2919
f 2915/3817/2915 2919/3821/2919 294/303/263 293/302/262
f 2919/3821/2919 2918/3820/2918 2920/3822/2920 2921/3823/2921
f 2919/3821/2919 2921/3823/2921 295/304/264 294/303/263
f 2921/3824/2921 2920/3825/2920 2922/3826/2922 2923/3827/2923
f 2921/3824/2921 2923/3827/2923 2924/3828/2924 295/3829/264
f 2924/3830/2924 2923/3831/2923 286/294/254 285/293/253
f 2924/3830/2924 285/293/253 288/296/256 2925/3832/2925
f 2924/3828/2924 2925/3833/2925 296/3834/265 295/3829/264
f 2925/3832/2925 288/296/256 29/252/216 2926/3835/2926
f 2925/3833/2925 2926/3836/2926 2927/3837/2927 296/3834/265
f 2923/3831/2923 2922/3838/2922 2928/3839/2928 286/294/254
f 2928/3839/2928 2837/3702/2837 2835/3700/2835 2929/3840/2929
f 2928/3839/2928 2929/3840/2929 287/295/255 286/294/254
f 2928/3839/2928 2922/3838/2922 2839/3704/2839 2837/3702/2837
f 2929/3840/2929 2835/3700/2835 2834/3699/2834 2930/3841/2930
f 2929/3840/2929 2930/3841/2930 289/297/257 287/295/255
f 2930/3841/2930 2834/3699/2834 2833/3698/2833 2931/3842/2931
f 2930/3841/2930 2931/3842/2931 2932/3843/2932 289/297/257
f 2932/3843/2932 2931/3842/2931 2933/3844/2933 2934/3845/2934
f 2932/3843/2932 2934/3845/2934 2935/3846/2935 2936/3847/2936
f 2932/3843/2932 2936/3847/2936 283/291/251 289/297/257
f 2936/3847/2936 2935/3846/2935 2937/3848/2937 2938/3849/2938
f 2936/3847/2936 2938/3849/2938 284/292/252 283/291/251
f 2938/3849/2938 2937/3848/2937 2939/3850/2939 2940/3851/2940
f 2938/3849/2938 2940/3851/2940 2941/3852/2941 284/292/252
f 2941/3853/2941 2940/3854/2940 2942/3855/2942 2943/3856/2943
f 2941/3853/2941 2943/3856/2943 2944/3857/2944 2945/3858/2945
f 2941/3852/2941 2945/3859/2945 282/290/250 284/292/252
f 2945/3858/2945 2944/3857/2944 2946/3860/2946 261/3861/226
f 2945/3859/2945 261/260/226 260/259/225 282/290/250
f 2946/3860/2946 2944/3857/2944 2947/3862/2947 2948/3863/2948
f 2946/3860/2946 2948/3863/2948 2949/3864/2949 2950/3865/2950
f 2946/3860/2946 2950/3865/2950 258/3866/223 261/3861/226
f 2950/3865/2950 2949/3864/2949 2951/3867/2951 2952/3868/2952
f 2950/3869/2950 2952/3870/2952 257/3871/221 258/3872/223
f 2952/3868/2952 2951/3867/2951 2953/3873/2953 2954/3874/2954
f 2952/3875/2952 2954/3876/2954 253/255/217 257/254/221
f 2954/3874/2954 2953/3873/2953 2955/3877/2955 2956/3878/2956
f 2954/3874/2954 2956/3878/2956 254/250/218 253/249/217
f 2956/3878/2956 2955/3877/2955 181/146/131 229/210/188
f 2956/3878/2956 229/210/188 228/209/187 254/250/218
f 2955/3877/2955 2953/3873/2953 134/94/78 139/93/82
f 2955/3877/2955 139/93/82 179/144/129 181/146/131
f 2953/3873/2953 2951/3867/2951 135/3879/79 134/94/78
f 2951/3880/2951 2949/3881/2949 2957/3882/2957 135/90/79
f 2957/3883/2957 2949/3864/2949 2948/3863/2948 2958/3884/2958
f 2957/3883/2957 2958/3884/2958 2959/3885/2959 2960/3886/2960
f 2957/3882/2957 2960/3887/2960 136/91/80 135/90/79
f 2960/3886/2960 2959/3885/2959 2961/3888/2961 2962/3889/2962
f 2960/3887/2960 2962/3890/2962 2963/3891/2963 136/91/80
f 2963/3892/2963 2962/3893/2962 2964/3894/2964 2965/3895/2965
f 2963/3892/2963 2965/3895/2965 2966/3896/2966 2967/3897/2967
f 2963/3891/2963 2967/3898/2967 137/96/83 136/91/80
f 2967/3897/2967 2966/3896/2966 2968/3899/2968 2969/3900/2969
f 2967/3897/2967 2969/3900/2969 2738/3573/2738 137/3901/83
f 2969/3900/2969 2968/3899/2968 2970/3902/2970 2741/3577/2741
f 2969/3900/2969 2741/3577/2741 2739/3574/2739 2738/3573/2738
f 2970/3902/2970 2968/3899/2968 2971/3903/2971 2972/3904/2972
f 2970/3902/2970 2972/3904/2972 2973/3905/2973 2974/3906/2974
f 2970/3902/2970 2974/3906/2974 2742/3578/2742 2741/3577/2741
f 2974/3906/2974 2973/3905/2973 2975/3907/2975 2976/3908/2976
f 2974/3909/2974 2976/3910/2976 2743/3581/2743 2742/3580/2742
f 2976/3908/2976 2975/3907/2975 2792/3911/2792 2977/3912/2977
f 2976/3908/2976 2977/3912/2977 2745/3913/2745 2743/3914/2743
f 2977/3915/2977 2792/3640/2792 2790/3637/2790 2789/3636/2789
f 2977/3915/2977 2789/3636/2789 2747/3587/2747 2745/3583/2745
f 2975/3907/2975 2973/3905/2973 2797/3650/2797 2795/3647/2795
f 2975/3907/2975 2795/3647/2795 2793/3646/2793 2792/3911/2792
f 2973/3905/2973 2972/3904/2972 2799/3652/2799 2797/3650/2797
f 2972/3904/2972 2971/3903/2971 2801/3654/2801 2799/3652/2799
f 2971/3903/2971 2968/3899/2968 2966/3896/2966 2978/3916/2978
f 2971/3903/2971 2978/3916/2978 2803/3656/2803 2801/3654/2801
f 2978/3916/2978 2966/3896/2966 2965/3895/2965 2979/3917/2979
f 2978/3916/2978 2979/3917/2979 2980/3918/2980 2803/3656/2803
f 2980/3918/2980 2979/3917/2979 2981/3919/2981 2982/3920/2982
f 2980/3918/2980 2982/3920/2982 2983/3921/2983 2806/3659/2806
f 2980/3918/2980 2806/3659/2806 2804/3657/2804 2803/3656/2803
f 2983/3921/2983 2982/3920/2982 2984/3922/2984 2985/3923/2985
f 2983/3921/2983 2985/3923/2985 2986/3924/2986 2809/3662/2809
f 2983/3921/2983 2809/3662/2809 2807/3660/2807 2806/3659/2806
f 2986/3924/2986 2985/3923/2985 2987/3925/2987 2988/3926/2988
f 2986/3924/2986 2988/3926/2988 2989/3927/2989 2812/3666/2812
f 2986/3924/2986 2812/3666/2812 2810/3663/2810 2809/3662/2809
f 2989/3927/2989 2988/3926/2988 2990/3928/2990 2991/3929/2991
f 2989/3930/2989 2991/3931/2991 2992/3932/2992 2993/3933/2993
f 2989/3930/2989 2993/3933/2993 2813/3669/2813 2812/3934/2812
f 2993/3933/2993 2992/3932/2992 2819/3678/2819 2817/3676/2817
f 2993/3933/2993 2817/3676/2817 2814/3670/2814 2813/3669/2813
f 2992/3935/2992 2991/3929/2991 2994/3936/2994 2995/3937/2995
f 2992/3938/2992 2995/3939/2995 2821/3682/2821 2819/3681/2819
f 2995/3937/2995 2994/3936/2994 2996/3940/2996 2997/3941/2997
f 2995/3939/2995 2997/3942/2997 2998/3943/2998 2821/3682/2821
f 2998/3944/2998 2997/3945/2997 2999/3946/2999 3000/3947/3000
f 2998/3944/2998 3000/3947/3000 3001/3948/3001 2824/3949/2824
f 2998/3943/2998 2824/3686/2824 2822/3683/2822 2821/3682/2821
f 3001/3948/3001 3000/3947/3000 3002/3950/3002 3003/3951/3003
f 3001/3948/3001 3003/3951/3003 3004/3952/3004 3005/3953/3005
f 3001/3948/3001 3005/3953/3005 2825/3954/2825 2824/3949/2824
f 3005/3953/3005 3004/3952/3004 3006/3955/3006 3007/3956/3007
f 3005/3953/3005 3007/3956/3007 2826/3957/2826 2825/3954/2825
f 3007/3958/3007 3006/3959/3006 3008/3960/3008 3009/3961/3009
f 3007/3958/3007 3009/3961/3009 2828/3693/2828 2826/3692/2826
f 3009/3961/3009 3008/3960/3008 3010/3962/3010 3011/3963/3011
f 3009/3961/3009 3011/3963/3011 2830/3695/2830 2828/3693/2828
f 3011/3963/3011 3010/3962/3010 3012/3964/3012 3013/3965/3013
f 3011/3963/3011 3013/3965/3013 3014/3966/3014 2830/3695/2830
f 3014/3966/3014 3013/3965/3013 3015/3967/3015 2933/3844/2933
f 3014/3966/3014 2933/3844/2933 2931/3842/2931 2833/3698/2833
f 3014/3966/3014 2833/3698/2833 2831/3696/2831 2830/3695/2830
f 3015/3967/3015 3013/3965/3013 3012/3964/3012 3016/3968/3016
f 3015/3967/3015 3016/3968/3016 3017/3969/3017 3018/3970/3018
f 3015/3967/3015 3018/3970/3018 2934/3845/2934 2933/3844/2933
f 3018/3970/3018 3017/3969/3017 3019/3971/3019 3020/3972/3020
f 3018/3970/3018 3020/3972/3020 2935/3846/2935 2934/3845/2934
f 3020/3972/3020 3019/3971/3019 3021/3973/3021 3022/3974/3022
f 3020/3972/3020 3022/3974/3022 2937/3848/2937 2935/3846/2935
f 3022/3974/3022 3021/3973/3021 3023/3975/3023 3024/3976/3024
f 3022/3974/3022 3024/3976/3024 2939/3850/2939 2937/3848/2937
f 3024/3977/3024 3023/3978/3023 3025/3979/3025 3026/3980/3026
f 3024/3977/3024 3026/3980/3026 3027/3981/3027 2939/3982/2939
f 3027/3981/3027 3026/3980/3026 3028/3983/3028 3029/3984/3029
f 3027/3981/3027 3029/3984/3029 3030/3985/3030 2942/3855/2942
f 3027/3981/3027 2942/3855/2942 2940/3854/2940 2939/3982/2939
f 3030/3985/3030 3029/3984/3029 3031/3986/3031 3032/3987/3032
f 3030/3985/3030 3032/3987/3032 3033/3988/3033 3034/3989/3034
f 3030/3985/3030 3034/3989/3034 2943/3856/2943 2942/3855/2942
f 3034/3989/3034 3033/3988/3033 3035/3990/3035 2947/3862/2947
f 3034/3989/3034 2947/3862/2947 2944/3857/2944 2943/3856/2943
f 3035/3990/3035 3033/3988/3033 3036/3991/3036 3037/3992/3037
f 3035/3990/3035 3037/3992/3037 2959/3885/2959 2958/3884/2958
f 3035/3990/3035 2958/3884/2958 2948/3863/2948 2947/3862/2947
f 3037/3992/3037 3036/3991/3036 3038/3993/3038 3039/3994/3039
f 3037/3992/3037 3039/3994/3039 2961/3888/2961 2959/3885/2959
f 3039/3995/3039 3038/3996/3038 3040/3997/3040 3041/3998/3041
f 3039/3994/3039 3041/3999/3041 3042/4000/3042 2961/3888/2961
f 3042/4001/3042 3041/3998/3041 3043/4002/3043 3044/4003/3044
f 3042/4001/3042 3044/4003/3044 2981/3919/2981 2964/3894/2964
f 3042/4001/3042 2964/3894/2964 2962/3893/2962 2961/4004/2961
f 3044/4003/3044 3043/4002/3043 3045/4005/3045 2984/3922/2984
f 3044/4003/3044 2984/3922/2984 2982/3920/2982 2981/3919/2981
f 3045/4005/3045 3043/4002/3043 3046/4006/3046 3047/4007/3047
f 3045/4005/3045 3047/4007/3047 3048/4008/3048 2987/3925/2987
f 3045/4005/3045 2987/3925/2987 2985/3923/2985 2984/3922/2984
f 3048/4008/3048 3047/4007/3047 3049/4009/3049 3050/4010/3050
f 3048/4008/3048 3050/4010/3050 3051/4011/3051 2990/3928/2990
f 3048/4008/3048 2990/3928/2990 2988/3926/2988 2987/3925/2987
f 3051/4011/3051 3050/4010/3050 3052/4012/3052 3053/4013/3053
f 3051/4011/3051 3053/4013/3053 2996/3940/2996 2994/3936/2994
f 3051/4011/3051 2994/3936/2994 2991/3929/2991 2990/3928/2990
f 3053/4013/3053 3052/4012/3052 3054/4014/3054 3055/4015/3055
f 3053/4013/3053 3055/4015/3055 3056/4016/3056 2996/3940/2996
f 3056/4016/3056 3055/4015/3055 3057/4017/3057 3058/4018/3058
f 3056/4019/3056 3058/4020/3058 3059/4021/3059 2999/3946/2999
f 3056/4019/3056 2999/3946/2999 2997/3945/2997 2996/4022/2996
f 3059/4023/3059 3058/4018/3058 3060/4024/3060 3061/4025/3061
f 3059/4021/3059 3061/4026/3061 3062/4027/3062 3002/3950/3002
f 3059/4021/3059 3002/3950/3002 3000/3947/3000 2999/3946/2999
f 3062/4028/3062 3061/4029/3061 3063/4030/3063 3064/4031/3064
f 3062/4028/3062 3064/4031/3064 3065/4032/3065 3066/4033/3066
f 3062/4027/3062 3066/4034/3066 3003/3951/3003 3002/3950/3002
f 3066/4033/3066 3065/4032/3065 3067/4035/3067 3068/4036/3068
f 3066/4034/3066 3068/4037/3068 3004/3952/3004 3003/3951/3003
f 3068/4036/3068 3067/4035/3067 3069/4038/3069 3070/4039/3070
f 3068/4037/3068 3070/4040/3070 3006/3955/3006 3004/3952/3004
f 3070/4039/3070 3069/4038/3069 3071/4041/3071 3072/4042/3072
f 3070/4043/3070 3072/4044/3072 3008/3960/3008 3006/3959/3006
f 3072/4044/3072 3071/4045/3071 3073/4046/3073 3074/4047/3074
f 3072/4044/3072 3074/4047/3074 3010/3962/3010 3008/3960/3008
f 3074/4047/3074 3073/4046/3073 3075/4048/3075 3076/4049/3076
f 3074/4047/3074 3076/4049/3076 3012/3964/3012 3010/3962/3010
f 3076/4049/3076 3075/4048/3075 3077/4050/3077 3078/4051/3078
f 3076/4049/3076 3078/4051/3078 3016/3968/3016 3012/3964/3012
f 3078/4051/3078 3077/4050/3077 3079/4052/3079 3080/4053/3080
f 3078/4051/3078 3080/4053/3080 3017/3969/3017 3016/3968/3016
f 3080/4053/3080 3079/4052/3079 3081/4054/3081 3082/4055/3082
f 3080/4053/3080 3082/4055/3082 3019/3971/3019 3017/3969/3017
f 3082/4055/3082 3081/4054/3081 3083/4056/3083 3084/4057/3084
f 3082/4055/3082 3084/4057/3084 3021/3973/3021 3019/3971/3019
f 3084/4057/3084 3083/4056/3083 3085/4058/3085 3086/4059/3086
f 3084/4057/3084 3086/4059/3086 3023/3975/3023 3021/3973/3021
f 3086/4060/3086 3085/4061/3085 3087/4062/3087 3088/4063/3088
f 3086/4059/3086 3088/4064/3088 3025/4065/3025 3023/3975/3023
f 3088/4066/3088 3087/4067/3087 3089/4068/3089 3090/4069/3090
f 3088/4066/3088 3090/4069/3090 3091/4070/3091 3025/3979/3025
f 3091/4070/3091 3090/4069/3090 3092/4071/3092 3093/4072/3093
f 3091/4070/3091 3093/4072/3093 3094/4073/3094 3028/3983/3028
f 3091/4070/3091 3028/3983/3028 3026/3980/3026 3025/3979/3025
f 3094/4073/3094 3093/4072/3093 3095/4074/3095 3096/4075/3096
f 3094/4073/3094 3096/4075/3096 3097/4076/3097 3031/3986/3031
f 3094/4073/3094 3031/3986/3031 3029/3984/3029 3028/3983/3028
f 3097/4077/3097 3096/4078/3096 3098/4079/3098 3099/4080/3099
f 3097/4076/3097 3099/4081/3099 3100/4082/3100 3101/4083/3101
f 3097/4076/3097 3101/4083/3101 3032/3987/3032 3031/3986/3031
f 3101/4083/3101 3100/4082/3100 3038/3993/3038 3036/3991/3036
f 3101/4083/3101 3036/3991/3036 3033/3988/3033 3032/3987/3032
f 3100/4084/3100 3099/4080/3099 3102/4085/3102 3103/4086/3103
f 3100/4084/3100 3103/4086/3103 3040/3997/3040 3038/3996/3038
f 3103/4086/3103 3102/4085/3102 3104/4087/3104 3105/4088/3105
f 3103/4086/3103 3105/4088/3105 3046/4006/3046 3040/3997/3040
f 3105/4088/3105 3104/4087/3104 3106/4089/3106 3049/4009/3049
f 3105/4088/3105 3049/4009/3049 3047/4007/3047 3046/4006/3046
f 3106/4089/3106 3104/4087/3104 3107/4090/3107 3108/4091/3108
f 3106/4089/3106 3108/4091/3108 3054/4014/3054 3052/4012/3052
f 3106/4089/3106 3052/4012/3052 3050/4010/3050 3049/4009/3049
f 3108/4091/3108 3107/4090/3107 3109/4092/3109 3110/4093/3110
f 3108/4091/3108 3110/4093/3110 3111/4094/3111 3054/4014/3054
f 3111/4094/3111 3110/4093/3110 3112/4095/3112 3113/4096/3113
f 3111/4094/3111 3113/4096/3113 3114/4097/3114 3057/4017/3057
f 3111/4094/3111 3057/4017/3057 3055/4015/3055 3054/4014/3054
f 3114/4097/3114 3113/4096/3113 3115/4098/3115 3116/4099/3116
f 3114/4097/3114 3116/4099/3116 3117/4100/3117 3060/4024/3060
f 3114/4097/3114 3060/4024/3060 3058/4018/3058 3057/4017/3057
f 3117/4100/3117 3116/4099/3116 364/407/345 3118/4101/3118
f 3117/4100/3117 3118/4101/3118 3119/4102/3119 3063/4103/3063
f 3117/4100/3117 3063/4103/3063 3061/4025/3061 3060/4024/3060
f 3119/4102/3119 3118/4101/3118 3120/4104/3120 3121/4105/3121
f 3119/4106/3119 3121/4107/3121 3122/4108/3122 3123/4109/3123
f 3119/4110/3119 3123/4111/3123 3064/4031/3064 3063/4030/3063
f 3123/4111/3123 3122/4112/3122 3124/4113/3124 3125/4114/3125
f 3123/4111/3123 3125/4114/3125 3065/4032/3065 3064/4031/3064
f 3125/4114/3125 3124/4113/3124 3126/4115/3126 3127/4116/3127
f 3125/4114/3125 3127/4116/3127 3067/4035/3067 3065/4032/3065
f 3127/4116/3127 3126/4115/3126 3128/4117/3128 3129/4118/3129
f 3127/4116/3127 3129/4118/3129 3069/4038/3069 3067/4035/3067
f 3129/4119/3129 3128/4120/3128 3130/4121/3130 3131/4122/3131
f 3129/4118/3129 3131/4123/3131 3071/4041/3071 3069/4038/3069
f 3131/4122/3131 3130/4121/3130 3132/4124/3132 3133/4125/3133
f 3131/4122/3131 3133/4125/3133 3073/4046/3073 3071/4045/3071
f 3133/4125/3133 3132/4124/3132 393/443/378 392/442/377
f 3133/4125/3133 392/442/377 3075/4048/3075 3073/4046/3073
f 3132/4124/3132 3130/4121/3130 388/439/372 390/438/374
f 3132/4124/3132 390/438/374 394/444/379 393/443/378
f 3130/4121/3130 3128/4120/3128 389/4126/373 388/439/372
f 3128/4127/3128 3126/4128/3126 3134/4129/3134 389/436/373
f 3134/4129/3134 3135/4130/3135 3136/4131/3136 3137/4132/3137
f 3134/4129/3134 3137/4132/3137 385/437/369 389/436/373
f 3134/4129/3134 3126/4128/3126 3124/4133/3124 3135/4130/3135
f 3137/4132/3137 3136/4131/3136 3138/4134/3138 3139/4135/3139
f 3137/4132/3137 3139/4135/3139 386/4136/370 385/437/369
f 3139/4135/3139 3138/4134/3138 3140/4137/3140 3141/4138/3141
f 3139/4139/3139 3141/4140/3141 3142/4141/3142 386/432/370
f 3142/4141/3142 3141/4140/3141 3143/4142/3143 3144/4143/3144
f 3142/4141/3142 3144/4143/3144 3145/4144/3145 3146/4145/3146
f 3142/4141/3142 3146/4145/3146 387/433/371 386/432/370
f 3146/4145/3146 3145/4144/3145 395/445/380 394/444/379
f 3146/4145/3146 394/444/379 390/438/374 387/433/371
f 3145/4144/3145 3144/4143/3144 3147/4146/3147 3148/4147/3148
f 3145/4144/3145 3148/4147/3148 396/446/381 395/445/380
f 3148/4147/3148 3147/4146/3147 3149/4148/3149 3150/4149/3150
f 3148/4147/3148 3150/4149/3150 426/480/415 396/446/381
f 3150/4149/3150 3149/4148/3149 3151/4150/3151 3152/4151/3152
f 3150/4149/3150 3152/4151/3152 427/481/416 426/480/415
f 3152/4151/3152 3151/4150/3151 3153/4152/3153 3154/4153/3154
f 3152/4151/3152 3154/4153/3154 428/482/417 427/481/416
f 3154/4153/3154 3155/4154/3155 3156/4155/3156 428/482/417
f 3154/4153/3154 3153/4152/3153 3157/4156/3157 3155/4154/3155
f 3157/4157/3157 3158/4158/3158 3159/4159/3159 3155/4160/3155
f 3157/4157/3157 3153/4161/3153 432/487/422 434/489/424
f 3157/4157/3157 434/489/424 3160/4162/3160 3158/4158/3158
f 3160/4162/3160 3161/4163/3161 3162/4164/3162 3158/4158/3158
f 3160/4162/3160 434/489/424 431/486/421 3163/4165/3163
f 3160/4162/3160 3163/4165/3163 3164/4166/3164 3161/4163/3161
f 3164/4166/3164 3165/4167/3165 3166/4168/3166 3161/4163/3161
f 3164/4166/3164 3163/4165/3163 3167/4169/3167 3168/4170/3168
f 3164/4166/3164 3168/4170/3168 3169/4171/3169 3165/4167/3165
f 3169/4172/3169 3170/4173/3170 3171/4174/3171 3165/4175/3165
f 3169/4172/3169 3168/4176/3168 3172/4177/3172 3173/4178/3173
f 3169/4172/3169 3173/4178/3173 3174/4179/3174 3170/4173/3170
f 3174/4179/3174 406/457/392 403/454/389 3170/4173/3170
f 3174/4179/3174 3173/4178/3173 369/412/350 368/411/349
f 3174/4179/3174 368/411/349 3175/4180/3175 406/457/392
f 3175/4180/3175 3176/4181/3176 404/455/390 406/457/392
f 3175/4180/3175 368/411/349 367/410/348 3177/4182/3177
f 3175/4180/3175 3177/4182/3177 3178/4183/3178 3176/4181/3176
f 3178/4183/3178 3179/4184/3179 3180/4185/3180 3176/4181/3176
f 3178/4183/3178 3177/4182/3177 3181/4186/3181 3182/4187/3182
f 3178/4183/3178 3182/4187/3182 3183/4188/3183 3179/4184/3179
f 3183/4188/3183 3184/4189/3184 3185/4190/3185 3179/4184/3179
f 3183/4188/3183 3182/4187/3182 3186/4191/3186 3187/4192/3187
f 3183/4188/3183 3187/4192/3187 3188/4193/3188 3184/4189/3184
f 3188/4194/3188 3189/4195/3189 3190/4196/3190 3184/4197/3184
f 3188/4193/3188 3187/4192/3187 3191/4198/3191 3192/4199/3192
f 3188/4194/3188 3192/4200/3192 3092/4071/3092 3189/4195/3189
f 3192/4199/3192 3191/4198/3191 3193/4201/3193 3095/4202/3095
f 3192/4200/3192 3095/4074/3095 3093/4072/3093 3092/4071/3092
f 3193/4201/3193 3191/4198/3191 3194/4203/3194 3195/4204/3195
f 3193/4201/3193 3195/4204/3195 3196/4205/3196 3098/4079/3098
f 3193/4201/3193 3098/4079/3098 3096/4078/3096 3095/4202/3095
f 3196/4205/3196 3195/4204/3195 3109/4092/3109 3107/4090/3107
f 3196/4205/3196 3107/4090/3107 3104/4087/3104 3102/4085/3102
f 3196/4205/3196 3102/4085/3102 3099/4080/3099 3098/4079/3098
f 3195/4204/3195 3194/4203/3194 3197/4206/3197 3109/4092/3109
f 3197/4206/3197 3194/4203/3194 3186/4191/3186 3198/4207/3198
f 3197/4206/3197 3198/4207/3198 3199/4208/3199 3112/4095/3112
f 3197/4206/3197 3112/4095/3112 3110/4093/3110 3109/4092/3109
f 3199/4208/3199 3198/4207/3198 3181/4186/3181 366/409/347
f 3199/4208/3199 366/409/347 365/408/346 3115/4098/3115
f 3199/4208/3199 3115/4098/3115 3113/4096/3113 3112/4095/3112
f 3198/4207/3198 3186/4191/3186 3182/4187/3182 3181/4186/3181
f 3194/4203/3194 3191/4198/3191 3187/4192/3187 3186/4191/3186
f 3190/4209/3190 3200/4210/3200 3201/4211/3201 3202/4212/3202
f 3190/4209/3190 3202/4212/3202 3185/4213/3185 3184/4214/3184
f 3190/4209/3190 3189/4215/3189 3089/4216/3089 3200/4210/3200
f 3202/4212/3202 3201/4211/3201 3203/4217/3203 3204/4218/3204
f 3202/4212/3202 3204/4218/3204 3205/4219/3205 3185/4213/3185
f 3205/4219/3205 3204/4218/3204 3206/4220/3206 3207/4221/3207
f 3205/4219/3205 3207/4221/3207 405/4222/391 3180/4223/3180
f 3205/4224/3205 3180/4185/3180 3179/4184/3179 3185/4190/3185
f 3207/4221/3207 3206/4220/3206 3208/4225/3208 3209/4226/3209
f 3207/4221/3207 3209/4226/3209 401/4227/387 405/4222/391
f 3209/4226/3209 3208/4225/3208 411/463/398 3210/4228/3210
f 3209/4229/3209 3210/4230/3210 402/453/388 401/452/387
f 3210/4228/3210 411/463/398 410/462/397 3211/4231/3211
f 3210/4230/3210 3211/4232/3211 3171/4174/3171 402/453/388
f 3211/4233/3211 410/4234/397 412/4235/399 3166/4168/3166
f 3211/4233/3211 3166/4168/3166 3165/4167/3165 3171/4236/3171
f 3208/4225/3208 3212/4237/3212 407/459/394 411/463/398
f 3208/4225/3208 3206/4220/3206 3213/4238/3213 3212/4237/3212
f 3213/4238/3213 3214/4239/3214 3215/4240/3215 3212/4237/3212
f 3213/4238/3213 3206/4220/3206 3204/4218/3204 3203/4217/3203
f 3213/4238/3213 3203/4217/3203 3216/4241/3216 3214/4239/3214
f 3216/4241/3216 3217/4242/3217 3218/4243/3218 3214/4239/3214
f 3216/4241/3216 3203/4217/3203 3201/4211/3201 3219/4244/3219
f 3216/4241/3216 3219/4244/3219 3220/4245/3220 3217/4242/3217
f 3220/4245/3220 3221/4246/3221 3222/4247/3222 3217/4242/3217
f 3220/4245/3220 3219/4244/3219 3223/4248/3223 3224/4249/3224
f 3220/4250/3220 3224/4251/3224 3225/4252/3225 3221/4253/3221
f 3225/4252/3225 3226/4254/3226 3227/4255/3227 3221/4253/3221
f 3225/4252/3225 3224/4251/3224 3085/4058/3085 3083/4056/3083
f 3225/4252/3225 3083/4056/3083 3081/4054/3081 3226/4254/3226
f 3227/4255/3227 399/449/384 398/448/383 3228/4256/3228
f 3227/4255/3227 3228/4256/3228 3222/4257/3222 3221/4253/3221
f 3227/4255/3227 3226/4254/3226 400/450/385 399/449/384
f 3228/4256/3228 398/448/383 424/478/413 3229/4258/3229
f 3228/4256/3228 3229/4258/3229 3230/4259/3230 3222/4257/3222
f 3230/4259/3230 3229/4258/3229 3231/4260/3231 3232/4261/3232
f 3230/4262/3230 3232/4263/3232 3233/4264/3233 3218/4243/3218
f 3230/4262/3230 3218/4243/3218 3217/4242/3217 3222/4247/3222
f 3233/4264/3233 3232/4263/3232 3234/4265/3234 3235/4266/3235
f 3233/4264/3233 3235/4266/3235 408/460/395 3215/4240/3215
f 3233/4264/3233 3215/4240/3215 3214/4239/3214 3218/4243/3218
f 3235/4267/3235 3234/4268/3234 3159/4269/3159 3236/4270/3236
f 3235/4266/3235 3236/4271/3236 409/461/396 408/460/395
f 3236/4272/3236 3159/4159/3159 3158/4158/3158 3162/4164/3162
f 3236/4272/3236 3162/4164/3162 412/4235/399 409/4273/396
f 3234/4268/3234 3232/4261/3232 3231/4260/3231 3156/4155/3156
f 3234/4268/3234 3156/4155/3156 3155/4154/3155 3159/4269/3159
f 3231/4260/3231 423/477/412 428/482/417 3156/4155/3156
f 3231/4260/3231 3229/4258/3229 424/478/413 423/477/412
f 3226/4254/3226 3081/4054/3081 3079/4052/3079 400/450/385
f 3224/4249/3224 3223/4248/3223 3087/4062/3087 3085/4061/3085
f 3223/4248/3223 3219/4244/3219 3201/4211/3201 3200/4210/3200
f 3223/4248/3223 3200/4210/3200 3089/4216/3089 3087/4062/3087
f 3215/4240/3215 408/460/395 407/459/394 3212/4237/3212
f 3189/4195/3189 3092/4071/3092 3090/4069/3090 3089/4068/3089
f 3181/4186/3181 3177/4182/3177 367/410/348 366/409/347
f 3180/4185/3180 405/456/391 404/455/390 3176/4181/3176
f 3173/4178/3173 3172/4177/3172 372/415/353 369/412/350
f 3172/4274/3172 3168/4170/3168 3167/4169/3167 3237/4275/3237
f 3172/4276/3172 3237/4277/3237 3238/4278/3238 372/4279/353
f 3238/4278/3238 3237/4277/3237 3239/4280/3239 3240/4281/3240
f 3238/4278/3238 3240/4281/3240 3241/4282/3241 3242/4283/3242
f 3238/4278/3238 3242/4283/3242 370/4284/351 372/4279/353
f 3242/4283/3242 3241/4282/3241 3243/4285/3243 3244/4286/3244
f 3242/4287/3242 3244/4288/3244 371/414/352 370/413/351
f 3244/4286/3244 3243/4285/3243 380/425/363 379/424/362
f 3244/4288/3244 379/4289/362 383/4290/366 371/414/352
f 3243/4291/3243 3241/4292/3241 3245/4293/3245 3140/4294/3140
f 3243/4285/3243 3140/4137/3140 3138/4134/3138 380/425/363
f 3245/4295/3245 3241/4282/3241 3240/4281/3240 3246/4296/3246
f 3245/4295/3245 3246/4296/3246 3247/4297/3247 3143/4298/3143
f 3245/4293/3245 3143/4299/3143 3141/4300/3141 3140/4294/3140
f 3247/4297/3247 3246/4296/3246 3248/4301/3248 3249/4302/3249
f 3247/4297/3247 3249/4302/3249 3149/4303/3149 3147/4304/3147
f 3247/4297/3247 3147/4304/3147 3144/4305/3144 3143/4298/3143
f 3249/4302/3249 3248/4301/3248 429/4306/419 433/4307/423
f 3249/4302/3249 433/4307/423 3151/4308/3151 3149/4303/3149
f 3248/4301/3248 3239/4280/3239 430/4309/420 429/4306/419
f 3248/4301/3248 3246/4296/3246 3240/4281/3240 3239/4280/3239
f 3239/4280/3239 3237/4277/3237 3167/4310/3167 430/4309/420
f 3171/4174/3171 3170/4173/3170 403/454/389 402/453/388
f 3167/4169/3167 3163/4165/3163 431/486/421 430/485/420
f 3166/4168/3166 412/4235/399 3162/4164/3162 3161/4163/3161
f 3153/4161/3153 3151/4311/3151 433/488/423 432/487/422
f 3138/4134/3138 3136/4131/3136 381/426/364 380/425/363
f 3136/4131/3136 3135/4130/3135 384/429/367 381/426/364
f 3135/4130/3135 3124/4133/3124 3122/4108/3122 384/429/367
f 3122/4108/3122 3121/4107/3121 382/427/365 384/429/367
f 3121/4105/3121 3120/4104/3120 383/4290/366 382/4312/365
f 3120/4104/3120 363/406/344 371/414/352 383/4290/366
f 3120/4104/3120 3118/4101/3118 364/407/345 363/406/344
f 3116/4099/3116 3115/4098/3115 365/408/346 364/407/345
f 3079/4052/3079 3077/4050/3077 391/441/376 400/450/385
f 3077/4050/3077 3075/4048/3075 392/442/377 391/441/376
f 3046/4006/3046 3043/4002/3043 3041/3998/3041 3040/3997/3040
f 2981/3919/2981 2979/3917/2979 2965/3895/2965 2964/3894/2964
f 2922/3826/2922 2920/3825/2920 2843/4313/2843 2839/4314/2839
f 2920/3822/2920 2918/3820/2918 2844/3715/2844 2843/3714/2843
f 2918/3820/2918 2917/3819/2917 2846/3717/2846 2844/3715/2844
f 2917/3819/2917 2916/3818/2916 2848/3719/2848 2846/3717/2846
f 2916/3818/2916 2914/3816/2914 2913/3815/2913 3250/4315/3250
f 2916/3818/2916 3250/4315/3250 3251/4316/3251 2848/3719/2848
f 3251/4316/3251 3250/4315/3250 3252/4317/3252 3253/4318/3253
f 3251/4316/3251 3253/4318/3253 3254/4319/3254 2851/3722/2851
f 3251/4316/3251 2851/3722/2851 2849/3720/2849 2848/3719/2848
f 3254/4319/3254 3253/4318/3253 3255/4320/3255 3256/4321/3256
f 3254/4319/3254 3256/4321/3256 3257/4322/3257 3258/4323/3258
f 3254/4319/3254 3258/4323/3258 2852/3723/2852 2851/3722/2851
f 3258/4323/3258 3257/4322/3257 3259/4324/3259 3260/4325/3260
f 3258/4323/3258 3260/4325/3260 2853/3724/2853 2852/3723/2852
f 3260/4325/3260 3259/4324/3259 3261/4326/3261 3262/4327/3262
f 3260/4325/3260 3262/4327/3262 2855/3726/2855 2853/3724/2853
f 3262/4328/3262 3261/4329/3261 3263/4330/3263 3264/4331/3264
f 3262/4328/3262 3264/4331/3264 2857/4332/2857 2855/4333/2855
f 3264/4331/3264 3263/4330/3263 3265/4334/3265 3266/4335/3266
f 3264/4331/3264 3266/4335/3266 3267/4336/3267 2857/4332/2857
f 3267/4336/3267 3266/4335/3266 3268/4337/3268 3269/4338/3269
f 3267/4339/3267 3269/4340/3269 3270/4341/3270 2860/3734/2860
f 3267/4339/3267 2860/3734/2860 2858/3731/2858 2857/3730/2857
f 3270/4341/3270 3269/4340/3269 3271/4342/3271 3272/4343/3272
f 3270/4341/3270 3272/4343/3272 3273/4344/3273 2864/4345/2864
f 3270/4341/3270 2864/4345/2864 2861/3735/2861 2860/3734/2860
f 3273/4344/3273 3272/4343/3272 3274/4346/3274 3275/4347/3275
f 3273/4348/3273 3275/4349/3275 3276/4350/3276 2867/3745/2867
f 3273/4348/3273 2867/3745/2867 2865/3743/2865 2864/3742/2864
f 3276/4351/3276 3275/4352/3275 3277/4353/3277 3278/4354/3278
f 3276/4351/3276 3278/4354/3278 3279/4355/3279 2870/3753/2870
f 3276/4350/3276 2870/4356/2870 2868/3746/2868 2867/3745/2867
f 3279/4355/3279 3278/4354/3278 3280/4357/3280 3281/4358/3281
f 3279/4355/3279 3281/4358/3281 2882/3768/2882 2873/3757/2873
f 3279/4355/3279 2873/3757/2873 2871/3754/2871 2870/3753/2870
f 3281/4358/3281 3280/4357/3280 3282/4359/3282 2885/3771/2885
f 3281/4358/3281 2885/3771/2885 2883/3769/2883 2882/3768/2882
f 3282/4359/3282 3280/4357/3280 3283/4360/3283 3284/4361/3284
f 3282/4359/3282 3284/4361/3284 3285/4362/3285 3286/4363/3286
f 3282/4359/3282 3286/4363/3286 2886/3772/2886 2885/3771/2885
f 3286/4363/3286 3285/4362/3285 3287/4364/3287 3288/4365/3288
f 3286/4363/3286 3288/4365/3288 2887/3773/2887 2886/3772/2886
f 3288/4365/3288 3287/4364/3287 3289/4366/3289 3290/4367/3290
f 3288/4365/3288 3290/4367/3290 2889/3775/2889 2887/3773/2887
f 3290/4367/3290 3289/4366/3289 3291/4368/3291 3292/4369/3292
f 3290/4370/3290 3292/4371/3292 2891/3780/2891 2889/4372/2889
f 3292/4371/3292 3291/4373/3291 3293/4374/3293 3294/4375/3294
f 3292/4371/3292 3294/4375/3294 2893/3781/2893 2891/3780/2891
f 3294/4375/3294 3293/4374/3293 3295/4376/3295 2899/3797/2899
f 3294/4375/3294 2899/3797/2899 2895/3787/2895 2893/3781/2893
f 3295/4376/3295 3293/4374/3293 3296/4377/3296 3297/4378/3297
f 3295/4376/3295 3297/4378/3297 2904/3804/2904 2902/3800/2902
f 3295/4376/3295 2902/3800/2902 2900/3798/2900 2899/3797/2899
f 3297/4378/3297 3296/4377/3296 3298/4379/3298 3299/4380/3299
f 3297/4378/3297 3299/4380/3299 3300/4381/3300 2904/3804/2904
f 3300/4381/3300 3299/4380/3299 3301/4382/3301 3302/4383/3302
f 3300/4381/3300 3302/4383/3302 3303/4384/3303 2907/3807/2907
f 3300/4381/3300 2907/3807/2907 2905/3805/2905 2904/3804/2904
f 3303/4384/3303 3302/4383/3302 3304/4385/3304 3305/4386/3305
f 3303/4384/3303 3305/4386/3305 3306/4387/3306 3307/4388/3307
f 3303/4384/3303 3307/4388/3307 2908/3808/2908 2907/3807/2907
f 3307/4389/3307 3306/4390/3306 3308/4391/3308 3309/4392/3309
f 3307/4389/3307 3309/4392/3309 2909/3811/2909 2908/3810/2908
f 3309/4392/3309 3308/4391/3308 3310/4393/3310 3311/4394/3311
f 3309/4392/3309 3311/4394/3311 2911/3813/2911 2909/3811/2909
f 3311/4394/3311 3310/4393/3310 3312/4395/3312 3313/4396/3313
f 3311/4394/3311 3313/4396/3313 2913/3815/2913 2911/3813/2911
f 3313/4396/3313 3312/4395/3312 3314/4397/3314 3252/4317/3252
f 3313/4396/3313 3252/4317/3252 3250/4315/3250 2913/3815/2913
f 3314/4397/3314 3312/4395/3312 3315/4398/3315 3316/4399/3316
f 3314/4397/3314 3316/4399/3316 3317/4400/3317 3255/4320/3255
f 3314/4397/3314 3255/4320/3255 3253/4318/3253 3252/4317/3252
f 3317/4400/3317 3316/4399/3316 3318/4401/3318 3319/4402/3319
f 3317/4400/3317 3319/4402/3319 3320/4403/3320 3321/4404/3321
f 3317/4400/3317 3321/4404/3321 3256/4321/3256 3255/4320/3255
f 3321/4404/3321 3320/4403/3320 3322/4405/3322 3323/4406/3323
f 3321/4404/3321 3323/4406/3323 3257/4322/3257 3256/4321/3256
f 3323/4406/3323 3322/4405/3322 3324/4407/3324 3325/4408/3325
f 3323/4406/3323 3325/4408/3325 3259/4324/3259 3257/4322/3257
f 3325/4408/3325 3324/4407/3324 3326/4409/3326 3327/4410/3327
f 3325/4408/3325 3327/4410/3327 3261/4326/3261 3259/4324/3259
f 3327/4411/3327 3326/4412/3326 3328/4413/3328 3329/4414/3329
f 3327/4415/3327 3329/4416/3329 3263/4330/3263 3261/4329/3261
f 3329/4414/3329 3328/4413/3328 3330/4417/3330 3331/4418/3331
f 3329/4416/3329 3331/4419/3331 3265/4334/3265 3263/4330/3263
f 3331/4418/3331 3330/4417/3330 3332/4420/3332 3333/4421/3333
f 3331/4419/3331 3333/4422/3333 3334/4423/3334 3265/4334/3265
f 3334/4423/3334 3333/4422/3333 3335/4424/3335 3336/4425/3336
f 3334/4423/3334 3336/4425/3336 3337/4426/3337 3268/4337/3268
f 3334/4423/3334 3268/4337/3268 3266/4335/3266 3265/4334/3265
f 3337/4426/3337 3336/4425/3336 3338/4427/3338 3339/4428/3339
f 3337/4426/3337 3339/4428/3339 3340/4429/3340 3271/4430/3271
f 3337/4426/3337 3271/4430/3271 3269/4338/3269 3268/4337/3268
f 3340/4431/3340 3339/4432/3339 3341/4433/3341 3342/4434/3342
f 3340/4431/3340 3342/4434/3342 3343/4435/3343 3274/4436/3274
f 3340/4437/3340 3274/4346/3274 3272/4343/3272 3271/4342/3271
f 3343/4435/3343 3342/4434/3342 3344/4438/3344 3345/4439/3345
f 3343/4435/3343 3345/4439/3345 3283/4360/3283 3277/4353/3277
f 3343/4435/3343 3277/4353/3277 3275/4352/3275 3274/4436/3274
f 3345/4439/3345 3344/4438/3344 3346/4440/3346 3347/4441/3347
f 3345/4439/3345 3347/4441/3347 3284/4361/3284 3283/4360/3283
f 3347/4441/3347 3346/4440/3346 3348/4442/3348 3349/4443/3349
f 3347/4441/3347 3349/4443/3349 3285/4362/3285 3284/4361/3284
f 3349/4443/3349 3348/4442/3348 3350/4444/3350 3351/4445/3351
f 3349/4443/3349 3351/4445/3351 3287/4364/3287 3285/4362/3285
f 3351/4445/3351 3350/4444/3350 3352/4446/3352 3353/4447/3353
f 3351/4445/3351 3353/4447/3353 3289/4366/3289 3287/4364/3287
f 3353/4447/3353 3352/4446/3352 3354/4448/3354 3355/4449/3355
f 3353/4447/3353 3355/4449/3355 3291/4368/3291 3289/4366/3289
f 3355/4450/3355 3354/4451/3354 3298/4379/3298 3296/4377/3296
f 3355/4450/3355 3296/4377/3296 3293/4374/3293 3291/4373/3291
f 3354/4448/3354 3352/4446/3352 3356/4452/3356 3357/4453/3357
f 3354/4451/3354 3357/4454/3357 3358/4455/3358 3298/4379/3298
f 3358/4456/3358 3357/4453/3357 3359/4457/3359 3360/4458/3360
f 3358/4455/3358 3360/4459/3360 3361/4460/3361 3301/4382/3301
f 3358/4455/3358 3301/4382/3301 3299/4380/3299 3298/4379/3298
f 3361/4460/3361 3360/4459/3360 3362/4461/3362 3363/4462/3363
f 3361/4460/3361 3363/4462/3363 3364/4463/3364 3304/4385/3304
f 3361/4460/3361 3304/4385/3304 3302/4383/3302 3301/4382/3301
f 3364/4463/3364 3363/4462/3363 3365/4464/3365 3366/4465/3366
f 3364/4463/3364 3366/4465/3366 3367/4466/3367 3368/4467/3368
f 3364/4463/3364 3368/4467/3368 3305/4386/3305 3304/4385/3304
f 3368/4468/3368 3367/4469/3367 3369/4470/3369 3370/4471/3370
f 3368/4467/3368 3370/4472/3370 3306/4387/3306 3305/4386/3305
f 3370/4473/3370 3369/4474/3369 3371/4475/3371 3372/4476/3372
f 3370/4473/3370 3372/4476/3372 3308/4391/3308 3306/4390/3306
f 3372/4476/3372 3371/4475/3371 3373/4477/3373 3374/4478/3374
f 3372/4476/3372 3374/4478/3374 3310/4393/3310 3308/4391/3308
f 3374/4478/3374 3373/4477/3373 3375/4479/3375 3315/4398/3315
f 3374/4478/3374 3315/4398/3315 3312/4395/3312 3310/4393/3310
f 3375/4479/3375 3373/4477/3373 3376/4480/3376 3377/4481/3377
f 3375/4479/3375 3377/4481/3377 416/469/404 3318/4401/3318
f 3375/4479/3375 3318/4401/3318 3316/4399/3316 3315/4398/3315
f 3377/4481/3377 3376/4480/3376 3378/4482/3378 3379/4483/3379
f 3377/4481/3377 3379/4483/3379 417/470/405 416/469/404
f 3379/4483/3379 3378/4482/3378 3380/4484/3380 3381/4485/3381
f 3379/4483/3379 3381/4485/3381 418/471/406 417/470/405
f 3381/4485/3381 3380/4484/3380 3382/4486/3382 3383/4487/3383
f 3381/4485/3381 3383/4487/3383 3384/4488/3384 418/471/406
f 3384/4488/3384 3383/4487/3383 3385/4489/3385 461/527/456
f 3384/4488/3384 461/527/456 460/526/455 3386/4490/3386
f 3384/4488/3384 3386/4490/3386 419/472/407 418/471/406
f 3386/4490/3386 460/526/455 465/531/460 3387/4491/3387
f 3386/4490/3386 3387/4491/3387 422/475/410 419/472/407
f 3387/4491/3387 465/531/460 3388/4492/3388 3389/4493/3389
f 3387/4491/3387 3389/4493/3389 3390/4494/3390 422/475/410
f 3390/4494/3390 3389/4493/3389 3391/4495/3391 3392/4496/3392
f 3390/4497/3390 3392/4498/3392 3393/4499/3393 3394/4500/3394
f 3390/4494/3390 3394/4501/3394 420/473/408 422/475/410
f 3394/4501/3394 3393/4502/3393 3395/4503/3395 3396/4504/3396
f 3394/4501/3394 3396/4504/3396 421/474/409 420/473/408
f 3396/4504/3396 3395/4503/3395 440/4505/431 437/493/428
f 3396/4504/3396 437/493/428 436/492/427 421/474/409
f 3395/4506/3395 3393/4507/3393 3397/4508/3397 3398/4509/3398
f 3395/4510/3395 3398/4511/3398 3399/4512/3399 440/499/431
f 3399/4512/3399 3398/4511/3398 3400/4513/3400 3401/4514/3401
f 3399/4512/3399 3401/4514/3401 3402/4515/3402 3403/4516/3403
f 3399/4512/3399 3403/4516/3403 438/495/429 440/499/431
f 3403/4516/3403 3402/4515/3402 3404/4517/3404 3405/4518/3405
f 3403/4516/3403 3405/4518/3405 439/496/430 438/495/429
f 3405/4518/3405 3404/4517/3404 3406/4519/3406 3407/4520/3407
f 3405/4518/3405 3407/4520/3407 3408/4521/3408 439/496/430
f 3408/4522/3408 3409/4523/3409 435/491/426 439/4524/430
f 3408/4525/3408 3407/4526/3407 3410/4527/3410 3411/4528/3411
f 3408/4522/3408 3411/4529/3411 3412/4530/3412 3409/4523/3409
f 3412/4530/3412 3413/4531/3413 3414/4532/3414 3409/4523/3409
f 3412/4530/3412 3411/4529/3411 3326/4409/3326 3324/4407/3324
f 3412/4530/3412 3324/4407/3324 3322/4405/3322 3413/4531/3413
f 3414/4532/3414 413/466/401 421/474/409 436/492/427
f 3414/4532/3414 436/492/427 435/491/426 3409/4523/3409
f 3414/4532/3414 3413/4531/3413 414/467/402 413/466/401
f 3413/4531/3413 3322/4405/3322 3320/4403/3320 414/467/402
f 3411/4528/3411 3410/4527/3410 3328/4413/3328 3326/4412/3326
f 3410/4527/3410 3407/4526/3407 3406/4533/3406 3415/4534/3415
f 3410/4527/3410 3415/4534/3415 3330/4417/3330 3328/4413/3328
f 3415/4534/3415 3406/4533/3406 3416/4535/3416 3417/4536/3417
f 3415/4534/3415 3417/4536/3417 3332/4420/3332 3330/4417/3330
f 3417/4537/3417 3416/4538/3416 3418/4539/3418 3419/4540/3419
f 3417/4536/3417 3419/4541/3419 3420/4542/3420 3332/4420/3332
f 3420/4543/3420 3419/4544/3419 3421/4545/3421 3422/4546/3422
f 3420/4543/3420 3422/4546/3422 3423/4547/3423 3335/4548/3335
f 3420/4542/3420 3335/4549/3335 3333/4421/3333 3332/4420/3332
f 3423/4547/3423 3422/4546/3422 3424/4550/3424 3425/4551/3425
f 3423/4547/3423 3425/4551/3425 3426/4552/3426 3338/4553/3338
f 3423/4547/3423 3338/4553/3338 3336/4554/3336 3335/4548/3335
f 3426/4552/3426 3425/4551/3425 3427/4555/3427 3428/4556/3428
f 3426/4552/3426 3428/4556/3428 3429/4557/3429 3341/4433/3341
f 3426/4552/3426 3341/4433/3341 3339/4432/3339 3338/4553/3338
f 3429/4557/3429 3428/4556/3428 3430/4558/3430 3431/4559/3431
f 3429/4557/3429 3431/4559/3431 3346/4440/3346 3344/4438/3344
f 3429/4557/3429 3344/4438/3344 3342/4434/3342 3341/4433/3341
f 3431/4559/3431 3430/4558/3430 3432/4560/3432 3433/4561/3433
f 3431/4559/3431 3433/4561/3433 3348/4442/3348 3346/4440/3346
f 3433/4561/3433 3432/4560/3432 3434/4562/3434 3435/4563/3435
f 3433/4561/3433 3435/4563/3435 3350/4444/3350 3348/4442/3348
f 3435/4563/3435 3434/4562/3434 3436/4564/3436 3356/4452/3356
f 3435/4563/3435 3356/4452/3356 3352/4446/3352 3350/4444/3350
f 3436/4564/3436 3434/4562/3434 3437/4565/3437 3438/4566/3438
f 3436/4564/3436 3438/4566/3438 3439/4567/3439 3359/4457/3359
f 3436/4564/3436 3359/4457/3359 3357/4453/3357 3356/4452/3356
f 3439/4567/3439 3438/4566/3438 3440/4568/3440 3441/4569/3441
f 3439/4567/3439 3441/4569/3441 3442/4570/3442 3362/4571/3362
f 3439/4567/3439 3362/4571/3362 3360/4458/3360 3359/4457/3359
f 3442/4570/3442 3441/4569/3441 3443/4572/3443 3444/4573/3444
f 3442/4574/3442 3444/4575/3444 3445/4576/3445 3365/4464/3365
f 3442/4574/3442 3365/4464/3365 3363/4462/3363 3362/4461/3362
f 3445/4577/3445 3444/4578/3444 3446/4579/3446 3447/4580/3447
f 3445/4577/3445 3447/4580/3447 3448/4581/3448 3449/4582/3449
f 3445/4577/3445 3449/4582/3449 3366/4583/3366 3365/4584/3365
f 3449/4582/3449 3448/4581/3448 3450/4585/3450 3451/4586/3451
f 3449/4582/3449 3451/4586/3451 3367/4469/3367 3366/4583/3366
f 3451/4586/3451 3450/4585/3450 3452/4587/3452 3453/4588/3453
f 3451/4586/3451 3453/4588/3453 3369/4470/3369 3367/4469/3367
f 3453/4589/3453 3452/4590/3452 3454/4591/3454 3455/4592/3455
f 3453/4589/3453 3455/4592/3455 3371/4475/3371 3369/4474/3369
f 3455/4592/3455 3454/4591/3454 3378/4482/3378 3376/4480/3376
f 3455/4592/3455 3376/4480/3376 3373/4477/3373 3371/4475/3371
f 3454/4593/3454 3452/4587/3452 3456/4594/3456 3457/4595/3457
f 3454/4591/3454 3457/4596/3457 3380/4484/3380 3378/4482/3378
f 3457/4595/3457 3456/4594/3456 459/524/453 3458/4597/3458
f 3457/4596/3457 3458/4598/3458 3382/4486/3382 3380/4484/3380
f 3458/4597/3458 459/524/453 458/523/452 3459/4599/3459
f 3458/4598/3458 3459/4600/3459 3460/4601/3460 3382/4486/3382
f 3460/4601/3460 3459/4600/3459 3461/4602/3461 3462/4603/3462
f 3460/4601/3460 3462/4603/3462 3463/4604/3463 3385/4489/3385
f 3460/4601/3460 3385/4489/3385 3383/4487/3383 3382/4486/3382
f 3463/4605/3463 3462/4606/3462 3464/4607/3464 3465/4608/3465
f 3463/4604/3463 3465/4609/3465 463/529/458 462/528/457
f 3463/4604/3463 462/528/457 461/527/456 3385/4489/3385
f 3465/4610/3465 3466/4611/3466 3467/4612/3467 463/4613/458
f 3465/4608/3465 3464/4607/3464 3468/4614/3468 3466/4615/3466
f 3468/4616/3468 3469/4617/3469 3470/4618/3470 3466/4611/3466
f 3468/4614/3468 3464/4607/3464 3471/4619/3471 3472/4620/3472
f 3468/4614/3468 3472/4620/3472 3473/4621/3473 3469/4622/3469
f 3473/4621/3473 3474/4623/3474 3475/4624/3475 3469/4622/3469
f 3473/4621/3473 3472/4620/3472 3476/4625/3476 3477/4626/3477
f 3473/4621/3473 3477/4626/3477 3478/4627/3478 3474/4623/3474
f 3478/4627/3478 469/4628/465 471/4629/467 3474/4623/3474
f 3478/4627/3478 3477/4626/3477 3479/4630/3479 3480/4631/3480
f 3478/4632/3478 3480/4633/3480 470/537/466 469/536/465
f 3480/4633/3480 3479/4634/3479 3481/4635/3481 3482/4636/3482
f 3480/4633/3480 3482/4636/3482 3483/4637/3483 470/537/466
f 3483/4637/3483 3484/4638/3484 466/533/462 470/537/466
f 3483/4637/3483 3482/4636/3482 3485/4639/3485 3486/4640/3486
f 3483/4637/3483 3486/4640/3486 3487/4641/3487 3484/4638/3484
f 3487/4641/3487 3488/4642/3488 3489/4643/3489 3484/4638/3484
f 3487/4641/3487 3486/4640/3486 3490/4644/3490 3491/4645/3491
f 3487/4641/3487 3491/4645/3491 452/516/445 3488/4642/3488
f 3491/4645/3491 3490/4644/3490 3492/4646/3492 3493/4647/3493
f 3491/4645/3491 3493/4647/3493 453/517/446 452/516/445
f 3493/4647/3493 3492/4646/3492 3494/4648/3494 3495/4649/3495
f 3493/4647/3493 3495/4649/3495 3496/4650/3496 453/517/446
f 3496/4650/3496 3497/4651/3497 450/514/443 453/517/446
f 3496/4650/3496 3495/4649/3495 3498/4652/3498 3499/4653/3499
f 3496/4650/3496 3499/4653/3499 3427/4555/3427 3497/4651/3497
f 3499/4653/3499 3498/4652/3498 3432/4560/3432 3430/4558/3430
f 3499/4653/3499 3430/4558/3430 3428/4556/3428 3427/4555/3427
f 3498/4652/3498 3495/4649/3495 3494/4648/3494 3437/4565/3437
f 3498/4652/3498 3437/4565/3437 3434/4562/3434 3432/4560/3432
f 3497/4651/3497 3424/4550/3424 451/515/444 450/514/443
f 3497/4651/3497 3427/4555/3427 3425/4551/3425 3424/4550/3424
f 3494/4648/3494 3492/4646/3492 3500/4654/3500 3440/4568/3440
f 3494/4648/3494 3440/4568/3440 3438/4566/3438 3437/4565/3437
f 3500/4654/3500 3492/4646/3492 3490/4644/3490 3501/4655/3501
f 3500/4654/3500 3501/4655/3501 3502/4656/3502 3443/4572/3443
f 3500/4654/3500 3443/4572/3443 3441/4569/3441 3440/4568/3440
f 3502/4656/3502 3501/4655/3501 3485/4639/3485 3503/4657/3503
f 3502/4658/3502 3503/4659/3503 3504/4660/3504 3446/4579/3446
f 3502/4656/3502 3446/4661/3446 3444/4573/3444 3443/4572/3443
f 3504/4660/3504 3503/4659/3503 3481/4662/3481 3505/4663/3505
f 3504/4660/3504 3505/4663/3505 3506/4664/3506 3507/4665/3507
f 3504/4660/3504 3507/4665/3507 3447/4580/3447 3446/4579/3446
f 3507/4665/3507 3506/4664/3506 455/520/449 3508/4666/3508
f 3507/4665/3507 3508/4666/3508 3448/4581/3448 3447/4580/3447
f 3508/4666/3508 455/520/449 454/519/448 3509/4667/3509
f 3508/4666/3508 3509/4667/3509 3450/4585/3450 3448/4581/3448
f 3509/4667/3509 454/519/448 459/524/453 3456/4594/3456
f 3509/4667/3509 3456/4594/3456 3452/4587/3452 3450/4585/3450
f 3506/4664/3506 3505/4663/3505 3510/4668/3510 3511/4669/3511
f 3506/4664/3506 3511/4669/3511 456/521/450 455/520/449
f 3511/4669/3511 3510/4668/3510 3476/4625/3476 3512/4670/3512
f 3511/4669/3511 3512/4670/3512 457/522/451 456/521/450
f 3512/4670/3512 3476/4625/3476 3472/4620/3472 3471/4619/3471
f 3512/4670/3512 3471/4619/3471 3461/4671/3461 457/522/451
f 3510/4668/3510 3479/4630/3479 3477/4626/3477 3476/4625/3476
f 3510/4668/3510 3505/4663/3505 3481/4662/3481 3479/4630/3479
f 3503/4657/3503 3485/4639/3485 3482/4636/3482 3481/4635/3481
f 3501/4655/3501 3490/4644/3490 3486/4640/3486 3485/4639/3485
f 3489/4643/3489 3513/4672/3513 3514/4673/3514 467/534/463
f 3489/4643/3489 467/534/463 466/533/462 3484/4638/3484
f 3489/4643/3489 3488/4642/3488 3515/4674/3515 3513/4672/3513
f 3515/4674/3515 3516/4675/3516 3517/4676/3517 3513/4672/3513
f 3515/4674/3515 3488/4642/3488 452/516/445 59/510/439
f 3515/4674/3515 59/510/439 449/513/442 3516/4675/3516
f 3517/4677/3517 3518/4678/3518 473/541/470 3519/4679/3519
f 3517/4676/3517 3519/4680/3519 3514/4673/3514 3513/4672/3513
f 3517/4676/3517 3516/4675/3516 3520/4681/3520 3518/4682/3518
f 3520/4683/3520 3521/4684/3521 3522/4685/3522 3518/4686/3518
f 3520/4683/3520 3516/4687/3516 449/4688/442 3523/4689/3523
f 3520/4683/3520 3523/4689/3523 3524/4690/3524 3521/4684/3521
f 3524/4690/3524 3525/4691/3525 3526/4692/3526 3521/4684/3521
f 3524/4690/3524 3523/4689/3523 3527/4693/3527 3528/4694/3528
f 3524/4695/3524 3528/4696/3528 3400/4697/3400 3525/4698/3525
f 3528/4694/3528 3527/4693/3527 441/507/433 445/506/437
f 3528/4694/3528 445/506/437 3401/4514/3401 3400/4513/3400
f 3527/4699/3527 3523/4700/3523 449/513/442 448/512/441
f 3527/4699/3527 448/512/441 442/502/434 441/501/433
f 3526/4692/3526 3529/4701/3529 3530/4702/3530 3531/4703/3531
f 3526/4692/3526 3531/4703/3531 3522/4685/3522 3521/4684/3521
f 3526/4692/3526 3525/4691/3525 3397/4704/3397 3529/4701/3529
f 3531/4703/3531 3530/4702/3530 3532/4705/3532 477/4706/474
f 3531/4703/3531 477/4706/474 474/4707/471 3522/4685/3522
f 3532/4708/3532 3533/4709/3533 3534/4710/3534 3535/4711/3535
f 3532/4708/3532 3535/4711/3535 475/543/472 477/545/474
f 3532/4705/3532 3530/4702/3530 3391/4712/3391 3533/4713/3533
f 3535/4711/3535 3534/4710/3534 3536/4714/3536 3537/4715/3537
f 3535/4711/3535 3537/4715/3537 476/544/473 475/543/472
f 3537/4715/3537 3536/4714/3536 3470/4618/3470 3538/4716/3538
f 3537/4715/3537 3538/4716/3538 3539/4717/3539 476/544/473
f 3539/4717/3539 3540/4718/3540 472/540/469 476/544/473
f 3539/4717/3539 3538/4716/3538 3475/4719/3475 3541/4720/3541
f 3539/4717/3539 3541/4720/3541 3542/4721/3542 3540/4718/3540
f 3542/4722/3542 3514/4673/3514 3519/4680/3519 3540/4723/3540
f 3542/4721/3542 3541/4720/3541 471/4724/467 468/4725/464
f 3542/4722/3542 468/535/464 467/534/463 3514/4673/3514
f 3541/4720/3541 3475/4719/3475 3474/4726/3474 471/4724/467
f 3540/4718/3540 3519/4679/3519 473/541/470 472/540/469
f 3538/4716/3538 3470/4618/3470 3469/4617/3469 3475/4719/3475
f 3536/4714/3536 3534/4710/3534 3543/4727/3543 3467/4612/3467
f 3536/4714/3536 3467/4612/3467 3466/4611/3466 3470/4618/3470
f 3543/4727/3543 3534/4710/3534 3533/4709/3533 3388/4728/3388
f 3543/4729/3543 3388/4492/3388 465/531/460 464/530/459
f 3543/4727/3543 464/4730/459 463/4613/458 3467/4612/3467
f 3533/4731/3533 3391/4495/3391 3389/4493/3389 3388/4492/3388
f 3530/4702/3530 3529/4701/3529 3392/4498/3392 3391/4712/3391
f 3529/4701/3529 3397/4704/3397 3393/4499/3393 3392/4498/3392
f 3525/4698/3525 3400/4697/3400 3398/4509/3398 3397/4508/3397
f 3522/4685/3522 474/4707/471 473/4732/470 3518/4686/3518
f 3471/4619/3471 3464/4607/3464 3462/4606/3462 3461/4671/3461
f 3461/4671/3461 3459/4599/3459 458/523/452 457/522/451
f 3424/4550/3424 3422/4546/3422 3421/4545/3421 451/515/444
f 3421/4545/3421 3419/4544/3419 3418/4733/3418 3544/4734/3544
f 3421/4545/3421 3544/4734/3544 447/511/440 451/515/444
f 3544/4734/3544 3418/4733/3418 443/503/435 442/502/434
f 3544/4734/3544 442/502/434 448/512/441 447/511/440
f 3418/4539/3418 3416/4538/3416 446/509/438 443/508/435
f 3416/4538/3416 3406/4519/3406 3404/4517/3404 446/509/438
f 3404/4517/3404 3402/4515/3402 444/505/436 446/509/438
f 3402/4515/3402 3401/4514/3401 445/506/437 444/505/436
f 3320/4403/3320 3319/4402/3319 415/468/403 414/467/402
f 3319/4402/3319 3318/4401/3318 416/469/404 415/468/403
f 3283/4360/3283 3280/4357/3280 3278/4354/3278 3277/4353/3277
f 2882/3768/2882 2876/3762/2876 2874/3758/2874 2873/3757/2873
f 2789/3636/2789 2787/3634/2787 2786/3633/2786 2747/3587/2747
f 2786/3633/2786 2751/3592/2751 2748/3588/2748 2747/3587/2747
f 2786/3633/2786 2784/3631/2784 2783/3630/2783 2751/3592/2751
f 2783/3630/2783 2756/3597/2756 2752/3593/2752 2751/3592/2751
f 2783/3630/2783 2781/3628/2781 2780/3627/2780 2756/3597/2756
f 2780/3627/2780 2760/3603/2760 2757/3598/2757 2756/3597/2756
f 2780/3627/2780 2778/3625/2778 2777/3624/2777 2760/3603/2760
f 2777/3624/2777 2764/4735/2764 2761/3604/2761 2760/3603/2760
f 2777/3624/2777 2774/3620/2774 2772/3619/2772 2764/4735/2764
f 2767/3611/2767 2482/3216/2482 2478/3212/2478 2477/3211/2477
f 2763/3607/2763 2477/3211/2477 2473/3207/2473 2472/3206/2472
f 2759/3601/2759 2472/3206/2472 2469/3203/2469 2468/3202/2468
f 2755/4736/2755 2466/3200/2466 2465/3199/2465 81/4737/18
f 2755/3596/2755 81/18/18 80/17/17 2750/3591/2750
f 2755/4736/2755 2754/3602/2754 2468/3202/2468 2466/3200/2466
f 2738/4738/2738 2736/3567/2736 138/92/81 137/4739/83
f 2736/3567/2736 2734/3563/2734 180/145/130 138/92/81
f 2734/3563/2734 2732/3558/2732 177/142/127 180/145/130
f 2732/3558/2732 2730/3555/2730 156/117/103 177/142/127
f 2730/4740/2730 2728/4741/2728 151/4742/98 156/4743/103
f 2728/3552/2728 2726/3549/2726 152/113/99 151/112/98
f 2726/3549/2726 2723/3543/2723 3545/4744/3545 152/113/99
f 3545/4744/3545 2720/3538/2720 223/202/180 23/200/178
f 3545/4744/3545 23/200/178 153/114/100 152/113/99
f 3545/4744/3545 2723/3543/2723 2721/3539/2721 2720/3538/2720
f 2696/3510/2696 2693/3509/2693 2683/3489/2683 2681/3485/2681
f 2608/3370/2608 2602/3360/2602 2600/3359/2600 2599/3622/2599
f 2588/3344/2588 2492/3343/2492 2488/3224/2488 2487/3223/2487
f 2583/3333/2583 2512/3249/2512 2508/3245/2508 2507/3244/2507
f 2581/3331/2581 2517/3254/2517 2513/3250/2513 2512/3249/2512
f 2578/3328/2578 2522/3261/2522 2518/3255/2518 2517/3254/2517
f 2476/3210/2476 90/31/28 4/30/27 2471/3205/2471
f 2465/3199/2465 2464/3198/2464 82/4745/19 81/4737/18
f 2464/4746/2464 2452/3183/2452 89/29/26 82/19/19
f 2464/3198/2464 2462/3196/2462 2454/3189/2454 2452/4747/2452
f 2450/3180/2450 2449/3179/2449 88/3562/25 87/4748/24
f 2439/3161/2439 148/108/94 142/101/87 141/100/86
f 2437/3155/2437 2436/3154/2436 12/105/91 148/108/94
f 2399/3108/2399 2243/2919/2243 2239/2915/2239 2238/2914/2238
f 2397/3106/2397 2248/3105/2248 2244/2920/2244 2243/2919/2243
f 2394/3099/2394 2268/2950/2268 2260/2949/2260 2258/3104/2258
f 2386/3091/2386 2385/3090/2385 2278/2961/2278 2276/2959/2276
f 2385/4749/2385 2381/3085/2381 2380/3084/2380 2283/2968/2283
f 2385/4749/2385 2283/2968/2283 2280/2965/2280 2278/2964/2278
f 2380/3084/2380 2376/3078/2376 2375/3077/2375 3546/4750/3546
f 2380/3084/2380 3546/4750/3546 2284/2969/2284 2283/2968/2283
f 3546/4750/3546 2375/3077/2375 2290/2975/2290 2288/2973/2288
f 3546/4750/3546 2288/2973/2288 2285/2970/2285 2284/2969/2284
f 2375/3077/2375 2371/3073/2371 2292/2977/2292 2290/2975/2290
f 2367/3069/2367 2295/2980/2295 2293/2978/2293 2292/2977/2292
f 2363/3065/2363 2298/2983/2298 2296/2981/2296 2295/2980/2295
f 2353/3054/2353 2305/2993/2305 2302/2989/2302 2300/2988/2300
f 2349/3048/2349 2308/2996/2308 2306/2994/2306 2305/2993/2305
f 2345/3044/2345 2311/2999/2311 2309/2997/2309 2308/2996/2308
f 2341/3040/2341 2314/3002/2314 2312/3000/2312 2311/2999/2311
f 2337/3036/2337 2317/3005/2317 2315/3003/2315 2314/3002/2314
f 2333/3031/2333 2320/3008/2320 2318/3006/2318 2317/3005/2317
f 2256/2935/2256 2253/2932/2253 2249/2928/2249 2248/2927/2248
f 2252/2931/2252 3547/4751/3547 3548/4752/3548 3549/4753/3549
f 2252/2931/2252 3549/4753/3549 2247/2924/2247 2246/2923/2246
f 2252/2931/2252 2251/2930/2251 3550/4754/3550 3547/4751/3547
f 3550/4754/3550 3551/4755/3551 3552/4756/3552 3547/4751/3547
f 3550/4754/3550 2251/2930/2251 1747/2236/1747 1745/2234/1745
f 3550/4754/3550 1745/2234/1745 1743/2232/1743 3551/4755/3551
f 3552/4756/3552 1683/2145/1683 1679/2141/1679 1678/2140/1678
f 3552/4756/3552 1678/2140/1678 3548/4752/3548 3547/4751/3547
f 3552/4756/3552 3551/4755/3551 3553/4757/3553 1683/2145/1683
f 3553/4757/3553 1688/2152/1688 1684/2146/1684 1683/2145/1683
f 3553/4757/3553 3551/4755/3551 1743/2232/1743 1742/2231/1742
f 3553/4757/3553 1742/2231/1742 1741/2230/1741 1688/2152/1688
f 3549/4753/3549 3548/4752/3548 1673/2135/1673 3554/4758/3554
f 3549/4753/3549 3554/4758/3554 3555/4759/3555 2247/2924/2247
f 3555/4759/3555 3554/4758/3554 1668/2130/1668 3556/4760/3556
f 3555/4759/3555 3556/4760/3556 3557/4761/3557 2242/4762/2242
f 3555/4759/3555 2242/4762/2242 2241/2925/2241 2247/2924/2247
f 3557/4761/3557 3556/4760/3556 1663/2125/1663 3558/4763/3558
f 3557/4764/3557 3558/4765/3558 3559/4766/3559 2237/2913/2237
f 3557/4764/3557 2237/2913/2237 2236/2912/2236 2242/2918/2242
f 3559/4767/3559 3558/4763/3558 1658/2120/1658 3560/4768/3560
f 3559/4766/3559 3560/4769/3560 3561/4770/3561 2232/2908/2232
f 3559/4766/3559 2232/2908/2232 2231/2907/2231 2237/2913/2237
f 3561/4770/3561 3560/4769/3560 1654/2115/1654 3562/4771/3562
f 3561/4770/3561 3562/4771/3562 3563/4772/3563 2227/2903/2227
f 3561/4770/3561 2227/2903/2227 2226/2902/2226 2232/2908/2232
f 3563/4772/3563 3562/4771/3562 3564/4773/3564 3565/4774/3565
f 3563/4772/3563 3565/4774/3565 108/51/48 2222/2898/2222
f 3563/4772/3563 2222/2898/2222 2221/2897/2221 2227/2903/2227
f 3565/4774/3565 3564/4773/3564 3566/4775/3566 3567/4776/3567
f 3565/4774/3565 3567/4776/3567 105/48/45 108/51/48
f 3567/4777/3567 3566/4778/3566 1641/2093/1641 1639/2091/1639
f 3567/4777/3567 1639/2091/1639 106/2088/46 105/4779/45
f 3566/4775/3566 3564/4773/3564 1652/2114/1652 1651/4780/1651
f 3566/4778/3566 1651/2112/1651 1643/2095/1643 1641/2093/1641
f 3564/4773/3564 3562/4771/3562 1654/2115/1654 1652/2114/1652
f 3560/4769/3560 1658/4781/1658 1655/2116/1655 1654/2115/1654
f 3558/4763/3558 1663/2125/1663 1659/2121/1659 1658/2120/1658
f 3556/4760/3556 1668/2130/1668 1664/2126/1664 1663/2125/1663
f 3554/4758/3554 1673/2135/1673 1669/2131/1669 1668/2130/1668
f 3548/4752/3548 1678/2140/1678 1674/2136/1674 1673/2135/1673
f 2222/2898/2222 108/51/48 107/50/47 2217/2893/2217
f 2145/2785/2145 2111/2725/2111 2107/2720/2107 2106/2719/2106
f 2143/2778/2143 2114/2731/2114 2112/2728/2112 2111/2782/2111
f 2140/2771/2140 2119/2770/2119 2117/4782/2117 2116/2774/2116
f 2053/2668/2053 202/173/155 201/172/154 2049/2645/2049
f 2050/2647/2050 2012/2589/2012 183/2588/134 182/4783/133
f 2045/2637/2045 2020/2603/2020 2018/2597/2018 2017/2596/2017
f 2010/2585/2010 2009/2584/2009 187/153/138 184/150/135
f 2007/2582/2007 248/4784/211 1988/2552/1988 1987/2551/1987
f 2007/4785/2007 2005/4786/2005 249/241/212 248/240/211
f 1993/2622/1993 220/196/176 193/199/145 192/4787/144
f 1931/2488/1931 73/9/9 75/11/11 1926/2483/1926
f 1900/2440/1900 1898/2438/1898 121/69/63 120/68/62
f 1821/2339/1821 1777/2273/1777 1775/2270/1775 378/4788/360
f 1818/2333/1818 1780/2277/1780 1778/2274/1778 1777/2273/1777
f 1817/2332/1817 1816/2331/1816 336/2338/312 335/362/311
f 1799/2306/1799 1789/2292/1789 1787/2290/1787 1786/2289/1786
f 1775/2270/1775 1773/2269/1773 376/4789/358 378/4788/360
f 1773/4790/1773 1772/2947/1772 377/421/359 376/420/358
f 1765/2255/1765 326/348/300 340/4791/316 1760/2256/1760
f 1741/2230/1741 1693/4792/1693 1689/2153/1689 1688/2152/1688
f 1741/2230/1741 1739/2228/1739 1738/2227/1738 1693/4792/1693
f 1738/4793/1738 1698/2163/1698 1694/2159/1694 1693/2158/1693
f 1738/4793/1738 1736/4794/1736 3568/4795/3568 1698/2163/1698
f 3568/4795/3568 1703/2168/1703 1699/2164/1699 1698/2163/1698
f 3568/4796/3568 1736/4797/1736 1734/2222/1734 1733/2221/1733
f 3568/4796/3568 1733/2221/1733 3569/4798/3569 1703/4799/1703
f 3569/4798/3569 1706/4800/1706 1704/4801/1704 1703/4799/1703
f 3569/4798/3569 1733/2221/1733 1731/2220/1731 3570/4802/3570
f 3569/4798/3569 3570/4802/3570 1708/4803/1708 1706/4800/1706
f 3570/4802/3570 1731/2220/1731 1730/4804/1730 3571/4805/3571
f 3570/4802/3570 3571/4805/3571 3572/4806/3572 1708/4803/1708
f 3572/4807/3572 1711/2182/1711 1709/2178/1709 1708/2177/1708
f 3572/4807/3572 3571/4808/3571 329/352/304 328/351/303
f 3572/4807/3572 328/351/303 1713/2185/1713 1711/2182/1711
f 3571/4809/3571 1730/2216/1730 330/355/305 329/354/304
f 1662/2124/1662 175/139/124 15/133/118 1657/2119/1657
f 1632/2867/1632 76/12/12 2/8/8 72/7/7
f 1080/1346/1080 1077/1343/1077 1075/1341/1075 1074/1340/1074
f 787/953/787 784/949/784 782/947/782 781/946/781
f 726/877/726 723/874/723 721/872/721 720/871/720
f 599/703/599 597/701/597 486/556/485 485/555/484
f 593/696/593 591/694/591 489/559/488 488/558/487
f 553/4810/553 551/647/551 480/549/478 479/548/477
f 426/480/415 425/479/414 397/447/382 396/446/381
f 425/479/414 424/478/413 398/448/383 397/447/382
f 360/4811/340 359/2199/339 351/391/329 348/388/326
f 360/402/340 348/4812/326 344/378/321 343/377/320
f 318/335/292 304/314/274 36/306/266 303/313/273
f 296/305/265 2927/4813/2927 274/279/240 35/298/258
f 290/299/259 35/298/258 274/279/240 273/278/239
f 288/296/256 259/258/224 256/253/220 29/252/216
f 274/4814/240 2927/3837/2927 255/251/219 227/208/186
f 2926/3836/2926 29/248/216 255/251/219 2927/3837/2927
f 255/251/219 254/250/218 228/209/187 227/208/186
f 240/229/201 219/195/175 218/194/174 238/230/199
f 239/227/200 238/226/199 218/192/174 217/191/173
f 234/217/194 233/216/193 209/181/163 206/178/160
f 233/216/193 215/220/170 212/4815/167 209/181/163
f 229/210/188 181/146/131 178/143/128 226/207/185
f 226/207/185 178/143/128 154/115/101 222/201/179
f 212/4815/167 211/2762/166 207/179/161 209/181/163
f 196/2539/148 190/2776/142 130/81/73 9/77/69
f 180/145/130 179/144/129 139/93/82 138/92/81
