# Blender 4.4.0
# www.blender.org
mtllib Meshy_AI_Cosmic_Mantisfly_0603175844_texture.mtl
o Meshy_AI_Cosmic_Mantisfly_0603175844_texture
v -0.051244 -0.739457 -0.144344
v 0.015999 -0.687704 -0.148445
v 0.046668 -0.801866 -0.143550
v -0.032382 -0.697357 -0.147534
v 0.034701 -0.704246 -0.147694
v 0.012190 -0.839584 -0.137870
v -0.014482 -0.836529 -0.142149
v 0.037952 -0.823745 -0.140561
v -0.041468 -0.817580 -0.143205
v -0.050750 -0.801533 -0.140958
v -0.055140 -0.774430 -0.141120
v 0.053330 -0.762848 -0.141779
v -0.010326 -0.682531 -0.144800
v 0.023339 -0.679302 -0.129288
v -0.014125 -0.839467 -0.138132
v 0.049131 -0.800583 -0.140989
v -0.043725 -0.692927 -0.121918
v -0.028948 -0.834918 -0.134334
v -0.056864 -0.743418 -0.126359
v -0.014458 -0.674933 -0.125616
v 0.027162 -0.835260 -0.123169
v 0.034345 -0.829830 -0.115545
v -0.042481 -0.823958 -0.119189
v 0.043036 -0.692937 -0.118009
v 0.056583 -0.762825 -0.126577
v 0.016516 -0.670932 -0.106693
v -0.025460 -0.832970 -0.104450
v 0.044524 -0.816540 -0.111702
v 0.054351 -0.785917 -0.111433
v -0.058318 -0.770411 -0.111445
v -0.032814 -0.675623 -0.106595
v 0.033868 -0.678324 -0.110208
v 0.000900 -0.837721 -0.108151
v -0.047198 -0.808860 -0.100290
v -0.034572 0.176677 -0.115152
v -0.030640 0.199776 -0.117561
v -0.012387 0.176714 -0.112458
v 0.010377 0.164233 -0.108612
v 0.013740 0.219277 -0.116572
v 0.028847 0.176642 -0.115139
v 0.047862 0.203251 -0.114917
v -0.018589 0.230714 -0.114209
v -0.041894 0.222480 -0.113500
v 0.056292 -0.758828 -0.107505
v -0.022112 -0.671260 -0.102860
v -0.026770 0.069745 -0.109333
v -0.057522 0.095608 -0.109503
v -0.019474 0.095780 -0.113450
v -0.004131 0.092261 -0.107278
v 0.024818 0.108134 -0.110522
v 0.021076 0.065209 -0.107612
v 0.047939 0.077331 -0.108955
v 0.047830 0.095687 -0.111661
v -0.012339 0.108174 -0.108598
v -0.003911 0.108386 -0.104102
v -0.065314 0.103997 -0.103741
v -0.030583 0.120476 -0.112987
v -0.015766 0.120542 -0.112085
v -0.023153 0.164487 -0.110629
v 0.032554 0.164707 -0.110595
v 0.021067 0.120533 -0.113112
v -0.065642 0.160296 -0.104478
v -0.003927 0.163956 -0.103677
v -0.100177 0.176172 -0.099367
v 0.071350 0.195496 -0.109293
v 0.001775 0.219417 -0.111419
v 0.043882 0.225873 -0.111278
v 0.046742 0.239095 -0.103201
v 0.001762 0.318565 -0.102002
v -0.011835 0.302573 -0.108501
v -0.029822 0.302152 -0.107142
v -0.029130 -0.825018 -0.093065
v 0.041732 -0.809127 -0.092768
v -0.051155 -0.719509 -0.080345
v -0.051261 -0.704096 -0.102975
v 0.001471 0.054346 -0.098258
v -0.076984 0.077292 -0.100597
v 0.075657 0.104589 -0.099500
v 0.083099 0.139756 -0.101730
v -0.003993 0.116770 -0.106248
v -0.084993 0.136038 -0.101979
v 0.067855 0.160289 -0.103390
v 0.095182 0.172006 -0.099583
v 0.047389 0.251639 -0.105775
v -0.065192 0.243048 -0.097833
v 0.020402 0.298625 -0.109270
v 0.012886 0.319064 -0.105014
v 0.027089 -0.825106 -0.093026
v -0.022857 0.037941 -0.092756
v -0.069428 0.046353 -0.092232
v 0.074943 0.073374 -0.099630
v -0.076824 0.092055 -0.102576
v -0.100960 0.203075 -0.097937
v 0.114922 0.250380 -0.076769
v 0.060041 0.298309 -0.095978
v -0.049245 0.298324 -0.101429
v -0.011573 0.318969 -0.104787
v -0.015227 0.331165 -0.106930
v -0.003558 0.389416 -0.099211
v 0.009990 0.331105 -0.106161
v -0.045680 0.374020 -0.101816
v -0.057099 0.354748 -0.099122
v 0.047772 0.351014 -0.101537
v -0.015477 0.389476 -0.103333
v 0.047719 0.377688 -0.099570
v -0.029058 0.402614 -0.095290
v 0.001544 0.402519 -0.095395
v -0.045589 -0.766087 -0.064915
v -0.036280 -0.678195 -0.091784
v 0.020912 0.038011 -0.092886
v 0.082278 0.088315 -0.098230
v -0.065156 0.319560 -0.085996
v -0.065080 0.328619 -0.091462
v 0.001863 0.418580 -0.098697
v 0.020485 0.415078 -0.102209
v -0.033766 0.415303 -0.100191
v -0.011918 0.414858 -0.102004
v -0.018098 0.486074 -0.099094
v 0.009897 0.497698 -0.099469
v 0.031681 0.454010 -0.099948
v -0.045622 0.521473 -0.091367
v -0.015402 0.547814 -0.090146
v -0.006737 -0.830932 -0.093029
v 0.049352 -0.758431 -0.076487
v 0.048982 -0.707991 -0.087858
v 0.027339 -0.673547 -0.095407
v 0.066495 0.033453 -0.083213
v -0.108980 0.156400 -0.088097
v 0.102693 0.156192 -0.090196
v 0.074924 0.319289 -0.080979
v 0.102468 0.378599 -0.073144
v 0.023820 0.402968 -0.096456
v 0.051260 0.419097 -0.093788
v 0.001909 0.509340 -0.094382
v 0.063688 0.490090 -0.082837
v 0.098699 0.509185 -0.073565
v -0.044975 -0.692784 -0.084304
v -0.018260 -0.674307 -0.073876
v 0.001481 0.041642 -0.090594
v -0.088687 0.046633 -0.083157
v 0.090316 0.057484 -0.085680
v 0.121900 0.128759 -0.076484
v 0.126218 0.176655 -0.085568
v -0.128325 0.173177 -0.084286
v 0.133861 0.187884 -0.082003
v -0.108756 0.410308 -0.067674
v -0.085029 0.405774 -0.075641
v -0.093260 0.454830 -0.077970
v -0.065724 0.489917 -0.082954
v 0.102969 0.473883 -0.076824
v 0.055437 0.548052 -0.082417
v -0.004212 0.547429 -0.083934
v 0.042106 -0.689017 -0.088003
v -0.069363 0.025413 -0.082710
v -0.026289 -0.009952 -0.080219
v -0.135813 0.191771 -0.082085
v -0.128702 0.241929 -0.075933
v -0.112852 0.250709 -0.078059
v 0.077517 0.343251 -0.087170
v 0.063766 0.406863 -0.083674
v 0.020765 0.547980 -0.090273
v 0.013756 0.556806 -0.084321
v 0.023985 -0.677869 -0.070514
v 0.067359 0.025136 -0.082747
v 0.015705 -0.074208 -0.064793
v -0.127716 0.157261 -0.074147
v 0.114730 0.326716 -0.060835
v -0.116661 0.326791 -0.060994
v -0.080807 0.547496 -0.072094
v -0.019043 0.556350 -0.084530
v 0.039731 0.556201 -0.080510
v -0.026603 0.569114 -0.084880
v -0.015746 0.568783 -0.084399
v 0.017126 0.565565 -0.085379
v 0.001813 0.557305 -0.078475
v 0.039683 0.569355 -0.082111
v 0.021164 0.579583 -0.081180
v -0.006673 -0.309023 -0.075485
v -0.017720 -0.229959 -0.077727
v 0.015330 -0.226175 -0.074521
v 0.019231 -0.329239 -0.068975
v -0.021725 -0.074519 -0.065442
v -0.068532 0.006409 -0.075867
v 0.082611 0.021939 -0.074527
v -0.096053 0.025812 -0.068153
v -0.127747 0.132512 -0.073148
v 0.131193 0.152788 -0.065320
v 0.137905 0.222792 -0.074438
v -0.108415 0.477794 -0.074878
v -0.080799 0.556211 -0.063962
v -0.053103 0.569335 -0.077799
v 0.001519 0.579297 -0.074922
v 0.036052 0.587003 -0.074401
v -0.006538 -0.797974 -0.050149
v 0.022915 -0.796298 -0.056759
v -0.035889 -0.781290 -0.056763
v -0.021227 -0.796162 -0.053988
v 0.041800 -0.766146 -0.061199
v 0.034882 -0.692690 -0.068389
v 0.035707 -0.710921 -0.055244
v -0.033973 -0.685358 -0.072389
v -0.029579 -0.249621 -0.072031
v -0.146993 0.222648 -0.068519
v 0.114322 0.414577 -0.063698
v 0.078838 0.547773 -0.072073
v 0.085646 0.560895 -0.059772
v -0.044876 0.586830 -0.071947
v 0.051047 0.579517 -0.073331
v -0.027320 0.592534 -0.069158
v -0.002873 -0.669427 -0.071940
v -0.028933 -0.400730 -0.068283
v 0.011973 -0.408664 -0.073128
v -0.017439 -0.536194 -0.065412
v -0.040503 -0.053908 -0.058677
v -0.118934 0.049869 -0.060117
v 0.133057 0.132346 -0.061700
v -0.163142 0.173131 -0.049045
v -0.157277 0.199427 -0.060898
v 0.142035 0.258341 -0.057725
v -0.136115 0.512849 -0.049303
v -0.049161 0.604205 -0.050751
v 0.025179 0.592628 -0.069160
v -0.037557 -0.703447 -0.059372
v 0.022755 -0.672971 -0.068425
v -0.010127 -0.639387 -0.071942
v 0.011859 -0.524074 -0.066529
v 0.026551 -0.523995 -0.059367
v 0.037629 -0.321352 -0.056060
v -0.046904 -0.404697 -0.052829
v -0.043506 -0.082725 -0.052477
v 0.050559 -0.045309 -0.052796
v 0.122541 0.057615 -0.057192
v 0.173419 0.231044 -0.037278
v -0.147826 0.258491 -0.054772
v -0.076502 0.596128 -0.041181
v 0.005709 0.591561 -0.059373
v 0.033805 -0.687831 -0.061751
v 0.109804 0.026263 -0.053306
v -0.138867 0.154203 -0.056898
v 0.180390 0.173059 -0.033245
v -0.030028 0.680764 -0.064981
v -0.014744 0.699713 -0.064147
v -0.010787 0.649449 -0.064810
v 0.031877 0.672991 -0.064271
v 0.013119 0.707177 -0.061366
v -0.041070 0.695840 -0.058535
v 0.033314 -0.777476 -0.053838
v -0.060536 -0.036912 -0.051887
v 0.133154 0.072959 -0.041779
v -0.126095 0.100853 -0.065056
v -0.166823 0.219439 -0.044263
v 0.158177 0.437982 -0.033260
v 0.126909 0.539721 -0.041384
v -0.110250 0.555771 -0.041013
v 0.078836 0.598923 -0.033613
v -0.007698 0.588977 -0.061084
v -0.026603 0.599887 -0.057615
v 0.051607 0.604077 -0.048528
v -0.045263 0.641601 -0.058396
v 0.042996 0.688152 -0.058468
v -0.031059 -0.749173 -0.040442
v 0.046543 -0.686889 -0.041952
v -0.046941 -0.527901 -0.037637
v 0.042769 -0.420513 -0.053669
v 0.051742 -0.249643 -0.041432
v -0.048776 -0.221907 -0.053033
v 0.042245 -0.082508 -0.048592
v 0.154371 0.164788 -0.049583
v -0.156259 0.314566 -0.043589
v -0.155671 0.438162 -0.036794
v 0.109416 0.555368 -0.040432
v 0.050496 0.661098 -0.055931
v -0.067860 0.672672 -0.043728
v 0.046754 0.707188 -0.049479
v -0.041063 0.722509 -0.044584
v -0.058903 -0.384880 -0.030276
v -0.131771 0.053383 -0.039254
v 0.134028 0.512897 -0.049328
v -0.059905 0.707231 -0.040460
v -0.018405 0.733947 -0.044283
v 0.023811 0.731703 -0.044532
v 0.018383 -0.763604 -0.031990
v 0.046216 -0.591845 -0.038074
v 0.049308 -0.309372 -0.040842
v -0.062303 -0.061396 -0.029782
v 0.169992 0.166403 -0.040204
v -0.076253 0.691906 -0.029391
v -0.020365 -0.764056 -0.033073
v 0.053131 -0.420550 -0.037814
v -0.058640 -0.241672 -0.034040
v 0.263575 -0.117895 -0.045251
v 0.270169 -0.127664 -0.040130
v 0.260675 -0.127419 -0.040795
v -0.256408 -0.123552 -0.040646
v -0.268454 -0.107352 -0.044847
v -0.250748 -0.106226 -0.043671
v 0.266289 -0.103789 -0.043861
v 0.249292 -0.113454 -0.042489
v 0.236091 -0.078965 -0.039946
v -0.241917 -0.083082 -0.040376
v -0.095733 -0.013007 -0.040823
v 0.093054 -0.019956 -0.033819
v -0.126945 0.026728 -0.025332
v -0.175576 0.165251 -0.025697
v 0.173602 0.338561 -0.030839
v -0.098051 0.590863 -0.022007
v 0.077639 0.603543 -0.026323
v -0.083588 0.603100 -0.021709
v 0.063693 0.703361 -0.036989
v 0.039069 0.726633 -0.041104
v -0.006327 -0.772610 -0.034058
v 0.049701 -0.511987 -0.026653
v 0.061690 -0.069815 -0.018539
v -0.262718 -0.129222 -0.038046
v -0.275418 -0.121428 -0.042311
v 0.281003 -0.121146 -0.034016
v 0.275766 -0.104284 -0.037158
v -0.244656 -0.112358 -0.037530
v 0.225737 -0.081596 -0.036250
v 0.141614 0.146043 -0.026902
v -0.156484 0.157710 -0.030655
v 0.188441 0.187595 -0.022897
v -0.138431 0.550513 -0.010194
v -0.051937 0.729674 -0.029318
v -0.006706 0.745651 -0.033472
v -0.047561 -0.714018 -0.030487
v -0.215376 -0.435991 -0.038712
v -0.206540 -0.432930 -0.040070
v -0.213168 -0.441018 -0.036759
v -0.194675 -0.435687 -0.033913
v 0.199391 -0.442737 -0.028811
v 0.208019 -0.433178 -0.041078
v 0.213789 -0.441720 -0.034056
v 0.213970 -0.436549 -0.038113
v 0.188244 -0.436461 -0.033137
v 0.265786 -0.132047 -0.028138
v -0.278886 -0.127669 -0.034143
v -0.283895 -0.114799 -0.033657
v 0.214659 -0.080496 -0.022528
v 0.253772 -0.079461 -0.036807
v -0.243969 -0.064163 -0.035474
v -0.154165 0.040243 -0.035532
v 0.128339 0.031070 -0.027286
v 0.136991 0.037465 -0.031893
v 0.142804 0.056239 -0.033031
v -0.140619 0.090539 -0.022220
v 0.186238 0.267300 -0.021787
v -0.080234 0.657020 -0.029344
v 0.075011 0.672698 -0.033226
v -0.029617 0.740469 -0.033163
v 0.016124 0.743743 -0.033199
v -0.050948 -0.683092 -0.034835
v 0.049606 -0.603672 -0.023190
v -0.217580 -0.543720 -0.032951
v -0.187394 -0.503786 -0.031857
v -0.203448 -0.538780 -0.031136
v 0.215576 -0.543824 -0.032946
v 0.195266 -0.492568 -0.033117
v 0.242377 -0.575441 -0.027030
v 0.198118 -0.538884 -0.028986
v -0.197200 -0.492569 -0.033122
v 0.170571 -0.439346 -0.028766
v -0.175255 -0.435901 -0.031198
v -0.218592 -0.439531 -0.030623
v -0.203676 -0.444999 -0.026201
v -0.216868 -0.430958 -0.027215
v 0.157324 -0.433913 -0.029804
v 0.216405 -0.433826 -0.030772
v -0.201432 -0.412119 -0.033813
v 0.204162 -0.417028 -0.029494
v -0.167894 -0.404428 -0.032793
v -0.159342 -0.430995 -0.032707
v 0.160594 -0.424765 -0.034576
v 0.168428 -0.408731 -0.033385
v 0.208762 -0.400620 -0.036072
v -0.211625 -0.403389 -0.034021
v -0.205894 -0.397281 -0.037278
v -0.169951 -0.389142 -0.036358
v -0.161350 -0.389195 -0.030328
v -0.167808 -0.378411 -0.029625
v 0.060796 -0.233747 -0.018854
v -0.243186 -0.249051 -0.028441
v -0.249496 -0.178191 -0.032133
v -0.231629 -0.210419 -0.029326
v 0.212132 -0.364703 -0.024935
v 0.241536 -0.162819 -0.028939
v 0.255226 -0.150624 -0.030593
v -0.064234 -0.074093 -0.011123
v -0.262943 -0.130619 -0.030104
v -0.278345 -0.095944 -0.026203
v -0.216431 -0.075650 -0.029330
v -0.135260 0.030387 -0.028319
v -0.175569 0.045163 -0.025017
v -0.142016 0.044844 -0.033315
v -0.152072 0.067231 -0.026477
v 0.137627 0.079411 -0.033050
v 0.136427 0.095407 -0.023079
v -0.140271 0.098987 0.000290
v -0.143372 0.145887 -0.026923
v 0.165561 0.492864 -0.002329
v 0.033936 -0.758227 -0.005583
v 0.053047 -0.702698 -0.001098
v -0.053161 -0.683741 -0.002404
v 0.242899 -0.581050 -0.025059
v 0.224774 -0.566280 -0.029305
v -0.244146 -0.571297 -0.026971
v -0.238795 -0.576324 -0.025059
v -0.180905 -0.506982 -0.025803
v 0.183208 -0.522851 -0.019031
v 0.170317 -0.471983 -0.025672
v 0.209254 -0.497360 -0.025636
v -0.172753 -0.475844 -0.025837
v -0.166535 -0.434175 -0.029110
v -0.156628 -0.433884 -0.026345
v 0.153088 -0.431162 -0.026440
v -0.155620 -0.428339 -0.029707
v -0.205584 -0.416716 -0.029570
v 0.163503 -0.404858 -0.029565
v 0.211589 -0.403533 -0.030439
v 0.159493 -0.389216 -0.030441
v 0.165492 -0.386038 -0.035272
v -0.208688 -0.361149 -0.028654
v -0.199171 -0.349890 -0.027472
v 0.189424 -0.354713 -0.025982
v 0.207205 -0.352889 -0.028647
v 0.190336 -0.347042 -0.021720
v -0.214759 -0.372676 -0.022209
v 0.210346 -0.285911 -0.028103
v 0.260365 -0.169760 -0.028269
v -0.240736 -0.150673 -0.021863
v -0.268837 -0.131855 -0.025969
v 0.254447 -0.125294 -0.026199
v -0.256007 -0.126571 -0.025132
v 0.281124 -0.125205 -0.020002
v 0.283932 -0.107656 -0.022802
v 0.065449 -0.064935 0.000080
v -0.169153 0.155465 -0.020848
v -0.183137 0.330714 -0.024998
v 0.004325 -0.769094 -0.028394
v -0.030781 -0.760638 -0.009872
v -0.244794 -0.578729 -0.022064
v 0.237244 -0.581439 -0.022487
v 0.246085 -0.573082 -0.022239
v -0.212256 -0.557328 -0.022737
v 0.202357 -0.549916 -0.022751
v -0.218585 -0.512945 -0.022318
v 0.202021 -0.447203 -0.022473
v 0.217635 -0.439534 -0.003908
v 0.164903 -0.438000 -0.022101
v 0.061128 -0.241645 0.003842
v -0.269390 -0.161649 -0.021598
v 0.241216 -0.143581 -0.021623
v -0.287767 -0.114360 -0.019220
v 0.226588 -0.095702 -0.008158
v 0.233229 -0.032334 -0.022030
v -0.101367 -0.024965 -0.006615
v -0.130055 0.023470 -0.020732
v 0.170940 0.153125 -0.014242
v -0.189492 0.259493 -0.018302
v -0.174762 0.449470 -0.009952
v -0.166525 0.492317 -0.005740
v 0.075942 0.699612 -0.021793
v 0.008946 0.757901 -0.006524
v -0.013583 -0.771472 -0.013314
v 0.004560 -0.773266 -0.013230
v -0.055789 -0.702737 -0.000432
v -0.171407 -0.479724 -0.011832
v -0.215694 -0.441135 0.006480
v -0.167066 -0.437984 -0.008669
v -0.061838 -0.396705 -0.011415
v -0.193031 -0.342885 -0.018432
v -0.193707 -0.342802 -0.009132
v 0.262338 -0.193147 -0.015369
v 0.274431 -0.128412 -0.015976
v -0.276238 -0.128680 -0.016276
v 0.251309 -0.121920 -0.022452
v -0.286034 -0.121519 -0.019642
v 0.152952 0.085377 -0.007001
v -0.158708 0.081971 -0.003480
v 0.148648 0.142045 0.033030
v 0.190520 0.173075 -0.014323
v -0.194764 0.240347 0.002588
v 0.133763 0.559936 0.001328
v 0.054340 0.739420 -0.006535
v -0.011111 0.758690 -0.002815
v 0.035241 0.753297 0.001019
v 0.221983 -0.569209 -0.004877
v -0.048313 -0.555861 -0.000904
v -0.195528 -0.537941 -0.005046
v -0.186297 -0.522581 -0.005194
v 0.169909 -0.439244 -0.001292
v -0.159237 -0.434630 -0.000729
v 0.155848 -0.422216 0.002210
v -0.165492 -0.405050 -0.000739
v 0.159071 -0.389254 -0.004045
v 0.058900 -0.416522 -0.011521
v -0.161404 -0.389187 -0.000408
v 0.213275 -0.364427 -0.005584
v 0.215526 -0.364047 -0.012255
v 0.161240 -0.382761 -0.004202
v -0.215351 -0.372501 -0.008544
v -0.250102 -0.117573 -0.009014
v -0.283439 -0.100417 -0.008114
v -0.194917 -0.056265 -0.007889
v 0.099519 -0.024924 -0.006713
v 0.129749 0.014237 -0.006779
v -0.130334 0.014232 0.000302
v -0.155330 0.082335 -0.014162
v 0.186958 0.378053 -0.005457
v 0.087684 0.603654 -0.003020
v 0.089042 0.668687 -0.002796
v -0.088814 0.668693 -0.010347
v 0.073035 0.718661 -0.006516
v -0.064439 0.730165 -0.010339
v 0.050877 -0.676432 0.001449
v 0.241743 -0.583268 -0.008178
v -0.246711 -0.577310 -0.005193
v -0.221432 -0.565141 -0.005001
v -0.249236 -0.572484 -0.008386
v 0.170461 -0.483662 -0.008515
v 0.202531 -0.442807 -0.001023
v 0.211299 -0.441464 0.006959
v -0.212792 -0.403265 0.002912
v 0.163556 -0.405005 -0.000720
v 0.191618 -0.342900 -0.009282
v 0.062198 -0.074023 0.003773
v 0.229901 -0.179009 -0.008877
v 0.112106 0.002824 -0.011064
v -0.124601 0.012672 -0.002833
v 0.137164 0.099073 0.008042
v -0.154157 0.151763 0.006018
v -0.191215 0.259418 -0.009979
v -0.190945 0.346503 -0.009745
v 0.197585 0.342769 -0.002216
v 0.189199 0.259486 -0.010117
v 0.246595 -0.576464 -0.005306
v 0.204469 -0.477129 -0.005096
v 0.048232 -0.535860 -0.004562
v -0.176969 -0.491543 -0.002046
v -0.204118 -0.442729 -0.001031
v 0.155050 -0.431104 0.002236
v -0.156557 -0.428343 0.002742
v 0.204002 -0.417559 0.001311
v -0.269798 -0.165505 -0.008930
v 0.272975 -0.129388 -0.009330
v 0.253679 -0.117376 -0.002141
v -0.279446 -0.123370 -0.009117
v 0.280778 -0.119810 -0.000899
v -0.286295 -0.114002 -0.004523
v -0.251003 -0.112642 0.010934
v 0.157004 0.078405 0.006964
v 0.283230 -0.104021 -0.008016
v -0.113683 0.002796 -0.011138
v 0.122998 0.011810 0.000757
v 0.142490 0.142186 0.036128
v -0.183353 0.149931 0.022579
v -0.186453 0.168540 0.001248
v -0.418829 0.396524 -0.004345
v -0.419259 0.410560 -0.007898
v -0.409173 0.413733 -0.008582
v -0.385903 0.382568 -0.003488
v 0.421033 0.417004 -0.001741
v 0.413732 0.403305 -0.007857
v 0.404495 0.416906 -0.005629
v -0.076159 0.718675 -0.002768
v -0.041086 0.749545 -0.006534
v -0.038170 -0.793563 0.008057
v -0.039033 -0.543768 0.016910
v -0.215641 -0.513323 -0.001227
v 0.178880 -0.504642 -0.002132
v -0.205750 -0.473084 -0.005434
v 0.199266 -0.447161 -0.002150
v -0.282615 -0.119952 -0.000930
v -0.066873 -0.065246 0.003811
v 0.192410 0.243655 -0.001853
v -0.209495 0.248863 0.001393
v -0.211695 0.267443 -0.003512
v -0.196681 0.260098 -0.004240
v 0.194544 0.260014 -0.004248
v 0.194550 0.282761 -0.002773
v 0.206494 0.260239 -0.003822
v 0.226554 0.273197 0.009071
v -0.194430 0.278470 -0.004294
v -0.373112 0.362867 -0.001132
v 0.423908 0.399878 -0.001077
v 0.375172 0.366967 -0.001141
v -0.188511 0.397269 0.002875
v 0.369310 0.376713 0.002933
v -0.416154 0.419584 -0.005914
v -0.396178 0.408181 -0.002118
v 0.180847 0.445298 0.011799
v -0.126835 0.570926 0.001122
v -0.089784 0.684185 0.001034
v -0.003276 -0.796906 0.006543
v 0.029872 -0.803628 0.014231
v -0.050333 -0.790075 0.009433
v 0.051658 -0.770421 0.008343
v -0.057524 -0.734484 0.008960
v 0.050431 -0.742358 0.007460
v 0.209484 -0.550356 0.001183
v -0.175314 -0.435852 0.002231
v -0.218753 -0.436757 0.003502
v -0.203655 -0.417388 0.003933
v -0.392871 -0.328203 -0.001350
v -0.384129 -0.332597 0.006425
v -0.398522 -0.330935 0.002297
v 0.251734 -0.217196 -0.002389
v 0.210072 -0.282002 -0.002212
v -0.062369 -0.245661 0.007662
v -0.395809 -0.161748 0.003698
v -0.424237 -0.014976 -0.001806
v -0.385534 -0.134315 0.001080
v 0.091230 -0.036666 0.005725
v -0.422019 0.012192 0.000217
v -0.459728 0.097190 0.008082
v 0.196486 0.245495 0.002639
v 0.214401 0.259514 0.000983
v -0.219438 0.270261 0.003469
v -0.204266 0.305670 0.009689
v 0.199039 0.379141 0.007110
v -0.198040 0.378353 0.003981
v 0.368141 0.337103 0.007399
v -0.422827 0.391867 0.002321
v -0.425671 0.413257 -0.002253
v -0.422159 0.417736 -0.002393
v -0.324757 0.442824 -0.001318
v -0.225964 0.399015 0.003614
v -0.276445 0.397036 0.008275
v -0.293750 0.449679 -0.000150
v -0.181413 0.457273 0.017404
v -0.175901 0.484666 0.024271
v 0.228184 0.410319 0.002823
v 0.224796 0.425199 0.005975
v 0.315440 0.461156 -0.000294
v 0.330348 0.443030 -0.000230
v -0.332647 0.457766 -0.000862
v 0.345311 0.450707 0.003116
v 0.334467 0.469161 0.003138
v -0.336266 0.471543 0.004699
v -0.151573 0.539942 0.020296
v -0.093368 0.637283 0.023769
v 0.086040 0.695741 0.008601
v 0.045896 0.751824 0.028275
v 0.036058 -0.793467 0.008002
v 0.044427 -0.656446 0.010864
v 0.231187 -0.563552 0.001562
v -0.056612 -0.392646 0.018814
v 0.059359 -0.361046 0.003787
v 0.211073 -0.403427 0.002698
v 0.165288 -0.389233 0.007119
v 0.166568 -0.378890 0.002414
v -0.354545 -0.358074 0.003422
v -0.349884 -0.352574 -0.000295
v -0.345770 -0.355879 0.005440
v -0.360722 -0.336628 0.006420
v 0.343489 -0.355985 0.005415
v 0.340679 -0.332342 0.005735
v 0.348748 -0.355904 0.000054
v 0.349525 -0.346114 -0.000134
v -0.342015 -0.328384 0.005029
v 0.394007 -0.333552 0.002291
v 0.378991 -0.331790 0.005875
v 0.393403 -0.328817 -0.001166
v -0.398602 -0.323024 0.005534
v 0.374784 -0.309512 0.004152
v -0.376559 -0.309059 0.004237
v 0.379979 -0.309288 0.007022
v 0.400032 -0.328975 0.009007
v 0.203895 -0.353172 -0.000187
v 0.321443 -0.316758 0.005966
v 0.340416 -0.274154 0.007245
v 0.330967 -0.319989 0.001690
v 0.373944 -0.282349 0.005670
v 0.384698 -0.300513 0.003122
v -0.231626 -0.288880 -0.000112
v -0.238668 -0.202207 0.003003
v -0.268147 -0.125320 -0.001455
v 0.263701 -0.120757 0.000286
v 0.244963 -0.162695 0.002057
v -0.258654 -0.121622 -0.000898
v 0.389783 -0.177753 0.004828
v 0.347620 -0.230618 0.010634
v 0.418990 -0.015092 -0.001813
v -0.259249 -0.116463 0.003343
v 0.408082 -0.117907 0.004465
v 0.248321 -0.111983 0.010664
v 0.272560 -0.100080 0.009321
v 0.439385 -0.006369 0.006619
v -0.441310 -0.006344 0.006563
v -0.084900 -0.044967 0.009104
v 0.413338 0.011985 0.004579
v 0.105619 -0.016211 0.021500
v -0.412131 0.007975 0.006765
v 0.133024 0.016134 0.010439
v 0.460769 0.093584 0.010454
v -0.450181 0.113395 0.006201
v 0.444870 0.108031 0.008112
v -0.470658 0.102120 0.004246
v -0.473193 0.108579 0.003601
v -0.464651 0.112622 0.000870
v 0.465401 0.115775 0.000849
v 0.469002 0.098608 0.006878
v 0.472839 0.111940 0.006131
v -0.438740 0.129255 0.003949
v 0.443450 0.125022 0.002988
v 0.464108 0.131998 0.010183
v -0.150384 0.142139 0.032791
v -0.148309 0.147810 0.012654
v 0.386705 0.175673 0.004627
v -0.187753 0.152963 0.025264
v -0.225370 0.247834 0.001415
v -0.221887 0.234233 0.007127
v 0.238911 0.237463 0.009398
v 0.201212 0.309929 0.012755
v -0.301138 0.287640 0.006847
v -0.294097 0.290615 0.007557
v -0.351616 0.324739 0.004486
v -0.202111 0.363663 0.015906
v 0.295551 0.287213 0.007028
v 0.285041 0.294235 0.011208
v -0.201050 0.390288 0.007435
v 0.274791 0.404113 0.004077
v 0.427811 0.406256 0.005135
v -0.323269 0.421239 0.007233
v -0.399742 0.416449 0.006882
v 0.403916 0.420680 0.005053
v 0.410678 0.420368 0.005177
v 0.333585 0.432329 0.004948
v -0.226872 0.428960 0.007437
v 0.315651 0.473331 0.006872
v 0.341617 0.471182 0.007020
v 0.125816 0.570820 0.008509
v -0.067329 0.733540 0.020021
v 0.424882 0.743447 0.007279
v 0.433019 0.765855 0.006209
v 0.436754 0.757123 0.002737
v 0.436704 0.765903 0.004221
v -0.441756 0.766409 0.006359
v -0.437146 0.768808 0.008633
v -0.436437 0.756839 0.001739
v 0.286888 0.789631 0.003045
v 0.270148 0.773003 0.005751
v 0.279700 0.788592 0.000257
v 0.244187 0.721130 0.007377
v 0.228364 0.788075 0.001675
v 0.234899 0.800162 0.003937
v -0.287393 0.789488 0.001908
v -0.294320 0.793618 0.009628
v -0.280255 0.801499 0.002936
v -0.272506 0.772733 0.006037
v -0.275433 0.813213 0.007545
v -0.249359 0.815831 0.008217
v -0.234574 0.800651 0.003505
v -0.230351 0.788103 0.001439
v -0.225442 0.787622 0.005711
v 0.222776 0.785006 0.005872
v 0.292285 0.792439 0.009508
v -0.230407 0.815626 0.001270
v 0.222847 0.812420 0.005927
v 0.231613 0.818636 0.002047
v 0.260834 0.824179 0.006186
v 0.276202 0.828034 -0.000910
v 0.281629 0.825809 0.000088
v -0.280810 0.825547 -0.000393
v -0.292274 0.829363 0.009286
v -0.284084 0.830964 -0.000318
v 0.265717 0.838361 0.010981
v 0.288863 0.832796 0.005992
v 0.282921 0.835796 0.005483
v -0.031294 -0.803520 0.013924
v 0.079943 -0.691583 0.008966
v -0.086062 -0.715154 0.011030
v -0.081830 -0.684292 0.010361
v 0.107760 -0.672087 0.022359
v -0.050907 -0.668292 0.003995
v -0.232617 -0.559896 0.001370
v -0.195092 -0.519555 0.003509
v 0.198205 -0.480816 0.001907
v -0.205994 -0.527827 0.004707
v 0.197121 -0.527364 0.003500
v 0.213625 -0.433969 0.010232
v -0.170797 -0.404183 0.004532
v 0.203892 -0.397202 0.008578
v 0.168965 -0.404327 0.004539
v -0.164527 -0.392244 0.005673
v -0.208461 -0.373603 0.001164
v -0.168122 -0.382769 0.005093
v -0.392099 -0.364964 0.005804
v -0.411925 -0.398980 0.011432
v -0.391982 -0.385734 0.013571
v -0.198759 -0.346046 -0.002576
v 0.392800 -0.389789 0.010788
v 0.359388 -0.343489 0.008734
v 0.389316 -0.361600 0.006034
v 0.349083 -0.363593 0.009174
v -0.212923 -0.340742 0.000223
v -0.357774 -0.355260 0.009764
v 0.324928 -0.322675 0.008813
v -0.327033 -0.316772 0.001979
v -0.327527 -0.321979 0.005645
v -0.323498 -0.316409 0.005839
v -0.383376 -0.309343 0.009394
v -0.342929 -0.270293 0.007661
v -0.383580 -0.294769 0.001820
v 0.389839 -0.297766 0.009596
v -0.391607 -0.295167 0.009561
v -0.382684 -0.282806 0.010358
v -0.375988 -0.282417 0.005482
v -0.362841 -0.178741 0.009695
v -0.375252 -0.115394 0.013543
v -0.268918 -0.120093 0.014053
v -0.278701 -0.111050 0.009895
v 0.079977 -0.043683 0.020923
v -0.099387 -0.029538 0.009918
v -0.440884 0.117589 0.013647
v -0.144133 0.087002 0.019029
v -0.473713 0.098222 0.010026
v -0.470294 0.129806 0.013332
v -0.138274 0.112548 0.012328
v -0.170649 0.139531 0.026293
v 0.178279 0.145520 0.022640
v -0.391621 0.182352 0.006517
v 0.377443 0.193762 0.008042
v 0.296513 0.221384 0.009323
v 0.334682 0.214898 0.005524
v -0.286439 0.225643 0.011421
v -0.309597 0.223946 0.005938
v -0.351238 0.216766 0.011116
v 0.296531 0.250616 0.013519
v 0.283344 0.243514 0.006098
v -0.300867 0.238189 0.008815
v -0.248776 0.244482 0.008420
v 0.219721 0.234135 0.007224
v 0.198572 0.232767 0.018056
v -0.292143 0.259607 0.008765
v 0.289893 0.255351 0.009159
v 0.251717 0.277576 0.011114
v -0.253772 0.278164 0.011424
v -0.228471 0.278284 0.014315
v 0.306509 0.277168 0.014226
v -0.310801 0.280635 0.013590
v -0.371539 0.380312 0.005950
v -0.366026 0.329873 0.010347
v 0.200314 0.364164 0.017186
v 0.420400 0.388557 0.005896
v 0.206199 0.369668 0.017925
v -0.197901 0.409054 0.010688
v -0.391965 0.413885 0.017081
v -0.429365 0.402014 0.019265
v 0.194950 0.417324 0.015283
v 0.282047 0.394838 0.014273
v -0.413600 0.420114 0.005370
v 0.348522 0.436637 0.013760
v -0.350365 0.436643 0.013703
v -0.354427 0.464819 0.009704
v -0.258877 0.454428 0.010936
v 0.256896 0.454668 0.011042
v 0.355417 0.464456 0.014013
v -0.309994 0.475863 0.011694
v 0.392787 0.413309 0.010369
v 0.397239 0.501863 0.008147
v -0.327814 0.480214 0.014385
v 0.420355 0.565682 0.007539
v 0.411323 0.652839 0.006950
v -0.406209 0.557523 0.005794
v -0.421966 0.412435 0.015203
v -0.425776 0.577585 0.010189
v -0.296835 0.546332 0.007916
v -0.288841 0.597320 0.005029
v -0.287016 0.542784 0.009864
v 0.283648 0.589552 0.004856
v 0.296855 0.596982 0.009057
v 0.288254 0.542762 0.008623
v -0.306420 0.546155 0.014049
v -0.271802 0.605811 0.008788
v -0.297004 0.616629 0.010889
v 0.269135 0.598026 0.010719
v -0.423615 0.677416 0.008985
v -0.088681 0.604444 0.031317
v 0.251193 0.673802 0.014586
v 0.274022 0.680742 0.010845
v -0.258642 0.677189 0.010208
v -0.276375 0.689243 0.010972
v -0.410414 0.689120 0.009240
v 0.424746 0.673900 0.011068
v 0.446523 0.704405 0.001980
v 0.432022 0.679383 0.014052
v 0.452399 0.698372 0.005851
v -0.448541 0.720746 0.005913
v -0.429105 0.740667 0.006237
v -0.412860 0.731830 0.003290
v 0.405468 0.685020 0.011409
v 0.411294 0.731664 0.003319
v 0.426803 0.704814 0.007268
v 0.454038 0.713426 0.007889
v -0.451333 0.698585 0.003393
v -0.458717 0.704721 0.013808
v -0.456488 0.713340 0.007946
v 0.465606 0.720612 0.002022
v 0.468279 0.715475 0.006246
v -0.467849 0.718163 0.002207
v 0.471521 0.720291 0.009219
v 0.402424 0.727602 0.012914
v -0.474213 0.719058 0.012703
v -0.469055 0.725334 0.009079
v 0.266406 0.737219 0.006779
v -0.461030 0.732696 0.007750
v -0.443494 0.752366 0.008120
v -0.410653 0.734224 0.006036
v 0.437532 0.745110 0.006711
v -0.268755 0.712640 0.008174
v -0.274251 0.720395 0.013487
v -0.272790 0.756731 0.004081
v 0.408664 0.734174 0.006122
v 0.454141 0.732603 0.006091
v 0.465295 0.732960 0.013378
v -0.460781 0.751822 0.005046
v -0.423101 0.741919 0.009665
v 0.273387 0.763196 0.004489
v -0.231740 0.745664 0.009880
v 0.445200 0.754642 0.010955
v 0.491731 0.774799 0.007869
v -0.511029 0.776905 0.008065
v -0.030652 0.758101 0.021909
v 0.038834 0.753973 0.021910
v 0.500770 0.765880 0.008008
v -0.279522 0.760324 0.009573
v -0.486807 0.777677 0.010796
v 0.228073 0.745598 0.013299
v 0.275967 0.774025 0.013175
v -0.294372 0.789797 0.013039
v 0.241307 0.830406 0.010700
v -0.229513 0.800928 0.009811
v 0.227420 0.800872 0.009394
v 0.273206 0.812948 0.007445
v -0.224007 0.815173 0.008954
v -0.241962 0.829761 0.010490
v -0.229135 0.820982 0.005893
v 0.223009 0.818102 0.009047
v -0.290354 0.833975 0.006362
v -0.267853 0.835973 0.010756
v 0.270931 0.834200 0.009510
v -0.285413 0.836908 0.008718
v 0.247882 -0.955202 0.014043
v 0.227906 -0.941275 0.010352
v 0.261582 -0.944254 0.011578
v -0.256718 -0.951579 0.011342
v -0.231025 -0.929824 0.012288
v -0.246153 -0.951845 0.011122
v 0.239965 -0.937544 0.011990
v 0.251304 -0.937853 0.010005
v -0.198961 -0.892994 0.008937
v -0.264908 -0.937646 0.010526
v -0.199606 -0.929162 0.014168
v -0.163918 -0.903425 0.011486
v 0.173715 -0.911412 0.011137
v 0.191780 -0.917898 0.009624
v 0.219627 -0.910008 0.009155
v -0.272372 -0.913635 0.010144
v -0.250111 -0.908860 0.012028
v 0.168062 -0.902070 0.009444
v 0.260395 -0.917245 0.012193
v 0.274203 -0.901733 0.010712
v 0.183829 -0.858377 0.012020
v 0.255565 -0.905896 0.009709
v 0.180759 -0.877416 0.011503
v 0.196343 -0.889621 0.009188
v 0.231573 -0.886167 0.009502
v 0.129166 -0.877068 0.009696
v -0.075107 -0.829882 0.009353
v -0.112572 -0.867210 0.014105
v 0.276958 -0.874484 0.011597
v -0.206318 -0.873445 0.012119
v 0.207499 -0.854152 0.012197
v 0.280521 -0.893592 0.017143
v -0.280772 -0.905253 0.017173
v -0.273115 -0.870195 0.010065
v -0.126801 -0.841185 0.011495
v 0.156177 -0.850134 0.009034
v 0.183821 -0.870198 0.009094
v -0.280311 -0.867182 0.017104
v -0.170425 -0.837654 0.009109
v 0.199706 -0.858354 0.009259
v -0.263349 -0.844226 0.011505
v -0.150178 -0.846127 0.008421
v 0.203658 -0.842894 0.009780
v 0.263410 -0.850361 0.010468
v -0.209510 -0.853912 0.012002
v -0.197936 -0.842105 0.009214
v -0.170044 -0.846131 0.012208
v 0.132285 -0.837991 0.008839
v 0.172079 -0.838078 0.009274
v 0.167999 -0.846261 0.011916
v 0.081178 -0.837606 0.009857
v 0.100580 -0.833520 0.012122
v -0.130075 -0.826189 0.011182
v 0.156260 -0.838120 0.011762
v 0.152583 -0.829418 0.009047
v 0.140303 -0.830102 0.012201
v 0.151999 -0.814749 0.009145
v 0.180023 -0.797775 0.010545
v 0.235500 -0.826765 0.010332
v 0.092617 -0.822130 0.008657
v -0.137660 -0.795083 0.011750
v -0.210387 -0.808885 0.011181
v -0.110078 -0.786999 0.008457
v -0.126400 -0.817918 0.008511
v 0.124393 -0.817952 0.008934
v -0.070414 -0.802789 0.011648
v 0.072766 -0.802337 0.011633
v 0.072619 -0.794644 0.009219
v -0.102576 -0.794441 0.011404
v 0.096780 -0.789983 0.011282
v 0.124133 -0.786490 0.011948
v 0.120142 -0.794826 0.008779
v 0.128143 -0.779265 0.009782
v -0.297419 -0.801308 0.009877
v -0.310744 -0.797030 0.011710
v -0.258162 -0.788564 0.009925
v -0.121992 -0.777219 0.009610
v 0.295719 -0.803973 0.011260
v 0.310181 -0.782461 0.009765
v 0.308557 -0.800424 0.014228
v 0.154938 -0.783859 0.014116
v 0.287526 -0.770475 0.008965
v -0.310734 -0.747636 0.011246
v -0.269484 -0.750288 0.011239
v -0.058446 -0.770460 0.009132
v 0.091652 -0.761617 0.011871
v 0.223648 -0.774561 0.009401
v -0.113020 -0.767391 0.013988
v 0.308646 -0.747716 0.011110
v 0.299575 -0.766939 0.010121
v -0.237672 -0.746753 0.009096
v -0.194476 -0.768594 0.009596
v 0.255542 -0.746597 0.011037
v -0.165203 -0.746625 0.011146
v 0.283334 -0.758991 0.011506
v 0.315592 -0.770911 0.013828
v -0.273315 -0.742991 0.008666
v 0.110855 -0.766773 0.013909
v 0.164078 -0.758333 0.008713
v -0.117795 -0.760168 0.011690
v -0.102331 -0.750933 0.007994
v 0.096458 -0.750816 0.008000
v 0.167697 -0.746109 0.011436
v 0.271375 -0.743001 0.008666
v -0.114296 -0.735007 0.010136
v 0.104466 -0.734619 0.010343
v 0.227800 -0.734781 0.008735
v 0.282301 -0.712338 0.010220
v 0.275348 -0.735063 0.011370
v -0.202096 -0.730716 0.011057
v 0.080650 -0.726985 0.008668
v -0.213740 -0.718971 0.008730
v 0.296169 -0.721700 0.013978
v -0.260615 -0.697744 0.011084
v -0.286905 -0.710278 0.013871
v 0.084058 -0.715027 0.011320
v -0.146057 -0.699564 0.010601
v 0.152082 -0.699488 0.010742
v -0.213429 -0.686395 0.014109
v 0.239249 -0.693021 0.010679
v -0.114136 -0.685771 0.011245
v 0.112361 -0.685849 0.011361
v -0.105943 -0.674124 0.018897
v -0.048787 -0.662752 0.016146
v 0.046548 -0.662464 0.017124
v 0.192585 -0.436636 0.004768
v -0.190181 -0.436187 0.004305
v -0.212762 -0.436202 0.011780
v -0.159489 -0.428423 0.005101
v 0.160315 -0.427879 0.005826
v 0.187748 -0.381178 0.003117
v -0.414961 -0.394003 0.016558
v 0.406124 -0.396404 0.009522
v -0.205994 -0.400565 0.008390
v 0.412283 -0.403354 0.013911
v -0.365538 -0.351373 0.011094
v -0.351284 -0.363298 0.012623
v -0.054558 -0.233815 0.030214
v -0.386658 -0.336081 0.013926
v 0.356575 -0.354158 0.013311
v 0.361768 -0.353679 0.016071
v 0.384351 -0.340770 0.010734
v 0.379323 -0.277715 0.011218
v -0.400965 -0.181779 0.016913
v 0.267736 -0.120992 0.012056
v 0.409015 0.015725 0.013462
v -0.092793 -0.041677 0.010524
v -0.134862 0.019366 0.014364
v -0.122757 0.009637 0.025168
v -0.128711 0.019068 0.018556
v -0.465401 0.090434 0.014411
v 0.463701 0.086437 0.024134
v -0.476696 0.101009 0.016639
v 0.438536 0.117819 0.013555
v -0.143990 0.142004 0.035994
v 0.168968 0.139309 0.026257
v 0.400605 0.183412 0.014050
v -0.237653 0.230314 0.017564
v -0.221781 0.227568 0.020685
v 0.239879 0.231461 0.014642
v -0.201216 0.234610 0.016913
v -0.303231 0.249577 0.021094
v 0.248022 0.284363 0.017944
v -0.287451 0.298295 0.014450
v -0.207879 0.369513 0.017420
v -0.268293 0.387097 0.017606
v -0.318858 0.409981 0.024348
v 0.387830 0.405144 0.019717
v 0.427374 0.404953 0.016062
v -0.201683 0.421302 0.021390
v -0.223948 0.439523 0.020870
v -0.358738 0.451032 0.013820
v -0.395994 0.497887 0.011381
v 0.358307 0.454510 0.017179
v -0.343753 0.474548 0.013358
v 0.168481 0.496359 0.016574
v 0.333489 0.479638 0.021378
v 0.151353 0.536105 0.028010
v 0.392653 0.505792 0.014004
v -0.297419 0.526540 0.014447
v 0.304130 0.543285 0.014587
v 0.297921 0.530766 0.013961
v -0.431886 0.674561 0.017313
v -0.457155 0.698461 0.012738
v 0.456946 0.711730 0.014383
v -0.457079 0.710618 0.017376
v 0.076102 0.718614 0.023810
v 0.271761 0.720365 0.013595
v -0.248633 0.689394 0.014427
v -0.403961 0.724355 0.012975
v -0.525304 0.781947 0.013238
v 0.491566 0.781156 0.013680
v 0.022933 0.759852 0.035394
v 0.436595 0.769085 0.009368
v -0.276929 0.773334 0.010026
v 0.517629 0.789909 0.013754
v 0.523790 0.786692 0.013872
v -0.522582 0.789844 0.013657
v 0.289058 0.826351 0.012718
v 0.262374 0.859911 0.009781
v -0.267546 0.872135 0.010797
v -0.266614 0.917922 0.011263
v 0.265641 0.917925 0.011825
v 0.312306 0.952722 0.013854
v -0.314559 0.948211 0.013793
v -0.311973 0.950888 0.011500
v -0.253093 -0.956448 0.017156
v 0.254288 -0.955521 0.017372
v -0.270789 -0.936398 0.013985
v 0.264394 -0.946297 0.017282
v 0.150373 -0.898746 0.018025
v 0.277062 -0.863435 0.017131
v -0.270492 -0.847409 0.017275
v 0.264703 -0.844635 0.014217
v 0.232935 -0.818156 0.020643
v -0.220175 -0.811178 0.014273
v -0.313959 -0.796654 0.016887
v -0.300863 -0.807368 0.016917
v 0.298934 -0.807280 0.017104
v -0.015671 -0.808394 0.024994
v -0.003731 -0.802407 0.017501
v -0.317371 -0.767193 0.013995
v -0.124736 -0.769137 0.020962
v 0.126206 -0.768655 0.022929
v -0.129511 -0.763940 0.022878
v 0.172920 -0.767151 0.014003
v 0.118337 -0.764339 0.019279
v -0.307731 -0.736667 0.013697
v 0.273549 -0.701649 0.016979
v -0.260971 -0.694745 0.016836
v 0.250542 -0.692033 0.017045
v 0.207572 -0.686344 0.013996
v 0.030961 -0.563755 0.021763
v 0.205039 -0.435752 0.011452
v 0.407793 -0.405487 0.016724
v 0.396754 -0.333872 0.035582
v -0.401842 -0.328661 0.035432
v 0.320319 -0.313863 0.031283
v 0.052782 -0.182163 0.026285
v 0.393893 -0.197294 0.030509
v 0.273171 -0.114347 0.013072
v -0.094462 -0.048233 0.019794
v 0.092370 -0.048070 0.019800
v 0.098306 -0.044606 0.018029
v 0.442673 -0.010133 0.017880
v 0.471717 0.093923 0.024296
v 0.333689 0.191322 0.023982
v 0.198418 0.202906 0.030789
v 0.195844 0.228703 0.029788
v 0.216419 0.228626 0.017210
v -0.254290 0.284796 0.017844
v -0.283336 0.297064 0.026629
v 0.212674 0.296727 0.013558
v 0.277006 0.294830 0.026804
v 0.420464 0.385067 0.020050
v 0.375429 0.387811 0.019533
v 0.426691 0.395606 0.019544
v 0.337353 0.424963 0.017232
v 0.419726 0.413930 0.012437
v -0.189395 0.444763 0.020997
v -0.360580 0.461271 0.020688
v 0.294930 0.475698 0.021373
v 0.304457 0.481757 0.015175
v 0.322510 0.480473 0.014052
v 0.321144 0.500918 0.016024
v 0.289229 0.522836 0.017842
v -0.280958 0.539224 0.020790
v 0.279365 0.539286 0.017773
v 0.425545 0.533967 0.017228
v 0.429196 0.669714 0.020682
v -0.403647 0.688770 0.020627
v -0.304247 0.600692 0.020600
v 0.294718 0.624375 0.014167
v 0.085623 0.604860 0.035064
v 0.278835 0.688281 0.023987
v -0.470496 0.713830 0.028117
v -0.086774 0.699586 0.023814
v -0.469755 0.722832 0.041729
v -0.422210 0.739032 0.037596
v 0.526018 0.781438 0.014125
v 0.221692 0.812535 0.039307
v 0.268439 0.864408 0.016926
v -0.252889 0.898330 0.013801
v 0.246804 0.882873 0.016473
v 0.284168 0.905660 0.014305
v -0.269487 0.925262 0.014183
v 0.315721 0.949980 0.014552
v -0.312631 0.954470 0.016522
v 0.277603 0.933090 0.014085
v -0.262826 -0.951156 0.031506
v -0.242977 -0.955080 0.027942
v 0.240998 -0.954929 0.020511
v -0.140385 -0.889323 0.031156
v -0.254934 -0.833167 0.034572
v 0.134991 -0.771113 0.029766
v 0.129841 -0.764623 0.026455
v -0.140425 -0.682950 0.031468
v 0.130727 -0.681345 0.025444
v -0.092852 -0.666928 0.029958
v 0.084848 -0.665530 0.026904
v -0.070223 -0.657904 0.022918
v -0.044802 -0.660161 0.019278
v 0.026859 -0.643874 0.026340
v 0.343757 -0.356058 0.038671
v -0.386990 -0.341492 0.033430
v 0.386133 -0.341064 0.023953
v 0.333575 -0.326038 0.034965
v -0.323531 -0.319536 0.031480
v -0.322398 -0.310448 0.012842
v -0.323094 -0.313924 0.034705
v 0.395894 -0.323699 0.038886
v 0.380809 -0.309009 0.034552
v -0.382639 -0.277801 0.030562
v -0.449837 0.009691 0.020516
v 0.200533 -0.038103 0.018650
v -0.106644 -0.016889 0.020703
v 0.139815 0.034087 0.024951
v 0.122158 0.013861 0.024357
v 0.210229 -0.019917 0.017316
v 0.140938 0.072064 0.028550
v -0.418525 0.131154 0.024208
v 0.470972 0.126238 0.027285
v 0.143451 0.138059 0.048700
v 0.404866 0.141092 0.030639
v 0.191287 0.160560 0.026524
v 0.380264 0.200328 0.023874
v -0.195788 0.211253 0.030915
v -0.374641 0.205868 0.020643
v -0.319113 0.202633 0.027179
v 0.272354 0.223112 0.023737
v 0.300415 0.250291 0.023512
v -0.278479 0.222453 0.020872
v 0.226519 0.279815 0.017771
v -0.211790 0.305314 0.041399
v -0.377420 0.338238 0.027151
v 0.360354 0.323895 0.027025
v 0.200613 0.380841 0.043748
v 0.278178 0.390086 0.024336
v -0.421673 0.384833 0.023513
v -0.388775 0.400836 0.023131
v 0.187201 0.444801 0.021202
v 0.229790 0.444924 0.024390
v 0.345517 0.474503 0.020613
v -0.393804 0.509730 0.026975
v 0.305394 0.528934 0.021561
v 0.316386 0.515116 0.021254
v -0.322170 0.511488 0.021617
v -0.307842 0.528682 0.022521
v -0.289101 0.523690 0.023868
v 0.306977 0.549847 0.020753
v 0.266357 0.590267 0.020732
v 0.106703 0.586118 0.052089
v 0.080879 0.700588 0.049454
v 0.471680 0.717561 0.035424
v 0.469921 0.722488 0.038880
v 0.466331 0.727152 0.016409
v -0.404389 0.727629 0.031522
v -0.467126 0.733774 0.031080
v -0.413723 0.736796 0.038277
v -0.231630 0.741668 0.031336
v -0.046454 0.751221 0.025613
v 0.275855 0.760221 0.038504
v -0.446766 0.758071 0.023894
v 0.275207 0.773722 0.034662
v -0.441743 0.768185 0.032001
v 0.223762 0.785291 0.041749
v -0.295039 0.789923 0.027991
v -0.275319 0.812961 0.037557
v 0.290635 0.831550 0.035382
v 0.268502 0.837472 0.027785
v 0.283389 0.836590 0.035862
v -0.283239 0.937976 0.034090
v 0.308311 0.952163 0.034134
v -0.280242 -0.878388 0.037597
v -0.039656 -0.809610 0.031715
v 0.298859 -0.807429 0.031540
v -0.301021 -0.807344 0.031267
v -0.156325 -0.781440 0.030299
v 0.313837 -0.789638 0.034420
v -0.317519 -0.785881 0.031577
v 0.155519 -0.781594 0.029853
v -0.175782 -0.767514 0.035544
v 0.174613 -0.767583 0.034243
v 0.160201 -0.766290 0.030126
v -0.302842 -0.728177 0.034594
v -0.128295 -0.674570 0.032089
v 0.039217 -0.659563 0.022310
v -0.032812 -0.652275 0.025217
v -0.414623 -0.393969 0.030713
v -0.354540 -0.361910 0.035255
v 0.411319 -0.395501 0.030562
v 0.352777 -0.359365 0.039217
v -0.340288 -0.331130 0.034485
v -0.390374 -0.335008 0.031192
v 0.389696 -0.335185 0.031142
v -0.379970 -0.309388 0.037623
v -0.392431 -0.299849 0.031364
v 0.381796 -0.282911 0.027392
v -0.378950 -0.099583 0.027247
v 0.371604 -0.119449 0.027228
v -0.262260 -0.116715 0.015957
v -0.404331 -0.165298 0.027401
v 0.247324 -0.086762 0.015476
v -0.253154 -0.090936 0.015509
v 0.050125 -0.053549 0.037302
v -0.107877 -0.040836 0.028180
v -0.086310 -0.039148 0.025285
v 0.107603 -0.037710 0.028552
v -0.412654 0.023641 0.027467
v -0.145244 0.071706 0.025506
v 0.444316 0.005503 0.034423
v -0.439720 0.112476 0.027437
v -0.465107 0.086353 0.027089
v -0.201803 0.231712 0.029549
v 0.252100 0.284168 0.030068
v -0.253937 0.283868 0.029791
v -0.198774 0.317933 0.041033
v -0.203548 0.364802 0.031118
v 0.195464 0.423480 0.024029
v -0.242756 0.451240 0.027577
v 0.295901 0.475405 0.030508
v 0.427344 0.577611 0.027092
v -0.354425 0.471123 0.027950
v -0.298677 0.475444 0.030965
v -0.299723 0.481358 0.021804
v 0.286835 0.523235 0.024020
v -0.141812 0.555587 0.044147
v 0.391355 0.501827 0.027040
v 0.299900 0.608577 0.027366
v -0.431994 0.674706 0.027176
v 0.206887 0.612775 0.024496
v 0.153011 0.725019 0.024655
v 0.178280 0.712068 0.025618
v -0.277889 0.700135 0.033704
v 0.089172 0.672543 0.031362
v 0.454725 0.698180 0.031781
v 0.276742 0.700040 0.031281
v 0.143267 0.771681 0.025192
v 0.465662 0.715377 0.041756
v 0.227255 0.752242 0.034698
v 0.423592 0.742643 0.037735
v -0.279300 0.760274 0.035099
v 0.432502 0.762727 0.042841
v 0.445148 0.756777 0.024108
v 0.108969 0.785067 0.024344
v 0.111077 0.806245 0.026900
v -0.524792 0.779171 0.027712
v -0.522465 0.786664 0.034554
v -0.047239 0.756688 0.026932
v -0.055657 0.802865 0.025865
v 0.523628 0.786878 0.031199
v -0.227461 0.787704 0.042774
v 0.292021 0.794686 0.035321
v 0.227939 0.800746 0.038048
v 0.273891 0.812899 0.037888
v 0.228897 0.821278 0.041671
v -0.291509 0.829431 0.038860
v -0.284898 0.836534 0.039233
v 0.245586 0.871352 0.034139
v 0.268941 0.876426 0.034945
v -0.247677 0.871487 0.035040
v 0.256745 0.905888 0.034440
v 0.315767 0.948000 0.031402
v -0.312031 0.953127 0.034310
v -0.249991 -0.955405 0.034454
v 0.248066 -0.955105 0.035011
v 0.260927 -0.951235 0.031654
v -0.274948 -0.928542 0.031526
v 0.145931 -0.895470 0.030951
v 0.277898 -0.874585 0.037623
v 0.273163 -0.855875 0.034824
v 0.258692 -0.837204 0.031526
v 0.168805 -0.788205 0.035760
v 0.226000 -0.817104 0.037008
v -0.170740 -0.788735 0.035657
v -0.132738 -0.771134 0.026437
v -0.313867 -0.755324 0.037078
v 0.288171 -0.713683 0.034772
v -0.237009 -0.689807 0.034471
v 0.238897 -0.688963 0.027863
v 0.126452 -0.674720 0.032441
v -0.074444 -0.655243 0.031534
v 0.072245 -0.655247 0.028702
v -0.032421 -0.523605 0.026362
v 0.408402 -0.402617 0.033079
v 0.412174 -0.403696 0.030548
v 0.045731 -0.396537 0.033666
v -0.409959 -0.400963 0.030462
v -0.391417 -0.384876 0.030928
v -0.414436 -0.399700 0.031078
v 0.384531 -0.382651 0.030899
v -0.349882 -0.358948 0.041507
v 0.357828 -0.350284 0.029713
v 0.390027 -0.300471 0.031301
v 0.046416 -0.301434 0.038605
v -0.334427 -0.282761 0.030570
v -0.040807 -0.050205 0.046759
v -0.060103 -0.053154 0.029700
v 0.100706 -0.041488 0.030416
v 0.103141 -0.022394 0.028115
v -0.104835 -0.022741 0.028984
v 0.122129 -0.016954 0.036696
v -0.140879 0.037948 0.026391
v 0.405717 0.007840 0.023935
v -0.437845 0.118706 0.031798
v -0.473072 0.104315 0.042482
v -0.473011 0.126384 0.027425
v -0.418392 0.170836 0.030422
v -0.210805 0.105842 0.029350
v 0.361116 0.208990 0.033051
v 0.232710 0.230834 0.031671
v -0.237288 0.231019 0.030088
v -0.217533 0.227788 0.033516
v 0.296959 0.250577 0.030389
v -0.308372 0.277162 0.030038
v 0.308270 0.277424 0.026815
v -0.228703 0.279951 0.028380
v 0.226943 0.279865 0.028293
v -0.267648 0.386248 0.031175
v 0.415903 0.410159 0.029977
v -0.346822 0.432874 0.034639
v -0.196778 0.423556 0.026264
v -0.358942 0.451155 0.034771
v 0.358030 0.451072 0.031259
v -0.330822 0.480654 0.031856
v 0.297269 0.481730 0.026830
v 0.320346 0.507917 0.029750
v 0.278523 0.546388 0.030269
v 0.220301 0.574836 0.025842
v 0.233986 0.567915 0.030365
v 0.224661 0.566307 0.035448
v -0.235649 0.571032 0.028008
v -0.225306 0.585461 0.024124
v -0.223199 0.568534 0.030274
v -0.104210 0.589260 0.043620
v 0.233325 0.577124 0.027088
v -0.232221 0.587590 0.029323
v -0.192786 0.603269 0.029596
v 0.188612 0.607098 0.029795
v -0.405214 0.684951 0.030203
v -0.251991 0.673941 0.027007
v -0.183227 0.637587 0.025169
v 0.197129 0.660153 0.029731
v 0.233177 0.745423 0.039218
v -0.090659 0.668679 0.035216
v -0.123445 0.769579 0.025363
v -0.179503 0.719873 0.026904
v -0.454471 0.698067 0.038248
v -0.151527 0.713953 0.029857
v 0.269403 0.724738 0.034804
v 0.068662 0.721686 0.049463
v 0.463675 0.732584 0.034517
v -0.125065 0.794832 0.025564
v 0.121949 0.762625 0.029068
v -0.155623 0.762550 0.026813
v 0.523421 0.778733 0.033580
v 0.026147 0.762468 0.029643
v -0.432303 0.759358 0.042119
v 0.039584 0.794227 0.029639
v -0.489415 0.778432 0.034730
v 0.053785 0.802747 0.025726
v 0.067661 0.786088 0.026365
v 0.075473 0.784990 0.032833
v 0.141453 0.781724 0.029811
v -0.099443 0.785672 0.026576
v -0.077721 0.786152 0.029969
v -0.060697 0.774780 0.029921
v -0.031342 0.762966 0.026393
v 0.292004 0.790109 0.035116
v -0.037259 0.783093 0.026973
v 0.084686 0.789552 0.026539
v 0.517806 0.789116 0.033862
v -0.516442 0.791197 0.031076
v -0.290075 0.794824 0.041487
v 0.088303 0.813890 0.026831
v -0.105099 0.812857 0.029880
v -0.274493 0.833891 0.039018
v -0.267925 0.838122 0.034120
v -0.269300 0.864379 0.031095
v -0.247095 0.835201 0.036252
v 0.245000 0.839354 0.035070
v -0.280034 0.897346 0.031124
v -0.252657 0.894547 0.034601
v -0.268040 0.922652 0.034150
v 0.284926 0.937351 0.035083
v 0.281993 0.901449 0.031076
v 0.273611 -0.924751 0.034679
v -0.281630 -0.897432 0.034491
v -0.270830 -0.852179 0.037439
v 0.308513 -0.800259 0.034460
v 0.315812 -0.774612 0.034662
v -0.145537 -0.770835 0.031258
v 0.310925 -0.748081 0.034577
v 0.301488 -0.732023 0.037243
v 0.098925 -0.669570 0.039385
v -0.030478 -0.665316 0.031998
v 0.028928 -0.666494 0.032943
v 0.069043 -0.658716 0.037671
v -0.017661 -0.531560 0.033102
v 0.030367 -0.479814 0.035140
v -0.367432 -0.354430 0.030371
v -0.358004 -0.352996 0.034329
v 0.340821 -0.332853 0.037604
v -0.044466 -0.392654 0.037700
v -0.363220 -0.178557 0.033672
v 0.334098 -0.282741 0.033491
v 0.133879 -0.002567 0.040968
v 0.121241 0.017117 0.040409
v 0.141624 0.052803 0.028766
v -0.472822 0.094502 0.035318
v 0.470986 0.107844 0.042310
v 0.223580 0.148267 0.033927
v 0.271693 0.045330 0.036452
v 0.232579 0.081826 0.032861
v 0.242639 0.067172 0.047383
v -0.196346 0.171961 0.029815
v 0.441350 0.114203 0.038375
v 0.177882 0.132906 0.044281
v 0.227215 0.155971 0.032685
v 0.284348 0.224363 0.033251
v -0.290158 0.225383 0.034774
v 0.212618 0.224415 0.035691
v -0.316198 0.233462 0.035940
v -0.298970 0.245472 0.033087
v 0.197608 0.313396 0.035888
v 0.352928 0.360560 0.033560
v 0.417059 0.388229 0.033912
v 0.206332 0.371157 0.033866
v -0.417981 0.410170 0.029905
v 0.201391 0.420074 0.030283
v -0.202785 0.420048 0.030225
v -0.301250 0.481637 0.029675
v 0.301445 0.482059 0.032129
v -0.155942 0.512648 0.063827
v -0.306993 0.528945 0.026437
v -0.307035 0.561454 0.030315
v 0.210824 0.576555 0.029930
v 0.236471 0.576515 0.032744
v -0.239227 0.570488 0.035529
v 0.214234 0.615486 0.035798
v -0.181350 0.626894 0.038513
v 0.175693 0.634353 0.035476
v -0.213221 0.619710 0.038557
v 0.405419 0.676856 0.033080
v -0.192290 0.691801 0.035556
v 0.424589 0.673801 0.033787
v -0.456987 0.710577 0.027301
v 0.455861 0.710991 0.030169
v -0.178088 0.730211 0.035667
v -0.473851 0.718789 0.035352
v -0.271043 0.728967 0.036224
v 0.405603 0.731223 0.038347
v -0.130922 0.750716 0.032755
v 0.172139 0.737990 0.032814
v 0.139261 0.735352 0.038321
v -0.028059 0.762448 0.029882
v -0.278306 0.774077 0.031383
v 0.445676 0.751341 0.037091
v 0.487833 0.779446 0.031341
v 0.061285 0.775593 0.035651
v -0.067697 0.779898 0.035781
v -0.131809 0.794289 0.029954
v -0.232467 0.801049 0.040899
v 0.126056 0.797676 0.038820
v -0.223855 0.812380 0.039171
v -0.048479 0.802414 0.029979
v -0.060209 0.810352 0.029737
v 0.058094 0.810372 0.029788
v -0.287967 0.834317 0.042265
v -0.231446 0.823077 0.038983
v -0.315643 0.949526 0.031322
v -0.127914 -0.876057 0.035803
v 0.201578 -0.931263 0.034254
v 0.041798 -0.810514 0.034722
v 0.021426 -0.809986 0.039531
v -0.312951 -0.796815 0.034324
v -0.168842 -0.772957 0.035261
v 0.170282 -0.773587 0.037627
v -0.276166 -0.705232 0.037089
v 0.278708 -0.708628 0.037497
v 0.199722 -0.686164 0.034471
v -0.088863 -0.660710 0.038717
v 0.347995 -0.363325 0.035105
v -0.389263 -0.295149 0.037763
v 0.050846 -0.041419 0.042218
v -0.093809 -0.025199 0.034380
v 0.095114 -0.021423 0.035251
v 0.410222 -0.015948 0.043470
v -0.120784 -0.018586 0.034617
v -0.131459 -0.009469 0.037611
v -0.122370 0.017796 0.042770
v 0.133106 0.037490 0.039671
v 0.458100 0.092613 0.037905
v -0.442581 0.108322 0.033947
v -0.296923 0.048779 0.040526
v -0.459633 0.092414 0.037663
v -0.236173 0.076100 0.037415
v -0.142383 0.112311 0.053891
v 0.440451 0.108066 0.033795
v 0.262843 0.112210 0.036018
v 0.444054 0.120088 0.044264
v -0.466514 0.129732 0.034525
v 0.467729 0.126205 0.034330
v -0.264151 0.115464 0.035986
v -0.386370 0.162008 0.035551
v 0.243294 0.171969 0.039370
v 0.250676 0.202982 0.040838
v 0.247280 0.180001 0.038205
v -0.374481 0.201181 0.033274
v 0.224782 0.274487 0.042933
v -0.227219 0.274126 0.050081
v 0.288651 0.293665 0.034931
v -0.202263 0.378658 0.045175
v 0.196241 0.326788 0.045553
v -0.395084 0.401090 0.032024
v -0.208392 0.375648 0.037890
v -0.323354 0.417179 0.037934
v 0.409616 0.397287 0.040331
v 0.333084 0.425687 0.037906
v 0.396524 0.401138 0.034656
v 0.348625 0.440253 0.038449
v 0.232329 0.443500 0.034092
v 0.348868 0.470166 0.038095
v 0.329822 0.480480 0.030864
v -0.402268 0.494003 0.037265
v -0.323142 0.504666 0.030901
v -0.294914 0.522237 0.030313
v -0.422410 0.581482 0.036310
v 0.284801 0.546448 0.035624
v -0.290287 0.542780 0.035839
v 0.297948 0.546297 0.035764
v 0.300893 0.581196 0.033724
v -0.201576 0.588697 0.035632
v 0.190024 0.603331 0.035773
v -0.275203 0.597817 0.037275
v -0.298125 0.612661 0.033458
v 0.253060 0.681440 0.034066
v 0.273818 0.684856 0.034059
v 0.185284 0.707515 0.035624
v -0.079303 0.707735 0.044870
v -0.162557 0.757968 0.035729
v 0.164632 0.750042 0.038536
v -0.442913 0.755590 0.038069
v -0.441607 0.763637 0.041875
v 0.439852 0.766481 0.039217
v -0.272483 0.772853 0.039297
v -0.037946 0.790372 0.035571
v 0.089361 0.785636 0.038457
v 0.033702 0.786440 0.035539
v -0.056584 0.809712 0.035641
v 0.276677 0.805980 0.037904
v -0.079015 0.816698 0.035681
v 0.088159 0.817061 0.035636
v 0.103052 0.813744 0.035834
v 0.240445 0.826255 0.036760
v 0.265648 0.834000 0.036950
v 0.257677 -0.951150 0.036612
v -0.267134 -0.940471 0.037216
v 0.125715 -0.876111 0.035905
v -0.023342 -0.809985 0.039499
v -0.004059 -0.801896 0.034872
v -0.240117 -0.824732 0.037353
v -0.172528 -0.793576 0.039076
v 0.170570 -0.792767 0.038867
v 0.172588 -0.778358 0.041393
v -0.175031 -0.774828 0.043923
v 0.147865 -0.688294 0.037253
v -0.101347 -0.672535 0.046286
v -0.043456 -0.674313 0.049703
v 0.008271 -0.547711 0.033234
v -0.006565 -0.639720 0.032747
v 0.354033 -0.337458 0.037078
v -0.386167 -0.371726 0.036704
v -0.366289 -0.347909 0.034896
v 0.377552 -0.336469 0.036503
v -0.379950 -0.337050 0.036903
v -0.398536 -0.331080 0.041632
v -0.391763 -0.185669 0.036907
v -0.342299 -0.278284 0.035846
v -0.046441 -0.229869 0.041409
v -0.398233 -0.071473 0.043864
v 0.409445 -0.096137 0.041297
v -0.445654 0.013242 0.037811
v -0.106191 -0.034400 0.034759
v -0.118744 -0.018341 0.038146
v 0.116623 -0.018101 0.038247
v -0.135331 0.000111 0.040675
v 0.132665 0.003304 0.040618
v -0.308984 0.012891 0.037579
v -0.301553 0.014947 0.038719
v -0.128666 0.023047 0.041500
v -0.387470 -0.060399 0.046950
v -0.135768 0.044342 0.041146
v 0.296577 0.018020 0.038695
v 0.274955 0.092201 0.037134
v 0.291241 0.068477 0.038316
v 0.310685 0.028875 0.041942
v 0.314507 0.036819 0.039985
v -0.135605 0.062066 0.048702
v -0.316482 0.036686 0.039893
v 0.468126 0.094363 0.042572
v -0.438805 0.122194 0.041513
v -0.175658 0.133434 0.039654
v -0.194685 0.126888 0.052213
v -0.253239 0.164086 0.040540
v -0.307247 0.059670 0.043509
v 0.270863 0.152072 0.040769
v -0.233378 0.223857 0.039140
v 0.229024 0.227888 0.038201
v -0.296114 0.267867 0.037337
v -0.232971 0.274030 0.037089
v 0.230254 0.274184 0.037411
v -0.253454 0.277585 0.034720
v 0.251627 0.277612 0.035349
v 0.287088 0.275197 0.038827
v -0.290234 0.289894 0.035875
v -0.360473 0.343065 0.041104
v 0.262415 0.386435 0.034297
v -0.418323 0.394518 0.037445
v -0.280297 0.397174 0.040250
v -0.196769 0.410009 0.038861
v 0.189669 0.417204 0.040121
v 0.194902 0.409292 0.039010
v -0.193699 0.412893 0.040136
v -0.234524 0.439953 0.037772
v -0.347443 0.472262 0.038426
v -0.306606 0.480939 0.033249
v 0.295463 0.526125 0.031512
v -0.302943 0.546204 0.034356
v 0.130125 0.579679 0.077614
v 0.135212 0.563302 0.048470
v -0.235779 0.567888 0.038033
v -0.222617 0.571655 0.041215
v 0.230645 0.570649 0.041234
v -0.236354 0.580276 0.038594
v -0.080761 0.598895 0.054134
v -0.258382 0.681123 0.034784
v -0.413544 0.681094 0.035891
v 0.210667 0.608587 0.044265
v -0.423010 0.669028 0.035034
v -0.431463 0.682800 0.035327
v 0.451790 0.701315 0.041587
v -0.467247 0.715619 0.041672
v -0.457156 0.714062 0.037319
v -0.170493 0.693018 0.044739
v -0.448200 0.751468 0.036948
v 0.045293 0.748402 0.038313
v 0.063697 0.785572 0.043544
v -0.028255 0.758253 0.041555
v -0.456148 0.732229 0.039048
v -0.086882 0.786440 0.038675
v -0.100048 0.782170 0.038669
v -0.097697 0.815974 0.035722
v 0.073236 0.813252 0.041829
v -0.268014 0.880186 0.036504
v -0.245837 -0.949124 0.037933
v 0.235736 -0.945407 0.038456
v 0.180023 -0.909991 0.038167
v 0.231532 -0.934035 0.035975
v 0.223748 -0.914007 0.039269
v 0.274185 -0.901744 0.039066
v 0.128296 -0.873982 0.037452
v 0.185143 -0.881254 0.036693
v -0.189024 -0.870845 0.038486
v -0.242065 -0.937453 0.036118
v 0.128237 -0.834448 0.038319
v -0.051602 -0.811674 0.037093
v 0.073186 -0.829738 0.037235
v 0.299114 -0.801527 0.038556
v -0.301013 -0.801331 0.038516
v -0.152861 -0.805517 0.036546
v 0.002468 -0.792246 0.049697
v 0.310197 -0.782458 0.038771
v -0.312200 -0.782357 0.038912
v 0.200070 -0.768349 0.038323
v -0.253375 -0.782929 0.038730
v 0.174958 -0.762584 0.037797
v -0.269490 -0.750521 0.037027
v -0.297580 -0.791295 0.036292
v -0.161923 -0.747070 0.037738
v -0.176872 -0.762662 0.037735
v 0.247515 -0.750897 0.039085
v 0.162269 -0.737810 0.039011
v 0.254747 -0.696982 0.037223
v -0.229527 -0.692589 0.037743
v -0.144118 -0.689047 0.039682
v 0.126787 -0.677587 0.042441
v 0.033974 -0.673979 0.046153
v -0.016789 -0.684825 0.041087
v 0.017735 -0.676654 0.037614
v 0.091719 -0.674245 0.052118
v 0.004523 -0.483667 0.045493
v -0.411325 -0.396486 0.033812
v 0.378710 -0.353213 0.038842
v 0.019962 -0.360966 0.049263
v 0.390955 -0.332664 0.041983
v -0.384156 -0.331960 0.037737
v 0.393742 -0.328778 0.044327
v -0.398796 -0.327599 0.042469
v 0.378944 -0.314687 0.039123
v 0.378840 -0.300860 0.042610
v -0.332962 -0.313569 0.041600
v 0.373909 -0.282464 0.037018
v -0.372604 -0.277981 0.037082
v 0.339652 -0.282280 0.036471
v 0.385575 -0.205638 0.036092
v -0.410040 -0.097244 0.044607
v 0.395583 -0.077810 0.042562
v 0.419886 -0.040676 0.046383
v 0.397147 -0.069743 0.043342
v -0.414751 -0.078807 0.041778
v -0.403089 -0.055461 0.042799
v -0.411975 -0.019384 0.043506
v 0.112596 0.001900 0.044321
v -0.361706 -0.045756 0.044578
v -0.428031 0.015636 0.046736
v -0.134313 0.056147 0.047756
v 0.132948 0.051957 0.044058
v -0.139712 0.087093 0.053095
v -0.466866 0.097818 0.048180
v -0.329721 0.045138 0.046699
v -0.308903 0.095491 0.043086
v 0.298432 0.107890 0.042701
v 0.310342 0.099667 0.047001
v 0.331416 0.048774 0.044009
v 0.140452 0.112326 0.053977
v 0.290608 0.127843 0.044334
v 0.447942 0.101053 0.038147
v 0.302397 0.111575 0.046240
v -0.292403 0.127523 0.043879
v -0.145907 0.139310 0.045494
v -0.139945 0.136210 0.051625
v 0.138160 0.133049 0.043855
v 0.299259 0.128407 0.043350
v 0.411486 0.148860 0.039870
v -0.323893 0.123715 0.048603
v -0.467026 0.115238 0.045055
v 0.286385 0.159331 0.044756
v 0.464861 0.114723 0.045390
v -0.288556 0.171647 0.044411
v 0.322987 0.219289 0.039098
v -0.285300 0.239836 0.038856
v 0.268879 0.201024 0.049901
v 0.382196 0.182914 0.038881
v 0.231196 0.230953 0.040546
v -0.232991 0.231248 0.040411
v -0.230390 0.229689 0.036437
v 0.291095 0.231882 0.036905
v 0.230148 0.234622 0.042864
v -0.248940 0.244218 0.036340
v -0.316841 0.299934 0.038791
v 0.209815 0.313661 0.051151
v 0.409298 0.391330 0.040767
v -0.350004 0.345651 0.039627
v -0.404794 0.393871 0.041829
v 0.399638 0.393405 0.041262
v -0.411673 0.405479 0.034831
v 0.409540 0.405269 0.034816
v 0.419406 0.490131 0.033340
v 0.184945 0.460795 0.054245
v 0.403524 0.494011 0.038500
v 0.326960 0.468418 0.046115
v 0.322592 0.480285 0.034509
v 0.414662 0.672897 0.036216
v -0.292518 0.589372 0.039144
v 0.286419 0.612985 0.038884
v 0.226878 0.581539 0.044060
v -0.204622 0.624682 0.043679
v -0.450850 0.704003 0.043209
v -0.082978 0.684871 0.052297
v 0.081018 0.684763 0.052240
v -0.412946 0.731755 0.042030
v 0.452186 0.708688 0.037639
v 0.263739 0.740914 0.038861
v 0.182090 0.707787 0.041658
v -0.068226 0.723493 0.048917
v -0.040759 0.750925 0.044735
v 0.117230 0.777242 0.044238
v 0.454292 0.732292 0.039405
v 0.437231 0.760065 0.044397
v -0.057930 0.774226 0.041643
v 0.024969 0.753827 0.044850
v -0.284391 0.789016 0.045104
v -0.147497 0.774235 0.041503
v 0.039334 0.790700 0.041577
v -0.059374 0.803087 0.044072
v 0.054035 0.806122 0.041508
v -0.078829 0.814061 0.041622
v -0.283951 0.825764 0.045108
v -0.266402 0.830216 0.039695
v 0.307136 0.946993 0.036412
v 0.255731 -0.938100 0.038715
v 0.243423 -0.929942 0.039409
v 0.255590 -0.930325 0.036681
v -0.265352 -0.910056 0.039272
v -0.178405 -0.849780 0.036268
v 0.251443 -0.901948 0.039644
v 0.227655 -0.882207 0.039270
v 0.200178 -0.893679 0.039109
v -0.276125 -0.870443 0.039233
v 0.179928 -0.866394 0.038969
v 0.239895 -0.865561 0.037380
v 0.266953 -0.854520 0.039112
v -0.193636 -0.850506 0.038634
v 0.187822 -0.862401 0.036402
v 0.208040 -0.865934 0.038974
v 0.207843 -0.846143 0.039085
v 0.149491 -0.834019 0.036119
v 0.183933 -0.834565 0.038866
v -0.150319 -0.834034 0.035735
v 0.239454 -0.830607 0.039157
v 0.128093 -0.826212 0.036223
v -0.094469 -0.809002 0.037050
v 0.096607 -0.808815 0.037461
v -0.142043 -0.809083 0.039586
v 0.143883 -0.809246 0.039171
v -0.074278 -0.803766 0.042483
v -0.035474 -0.806966 0.057676
v 0.036383 -0.807354 0.057898
v 0.163174 -0.799772 0.037491
v -0.148761 -0.804228 0.042787
v 0.068371 -0.804243 0.042533
v 0.139746 -0.805485 0.043284
v -0.137655 -0.807667 0.051563
v 0.154388 -0.801654 0.050191
v 0.251510 -0.782983 0.038958
v 0.279551 -0.766513 0.039169
v 0.291454 -0.762905 0.037298
v -0.289435 -0.750577 0.038970
v 0.259620 -0.746416 0.037643
v -0.171650 -0.771340 0.049780
v 0.159609 -0.752302 0.050427
v -0.281515 -0.734805 0.037268
v 0.158657 -0.737130 0.043581
v -0.176591 -0.722222 0.038218
v -0.160557 -0.737350 0.042929
v -0.172344 -0.722868 0.047788
v 0.174967 -0.719058 0.038672
v 0.169225 -0.725930 0.043060
v 0.215733 -0.727209 0.038970
v 0.158653 -0.709548 0.042428
v -0.147744 -0.701525 0.043114
v -0.157879 -0.699648 0.037119
v 0.151074 -0.700414 0.037514
v 0.145678 -0.701274 0.042423
v -0.004259 -0.704527 0.038699
v 0.002297 -0.708170 0.041660
v -0.350775 -0.349480 0.044206
v 0.348832 -0.352658 0.043736
v -0.345960 -0.333561 0.039358
v -0.389180 -0.322353 0.044340
v 0.327889 -0.316979 0.041254
v -0.380738 -0.300703 0.042984
v -0.036717 -0.309187 0.048728
v 0.038233 -0.138390 0.044942
v 0.384655 -0.072408 0.048847
v 0.387754 -0.063241 0.046220
v -0.389919 -0.066627 0.044367
v 0.374783 -0.043209 0.045796
v 0.402236 -0.059306 0.043343
v 0.407484 -0.026990 0.041490
v -0.057271 -0.021093 0.049431
v 0.342789 -0.022801 0.041972
v 0.091661 0.006585 0.057029
v -0.431438 0.002058 0.046050
v -0.129895 -0.006007 0.047478
v 0.347282 0.008995 0.047811
v 0.370621 -0.019057 0.046473
v -0.114528 0.001583 0.044511
v 0.127997 -0.002841 0.048167
v 0.355137 0.009036 0.045553
v -0.370950 -0.000078 0.050476
v -0.325279 0.064658 0.043537
v 0.122503 0.012602 0.042390
v 0.323301 0.048687 0.046329
v 0.124569 0.019412 0.045838
v -0.143564 0.026213 0.047386
v -0.141038 0.019986 0.051902
v -0.125084 0.020268 0.045255
v 0.138601 0.020594 0.049702
v 0.141548 0.026006 0.047075
v 0.426304 0.016188 0.047053
v -0.147301 0.043610 0.053730
v 0.144206 0.043393 0.050336
v -0.263775 0.050638 0.052968
v 0.135250 0.065823 0.044214
v -0.339244 0.055691 0.048788
v -0.316200 0.095516 0.047588
v 0.137620 0.083703 0.048905
v 0.334897 0.072600 0.049655
v 0.319241 0.104610 0.045424
v 0.362343 0.052332 0.049186
v 0.465011 0.097825 0.047988
v -0.349348 0.068938 0.048220
v -0.461352 0.101122 0.048994
v 0.326456 0.131781 0.048369
v 0.330923 0.116474 0.050269
v -0.136593 0.128457 0.059013
v -0.329259 0.128385 0.047991
v 0.227863 0.238745 0.048496
v 0.286207 0.255185 0.037380
v -0.236890 0.255808 0.043546
v 0.234225 0.255463 0.042820
v 0.222360 0.298554 0.053900
v 0.351419 0.342252 0.041127
v -0.208522 0.383949 0.044571
v -0.221013 0.387412 0.043132
v 0.218809 0.384286 0.042172
v 0.310127 0.416482 0.042920
v 0.259053 0.396283 0.044243
v -0.207701 0.408225 0.045735
v -0.199037 0.406723 0.044519
v 0.196429 0.404715 0.044620
v 0.205883 0.408424 0.042622
v -0.214974 0.416070 0.043453
v -0.350548 0.443822 0.041064
v -0.183294 0.469088 0.057602
v 0.345458 0.461400 0.044763
v -0.336360 0.457687 0.048423
v 0.300031 0.465116 0.045214
v -0.325203 0.471451 0.044326
v 0.161089 0.496561 0.051377
v 0.147261 0.536609 0.055845
v 0.216601 0.578729 0.043405
v -0.191591 0.614236 0.043070
v 0.074345 0.600150 0.057472
v -0.227804 0.588429 0.043364
v 0.189485 0.614145 0.042907
v 0.157885 0.705509 0.043381
v 0.443346 0.704535 0.043181
v 0.442437 0.715756 0.039673
v 0.408389 0.728333 0.042013
v -0.175811 0.727580 0.041469
v 0.437529 0.745232 0.038604
v 0.166677 0.736065 0.043350
v 0.058659 0.728660 0.052217
v -0.433375 0.753497 0.043351
v 0.270993 0.760380 0.042502
v 0.458667 0.748238 0.040574
v -0.480135 0.760423 0.040005
v -0.273343 0.760541 0.042083
v 0.231080 0.791595 0.044138
v -0.442617 0.753120 0.037442
v 0.267782 0.773332 0.040196
v -0.078382 0.793277 0.043984
v 0.228046 0.815679 0.044506
v 0.267919 0.812806 0.039301
v 0.282325 0.792190 0.045783
v -0.281026 0.798680 0.044354
v -0.109476 0.806451 0.043144
v -0.236068 0.818960 0.043109
v 0.260847 0.824131 0.040033
v 0.275696 0.825166 0.046733
v 0.282378 0.825554 0.045117
v 0.282165 0.833597 0.044625
v -0.110219 -0.807214 0.057855
v 0.112140 -0.807380 0.057630
v 0.132036 -0.807794 0.051839
v -0.004840 -0.788720 0.052604
v 0.169781 -0.771303 0.049762
v 0.159506 -0.736884 0.050840
v -0.159105 -0.742216 0.050802
v 0.170109 -0.723166 0.050800
v -0.166884 -0.717095 0.053598
v 0.167592 -0.717313 0.050906
v -0.147864 -0.705862 0.053478
v 0.002212 -0.714100 0.049167
v 0.146884 -0.709389 0.055908
v -0.128617 -0.689376 0.055727
v -0.029146 -0.404515 0.046807
v 0.019753 -0.400699 0.049764
v -0.006726 -0.364944 0.051461
v 0.023543 -0.309140 0.054050
v -0.021573 -0.146330 0.055282
v -0.452393 -0.121142 0.054432
v -0.414937 -0.095448 0.048000
v -0.441920 -0.120562 0.057563
v 0.428929 -0.111840 0.054280
v 0.408841 -0.091382 0.047672
v 0.408457 -0.093352 0.044141
v 0.430225 -0.106335 0.050564
v -0.416068 -0.083739 0.050665
v 0.027367 -0.102698 0.049493
v -0.402177 -0.066931 0.045651
v 0.398133 -0.064089 0.045759
v -0.397888 -0.055352 0.050976
v 0.395920 -0.060333 0.050340
v -0.422993 -0.041007 0.046985
v -0.403512 -0.068372 0.050805
v -0.397342 -0.060655 0.047204
v 0.393974 -0.056485 0.048593
v 0.379204 0.013299 0.052914
v 0.407767 -0.030152 0.053769
v -0.417035 -0.026188 0.046592
v 0.415620 -0.033332 0.046252
v -0.093767 0.010480 0.059074
v 0.416057 -0.019656 0.048025
v 0.414119 -0.032040 0.047874
v -0.420467 -0.036804 0.050040
v -0.411601 -0.022374 0.048819
v 0.409007 -0.022986 0.049297
v -0.418302 -0.019498 0.046023
v 0.414418 -0.023226 0.043986
v 0.408042 -0.019862 0.049242
v 0.412273 -0.027490 0.047695
v 0.418937 -0.023980 0.050462
v -0.415032 -0.028042 0.047770
v -0.421220 -0.024407 0.045087
v -0.409876 -0.012801 0.050211
v 0.129953 -0.007700 0.045908
v -0.422723 -0.019297 0.047725
v 0.427833 0.005930 0.046592
v -0.397752 -0.010446 0.053743
v -0.132331 -0.000013 0.047427
v 0.397374 0.011943 0.055067
v 0.394545 0.004817 0.050515
v 0.378739 0.028843 0.050056
v -0.411160 -0.007892 0.055596
v -0.146099 0.026058 0.052176
v 0.349399 0.035585 0.049539
v 0.359157 0.040869 0.051791
v 0.145376 0.033048 0.053782
v -0.143755 0.046192 0.057110
v -0.348457 0.092197 0.052344
v 0.133791 0.062083 0.051846
v -0.365304 0.037277 0.051905
v -0.153647 0.072339 0.058419
v 0.149543 0.069043 0.054560
v -0.423188 0.023040 0.055317
v 0.358748 0.076637 0.053812
v 0.346618 0.092257 0.052499
v 0.375081 0.069073 0.051925
v 0.342723 0.112195 0.049590
v 0.237222 0.077581 0.050888
v 0.186106 0.130797 0.048112
v -0.188201 0.130110 0.046620
v -0.336024 0.131423 0.051479
v -0.343442 0.138200 0.052688
v 0.350406 0.127877 0.052733
v -0.270958 0.205727 0.058496
v -0.234843 0.233385 0.049847
v -0.229856 0.238971 0.047229
v -0.231334 0.255597 0.048704
v 0.228837 0.255654 0.049619
v -0.227991 0.283055 0.053400
v -0.208367 0.322658 0.051704
v -0.204435 0.346700 0.051404
v -0.249950 0.300062 0.052848
v -0.221428 0.363005 0.054332
v 0.215320 0.362805 0.053859
v 0.243993 0.307377 0.052080
v 0.203099 0.342862 0.051221
v -0.212364 0.380798 0.049546
v 0.214482 0.380552 0.051244
v 0.212852 0.383941 0.047991
v 0.218832 0.393862 0.046135
v -0.221706 0.395099 0.047890
v -0.324444 0.439419 0.050036
v -0.218335 0.407580 0.048015
v -0.212522 0.412355 0.050307
v 0.208936 0.415854 0.050255
v 0.216075 0.407876 0.048029
v 0.226936 0.417330 0.046531
v -0.229257 0.417301 0.046385
v -0.223837 0.414164 0.052548
v -0.194016 0.433119 0.050721
v 0.199696 0.453989 0.062970
v -0.282931 0.439692 0.049603
v 0.177522 0.475274 0.061145
v 0.082069 0.718884 0.055199
v 0.462650 0.720692 0.045153
v -0.057711 0.729335 0.055341
v 0.035604 0.751093 0.045423
v -0.110703 0.784939 0.044599
v 0.130974 0.787078 0.043145
v -0.156542 -0.789769 0.056297
v -0.004122 -0.713694 0.048609
v -0.017810 -0.221902 0.057630
v 0.443698 -0.123076 0.060534
v 0.458003 -0.118163 0.054040
v 0.457891 -0.123735 0.057288
v -0.482310 -0.112480 0.058802
v -0.464103 -0.110414 0.054796
v -0.456591 -0.111060 0.056441
v 0.450445 -0.106653 0.056336
v -0.419001 -0.103637 0.057033
v 0.423130 -0.062530 0.055349
v 0.450023 -0.090675 0.053192
v -0.427337 -0.047404 0.052434
v -0.424872 -0.062427 0.055437
v 0.419521 -0.046079 0.052479
v 0.457013 -0.087574 0.058090
v -0.419938 -0.027547 0.054192
v 0.415918 -0.022845 0.054046
v 0.063542 -0.016314 0.048978
v -0.416215 -0.020138 0.052690
v -0.426159 0.017635 0.051691
v 0.426933 0.011412 0.052726
v 0.419802 0.020735 0.054395
v 0.382846 0.048826 0.055284
v 0.285898 0.025660 0.054930
v 0.369695 0.055809 0.054160
v 0.129413 0.056284 0.055197
v -0.148658 0.063572 0.057088
v -0.203979 0.125177 0.050076
v 0.369484 0.087395 0.054686
v 0.133409 0.097157 0.062411
v 0.358595 0.112328 0.054785
v 0.369158 0.118077 0.055258
v 0.458833 0.104146 0.049330
v 0.205244 0.118044 0.048920
v 0.202111 0.125521 0.053317
v -0.420607 0.068918 0.059734
v 0.139366 0.136959 0.056900
v 0.540885 0.167326 0.060964
v 0.518535 0.170591 0.055360
v 0.548992 0.180444 0.053639
v -0.549868 0.170650 0.060897
v -0.551222 0.180427 0.053757
v -0.539378 0.170153 0.055192
v -0.528288 0.184198 0.056418
v -0.472212 0.189627 0.053091
v 0.470215 0.191118 0.053200
v 0.526210 0.183678 0.056508
v 0.438629 0.200178 0.053302
v 0.488166 0.175330 0.058085
v 0.521882 0.195636 0.052648
v -0.479970 0.214917 0.052292
v -0.476023 0.194710 0.055951
v -0.396590 0.219158 0.052867
v -0.477231 0.179501 0.058265
v 0.541777 0.195285 0.055578
v -0.549720 0.219589 0.053558
v -0.543853 0.195508 0.055531
v -0.464795 0.212805 0.055939
v -0.401927 0.207138 0.058112
v -0.503413 0.209991 0.055535
v 0.470612 0.208427 0.056304
v 0.474208 0.215571 0.052171
v 0.493725 0.214531 0.055915
v 0.544827 0.235006 0.053872
v -0.325576 0.236107 0.053502
v 0.351938 0.226256 0.055244
v 0.374540 0.226893 0.052901
v 0.374049 0.235011 0.055974
v -0.376082 0.234846 0.056148
v 0.558460 0.195612 0.058096
v 0.438449 0.231403 0.052354
v -0.365172 0.231340 0.052998
v 0.271809 0.201325 0.057700
v -0.436710 0.232048 0.052628
v -0.428967 0.228660 0.055766
v 0.445830 0.233898 0.055566
v 0.505889 0.239392 0.053389
v 0.533473 0.211443 0.054465
v -0.447730 0.233932 0.055571
v -0.372728 0.252707 0.055732
v -0.533600 0.261338 0.055236
v 0.318773 0.251187 0.052583
v 0.315232 0.239238 0.053714
v 0.355603 0.239098 0.055888
v 0.359064 0.255504 0.052535
v 0.402788 0.276074 0.056240
v -0.236208 0.247959 0.054553
v 0.259639 0.241807 0.059691
v -0.515081 0.234542 0.054038
v -0.444855 0.268283 0.053021
v -0.440825 0.264381 0.056055
v -0.399930 0.255939 0.055623
v 0.406328 0.246686 0.052360
v -0.309643 0.234688 0.055144
v -0.232303 0.258987 0.051876
v 0.234864 0.252202 0.054115
v 0.311885 0.247452 0.055635
v -0.320904 0.268159 0.055523
v 0.347853 0.256391 0.055730
v 0.450364 0.267001 0.052771
v -0.365057 0.263575 0.051970
v -0.336974 0.270754 0.052449
v -0.305371 0.271303 0.052169
v 0.366430 0.262876 0.052254
v 0.374329 0.266327 0.055797
v -0.459805 0.270122 0.056067
v 0.506153 0.283086 0.053760
v 0.543014 0.249499 0.058160
v -0.301697 0.264260 0.054993
v 0.259061 0.286300 0.051850
v 0.318778 0.268050 0.055449
v 0.339191 0.267765 0.052332
v -0.337446 0.279145 0.055936
v 0.230524 0.274965 0.053944
v 0.314594 0.278519 0.052195
v -0.380949 0.283909 0.056027
v -0.313341 0.303475 0.052328
v 0.346616 0.290612 0.056272
v 0.382887 0.291109 0.053011
v -0.388525 0.298443 0.056442
v -0.289322 0.282972 0.055195
v -0.253702 0.286980 0.051611
v 0.287569 0.283118 0.054759
v 0.327492 0.283244 0.056205
v 0.331145 0.290888 0.053202
v -0.381169 0.291758 0.052982
v -0.320429 0.307207 0.055676
v -0.312981 0.291236 0.055953
v -0.257403 0.306791 0.052579
v 0.430183 0.282214 0.056134
v 0.287434 0.291358 0.052284
v 0.259141 0.294975 0.055203
v 0.311430 0.303591 0.052976
v -0.336810 0.312963 0.052561
v -0.310111 0.300199 0.055164
v -0.241481 0.330857 0.052659
v 0.236381 0.307818 0.054381
v 0.299397 0.303312 0.055951
v 0.338699 0.314117 0.053037
v -0.440972 0.316205 0.055741
v -0.440293 0.322537 0.053827
v 0.315030 0.315424 0.053084
v 0.255754 0.315260 0.051969
v -0.312635 0.322289 0.053316
v 0.255039 0.330313 0.055698
v 0.322790 0.321717 0.055728
v -0.462768 0.319907 0.058151
v -0.395064 0.340733 0.055292
v 0.279335 0.346537 0.053199
v 0.484668 0.304782 0.056174
v 0.434523 0.323206 0.054001
v 0.429223 0.334157 0.060923
v 0.287217 0.350821 0.055765
v 0.394850 0.335161 0.053719
v 0.279256 0.362211 0.053998
v -0.297075 0.347155 0.056384
v -0.269191 0.365962 0.053768
v 0.401459 0.343014 0.064303
v -0.224530 0.387488 0.053536
v 0.222315 0.387323 0.053599
v 0.221680 0.416638 0.053827
v 0.322531 0.439342 0.050183
v 0.276785 0.436784 0.050231
v -0.201486 0.454133 0.062759
v 0.214755 0.449837 0.063195
v -0.171490 0.483275 0.081063
v -0.091603 0.697455 0.058385
v -0.002771 0.746469 0.065653
v 0.135533 -0.797405 0.059521
v 0.138807 -0.727319 0.063476
v -0.168730 -0.725469 0.053705
v -0.004099 -0.727795 0.055921
v -0.040120 -0.693054 0.064825
v -0.082334 -0.693199 0.072587
v 0.053282 -0.681908 0.061199
v -0.463299 -0.123287 0.058135
v 0.432134 -0.115879 0.070545
v 0.482737 -0.095183 0.061151
v 0.493458 -0.090538 0.059194
v 0.493005 -0.100749 0.062048
v -0.014305 -0.102806 0.053638
v -0.465093 -0.050262 0.060550
v -0.494890 -0.083208 0.059843
v -0.383424 -0.071992 0.066520
v 0.376091 -0.067974 0.063317
v 0.454992 -0.038397 0.060181
v -0.033471 -0.033266 0.055052
v 0.430895 -0.002563 0.058199
v 0.442064 -0.007191 0.056617
v 0.474268 -0.054667 0.058103
v -0.081241 0.006581 0.056757
v 0.075661 -0.003445 0.052661
v 0.457428 -0.015721 0.061054
v 0.413438 0.039769 0.058189
v -0.430903 0.019520 0.058212
v -0.131430 0.057159 0.055086
v 0.461713 0.040245 0.061072
v -0.133140 0.065634 0.061304
v 0.410211 0.084231 0.057644
v 0.149603 0.065386 0.059104
v 0.151127 0.072329 0.061969
v -0.151207 0.078839 0.062433
v 0.424575 0.078177 0.061633
v -0.465882 0.042141 0.062791
v -0.394438 0.104640 0.061470
v -0.148651 0.108834 0.062437
v -0.147683 0.114878 0.060516
v -0.223133 0.119540 0.054638
v -0.202330 0.121090 0.058278
v 0.188298 0.111847 0.069842
v 0.216859 0.122416 0.056739
v 0.165424 0.120342 0.065840
v 0.131863 0.127823 0.062405
v -0.135916 0.134801 0.062328
v 0.515279 0.167685 0.061074
v -0.557638 0.181122 0.057917
v 0.557288 0.181165 0.060917
v -0.294398 0.181759 0.068070
v 0.288859 0.186324 0.065011
v -0.560636 0.207176 0.060851
v 0.331652 0.227165 0.060910
v -0.549011 0.242302 0.058133
v -0.255677 0.240417 0.059842
v 0.271611 0.237606 0.063287
v 0.550320 0.237645 0.060901
v -0.277466 0.238170 0.061860
v -0.521552 0.280743 0.061045
v 0.523440 0.276821 0.061101
v 0.496245 0.300279 0.061083
v -0.388098 0.346209 0.061200
v -0.252132 0.380069 0.060514
v 0.246681 0.380302 0.058656
v 0.234763 0.426907 0.062205
v -0.236752 0.426435 0.062428
v -0.288564 0.438474 0.051817
v -0.285108 0.441004 0.059855
v -0.270116 0.437745 0.057575
v -0.283273 0.437964 0.054948
v 0.271970 0.439626 0.059381
v 0.287005 0.439710 0.060143
v 0.194911 0.462568 0.059793
v -0.079243 0.671026 0.063312
v 0.077224 0.670720 0.062885
v -0.088965 0.718814 0.061505
v -0.080718 0.729658 0.065213
v 0.061096 0.734822 0.068799
v 0.052262 0.730076 0.059253
v -0.137386 -0.804239 0.056756
v 0.033463 -0.804239 0.060695
v -0.020285 -0.792885 0.062509
v 0.002636 -0.781695 0.055377
v 0.014805 -0.774038 0.066924
v 0.002736 -0.735129 0.057081
v 0.095662 -0.704345 0.075684
v 0.004697 -0.313047 0.057828
v -0.014183 -0.313071 0.056852
v 0.008481 -0.229666 0.058941
v -0.449311 -0.124212 0.060792
v 0.476243 -0.119162 0.064656
v -0.485687 -0.114226 0.068200
v -0.502988 -0.089335 0.065557
v -0.002867 -0.138511 0.058667
v 0.499282 -0.089452 0.062423
v -0.508552 -0.066400 0.065723
v -0.502516 -0.078570 0.061572
v 0.004751 -0.037613 0.059168
v 0.493347 -0.075573 0.062160
v -0.504830 -0.019918 0.066008
v 0.501160 -0.035187 0.062025
v 0.489980 0.000719 0.062015
v -0.302066 0.013864 0.060724
v 0.051333 -0.013561 0.057663
v 0.066797 -0.004723 0.061105
v -0.068742 -0.004579 0.061394
v -0.497081 0.001054 0.066103
v 0.087225 0.025950 0.064751
v -0.140986 0.022777 0.056163
v 0.142080 0.026023 0.056386
v 0.126717 0.052658 0.057735
v 0.139985 0.044002 0.058568
v 0.131388 0.065704 0.061274
v -0.282850 0.065340 0.060153
v 0.146196 0.079205 0.064990
v 0.135198 0.090294 0.062217
v 0.244932 0.114746 0.058397
v -0.136696 0.087226 0.064856
v -0.135496 0.097436 0.062244
v -0.242670 0.119759 0.058870
v 0.146999 0.108515 0.063739
v -0.226283 0.119292 0.059547
v -0.209619 0.111645 0.069844
v 0.143805 0.117935 0.060854
v 0.235655 0.120350 0.059784
v 0.321478 0.157217 0.070391
v -0.335254 0.148930 0.067117
v -0.520571 0.166910 0.060909
v 0.526211 0.166725 0.074500
v -0.287377 0.236143 0.076136
v -0.455562 0.323853 0.074312
v -0.439912 0.331269 0.064202
v 0.265028 0.376430 0.070032
v 0.502218 0.380442 0.061846
v 0.561498 0.383583 0.060936
v 0.498385 0.376520 0.065816
v -0.496324 0.376795 0.065724
v -0.570557 0.384041 0.062296
v -0.488163 0.384732 0.060811
v 0.375317 0.393472 0.062899
v 0.299206 0.409891 0.060753
v 0.546258 0.394997 0.063870
v 0.565645 0.410390 0.060964
v 0.573387 0.384588 0.065869
v 0.549749 0.402771 0.060476
v -0.578340 0.398395 0.065976
v -0.570629 0.406131 0.060887
v -0.563364 0.394156 0.061361
v -0.536086 0.407213 0.060668
v -0.496337 0.407612 0.063274
v -0.240871 0.414352 0.061055
v 0.250302 0.403631 0.065295
v 0.482587 0.411611 0.063231
v 0.561977 0.402303 0.063330
v -0.539891 0.414319 0.059933
v 0.510197 0.410884 0.060103
v 0.529587 0.421959 0.060271
v 0.553445 0.409910 0.063651
v -0.432682 0.414975 0.063519
v 0.414904 0.423283 0.063260
v -0.524633 0.418416 0.062955
v -0.487954 0.418166 0.059920
v 0.514413 0.422623 0.063346
v -0.432817 0.423063 0.060547
v -0.265720 0.408337 0.062678
v 0.434752 0.419705 0.061387
v 0.546057 0.422506 0.063730
v 0.418528 0.430279 0.060784
v 0.454295 0.434415 0.059934
v 0.485946 0.425332 0.062771
v -0.449015 0.430424 0.062894
v 0.545080 0.441502 0.061503
v 0.570102 0.420519 0.069106
v -0.380541 0.439626 0.060207
v 0.439093 0.434830 0.063834
v 0.513872 0.434077 0.060116
v -0.475875 0.489317 0.060871
v -0.475896 0.457251 0.060440
v 0.362884 0.445826 0.060639
v 0.494184 0.446360 0.060604
v -0.417027 0.462967 0.060368
v -0.353438 0.449982 0.063631
v 0.439689 0.442469 0.059938
v 0.433974 0.458152 0.062842
v -0.568993 0.423397 0.066178
v -0.530230 0.460083 0.063021
v 0.215790 0.462351 0.059457
v 0.315240 0.467554 0.062610
v 0.366404 0.458739 0.063550
v 0.350866 0.477421 0.063016
v 0.513608 0.465558 0.060803
v -0.356661 0.469188 0.060763
v -0.225085 0.459236 0.062894
v 0.347274 0.466759 0.060071
v 0.470184 0.457680 0.060456
v -0.428117 0.466380 0.060662
v 0.299344 0.476656 0.059661
v 0.489055 0.485057 0.062562
v 0.511576 0.474940 0.066039
v -0.257450 0.477929 0.063392
v -0.184993 0.474055 0.065626
v 0.189944 0.474629 0.065581
v -0.471454 0.495845 0.062753
v 0.279593 0.497447 0.059895
v 0.251166 0.478300 0.063165
v -0.297336 0.501533 0.059912
v -0.364954 0.513450 0.060539
v 0.442439 0.501772 0.060661
v 0.362931 0.513452 0.060297
v 0.421874 0.514103 0.063742
v 0.315916 0.513877 0.065840
v -0.427613 0.514458 0.065673
v -0.384717 0.518930 0.063016
v -0.151645 0.532767 0.068875
v -0.122136 0.582809 0.073450
v 0.092078 0.590156 0.081103
v 0.093848 0.693659 0.068877
v -0.095738 0.693583 0.068923
v 0.088731 0.718825 0.065179
v 0.078602 0.729716 0.065167
v 0.041804 0.725919 0.075046
v -0.046704 -0.804364 0.061341
v 0.107353 -0.723159 0.076558
v -0.140709 -0.727348 0.063502
v -0.027760 -0.750662 0.073608
v 0.014984 -0.735390 0.068201
v -0.017012 -0.716217 0.063175
v 0.034269 -0.700567 0.067084
v -0.471197 -0.121994 0.074441
v 0.465432 -0.123881 0.071468
v -0.434653 -0.116228 0.070586
v 0.507839 -0.043173 0.068807
v 0.501754 -0.012284 0.069146
v -0.088220 0.036142 0.069452
v 0.488861 0.014854 0.068934
v -0.481225 0.028170 0.068815
v -0.125888 0.037633 0.055405
v 0.310816 0.036906 0.066708
v -0.151419 0.066779 0.061665
v -0.457640 0.053725 0.068398
v -0.313427 0.033907 0.066889
v 0.141535 0.103738 0.066022
v 0.248860 0.115196 0.069201
v 0.260146 0.109335 0.063056
v -0.167500 0.102411 0.104823
v 0.135572 0.135811 0.064969
v 0.133752 0.133377 0.057274
v -0.535713 0.167137 0.075040
v -0.556837 0.177700 0.074535
v 0.551482 0.173945 0.074400
v 0.559298 0.188305 0.071424
v -0.559009 0.214945 0.074423
v 0.557116 0.214890 0.074455
v -0.355662 0.222770 0.073913
v 0.284890 0.233577 0.075050
v 0.290987 0.235216 0.071728
v -0.497991 0.300189 0.074388
v -0.566492 0.377828 0.065964
v -0.276257 0.373285 0.078205
v 0.553457 0.374831 0.068804
v 0.564322 0.377874 0.066038
v -0.576869 0.387750 0.065830
v 0.262123 0.401272 0.070702
v 0.577692 0.398237 0.068912
v -0.263021 0.399139 0.071127
v -0.482441 0.494599 0.068847
v 0.276475 0.504930 0.068891
v -0.162761 0.496563 0.081501
v 0.472606 0.498552 0.068901
v -0.314313 0.514080 0.068827
v 0.153161 0.535965 0.082402
v -0.135240 0.575800 0.078335
v 0.115094 0.586197 0.078188
v -0.096053 0.707910 0.075762
v -0.044202 0.726301 0.075008
v 0.037061 -0.765906 0.073091
v -0.105488 -0.723112 0.077470
v -0.016772 -0.770153 0.067639
v 0.451211 -0.123452 0.073895
v 0.490033 -0.107915 0.075071
v 0.499484 -0.090024 0.081923
v 0.507715 -0.066313 0.072045
v 0.372901 -0.060632 0.068858
v 0.360102 -0.046203 0.067506
v -0.510188 -0.047023 0.068880
v -0.378336 -0.061567 0.070251
v 0.039406 0.002705 0.076428
v 0.315785 0.004979 0.063975
v -0.062416 0.010630 0.068100
v 0.075256 0.014687 0.070640
v -0.321289 0.036783 0.065338
v 0.103940 0.061445 0.075417
v 0.314683 0.036574 0.065315
v -0.120261 0.073377 0.072706
v 0.432151 0.073443 0.075931
v 0.312899 0.065508 0.066530
v -0.308883 0.052196 0.064083
v -0.273740 0.109545 0.061619
v -0.310677 0.069157 0.065624
v -0.282292 0.113709 0.066452
v 0.271389 0.109440 0.061445
v 0.280213 0.113679 0.066105
v -0.246062 0.117662 0.064326
v -0.145026 0.108244 0.067665
v 0.365145 0.121557 0.076342
v -0.438046 0.069410 0.078701
v 0.132041 0.134127 0.063294
v -0.477384 0.178871 0.074612
v -0.546524 0.169140 0.074301
v 0.296994 0.210950 0.084174
v 0.352015 0.223331 0.073945
v 0.543434 0.245934 0.077589
v -0.533085 0.264824 0.077415
v 0.522734 0.276745 0.074410
v 0.476500 0.312156 0.074441
v 0.425426 0.334923 0.074203
v -0.388096 0.345327 0.074239
v 0.390015 0.344610 0.074273
v 0.292916 0.363764 0.078453
v -0.559328 0.376034 0.082241
v -0.277161 0.400554 0.081470
v 0.542849 0.451604 0.082312
v 0.559143 0.435843 0.079227
v -0.526588 0.467715 0.072228
v 0.169711 0.483554 0.081305
v 0.161203 0.497032 0.081738
v 0.449009 0.508739 0.072129
v -0.337650 0.518416 0.079166
v 0.382759 0.521753 0.068829
v -0.065706 0.595476 0.069641
v 0.063564 0.595735 0.069224
v -0.089649 0.722346 0.075486
v -0.062781 0.734606 0.082778
v -0.014274 0.733864 0.076815
v -0.078466 -0.746239 0.078228
v -0.105313 -0.708122 0.074948
v 0.076621 -0.700440 0.076217
v -0.453061 -0.123523 0.074354
v -0.486533 -0.109782 0.081210
v -0.500280 -0.092892 0.081738
v 0.504754 -0.027614 0.082450
v -0.022090 0.002546 0.082450
v -0.366866 -0.026213 0.069378
v 0.328598 0.037453 0.066726
v 0.076433 0.031132 0.080337
v -0.080518 0.026576 0.077097
v -0.364533 -0.003355 0.073797
v 0.091094 0.048681 0.072634
v -0.473685 0.034855 0.082193
v -0.293920 0.110629 0.070648
v -0.132330 0.112019 0.069035
v 0.292362 0.111082 0.071602
v 0.303343 0.092196 0.070107
v -0.293375 0.113215 0.075230
v 0.122033 0.100546 0.075410
v -0.132764 0.134212 0.075068
v 0.123638 0.132889 0.070928
v 0.320629 0.152396 0.075207
v 0.483322 0.176329 0.074440
v 0.295570 0.170395 0.075834
v 0.423702 0.198322 0.074891
v 0.297133 0.360278 0.078998
v -0.573319 0.380587 0.079111
v 0.574948 0.384494 0.079126
v 0.278755 0.400110 0.083992
v 0.277966 0.373809 0.080921
v 0.442925 0.382222 0.082026
v -0.578558 0.391215 0.082194
v -0.296499 0.399975 0.085894
v -0.549126 0.447573 0.082349
v 0.183228 0.477236 0.081633
v -0.294233 0.509236 0.078980
v 0.284353 0.506029 0.082157
v -0.435511 0.512819 0.082178
v 0.402165 0.520357 0.079157
v 0.062912 0.666414 0.082095
v 0.092833 0.712282 0.075647
v -0.056013 0.734015 0.075929
v 0.071381 0.732852 0.082757
v 0.469520 -0.119937 0.077887
v 0.431299 -0.109662 0.075475
v -0.429491 -0.105682 0.075660
v -0.508314 -0.066264 0.082086
v 0.367806 -0.018505 0.073824
v 0.351878 0.009614 0.072850
v 0.380226 0.009698 0.074330
v 0.060860 0.021262 0.070489
v -0.317547 0.088637 0.068062
v -0.362388 0.037820 0.072904
v 0.065213 0.052925 0.075208
v 0.055325 0.037802 0.071655
v 0.326796 0.068023 0.068945
v -0.097344 0.053721 0.073539
v -0.057952 0.032952 0.069771
v -0.062775 0.042317 0.072100
v 0.319264 0.068235 0.071397
v -0.346407 0.068648 0.076477
v 0.323230 0.076556 0.068751
v 0.315907 0.089031 0.068159
v 0.307777 0.100729 0.068424
v 0.312054 0.109554 0.072721
v -0.311700 0.115386 0.074862
v 0.165547 0.101801 0.107455
v 0.310777 0.115849 0.079667
v -0.327577 0.146601 0.078487
v 0.130556 0.133279 0.074204
v -0.125584 0.132902 0.070847
v -0.125889 0.137000 0.074042
v -0.298233 0.170115 0.075770
v 0.309614 0.158955 0.075710
v -0.302963 0.168067 0.082432
v 0.301487 0.162010 0.082808
v -0.303775 0.356452 0.082355
v -0.291799 0.365079 0.076678
v 0.541807 0.375063 0.082208
v 0.567833 0.378871 0.082302
v -0.575167 0.413020 0.082221
v 0.192747 0.476890 0.080979
v 0.523593 0.467163 0.082262
v 0.211668 0.482237 0.084725
v 0.339602 0.519067 0.079048
v -0.404158 0.519703 0.082251
v -0.368985 0.520888 0.082101
v -0.125512 0.586234 0.078859
v -0.068553 0.665966 0.078099
v 0.085277 0.679202 0.090068
v -0.073334 0.733075 0.082709
v 0.088228 -0.734546 0.079298
v 0.068849 -0.723109 0.079971
v 0.466499 -0.110774 0.080886
v 0.439372 -0.094015 0.076432
v -0.410304 -0.034196 0.076444
v -0.492475 0.007158 0.085432
v -0.415365 -0.031019 0.081014
v -0.084728 0.044946 0.084837
v -0.045152 0.020580 0.081279
v 0.382292 0.031950 0.076085
v 0.410805 0.032512 0.082470
v 0.350776 0.076192 0.074322
v 0.370876 0.036420 0.078335
v 0.479212 0.026114 0.082212
v 0.348031 0.088992 0.074562
v 0.094480 0.088582 0.081116
v 0.331279 0.096057 0.075447
v 0.355100 0.092142 0.078677
v 0.339073 0.096004 0.073819
v -0.329143 0.112588 0.074041
v 0.331364 0.108378 0.073190
v 0.243115 0.106109 0.107893
v 0.332042 0.117822 0.076935
v 0.366347 0.087623 0.076894
v 0.338168 0.131045 0.077126
v -0.332899 0.122911 0.080405
v -0.333306 0.117982 0.077417
v 0.329854 0.123797 0.078252
v -0.336028 0.128498 0.075605
v -0.331909 0.132108 0.078640
v -0.335098 0.134393 0.077856
v 0.333234 0.134237 0.077942
v -0.119348 0.139255 0.082875
v 0.104010 0.144964 0.081085
v 0.330655 0.135420 0.075934
v 0.325948 0.143874 0.079082
v 0.314494 0.161332 0.082277
v 0.323945 0.164021 0.088233
v -0.322286 0.154042 0.080306
v 0.537770 0.172919 0.079387
v -0.512443 0.173653 0.078671
v 0.548701 0.223235 0.080147
v -0.303560 0.207264 0.086527
v -0.285240 0.235492 0.080693
v -0.305287 0.237211 0.078130
v 0.299150 0.237979 0.079332
v 0.289439 0.238483 0.081542
v -0.287565 0.238991 0.081552
v -0.507388 0.285089 0.080091
v -0.294375 0.366022 0.082577
v -0.476565 0.378161 0.082109
v 0.293883 0.377814 0.083868
v -0.284616 0.394560 0.085085
v 0.295593 0.398953 0.090620
v 0.298419 0.402724 0.085905
v 0.574608 0.409396 0.082255
v -0.189963 0.476620 0.081637
v -0.498357 0.484908 0.082366
v -0.214230 0.482292 0.084838
v 0.461996 0.502630 0.082333
v -0.163273 0.525596 0.087411
v 0.374886 0.521055 0.082131
v 0.157869 0.529589 0.084958
v -0.058688 0.590907 0.075871
v -0.040129 0.588361 0.082791
v -0.040630 0.593104 0.079792
v -0.140058 0.592506 0.085030
v -0.130416 0.603820 0.089398
v 0.048023 0.589435 0.077851
v 0.131465 0.603764 0.089686
v 0.074738 0.669881 0.071543
v 0.075038 0.670229 0.086865
v -0.083375 0.672741 0.083168
v -0.093344 0.696961 0.090069
v 0.092529 0.704209 0.086417
v 0.085889 0.722408 0.082808
v -0.040087 0.721682 0.080458
v 0.034012 0.710863 0.086893
v 0.050516 0.728879 0.090048
v -0.086353 -0.719233 0.079971
v -0.464864 -0.117117 0.080062
v 0.481451 -0.108888 0.082516
v 0.438664 -0.074735 0.082196
v -0.445230 -0.082160 0.082311
v 0.503180 -0.074033 0.084691
v 0.425839 -0.039584 0.078563
v -0.505601 -0.031445 0.085707
v -0.463726 -0.095077 0.080226
v -0.416053 -0.015474 0.077962
v 0.414470 -0.030970 0.081043
v 0.402193 0.004434 0.077192
v 0.390833 0.008659 0.079778
v 0.443758 -0.022137 0.081505
v 0.008614 0.006218 0.085874
v -0.380205 0.035878 0.076317
v 0.020123 0.020681 0.087800
v -0.446085 -0.021999 0.081929
v 0.039167 0.032829 0.080091
v -0.373138 0.072382 0.080335
v 0.085891 0.053046 0.085386
v 0.047083 0.046485 0.085574
v 0.064832 0.085060 0.076841
v -0.455308 -0.015860 0.083013
v -0.095876 0.081175 0.080986
v 0.422687 0.032509 0.080442
v -0.424427 0.072213 0.083947
v 0.418423 0.075859 0.083660
v -0.109553 0.112146 0.082689
v 0.068971 0.093777 0.080262
v 0.050896 0.089276 0.086941
v -0.312179 0.111251 0.095688
v 0.332388 0.122443 0.091381
v -0.102866 0.143924 0.079007
v -0.111171 0.142361 0.080178
v 0.105867 0.145091 0.088432
v 0.091022 0.111682 0.080868
v 0.083894 0.149394 0.078716
v 0.073906 0.139698 0.084058
v 0.100419 0.139739 0.080480
v 0.326510 0.139259 0.090641
v -0.329670 0.144346 0.084609
v 0.327780 0.146910 0.090521
v 0.105889 0.144312 0.081052
v -0.095112 0.154897 0.081366
v -0.108308 0.145130 0.082098
v -0.085982 0.148876 0.078743
v 0.090226 0.155753 0.083417
v -0.315109 0.183904 0.090053
v -0.326410 0.162973 0.086714
v -0.551057 0.180495 0.079901
v 0.312843 0.183876 0.089724
v 0.549155 0.180476 0.079884
v -0.528264 0.184143 0.077454
v 0.481969 0.187048 0.080038
v 0.526236 0.183774 0.077249
v 0.502282 0.192393 0.077061
v -0.464358 0.191702 0.079963
v 0.430577 0.203795 0.079964
v 0.517977 0.195828 0.081670
v 0.473849 0.194835 0.077708
v -0.550687 0.223256 0.080137
v -0.452760 0.216536 0.077315
v -0.321898 0.199336 0.090777
v 0.320175 0.199094 0.090491
v 0.494194 0.207565 0.081670
v 0.490844 0.201067 0.077904
v 0.537215 0.194854 0.078633
v 0.513716 0.206778 0.077480
v -0.504694 0.239625 0.080178
v -0.504633 0.200774 0.081031
v -0.487608 0.218270 0.077773
v 0.542060 0.211481 0.077680
v 0.463031 0.212968 0.077868
v -0.369021 0.227972 0.080345
v 0.370749 0.227318 0.080269
v -0.456478 0.223806 0.081739
v 0.427251 0.228993 0.078008
v 0.473541 0.222164 0.078420
v -0.456657 0.256235 0.077615
v 0.442097 0.230724 0.081731
v 0.509207 0.238405 0.079986
v 0.297635 0.232510 0.085570
v 0.312993 0.222884 0.093213
v -0.373221 0.252720 0.078216
v 0.407291 0.236778 0.077596
v -0.439738 0.237891 0.078209
v -0.329345 0.236197 0.079643
v 0.422092 0.246462 0.077455
v -0.487801 0.258635 0.077653
v -0.299922 0.233099 0.085537
v 0.363339 0.243681 0.080474
v 0.355696 0.239045 0.077172
v 0.482791 0.244396 0.077889
v -0.368495 0.262741 0.080996
v -0.349686 0.256531 0.077569
v 0.320147 0.249413 0.081379
v 0.378757 0.255364 0.081547
v -0.315318 0.267570 0.078397
v -0.322091 0.249541 0.081593
v -0.311146 0.249225 0.084549
v 0.309359 0.248551 0.083403
v 0.370240 0.248003 0.077273
v 0.313788 0.267907 0.078491
v 0.351810 0.251953 0.077344
v 0.502561 0.275768 0.077689
v -0.371988 0.265861 0.078649
v -0.360690 0.255406 0.080512
v 0.382298 0.262296 0.077769
v 0.465546 0.265926 0.078373
v 0.469960 0.258777 0.081132
v 0.310648 0.256893 0.082484
v 0.342716 0.270204 0.080129
v 0.427096 0.268469 0.077772
v -0.452158 0.266869 0.081210
v -0.380151 0.294772 0.080401
v -0.315149 0.275958 0.081834
v 0.434206 0.274529 0.081173
v -0.452757 0.317939 0.080171
v 0.314270 0.275175 0.080864
v 0.474600 0.303644 0.080312
v 0.346650 0.290431 0.077392
v 0.330956 0.278977 0.077566
v 0.382313 0.293979 0.080496
v -0.412231 0.289961 0.077657
v 0.310416 0.290240 0.077850
v 0.309530 0.285068 0.082713
v 0.323054 0.295189 0.080392
v 0.430020 0.281888 0.077931
v -0.320072 0.307102 0.077317
v -0.317357 0.291339 0.077565
v -0.337314 0.279280 0.077403
v -0.315378 0.285143 0.080380
v 0.355562 0.300463 0.078214
v -0.309978 0.306029 0.082278
v 0.298328 0.289394 0.082195
v -0.310115 0.300491 0.078224
v -0.273034 0.295524 0.082076
v -0.320314 0.315123 0.080478
v 0.303153 0.299977 0.077175
v 0.267941 0.298718 0.080464
v 0.311296 0.307300 0.081867
v 0.318427 0.307615 0.077368
v 0.362434 0.310177 0.077649
v 0.422862 0.319792 0.077659
v -0.281095 0.302513 0.080882
v 0.270403 0.305716 0.081161
v 0.314060 0.318750 0.080706
v -0.313885 0.314573 0.082753
v -0.303074 0.341616 0.078856
v 0.406302 0.333667 0.080186
v -0.311246 0.326836 0.078793
v 0.314682 0.326287 0.077418
v 0.306480 0.321586 0.081195
v -0.314442 0.313616 0.082883
v -0.307033 0.336153 0.083273
v -0.388633 0.337990 0.080245
v 0.309973 0.338252 0.078051
v 0.305551 0.336450 0.083661
v 0.319297 0.347210 0.079981
v -0.299568 0.347076 0.082627
v 0.297935 0.341712 0.082763
v 0.301731 0.355891 0.082759
v -0.298335 0.364153 0.085884
v 0.298307 0.367857 0.089671
v -0.303004 0.377494 0.091287
v 0.302169 0.374810 0.090116
v -0.396871 0.395399 0.088008
v -0.297337 0.394800 0.090544
v 0.571957 0.398468 0.087399
v -0.177175 0.488662 0.089443
v 0.170955 0.488377 0.087022
v 0.183224 0.492189 0.089798
v -0.193228 0.491907 0.089395
v 0.168884 0.510018 0.092573
v 0.174910 0.500020 0.088369
v 0.173685 0.521826 0.093178
v 0.422548 0.507751 0.087956
v -0.174983 0.536783 0.093170
v -0.156155 0.547738 0.087349
v 0.154695 0.545708 0.087266
v 0.154633 0.551351 0.090308
v -0.157030 0.553751 0.096192
v -0.157623 0.562267 0.097703
v -0.144976 0.571209 0.095286
v 0.138360 0.596251 0.088001
v 0.142916 0.571217 0.095720
v -0.078494 0.592162 0.086046
v 0.039067 0.592820 0.079752
v 0.038151 0.588930 0.085132
v 0.107946 0.594779 0.092378
v -0.108337 0.593859 0.089454
v 0.037299 0.598747 0.082712
v 0.085129 0.595497 0.089377
v -0.138886 0.599156 0.089142
v 0.122496 0.601674 0.089242
v -0.066013 0.668439 0.086460
v -0.091188 0.682735 0.086666
v 0.039566 0.719805 0.086229
v -0.051796 0.726000 0.093588
v -0.491758 -0.097753 0.084924
v 0.490507 -0.086310 0.085979
v 0.475649 -0.069990 0.082783
v -0.501487 -0.074359 0.086555
v -0.483237 -0.063286 0.086482
v 0.462382 -0.039107 0.085711
v 0.500654 -0.035110 0.087932
v 0.489839 -0.071207 0.083983
v 0.438004 0.008272 0.081512
v 0.450094 -0.019511 0.085093
v 0.483350 -0.010658 0.085180
v -0.445065 -0.010895 0.085092
v -0.475651 0.024088 0.087814
v -0.010759 0.033305 0.088135
v 0.008386 0.033191 0.088304
v 0.458481 0.040286 0.086579
v -0.045543 0.049772 0.088699
v 0.084592 0.084102 0.089815
v -0.052748 0.068846 0.090288
v -0.067083 0.085092 0.076794
v 0.050705 0.075882 0.090318
v -0.089159 0.084183 0.089400
v -0.073630 0.104772 0.082122
v -0.049460 0.089876 0.088669
v 0.104285 0.116136 0.083189
v -0.092857 0.115832 0.080315
v -0.193697 0.100225 0.100923
v 0.306687 0.111075 0.092596
v -0.076628 0.143673 0.083049
v -0.336192 0.125367 0.090874
v -0.079241 0.162296 0.098594
v 0.316052 0.174186 0.090189
v -0.313895 0.215490 0.093488
v 0.313270 0.209852 0.093425
v -0.314897 0.222665 0.093050
v -0.307582 0.235321 0.093328
v 0.305422 0.235424 0.093244
v 0.316542 0.249522 0.086987
v -0.318425 0.249787 0.086315
v -0.318256 0.254412 0.090801
v 0.316633 0.253941 0.090950
v -0.310296 0.267356 0.098034
v 0.311153 0.257853 0.093604
v -0.311011 0.285499 0.093795
v 0.309010 0.285345 0.093992
v -0.269249 0.306483 0.085899
v -0.264529 0.298290 0.086818
v -0.265913 0.304287 0.082282
v -0.256630 0.299177 0.087006
v -0.248530 0.300425 0.094111
v 0.258370 0.303243 0.080137
v 0.256783 0.298047 0.093944
v -0.256744 0.307069 0.087109
v 0.254832 0.307096 0.087146
v -0.311906 0.311104 0.093462
v 0.311187 0.310091 0.090670
v -0.307559 0.323145 0.094125
v 0.305571 0.323093 0.094333
v 0.309136 0.336812 0.091385
v -0.311961 0.334395 0.091551
v 0.297662 0.341489 0.097979
v 0.302047 0.355654 0.088889
v -0.303635 0.356512 0.090442
v -0.570722 0.387386 0.087652
v 0.454409 0.387459 0.088008
v -0.295656 0.385208 0.091770
v 0.293673 0.384934 0.091962
v 0.560739 0.428778 0.085625
v -0.484183 0.485453 0.087828
v -0.207353 0.489848 0.092047
v -0.181292 0.493006 0.094375
v 0.190476 0.492168 0.098007
v 0.206694 0.490107 0.091713
v -0.179651 0.500793 0.090274
v -0.293778 0.504039 0.086409
v -0.171294 0.509495 0.093120
v -0.436230 0.505477 0.087950
v -0.174505 0.519584 0.090736
v 0.355165 0.515805 0.086686
v -0.172216 0.530468 0.093151
v 0.172759 0.535637 0.092757
v -0.170634 0.552083 0.095997
v 0.168231 0.552716 0.095818
v 0.154739 0.568917 0.098187
v -0.004710 0.559608 0.087743
v 0.002575 0.560271 0.086267
v -0.003793 0.564381 0.082455
v 0.016072 0.580879 0.085593
v -0.016285 0.577187 0.086039
v -0.059122 0.596666 0.093547
v -0.076582 0.604564 0.094588
v -0.041241 0.591984 0.088111
v -0.040234 0.597886 0.089185
v 0.040447 0.594614 0.087444
v 0.056446 0.597095 0.097345
v -0.099175 0.602673 0.093243
v -0.033101 0.604078 0.085532
v 0.034569 0.594932 0.088623
v 0.073306 0.604164 0.094605
v 0.096094 0.603287 0.094666
v -0.038131 0.645611 0.091533
v 0.052954 0.671509 0.089419
v -0.083936 0.722166 0.089809
v 0.074827 0.725126 0.093448
v -0.501817 -0.046804 0.088041
v 0.482323 0.008564 0.088279
v -0.049610 0.098166 0.094455
v 0.317554 0.114556 0.098417
v 0.062532 0.128220 0.093855
v 0.110289 0.135428 0.110266
v 0.332476 0.130199 0.092392
v -0.328677 0.134534 0.093643
v -0.064706 0.149053 0.091675
v 0.058977 0.149059 0.093708
v -0.314801 0.168012 0.109267
v 0.081488 0.160204 0.095456
v -0.322962 0.196381 0.094006
v 0.321186 0.196381 0.095296
v -0.306002 0.238890 0.102042
v -0.249153 0.298882 0.099693
v 0.248473 0.303162 0.089434
v 0.290518 0.305278 0.102107
v -0.247350 0.305891 0.095807
v 0.255611 0.307256 0.095961
v 0.557726 0.383161 0.087952
v -0.456320 0.388637 0.087929
v -0.566400 0.417672 0.087541
v 0.541809 0.406688 0.089505
v -0.515941 0.410496 0.089378
v -0.460356 0.422744 0.088597
v 0.470792 0.415772 0.086142
v -0.290952 0.405545 0.088846
v 0.558238 0.406349 0.085735
v -0.295955 0.417779 0.085117
v 0.289106 0.412614 0.089198
v 0.335044 0.404426 0.087933
v 0.478406 0.419170 0.089225
v -0.542861 0.445245 0.087774
v -0.404869 0.427545 0.085565
v 0.293946 0.430976 0.085533
v 0.423209 0.419609 0.085649
v 0.529080 0.423003 0.088238
v -0.291633 0.436451 0.089986
v -0.499766 0.445944 0.087945
v -0.295886 0.430557 0.085585
v 0.542471 0.430925 0.085684
v -0.483567 0.425030 0.086150
v -0.448801 0.430016 0.085682
v 0.362467 0.435702 0.085866
v 0.522461 0.418089 0.085963
v 0.501610 0.442745 0.088085
v 0.287920 0.433793 0.094401
v 0.446757 0.430177 0.085528
v 0.406523 0.433969 0.089032
v 0.453762 0.437011 0.088338
v -0.368912 0.439997 0.088518
v -0.411924 0.434915 0.088387
v 0.286684 0.440690 0.089161
v 0.370640 0.441889 0.089284
v 0.517408 0.437429 0.085868
v 0.534494 0.446805 0.087993
v -0.363763 0.458069 0.085889
v 0.421986 0.462116 0.088586
v 0.486018 0.450472 0.088167
v -0.460176 0.469557 0.085485
v -0.428239 0.466654 0.088317
v -0.417659 0.462743 0.088515
v 0.277503 0.448900 0.086356
v 0.446051 0.449718 0.085555
v -0.284110 0.444614 0.086113
v -0.357666 0.445328 0.085992
v 0.355884 0.445646 0.085787
v 0.366493 0.459251 0.085362
v -0.271231 0.461198 0.087050
v 0.348109 0.459514 0.086235
v -0.348941 0.469587 0.089636
v -0.267156 0.461326 0.094111
v 0.346851 0.469795 0.089763
v 0.430517 0.468914 0.088306
v 0.466013 0.465279 0.085514
v 0.502075 0.473316 0.088143
v 0.275076 0.463499 0.085205
v 0.262811 0.468608 0.089351
v 0.307330 0.473745 0.089090
v -0.268873 0.469862 0.088622
v -0.329013 0.481279 0.085054
v -0.257359 0.478034 0.084995
v -0.246024 0.467642 0.089784
v -0.239680 0.473224 0.087371
v 0.358780 0.472739 0.085911
v 0.244021 0.472822 0.086576
v 0.251182 0.469123 0.093475
v 0.478855 0.485649 0.088045
v -0.237358 0.479528 0.089182
v 0.263037 0.483161 0.085464
v 0.235351 0.477890 0.089160
v 0.218633 0.477986 0.090232
v -0.321236 0.506235 0.088224
v -0.225750 0.477704 0.089592
v 0.303309 0.502168 0.088006
v 0.179065 0.494074 0.094093
v 0.179422 0.492933 0.094098
v 0.166905 0.545606 0.095642
v 0.154292 0.554175 0.097588
v 0.003216 0.562631 0.099593
v -0.004722 0.562201 0.098927
v 0.028328 0.593992 0.094491
v 0.030329 0.601293 0.091180
v -0.002265 0.635663 0.094977
v -0.027434 0.593551 0.089189
v -0.114410 0.594226 0.095082
v -0.086183 0.597532 0.094494
v -0.046289 0.601536 0.096488
v -0.035599 0.597648 0.094984
v 0.041203 0.601770 0.099595
v 0.083419 0.598012 0.095133
v -0.018214 0.629105 0.087399
v 0.016642 0.624905 0.088645
v -0.050130 0.669946 0.088946
v -0.077222 0.673586 0.093731
v 0.064664 0.671398 0.093835
v 0.086411 0.686118 0.094508
v -0.034966 0.692574 0.092595
v 0.012258 0.699679 0.097396
v 0.060693 0.722297 0.100183
v 0.000922 0.045873 0.094123
v 0.047386 0.101580 0.096194
v -0.217511 0.103362 0.116839
v -0.056944 0.112833 0.095822
v -0.088714 0.152523 0.114330
v 0.317191 0.132128 0.102332
v 0.315796 0.188146 0.102496
v 0.313077 0.222736 0.098747
v 0.303895 0.238917 0.101817
v 0.254591 0.289710 0.116166
v -0.256794 0.305428 0.117340
v -0.259237 0.303333 0.103267
v 0.241192 0.300783 0.099925
v 0.292761 0.398003 0.098441
v -0.286465 0.410705 0.105692
v -0.292244 0.422877 0.101701
v -0.290521 0.432116 0.098602
v 0.290270 0.422650 0.101634
v 0.269332 0.450914 0.101499
v 0.231407 0.477537 0.093910
v 0.206935 0.480632 0.098491
v -0.179881 0.501402 0.098230
v 0.176968 0.498530 0.100145
v 0.179711 0.500874 0.095459
v -0.171372 0.509590 0.098327
v 0.173503 0.519588 0.098449
v -0.175503 0.520927 0.098133
v -0.156701 0.569124 0.098228
v 0.148202 0.568603 0.098890
v 0.009139 0.625497 0.094713
v -0.006642 0.681286 0.099686
v 0.008252 0.636468 0.087591
v -0.010151 0.636513 0.087522
v -0.003472 0.644051 0.087353
v 0.002302 0.640526 0.088869
v 0.041748 0.682417 0.092822
v 0.078564 0.678962 0.097406
v 0.033847 0.695950 0.092134
v 0.046648 0.711467 0.102019
v -0.010589 0.695995 0.098872
v -0.073309 0.722963 0.097617
v 0.004878 0.076024 0.098148
v 0.019709 0.088601 0.091869
v 0.187848 0.098701 0.107715
v -0.315552 0.117345 0.103633
v 0.069145 0.164898 0.101518
v 0.074544 0.164481 0.103328
v -0.315231 0.222825 0.098654
v -0.288244 0.288684 0.105283
v -0.251934 0.304260 0.106208
v -0.252844 0.297088 0.101430
v -0.244044 0.303231 0.099225
v 0.243273 0.305790 0.098093
v 0.257512 0.303373 0.103138
v 0.239284 0.307176 0.107498
v -0.302928 0.326992 0.100593
v -0.004142 0.346179 0.095442
v 0.003796 0.352480 0.097596
v -0.005420 0.352826 0.097485
v 0.007893 0.326643 0.105141
v 0.293120 0.334522 0.104521
v -0.248730 0.458898 0.104418
v -0.189694 0.491643 0.099363
v -0.180634 0.494267 0.093927
v 0.168785 0.509776 0.099260
v 0.169543 0.535144 0.100779
v -0.173802 0.535908 0.097994
v 0.165920 0.550729 0.101209
v 0.155437 0.551178 0.102444
v -0.036226 0.595265 0.105204
v 0.084353 0.594600 0.102097
v -0.066529 0.676533 0.100073
v -0.077001 0.689730 0.104697
v -0.084037 0.707732 0.099582
v -0.043693 0.711665 0.097432
v -0.059151 0.715162 0.104365
v -0.174691 0.100111 0.110064
v 0.004820 0.105423 0.102783
v 0.305964 0.114034 0.105602
v -0.292516 0.110996 0.109066
v 0.039984 0.124410 0.102169
v 0.141715 0.118381 0.112647
v 0.042970 0.149005 0.099939
v -0.041864 0.149396 0.100869
v 0.073362 0.166375 0.118007
v -0.295259 0.246563 0.110525
v 0.249091 0.297201 0.102796
v -0.250380 0.304188 0.107412
v -0.009601 0.326535 0.104899
v 0.174416 0.488462 0.100803
v -0.161678 0.548792 0.104124
v -0.149135 0.561071 0.104293
v -0.156863 0.566711 0.101673
v 0.153919 0.565931 0.102124
v -0.058383 0.593906 0.104636
v 0.037966 0.597242 0.105017
v 0.057376 0.693481 0.107715
v -0.048852 0.690034 0.102522
v 0.074922 0.707770 0.104332
v -0.144067 0.118204 0.112528
v 0.004814 0.128248 0.106700
v -0.010661 0.148458 0.105383
v -0.038356 0.165150 0.109688
v 0.028616 0.168886 0.111594
v 0.309008 0.175801 0.113726
v 0.064125 0.177574 0.117491
v 0.057380 0.176446 0.108364
v 0.297041 0.214678 0.118701
v 0.246251 0.304542 0.110343
v -0.275794 0.323546 0.114782
v -0.263905 0.406565 0.120377
v -0.260332 0.444217 0.112025
v -0.152213 0.513460 0.115690
v -0.004067 0.554600 0.108166
v -0.124746 0.571701 0.111509
v -0.093831 0.567752 0.123705
v 0.107368 0.575520 0.115331
v 0.082767 0.575319 0.120431
v -0.066329 0.689799 0.107402
v -0.052232 0.700740 0.106025
v 0.215322 0.103334 0.116926
v -0.072172 0.166628 0.104358
v -0.056056 0.185141 0.110570
v -0.075263 0.166278 0.117660
v -0.244595 0.293260 0.117769
v -0.242885 0.299263 0.110313
v 0.241233 0.297307 0.110637
v -0.012625 0.302773 0.110703
v 0.006442 0.314133 0.107369
v -0.012383 0.344088 0.118710
v 0.265898 0.421875 0.117400
v -0.157412 0.453077 0.122460
v 0.150207 0.513492 0.115571
v -0.152603 0.481750 0.117053
v 0.064306 0.704258 0.107852
v 0.278373 0.152940 0.128335
v -0.302895 0.168183 0.120352
v -0.240091 0.305004 0.117482
v -0.236201 0.298113 0.116814
v -0.235851 0.303267 0.107498
v -0.231064 0.304597 0.112270
v 0.235028 0.303269 0.106753
v 0.229054 0.301792 0.111947
v 0.235182 0.298983 0.110956
v 0.231413 0.299083 0.118150
v 0.239023 0.303232 0.117660
v -0.237145 0.307106 0.111022
v 0.226993 0.307245 0.118835
v 0.235395 0.307217 0.111195
v 0.015283 0.315323 0.120349
v 0.002723 0.359643 0.130780
v 0.123299 0.486620 0.124582
v 0.155654 0.445253 0.124751
v 0.126669 0.548607 0.119398
v -0.194274 0.105508 0.117873
v 0.285937 0.172097 0.128816
v 0.045738 0.200544 0.112580
v -0.018592 0.199911 0.116187
v -0.039888 0.216123 0.113299
v 0.030190 0.236285 0.111506
v -0.283928 0.218614 0.125850
v -0.032277 0.235943 0.111614
v -0.032454 0.255801 0.123934
v -0.023718 0.262333 0.116122
v 0.022766 0.262031 0.116498
v 0.030468 0.255904 0.123903
v 0.015176 0.291385 0.114035
v -0.223112 0.304370 0.120284
v -0.221254 0.309328 0.126239
v 0.239016 0.308849 0.123358
v 0.015576 0.336601 0.122016
v -0.005518 0.355745 0.130226
v -0.260151 0.425595 0.120051
v -0.031972 0.560092 0.122389
v -0.003707 0.520049 0.123942
v -0.253515 0.145246 0.129519
v -0.287891 0.156768 0.126558
v 0.214436 0.304313 0.124337
v -0.017413 0.336765 0.121991
v 0.242656 0.346780 0.126866
v 0.250418 0.429214 0.121604
v -0.121973 0.492161 0.129306
v 0.122779 0.495170 0.128916
v -0.109236 0.548777 0.126908
v -0.111087 0.235861 0.138373
v 0.270878 0.203289 0.131532
v 0.207367 0.258813 0.127930
v 0.036527 0.329281 0.131158
v -0.225172 0.335162 0.130352
v 0.219250 0.398654 0.132302
v -0.205768 0.425323 0.130291
v 0.099504 0.556404 0.126851
v -0.066796 0.552520 0.131510
v 0.072583 0.556339 0.130466
v 0.255576 0.160422 0.133035
v 0.195645 0.164198 0.127576
v -0.201741 0.152471 0.126183
v -0.134606 0.172742 0.131137
v 0.109149 0.235922 0.138384
v -0.197586 0.227646 0.131004
v -0.050692 0.342909 0.134533
v -0.036075 0.329965 0.132588
v -0.017428 0.338053 0.135216
v 0.015478 0.338055 0.135403
v -0.165783 0.374280 0.132971
v -0.101867 0.483620 0.128047
v 0.110761 0.497382 0.139129
v 0.095662 0.516791 0.134586
v -0.120020 0.497632 0.134655
v 0.060968 0.544922 0.133115
v -0.253722 0.160412 0.132916
v 0.124680 0.188408 0.133687
v -0.265147 0.211150 0.131706
v 0.191444 0.231580 0.131563
v 0.132272 0.235860 0.140730
v 0.159321 0.239690 0.138305
v -0.091052 0.283461 0.135693
v 0.187485 0.334948 0.133457
v -0.189452 0.334968 0.133395
v -0.028274 0.333230 0.141595
v 0.029372 0.331699 0.141322
v -0.225150 0.410261 0.131707
v 0.002048 0.426567 0.127832
v 0.009763 0.386150 0.132463
v 0.167830 0.370338 0.133027
v 0.199945 0.413979 0.132495
v -0.011723 0.398249 0.131255
v 0.024916 0.473958 0.134720
v -0.011679 0.462287 0.134032
v 0.120062 0.398066 0.133654
v 0.092315 0.483824 0.129233
v -0.050912 0.491545 0.132781
v -0.118103 0.402145 0.133455
v -0.109041 0.488941 0.137844
v -0.059558 0.492842 0.134299
v 0.103640 0.488245 0.138501
v 0.077644 0.489548 0.134367
v 0.053111 0.491864 0.132148
v 0.046003 0.495686 0.134200
v -0.048847 0.502525 0.140158
v -0.044573 0.499478 0.134789
v -0.078290 0.521091 0.136460
v -0.138099 0.239756 0.141091
v -0.034287 0.335555 0.143113
v 0.032206 0.335572 0.143326
v 0.048752 0.346755 0.134534
v -0.012469 0.354572 0.138472
v 0.010773 0.350805 0.138659
v -0.050825 0.390455 0.133168
v -0.083102 0.488938 0.142685
v 0.073403 0.492227 0.145160
v -0.067345 0.495396 0.145161
v -0.137863 0.323076 0.144214
v 0.124646 0.291459 0.141264
v 0.128068 0.338637 0.144265
v -0.122335 0.338685 0.144378
v -0.101283 0.494010 0.143560
v 0.049743 0.505005 0.141270
vn -0.5297 0.0857 -0.8438
vn 0.1154 0.3185 -0.9409
vn 0.2477 -0.1070 -0.9629
vn -0.4709 0.5453 -0.6935
vn 0.5676 0.3383 -0.7506
vn 0.1749 -0.9135 -0.3674
vn -0.1103 -0.5044 -0.8564
vn 0.6379 -0.5908 -0.4941
vn -0.4517 -0.3263 -0.8304
vn -0.9222 -0.2909 -0.2549
vn -0.8336 -0.0457 -0.5505
vn 0.8880 0.0041 -0.4599
vn -0.0993 0.7980 -0.5944
vn 0.3784 0.8342 -0.4011
vn -0.1718 -0.9689 -0.1779
vn 0.9118 -0.2784 -0.3019
vn -0.8544 0.4612 -0.2395
vn -0.5055 -0.8255 -0.2509
vn -0.9839 0.1349 -0.1174
vn -0.1906 0.9237 -0.3324
vn 0.4017 -0.9121 0.0822
vn 0.6615 -0.7271 0.1836
vn -0.7721 -0.6316 0.0705
vn 0.8826 0.4382 -0.1702
vn 0.9937 0.0526 -0.0991
vn 0.1297 0.9897 -0.0601
vn -0.3351 -0.9054 0.2607
vn 0.8785 -0.4684 0.0945
vn 0.9776 -0.1984 0.0705
vn -0.9924 -0.0948 0.0786
vn -0.5028 0.8501 -0.1565
vn 0.6094 0.7803 -0.1404
vn 0.0504 -0.9675 0.2478
vn -0.8776 -0.3916 0.2765
vn -0.0641 -0.2124 -0.9751
vn -0.0387 -0.0014 -0.9993
vn 0.2579 -0.1633 -0.9523
vn -0.2520 -0.0783 -0.9646
vn -0.0451 0.0604 -0.9972
vn 0.0695 -0.1925 -0.9788
vn 0.1654 0.0593 -0.9844
vn -0.0146 0.1126 -0.9935
vn -0.2307 0.1987 -0.9525
vn 0.9935 0.0069 0.1140
vn -0.1888 0.9811 -0.0414
vn -0.0431 -0.3093 -0.9500
vn -0.2269 0.0583 -0.9722
vn 0.1199 0.0956 -0.9882
vn 0.1079 -0.0015 -0.9942
vn -0.0347 -0.0005 -0.9994
vn -0.0778 -0.2740 -0.9586
vn 0.1217 -0.2889 -0.9496
vn 0.2345 0.0414 -0.9712
vn 0.2471 -0.0466 -0.9679
vn 0.0605 -0.0789 -0.9950
vn -0.1670 0.1244 -0.9781
vn -0.0831 -0.0976 -0.9917
vn 0.2705 -0.0450 -0.9617
vn 0.1012 -0.1484 -0.9837
vn 0.0769 -0.1068 -0.9913
vn -0.0301 -0.0926 -0.9952
vn -0.2265 -0.1131 -0.9674
vn 0.1860 -0.0868 -0.9787
vn -0.3193 -0.1163 -0.9405
vn 0.3348 0.0742 -0.9394
vn 0.0153 -0.0241 -0.9996
vn 0.2160 0.3292 -0.9192
vn 0.3092 0.1553 -0.9382
vn -0.0647 0.0471 -0.9968
vn 0.1145 0.1366 -0.9840
vn -0.2358 0.2025 -0.9505
vn -0.4953 -0.7091 0.5019
vn 0.8048 -0.4390 0.3995
vn -0.9519 0.1183 0.2826
vn -0.9429 0.3331 -0.0060
vn 0.0293 -0.3835 -0.9231
vn -0.3909 -0.2232 -0.8930
vn 0.3303 0.0424 -0.9429
vn 0.3410 -0.0048 -0.9400
vn 0.0911 -0.0847 -0.9922
vn -0.2899 0.0129 -0.9570
vn 0.2529 -0.1240 -0.9595
vn 0.3145 -0.2061 -0.9266
vn 0.3667 -0.0284 -0.9299
vn -0.3099 0.1964 -0.9303
vn 0.0721 0.1446 -0.9869
vn 0.1104 0.0521 -0.9925
vn 0.3550 -0.8062 0.4733
vn -0.0387 -0.2695 -0.9622
vn -0.2414 -0.3836 -0.8914
vn 0.3606 -0.2523 -0.8980
vn -0.4800 -0.0439 -0.8762
vn -0.3685 0.1586 -0.9160
vn 0.4115 0.1942 -0.8905
vn 0.3668 0.2376 -0.8995
vn -0.3673 0.1972 -0.9090
vn -0.1680 -0.0368 -0.9851
vn 0.0448 -0.0501 -0.9977
vn 0.0942 0.1087 -0.9896
vn -0.1298 -0.0202 -0.9913
vn -0.2875 0.1501 -0.9459
vn -0.3611 -0.0467 -0.9314
vn 0.2643 -0.0435 -0.9635
vn 0.0731 0.2346 -0.9693
vn 0.1915 0.1840 -0.9641
vn -0.1706 -0.0145 -0.9852
vn 0.0471 -0.0403 -0.9981
vn -0.8997 -0.1353 0.4150
vn -0.7156 0.6902 0.1074
vn 0.0374 -0.2538 -0.9665
vn 0.4604 -0.0531 -0.8861
vn -0.3819 0.0472 -0.9230
vn -0.4280 -0.2541 -0.8673
vn -0.0383 -0.0412 -0.9984
vn 0.0314 -0.1635 -0.9860
vn -0.2593 -0.1255 -0.9576
vn 0.0678 -0.2010 -0.9772
vn -0.0504 0.0679 -0.9964
vn -0.0076 0.0980 -0.9952
vn 0.2396 0.0856 -0.9671
vn -0.2826 0.1090 -0.9530
vn 0.0640 0.3554 -0.9325
vn -0.0525 -0.8545 0.5167
vn 0.9431 -0.0655 0.3260
vn 0.9594 0.2159 0.1817
vn 0.5822 0.8073 0.0961
vn 0.2809 -0.2833 -0.9170
vn -0.4910 -0.1691 -0.8546
vn 0.4922 -0.1593 -0.8558
vn 0.3977 -0.0181 -0.9173
vn 0.4827 0.0674 -0.8732
vn 0.1657 -0.1595 -0.9732
vn 0.3365 -0.2010 -0.9200
vn -0.0141 0.1589 -0.9872
vn 0.2609 0.1137 -0.9587
vn 0.4404 0.1542 -0.8845
vn -0.8664 0.4258 0.2607
vn -0.3943 0.8150 -0.4245
vn -0.0172 -0.1915 -0.9813
vn -0.5521 -0.2748 -0.7872
vn 0.5246 -0.2908 -0.8001
vn 0.6335 -0.0716 -0.7704
vn 0.5436 -0.3099 -0.7801
vn -0.5461 -0.2422 -0.8019
vn 0.5994 0.0088 -0.8004
vn -0.4501 0.0257 -0.8926
vn -0.3314 0.0379 -0.9427
vn -0.3152 -0.0419 -0.9481
vn -0.2527 -0.0066 -0.9675
vn 0.4159 0.0543 -0.9078
vn 0.2872 0.3774 -0.8804
vn 0.0030 0.4184 -0.9083
vn 0.8151 0.5491 0.1846
vn -0.2959 -0.3567 -0.8861
vn -0.2754 -0.2839 -0.9185
vn -0.5944 0.0033 -0.8042
vn -0.4580 0.2945 -0.8388
vn -0.3986 0.2543 -0.8811
vn 0.4645 -0.1417 -0.8742
vn 0.3625 0.0038 -0.9320
vn 0.0112 0.4036 -0.9149
vn -0.1602 0.3328 -0.9293
vn 0.5553 0.7853 -0.2739
vn 0.3008 -0.1861 -0.9354
vn 0.3351 -0.1929 -0.9222
vn -0.6756 -0.3204 -0.6640
vn 0.5107 0.0577 -0.8578
vn -0.4741 0.0456 -0.8793
vn -0.3845 0.4499 -0.8061
vn -0.0085 0.2147 -0.9766
vn 0.2336 0.2591 -0.9372
vn -0.0619 0.3472 -0.9357
vn 0.2062 0.1857 -0.9607
vn -0.1407 0.0910 -0.9859
vn -0.0560 0.2281 -0.9720
vn 0.2771 0.1935 -0.9412
vn -0.0485 0.5016 -0.8637
vn -0.1346 -0.0194 -0.9907
vn -0.1692 0.0126 -0.9855
vn 0.3538 0.0187 -0.9351
vn 0.4156 -0.0127 -0.9095
vn -0.2488 -0.0955 -0.9638
vn -0.4216 -0.4029 -0.8124
vn 0.4490 -0.3515 -0.8215
vn -0.5848 -0.4225 -0.6925
vn -0.7254 -0.1211 -0.6775
vn 0.8514 -0.2471 -0.4627
vn 0.5388 0.2095 -0.8160
vn -0.3996 -0.0028 -0.9167
vn -0.4667 0.4013 -0.7881
vn -0.4083 0.1840 -0.8941
vn -0.0139 0.6377 -0.7702
vn 0.2486 0.6172 -0.7465
vn -0.0119 -0.6933 0.7205
vn 0.4790 -0.5834 0.6559
vn -0.7258 -0.3770 0.5754
vn -0.4138 -0.5689 0.7107
vn 0.8508 -0.1368 0.5074
vn 0.8967 0.3944 0.2008
vn 0.9959 -0.0645 0.0633
vn -0.6167 0.6311 0.4705
vn -0.5884 -0.0035 -0.8086
vn -0.6783 0.1768 -0.7132
vn 0.5074 -0.0704 -0.8588
vn 0.4957 0.4095 -0.7659
vn 0.4888 0.4031 -0.7737
vn -0.2824 0.5884 -0.7577
vn 0.4280 0.4854 -0.7624
vn 0.0333 0.7216 -0.6915
vn 0.1281 0.1246 -0.9839
vn -0.4704 -0.0303 -0.8819
vn 0.2422 -0.0287 -0.9698
vn -0.2824 0.0011 -0.9593
vn -0.5658 -0.3013 -0.7675
vn -0.7570 -0.2940 -0.5835
vn 0.9456 -0.0473 -0.3218
vn -0.6707 -0.4604 -0.5815
vn -0.7990 0.0051 -0.6013
vn 0.5643 0.1709 -0.8077
vn -0.6608 0.2851 -0.6943
vn -0.3660 0.5416 -0.7567
vn -0.1254 0.8030 -0.5826
vn -0.9865 0.1637 0.0012
vn 0.4522 0.1972 -0.8699
vn 0.0341 0.0436 -0.9985
vn 0.1782 0.0072 -0.9840
vn 0.6673 -0.0074 -0.7447
vn 0.6364 -0.0076 -0.7713
vn -0.7112 -0.0181 -0.7028
vn -0.6549 -0.0147 -0.7556
vn 0.6795 -0.3729 -0.6318
vn 0.7494 -0.3242 -0.5773
vn 0.7064 0.0924 -0.7018
vn -0.5626 0.2313 -0.7937
vn -0.5312 0.5931 -0.6050
vn -0.0505 0.4351 -0.8990
vn 0.8682 0.1880 -0.4592
vn 0.6860 -0.4260 -0.5899
vn -0.8811 -0.3095 -0.3575
vn 0.7546 -0.2176 -0.6191
vn -0.2586 0.0196 -0.9658
vn -0.0959 0.2651 -0.9594
vn -0.0273 -0.0524 -0.9983
vn 0.2014 0.0053 -0.9795
vn 0.1494 0.3727 -0.9159
vn -0.4265 0.2683 -0.8638
vn 0.7327 -0.3550 0.5806
vn -0.5765 -0.4936 -0.6511
vn 0.9116 0.0332 -0.4096
vn -0.8737 -0.1573 -0.4604
vn -0.7751 0.0283 -0.6312
vn 0.7274 0.0788 -0.6817
vn 0.6624 0.4722 -0.5815
vn -0.6044 0.5158 -0.6072
vn 0.5697 0.6414 -0.5139
vn 0.1467 0.7313 -0.6661
vn 0.0030 0.3622 -0.9321
vn 0.3561 0.4800 -0.8017
vn -0.4630 -0.0810 -0.8826
vn 0.4596 0.1937 -0.8667
vn -0.9380 -0.2569 0.2328
vn 0.9354 -0.0288 -0.3524
vn -0.8914 -0.0213 -0.4527
vn 0.7274 -0.0169 -0.6861
vn 0.7912 -0.0010 -0.6116
vn -0.7961 -0.0012 -0.6051
vn 0.6968 -0.1113 -0.7086
vn 0.4785 -0.7749 -0.4130
vn -0.5066 0.0706 -0.8593
vn -0.6543 0.0659 -0.7533
vn 0.6155 0.5447 -0.5696
vn 0.5791 0.0079 -0.8152
vn -0.6452 0.0632 -0.7614
vn 0.4370 0.4129 -0.7991
vn -0.3858 0.5340 -0.7523
vn -0.9399 -0.0194 -0.3409
vn -0.6394 -0.1854 -0.7462
vn 0.7175 0.2301 -0.6574
vn -0.6325 0.3762 -0.6771
vn -0.1210 0.6091 -0.7838
vn 0.1935 0.6155 -0.7640
vn 0.6195 -0.6835 0.3861
vn 0.9050 0.0204 -0.4249
vn 0.9074 -0.0254 -0.4196
vn -0.8479 -0.2855 -0.4468
vn 0.5676 -0.6552 -0.4986
vn -0.8193 0.3012 -0.4878
vn -0.6608 -0.6214 0.4209
vn 0.9164 -0.0365 -0.3987
vn -0.9474 -0.0099 -0.3199
vn 0.0270 -0.1506 -0.9882
vn 0.4731 -0.5294 -0.7042
vn -0.4290 -0.7379 -0.5210
vn 0.3166 -0.4399 -0.8404
vn -0.2824 0.1691 -0.9443
vn 0.3323 -0.1361 -0.9333
vn 0.3861 0.1851 -0.9037
vn -0.5006 -0.3219 -0.8036
vn -0.1416 0.0567 -0.9883
vn 0.1272 0.0572 -0.9902
vn -0.6943 -0.5096 -0.5082
vn 0.7653 -0.5336 -0.3600
vn -0.6010 -0.6200 -0.5044
vn -0.8520 -0.2843 -0.4397
vn 0.6627 0.0901 -0.7434
vn -0.6559 0.6292 -0.4170
vn 0.7890 0.2421 -0.5648
vn -0.8308 0.3024 -0.4673
vn 0.6813 0.3695 -0.6319
vn 0.4692 0.6648 -0.5813
vn -0.1572 -0.9030 0.4000
vn 0.9634 -0.0363 -0.2655
vn 0.9517 -0.0820 -0.2958
vn 0.2132 -0.8904 -0.4021
vn -0.3537 -0.3379 -0.8722
vn 0.8562 -0.2209 -0.4671
vn 0.6636 0.2832 -0.6924
vn 0.7664 -0.5956 -0.2407
vn -0.4946 -0.3079 -0.8128
vn 0.8997 -0.4180 -0.1256
vn -0.4519 -0.8387 -0.3039
vn 0.8600 -0.0117 -0.5101
vn -0.7780 0.5024 -0.3773
vn -0.6015 0.6096 -0.5163
vn -0.0419 0.8218 -0.5682
vn -0.9285 -0.2733 -0.2514
vn -0.7304 0.1723 -0.6610
vn 0.1383 -0.1245 -0.9825
vn -0.1555 -0.8120 -0.5625
vn 0.1337 -0.2206 -0.9662
vn 0.2853 -0.4351 -0.8540
vn 0.1442 -0.0951 -0.9850
vn 0.3010 -0.8909 -0.3401
vn 0.8486 -0.1734 -0.4998
vn -0.0049 -0.1870 -0.9824
vn 0.2867 -0.7209 -0.6309
vn -0.6473 -0.6865 -0.3313
vn -0.8475 0.0758 -0.5254
vn -0.7456 -0.6027 -0.2842
vn 0.2266 0.2509 -0.9411
vn -0.3891 0.3503 -0.8520
vn 0.0073 0.0743 -0.9972
vn 0.2042 -0.7201 -0.6632
vn 0.1710 -0.2462 -0.9540
vn 0.3100 -0.0143 -0.9506
vn -0.8087 0.3322 -0.4854
vn 0.8627 0.0622 -0.5019
vn -0.8398 0.0348 -0.5418
vn 0.8031 0.0912 -0.5889
vn -0.3394 0.7866 -0.5158
vn 0.2472 0.8173 -0.5204
vn -0.9688 -0.0246 -0.2465
vn 0.9998 0.0185 0.0012
vn 0.0452 -0.1357 -0.9897
vn 0.3590 -0.1159 -0.9261
vn 0.4795 -0.3878 -0.7872
vn -0.0267 -0.0944 -0.9952
vn 0.0767 0.0193 -0.9969
vn 0.4374 0.0151 -0.8991
vn -0.5606 -0.3870 -0.7321
vn -0.2826 0.0756 -0.9562
vn -0.4314 -0.3684 -0.8235
vn 0.3130 -0.2770 -0.9085
vn -0.9099 -0.3729 -0.1819
vn -0.5755 -0.6085 -0.5463
vn -0.8918 0.4308 -0.1384
vn -0.3371 -0.8101 -0.4797
vn 0.8811 0.4168 -0.2233
vn -0.0692 0.0793 -0.9944
vn 0.8556 0.1548 -0.4939
vn 0.6362 0.0285 -0.7710
vn 0.3927 -0.5149 -0.7620
vn -0.4027 -0.0919 -0.9107
vn -0.1673 -0.0025 -0.9859
vn 0.4629 -0.0707 -0.8836
vn -0.7646 -0.1885 -0.6164
vn -0.0759 0.0360 -0.9965
vn 0.2162 0.1707 -0.9613
vn 0.9190 0.0329 -0.3929
vn 0.5646 0.5935 -0.5736
vn 0.9854 -0.0386 -0.1659
vn -0.4891 -0.1336 -0.8620
vn -0.1147 -0.0038 -0.9934
vn 0.4545 0.1037 -0.8847
vn 0.6092 -0.1739 -0.7737
vn -0.4776 0.1522 -0.8653
vn 0.0137 0.0516 -0.9986
vn -0.9909 -0.0243 -0.1325
vn 0.4300 -0.5233 -0.7357
vn -0.7751 0.4793 -0.4116
vn 0.6121 -0.4069 -0.6780
vn 0.1543 -0.4272 -0.8909
vn -0.5508 0.4595 -0.6968
vn -0.1091 -0.0722 -0.9914
vn -0.5160 0.3190 -0.7950
vn 0.6179 0.3333 -0.7121
vn 0.8955 0.3239 -0.3053
vn -0.9318 0.3602 -0.0452
vn -0.8443 -0.5295 -0.0819
vn 0.8870 0.3041 -0.3475
vn 0.7269 -0.3990 -0.5589
vn 0.7991 -0.1445 -0.5836
vn -0.9213 0.2235 -0.3182
vn 0.3808 -0.6588 -0.6488
vn -0.2845 -0.4442 -0.8496
vn -0.6899 -0.0881 -0.7185
vn 0.3493 -0.7535 -0.5569
vn 0.8473 -0.3916 -0.3587
vn -0.8957 -0.4227 -0.1378
vn -0.7601 -0.1696 -0.6273
vn 0.8641 0.2689 -0.4255
vn 0.8669 -0.1248 -0.4826
vn 0.1816 -0.9419 -0.2826
vn 0.5553 -0.7935 -0.2489
vn -0.9215 0.0011 -0.3884
vn 0.9567 -0.0798 -0.2800
vn -0.9589 0.1671 -0.2295
vn -0.9180 0.0059 -0.3966
vn 0.9527 -0.2426 -0.1831
vn -0.8558 0.3104 -0.4139
vn -0.4626 0.0824 -0.8827
vn -0.4400 0.0761 -0.8948
vn 0.2897 0.1696 -0.9420
vn -0.2132 0.3518 -0.9115
vn -0.0014 0.1794 -0.9838
vn -0.7675 0.3845 -0.5129
vn -0.9418 -0.0986 -0.3213
vn -0.3424 0.0640 -0.9374
vn 0.6601 -0.1277 -0.7403
vn 0.7208 0.2529 -0.6453
vn -0.4949 -0.6607 -0.5645
vn -0.7080 -0.3268 -0.6261
vn 0.8376 -0.2277 -0.4965
vn 0.7344 -0.6781 -0.0296
vn 0.9690 0.2186 -0.1155
vn 0.8441 -0.5065 -0.1758
vn -0.2287 -0.8883 -0.3984
vn -0.7332 0.0701 -0.6764
vn 0.2035 -0.9721 -0.1170
vn -0.6973 -0.5188 -0.4946
vn -0.4276 -0.7831 -0.4515
vn -0.5014 -0.8032 -0.3217
vn 0.9521 -0.0685 -0.2980
vn 0.7149 -0.6510 -0.2552
vn -0.7734 -0.6328 -0.0371
vn -0.9475 0.2872 -0.1408
vn 0.9109 -0.4063 -0.0722
vn 0.9354 -0.3491 0.0565
vn -0.8663 -0.4819 -0.1316
vn 0.9973 -0.0198 0.0705
vn -0.8506 -0.1748 -0.4960
vn -0.8722 0.3128 -0.3761
vn -0.9889 0.0375 -0.1441
vn -0.7137 -0.6942 0.0932
vn 0.7502 0.5518 -0.3643
vn -0.8072 -0.5671 -0.1638
vn 0.1891 -0.7931 -0.5790
vn 0.3295 -0.8778 -0.3476
vn -0.9142 -0.0270 -0.4044
vn -0.8814 0.1819 -0.4360
vn -0.8789 0.2908 -0.3782
vn 0.8680 0.2877 -0.4048
vn 0.1322 0.9582 -0.2536
vn -0.1828 -0.8408 -0.5096
vn 0.2275 -0.7287 -0.6460
vn -0.7548 -0.1374 -0.6414
vn 0.9651 -0.2034 0.1648
vn -0.4179 -0.8736 0.2495
vn 0.6590 -0.7519 0.0174
vn -0.9981 -0.0454 0.0426
vn 0.8790 0.3596 -0.3132
vn 0.8218 0.4425 0.3589
vn 0.9731 -0.2302 -0.0039
vn 0.8334 -0.5435 -0.1008
vn -0.8226 -0.5560 -0.1191
vn -0.9560 -0.2464 -0.1593
vn -0.8075 -0.5854 0.0727
vn 0.7343 0.6073 -0.3032
vn -0.8190 0.5721 -0.0439
vn 0.0864 -0.9648 -0.2485
vn 0.8982 -0.3390 -0.2800
vn -0.7876 -0.3932 -0.4744
vn 0.7805 0.5705 -0.2558
vn 0.6095 0.7132 -0.3463
vn -0.1251 0.9610 -0.2466
vn 0.3714 0.8853 -0.2798
vn -0.5727 -0.7039 0.4202
vn -0.9763 -0.0417 0.2123
vn 0.6855 -0.5343 0.4945
vn 0.8664 -0.3838 0.3195
vn -0.5551 -0.4857 0.6752
vn 0.6100 -0.7129 0.3459
vn -0.8697 0.2828 0.4045
vn 0.9518 -0.1048 0.2881
vn -0.9667 0.0444 0.2521
vn 0.9981 -0.0474 -0.0392
vn 0.9353 0.2773 0.2198
vn 0.8682 -0.2113 0.4490
vn 0.8060 -0.5913 0.0252
vn -0.8585 0.5012 0.1088
vn -0.9451 -0.1629 0.2833
vn 0.9501 -0.1369 0.2804
vn -0.8983 0.4123 0.1516
vn 0.7559 -0.6520 -0.0589
vn 0.8091 -0.5560 -0.1903
vn -0.5575 -0.7887 -0.2592
vn 0.3690 -0.9277 0.0560
vn -0.7530 0.5317 -0.3877
vn 0.7683 0.1585 -0.6202
vn 0.8190 0.5425 -0.1866
vn 0.9754 0.0557 -0.2135
vn -0.9500 0.0558 -0.3071
vn 0.7566 0.6203 -0.2067
vn -0.6544 0.6708 -0.3489
vn 0.7888 0.3917 -0.4736
vn 0.2454 -0.8936 0.3758
vn -0.3890 -0.8039 0.4499
vn 0.5292 -0.7358 0.4226
vn -0.9377 0.1930 0.2890
vn -0.9694 -0.1916 0.1534
vn 0.2252 -0.8754 0.4277
vn 0.2750 -0.8575 0.4349
vn -0.9244 -0.1849 0.3335
vn -0.8473 0.0582 0.5279
vn -0.7944 0.4090 0.4490
vn 0.9641 -0.2219 0.1458
vn -0.9106 0.2469 0.3314
vn 0.8183 -0.5045 -0.2754
vn -0.6415 -0.7381 -0.2090
vn 0.9348 0.3464 0.0783
vn -0.2206 -0.9542 -0.2022
vn -0.8188 0.0067 -0.5740
vn -0.8762 0.0649 -0.4775
vn 0.9335 -0.0132 -0.3582
vn 0.8635 -0.0580 -0.5009
vn 0.9106 0.0276 0.4124
vn 0.8816 0.2250 0.4149
vn 0.9505 -0.0536 0.3060
vn 0.7731 -0.1898 0.6052
vn -0.5852 -0.5061 0.6335
vn -0.6976 -0.5629 0.4433
vn 0.9108 0.0969 0.4013
vn 0.9230 -0.0467 0.3818
vn -0.9224 -0.2135 0.3220
vn 0.7715 -0.4194 0.4784
vn -0.8249 -0.3864 0.4127
vn -0.5982 -0.7001 0.3898
vn 0.7820 -0.5132 0.3538
vn -0.9593 -0.0794 0.2711
vn 0.6035 -0.6915 0.3971
vn 0.7673 0.5585 0.3152
vn 0.9307 0.2859 0.2284
vn -0.8527 -0.4838 -0.1970
vn 0.6947 -0.7180 -0.0428
vn 0.9035 -0.4286 0.0053
vn -0.6912 -0.6627 -0.2883
vn -0.9148 -0.2904 -0.2808
vn -0.2774 -0.3002 -0.9126
vn -0.4936 0.0623 -0.8674
vn 0.1955 0.1972 -0.9607
vn 0.2752 0.0915 -0.9570
vn 0.6553 0.6449 -0.3933
vn 0.1263 0.0069 -0.9920
vn -0.1614 0.6920 -0.7036
vn -0.8571 0.4699 -0.2110
vn -0.4486 0.8561 -0.2565
vn -0.1136 -0.2559 -0.9600
vn -0.7924 -0.0427 0.6085
vn -0.6993 0.3035 0.6472
vn -0.7725 -0.3664 0.5187
vn -0.8364 0.1107 0.5368
vn 0.8070 -0.1749 0.5641
vn -0.6908 -0.6198 0.3723
vn -0.8891 -0.4199 0.1820
vn 0.8970 -0.2237 -0.3812
vn -0.2577 -0.3319 -0.9074
vn -0.3777 0.0434 -0.9249
vn -0.4322 0.0596 -0.8998
vn 0.4271 -0.1453 -0.8924
vn 0.6233 0.1192 -0.7729
vn 0.2997 -0.1391 -0.9438
vn 0.4199 0.4386 -0.7945
vn -0.6401 0.1034 -0.7613
vn -0.1137 -0.2331 -0.9658
vn 0.6190 -0.2953 -0.7278
vn -0.0208 -0.1066 -0.9941
vn -0.5770 0.3018 -0.7590
vn -0.6505 0.5068 -0.5657
vn 0.0610 0.8103 -0.5828
vn 0.6149 0.5694 -0.5456
vn 0.8163 0.2514 -0.5201
vn -0.7149 0.6912 -0.1057
vn -0.9711 0.1897 -0.1448
vn -0.0041 -0.7499 -0.6616
vn -0.2556 -0.8262 -0.5021
vn -0.1305 -0.1185 -0.9843
vn 0.2207 -0.1740 -0.9597
vn -0.2026 -0.0652 -0.9771
vn 0.2341 -0.0583 -0.9705
vn -0.6074 -0.4869 0.6277
vn 0.4041 -0.3651 0.8387
vn -0.9411 0.2451 0.2329
vn -0.4285 0.1012 0.8978
vn -0.2351 0.1110 -0.9656
vn -0.0735 -0.4207 -0.9042
vn -0.5441 -0.7323 -0.4096
vn 0.6865 -0.1559 0.7102
vn -0.6189 0.1292 0.7748
vn -0.9973 -0.0189 0.0709
vn -0.3962 -0.1114 -0.9114
vn -0.1787 -0.0259 -0.9836
vn 0.3792 0.0806 -0.9218
vn 0.6090 -0.7169 -0.3395
vn 0.3094 0.1209 -0.9432
vn -0.1638 -0.3015 -0.9393
vn 0.3710 -0.4177 -0.8294
vn 0.2543 0.0396 -0.9663
vn -0.5280 0.1735 -0.8313
vn -0.7377 0.4182 -0.5300
vn 0.4281 -0.0491 -0.9024
vn -0.7410 0.0627 -0.6686
vn 0.5172 -0.5807 -0.6287
vn -0.7059 -0.4255 -0.5662
vn -0.9013 0.2897 -0.3220
vn -0.4583 0.8455 -0.2740
vn -0.1749 -0.2004 -0.9640
vn 0.0787 -0.0763 -0.9940
vn -0.2115 -0.5969 -0.7740
vn 0.1311 0.2849 -0.9496
vn -0.8316 0.2932 -0.4717
vn -0.9139 0.3819 -0.1379
vn -0.0867 0.0044 -0.9962
vn -0.2656 0.3161 -0.9108
vn -0.0700 0.2608 -0.9629
vn 0.1443 -0.1089 -0.9835
vn -0.3115 -0.0162 -0.9501
vn 0.5310 -0.0667 -0.8448
vn 0.1547 0.3805 -0.9118
vn -0.1252 0.5961 -0.7931
vn -0.8856 0.4607 -0.0587
vn -0.9982 -0.0361 0.0484
vn 0.9537 0.2899 -0.0803
vn 0.9562 0.2927 0.0002
vn 0.0707 -0.1412 -0.9875
vn 0.8735 0.2518 0.4166
vn 0.1118 -0.1710 0.9789
vn -0.8899 -0.0717 0.4506
vn 0.9610 -0.0413 0.2735
vn 0.8659 -0.1979 0.4593
vn -0.4399 0.0442 0.8970
vn -0.6260 0.4518 0.6356
vn -0.4237 -0.6297 -0.6511
vn 0.1051 -0.1948 -0.9752
vn 0.7998 -0.4977 -0.3356
vn -0.0788 -0.1533 -0.9850
vn -0.8908 -0.4083 -0.1996
vn -0.3235 -0.1762 -0.9297
vn 0.1272 -0.4026 -0.9065
vn 0.2523 0.2238 -0.9414
vn 0.5568 -0.5087 -0.6567
vn 0.3658 -0.8217 -0.4371
vn -0.0263 -0.2318 -0.9724
vn 0.3317 0.0489 -0.9421
vn -0.7646 0.5548 -0.3279
vn 0.0239 -0.0115 -0.9996
vn -0.0366 -0.0425 -0.9984
vn 0.8718 0.1716 -0.4588
vn 0.9692 0.0860 -0.2309
vn 0.0157 0.1271 0.9918
vn -0.7301 -0.1329 -0.6703
vn -0.0394 0.0816 -0.9959
vn -0.2705 -0.2894 -0.9182
vn 0.2404 0.1374 -0.9609
vn 0.5010 -0.1886 -0.8446
vn -0.4970 -0.1317 0.8577
vn 0.2900 0.0808 0.9536
vn -0.3390 -0.1422 0.9300
vn 0.1376 -0.5152 0.8460
vn -0.3762 0.1152 0.9193
vn 0.4194 -0.2201 0.8807
vn 0.2704 -0.0732 -0.9600
vn -0.6822 0.2068 -0.7013
vn 0.0900 0.0001 -0.9959
vn 0.2829 -0.8015 0.5268
vn 0.6700 -0.1655 -0.7237
vn -0.4767 -0.5903 0.6514
vn 0.7454 0.2933 0.5986
vn 0.8120 -0.1860 -0.5533
vn -0.7414 -0.1663 -0.6502
vn -0.5028 -0.8556 -0.1230
vn -0.6109 0.1895 -0.7687
vn 0.8835 -0.3865 -0.2648
vn 0.8427 0.2357 -0.4841
vn -0.4823 -0.6675 0.5672
vn 0.3873 -0.3278 -0.8617
vn 0.3764 -0.2252 -0.8987
vn -0.3135 -0.1343 -0.9401
vn -0.2553 -0.4641 -0.8482
vn -0.7554 -0.0164 -0.6551
vn -0.0031 -0.0773 -0.9970
vn 0.1807 -0.0170 -0.9834
vn 0.4027 -0.5420 -0.7376
vn 0.9376 0.0759 -0.3392
vn 0.4690 -0.5089 -0.7218
vn -0.4269 -0.3972 -0.8124
vn 0.6487 0.6511 -0.3939
vn 0.1448 -0.9446 -0.2945
vn -0.3754 -0.9120 -0.1656
vn 0.0703 0.1265 -0.9895
vn -0.6191 -0.3048 -0.7238
vn -0.1876 -0.0066 -0.9822
vn 0.0070 -0.6833 -0.7301
vn 0.0733 -0.1862 -0.9798
vn 0.9368 0.2363 -0.2580
vn -0.1294 -0.1833 -0.9745
vn 0.3094 0.2149 -0.9263
vn -0.3196 -0.4126 -0.8530
vn -0.8988 -0.1943 -0.3929
vn 0.0631 -0.0491 -0.9968
vn -0.3647 0.5338 -0.7629
vn -0.3442 -0.1270 -0.9302
vn 0.1535 -0.4458 -0.8819
vn 0.9734 -0.1200 -0.1949
vn -0.4550 -0.5476 -0.7022
vn 0.5188 0.5759 -0.6318
vn -0.3120 0.2481 -0.9171
vn 0.3200 0.7338 -0.5992
vn 0.4000 -0.5287 -0.7487
vn 0.3216 0.4096 -0.8537
vn -0.0790 0.5973 -0.7981
vn 0.3624 0.6991 -0.6164
vn 0.6335 0.7614 -0.1376
vn -0.7288 0.6828 -0.0518
vn -0.5006 0.3521 -0.7908
vn -0.6849 0.5126 -0.5179
vn 0.0980 -0.0273 -0.9948
vn 0.2720 0.5303 -0.8030
vn -0.7151 0.4967 -0.4920
vn 0.5077 0.7882 -0.3479
vn 0.0748 0.1088 -0.9912
vn 0.6319 -0.3500 -0.6915
vn 0.2171 -0.1800 -0.9594
vn 0.2207 0.2642 -0.9389
vn -0.1270 -0.0826 -0.9885
vn -0.3463 0.1104 -0.9316
vn -0.0872 0.0528 -0.9948
vn -0.5534 -0.2276 -0.8012
vn -0.8836 0.3949 -0.2516
vn -0.3654 0.4803 -0.7974
vn -0.0918 -0.1256 -0.9878
vn -0.4131 -0.3570 -0.8378
vn -0.0114 0.0637 -0.9979
vn 0.3725 0.1145 -0.9209
vn 0.2717 0.0148 -0.9623
vn 0.9236 0.1085 -0.3676
vn -0.8718 0.1321 -0.4718
vn 0.9065 0.1500 -0.3947
vn 0.3557 0.1308 -0.9254
vn -0.8083 -0.1224 -0.5759
vn -0.2252 0.3241 -0.9188
vn -0.1731 0.0049 -0.9849
vn 0.0629 0.4693 -0.8808
vn 0.3494 -0.4394 -0.8275
vn -0.2709 -0.3924 -0.8790
vn -0.8458 -0.4111 -0.3401
vn -0.1767 0.3973 -0.9005
vn 0.4723 0.4604 -0.7516
vn 0.7457 0.4530 -0.4886
vn 0.0903 0.8954 -0.4359
vn 0.3014 -0.7774 -0.5521
vn 0.1846 0.1028 -0.9774
vn -0.1009 -0.0115 -0.9948
vn -0.2621 0.0755 -0.9621
vn 0.2527 0.7937 -0.5534
vn -0.8720 0.4837 0.0753
vn -0.1167 -0.1193 0.9860
vn 0.4435 -0.2287 0.8666
vn 0.5799 0.0872 0.8100
vn -0.1459 -0.0582 0.9876
vn -0.1514 -0.1197 0.9812
vn 0.8142 0.2690 0.5145
vn 0.2503 0.0439 0.9672
vn 0.4854 0.0515 0.8728
vn -0.2339 -0.0074 0.9722
vn 0.6330 -0.0927 0.7685
vn -0.2099 0.0400 0.9769
vn 0.3419 0.3186 0.8841
vn -0.5018 0.1300 -0.8551
vn -0.1735 -0.6656 -0.7258
vn 0.6274 -0.6608 -0.4120
vn 0.3422 0.2077 0.9164
vn -0.6072 -0.6041 -0.5161
vn 0.2198 -0.2113 -0.9524
vn 0.3858 0.1020 -0.9169
vn -0.0033 -0.9671 -0.2542
vn -0.2424 -0.0569 0.9685
vn -0.7791 -0.5688 -0.2637
vn -0.6648 -0.7102 -0.2316
vn 0.3610 -0.2346 -0.9026
vn 0.6005 -0.7012 -0.3843
vn 0.8893 -0.0174 -0.4570
vn -0.8352 -0.0196 -0.5496
vn 0.1492 0.0803 -0.9855
vn -0.4246 0.0952 -0.9004
vn 0.9375 -0.0510 -0.3442
vn -0.9342 0.2155 -0.2842
vn -0.8052 0.3119 -0.5044
vn -0.4308 0.1422 -0.8912
vn 0.8202 0.2059 -0.5338
vn 0.9011 0.2266 -0.3696
vn -0.0962 -0.7915 0.6036
vn -0.7038 0.1725 0.6891
vn 0.3725 -0.7836 0.4972
vn -0.8530 -0.4337 -0.2902
vn 0.8373 -0.2555 -0.4833
vn -0.9508 0.2219 0.2160
vn -0.6444 -0.6311 -0.4318
vn -0.7703 0.5225 -0.3657
vn -0.9959 0.0423 -0.0805
vn 0.2281 -0.8681 -0.4408
vn 0.3036 -0.6037 -0.7372
vn -0.1060 0.1597 -0.9815
vn 0.3332 0.4877 -0.8069
vn -0.2596 -0.5172 -0.8155
vn 0.1009 0.1849 -0.9776
vn 0.2374 -0.5130 -0.8249
vn 0.0331 0.0539 -0.9980
vn -0.3822 0.6114 -0.6929
vn 0.5764 0.4063 -0.7089
vn 0.0770 -0.0742 -0.9943
vn -0.2021 0.2202 -0.9543
vn -0.0683 -0.2137 -0.9745
vn -0.0191 -0.6953 -0.7184
vn -0.0619 -0.8507 -0.5220
vn -0.3248 -0.0491 -0.9445
vn 0.2823 -0.0250 -0.9590
vn -0.0862 0.3449 -0.9347
vn 0.0624 0.4115 -0.9093
vn -0.4141 0.6807 -0.6043
vn 0.7820 -0.4341 -0.4472
vn -0.6660 -0.5323 -0.5225
vn 0.7240 0.5176 -0.4560
vn -0.6373 -0.6748 -0.3722
vn 0.7724 -0.6332 -0.0495
vn 0.7965 -0.5334 -0.2848
vn 0.3920 -0.8110 -0.4343
vn 0.2376 0.4524 -0.8596
vn 0.9126 0.3126 -0.2635
vn -0.9675 0.1261 0.2192
vn 0.2255 0.6603 -0.7163
vn 0.3442 -0.7723 -0.5339
vn -0.2987 0.4620 -0.8351
vn 0.7588 -0.5649 -0.3242
vn -0.6720 -0.5416 -0.5051
vn -0.5996 0.2874 -0.7469
vn 0.3636 0.7135 -0.5989
vn -0.4067 0.7665 -0.4972
vn 0.8394 0.4561 -0.2955
vn 0.4020 0.4679 -0.7871
vn -0.5703 -0.2336 -0.7875
vn -0.5587 0.0250 -0.8290
vn -0.4184 0.6957 -0.5839
vn 0.5723 -0.0065 -0.8200
vn -0.0237 0.0044 -0.9997
vn 0.1588 0.0162 -0.9872
vn -0.9014 0.4296 0.0548
vn -0.7387 -0.0218 -0.6737
vn -0.2192 -0.1644 -0.9617
vn -0.1243 0.0099 -0.9922
vn 0.4262 -0.2706 -0.8632
vn -0.0892 -0.0147 -0.9959
vn 0.5568 0.0654 -0.8281
vn -0.1091 -0.2118 -0.9712
vn -0.7308 -0.0616 -0.6799
vn 0.5586 -0.1236 -0.8202
vn -0.7273 0.1347 -0.6730
vn -0.6917 -0.1604 -0.7041
vn -0.2128 -0.1901 -0.9584
vn -0.8657 0.4839 0.1285
vn -0.7789 -0.2268 -0.5846
vn 0.4758 0.0779 -0.8761
vn 0.1927 -0.0735 -0.9785
vn -0.6760 0.1383 -0.7238
vn 0.6147 -0.0298 -0.7882
vn 0.5150 -0.2690 -0.8139
vn 0.2185 -0.1219 -0.9682
vn 0.7115 -0.6290 -0.3131
vn 0.7645 -0.3540 -0.5388
vn 0.0257 0.0252 -0.9994
vn 0.0155 0.0430 -0.9990
vn 0.2706 0.2595 -0.9271
vn -0.6143 0.0041 -0.7891
vn -0.3438 0.0885 -0.9349
vn -0.0016 0.0415 -0.9991
vn 0.1511 -0.1857 -0.9709
vn -0.5703 -0.1970 -0.7974
vn -0.9905 -0.0095 -0.1371
vn -0.6206 -0.3168 -0.7173
vn 0.3799 0.0757 -0.9219
vn 0.4748 -0.8123 -0.3387
vn -0.4177 -0.2908 -0.8608
vn 0.9613 0.2160 -0.1713
vn -0.9322 0.1350 -0.3359
vn -0.9643 -0.1672 -0.2052
vn -0.8051 0.5215 -0.2824
vn 0.3873 -0.0789 -0.9186
vn -0.3634 0.0053 -0.9316
vn -0.1283 0.2938 -0.9472
vn 0.6936 0.6220 -0.3635
vn -0.0118 0.0857 -0.9962
vn -0.0693 -0.0244 -0.9973
vn -0.9501 -0.0401 -0.3093
vn -0.4066 -0.0495 -0.9123
vn -0.6434 0.6894 -0.3328
vn 0.0718 -0.0170 -0.9973
vn 0.9172 -0.0740 -0.3915
vn 0.0690 0.0444 -0.9966
vn 0.6729 0.5776 -0.4622
vn 0.7463 -0.0373 -0.6645
vn 0.8078 -0.2307 -0.5424
vn 0.5424 0.5495 -0.6355
vn -0.0479 0.2938 -0.9547
vn -0.0969 0.1180 -0.9883
vn 0.0700 0.8149 -0.5754
vn 0.0006 0.4815 -0.8764
vn 0.3039 -0.2394 -0.9221
vn -0.8654 0.0376 -0.4997
vn 0.3374 0.8157 -0.4699
vn -0.9223 -0.2151 -0.3211
vn 0.8311 -0.5006 -0.2423
vn -0.7865 -0.5529 -0.2750
vn -0.4658 0.4241 -0.7766
vn 0.9596 -0.0886 -0.2672
vn -0.9214 -0.1602 -0.3540
vn 0.8166 0.1529 -0.5567
vn 0.9354 0.2137 -0.2817
vn 0.4671 0.4227 -0.7766
vn 0.6163 0.6887 -0.3819
vn -0.7625 0.5945 -0.2552
vn -0.7329 0.6465 -0.2119
vn -0.3123 0.7426 -0.5925
vn 0.2004 0.9539 -0.2235
vn -0.1538 0.9453 -0.2877
vn -0.1135 -0.8470 -0.5193
vn -0.0977 -0.2092 -0.9730
vn 0.2394 -0.2072 -0.9485
vn -0.2825 -0.5060 -0.8149
vn 0.1036 -0.1286 -0.9863
vn 0.2036 -0.6056 -0.7693
vn -0.0989 -0.1192 -0.9879
vn 0.0462 -0.0606 -0.9971
vn 0.0605 -0.0809 -0.9949
vn -0.1993 -0.0646 -0.9778
vn 0.4311 -0.6945 -0.5760
vn 0.2852 -0.4196 -0.8618
vn -0.3809 -0.6119 -0.6932
vn -0.0433 -0.0872 -0.9952
vn -0.0287 -0.0474 -0.9985
vn -0.2215 -0.0772 -0.9721
vn 0.0425 -0.0135 -0.9990
vn -0.0149 -0.0591 -0.9981
vn -0.0950 -0.1457 -0.9848
vn 0.4591 -0.1321 -0.8785
vn 0.0500 0.0178 -0.9986
vn 0.0202 -0.0355 -0.9992
vn -0.1623 -0.1792 -0.9703
vn -0.1202 -0.1300 -0.9842
vn -0.0429 -0.0650 -0.9970
vn -0.2173 -0.2660 -0.9392
vn 0.2353 -0.4385 -0.8674
vn 0.5339 -0.7014 -0.4721
vn 0.3895 0.0326 -0.9205
vn 0.0115 -0.0249 -0.9996
vn 0.0919 0.0614 -0.9939
vn 0.9692 -0.0836 -0.2317
vn -0.9313 -0.0901 -0.3530
vn -0.2956 0.0091 -0.9553
vn 0.1208 -0.3598 -0.9252
vn 0.0547 0.0584 -0.9968
vn 0.0508 0.0520 -0.9974
vn -0.9017 0.2642 -0.3423
vn 0.0777 -0.1769 -0.9812
vn 0.0242 0.0259 -0.9994
vn -0.5318 0.5333 -0.6579
vn -0.0576 0.0225 -0.9981
vn -0.0043 -0.0716 -0.9974
vn 0.3376 0.2837 -0.8975
vn 0.0086 -0.1057 -0.9944
vn -0.0142 -0.0334 -0.9993
vn 0.0077 -0.0279 -0.9996
vn 0.0402 0.0313 -0.9987
vn -0.0526 -0.1230 -0.9910
vn 0.0405 0.0441 -0.9982
vn -0.2134 -0.3411 -0.9155
vn -0.0023 -0.1201 -0.9928
vn 0.0403 -0.1149 -0.9926
vn -0.0188 -0.0412 -0.9990
vn -0.1084 -0.2446 -0.9635
vn -0.0006 -0.1223 -0.9925
vn 0.0107 0.0296 -0.9995
vn 0.1027 0.2207 -0.9699
vn 0.4052 0.6631 -0.6294
vn -0.0364 -0.0851 -0.9957
vn -0.0716 0.0499 -0.9962
vn -0.1652 0.3445 -0.9241
vn 0.0115 0.0549 -0.9984
vn 0.1099 -0.1873 -0.9761
vn 0.0246 -0.0154 -0.9996
vn -0.0238 -0.0145 -0.9996
vn -0.0792 -0.0974 -0.9921
vn -0.0594 -0.0396 -0.9974
vn 0.0666 -0.0676 -0.9955
vn -0.0375 -0.0771 -0.9963
vn 0.0309 0.0361 -0.9989
vn 0.0165 -0.0407 -0.9990
vn 0.1323 0.3971 -0.9082
vn -0.1818 -0.6492 -0.7386
vn -0.2263 -0.0787 -0.9709
vn 0.2317 -0.7494 -0.6203
vn -0.1485 0.3466 -0.9262
vn -0.0924 -0.5705 -0.8161
vn 0.3647 -0.0931 -0.9265
vn 0.7492 -0.5158 -0.4154
vn 0.4042 0.8639 -0.3006
vn 0.0218 0.0916 -0.9956
vn -0.2817 0.0973 -0.9546
vn -0.0308 -0.1634 -0.9861
vn -0.0099 -0.0575 -0.9983
vn 0.0230 -0.1514 -0.9882
vn -0.0445 -0.1332 -0.9901
vn -0.1706 0.0220 -0.9851
vn 0.6766 0.2693 -0.6853
vn -0.0276 0.0209 -0.9994
vn 0.0091 -0.0839 -0.9964
vn 0.0529 -0.3032 -0.9515
vn -0.0076 -0.0656 -0.9978
vn 0.0043 -0.0368 -0.9993
vn -0.0465 -0.0260 -0.9986
vn 0.9563 -0.0096 -0.2923
vn -0.0346 -0.1203 -0.9921
vn 0.1585 -0.8459 -0.5093
vn 0.0261 -0.5339 -0.8451
vn -0.1819 -0.3483 -0.9196
vn -0.0708 -0.1066 -0.9918
vn -0.0036 -0.0996 -0.9950
vn 0.0195 0.0191 -0.9996
vn -0.0251 -0.0868 -0.9959
vn -0.0373 -0.0674 -0.9970
vn 0.0247 0.0007 -0.9997
vn 0.0024 -0.0977 -0.9952
vn 0.1813 0.2715 -0.9452
vn 0.0644 0.1058 -0.9923
vn 0.0250 -0.0614 -0.9978
vn -0.0156 0.0520 -0.9985
vn -0.0038 0.0011 -1.0000
vn 0.7688 0.5989 -0.2242
vn -0.1549 0.4169 -0.8957
vn -0.5821 0.6922 -0.4267
vn 0.0099 0.0774 -0.9970
vn -0.0006 0.1070 -0.9943
vn -0.0013 0.0717 -0.9974
vn -0.0936 0.8536 -0.5124
vn 0.1055 0.4885 -0.8662
vn -0.1482 0.4934 -0.8571
vn 0.0697 0.5393 -0.8392
vn -0.2478 0.6452 -0.7227
vn -0.4763 0.6151 -0.6283
vn 0.3919 0.8859 -0.2483
vn 0.0716 -0.2268 0.9713
vn 0.0406 -0.1456 0.9885
vn -0.2239 -0.2945 0.9290
vn 0.3167 -0.3427 0.8844
vn -0.3509 -0.1014 0.9309
vn -0.0780 0.0312 0.9965
vn -0.9493 0.1982 -0.2441
vn 0.0089 -0.3523 -0.9358
vn -0.2406 -0.1121 0.9641
vn 0.8897 -0.1892 -0.4155
vn 0.3462 -0.8424 -0.4129
vn 0.0111 -0.9876 -0.1567
vn -0.8945 -0.0128 0.4469
vn -0.8927 -0.3192 -0.3181
vn 0.6649 -0.6353 -0.3928
vn -0.1791 -0.9216 -0.3444
vn 0.8776 -0.1690 -0.4487
vn 0.8629 0.0552 -0.5023
vn -0.9239 -0.1927 -0.3306
vn -0.0657 -0.7995 0.5971
vn -0.9224 0.2513 -0.2933
vn -0.5245 -0.4946 -0.6930
vn 0.1278 -0.6467 0.7519
vn -0.9274 -0.2867 -0.2401
vn -0.6138 -0.7346 0.2891
vn -0.7626 -0.4298 -0.4834
vn 0.8740 -0.4825 -0.0582
vn -0.9914 -0.1139 -0.0642
vn -0.9240 -0.1959 -0.3285
vn -0.8187 -0.5659 -0.0972
vn -0.1902 -0.9059 -0.3783
vn 0.5292 0.7449 -0.4062
vn -0.0098 -0.9031 -0.4294
vn 0.0537 -0.9833 -0.1738
vn 0.0234 -0.8789 -0.4764
vn 0.1809 -0.8792 -0.4407
vn -0.8773 0.4472 -0.1742
vn -0.2042 0.8850 -0.4184
vn 0.8045 0.4010 -0.4381
vn -0.3952 -0.6986 -0.5965
vn -0.3399 -0.8950 -0.2889
vn -0.5105 -0.8516 -0.1188
vn -0.9634 0.2676 0.0137
vn 0.8569 0.4418 0.2657
vn -0.2644 0.9026 -0.3398
vn 0.5642 0.7770 -0.2793
vn -0.8898 -0.2072 -0.4065
vn 0.8464 0.0350 -0.5314
vn 0.9244 -0.1261 -0.3600
vn -0.4866 0.8085 -0.3310
vn 0.9262 0.3683 -0.0807
vn 0.6695 0.6805 -0.2977
vn 0.8930 0.4478 -0.0459
vn -0.9196 0.0413 -0.3906
vn 0.0753 -0.1746 -0.9818
vn 0.7515 -0.0615 -0.6569
vn 0.2629 -0.0827 -0.9613
vn -0.8257 -0.4016 -0.3962
vn -0.7691 -0.5881 -0.2501
vn 0.7499 -0.6451 -0.1468
vn -0.7027 -0.6976 -0.1400
vn 0.7964 0.6035 0.0390
vn 0.9656 0.0305 -0.2584
vn 0.8789 -0.2372 -0.4138
vn 0.9656 0.0887 -0.2445
vn -0.7652 -0.4206 -0.4874
vn -0.4088 0.8559 -0.3167
vn -0.0125 0.9942 0.1064
vn 0.2784 0.9444 -0.1750
vn -0.9216 -0.2010 -0.3319
vn -0.0677 0.9123 -0.4040
vn 0.4943 0.5747 -0.6523
vn -0.5667 0.7095 -0.4189
vn 0.8228 -0.5429 -0.1682
vn 0.5170 -0.1476 -0.8432
vn -0.6188 -0.2017 -0.7592
vn 0.3465 0.3282 -0.8788
vn -0.5887 0.4147 -0.6939
vn 0.2641 0.5480 -0.7937
vn -0.9686 0.0199 -0.2480
vn -0.2564 0.3063 -0.9168
vn -0.1279 -0.9710 -0.2022
vn 0.4144 -0.8707 -0.2648
vn -0.7942 -0.3853 -0.4699
vn 0.8374 -0.4603 -0.2948
vn -0.5585 -0.7765 -0.2916
vn 0.9116 0.3022 -0.2786
vn -0.7728 0.6119 -0.1687
vn 0.6976 0.6097 -0.3764
vn 0.5023 0.8116 -0.2983
vn -0.4582 0.8594 -0.2268
vn -0.7744 -0.5906 -0.2269
vn -0.1281 -0.9167 -0.3786
vn 0.2522 -0.9491 -0.1886
vn 0.1912 -0.9582 -0.2128
vn 0.1504 -0.9780 -0.1445
vn -0.9468 0.0769 -0.3124
vn -0.5357 0.4800 -0.6947
vn 0.5970 0.0975 -0.7963
vn -0.2114 -0.6867 -0.6955
vn -0.2045 -0.8938 -0.3991
vn 0.3016 -0.7016 -0.6456
vn -0.8772 0.4183 -0.2356
vn 0.5015 0.8588 -0.1047
vn -0.3452 0.9278 -0.1415
vn 0.2677 0.8901 -0.3689
vn 0.0845 0.9313 -0.3544
vn 0.6579 -0.0274 0.7526
vn -0.0129 -0.3125 0.9498
vn -0.2562 -0.8899 -0.3774
vn 0.6769 -0.6959 0.2398
vn -0.9886 -0.0939 0.1174
vn -0.9464 -0.1834 0.2660
vn 0.8800 -0.0105 0.4748
vn 0.9584 -0.2107 0.1926
vn 0.4697 -0.0559 0.8811
vn 0.0059 -0.9265 0.3762
vn 0.0788 -0.9858 -0.1482
vn 0.6763 -0.6384 -0.3676
vn 0.9694 -0.2435 0.0297
vn 0.8344 -0.5480 0.0592
vn -0.5350 -0.8241 -0.1861
vn 0.6908 0.0352 -0.7222
vn 0.1843 -0.7832 -0.5938
vn -0.0913 -0.9249 -0.3692
vn 0.2468 0.9139 -0.3222
vn 0.6612 0.7265 0.1871
vn 0.7329 0.6569 -0.1773
vn -0.5131 0.8198 0.2542
vn 0.8051 -0.5926 -0.0258
vn -0.7526 0.6575 -0.0358
vn 0.9311 -0.1026 0.3501
vn 0.5895 -0.7906 -0.1653
vn 0.9280 0.3678 -0.0599
vn -0.9287 0.3707 0.0136
vn -0.9148 0.3822 -0.1303
vn -0.8838 0.3004 -0.3587
vn -0.2507 0.1161 -0.9611
vn 0.2875 0.3220 -0.9020
vn 0.4913 0.2861 -0.8227
vn -0.5913 -0.2968 -0.7498
vn 0.9361 -0.3517 -0.0069
vn -0.8758 -0.3392 -0.3435
vn 0.9616 -0.0274 -0.2730
vn 0.9799 -0.1200 -0.1592
vn 0.9842 0.0237 -0.1752
vn -0.9834 0.1621 -0.0818
vn 0.9061 0.1852 -0.3803
vn 0.9167 0.3415 0.2075
vn 0.9849 0.1731 -0.0105
vn -0.4774 -0.8775 0.0456
vn -0.9406 0.3279 0.0882
vn -0.7389 0.4496 0.5019
vn 0.3052 0.4570 0.8355
vn 0.8662 -0.3978 -0.3025
vn -0.9575 -0.0227 0.2875
vn 0.9586 -0.1449 -0.2451
vn 0.8966 0.3663 -0.2489
vn -0.9294 0.2853 -0.2341
vn 0.8691 -0.4802 -0.1187
vn 0.6890 0.6550 -0.3103
vn 0.8509 0.4017 -0.3385
vn 0.0059 0.8969 -0.4423
vn -0.5872 0.7681 -0.2554
vn -0.7062 -0.6963 0.1282
vn 0.4357 -0.8698 0.2316
vn -0.4339 -0.8971 -0.0834
vn 0.5757 -0.7999 0.1697
vn -0.5803 0.8091 0.0928
vn 0.4251 0.4005 -0.8117
vn 0.2379 -0.7984 -0.5532
vn -0.2181 0.9603 0.1740
vn 0.2284 0.9506 -0.2103
vn -0.3647 0.8096 -0.4599
vn 0.3063 0.8040 -0.5097
vn -0.2765 0.7424 -0.6102
vn -0.1794 0.9837 0.0073
vn 0.7243 0.1996 0.6599
vn -0.7615 -0.4794 0.4362
vn -0.8968 0.1754 0.4061
vn 0.9908 0.0077 0.1349
vn -0.7556 -0.6324 0.1704
vn 0.7403 -0.6584 0.1359
vn 0.9341 0.2978 -0.1968
vn 0.8786 -0.1128 0.4641
vn 0.7766 0.5066 0.3746
vn 0.9204 -0.1536 0.3595
vn -0.8612 0.1817 0.4746
vn -0.9741 -0.2261 -0.0077
vn -0.1172 -0.1707 0.9783
vn -0.7253 -0.5368 -0.4309
vn 0.4428 -0.4512 0.7749
vn 0.9289 -0.0182 -0.3698
vn 0.3646 0.2037 0.9086
vn 0.8546 0.0167 0.5190
vn 0.6098 -0.7911 -0.0477
vn 0.8515 0.5109 0.1180
vn -0.0040 -0.9403 -0.3404
vn -0.5452 -0.6849 0.4833
vn 0.5720 -0.2177 -0.7908
vn 0.5834 0.8077 0.0858
vn -0.5655 -0.0789 -0.8209
vn -0.5576 0.8287 0.0485
vn 0.5241 -0.8497 0.0581
vn -0.2850 -0.9585 -0.0047
vn 0.8402 0.5307 0.1115
vn 0.2667 -0.9637 -0.0149
vn 0.3535 0.8827 -0.3097
vn -0.7921 0.5324 -0.2985
vn -0.6604 -0.6802 0.3183
vn 0.6514 -0.6841 0.3282
vn 0.8104 -0.5361 -0.2364
vn 0.3860 -0.9222 0.0232
vn -0.8181 -0.5638 0.1131
vn 0.8811 0.4164 0.2242
vn 0.9372 0.3037 -0.1717
vn -0.5336 0.8457 0.0104
vn 0.5250 0.8419 -0.1244
vn 0.9884 0.0457 0.1451
vn 0.9648 0.2563 -0.0593
vn 0.8220 0.5098 -0.2538
vn -0.8472 0.4766 -0.2348
vn -0.9524 0.1664 -0.2556
vn 0.9496 -0.3123 0.0274
vn 0.9990 0.0284 0.0359
vn -0.9699 -0.2332 0.0694
vn 0.4552 0.8901 0.0248
vn 0.9409 0.2142 -0.2623
vn 0.8916 -0.4087 0.1949
vn 0.7967 0.3882 0.4632
vn 0.8996 0.4262 0.0957
vn 0.9034 0.3604 0.2325
vn -0.9702 -0.1429 0.1959
vn 0.5226 0.7807 0.3427
vn 0.9400 -0.2377 0.2446
vn -0.8832 0.2192 -0.4147
vn 0.8732 -0.0941 0.4781
vn -0.6249 0.7706 0.1248
vn 0.8399 -0.2709 0.4703
vn -0.5499 0.8129 0.1920
vn -0.8955 0.0360 0.4435
vn -0.8967 -0.3695 0.2436
vn -0.7797 0.0451 0.6246
vn 0.9569 0.0706 0.2816
vn 0.8112 0.5832 0.0430
vn 0.2061 0.9717 0.1157
vn 0.3291 0.4506 0.8299
vn 0.0672 0.9041 0.4219
vn -0.9066 0.1338 0.4003
vn 0.2755 -0.9074 0.3174
vn -0.1432 -0.9004 0.4108
vn -0.1094 -0.9395 0.3246
vn -0.5145 0.5648 -0.6453
vn 0.9112 -0.2621 0.3177
vn -0.9572 -0.1225 0.2622
vn 0.5353 0.3294 -0.7778
vn -0.2519 -0.9601 -0.1216
vn 0.1442 -0.9892 0.0269
vn 0.1378 -0.6505 -0.7469
vn -0.7625 0.5643 0.3165
vn -0.4185 0.9081 -0.0131
vn 0.4490 0.7896 0.4183
vn -0.6048 0.3009 0.7373
vn -0.7632 0.1019 0.6381
vn -0.7074 -0.6151 0.3482
vn 0.7942 0.2481 0.5547
vn 0.6154 -0.6306 0.4729
vn 0.7787 -0.4523 0.4348
vn -0.5405 -0.7860 0.3000
vn 0.4168 -0.8965 0.1505
vn -0.4293 0.1864 0.8837
vn -0.8712 -0.3892 0.2993
vn 0.9198 0.1876 0.3446
vn 0.9345 0.2312 0.2707
vn -0.9147 0.2134 0.3431
vn 0.2288 -0.4023 0.8865
vn -0.8921 -0.2052 0.4026
vn -0.0165 -0.0853 0.9962
vn -0.0091 -0.0481 0.9988
vn 0.7091 -0.2242 0.6685
vn -0.9053 -0.3851 -0.1793
vn -0.0895 -0.8000 0.5933
vn 0.8610 -0.1831 0.4745
vn 0.8799 0.2624 0.3960
vn -0.7437 0.0531 0.6664
vn 0.7918 -0.1592 0.5896
vn 0.9934 -0.0322 0.1103
vn -0.8282 -0.5257 0.1944
vn -0.0595 -0.8780 -0.4750
vn -0.1964 0.8459 0.4958
vn 0.2126 0.8195 0.5322
vn -0.9108 0.2395 -0.3364
vn -0.2311 -0.9282 0.2916
vn 0.7611 0.6101 0.2203
vn 0.4689 0.8826 -0.0333
vn -0.5540 0.7214 0.4155
vn 0.9642 -0.0368 0.2625
vn -0.6397 0.7620 0.1010
vn 0.8303 0.5427 -0.1265
vn 0.9308 -0.1573 -0.3301
vn -0.9103 -0.3127 0.2711
vn -0.8167 0.5683 -0.1001
vn -0.9736 0.0343 0.2255
vn 0.9196 0.1956 0.3406
vn -0.8812 -0.3456 0.3225
vn 0.3140 0.1174 -0.9421
vn -0.4524 -0.2416 -0.8585
vn 0.5770 0.2223 -0.7859
vn -0.9010 0.1965 0.3868
vn 0.9728 0.0417 0.2278
vn 0.8720 -0.4759 0.1146
vn 0.9317 0.1173 0.3439
vn 0.3240 0.2396 -0.9152
vn 0.5120 -0.7705 0.3798
vn -0.8184 -0.2547 0.5151
vn -0.5319 0.5150 0.6722
vn -0.9490 0.0179 0.3149
vn -0.6808 0.6141 0.3993
vn 0.6100 0.7751 0.1644
vn -0.1736 -0.1163 -0.9779
vn 0.2920 0.4618 -0.8376
vn -0.8814 -0.3346 0.3335
vn -0.6026 0.2138 0.7688
vn -0.2666 0.0024 -0.9638
vn 0.1791 0.2352 -0.9553
vn 0.8287 0.4755 0.2954
vn 0.7528 0.0753 0.6540
vn 0.8288 0.4617 0.3160
vn -0.9267 -0.0123 0.3755
vn 0.6837 -0.5103 0.5218
vn -0.5130 0.7562 0.4062
vn -0.9433 -0.1152 0.3113
vn -0.0856 0.9338 0.3475
vn -0.9146 0.1383 0.3799
vn 0.8667 -0.2413 0.4366
vn 0.9238 0.1308 0.3599
vn -0.4714 0.2629 0.8419
vn 0.8801 -0.1166 0.4603
vn -0.6411 0.6583 0.3945
vn -0.2071 -0.6982 0.6853
vn -0.0419 -0.9353 0.3513
vn 0.6430 -0.7436 0.1831
vn -0.9243 -0.3467 0.1597
vn -0.5439 -0.7619 0.3516
vn 0.8752 0.0885 0.4757
vn 0.8143 0.4847 0.3193
vn 0.6161 0.6928 0.3748
vn 0.6858 0.6909 -0.2287
vn 0.3334 0.6082 0.7204
vn -0.6379 0.7613 -0.1163
vn -0.4722 0.2314 -0.8506
vn -0.8126 0.2077 0.5445
vn 0.6528 0.7094 0.2656
vn -0.1694 0.9065 0.3868
vn 0.2408 0.9638 0.1145
vn 0.3670 0.9302 0.0054
vn -0.0302 0.9948 0.0968
vn 0.2591 0.9654 -0.0283
vn -0.6308 -0.1427 0.7627
vn -0.1533 -0.6892 0.7081
vn 0.7468 -0.4668 0.4738
vn 0.7343 -0.0643 0.6758
vn 0.1775 -0.8556 0.4863
vn 0.6719 -0.6319 0.3863
vn -0.7919 -0.5223 0.3164
vn -0.7090 -0.6484 0.2774
vn 0.6937 -0.5029 0.5157
vn 0.2101 -0.7082 0.6741
vn 0.8943 0.0138 0.4472
vn 0.7747 -0.0301 0.6316
vn 0.8776 0.3529 0.3245
vn -0.4759 -0.2244 0.8504
vn -0.4381 -0.6546 0.6161
vn 0.1935 -0.7217 0.6646
vn 0.5616 -0.5741 0.5958
vn -0.7879 -0.5014 0.3576
vn 0.5505 -0.8303 -0.0872
vn -0.6274 -0.5075 0.5906
vn -0.9396 0.2721 0.2077
vn 0.7634 -0.6289 0.1472
vn -0.9438 0.0092 0.3305
vn -0.8496 0.4716 0.2362
vn -0.5752 0.7367 0.3555
vn 0.0598 -0.2015 -0.9777
vn 0.4775 0.6684 0.5703
vn 0.4918 -0.7470 0.4472
vn -0.1314 -0.9579 0.2552
vn -0.1146 -0.7717 -0.6255
vn 0.6456 0.1624 0.7462
vn -0.7453 -0.4324 0.5074
vn 0.7496 -0.5204 0.4091
vn -0.3431 0.9208 0.1854
vn 0.2208 0.9421 0.2523
vn -0.3495 -0.8625 0.3660
vn 0.7846 0.2144 0.5817
vn -0.6868 -0.6691 0.2838
vn -0.5748 0.6291 0.5233
vn -0.8979 -0.1172 0.4244
vn 0.9516 -0.0676 0.2999
vn -0.4881 0.6795 0.5478
vn -0.8702 0.1096 0.4803
vn 0.7031 0.4443 0.5552
vn -0.8578 -0.2860 0.4271
vn -0.1795 -0.4209 -0.8892
vn 0.5845 -0.7105 -0.3918
vn -0.3815 -0.9113 0.1548
vn -0.5104 -0.4605 -0.7262
vn -0.1955 0.0284 -0.9803
vn 0.3782 -0.8063 -0.4548
vn -0.5883 0.8077 0.0381
vn 0.6035 0.1194 -0.7884
vn -0.8025 0.3721 -0.4663
vn 0.6915 -0.4245 -0.5845
vn -0.6501 -0.3453 -0.6769
vn 0.8603 0.0038 0.5098
vn 0.8947 -0.2285 0.3838
vn 0.7522 -0.3169 -0.5777
vn 0.9217 0.2988 -0.2475
vn -0.4004 -0.1818 0.8981
vn -0.9703 0.0680 0.2320
vn 0.3831 -0.2381 -0.8925
vn -0.6443 0.2496 -0.7229
vn -0.8093 -0.3953 0.4345
vn 0.9088 -0.4146 0.0477
vn 0.7868 0.0110 0.6171
vn 0.6533 0.7390 -0.1646
vn 0.9101 -0.1902 0.3683
vn -0.1208 0.1944 -0.9735
vn -0.6883 -0.6939 -0.2117
vn -0.6529 0.4402 -0.6164
vn 0.6626 -0.2696 0.6988
vn -0.8398 0.3736 -0.3939
vn 0.6742 0.5657 0.4748
vn -0.6961 0.5432 -0.4695
vn 0.3937 0.8166 0.4222
vn -0.1344 0.2105 -0.9683
vn 0.3180 -0.3765 -0.8702
vn 0.4117 -0.9110 -0.0256
vn 0.7165 0.6057 -0.3460
vn 0.4223 -0.6387 -0.6433
vn -0.2710 -0.7819 -0.5615
vn -0.7147 -0.6377 -0.2872
vn 0.6216 0.3651 -0.6931
vn 0.8446 -0.4534 0.2848
vn 0.6612 0.3457 -0.6658
vn -0.0669 -0.5101 -0.8575
vn 0.1433 0.6288 0.7643
vn 0.0909 0.8800 0.4663
vn -0.7620 0.3568 0.5404
vn 0.0515 0.7406 -0.6700
vn -0.1948 0.7424 -0.6411
vn 0.0014 0.8546 0.5194
vn -0.8782 0.3495 0.3264
vn -0.9788 -0.1236 0.1632
vn 0.1905 0.1953 0.9621
vn -0.5669 0.1432 0.8113
vn -0.8716 -0.4647 0.1559
vn 0.3989 0.1642 0.9022
vn 0.7653 0.5405 0.3497
vn -0.5824 0.6332 0.5098
vn 0.8385 -0.5158 0.1754
vn 0.8920 -0.2785 0.3562
vn -0.7088 -0.1303 0.6932
vn -0.7318 0.4352 0.5246
vn 0.6404 -0.6286 0.4413
vn 0.8140 0.0312 0.5801
vn -0.2534 -0.0707 -0.9648
vn 0.9252 0.3336 0.1810
vn 0.3562 0.2250 0.9069
vn 0.3301 0.9381 0.1052
vn -0.1959 0.5462 0.8144
vn 0.1563 0.5645 0.8105
vn -0.0781 0.9116 0.4035
vn -0.3296 -0.1017 0.9386
vn 0.5807 -0.1230 0.8048
vn 0.4939 -0.7555 0.4303
vn -0.5250 -0.7514 0.3998
vn -0.5072 -0.2012 0.8380
vn -0.6651 -0.0426 0.7455
vn 0.4618 0.0860 0.8828
vn -0.5206 0.1713 0.8365
vn 0.9726 -0.0436 0.2283
vn 0.9576 -0.2775 -0.0773
vn 0.8390 -0.1090 0.5331
vn -0.7035 -0.6609 0.2613
vn 0.9086 0.0786 0.4102
vn 0.1221 -0.0378 -0.9918
vn -0.1818 -0.2588 -0.9487
vn -0.3528 -0.4449 -0.8232
vn -0.6938 -0.7159 -0.0786
vn -0.2157 0.0283 -0.9760
vn -0.7214 -0.4644 0.5137
vn -0.4345 -0.9006 0.0136
vn 0.1587 -0.0029 -0.9873
vn -0.2913 -0.6669 0.6858
vn 0.3115 -0.6762 0.6677
vn 0.2252 -0.6166 -0.7544
vn -0.3581 0.6256 0.6931
vn -0.3976 0.1707 0.9016
vn 0.8062 0.5546 -0.2064
vn -0.5843 0.5640 0.5835
vn 0.7441 -0.3034 0.5952
vn 0.2091 -0.8865 0.4127
vn -0.7799 0.2180 0.5867
vn -0.3546 0.8928 0.2779
vn 0.3585 0.8485 0.3893
vn 0.8105 0.0663 0.5820
vn -0.4361 0.1707 0.8836
vn -0.9199 0.3899 0.0417
vn -0.7702 0.2141 0.6008
vn -0.8827 0.0365 0.4685
vn -0.6639 -0.6767 -0.3182
vn 0.9822 0.1289 0.1368
vn -0.9913 -0.1299 -0.0193
vn 0.8843 0.4656 0.0348
vn 0.9150 -0.3783 0.1402
vn -0.9206 -0.3609 0.1494
vn -0.8829 0.4488 0.1380
vn -0.7323 0.0063 0.6809
vn -0.9126 0.3019 0.2756
vn 0.7291 -0.3396 0.5942
vn -0.7935 -0.5613 0.2352
vn 0.8902 -0.4141 0.1902
vn -0.9018 0.4317 -0.0188
vn -0.9147 -0.2838 0.2877
vn -0.9866 -0.0648 0.1499
vn -0.7863 0.3872 0.4814
vn 0.7557 -0.5789 -0.3064
vn 0.8625 0.4545 -0.2225
vn -0.8789 -0.4704 0.0793
vn 0.9182 0.2491 -0.3081
vn -0.8841 -0.4194 0.2061
vn -0.0379 0.5060 0.8617
vn -0.3903 0.8911 0.2317
vn 0.5480 -0.5711 0.6112
vn -0.5858 -0.7957 -0.1542
vn -0.6636 0.7404 -0.1073
vn 0.2712 -0.0860 0.9587
vn 0.6418 0.7140 0.2799
vn 0.8664 -0.0294 0.4985
vn 0.6350 0.6487 -0.4194
vn 0.2899 0.7787 -0.5564
vn -0.4450 0.8707 -0.2094
vn -0.4340 0.6297 0.6443
vn 0.6474 0.6965 0.3095
vn -0.8001 -0.2518 0.5445
vn 0.2788 -0.3859 0.8794
vn -0.4421 -0.7429 0.5026
vn -0.2205 -0.8446 0.4878
vn -0.2805 -0.9470 0.1567
vn -0.7190 -0.4997 0.4831
vn -0.4214 -0.3115 -0.8517
vn 0.3684 -0.4168 -0.8310
vn -0.2270 0.4127 0.8821
vn 0.3758 0.6495 0.6611
vn 0.0655 0.8496 0.5233
vn -0.3712 0.9020 0.2204
vn -0.2424 -0.8863 0.3946
vn -0.8198 0.2762 0.5016
vn 0.4277 -0.4053 0.8080
vn -0.2329 -0.4686 0.8521
vn 0.3510 -0.4138 0.8400
vn -0.5950 0.1674 0.7861
vn -0.5117 -0.8574 -0.0554
vn -0.8043 -0.4809 -0.3490
vn -0.9406 -0.3068 0.1456
vn 0.9870 -0.1314 -0.0923
vn 0.3069 -0.6041 0.7354
vn 0.7336 -0.1534 0.6620
vn -0.0182 -0.0392 -0.9991
vn -0.1629 -0.4925 0.8549
vn 0.6462 -0.7135 -0.2709
vn -0.9895 -0.0459 -0.1369
vn -0.8062 0.1149 0.5805
vn 0.1387 0.0385 -0.9896
vn -0.3659 -0.1914 0.9108
vn -0.6248 0.5919 0.5092
vn 0.6776 0.5304 0.5094
vn -0.2280 0.0944 -0.9691
vn 0.4635 -0.6053 0.6471
vn 0.0591 0.0740 -0.9955
vn 0.1457 0.1603 -0.9763
vn -0.0568 0.0593 -0.9966
vn -0.4558 0.6787 0.5759
vn 0.8587 0.4770 -0.1871
vn -0.9024 0.3886 -0.1862
vn -0.3160 0.4249 0.8483
vn -0.7767 -0.6078 -0.1652
vn 0.9060 0.0971 -0.4119
vn 0.5113 0.4165 0.7517
vn -0.2994 -0.6117 0.7322
vn -0.4359 -0.6906 0.5772
vn 0.4302 0.2848 0.8566
vn 0.4917 -0.7197 0.4902
vn -0.5834 0.1503 0.7981
vn 0.6820 -0.5169 0.5174
vn -0.4273 0.6615 0.6163
vn 0.5957 0.6956 0.4017
vn 0.5044 0.6466 0.5723
vn 0.5154 0.0127 0.8568
vn -0.5682 0.3635 0.7382
vn 0.2599 -0.1198 0.9582
vn -0.4783 -0.0152 0.8781
vn -0.3162 -0.1683 0.9336
vn 0.3199 -0.2093 0.9240
vn 0.5190 -0.1015 0.8487
vn 0.7684 0.0693 0.6362
vn 0.7713 -0.5909 0.2366
vn -0.7840 -0.5425 0.3016
vn 0.5770 -0.1361 0.8053
vn -0.7867 0.1393 0.6014
vn -0.3375 -0.1024 0.9358
vn 0.5758 0.0632 0.8151
vn 0.9456 0.3249 -0.0171
vn -0.8465 0.4074 -0.3426
vn -0.8225 0.5561 0.1192
vn 0.7568 0.4906 0.4319
vn -0.8694 0.4888 -0.0715
vn -0.4318 0.3384 0.8361
vn 0.5281 0.7183 0.4530
vn -0.2109 -0.1137 0.9709
vn 0.8328 0.5143 0.2047
vn -0.1920 -0.9782 -0.0787
vn -0.8880 0.4479 0.1040
vn 0.4926 0.8290 0.2647
vn 0.6476 0.5509 0.5263
vn 0.1218 0.9886 -0.0885
vn -0.0060 0.9993 0.0359
vn 0.3393 0.8789 0.3353
vn -0.0382 0.2620 0.9643
vn -0.0306 0.4572 0.8888
vn 0.3308 -0.4031 0.8533
vn -0.3295 -0.1929 0.9242
vn -0.3925 -0.5123 0.7639
vn 0.2071 -0.9674 0.1457
vn 0.4435 -0.8407 0.3106
vn -0.2131 0.3296 0.9198
vn -0.6213 -0.4780 0.6209
vn 0.7595 -0.1897 0.6223
vn 0.9075 -0.1916 -0.3737
vn -0.9572 -0.2668 -0.1123
vn 0.5399 0.5872 0.6030
vn -0.3605 0.8290 0.4276
vn 0.2074 0.7526 0.6250
vn 0.3213 -0.0486 0.9457
vn -0.1086 0.1431 0.9837
vn 0.0534 -0.0724 0.9959
vn 0.3795 -0.3381 0.8612
vn -0.0581 -0.2023 0.9776
vn 0.1826 -0.2620 0.9476
vn -0.2635 -0.0837 0.9610
vn -0.3110 -0.6871 0.6567
vn -0.3278 -0.0830 0.9411
vn 0.1656 0.0465 0.9851
vn -0.6438 -0.0052 0.7652
vn 0.9431 -0.1156 0.3119
vn 0.5780 -0.2444 0.7786
vn -0.7883 -0.1820 0.5878
vn -0.3288 -0.2318 0.9155
vn 0.0144 -0.7358 0.6771
vn -0.0765 -0.6853 0.7242
vn -0.9978 0.0607 0.0250
vn 0.8135 0.4506 0.3677
vn -0.0377 -0.0022 -0.9993
vn 0.5712 -0.5895 -0.5712
vn -0.6148 -0.6954 -0.3721
vn -0.1450 0.0469 -0.9883
vn -0.9663 0.1321 -0.2208
vn -0.3378 -0.3777 -0.8621
vn 0.1444 0.0397 -0.9887
vn 0.0925 0.0151 -0.9956
vn -0.2608 -0.0233 -0.9651
vn 0.0348 0.0503 -0.9981
vn -0.9453 -0.3259 0.0144
vn -0.1874 0.0546 -0.9808
vn 0.5804 -0.6996 0.4168
vn 0.6552 -0.3553 0.6667
vn 0.6343 -0.7429 0.2139
vn 0.3442 -0.8935 -0.2884
vn -0.1981 0.0832 -0.9767
vn -0.2942 0.1561 -0.9429
vn 0.1081 0.0043 -0.9941
vn -0.4401 -0.0142 -0.8978
vn 0.5694 -0.2586 -0.7804
vn -0.0883 -0.2445 0.9656
vn -0.3822 0.5934 0.7083
vn 0.3135 0.6087 0.7288
vn -0.0538 0.3454 0.9369
vn -0.0161 0.2562 0.9665
vn 0.2252 -0.1385 0.9644
vn 0.2618 0.2651 0.9280
vn -0.2543 -0.2784 0.9262
vn 0.2984 -0.7870 0.5399
vn -0.5953 -0.0847 0.7990
vn -0.2169 -0.5926 0.7757
vn 0.0328 0.7491 0.6617
vn 0.9250 0.3763 -0.0522
vn 0.0681 0.7316 0.6783
vn -0.8911 0.4537 -0.0041
vn 0.3753 0.5894 0.7153
vn -0.4660 0.5823 0.6661
vn 0.3285 0.5621 0.7590
vn 0.3254 0.0776 0.9424
vn -0.4550 -0.1268 0.8814
vn 0.6619 0.6166 -0.4262
vn 0.8963 0.4395 -0.0590
vn -0.3876 -0.7320 0.5603
vn 0.3116 -0.5773 0.7547
vn 0.4338 -0.5013 0.7487
vn -0.8321 0.2621 0.4889
vn -0.7996 0.4243 0.4249
vn 0.2931 -0.1029 0.9505
vn 0.1728 -0.0317 0.9844
vn 0.5375 0.2105 0.8166
vn -0.3396 -0.1432 0.9296
vn -0.2328 -0.2666 0.9353
vn 0.5916 -0.1004 0.8000
vn -0.2224 -0.6551 0.7221
vn -0.1601 -0.4288 0.8891
vn 0.4644 -0.2979 0.8340
vn -0.0224 0.3053 0.9520
vn 0.8604 0.1886 0.4735
vn 0.3530 -0.5085 0.7854
vn 0.4865 0.6303 0.6050
vn -0.0727 -0.1222 0.9898
vn -0.0786 -0.9879 0.1339
vn 0.4439 -0.7973 0.4090
vn -0.2928 0.9235 0.2477
vn -0.0566 0.5468 0.8354
vn -0.6071 -0.1196 0.7856
vn 0.0128 -0.3203 0.9472
vn -0.1013 -0.2262 0.9688
vn -0.1302 -0.2004 0.9710
vn -0.0644 -0.0575 0.9963
vn -0.0996 -0.1356 0.9857
vn 0.1748 -0.0276 0.9842
vn -0.2422 -0.3387 0.9092
vn -0.2534 -0.2560 0.9328
vn -0.0319 0.0511 0.9982
vn -0.1789 0.0585 0.9821
vn 0.0440 0.0826 0.9956
vn 0.1675 -0.1808 0.9692
vn -0.1323 -0.1320 0.9824
vn 0.1117 -0.3877 0.9150
vn -0.1024 -0.3101 0.9452
vn -0.2123 -0.3969 0.8930
vn -0.1961 -0.7248 0.6605
vn 0.3201 -0.0471 0.9462
vn -0.2345 -0.0465 0.9710
vn -0.0798 -0.2653 0.9609
vn 0.0596 -0.2086 0.9762
vn 0.6792 -0.0239 0.7335
vn 0.0390 -0.0587 0.9975
vn 0.0528 0.0763 0.9957
vn -0.5615 0.0185 0.8272
vn -0.6171 0.0117 0.7868
vn 0.0383 0.0648 0.9972
vn 0.3453 0.0209 0.9383
vn 0.1244 0.4540 0.8823
vn -0.0459 0.3499 0.9357
vn -0.5073 0.5664 0.6495
vn 0.3620 0.7431 0.5628
vn -0.3752 0.6477 0.6631
vn 0.3623 0.3948 0.8444
vn -0.2657 0.3581 0.8951
vn 0.1923 0.7829 0.5917
vn 0.0482 -0.1207 0.9915
vn -0.1647 -0.3072 0.9373
vn 0.1687 0.0515 0.9843
vn 0.3375 -0.0670 0.9389
vn 0.1245 -0.8377 0.5318
vn -0.2563 -0.7124 0.6533
vn 0.2989 -0.1451 0.9432
vn -0.6607 0.3078 0.6847
vn 0.0370 0.1568 0.9869
vn 0.5547 -0.1086 0.8250
vn 0.4861 -0.0766 0.8706
vn 0.1529 0.1154 0.9815
vn -0.2562 0.1382 0.9567
vn -0.0318 0.0801 0.9963
vn 0.4177 -0.0904 0.9041
vn -0.6507 -0.2491 0.7173
vn -0.9348 -0.0341 0.3534
vn 0.1356 -0.2297 0.9638
vn -0.8207 0.4586 -0.3407
vn -0.7868 -0.0054 0.6172
vn 0.3633 0.1550 0.9187
vn 0.6983 -0.0220 0.7155
vn 0.0618 -0.3464 0.9360
vn 0.3813 -0.4508 -0.8071
vn 0.1103 0.1692 0.9794
vn -0.9778 0.1169 0.1739
vn 0.9974 0.0399 0.0600
vn -0.9741 0.2236 -0.0337
vn -0.3863 -0.4363 0.8127
vn -0.0014 -0.0092 -1.0000
vn -0.1703 0.0712 -0.9828
vn 0.2021 0.1036 -0.9739
vn 0.1997 -0.0373 -0.9791
vn 0.1231 0.0374 -0.9917
vn 0.9961 0.0866 0.0144
vn 0.1617 0.0251 -0.9865
vn -0.4326 -0.2124 0.8762
vn 0.1276 0.1231 -0.9842
vn -0.1763 0.0679 -0.9820
vn 0.0479 -0.9269 -0.3723
vn -0.7699 -0.6329 0.0813
vn 0.8973 -0.3202 0.3039
vn 0.0361 -0.0510 -0.9980
vn -0.2319 -0.1950 0.9530
vn -0.1181 0.0100 -0.9930
vn -0.3209 0.2633 0.9098
vn 0.2376 0.1555 -0.9588
vn 0.2926 0.2661 0.9185
vn -0.1232 0.0331 -0.9918
vn -0.0276 0.0198 0.9994
vn 0.0303 -0.1034 0.9942
vn 0.5707 0.5436 -0.6155
vn 0.1007 0.1971 0.9752
vn 0.9772 0.1485 -0.1518
vn -0.9326 -0.0934 0.3485
vn 0.4991 -0.5616 -0.6599
vn -0.4398 -0.0144 -0.8980
vn -0.1311 -0.9580 0.2549
vn 0.0361 -0.0601 0.9975
vn 0.9467 -0.0322 0.3205
vn -0.2464 -0.2149 0.9451
vn -0.1606 -0.1663 0.9729
vn 0.4718 0.1816 -0.8628
vn 0.3289 -0.1987 0.9232
vn 0.2821 0.2570 0.9243
vn 0.0589 0.2804 0.9581
vn -0.3164 0.3569 0.8789
vn -0.1459 0.2037 0.9681
vn 0.1712 0.2493 0.9532
vn 0.5964 -0.0339 0.8020
vn 0.8235 0.3833 -0.4183
vn -0.2817 0.0060 0.9595
vn 0.0310 0.5279 0.8487
vn 0.1735 0.3869 0.9057
vn -0.0845 -0.0968 0.9917
vn -0.2331 0.0197 0.9723
vn 0.2659 0.0637 0.9619
vn 0.5070 0.1461 0.8495
vn -0.3647 0.1480 0.9193
vn -0.5553 -0.1511 0.8178
vn -0.9873 -0.0926 -0.1289
vn 0.9876 -0.1407 -0.0701
vn 0.2997 0.1252 0.9458
vn 0.3184 -0.2155 0.9231
vn 0.0623 -0.0642 0.9960
vn 0.5477 0.2271 0.8053
vn -0.6565 0.7541 -0.0200
vn -0.5170 0.4749 0.7122
vn -0.4471 -0.5016 0.7407
vn 0.1753 0.0470 0.9834
vn 0.4106 0.0756 0.9087
vn -0.4821 -0.5540 0.6787
vn -0.2041 0.4924 0.8461
vn -0.4512 -0.3014 0.8400
vn -0.5280 0.4447 0.7235
vn -0.6864 0.5914 0.4231
vn 0.1629 0.1988 0.9664
vn -0.4046 0.5890 0.6995
vn 0.0874 0.7371 0.6701
vn -0.2463 -0.2002 0.9483
vn 0.0750 0.2217 0.9722
vn 0.3171 -0.0170 0.9482
vn -0.0352 0.0102 0.9993
vn 0.0221 -0.0064 0.9997
vn -0.0040 0.0902 0.9959
vn -0.0841 -0.0799 0.9932
vn 0.0321 -0.0364 0.9988
vn -0.0039 -0.0183 0.9998
vn -0.0196 -0.0099 0.9998
vn -0.1971 -0.1829 0.9632
vn -0.2342 0.0370 0.9715
vn -0.0282 -0.0009 0.9996
vn 0.0160 0.0158 0.9997
vn 0.2314 0.1702 0.9578
vn 0.0388 -0.0460 0.9982
vn 0.0108 0.0436 0.9990
vn -0.0423 -0.0419 0.9982
vn 0.0061 -0.0251 0.9997
vn 0.0082 0.0145 0.9999
vn -0.0326 -0.0278 0.9991
vn 0.0392 -0.0620 0.9973
vn 0.2448 0.3336 0.9104
vn 0.0177 0.0016 0.9998
vn -0.0128 -0.3030 0.9529
vn 0.0011 -0.3452 0.9385
vn -0.0658 -0.4292 0.9008
vn 0.0539 -0.5032 0.8625
vn 0.0421 -0.9079 0.4170
vn 0.1955 -0.8934 0.4046
vn -0.0495 -0.9575 0.2843
vn 0.2761 -0.4068 0.8708
vn -0.2580 -0.9097 0.3254
vn 0.0286 -0.9729 0.2296
vn -0.0032 -0.9684 0.2494
vn -0.2716 -0.9333 0.2347
vn 0.4085 -0.7250 0.5546
vn -0.1252 -0.3574 0.9255
vn 0.0305 0.0550 0.9980
vn 0.0446 0.1022 0.9938
vn 0.0749 -0.0464 0.9961
vn 0.0450 0.0505 0.9977
vn -0.7668 0.1732 0.6180
vn 0.8086 0.2518 0.5318
vn 0.0908 0.0263 0.9955
vn 0.9136 -0.3538 0.2003
vn -0.3213 0.1233 0.9389
vn -0.8297 -0.4188 0.3691
vn -0.8468 -0.2887 0.4467
vn 0.3210 0.0206 0.9468
vn 0.9804 -0.1910 0.0484
vn 0.0247 0.0592 0.9979
vn 0.6036 0.6809 0.4149
vn -0.6370 0.5921 0.4937
vn -0.2238 0.1479 0.9634
vn 0.3585 0.3690 0.8575
vn 0.7216 0.5460 0.4258
vn 0.2148 0.4103 0.8863
vn -0.2842 0.6271 0.7253
vn -0.4084 -0.2479 0.8785
vn -0.0134 -0.1090 0.9940
vn 0.2468 -0.0170 0.9689
vn -0.1069 -0.1932 0.9753
vn -0.5922 -0.1858 0.7841
vn -0.3223 -0.0493 0.9454
vn -0.4473 -0.0561 0.8926
vn 0.5687 0.0024 0.8225
vn -0.5471 -0.5122 -0.6620
vn -0.0217 0.1407 -0.9898
vn 0.2052 -0.4427 0.8729
vn -0.1448 0.0470 -0.9883
vn 0.9430 -0.1154 0.3122
vn 0.1496 0.0463 -0.9877
vn -0.2254 -0.0729 0.9715
vn -0.4977 -0.2128 0.8408
vn -0.3011 -0.4657 0.8321
vn 0.1380 0.0212 -0.9902
vn 0.2029 -0.3739 0.9050
vn -0.3752 0.0209 0.9267
vn -0.4856 -0.5447 0.6837
vn -0.0601 -0.0467 -0.9971
vn 0.0870 0.0129 -0.9961
vn -0.1572 -0.3846 0.9096
vn 0.2100 -0.1583 0.9648
vn 0.0893 0.0346 -0.9954
vn -0.2658 0.1206 -0.9565
vn -0.1930 0.0820 -0.9778
vn 0.5881 0.1065 0.8017
vn 0.2083 0.0265 -0.9777
vn 0.3199 -0.6044 0.7296
vn -0.6803 -0.2821 -0.6765
vn -0.4428 -0.8840 -0.1501
vn -0.2657 -0.8066 0.5280
vn 0.5480 -0.8324 0.0820
vn 0.7388 -0.2982 -0.6044
vn 0.0767 -0.0062 0.9970
vn -0.9261 0.2955 -0.2345
vn 0.8844 0.3837 -0.2656
vn 0.6075 -0.5529 0.5703
vn 0.9465 -0.2991 -0.1212
vn -0.3256 0.1585 -0.9321
vn -0.2426 0.0782 -0.9670
vn 0.9648 0.2464 -0.0922
vn 0.0824 -0.0258 -0.9963
vn 0.1243 -0.0045 -0.9922
vn 0.1719 0.0591 -0.9833
vn 0.0016 -0.4460 0.8950
vn -0.0715 -0.0088 -0.9974
vn 0.3494 -0.3199 0.8806
vn 0.1879 0.0497 -0.9809
vn 0.1157 -0.0572 -0.9916
vn -0.8904 0.0714 0.4495
vn -0.1745 -0.0946 -0.9801
vn 0.9013 0.2756 -0.3342
vn 0.2406 -0.0228 0.9704
vn -0.5370 0.0349 0.8428
vn 0.7537 -0.0290 0.6565
vn 0.3299 0.1440 -0.9330
vn -0.1741 0.1547 0.9725
vn -0.4741 -0.8796 0.0383
vn -0.3486 -0.7177 0.6028
vn 0.3564 -0.5388 0.7633
vn 0.3152 -0.5843 0.7478
vn 0.1504 -0.4702 0.8697
vn 0.4170 0.8769 0.2390
vn -0.4308 0.8026 -0.4127
vn 0.3767 0.8283 -0.4148
vn -0.2758 0.8492 0.4502
vn 0.2374 0.5938 0.7688
vn -0.5243 -0.3324 0.7839
vn -0.6760 0.4911 -0.5493
vn 0.4850 0.1036 0.8684
vn -0.2878 0.1510 0.9457
vn -0.1741 0.4641 0.8685
vn 0.0226 0.5561 0.8308
vn 0.8727 0.4875 0.0281
vn 0.9418 0.3360 0.0065
vn -0.3120 -0.3862 0.8680
vn 0.3608 -0.2145 0.9077
vn 0.7514 0.4220 0.5073
vn -0.3419 0.0821 0.9361
vn -0.4081 -0.2027 0.8902
vn -0.3827 -0.1867 0.9048
vn -0.0363 0.0946 0.9949
vn 0.0754 0.0970 0.9924
vn -0.2746 0.1823 0.9441
vn -0.5889 0.2699 0.7618
vn 0.1077 -0.0360 0.9935
vn 0.2776 0.1471 0.9494
vn 0.4971 0.8666 0.0444
vn -0.1221 0.0816 0.9892
vn 0.3756 0.0574 0.9250
vn 0.0002 0.0564 0.9984
vn 0.0382 0.1858 0.9818
vn -0.3251 0.0176 0.9455
vn -0.2413 -0.0254 0.9701
vn -0.3363 0.0810 0.9383
vn -0.0696 -0.0559 0.9960
vn 0.0589 -0.4375 0.8973
vn -0.3796 0.1087 0.9187
vn -0.0746 -0.0490 0.9960
vn 0.5185 -0.0042 0.8551
vn -0.1145 0.2478 0.9620
vn -0.2531 0.4383 0.8625
vn 0.0759 0.1704 0.9825
vn -0.2817 0.0870 0.9556
vn -0.0957 -0.0968 0.9907
vn 0.5590 -0.3169 0.7662
vn 0.2621 0.5787 0.7723
vn -0.0342 -0.8384 0.5440
vn 0.0245 -0.8714 0.4900
vn 0.1690 -0.9291 0.3288
vn 0.4313 -0.4053 0.8060
vn 0.6901 -0.0150 0.7236
vn 0.8268 -0.3886 0.4067
vn -0.8327 -0.1250 0.5395
vn 0.8150 -0.1287 0.5650
vn -0.5467 0.4011 0.7350
vn 0.6912 0.6065 0.3930
vn -0.5564 0.4941 0.6681
vn -0.4002 0.4894 0.7748
vn 0.5471 0.4018 0.7343
vn -0.3809 0.6408 0.6665
vn -0.3752 -0.0633 0.9248
vn 0.3133 -0.0478 0.9484
vn -0.1320 -0.0593 0.9895
vn 0.3958 -0.0467 0.9171
vn -0.2997 0.0290 0.9536
vn -0.0313 -0.3337 -0.9422
vn 0.3367 -0.5830 -0.7394
vn 0.4358 -0.8214 -0.3680
vn -0.3605 -0.7148 -0.5992
vn -0.6668 -0.7298 0.1507
vn 0.7808 0.1921 -0.5946
vn 0.5484 0.0814 -0.8322
vn -0.6734 0.3076 -0.6723
vn 0.3691 -0.0236 0.9291
vn -0.5718 0.4881 0.6594
vn 0.8625 0.3178 0.3938
vn -0.2957 0.1655 -0.9408
vn 0.2180 0.1548 -0.9636
vn -0.2082 0.0829 0.9746
vn -0.5313 0.3538 -0.7697
vn -0.9406 0.2328 0.2471
vn -0.2255 -0.0731 0.9715
vn 0.2174 0.1546 -0.9638
vn -0.5719 -0.5610 -0.5986
vn 0.0377 -0.0104 -0.9992
vn -0.5212 -0.2582 -0.8134
vn -0.8672 0.1767 0.4655
vn -0.8613 -0.5065 -0.0397
vn -0.2439 -0.3910 0.8875
vn -0.2230 0.2206 0.9495
vn 0.9856 0.1454 0.0863
vn 0.6835 -0.4654 -0.5624
vn 0.7457 -0.2844 -0.6026
vn -0.9220 -0.2616 -0.2854
vn -0.1315 -0.2729 0.9530
vn -0.4219 0.3215 0.8477
vn 0.1959 0.2216 -0.9553
vn 0.2058 0.9786 0.0015
vn -0.8814 0.4690 0.0567
vn -0.5556 0.7964 -0.2388
vn 0.7507 0.3247 0.5754
vn -0.3272 0.2864 -0.9005
vn 0.5625 -0.5160 0.6460
vn 0.6857 -0.7169 0.1263
vn 0.2554 0.0833 0.9632
vn 0.1690 -0.1067 -0.9798
vn -0.4405 0.1402 0.8867
vn 0.3808 0.2180 -0.8986
vn 0.1588 0.1109 -0.9811
vn 0.1376 0.0663 -0.9883
vn -0.4694 0.2593 -0.8441
vn -0.8983 -0.3535 0.2610
vn 0.2913 0.1500 -0.9448
vn -0.0354 -0.0748 -0.9966
vn 0.9727 -0.1766 0.1505
vn -0.6513 0.3976 0.6463
vn -0.1190 0.0048 -0.9929
vn 0.7117 -0.6989 0.0711
vn 0.0085 -0.0593 -0.9982
vn -0.8853 -0.0119 -0.4648
vn 0.7855 -0.2673 -0.5581
vn -0.2856 0.1930 -0.9387
vn 0.1272 0.0279 -0.9915
vn 0.0896 -0.0102 -0.9959
vn -0.0070 -0.0663 -0.9978
vn 0.1093 0.0165 -0.9939
vn -0.3733 -0.2877 0.8820
vn -0.2911 -0.8651 0.4084
vn 0.2401 -0.9645 -0.1099
vn -0.3530 0.0416 -0.9347
vn -0.5063 0.3975 -0.7653
vn 0.1910 0.1025 -0.9762
vn -0.5909 0.4753 -0.6519
vn -0.6654 0.3396 -0.6647
vn -0.9879 0.1143 -0.1044
vn -0.9838 0.1745 0.0415
vn 0.9891 0.1328 0.0632
vn -0.3667 0.1036 -0.9246
vn -0.4240 0.1928 -0.8849
vn -0.5291 -0.0349 -0.8479
vn 0.0098 0.0099 -0.9999
vn -0.0278 -0.0658 -0.9974
vn 0.1951 -0.0374 -0.9801
vn -0.0666 -0.2333 -0.9701
vn 0.4644 -0.0212 -0.8853
vn -0.3580 -0.3299 -0.8735
vn 0.3610 -0.1561 -0.9194
vn 0.9784 -0.1896 -0.0828
vn 0.5665 -0.3219 0.7586
vn -0.5953 -0.3606 0.7181
vn -0.2014 -0.4030 0.8928
vn 0.0653 0.9855 0.1566
vn -0.1078 0.7284 -0.6766
vn 0.1444 0.4722 -0.8696
vn -0.1473 0.8651 -0.4794
vn -0.2186 0.4265 0.8777
vn 0.1428 0.3965 0.9069
vn -0.4257 0.3373 -0.8397
vn -0.4679 0.3012 -0.8309
vn 0.3117 0.0760 -0.9471
vn 0.1626 0.1620 0.9733
vn 0.5166 0.7631 -0.3884
vn 0.4982 0.5925 -0.6331
vn 0.1644 -0.0055 0.9864
vn -0.2052 0.9777 -0.0454
vn 0.4087 0.5707 0.7122
vn 0.1105 -0.2061 0.9723
vn 0.2392 0.2959 0.9248
vn -0.5076 -0.3330 0.7946
vn 0.2835 0.6170 0.7341
vn -0.2440 -0.0005 0.9698
vn -0.2458 -0.8867 -0.3916
vn 0.1002 -0.1467 -0.9841
vn 0.1372 -0.8431 -0.5199
vn -0.3794 -0.3646 -0.8504
vn -0.1035 0.0686 -0.9923
vn -0.0103 0.0753 -0.9971
vn -0.0175 0.0595 -0.9981
vn 0.6308 -0.7404 -0.2322
vn -0.0609 -0.1197 -0.9909
vn -0.0292 -0.0396 -0.9988
vn -0.0407 -0.1079 -0.9933
vn 0.0504 -0.0933 -0.9944
vn 0.1675 -0.0422 -0.9850
vn 0.2898 0.1295 -0.9483
vn -0.7418 0.2699 -0.6139
vn 0.4033 0.2412 -0.8827
vn 0.2144 -0.4714 0.8555
vn -0.5582 0.4559 -0.6933
vn -0.2844 0.1925 -0.9392
vn -0.3757 0.0213 0.9265
vn 0.1102 0.1692 0.9794
vn -0.8837 0.4539 -0.1142
vn -0.0108 -0.1700 -0.9854
vn -0.1974 -0.1210 -0.9728
vn 0.0774 -0.0059 0.9970
vn -0.0105 -0.1696 -0.9855
vn 0.2556 0.0834 0.9632
vn 0.0765 -0.0064 0.9970
vn 0.0475 -0.0414 -0.9980
vn -0.6249 -0.5320 0.5714
vn -0.1973 -0.1207 -0.9729
vn 0.1985 0.0960 -0.9754
vn 0.8703 0.1446 0.4707
vn -0.4949 -0.8661 -0.0698
vn 0.3830 -0.8588 0.3402
vn 0.2111 0.1224 -0.9698
vn 0.9040 -0.3092 -0.2954
vn 0.1838 0.0463 -0.9819
vn 0.3623 0.3821 -0.8501
vn -0.2844 -0.1909 0.9395
vn -0.2464 -0.4508 0.8579
vn -0.2740 -0.9600 0.0576
vn -0.0967 0.0131 -0.9952
vn 0.3533 -0.9354 -0.0116
vn 0.3367 -0.8837 -0.3253
vn -0.0087 -0.6009 -0.7993
vn 0.1811 -0.1934 -0.9643
vn -0.4342 -0.8591 -0.2710
vn -0.2183 -0.1843 -0.9583
vn -0.0478 -0.4919 -0.8694
vn 0.0478 -0.0339 -0.9983
vn -0.0010 -0.0115 -0.9999
vn -0.0163 -0.0969 -0.9952
vn -0.0770 -0.1313 -0.9883
vn -0.0602 -0.1872 -0.9805
vn -0.2718 -0.8634 -0.4251
vn 0.0382 0.0648 -0.9972
vn -0.0369 0.1001 -0.9943
vn -0.0708 0.2069 -0.9758
vn 0.0065 -0.0450 -0.9990
vn 0.2524 -0.7897 -0.5591
vn -0.0149 0.0423 -0.9990
vn -0.2620 0.0719 -0.9624
vn 0.0169 0.1075 -0.9941
vn 0.1007 -0.2424 -0.9649
vn 0.2312 -0.7364 -0.6358
vn -0.1257 0.3234 -0.9379
vn -0.0683 -0.1423 -0.9875
vn 0.0152 0.0352 -0.9993
vn 0.1101 0.2653 -0.9579
vn 0.1882 0.0467 -0.9810
vn 0.0400 -0.1430 -0.9889
vn -0.1564 -0.5182 -0.8408
vn 0.1088 0.1216 -0.9866
vn 0.1536 0.1000 -0.9831
vn -0.1126 0.1552 -0.9814
vn 0.8765 0.0374 -0.4799
vn 0.0070 0.0216 -0.9997
vn -0.0894 0.0359 -0.9953
vn 0.6189 0.3412 -0.7075
vn 0.0292 -0.0725 -0.9969
vn 0.0761 -0.1793 -0.9808
vn 0.1524 0.3421 -0.9272
vn 0.0068 0.0206 -0.9998
vn -0.0037 -0.0591 -0.9982
vn -0.1189 0.2826 -0.9518
vn -0.0645 -0.1851 -0.9806
vn -0.1723 0.1520 -0.9732
vn 0.0605 0.0294 -0.9977
vn -0.1310 -0.1964 -0.9717
vn -0.0438 0.0957 -0.9945
vn -0.0400 -0.1044 -0.9937
vn -0.0480 -0.1239 -0.9911
vn -0.5927 0.0993 -0.7992
vn 0.1084 -0.2833 -0.9529
vn 0.0124 -0.0399 -0.9991
vn 0.0138 -0.0556 -0.9984
vn 0.0593 -0.1426 -0.9880
vn -0.0913 0.1823 -0.9790
vn 0.0527 0.0939 -0.9942
vn 0.1819 -0.7716 -0.6096
vn -0.3315 -0.1127 -0.9367
vn 0.3069 -0.0415 -0.9508
vn -0.1509 -0.0424 -0.9876
vn -0.0137 -0.1961 -0.9805
vn -0.1100 -0.1627 -0.9805
vn 0.0426 0.0781 -0.9960
vn -0.0141 0.0231 -0.9996
vn 0.0047 -0.0931 -0.9956
vn 0.1085 0.1771 -0.9782
vn 0.1460 0.2813 -0.9485
vn -0.0549 0.1403 -0.9886
vn 0.2602 0.2697 -0.9271
vn 0.7652 0.5092 -0.3939
vn 0.0725 -0.1237 -0.9897
vn 0.0046 0.1067 -0.9943
vn 0.1560 -0.1287 -0.9793
vn -0.1319 -0.1449 -0.9806
vn 0.0759 -0.0100 -0.9971
vn 0.4750 0.1228 -0.8714
vn 0.1610 0.1901 -0.9685
vn 0.0892 -0.2418 -0.9662
vn 0.1369 -0.1862 -0.9729
vn 0.0733 0.0351 -0.9967
vn -0.0155 -0.0596 -0.9981
vn -0.1112 0.2762 -0.9546
vn -0.0348 0.0979 -0.9946
vn -0.0097 0.0146 -0.9998
vn 0.0278 0.1700 -0.9851
vn -0.0724 0.0238 -0.9971
vn -0.0520 0.0382 -0.9979
vn 0.0016 -0.0147 -0.9999
vn -0.1069 0.0339 -0.9937
vn 0.0411 0.0281 -0.9988
vn -0.0215 0.0066 -0.9997
vn 0.1079 0.2500 -0.9622
vn 0.0266 0.0436 -0.9987
vn -0.0282 -0.0310 -0.9991
vn -0.0596 -0.0872 -0.9944
vn -0.0086 0.0412 -0.9991
vn 0.2174 -0.1930 -0.9568
vn 0.0163 -0.0141 -0.9998
vn -0.0310 -0.2658 -0.9635
vn -0.0139 0.0009 -0.9999
vn 0.0712 0.2354 -0.9693
vn 0.0641 -0.1159 -0.9912
vn -0.0269 0.0854 -0.9960
vn 0.0547 0.0849 -0.9949
vn 0.0182 0.0659 -0.9977
vn -0.0560 0.0459 -0.9974
vn -0.0173 0.0460 -0.9988
vn 0.1445 0.3425 -0.9283
vn -0.3842 0.7693 -0.5104
vn -0.0952 0.3472 -0.9329
vn 0.0336 0.0411 -0.9986
vn 0.1851 0.3399 -0.9221
vn 0.0853 0.1985 -0.9764
vn 0.3400 0.8594 -0.3819
vn 0.0627 -0.0185 -0.9979
vn 0.0955 0.3879 -0.9167
vn 0.2640 0.7058 -0.6574
vn -0.0682 0.0490 -0.9965
vn -0.3129 0.7966 -0.5172
vn 0.2289 0.9443 -0.2366
vn -0.4834 0.1296 -0.8657
vn 0.5274 0.1445 -0.8372
vn 0.4930 0.3123 -0.8120
vn 0.1686 -0.1581 0.9729
vn -0.0672 -0.1283 0.9895
vn -0.1182 0.1867 -0.9753
vn 0.0494 0.1049 -0.9933
vn -0.6098 0.7373 -0.2908
vn -0.8661 0.0018 -0.4999
vn 0.0084 0.7754 0.6315
vn 0.2185 -0.3278 0.9191
vn 0.4698 0.0961 0.8776
vn -0.5995 -0.1593 0.7843
vn 0.3309 0.2922 0.8973
vn 0.3905 0.4635 0.7954
vn -0.0584 0.5627 0.8246
vn -0.1290 0.6455 0.7528
vn -0.2203 -0.8811 -0.4185
vn -0.5794 -0.7709 0.2647
vn -0.0959 0.1284 -0.9871
vn 0.2184 0.0691 -0.9734
vn 0.6996 -0.4911 -0.5190
vn -0.0831 0.0371 0.9959
vn -0.0265 -0.0105 -0.9996
vn -0.1508 -0.1425 -0.9782
vn 0.6791 -0.6868 0.2592
vn -0.7013 -0.6946 0.1603
vn -0.0387 -0.0648 -0.9971
vn -0.2967 -0.4524 0.8410
vn -0.1534 -0.1673 -0.9739
vn 0.1317 0.0203 -0.9911
vn 0.1118 0.0432 -0.9928
vn -0.4755 -0.4918 0.7294
vn 0.3748 -0.4885 0.7879
vn -0.0106 -0.1693 -0.9855
vn 0.2379 0.1327 -0.9622
vn 0.2925 0.2130 -0.9322
vn -0.3245 0.2620 -0.9089
vn -0.2854 0.1927 -0.9388
vn -0.8838 0.4539 -0.1140
vn -0.3245 0.2619 -0.9089
vn -0.8617 -0.0287 0.5065
vn 0.3059 0.2367 -0.9222
vn -0.5087 -0.5494 0.6629
vn 0.2479 0.2256 -0.9422
vn 0.5568 -0.8047 0.2061
vn 0.9231 0.0734 0.3775
vn -0.7766 0.4586 0.4319
vn 0.6220 0.7174 -0.3139
vn -0.4335 0.3618 -0.8253
vn -0.5995 0.7452 -0.2920
vn -0.9243 -0.3657 -0.1090
vn -0.9171 0.3986 -0.0096
vn 0.1938 -0.9029 0.3836
vn 0.1299 -0.8727 -0.4706
vn -0.0500 -0.8608 -0.5065
vn -0.1272 -0.9900 -0.0605
vn -0.3550 -0.8415 -0.4072
vn 0.7618 0.0173 0.6476
vn -0.5116 -0.8588 0.0245
vn -0.0998 -0.9756 -0.1957
vn -0.8936 -0.3123 -0.3224
vn 0.8227 -0.4773 -0.3088
vn -0.8266 0.5480 -0.1280
vn 0.8027 0.4437 -0.3984
vn -0.8508 0.0900 -0.5176
vn -0.2886 -0.7860 -0.5468
vn -0.8402 0.4242 -0.3378
vn -0.2735 -0.1629 -0.9480
vn 0.2084 -0.7020 -0.6810
vn 0.9027 0.3438 -0.2586
vn 0.1338 -0.8984 -0.4183
vn -0.6886 0.6798 -0.2524
vn 0.6402 0.6322 -0.4364
vn 0.5555 0.8150 -0.1650
vn -0.2418 0.9248 -0.2937
vn -0.4694 0.4648 -0.7508
vn 0.3221 0.8934 -0.3131
vn 0.1137 0.0398 -0.9927
vn -0.1260 -0.0637 -0.9900
vn 0.2800 0.2869 0.9161
vn 0.0122 -0.1557 -0.9877
vn 0.2802 0.2869 0.9161
vn 0.1625 0.1620 0.9733
vn -0.0915 -0.5964 -0.7974
vn 0.0814 0.9279 -0.3637
vn 0.0039 -0.3028 -0.9530
vn -0.0675 -0.1289 0.9894
vn 0.0125 -0.1490 -0.9888
vn 0.1772 0.1388 -0.9743
vn -0.9012 -0.3526 0.2519
vn 0.8162 -0.5621 0.1337
vn -0.8133 0.4159 -0.4069
vn -0.4255 0.8376 -0.3426
vn -0.0600 0.9782 -0.1987
vn 0.1442 0.9773 0.1554
vn -0.2296 -0.4695 0.8526
vn -0.2577 -0.5797 0.7730
vn 0.2617 -0.3838 0.8856
vn -0.3306 -0.2114 0.9198
vn -0.4672 -0.2112 0.8586
vn -0.4344 0.1139 0.8935
vn 0.2027 0.3555 0.9124
vn 0.0612 -0.0676 0.9958
vn -0.2035 -0.0735 0.9763
vn 0.1937 0.0036 0.9811
vn 0.1616 -0.9795 -0.1206
vn 0.5285 -0.7596 -0.3791
vn -0.6556 -0.7512 -0.0761
vn -0.8078 -0.4315 -0.4017
vn -0.0191 0.0596 0.9980
vn 0.7237 -0.1695 -0.6689
vn -0.9153 -0.1293 -0.3815
vn -0.4309 -0.0006 -0.9024
vn 0.0390 -0.3539 0.9345
vn 0.2346 0.1058 -0.9663
vn -0.5697 0.1360 -0.8105
vn 0.4730 0.0718 -0.8781
vn 0.3694 0.1714 -0.9133
vn 0.4010 -0.4099 0.8193
vn 0.2758 -0.4867 0.8289
vn 0.3673 -0.6109 0.7014
vn -0.1511 -0.5577 0.8162
vn -0.8375 0.4594 -0.2959
vn 0.3951 -0.4175 0.8183
vn -0.1417 -0.4928 0.8585
vn 0.2306 -0.4438 0.8660
vn 0.2978 -0.2165 0.9298
vn 0.5396 0.2828 0.7930
vn 0.4176 -0.4144 0.8086
vn 0.3252 -0.1904 0.9263
vn 0.5955 0.4319 0.6774
vn 0.8872 0.1441 0.4383
vn -0.3727 -0.5327 0.7598
vn -0.4963 0.1767 0.8500
vn -0.7517 -0.3032 0.5856
vn 0.2309 -0.9204 0.3155
vn 0.9535 -0.2147 0.2117
vn 0.0202 -0.9405 -0.3391
vn 0.0095 -0.8917 -0.4525
vn 0.8169 0.5443 -0.1908
vn -0.2734 -0.8931 0.3572
vn 0.5721 0.7401 0.3536
vn -0.5987 0.7907 0.1275
vn 0.0764 -0.9796 -0.1859
vn 0.0688 -0.9686 0.2390
vn -0.7912 -0.5815 -0.1894
vn -0.3731 0.8043 0.4624
vn -0.3328 0.9406 -0.0675
vn 0.5376 0.6609 -0.5237
vn -0.0149 -0.2638 -0.9645
vn -0.0060 -0.3120 -0.9501
vn -0.0479 -0.9174 -0.3951
vn 0.0676 -0.9349 -0.3485
vn -0.1982 -0.2484 -0.9482
vn 0.0049 -0.1762 -0.9843
vn -0.0802 -0.9242 -0.3734
vn -0.0211 -0.1109 -0.9936
vn -0.1151 -0.1388 -0.9836
vn 0.1368 0.0725 -0.9879
vn 0.6690 -0.3841 -0.6363
vn -0.0224 -0.0009 -0.9997
vn -0.8739 0.0978 -0.4762
vn -0.2984 0.0955 -0.9496
vn -0.0451 -0.0137 -0.9989
vn 0.0502 -0.0756 -0.9959
vn 0.0319 -0.1680 -0.9853
vn -0.2815 -0.0052 -0.9595
vn 0.1977 -0.2579 -0.9457
vn -0.0665 -0.4038 -0.9124
vn -0.1029 -0.0504 -0.9934
vn 0.0501 -0.0539 -0.9973
vn -0.0122 -0.0396 -0.9991
vn 0.0126 0.0450 -0.9989
vn 0.0139 0.2013 -0.9794
vn 0.0192 -0.0817 -0.9965
vn -0.0582 -0.2662 -0.9622
vn 0.0828 -0.0248 -0.9963
vn 0.0213 -0.0534 -0.9983
vn -0.1080 -0.0175 -0.9940
vn -0.0273 0.0667 -0.9974
vn -0.0411 -0.5219 -0.8520
vn -0.1132 -0.3510 -0.9295
vn 0.0082 0.0014 -1.0000
vn -0.0050 -0.0409 -0.9992
vn -0.0168 0.0706 -0.9974
vn 0.0869 0.1443 -0.9857
vn 0.0496 0.0290 -0.9983
vn 0.3233 0.3143 -0.8926
vn 0.7761 0.5138 -0.3656
vn -0.0419 0.1250 -0.9913
vn -0.0881 -0.0273 -0.9957
vn -0.0226 -0.0713 -0.9972
vn -0.1189 0.2271 -0.9666
vn 0.0817 -0.0305 -0.9962
vn 0.0038 -0.3025 -0.9531
vn 0.0125 -0.1486 -0.9888
vn 0.0351 0.0369 -0.9987
vn -0.0207 -0.0600 -0.9980
vn 0.0428 -0.0636 -0.9971
vn -0.0382 0.1956 -0.9799
vn -0.0603 -0.0980 -0.9934
vn 0.0400 0.0030 -0.9992
vn -0.7597 0.5291 -0.3780
vn -0.4329 0.5398 -0.7220
vn -0.0109 -0.0989 -0.9950
vn -0.0172 -0.1442 -0.9894
vn 0.0690 -0.0500 -0.9964
vn -0.0162 -0.0102 -0.9998
vn 0.1641 0.2327 -0.9586
vn 0.0122 0.0087 -0.9999
vn -0.0595 0.0917 -0.9940
vn 0.0303 -0.1045 -0.9941
vn -0.0284 -0.0826 -0.9962
vn -0.0043 0.0679 -0.9977
vn -0.0066 0.2053 -0.9787
vn 0.1985 0.4019 -0.8939
vn 0.5319 0.7315 -0.4266
vn -0.0119 -0.0768 -0.9970
vn 0.0503 0.8213 -0.5682
vn -0.0856 0.8906 -0.4467
vn -0.0815 0.2875 -0.9543
vn -0.0890 0.3183 -0.9438
vn 0.0296 0.1587 -0.9869
vn 0.0839 0.3979 -0.9136
vn 0.0056 0.1601 -0.9871
vn 0.0779 0.1968 -0.9773
vn -0.0048 0.2989 -0.9543
vn 0.2006 0.7769 -0.5968
vn -0.1681 0.8973 -0.4082
vn -0.2458 0.8889 -0.3867
vn -0.0144 0.8695 -0.4938
vn -0.8429 0.3750 -0.3858
vn -0.4552 0.8462 -0.2772
vn 0.1103 0.9720 -0.2074
vn 0.9559 -0.1732 -0.2372
vn -0.9316 -0.3208 -0.1707
vn 0.8634 0.3566 -0.3570
vn 0.5666 0.7999 -0.1977
vn -0.2644 0.8798 0.3951
vn 0.0519 -0.4771 0.8773
vn 0.3037 0.0547 0.9512
vn -0.4250 0.1184 0.8974
vn 0.3898 0.0506 0.9195
vn -0.4183 0.1380 0.8978
vn 0.5750 0.3705 0.7294
vn -0.3871 0.4194 0.8211
vn -0.2813 -0.9374 0.2053
vn 0.2304 -0.9643 0.1306
vn 0.5359 -0.7964 0.2803
vn 0.9316 0.0584 -0.3588
vn 0.8888 0.2907 -0.3542
vn -0.5812 -0.4318 0.6897
vn 0.8032 0.5682 -0.1789
vn -0.7848 0.5982 -0.1620
vn -0.0895 -0.3048 0.9482
vn -0.1297 -0.0777 0.9885
vn -0.4968 -0.4083 0.7658
vn -0.6872 0.7185 -0.1072
vn 0.0436 -0.0990 0.9941
vn 0.7576 -0.2185 0.6151
vn -0.1052 -0.9932 0.0488
vn -0.1406 -0.4764 0.8679
vn 0.3916 -0.8965 -0.2071
vn 0.2143 -0.9727 0.0885
vn 0.7617 0.0173 0.6477
vn 0.9141 -0.3951 -0.0912
vn 0.2144 -0.9727 0.0885
vn -0.0068 -0.9404 0.3401
vn -0.7992 -0.3915 0.4561
vn 0.5779 -0.7093 0.4036
vn 0.8939 -0.1485 0.4229
vn -0.9313 0.1616 0.3263
vn 0.9184 0.1900 0.3470
vn 0.2425 -0.8899 0.3863
vn 0.7169 -0.3903 -0.5777
vn -0.0528 -0.9984 -0.0208
vn -0.5572 0.7628 0.3281
vn -0.3693 -0.8610 -0.3497
vn -0.5628 0.5431 -0.6232
vn 0.0884 -0.9503 -0.2985
vn 0.4057 -0.8343 -0.3734
vn -0.8247 -0.4469 -0.3467
vn 0.3463 -0.5102 -0.7872
vn 0.9767 0.0456 -0.2096
vn -0.4705 -0.2202 -0.8545
vn -0.4450 0.8313 -0.3331
vn -0.2786 0.9258 -0.2555
vn -0.7633 0.3080 -0.5679
vn 0.4271 0.8662 -0.2594
vn 0.1920 0.9162 -0.3518
vn 0.7411 0.3490 -0.5735
vn -0.6629 0.4499 -0.5984
vn 0.0471 0.8331 -0.5511
vn -0.9764 0.2100 -0.0502
vn 0.0668 0.8904 0.4502
vn -0.0802 -0.1894 0.9786
vn -0.2302 -0.0250 0.9728
vn 0.6378 -0.0180 0.7700
vn -0.1928 -0.7659 0.6134
vn 0.6566 -0.7217 0.2191
vn 0.8035 -0.4229 0.4191
vn 0.9843 -0.1238 0.1260
vn -0.4774 -0.3877 0.7885
vn -0.4697 -0.3591 0.8065
vn -0.9910 0.1230 -0.0522
vn 0.2865 -0.2055 0.9358
vn 0.3762 -0.4052 0.8332
vn -0.1592 -0.1320 0.9784
vn -0.1163 -0.3417 0.9326
vn 0.6231 -0.4635 0.6300
vn 0.0169 -0.0955 0.9953
vn 0.3176 -0.2712 0.9086
vn 0.0148 -0.0429 0.9990
vn -0.3749 -0.2202 0.9005
vn 0.6241 0.7269 0.2867
vn -0.2954 -0.1741 0.9394
vn -0.0107 0.0659 0.9978
vn 0.1608 -0.3512 0.9224
vn 0.3305 -0.1821 0.9261
vn 0.2246 -0.9028 0.3666
vn -0.0325 -0.3159 0.9482
vn -0.2029 -0.8271 0.5241
vn 0.1064 -0.9750 -0.1952
vn -0.5341 0.0342 0.8447
vn 0.4574 0.6615 0.5943
vn -0.5661 0.7189 0.4033
vn 0.2769 -0.5072 0.8161
vn 0.2495 -0.8784 0.4075
vn -0.3349 -0.7039 0.6264
vn 0.5702 0.1312 -0.8110
vn -0.2345 -0.8762 0.4211
vn 0.7691 0.4293 0.4734
vn -0.7121 0.5166 0.4755
vn 0.6011 0.5966 0.5317
vn 0.4246 0.7651 0.4841
vn 0.3011 0.8697 0.3911
vn -0.2197 0.8784 0.4245
vn 0.1810 0.8376 0.5155
vn 0.6743 0.6076 -0.4198
vn -0.1504 -0.9238 0.3522
vn -0.4176 -0.3915 -0.8200
vn 0.6404 0.7083 0.2970
vn 0.7738 0.6146 0.1535
vn -0.6122 0.7797 -0.1318
vn 0.6647 0.6873 -0.2928
vn 0.8517 0.2361 -0.4678
vn 0.3090 0.9481 -0.0745
vn 0.1411 0.9691 0.2025
vn 0.0010 0.9571 -0.2899
vn -0.5295 0.4539 0.7167
vn 0.4243 0.2975 0.8553
vn -0.7998 0.5841 0.1386
vn -0.0137 0.9852 0.1710
vn -0.0838 0.5732 0.8151
vn -0.0257 -0.1991 0.9796
vn -0.2902 0.2968 0.9098
vn -0.0705 0.3964 0.9154
vn 0.1922 -0.7991 0.5696
vn -0.5496 -0.6461 0.5297
vn -0.8127 -0.3849 0.4375
vn 0.9040 0.2188 0.3673
vn -0.2027 -0.3903 0.8981
vn 0.3309 -0.1172 0.9364
vn -0.3170 -0.1518 0.9362
vn -0.1098 -0.3050 0.9460
vn -0.5804 -0.4625 0.6702
vn 0.1931 -0.0871 0.9773
vn 0.4799 -0.3328 0.8118
vn -0.6821 0.5936 0.4270
vn 0.2026 -0.4527 0.8683
vn -0.4915 0.0140 0.8708
vn -0.2640 -0.2833 0.9220
vn 0.1172 -0.1060 0.9874
vn 0.0097 -0.9896 0.1436
vn 0.5090 -0.0534 0.8591
vn 0.1955 -0.9623 0.1891
vn 0.4881 -0.5976 0.6362
vn 0.6474 0.6836 0.3370
vn -0.2283 -0.7896 0.5696
vn 0.6538 0.7129 0.2537
vn -0.2827 -0.7754 0.5646
vn 0.6083 0.7753 0.1697
vn -0.6887 -0.6303 0.3583
vn 0.8483 -0.4986 0.1782
vn 0.4358 -0.4750 -0.7645
vn 0.3798 0.3705 -0.8476
vn -0.1039 -0.9488 0.2983
vn -0.8716 -0.1508 0.4664
vn -0.5305 -0.8283 -0.1801
vn -0.6126 0.6448 0.4570
vn 0.1627 0.8316 -0.5310
vn 0.2543 0.9387 0.2326
vn -0.2054 0.8177 0.5378
vn -0.2759 0.9005 0.3362
vn 0.1755 0.9526 0.2484
vn 0.4749 -0.6630 0.5787
vn 0.9158 0.3595 0.1793
vn 0.3554 0.9343 0.0269
vn 0.2505 0.9191 0.3042
vn 0.1967 -0.7030 0.6834
vn -0.2660 -0.2916 0.9188
vn 0.3378 -0.3636 0.8682
vn -0.8816 -0.1143 0.4579
vn -0.2244 -0.1025 0.9691
vn -0.2184 -0.0823 0.9724
vn -0.2660 -0.1325 0.9548
vn 0.1089 -0.1454 0.9834
vn 0.1872 -0.1499 0.9708
vn 0.2649 -0.1903 0.9453
vn -0.2065 -0.1501 0.9669
vn 0.3713 -0.3074 0.8762
vn 0.0750 0.0743 0.9944
vn -0.4512 -0.2982 0.8411
vn -0.3472 -0.1552 0.9248
vn 0.0609 -0.1865 0.9806
vn -0.1580 -0.0709 0.9849
vn 0.2293 -0.1344 0.9640
vn -0.1216 -0.0627 0.9906
vn -0.1419 -0.0773 0.9869
vn 0.3337 -0.2888 0.8974
vn -0.0785 -0.4020 0.9123
vn -0.0006 -0.7088 0.7055
vn -0.3425 -0.9334 0.1070
vn 0.1626 -0.9068 0.3888
vn -0.6371 0.6413 0.4276
vn -0.3556 -0.9257 -0.1287
vn -0.2183 -0.5480 0.8075
vn 0.0361 -0.8361 0.5474
vn -0.8322 0.5517 -0.0549
vn 0.5701 0.8162 0.0940
vn -0.5921 0.2595 -0.7630
vn 0.5737 0.2465 -0.7811
vn -0.6912 0.5284 0.4930
vn -0.5641 0.8169 -0.1202
vn 0.0119 -0.8920 0.4519
vn 0.3994 -0.7895 0.4661
vn -0.8247 0.3937 0.4060
vn 0.0507 0.8555 -0.5152
vn 0.5184 0.7826 0.3447
vn 0.0013 0.9958 0.0918
vn -0.1346 0.9667 0.2177
vn -0.1185 0.9006 0.4182
vn 0.0464 0.8007 0.5972
vn -0.1711 0.8248 -0.5390
vn -0.4936 -0.6366 0.5925
vn 0.8043 -0.5416 0.2443
vn -0.3986 0.8766 0.2696
vn 0.0814 -0.0689 0.9943
vn -0.0747 0.0728 0.9945
vn -0.1043 -0.1373 0.9850
vn -0.2656 -0.1371 0.9543
vn 0.3796 -0.2045 0.9023
vn -0.7864 0.3508 0.5084
vn 0.1393 -0.0570 0.9886
vn -0.2498 -0.3183 0.9145
vn -0.3992 -0.0136 0.9168
vn 0.0903 0.1069 0.9902
vn -0.0768 -0.0058 0.9970
vn -0.0785 -0.0329 0.9964
vn -0.1108 -0.0170 0.9937
vn 0.6989 0.4828 0.5277
vn -0.1838 -0.2451 0.9519
vn 0.4127 -0.0932 0.9061
vn -0.0569 0.0366 0.9977
vn -0.1189 0.0309 0.9924
vn -0.0101 0.3728 0.9279
vn 0.0983 -0.2258 0.9692
vn -0.1190 -0.2275 0.9665
vn 0.0790 -0.9942 -0.0736
vn -0.0088 -0.0884 0.9960
vn 0.0694 0.1113 0.9914
vn 0.0835 0.1365 0.9871
vn -0.6848 -0.5519 0.4758
vn -0.1841 -0.2462 0.9516
vn 0.4348 -0.5651 0.7012
vn -0.3029 -0.0517 0.9516
vn -0.8918 0.1859 0.4125
vn -0.0259 -0.1973 0.9800
vn 0.6518 0.1704 0.7390
vn 0.3161 -0.9475 0.0482
vn 0.2374 -0.5248 0.8174
vn 0.7007 0.6575 0.2769
vn 0.9446 0.3186 -0.0793
vn 0.4249 0.6672 -0.6118
vn 0.8920 0.4303 -0.1383
vn -0.7239 0.3855 -0.5721
vn 0.0609 -0.3678 0.9279
vn 0.0420 -0.3308 0.9428
vn 0.0836 0.0118 0.9964
vn -0.5178 0.1152 -0.8477
vn -0.9905 -0.0045 -0.1373
vn -0.0814 -0.6875 0.7216
vn 0.0910 -0.8763 0.4731
vn 0.4677 -0.7372 -0.4877
vn -0.3943 -0.7262 -0.5631
vn -0.2849 0.3746 0.8823
vn -0.5531 0.4438 -0.7051
vn 0.0770 -0.8116 0.5792
vn 0.5617 0.2850 -0.7767
vn -0.4756 0.0172 -0.8795
vn 0.9999 0.0060 0.0110
vn 0.1163 -0.7381 0.6646
vn 0.8843 0.3239 0.3364
vn -0.0862 0.7599 -0.6442
vn -0.4551 0.7839 0.4223
vn 0.1007 0.9737 0.2042
vn 0.3369 0.7879 0.5155
vn -0.6127 0.0522 -0.7886
vn 0.0059 0.8771 0.4803
vn 0.5385 0.1455 -0.8300
vn -0.1095 0.8846 0.4533
vn -0.5082 0.8522 -0.1246
vn -0.5008 0.2594 0.8258
vn -0.6449 0.3237 -0.6923
vn -0.0574 0.8210 -0.5680
vn 0.1674 0.9513 0.2589
vn 0.1488 0.6175 -0.7724
vn 0.3088 -0.9511 0.0045
vn 0.3911 -0.8856 0.2504
vn -0.5772 -0.8061 0.1306
vn -0.8947 0.0658 0.4418
vn 0.9185 0.0901 0.3850
vn 0.7362 0.5994 0.3141
vn 0.4457 0.6265 0.6394
vn -0.2847 0.5558 0.7810
vn -0.3869 0.8194 0.4230
vn 0.0189 0.1275 0.9917
vn 0.1105 -0.3444 0.9323
vn 0.2693 -0.4333 0.8601
vn -0.0426 -0.0298 0.9986
vn 0.2523 -0.1603 0.9543
vn 0.5192 -0.1012 0.8486
vn 0.1237 0.0958 0.9877
vn -0.8150 0.1261 0.5655
vn -0.0156 0.0315 0.9994
vn -0.0443 0.0584 0.9973
vn -0.0772 -0.0187 0.9968
vn 0.0762 0.0705 0.9946
vn -0.0109 0.0387 0.9992
vn -0.2819 -0.1634 0.9454
vn 0.0579 -0.3315 0.9417
vn 0.0319 0.0069 0.9995
vn 0.2121 -0.0787 0.9741
vn 0.2473 -0.1458 0.9579
vn 0.3874 -0.1648 0.9071
vn 0.0952 -0.0242 0.9952
vn 0.6338 -0.2712 0.7244
vn 0.4020 -0.3196 0.8581
vn 0.3975 -0.1389 0.9070
vn -0.0759 0.1113 0.9909
vn -0.5452 -0.0960 0.8328
vn -0.0077 0.0401 0.9992
vn -0.0697 0.1439 0.9871
vn 0.0854 0.1974 0.9766
vn -0.2318 -0.0087 0.9727
vn 0.0713 -0.2506 0.9655
vn 0.3452 -0.1492 0.9266
vn -0.2521 -0.9675 0.0197
vn 0.8100 -0.5798 0.0878
vn 0.1263 -0.4981 0.8579
vn 0.2687 -0.9631 0.0130
vn -0.4867 -0.8577 -0.1658
vn 0.1790 0.0904 0.9797
vn 0.1751 -0.3644 0.9146
vn 0.3916 0.0368 0.9194
vn -0.1247 0.1132 0.9857
vn 0.8726 0.4044 0.2740
vn -0.9296 0.3666 0.0392
vn 0.9810 0.1244 0.1489
vn -0.6176 -0.1994 0.7608
vn 0.2270 -0.6965 0.6808
vn 0.5361 -0.7987 0.2734
vn -0.2648 -0.2067 0.9419
vn -0.3670 -0.8917 0.2649
vn -0.6655 0.0744 -0.7427
vn -0.9969 0.0785 -0.0007
vn -0.1166 -0.1176 0.9862
vn 0.7018 -0.0168 -0.7122
vn 0.2365 -0.1505 0.9599
vn 0.0717 -0.1061 0.9918
vn 0.0138 0.0562 0.9983
vn -0.0576 -0.0579 0.9967
vn -0.0476 -0.1129 0.9925
vn 0.0552 -0.1815 0.9818
vn -0.0347 -0.1106 0.9933
vn 0.0034 -0.0375 0.9993
vn 0.0074 0.2488 0.9685
vn -0.2927 0.0774 0.9531
vn 0.0973 -0.2276 0.9689
vn -0.6888 0.1194 -0.7151
vn 0.8287 0.2766 -0.4866
vn -0.0208 0.0865 0.9960
vn -0.3326 0.1129 0.9363
vn -0.0830 0.1415 0.9864
vn 0.0980 0.2363 0.9667
vn 0.0065 0.0010 1.0000
vn 0.0477 -0.1441 0.9884
vn -0.1018 0.2262 0.9688
vn -0.1669 0.0661 0.9838
vn -0.0771 -0.1960 0.9776
vn 0.0640 -0.1931 0.9791
vn -0.0039 -0.1318 0.9913
vn -0.0036 0.0059 1.0000
vn -0.0789 -0.1688 0.9825
vn 0.1000 0.2602 0.9604
vn 0.0633 -0.1296 0.9895
vn -0.0147 -0.0336 0.9993
vn 0.0249 0.0263 0.9993
vn 0.5277 -0.3287 -0.7832
vn 0.7874 0.2159 -0.5773
vn -0.0155 -0.1215 0.9925
vn -0.0688 -0.1624 0.9843
vn -0.1235 0.2823 0.9513
vn -0.1636 0.0216 0.9863
vn 0.0967 0.2379 0.9665
vn -0.0623 0.1589 0.9853
vn -0.5898 -0.3160 -0.7432
vn -0.0499 -0.2602 0.9643
vn -0.1297 -0.0385 0.9908
vn -0.0907 -0.1641 0.9823
vn -0.0291 0.0369 0.9989
vn 0.1225 -0.1972 0.9727
vn 0.4602 -0.1763 0.8702
vn 0.1241 -0.0311 0.9918
vn -0.7318 0.0626 0.6787
vn -0.7203 -0.2048 0.6627
vn -0.5367 -0.8429 -0.0379
vn 0.5046 -0.8607 -0.0679
vn 0.2561 -0.2721 0.9276
vn 0.2496 -0.0068 0.9683
vn -0.2134 -0.1679 0.9624
vn -0.1745 -0.1664 0.9705
vn -0.1358 0.2053 0.9692
vn 0.0263 -0.0995 0.9947
vn 0.0769 0.1179 0.9900
vn 0.1213 0.2437 0.9622
vn 0.0507 0.0738 0.9960
vn 0.8843 0.3956 0.2480
vn -0.1539 -0.1356 0.9787
vn -0.0585 -0.1641 0.9847
vn -0.0326 0.0766 0.9965
vn 0.0106 -0.0113 0.9999
vn -0.4430 -0.0946 0.8915
vn 0.0255 0.0725 0.9970
vn -0.0802 0.2112 0.9742
vn 0.7673 0.1211 0.6298
vn 0.0005 0.0303 0.9995
vn 0.0728 0.1330 0.9884
vn -0.0884 0.0100 0.9960
vn -0.0119 0.0008 0.9999
vn -0.0769 0.1960 0.9776
vn 0.1518 0.1373 0.9788
vn 0.6604 0.6631 0.3524
vn 0.0171 0.0116 0.9998
vn 0.0734 0.2168 0.9735
vn -0.2078 -0.1181 0.9710
vn -0.0563 -0.0344 0.9978
vn 0.0844 -0.0791 0.9933
vn -0.6352 0.4589 0.6212
vn -0.1057 -0.2459 0.9635
vn -0.1405 -0.5464 0.8256
vn 0.2644 0.8028 0.5345
vn 0.0932 -0.2813 0.9551
vn -0.2597 0.4017 0.8782
vn -0.3107 0.1243 0.9423
vn 0.0285 -0.0403 0.9988
vn 0.1838 0.4788 0.8585
vn 0.3376 -0.4770 0.8115
vn 0.2324 0.0550 0.9711
vn 0.0754 0.2111 0.9745
vn -0.0408 -0.1160 0.9924
vn -0.1338 -0.3889 0.9115
vn 0.0105 -0.8070 0.5905
vn 0.3036 0.0913 0.9484
vn -0.5627 -0.6665 0.4891
vn -0.4288 0.0923 0.8987
vn 0.0977 0.3134 0.9446
vn -0.6784 0.4807 0.5556
vn 0.1418 0.1681 0.9755
vn 0.7101 0.3067 0.6337
vn -0.6399 0.5362 0.5506
vn -0.9292 0.3665 -0.0474
vn -0.0854 0.2673 0.9598
vn 0.3066 0.0289 0.9514
vn 0.8654 0.4773 0.1526
vn 0.1151 0.1812 0.9767
vn -0.9554 0.2262 0.1899
vn 0.7643 0.3940 0.5105
vn 0.8298 0.1455 0.5388
vn -0.7543 0.4378 -0.4893
vn 0.7401 0.1673 -0.6514
vn -0.8694 0.3800 -0.3159
vn 0.8631 0.1941 -0.4663
vn 0.0678 -0.5139 0.8552
vn -0.9368 -0.1853 -0.2968
vn 0.3888 -0.0318 0.9208
vn -0.3692 0.4353 -0.8211
vn 0.2985 0.3920 -0.8702
vn 0.2324 0.5787 -0.7818
vn -0.0502 0.8559 -0.5147
vn 0.8605 0.1311 -0.4922
vn 0.5497 0.1471 -0.8223
vn 0.8773 -0.1196 -0.4648
vn 0.1039 0.5006 0.8594
vn -0.8387 -0.0151 -0.5445
vn -0.2787 0.5396 -0.7944
vn 0.3971 0.3163 -0.8616
vn 0.5199 0.4974 -0.6944
vn -0.5519 0.8328 0.0425
vn -0.9965 0.0196 -0.0815
vn -0.7672 0.6412 0.0169
vn 0.8984 0.4320 0.0785
vn 0.6574 0.7145 -0.2396
vn 0.0183 0.8346 -0.5505
vn 0.6377 0.2630 0.7240
vn 0.7392 0.6640 -0.1127
vn 0.0833 0.9807 -0.1770
vn 0.0197 0.8125 -0.5826
vn 0.6053 0.0672 0.7932
vn -0.0761 0.8431 -0.5324
vn -0.5527 0.6151 0.5623
vn -0.1903 0.9123 0.3625
vn -0.1174 -0.9168 0.3816
vn -0.8083 -0.4551 0.3736
vn -0.7259 0.5717 0.3825
vn 0.4120 0.7534 0.5125
vn -0.0670 -0.1906 0.9794
vn 0.0034 -0.0955 0.9954
vn -0.2783 -0.1298 0.9517
vn -0.2300 -0.0874 0.9693
vn 0.0673 -0.0172 0.9976
vn -0.0600 -0.0157 0.9981
vn 0.4343 0.0442 0.8997
vn 0.0324 0.0649 0.9974
vn 0.1759 0.1547 0.9722
vn -0.0386 0.0111 0.9992
vn -0.1972 -0.0880 0.9764
vn 0.0445 0.0076 0.9990
vn -0.1386 0.1578 0.9777
vn -0.1373 -0.1787 0.9743
vn 0.1321 -0.2219 0.9661
vn 0.2274 0.2992 0.9267
vn -0.3439 -0.3750 0.8609
vn -0.0028 -0.0136 0.9999
vn -0.4121 -0.0757 0.9080
vn -0.3665 -0.1191 0.9228
vn 0.4500 0.0139 0.8929
vn -0.1851 0.0278 0.9823
vn -0.1010 -0.2272 0.9686
vn -0.2898 -0.2071 0.9344
vn 0.0532 -0.0128 0.9985
vn -0.3092 0.0747 0.9481
vn -0.0178 -0.9803 -0.1967
vn 0.1957 -0.9800 -0.0364
vn -0.3537 -0.0295 0.9349
vn -0.9263 -0.2359 0.2937
vn 0.1686 -0.8899 0.4238
vn 0.6950 0.4011 -0.5967
vn -0.8312 0.1842 -0.5246
vn 0.8357 0.3073 -0.4551
vn -0.8118 0.1426 -0.5663
vn -0.9140 -0.0337 -0.4043
vn 0.9751 0.0563 -0.2146
vn 0.7188 -0.6945 0.0329
vn -0.6651 -0.7316 0.1500
vn -0.8149 -0.0810 0.5739
vn 0.8779 0.2537 0.4062
vn -0.7932 0.2242 0.5662
vn 0.8813 0.2178 0.4194
vn -0.7912 0.4269 0.4379
vn 0.7727 0.4643 0.4328
vn -0.0333 -0.8709 0.4903
vn -0.3632 0.7532 0.5485
vn -0.2674 -0.0927 0.9591
vn -0.2597 0.4014 0.8783
vn -0.0335 -0.8709 0.4904
vn -0.3675 0.7028 0.6091
vn -0.7613 0.2302 0.6062
vn 0.4268 0.0736 0.9013
vn 0.2494 0.8948 0.3704
vn -0.4131 -0.6084 0.6776
vn 0.3124 -0.8985 0.3085
vn -0.7713 -0.2430 0.5883
vn 0.8438 -0.0217 0.5362
vn -0.9616 0.0746 0.2643
vn 0.9232 0.0534 0.3806
vn 0.7897 0.2788 0.5464
vn -0.9531 0.2419 0.1821
vn 0.8746 0.3941 0.2825
vn 0.9707 0.2357 -0.0458
vn -0.9941 0.0571 0.0919
vn -0.1536 -0.1234 0.9804
vn -0.0228 -0.2511 0.9677
vn -0.9483 0.2599 0.1819
vn 0.9215 0.2638 -0.2851
vn 0.5372 0.3968 0.7443
vn -0.1874 0.3232 0.9276
vn -0.3512 0.8911 0.2875
vn -0.6098 0.6144 -0.5008
vn 0.1966 0.9798 0.0358
vn 0.5898 0.7892 0.1714
vn -0.7718 0.2984 -0.5615
vn 0.1447 0.6337 0.7599
vn -0.7652 0.3289 -0.5534
vn -0.0703 0.3131 0.9471
vn -0.8492 -0.1000 -0.5185
vn -0.0347 0.3146 0.9486
vn -0.8808 -0.0115 -0.4734
vn 0.8843 0.2895 -0.3664
vn -0.6728 0.7394 0.0255
vn 0.5665 0.7928 -0.2246
vn 0.6896 0.6682 0.2790
vn 0.3499 0.9198 0.1777
vn -0.4009 0.8087 0.4305
vn 0.1227 0.3739 0.9193
vn -0.5217 0.2402 0.8186
vn 0.5972 0.3077 0.7407
vn 0.0446 0.8952 -0.4433
vn -0.1045 0.9945 -0.0084
vn -0.3378 0.7948 -0.5041
vn -0.9730 -0.0190 -0.2299
vn 0.4481 0.7212 -0.5283
vn 0.1711 0.9688 -0.1791
vn -0.0634 0.9966 -0.0535
vn -0.6281 0.2447 0.7386
vn 0.4741 0.8804 -0.0071
vn 0.2102 0.9568 0.2008
vn 0.0077 0.9999 -0.0073
vn -0.3338 -0.1168 0.9354
vn 0.0659 -0.5065 0.8597
vn -0.6887 0.5487 0.4739
vn 0.5592 0.5351 0.6332
vn -0.3192 0.0080 0.9477
vn 0.1625 0.1070 0.9809
vn -0.3074 -0.4051 0.8611
vn 0.4994 -0.7749 0.3875
vn 0.5175 -0.0644 0.8533
vn -0.5545 -0.8319 0.0219
vn 0.7359 0.1066 0.6686
vn -0.8442 0.2176 0.4899
vn -0.4456 -0.3405 0.8279
vn 0.4439 -0.1806 0.8777
vn -0.8643 0.0518 0.5002
vn -0.2952 -0.9231 0.2465
vn -0.9805 0.0300 -0.1942
vn 0.9887 -0.0878 0.1217
vn -0.8777 0.0011 0.4792
vn -0.2598 0.4017 0.8781
vn -0.3633 0.7532 0.5484
vn -0.0329 -0.8709 0.4904
vn -0.3597 0.9302 -0.0735
vn 0.6452 -0.4525 0.6156
vn 0.3554 -0.6949 0.6251
vn -0.5648 -0.8065 0.1746
vn 0.1809 -0.9527 0.2441
vn 0.0787 -0.2857 0.9551
vn 0.0174 -0.1274 0.9917
vn -0.5006 0.1265 0.8564
vn 0.0232 0.0635 0.9977
vn 0.0058 -0.0095 0.9999
vn 0.0586 0.0444 0.9973
vn -0.0474 -0.2305 0.9719
vn -0.7564 0.0279 0.6535
vn 0.0973 0.1941 0.9761
vn -0.2546 0.0885 0.9630
vn 0.7936 0.1418 0.5916
vn -0.0003 -0.0850 0.9964
vn -0.0211 -0.0708 0.9973
vn -0.2373 0.2410 0.9411
vn 0.0163 -0.0893 0.9959
vn 0.2773 0.0585 0.9590
vn -0.0409 -0.2130 0.9762
vn 0.0436 0.0957 0.9945
vn -0.7099 0.1347 0.6913
vn 0.0011 0.0471 0.9989
vn -0.2011 -0.2409 0.9495
vn -0.0911 -0.0647 0.9937
vn -0.0184 0.0971 0.9951
vn 0.0975 -0.0800 0.9920
vn -0.0193 -0.3133 0.9495
vn -0.0501 0.0323 0.9982
vn 0.0874 0.1433 0.9858
vn 0.7976 0.4091 0.4432
vn -0.0356 0.0804 0.9961
vn 0.0376 0.1245 0.9915
vn -0.0032 0.0299 0.9995
vn -0.0140 -0.0223 0.9997
vn -0.0307 -0.0563 0.9979
vn 0.2348 0.2503 0.9393
vn -0.0559 -0.0705 0.9959
vn 0.1107 0.2049 0.9725
vn 0.0617 0.0623 0.9962
vn -0.0777 0.0929 0.9926
vn 0.0229 0.0146 0.9996
vn 0.1001 0.2525 0.9624
vn -0.0058 0.0912 0.9958
vn -0.0212 0.1344 0.9907
vn 0.1626 -0.1126 0.9802
vn 0.3581 0.3768 0.8543
vn 0.0688 0.0754 0.9948
vn -0.3921 0.5211 0.7581
vn 0.0895 -0.0101 0.9959
vn -0.0681 0.2124 0.9748
vn 0.0734 0.0788 0.9942
vn -0.3730 0.0711 0.9251
vn -0.1256 -0.1845 0.9748
vn -0.0125 0.0169 0.9998
vn -0.5494 0.5460 0.6325
vn 0.0020 0.1417 0.9899
vn 0.0124 0.0308 0.9994
vn 0.0961 0.0864 0.9916
vn 0.1718 0.1984 0.9650
vn 0.1040 -0.1562 0.9822
vn 0.3313 0.4278 0.8409
vn 0.0038 0.1219 0.9925
vn -0.2068 0.2737 0.9393
vn -0.0061 0.3114 0.9502
vn -0.0284 0.1587 0.9869
vn -0.0382 0.7277 0.6848
vn -0.5543 0.4540 0.6976
vn 0.0157 0.3803 0.9247
vn 0.1891 0.5609 0.8060
vn 0.2688 0.7248 0.6343
vn 0.0706 0.1826 0.9807
vn -0.1647 0.2976 0.9404
vn 0.0943 -0.0714 0.9930
vn 0.1757 0.6200 0.7647
vn 0.1233 0.8678 0.4814
vn 0.0070 0.1532 0.9882
vn -0.2768 0.8622 0.4243
vn 0.0133 0.0373 0.9992
vn 0.6434 0.7153 0.2728
vn -0.5906 -0.7002 -0.4011
vn 0.5499 0.1468 -0.8222
vn 0.2322 0.5786 -0.7818
vn 0.9333 0.0891 0.3479
vn 0.8661 0.4969 0.0543
vn -0.5232 0.8425 0.1282
vn 0.5063 0.8389 0.1999
vn -0.6908 0.5956 0.4100
vn 0.1705 0.4444 0.8794
vn -0.0496 0.2081 0.9769
vn 0.5797 0.2388 0.7791
vn -0.1336 0.8138 0.5656
vn -0.1167 0.9864 0.1155
vn -0.0018 0.9958 -0.0914
vn -0.1750 0.8993 0.4009
vn -0.0532 0.9986 0.0068
vn 0.0936 0.9950 0.0346
vn -0.3573 0.2662 0.8952
vn 0.3567 0.2155 0.9090
vn 0.0365 -0.5077 0.8608
vn -0.3844 -0.6889 0.6145
vn -0.0499 -0.7515 0.6579
vn 0.7520 -0.2214 0.6209
vn 0.3619 0.1205 0.9244
vn 0.1457 0.3058 0.9409
vn 0.0106 0.6220 0.7829
vn -0.0058 -0.2481 0.9687
vn 0.2843 -0.3586 0.8892
vn -0.0995 -0.9099 0.4028
vn -0.3652 -0.1164 0.9236
vn 0.5199 -0.7877 0.3306
vn 0.6284 -0.0027 0.7779
vn 0.9751 0.1176 0.1879
vn 0.8820 0.3320 0.3344
vn 0.8554 0.0076 0.5178
vn 0.3348 0.6925 0.6390
vn -0.2004 -0.8062 0.5566
vn 0.6708 0.0850 -0.7368
vn 0.6813 0.7283 0.0737
vn 0.9171 0.1809 0.3553
vn -0.7200 0.1598 0.6753
vn -0.8849 0.0763 0.4595
vn -0.5923 0.4628 0.6596
vn 0.8688 0.2456 0.4299
vn 0.4791 0.5526 0.6820
vn 0.0812 0.7133 0.6961
vn 0.3931 0.6117 0.6865
vn -0.8430 0.4807 0.2414
vn 0.8405 0.0021 0.5418
vn 0.9218 0.3873 -0.0159
vn -0.8062 -0.0929 0.5843
vn 0.9251 -0.1431 0.3518
vn -0.9748 -0.0358 0.2204
vn -0.7478 0.6318 -0.2040
vn 0.2664 0.5581 0.7859
vn 0.3803 0.2883 0.8787
vn -0.0018 -0.2071 0.9783
vn 0.2368 0.2065 0.9494
vn -0.1646 0.1674 0.9721
vn -0.1324 0.1859 0.9736
vn 0.0987 0.1744 0.9797
vn -0.1056 -0.1877 0.9765
vn 0.4103 -0.5096 0.7563
vn -0.1854 0.1560 0.9702
vn -0.5259 0.2663 0.8078
vn -0.1210 0.1381 0.9830
vn -0.2318 0.6710 0.7043
vn 0.0528 0.0995 0.9936
vn 0.0665 -0.1920 0.9791
vn 0.0067 -0.9992 0.0384
vn -0.5428 -0.3238 0.7749
vn 0.0174 -0.7131 0.7008
vn -0.4403 -0.8587 0.2622
vn -0.9148 0.2764 0.2945
vn -0.3627 0.7299 0.5794
vn -0.3635 0.7531 0.5484
vn -0.5347 -0.6775 0.5050
vn -0.6034 0.5057 0.6166
vn -0.9800 0.1989 0.0021
vn 0.6174 -0.6419 0.4547
vn -0.6515 0.3021 -0.6959
vn 0.0941 -0.9675 -0.2347
vn -0.7438 0.1278 0.6560
vn 0.1277 0.1044 0.9863
vn -0.5922 -0.4277 0.6830
vn 0.6540 -0.6048 0.4545
vn -0.4931 0.1966 0.8475
vn 0.6053 0.0411 0.7949
vn -0.2788 0.7022 0.6552
vn -0.1083 0.8477 0.5192
vn 0.0318 0.0138 0.9994
vn 0.7276 0.1900 0.6591
vn 0.6909 0.2711 0.6702
vn -0.8222 -0.0590 0.5661
vn 0.6065 0.0066 0.7950
vn 0.3804 0.3227 0.8667
vn 0.4087 0.6944 0.5922
vn 0.0932 0.7631 0.6395
vn -0.0153 -0.7028 0.7112
vn -0.4838 -0.1704 0.8584
vn -0.5447 0.2584 0.7978
vn 0.6530 0.3561 0.6685
vn 0.0293 0.3433 0.9388
vn 0.1778 -0.9127 0.3678
vn -0.0040 -0.3419 0.9397
vn 0.3623 -0.6467 0.6712
vn -0.2377 -0.6255 0.7432
vn 0.2241 -0.0214 0.9743
vn -0.2675 -0.5343 0.8019
vn 0.2182 -0.2717 0.9373
vn -0.2247 -0.2883 0.9308
vn -0.4954 -0.6121 0.6164
vn -0.5535 0.1623 0.8169
vn 0.7282 0.2722 0.6290
vn -0.4339 -0.2440 -0.8673
vn 0.6773 0.1368 0.7229
vn 0.3600 0.2422 0.9010
vn -0.3819 0.5682 0.7289
vn -0.4344 0.2085 0.8763
vn -0.5148 0.3980 0.7593
vn 0.6607 0.3647 0.6561
vn -0.0335 0.8256 0.5633
vn -0.2879 0.6544 0.6992
vn -0.0797 -0.2815 0.9562
vn 0.4287 -0.3486 0.8335
vn 0.4655 0.1210 0.8767
vn 0.3836 -0.6921 0.6114
vn -0.0362 -0.0569 0.9977
vn 0.0072 -0.1691 0.9856
vn -0.1201 -0.2913 0.9491
vn 0.0783 -0.2215 0.9720
vn 0.7390 0.0448 0.6723
vn -0.5185 -0.5209 0.6781
vn -0.2444 -0.4755 0.8451
vn 0.6090 0.1511 0.7786
vn 0.7460 -0.0278 0.6654
vn -0.3822 -0.1180 0.9165
vn -0.5254 0.0904 0.8461
vn -0.3188 0.4881 0.8125
vn -0.5261 0.0544 0.8487
vn 0.1064 0.6706 0.7342
vn -0.4159 0.4124 0.8105
vn -0.1298 0.5168 0.8462
vn 0.2438 0.5724 0.7829
vn 0.0824 0.6109 0.7874
vn 0.0098 -0.3001 0.9539
vn 0.4090 0.0477 0.9113
vn 0.0074 -0.5784 0.8157
vn 0.7167 -0.6898 -0.1028
vn 0.3928 -0.4696 0.7907
vn 0.5061 -0.4524 0.7343
vn -0.3157 0.4618 0.8289
vn -0.6981 -0.1682 0.6959
vn 0.6927 0.0708 0.7178
vn 0.5217 0.0142 0.8530
vn -0.3591 0.1256 0.9248
vn 0.9104 -0.2910 0.2940
vn 0.4462 0.1266 0.8859
vn -0.1732 0.3141 0.9334
vn 0.5056 0.0132 0.8627
vn -0.4555 0.0292 0.8898
vn 0.0348 0.1794 0.9832
vn 0.2511 -0.2020 0.9466
vn -0.5599 -0.0068 0.8285
vn 0.1840 -0.8079 0.5599
vn -0.2740 0.5515 0.7879
vn 0.4129 0.2276 0.8819
vn -0.7098 -0.0224 0.7040
vn -0.1043 -0.2050 0.9732
vn 0.6486 0.3642 0.6683
vn -0.1873 0.9268 0.3255
vn 0.3467 0.8732 0.3425
vn -0.3696 -0.6361 0.6773
vn -0.0400 -0.8552 0.5167
vn 0.2512 -0.8808 0.4014
vn -0.3570 -0.8979 0.2576
vn -0.7227 -0.0443 0.6897
vn -0.5693 -0.5437 0.6167
vn 0.4179 -0.2573 0.8713
vn 0.1401 0.3097 0.9405
vn 0.4227 0.2776 0.8627
vn 0.0994 -0.3789 0.9201
vn 0.4162 -0.0405 0.9084
vn -0.4461 -0.2635 0.8553
vn -0.0363 -0.0143 0.9992
vn 0.4102 -0.2019 0.8894
vn -0.2443 -0.1412 0.9594
vn -0.4701 0.1549 0.8689
vn 0.3572 -0.1297 0.9250
vn 0.5274 -0.1741 0.8316
vn 0.2257 -0.0603 0.9723
vn -0.4298 -0.1613 0.8884
vn -0.5100 -0.1771 0.8417
vn -0.5419 -0.0276 0.8400
vn -0.3034 -0.2544 0.9183
vn -0.0149 -0.7190 0.6949
vn 0.2032 -0.4908 0.8472
vn -0.8349 -0.3948 0.3835
vn 0.7203 -0.4313 0.5433
vn -0.2785 0.3051 0.9107
vn 0.3615 0.2635 0.8944
vn -0.0418 0.2680 0.9625
vn -0.0534 -0.2728 0.9606
vn -0.2842 -0.1430 0.9480
vn 0.3935 -0.0024 0.9193
vn 0.7413 -0.5671 0.3589
vn 0.2701 -0.0505 0.9615
vn 0.2204 0.3296 0.9180
vn -0.4601 -0.4995 0.7340
vn 0.5530 -0.3702 0.7464
vn -0.2877 0.2618 0.9212
vn 0.1579 -0.1024 0.9821
vn 0.1342 0.0717 0.9884
vn 0.1545 0.0813 0.9846
vn -0.1123 -0.6393 0.7607
vn -0.2045 -0.0927 0.9745
vn 0.1760 0.0451 0.9834
vn -0.0763 0.3085 0.9482
vn 0.2358 0.2808 0.9304
vn 0.0380 0.3183 0.9472
vn 0.0169 0.3319 0.9432
vn 0.0230 -0.1270 0.9916
vn 0.0005 -0.0944 0.9955
vn 0.0156 -0.1387 0.9902
vn 0.0976 -0.2321 0.9678
vn -0.1561 0.0175 0.9876
vn -0.0959 0.0238 0.9951
vn -0.0832 -0.1557 0.9843
vn -0.0969 -0.9945 0.0409
vn 0.6580 -0.6792 0.3251
vn -0.6479 -0.6329 0.4238
vn -0.0729 0.1028 0.9920
vn -0.1531 -0.4159 0.8964
vn 0.3770 -0.0520 0.9247
vn 0.1611 0.2550 0.9534
vn -0.3886 -0.0180 0.9212
vn -0.2648 0.2752 0.9242
vn -0.0248 -0.1007 0.9946
vn -0.0886 -0.2087 0.9740
vn -0.1431 0.0863 0.9859
vn 0.1015 -0.0568 0.9932
vn 0.0331 0.0392 0.9987
vn 0.1234 0.0536 0.9909
vn 0.1507 -0.0465 0.9875
vn 0.1276 -0.0343 0.9912
vn -0.0190 -0.1724 0.9848
vn 0.3145 -0.6599 0.6824
vn -0.1381 -0.7766 0.6147
vn -0.1378 0.0736 0.9877
vn -0.0406 -0.0126 0.9991
vn -0.1792 0.1036 0.9783
vn 0.0572 0.1071 0.9926
vn 0.0315 0.1329 0.9906
vn 0.1721 0.0762 0.9821
vn -0.0049 -0.0223 0.9997
vn 0.0475 0.0179 0.9987
vn 0.0397 0.0939 0.9948
vn 0.0487 -0.3935 0.9180
vn 0.0088 -0.3593 0.9332
vn -0.0241 0.0758 0.9968
vn -0.2696 -0.7973 0.5399
vn 0.0783 -0.9381 0.3375
vn 0.2171 -0.7152 0.6644
vn -0.1143 -0.9158 0.3850
vn -0.0631 -0.6510 0.7564
vn -0.3083 -0.1461 0.9400
vn 0.2572 0.1293 0.9577
vn 0.3754 -0.2563 0.8907
vn -0.1253 0.2619 0.9569
vn 0.0046 -0.0671 0.9977
vn -0.1965 -0.2775 0.9404
vn 0.0984 -0.2570 0.9614
vn 0.0587 -0.0413 0.9974
vn 0.5159 -0.0939 0.8515
vn -0.5525 -0.1362 0.8223
vn 0.0543 0.0338 0.9980
vn 0.0512 -0.8301 0.5552
vn -0.0999 -0.5177 0.8497
vn 0.2005 -0.5664 0.7994
vn -0.1635 0.0116 0.9865
vn -0.0924 -0.0513 0.9944
vn 0.0418 0.0586 0.9974
vn 0.0353 0.0484 0.9982
vn -0.1866 0.0378 0.9817
vn -0.3841 0.1190 0.9156
vt 0.662015 0.898872
vt 0.687667 0.874170
vt 0.705768 0.920362
vt 0.667929 0.880441
vt 0.696239 0.880201
vt 0.693136 0.937681
vt 0.681864 0.937660
vt 0.703149 0.929885
vt 0.669723 0.931011
vt 0.665106 0.924739
vt 0.662015 0.913635
vt 0.706736 0.903766
vt 0.676444 0.873222
vt 0.129503 0.900985
vt 0.132087 0.891508
vt 0.137508 0.901834
vt 0.653662 0.327724
vt 0.656383 0.318220
vt 0.655337 0.328232
vt 0.655463 0.298396
vt 0.656630 0.297325
vt 0.656270 0.305578
vt 0.706737 0.919703
vt 0.645163 0.318426
vt 0.628685 0.304795
vt 0.638358 0.300249
vt 0.128660 0.911438
vt 0.699825 0.686997
vt 0.698203 0.686090
vt 0.702643 0.682258
vt 0.712107 0.681042
vt 0.649749 0.331906
vt 0.639323 0.323772
vt 0.140470 0.889002
vt 0.663091 0.312278
vt 0.666569 0.308873
vt 0.705993 0.673302
vt 0.718118 0.676362
vt 0.128660 0.933764
vt 0.141114 0.912280
vt 0.134893 0.935477
vt 0.625142 0.293523
vt 0.633378 0.292268
vt 0.147431 0.898433
vt 0.696119 0.671410
vt 0.668619 0.302844
vt 0.671106 0.993909
vt 0.662015 0.992433
vt 0.671106 0.981252
vt 0.638003 0.336110
vt 0.653662 0.340863
vt 0.995335 0.414206
vt 0.998239 0.420037
vt 0.995335 0.427619
vt 0.619305 0.299755
vt 0.145139 0.905732
vt 0.668423 0.323247
vt 0.707149 0.663228
vt 0.669268 0.293851
vt 0.400336 0.179047
vt 0.403188 0.169641
vt 0.409581 0.180191
vt 0.418410 0.186576
vt 0.422701 0.163854
vt 0.426749 0.182402
vt 0.436071 0.172321
vt 0.409841 0.157379
vt 0.399701 0.159578
vt 0.721811 0.659277
vt 0.142985 0.935161
vt 0.140567 0.941881
vt 0.150342 0.886651
vt 0.397959 0.223976
vt 0.386513 0.211584
vt 0.402365 0.213530
vt 0.408577 0.215784
vt 0.421467 0.210709
vt 0.417651 0.228380
vt 0.429476 0.224751
vt 0.430395 0.217109
vt 0.405995 0.208728
vt 0.409521 0.209069
vt 0.383716 0.207661
vt 0.399039 0.202657
vt 0.405215 0.203407
vt 0.404455 0.184710
vt 0.427670 0.187554
vt 0.420555 0.205355
vt 0.386544 0.184197
vt 0.412443 0.185922
vt 0.373002 0.175748
vt 0.445452 0.176770
vt 0.417731 0.163148
vt 0.435609 0.162677
vt 0.437506 0.157294
vt 0.422959 0.121821
vt 0.416446 0.127787
vt 0.408934 0.127010
vt 0.696768 0.665451
vt 0.676485 0.303300
vt 0.617544 0.322495
vt 0.623758 0.313133
vt 0.616417 0.297300
vt 0.408923 0.231841
vt 0.377452 0.218158
vt 0.442468 0.214827
vt 0.447418 0.200580
vt 0.409927 0.205580
vt 0.377209 0.193273
vt 0.442148 0.191230
vt 0.454152 0.187777
vt 0.438433 0.152112
vt 0.391098 0.149733
vt 0.429664 0.131132
vt 0.427615 0.122209
vt 0.669062 0.332622
vt 0.675758 0.311619
vt 0.397932 0.237374
vt 0.378978 0.231415
vt 0.440526 0.227791
vt 0.378294 0.212024
vt 0.374094 0.164497
vt 0.466528 0.156099
vt 0.446173 0.133308
vt 0.400648 0.127562
vt 0.417423 0.120959
vt 0.416541 0.115694
vt 0.424479 0.092022
vt 0.427042 0.117045
vt 0.406121 0.096224
vt 0.400352 0.103640
vt 0.443833 0.110729
vt 0.419513 0.091382
vt 0.445218 0.099610
vt 0.414557 0.085169
vt 0.427298 0.086821
vt 0.618622 0.340813
vt 0.614302 0.303744
vt 0.416166 0.239651
vt 0.444370 0.221950
vt 0.395157 0.117828
vt 0.395660 0.114077
vt 0.428274 0.080159
vt 0.435842 0.082610
vt 0.413259 0.079652
vt 0.422334 0.080994
vt 0.423515 0.050997
vt 0.435787 0.047632
vt 0.442558 0.066978
vt 0.413924 0.034778
vt 0.427900 0.025395
vt 0.674518 0.325527
vt 0.156178 0.934324
vt 0.153021 0.919704
vt 0.151688 0.903057
vt 0.434923 0.243919
vt 0.368306 0.183482
vt 0.456458 0.194729
vt 0.453494 0.125305
vt 0.468099 0.102028
vt 0.436599 0.087811
vt 0.448881 0.082530
vt 0.433079 0.042346
vt 0.457809 0.053580
vt 0.473408 0.047441
vt 0.683874 0.292268
vt 0.614380 0.311467
vt 0.605546 0.302853
vt 0.408267 0.237107
vt 0.370981 0.230253
vt 0.446107 0.235174
vt 0.885353 0.236637
vt 0.885353 0.215479
vt 0.886780 0.221104
vt 0.463027 0.207121
vt 0.467339 0.187430
vt 0.361137 0.175463
vt 0.471118 0.183144
vt 0.381798 0.077674
vt 0.391433 0.080839
vt 0.390586 0.059981
vt 0.403899 0.046834
vt 0.473323 0.062380
vt 0.457427 0.029003
vt 0.432548 0.026125
vt 0.689127 0.668968
vt 0.153789 0.912293
vt 0.162209 0.890040
vt 0.377913 0.240109
vt 0.393993 0.257099
vt 0.359000 0.167317
vt 0.364611 0.146780
vt 0.371673 0.143966
vt 0.455829 0.115482
vt 0.453456 0.088251
vt 0.442973 0.027232
vt 0.440525 0.023167
vt 0.709947 0.642971
vt 0.162055 0.904362
vt 0.434845 0.247427
vt 0.408116 0.286024
vt 0.360563 0.182091
vt 0.470487 0.124243
vt 0.374114 0.112020
vt 0.400661 0.022022
vt 0.426839 0.021630
vt 0.739519 0.995593
vt 0.742002 0.992155
vt 0.742002 0.999301
vt 0.451316 0.024775
vt 0.424363 0.015916
vt 0.428868 0.016625
vt 0.442389 0.019700
vt 0.435583 0.022311
vt 0.451988 0.019299
vt 0.444814 0.014061
vt 0.386414 0.382680
vt 0.385975 0.349175
vt 0.399944 0.349330
vt 0.396146 0.392444
vt 0.392509 0.284183
vt 0.377265 0.248045
vt 0.441038 0.249535
vt 0.366833 0.238488
vt 0.359248 0.192394
vt 0.468177 0.197566
vt 0.474650 0.168793
vt 0.385487 0.049608
vt 0.401133 0.018366
vt 0.413345 0.014405
vt 0.436623 0.013124
vt 0.451414 0.011732
vt 0.692661 0.321298
vt 0.690955 0.309540
vt 0.701927 0.643758
vt 0.693699 0.646998
vt 0.689952 0.297007
vt 0.162105 0.911967
vt 0.166993 0.917885
vt 0.607859 0.309309
vt 0.380006 0.356721
vt 0.355985 0.153823
vt 0.474942 0.087636
vt 0.467170 0.030318
vt 0.470711 0.025171
vt 0.417700 0.007532
vt 0.457266 0.015637
vt 0.425315 0.006072
vt 0.688419 0.647550
vt 0.369014 0.532978
vt 0.379758 0.537904
vt 0.362346 0.534206
vt 0.372319 0.419680
vt 0.388934 0.425156
vt 0.369974 0.476697
vt 0.385782 0.274587
vt 0.358579 0.227236
vt 0.467880 0.206166
vt 0.346672 0.173532
vt 0.350487 0.162928
vt 0.478261 0.154149
vt 0.375825 0.033464
vt 0.416853 0.000000
vt 0.447187 0.008799
vt 0.606008 0.318483
vt 0.379506 0.535793
vt 0.367576 0.520084
vt 0.382814 0.473197
vt 0.388945 0.473914
vt 0.404238 0.390086
vt 0.364642 0.420335
vt 0.383019 0.286411
vt 0.195004 0.923057
vt 0.187482 0.940463
vt 0.188991 0.898115
vt 0.459568 0.236723
vt 0.489918 0.167105
vt 0.357541 0.138805
vt 0.405051 0.001892
vt 0.687341 0.332622
vt 0.692661 0.333415
vt 0.687341 0.341108
vt 0.165064 0.910592
vt 0.998252 0.348928
vt 0.995335 0.355967
vt 0.995335 0.341421
vt 0.163122 0.902717
vt 0.383333 0.542542
vt 0.452616 0.249097
vt 0.661521 0.737783
vt 0.662015 0.747364
vt 0.654668 0.741488
vt 0.692661 0.336992
vt 0.707811 0.327168
vt 0.697603 0.340624
vt 0.489771 0.191610
vt 0.514689 0.874956
vt 0.520601 0.866616
vt 0.523565 0.887577
vt 0.540831 0.876601
vt 0.532084 0.862755
vt 0.509673 0.868904
vt 0.692661 0.302446
vt 0.378340 0.266430
vt 0.232261 0.996600
vt 0.232261 0.979582
vt 0.239547 0.990899
vt 0.659763 0.759636
vt 0.695009 0.330316
vt 0.913057 0.900210
vt 0.904175 0.902845
vt 0.905645 0.891908
vt 0.494476 0.080099
vt 0.486802 0.036103
vt 0.057334 0.695535
vt 0.070035 0.692863
vt 0.062599 0.715984
vt 0.066367 0.689787
vt 0.289597 0.674459
vt 0.276118 0.684539
vt 0.274004 0.667638
vt 0.275023 0.660907
vt 0.822551 0.978073
vt 0.818276 0.984910
vt 0.821778 0.969013
vt 0.526434 0.912822
vt 0.531986 0.911385
vt 0.530541 0.916686
vt 0.817518 0.971964
vt 0.822551 0.960279
vt 0.285620 0.663362
vt 0.278242 0.656514
vt 0.283496 0.651720
vt 0.518230 0.908730
vt 0.509326 0.891739
vt 0.545099 0.869940
vt 0.162575 0.934814
vt 0.605546 0.336972
vt 0.318954 0.948502
vt 0.311235 0.943649
vt 0.318954 0.896296
vt 0.358153 0.471597
vt 0.401158 0.431649
vt 0.413911 0.360914
vt 0.373492 0.344104
vt 0.424169 0.275784
vt 0.418752 0.290826
vt 0.655735 0.903119
vt 0.650466 0.929528
vt 0.647456 0.918616
vt 0.199483 0.888367
vt 0.659420 0.778329
vt 0.561830 0.890549
vt 0.563359 0.881696
vt 0.573231 0.896307
vt 0.890962 0.889571
vt 0.356995 0.114969
vt 0.363759 0.063500
vt 0.388868 0.016922
vt 0.282119 0.695077
vt 0.508669 0.907484
vt 0.550898 0.904910
vt 0.548946 0.881072
vt 0.499057 0.879257
vt 0.546183 0.861835
vt 0.508989 0.857681
vt 0.352790 0.545278
vt 0.820208 0.139096
vt 0.810978 0.133164
vt 0.829969 0.076473
vt 0.650851 0.779927
vt 0.488346 0.047677
vt 0.480342 0.028662
vt 0.501493 0.864558
vt 0.518186 0.852298
vt 0.535934 0.852142
vt 0.691199 0.706854
vt 0.692183 0.701057
vt 0.699854 0.707266
vt 0.457870 0.997321
vt 0.453170 0.988830
vt 0.457870 0.986208
vt 0.393585 0.503140
vt 0.388711 0.542755
vt 0.409751 0.385661
vt 0.360713 0.411375
vt 0.823635 0.013988
vt 0.814371 0.008577
vt 0.826554 0.002412
vt 0.271614 0.776851
vt 0.270739 0.770446
vt 0.278249 0.794194
vt 0.485082 0.193857
vt 0.047673 0.637927
vt 0.051528 0.628978
vt 0.054101 0.643482
vt 0.697033 0.633809
vt 0.688419 0.715469
vt 0.705093 0.632682
vt 0.405490 0.432158
vt 0.796414 0.411298
vt 0.796496 0.443525
vt 0.789955 0.440029
vt 0.814150 0.077760
vt 0.822328 0.068692
vt 0.238181 0.974656
vt 0.238493 0.979582
vt 0.235111 0.977470
vt 0.785253 0.933866
vt 0.777103 0.931575
vt 0.782703 0.926662
vt 0.242174 0.970131
vt 0.233969 0.969997
vt 0.236558 0.954703
vt 0.779708 0.916691
vt 0.639398 0.925605
vt 0.364952 0.254583
vt 0.205817 0.903786
vt 0.652450 0.889280
vt 0.642797 0.901201
vt 0.635470 0.880321
vt 0.648689 0.875441
vt 0.640214 0.870824
vt 0.579774 0.899810
vt 0.919146 0.921265
vt 0.495665 0.122312
vt 0.048082 0.680697
vt 0.055537 0.674500
vt 0.561830 0.904381
vt 0.494286 0.908742
vt 0.553386 0.862955
vt 0.542461 0.853858
vt 0.701172 0.728908
vt 0.696414 0.724908
vt 0.704196 0.717429
vt 0.710855 0.719255
vt 0.710855 0.686997
vt 0.399257 0.470025
vt 0.812463 0.186614
vt 0.796757 0.395407
vt 0.795580 0.345744
vt 0.808113 0.348752
vt 0.784602 0.937360
vt 0.778388 0.938033
vt 0.243815 0.979520
vt 0.245511 0.972314
vt 0.786291 0.927122
vt 0.232261 0.953436
vt 0.328709 0.990899
vt 0.319139 0.978274
vt 0.328709 0.976277
vt 0.199143 0.877953
vt 0.286273 0.777185
vt 0.565869 0.906511
vt 0.701203 0.319867
vt 0.493902 0.185946
vt 0.347584 0.154035
vt 0.045132 0.703215
vt 0.279611 0.704614
vt 0.270739 0.684914
vt 0.292946 0.673493
vt 0.046032 0.619426
vt 0.052433 0.619890
vt 0.522789 0.847053
vt 0.716185 0.621021
vt 0.721811 0.630795
vt 0.460231 0.862793
vt 0.464009 0.861733
vt 0.461034 0.864948
vt 0.468919 0.863162
vt 0.421340 0.867889
vt 0.424694 0.863696
vt 0.427343 0.867096
vt 0.427279 0.864939
vt 0.416500 0.865572
vt 0.967096 0.141018
vt 0.972143 0.143461
vt 0.966771 0.144614
vt 0.070035 0.960967
vt 0.071411 0.954568
vt 0.071088 0.964377
vt 0.903261 0.627526
vt 0.906605 0.623366
vt 0.906029 0.629046
vt 0.970090 0.297191
vt 0.962247 0.269659
vt 0.970646 0.289659
vt 0.773857 0.937973
vt 0.967622 0.273224
vt 0.242853 0.958646
vt 0.774172 0.910909
vt 0.034676 0.991178
vt 0.034676 0.999384
vt 0.033198 0.993734
vt 0.777305 0.853178
vt 0.211464 0.882106
vt 0.300660 0.900002
vt 0.308098 0.897395
vt 0.300631 0.910352
vt 0.307250 0.905432
vt 0.642561 0.767759
vt 0.919926 0.910297
vt 0.497185 0.152628
vt 0.047312 0.673647
vt 0.058780 0.666622
vt 0.494286 0.886088
vt 0.558928 0.875496
vt 0.291783 0.633716
vt 0.296907 0.626822
vt 0.295537 0.641078
vt 0.513324 0.849819
vt 0.296831 0.620454
vt 0.302721 0.615843
vt 0.819621 0.253206
vt 0.807394 0.258643
vt 0.809567 0.247273
vt 0.792081 0.515622
vt 0.794693 0.489090
vt 0.800779 0.493670
vt 0.800272 0.468098
vt 0.456651 0.907868
vt 0.470289 0.891874
vt 0.462697 0.906141
vt 0.430820 0.909824
vt 0.420941 0.888892
vt 0.442897 0.922333
vt 0.423375 0.908206
vt 0.466456 0.886935
vt 0.409175 0.867238
vt 0.477055 0.863722
vt 0.193855 0.998586
vt 0.191675 0.997971
vt 0.193615 0.995472
vt 0.892775 0.988593
vt 0.896778 0.993087
vt 0.892775 0.996686
vt 0.972839 0.750357
vt 0.969069 0.751223
vt 0.971475 0.746724
vt 0.403479 0.865319
vt 0.895635 0.967035
vt 0.892855 0.971386
vt 0.892836 0.968302
vt 0.466670 0.853117
vt 0.901386 0.971860
vt 0.480917 0.850720
vt 0.483844 0.862065
vt 0.997856 0.927946
vt 0.999344 0.922378
vt 0.999344 0.931111
vt 0.407457 0.854485
vt 0.422652 0.856993
vt 0.643712 0.980845
vt 0.648560 0.978453
vt 0.657793 0.980845
vt 0.462613 0.849207
vt 0.465164 0.846800
vt 0.480429 0.844274
vt 0.484038 0.844489
vt 0.424138 0.850018
vt 0.481599 0.839807
vt 0.806298 0.394152
vt 0.453206 0.783726
vt 0.452309 0.753886
vt 0.459003 0.767825
vt 0.424596 0.834842
vt 0.431520 0.749487
vt 0.436929 0.744017
vt 0.806402 0.013620
vt 0.778821 0.940972
vt 0.074425 0.964764
vt 0.657944 0.869515
vt 0.654019 0.861670
vt 0.662015 0.863682
vt 0.786266 0.907657
vt 0.786107 0.851592
vt 0.768909 0.856991
vt 0.301205 0.972703
vt 0.311235 0.978926
vt 0.780165 0.848529
vt 0.781395 0.843083
vt 0.789806 0.850670
vt 0.210168 0.877458
vt 0.771075 0.843636
vt 0.281131 0.802214
vt 0.281940 0.794168
vt 0.286596 0.789773
vt 0.632841 0.765397
vt 0.642550 0.746683
vt 0.274699 0.742633
vt 0.274256 0.713383
vt 0.290201 0.732746
vt 0.048795 0.652032
vt 0.046892 0.611515
vt 0.532406 0.847258
vt 0.843311 0.602169
vt 0.831834 0.587458
vt 0.853756 0.594332
vt 0.853756 0.577424
vt 0.836502 0.578739
vt 0.795951 0.247569
vt 0.443266 0.924663
vt 0.435275 0.918973
vt 0.444840 0.918748
vt 0.446960 0.920981
vt 0.472935 0.893354
vt 0.416704 0.901853
vt 0.409941 0.880908
vt 0.426933 0.890500
vt 0.477121 0.880506
vt 0.464923 0.866816
vt 0.038333 0.980353
vt 0.034695 0.979462
vt 0.041634 0.978840
vt 0.042182 0.981543
vt 0.729150 0.996871
vt 0.727113 0.997475
vt 0.727113 0.993357
vt 0.485472 0.861034
vt 0.961947 0.749171
vt 0.959785 0.747053
vt 0.268341 0.975065
vt 0.268341 0.963521
vt 0.270700 0.970638
vt 0.464820 0.854927
vt 0.401632 0.864268
vt 0.405291 0.852980
vt 0.643378 0.978398
vt 0.403193 0.846537
vt 0.405619 0.845062
vt 0.464893 0.831559
vt 0.469161 0.827072
vt 0.952441 0.504041
vt 0.954669 0.520389
vt 0.952441 0.522369
vt 0.414814 0.831266
vt 0.422214 0.830036
vt 0.414993 0.828013
vt 0.462070 0.836218
vt 0.421741 0.801889
vt 0.439595 0.751890
vt 0.456670 0.742536
vt 0.447851 0.733610
vt 0.445354 0.733968
vt 0.435928 0.733411
vt 0.440859 0.735944
vt 0.076104 0.967266
vt 0.072545 0.970335
vt 0.076565 0.961450
vt 0.964820 0.300122
vt 0.964143 0.294761
vt 0.969662 0.135755
vt 0.975576 0.136419
vt 0.271411 0.894544
vt 0.270739 0.888098
vt 0.276387 0.892186
vt 0.655989 0.843485
vt 0.217517 0.923979
vt 0.296126 0.910366
vt 0.311235 0.896296
vt 0.768909 0.832936
vt 0.693793 0.318307
vt 0.704262 0.316313
vt 0.346672 0.106766
vt 0.845368 0.608340
vt 0.843404 0.613218
vt 0.696063 0.623594
vt 0.444389 0.921830
vt 0.440908 0.924968
vt 0.444389 0.921230
vt 0.458555 0.913668
vt 0.456430 0.977051
vt 0.452884 0.984943
vt 0.457870 0.961068
vt 0.455082 0.965352
vt 0.643378 0.973096
vt 0.639665 0.946540
vt 0.643378 0.934905
vt 0.710854 0.709580
vt 0.712617 0.695451
vt 0.714637 0.716057
vt 0.454618 0.951511
vt 0.456999 0.894910
vt 0.621376 0.947814
vt 0.619574 0.929528
vt 0.622288 0.931527
vt 0.368814 0.977529
vt 0.374337 0.974970
vt 0.369250 0.980212
vt 0.997087 0.957896
vt 0.998227 0.956021
vt 0.998227 0.970518
vt 0.115129 0.995605
vt 0.117328 0.993088
vt 0.120627 0.996585
vt 0.890931 0.978619
vt 0.889724 0.975471
vt 0.890931 0.964197
vt 0.043517 0.980089
vt 0.815735 0.396794
vt 0.222375 0.964625
vt 0.217602 0.953205
vt 0.220351 0.947781
vt 0.444389 0.746426
vt 0.430875 0.741410
vt 0.450862 0.732068
vt 0.903261 0.618355
vt 0.956440 0.277762
vt 0.440973 0.942336
vt 0.444389 0.924968
vt 0.444389 0.949373
vt 0.245511 0.937184
vt 0.629249 0.903462
vt 0.210393 0.994171
vt 0.207972 0.992617
vt 0.209901 0.990848
vt 0.578687 0.910932
vt 0.709089 0.318181
vt 0.058377 0.823460
vt 0.058882 0.794718
vt 0.070035 0.834325
vt 0.492808 0.577812
vt 0.494567 0.545278
vt 0.494567 0.601883
vt 0.060017 0.748404
vt 0.048801 0.748082
vt 0.045575 0.730369
vt 0.300719 0.647226
vt 0.294469 0.653236
vt 0.304255 0.608299
vt 0.314995 0.612195
vt 0.691270 0.637236
vt 0.689368 0.628669
vt 0.852269 0.615027
vt 0.851798 0.608397
vt 0.794916 0.255326
vt 0.712199 0.686997
vt 0.718116 0.687021
vt 0.840156 0.983923
vt 0.838829 0.971645
vt 0.841598 0.971260
vt 0.187482 0.993549
vt 0.191596 0.980041
vt 0.651769 0.992377
vt 0.648003 0.980845
vt 0.657793 0.982737
vt 0.037486 0.988963
vt 0.802935 0.138032
vt 0.680723 0.989933
vt 0.671830 0.985116
vt 0.682455 0.987592
vt 0.471916 0.824258
vt 0.970952 0.309437
vt 0.975684 0.291622
vt 0.979589 0.291392
vt 0.975054 0.203908
vt 0.972358 0.152004
vt 0.977964 0.155270
vt 0.969732 0.413756
vt 0.966873 0.440655
vt 0.970481 0.361046
vt 0.971231 0.242560
vt 0.974418 0.223045
vt 0.967494 0.353637
vt 0.977260 0.139538
vt 0.444389 0.734148
vt 0.928737 0.623777
vt 0.923199 0.624291
vt 0.922589 0.619339
vt 0.434525 0.732068
vt 0.927167 0.616766
vt 0.156337 0.999567
vt 0.154281 0.993760
vt 0.156337 0.992351
vt 0.962559 0.292839
vt 0.974277 0.132332
vt 0.651981 0.870580
vt 0.646143 0.790765
vt 0.789599 0.852536
vt 0.241623 0.877458
vt 0.272270 0.874358
vt 0.292515 0.798392
vt 0.645440 0.778409
vt 0.635435 0.774771
vt 0.569753 0.931506
vt 0.589571 0.909992
vt 0.585102 0.902324
vt 0.890962 0.917594
vt 0.364408 0.976330
vt 0.356405 0.996685
vt 0.356405 0.972585
vt 0.297884 0.705067
vt 0.310829 0.631142
vt 0.033293 0.602567
vt 0.046432 0.605798
vt 0.316045 0.622191
vt 0.317908 0.606166
vt 0.446509 0.976108
vt 0.796737 0.197295
vt 0.721758 0.706171
vt 0.721474 0.700005
vt 0.657793 0.993104
vt 0.115890 0.984203
vt 0.998991 0.502392
vt 0.997834 0.491684
vt 0.998991 0.490215
vt 0.793524 0.974747
vt 0.801862 0.987853
vt 0.789955 0.986876
vt 0.871850 0.999060
vt 0.866797 0.997820
vt 0.871850 0.985568
vt 0.619574 0.996779
vt 0.626612 0.986395
vt 0.625395 0.997307
vt 0.807508 0.444603
vt 0.983208 0.314471
vt 0.970646 0.314471
vt 0.672224 0.976997
vt 0.983179 0.203443
vt 0.980387 0.202508
vt 0.959487 0.459173
vt 0.970481 0.462017
vt 0.992162 0.534128
vt 0.997834 0.489231
vt 0.997834 0.534467
vt 0.993409 0.455354
vt 0.972839 0.747647
vt 0.976757 0.746724
vt 0.977648 0.758464
vt 0.973068 0.211529
vt 0.979843 0.210883
vt 0.083347 0.957768
vt 0.646737 0.864978
vt 0.084096 0.926119
vt 0.074967 0.937522
vt 0.280415 0.855488
vt 0.217375 0.903832
vt 0.954938 0.216374
vt 0.078994 0.887495
vt 0.087865 0.889348
vt 0.962874 0.210883
vt 0.639811 0.773635
vt 0.590981 0.906150
vt 0.187482 0.833871
vt 0.213555 0.843611
vt 0.245517 0.877458
vt 0.280548 0.770281
vt 0.301833 0.678645
vt 0.305762 0.661376
vt 0.040653 0.649590
vt 0.308329 0.642527
vt 0.038313 0.621932
vt 0.810352 0.514712
vt 0.116906 0.956707
vt 0.119550 0.957696
vt 0.116466 0.963840
vt 0.311235 0.996509
vt 0.311235 0.986964
vt 0.313495 0.989806
vt 0.446668 0.986208
vt 0.714004 0.729500
vt 0.722212 0.720755
vt 0.635701 0.974893
vt 0.450830 0.935614
vt 0.457870 0.932778
vt 0.370839 0.989090
vt 0.377087 0.987456
vt 0.374661 0.992195
vt 0.935905 0.981942
vt 0.935905 0.997294
vt 0.930111 0.995850
vt 0.620723 0.984821
vt 0.959402 0.462038
vt 0.961664 0.438814
vt 0.817425 0.350415
vt 0.962038 0.369159
vt 0.216773 0.894062
vt 0.210393 0.983238
vt 0.299677 0.790293
vt 0.698651 0.304737
vt 0.346672 0.939520
vt 0.346672 0.916595
vt 0.350367 0.944142
vt 0.054930 0.824063
vt 0.052166 0.790431
vt 0.354543 0.898934
vt 0.351636 0.919596
vt 0.227015 0.851218
vt 0.808989 0.522675
vt 0.114732 0.957887
vt 0.722387 0.732527
vt 0.715315 0.732184
vt 0.119550 0.964843
vt 0.996435 0.628864
vt 0.998458 0.630357
vt 0.996435 0.637681
vt 0.630793 0.981353
vt 0.623658 0.980441
vt 0.629812 0.940442
vt 0.809310 0.474618
vt 0.722387 0.691089
vt 0.832902 0.988377
vt 0.367205 0.974971
vt 0.367205 0.944142
vt 0.377087 0.947949
vt 0.346590 0.990173
vt 0.351281 0.980726
vt 0.356405 0.979911
vt 0.122761 0.983304
vt 0.122761 0.995338
vt 0.977655 0.689168
vt 0.988793 0.674923
vt 0.988235 0.688537
vt 0.979420 0.675794
vt 0.650044 0.965603
vt 0.206876 0.964625
vt 0.867574 0.985286
vt 0.211868 0.953181
vt 0.988269 0.456281
vt 0.972839 0.761231
vt 0.980050 0.140270
vt 0.959376 0.341421
vt 0.967893 0.343613
vt 0.922151 0.615393
vt 0.983550 0.135647
vt 0.924059 0.610537
vt 0.928737 0.614605
vt 0.953839 0.292254
vt 0.277146 0.896296
vt 0.285290 0.895493
vt 0.091684 0.957421
vt 0.645797 0.870824
vt 0.298026 0.802178
vt 0.282688 0.891580
vt 0.630246 0.891519
vt 0.626662 0.885441
vt 0.996435 0.595094
vt 0.998036 0.586414
vt 0.998883 0.595094
vt 0.222475 0.889120
vt 0.952127 0.215121
vt 0.312466 0.781174
vt 0.706711 0.298934
vt 0.713221 0.307212
vt 0.050323 0.832440
vt 0.501114 0.351154
vt 0.500019 0.345373
vt 0.503995 0.343401
vt 0.515681 0.354789
vt 0.603408 0.000997
vt 0.599501 0.006238
vt 0.596533 0.000000
vt 0.035717 0.628529
vt 0.035691 0.610812
vt 0.680808 0.468953
vt 0.671532 0.458712
vt 0.685315 0.461702
vt 0.715135 0.607164
vt 0.789384 0.190932
vt 0.630793 0.946792
vt 0.447772 0.944091
vt 0.631460 0.929528
vt 0.344683 0.645857
vt 0.346583 0.633199
vt 0.346583 0.663488
vt 0.630793 0.930422
vt 0.830068 0.971260
vt 0.368814 0.988785
vt 0.789955 0.974823
vt 0.912240 0.627236
vt 0.921053 0.611610
vt 0.800236 0.010482
vt 0.625713 0.925769
vt 0.567519 0.932953
vt 0.355217 0.924941
vt 0.597571 0.398706
vt 0.595445 0.391161
vt 0.602151 0.393230
vt 0.499443 0.051771
vt 0.497185 0.051670
vt 0.500892 0.042327
vt 0.504418 0.052436
vt 0.513581 0.048290
vt 0.601885 0.385464
vt 0.604461 0.393175
vt 0.354626 0.914718
vt 0.522272 0.362116
vt 0.603514 0.008284
vt 0.581199 0.018847
vt 0.045289 0.770899
vt 0.579390 0.014417
vt 0.930390 0.109680
vt 0.931353 0.105815
vt 0.933334 0.115191
vt 0.500718 0.341421
vt 0.292095 0.751658
vt 0.039557 0.693865
vt 0.035437 0.644174
vt 0.670229 0.473370
vt 0.680110 0.476575
vt 0.667534 0.487313
vt 0.672964 0.453596
vt 0.686539 0.488867
vt 0.681521 0.496353
vt 0.696278 0.450408
vt 0.693295 0.495753
vt 0.709924 0.496724
vt 0.444692 0.966567
vt 0.207049 0.965915
vt 0.210393 0.964625
vt 0.041065 0.992293
vt 0.969659 0.764357
vt 0.164851 0.954143
vt 0.166993 0.941881
vt 0.166993 0.955503
vt 0.959785 0.763080
vt 0.928992 0.981870
vt 0.434321 0.997975
vt 0.434210 0.993752
vt 0.437351 0.998306
vt 0.983550 0.163470
vt 0.958881 0.412227
vt 0.796609 0.079503
vt 0.547107 0.581146
vt 0.525735 0.522152
vt 0.549577 0.569107
vt 0.209481 0.925106
vt 0.218708 0.926986
vt 0.221855 0.909731
vt 0.524881 0.510734
vt 0.503695 0.477918
vt 0.719975 0.330695
vt 0.713333 0.330921
vt 0.722520 0.318498
vt 0.497522 0.058417
vt 0.499336 0.057898
vt 0.999467 0.510876
vt 0.997834 0.504233
vt 0.999467 0.502392
vt 0.507659 0.053223
vt 0.592051 0.390474
vt 0.596033 0.374777
vt 0.052030 0.817434
vt 0.216881 0.839737
vt 0.777616 0.243823
vt 0.782345 0.236298
vt 0.779308 0.257461
vt 0.576395 0.030766
vt 0.509748 0.344833
vt 0.938297 0.525404
vt 0.939553 0.530834
vt 0.938297 0.534329
vt 0.499761 0.353323
vt 0.497185 0.344654
vt 0.498349 0.342567
vt 0.727196 0.211884
vt 0.766761 0.234085
vt 0.745588 0.232900
vt 0.740428 0.210241
vt 0.037245 0.747117
vt 0.033432 0.735901
vt 0.216678 0.821833
vt 0.211325 0.818294
vt 0.228392 0.781094
vt 0.238175 0.782264
vt 0.724489 0.205326
vt 0.240479 0.775582
vt 0.231832 0.773133
vt 0.723527 0.199406
vt 0.032948 0.710500
vt 0.027427 0.663654
vt 0.312270 0.654119
vt 0.326417 0.628318
vt 0.671798 0.489874
vt 0.709579 0.451033
vt 0.814578 0.507259
vt 0.849909 0.824661
vt 0.848088 0.821635
vt 0.854936 0.816650
vt 0.447563 0.921830
vt 0.193855 0.981136
vt 0.034695 0.993493
vt 0.790287 0.135316
vt 0.814498 0.429514
vt 0.801471 0.975750
vt 0.644990 0.964585
vt 0.625279 0.981353
vt 0.682455 0.973679
vt 0.956704 0.456792
vt 0.003153 0.990447
vt 0.000000 0.990626
vt 0.000210 0.987984
vt 0.573075 0.651371
vt 0.578610 0.657300
vt 0.577037 0.659872
vt 0.748589 0.337551
vt 0.756520 0.331465
vt 0.749729 0.339438
vt 0.753428 0.337618
vt 0.580295 0.646735
vt 0.544540 0.310741
vt 0.538424 0.309044
vt 0.544586 0.308748
vt 0.797329 0.996754
vt 0.795720 0.998832
vt 0.794197 0.995868
vt 0.538091 0.299537
vt 0.559191 0.650002
vt 0.564707 0.640979
vt 0.563105 0.651227
vt 0.540265 0.299765
vt 0.032958 0.968940
vt 0.021205 0.970127
vt 0.023200 0.965791
vt 0.872607 0.699500
vt 0.878431 0.725633
vt 0.872959 0.729463
vt 0.515497 0.299151
vt 0.526077 0.282672
vt 0.519239 0.301111
vt 0.522490 0.306841
vt 0.539469 0.288207
vt 0.542776 0.296436
vt 0.986768 0.504298
vt 0.984812 0.238082
vt 0.913422 0.361772
vt 0.911581 0.344922
vt 0.916277 0.343856
vt 0.851064 0.633717
vt 0.855206 0.630306
vt 0.857196 0.671071
vt 0.957456 0.360368
vt 0.903822 0.342255
vt 0.907498 0.343637
vt 0.901388 0.377914
vt 0.552683 0.245809
vt 0.531835 0.265051
vt 0.575124 0.180183
vt 0.848088 0.629386
vt 0.088429 0.961177
vt 0.086682 0.961801
vt 0.564076 0.222137
vt 0.948480 0.289103
vt 0.290373 0.887882
vt 0.584152 0.177830
vt 0.518092 0.519658
vt 0.623122 0.914462
vt 0.574505 0.168566
vt 0.229597 0.901746
vt 0.529259 0.511814
vt 0.947578 0.216835
vt 0.599377 0.137696
vt 0.506596 0.470581
vt 0.593694 0.130699
vt 0.498840 0.476600
vt 0.497367 0.474089
vt 0.500645 0.471864
vt 0.602697 0.128813
vt 0.603109 0.136146
vt 0.605547 0.130860
vt 0.510305 0.463265
vt 0.594177 0.123574
vt 0.948097 0.196421
vt 0.951727 0.191270
vt 0.950511 0.199689
vt 0.729347 0.309453
vt 0.695727 0.301919
vt 0.573846 0.098946
vt 0.708909 0.297853
vt 0.591055 0.400169
vt 0.593388 0.405562
vt 0.668710 0.340259
vt 0.661568 0.340259
vt 0.666011 0.332622
vt 0.516440 0.063903
vt 0.505400 0.031425
vt 0.557034 0.388588
vt 0.559760 0.386892
vt 0.361038 0.909090
vt 0.533677 0.376506
vt 0.593141 0.350565
vt 0.041121 0.786526
vt 0.543102 0.046862
vt 0.539191 0.043266
vt 0.045584 0.779777
vt 0.776833 0.238705
vt 0.232613 0.810182
vt 0.605547 0.005865
vt 0.726973 0.220936
vt 0.936972 0.111615
vt 0.982046 0.753951
vt 0.982251 0.756151
vt 0.977655 0.755488
vt 0.932771 0.104386
vt 0.242253 0.784555
vt 0.979642 0.760527
vt 0.767569 0.221520
vt 0.224908 0.777320
vt 0.233407 0.770434
vt 0.302019 0.700315
vt 0.025565 0.622174
vt 0.894035 0.029579
vt 0.894703 0.019596
vt 0.897229 0.022694
vt 0.896184 0.019154
vt 0.918405 0.185884
vt 0.920555 0.185485
vt 0.919346 0.190395
vt 0.588804 0.748513
vt 0.581473 0.755162
vt 0.585768 0.748822
vt 0.569611 0.776424
vt 0.564228 0.748069
vt 0.567198 0.743115
vt 0.756522 0.068462
vt 0.753798 0.066436
vt 0.759981 0.063720
vt 0.762086 0.076039
vt 0.762465 0.059000
vt 0.773467 0.058934
vt 0.779042 0.065879
vt 0.780308 0.071298
vt 0.782345 0.071679
vt 0.998101 0.187300
vt 0.998101 0.179422
vt 0.999623 0.185040
vt 0.873324 0.582263
vt 0.872440 0.579537
vt 0.873324 0.577424
vt 0.781373 0.059793
vt 0.562375 0.737741
vt 0.566165 0.735312
vt 0.578529 0.733523
vt 0.585041 0.732219
vt 0.587276 0.733251
vt 0.760697 0.053659
vt 0.743050 0.988482
vt 0.741042 0.992089
vt 0.738459 0.992155
vt 0.759543 0.051265
vt 0.580848 0.727650
vt 0.590446 0.730436
vt 0.588010 0.729068
vt 0.667393 0.461633
vt 0.714706 0.507989
vt 0.704313 0.438369
vt 0.720952 0.495735
vt 0.717279 0.440051
vt 0.717554 0.452077
vt 0.723021 0.519616
vt 0.793435 0.241162
vt 0.858619 0.819365
vt 0.915348 0.534849
vt 0.908937 0.527895
vt 0.916277 0.532785
vt 0.904415 0.530464
vt 0.864436 0.811809
vt 0.892798 0.519805
vt 0.900520 0.508893
vt 0.888499 0.513634
vt 0.892077 0.512040
vt 0.868838 0.781375
vt 0.883710 0.500871
vt 0.871337 0.783049
vt 0.896874 0.515186
vt 0.895253 0.492358
vt 0.878685 0.793664
vt 0.870330 0.802552
vt 0.884490 0.766564
vt 0.069925 0.966891
vt 0.065667 0.965846
vt 0.069925 0.951770
vt 0.871952 0.768967
vt 0.068384 0.885772
vt 0.065667 0.907272
vt 0.065667 0.873934
vt 0.890963 0.982677
vt 0.893818 0.988593
vt 0.901386 0.984793
vt 0.977655 0.673468
vt 0.871570 0.747812
vt 0.870894 0.756396
vt 0.868375 0.750247
vt 0.619574 0.982277
vt 0.869446 0.982828
vt 0.954690 0.460992
vt 0.207763 0.952448
vt 0.985523 0.310577
vt 0.868685 0.733931
vt 0.561912 0.665173
vt 0.555911 0.680554
vt 0.563318 0.673752
vt 0.982339 0.290716
vt 0.540479 0.333974
vt 0.529550 0.312645
vt 0.540817 0.322070
vt 0.600538 0.978629
vt 0.604447 0.980151
vt 0.602901 0.982176
vt 0.208360 0.940463
vt 0.887777 0.741373
vt 0.893569 0.450561
vt 0.888738 0.439328
vt 0.894515 0.436682
vt 0.996435 0.625644
vt 0.998951 0.619233
vt 0.998951 0.626622
vt 0.580533 0.658382
vt 0.752504 0.995590
vt 0.755867 0.989381
vt 0.755867 0.998449
vt 0.558332 0.976804
vt 0.558668 0.975239
vt 0.561830 0.979082
vt 0.896448 0.449993
vt 0.900889 0.414438
vt 0.878840 0.325375
vt 0.881530 0.326234
vt 0.880256 0.332856
vt 0.585750 0.640953
vt 0.585886 0.643131
vt 0.850529 0.616590
vt 0.851635 0.615027
vt 0.853027 0.616678
vt 0.879802 0.322532
vt 0.797329 0.987853
vt 0.576124 0.622695
vt 0.245517 0.968724
vt 0.247872 0.968029
vt 0.247872 0.978372
vt 0.561899 0.641524
vt 0.560862 0.635520
vt 0.994282 0.212470
vt 0.997646 0.210883
vt 1.000000 0.213673
vt 0.557560 0.636182
vt 0.865424 0.626139
vt 0.865981 0.619918
vt 0.868812 0.625161
vt 0.563205 0.629889
vt 0.560454 0.630470
vt 0.996435 0.585104
vt 0.998966 0.576981
vt 0.998966 0.586414
vt 0.886546 0.438171
vt 0.561890 0.586020
vt 0.859511 0.629227
vt 0.861734 0.648430
vt 0.552608 0.560546
vt 0.913360 0.609865
vt 0.907592 0.341421
vt 0.092839 0.965587
vt 0.083020 0.970004
vt 0.639505 0.869068
vt 0.227386 0.916113
vt 0.622511 0.905593
vt 0.976985 0.761231
vt 0.977198 0.767354
vt 0.972839 0.767354
vt 0.510179 0.468209
vt 0.625537 0.771428
vt 0.654659 0.998341
vt 0.652503 0.996169
vt 0.654659 0.993104
vt 0.997217 0.453783
vt 0.995676 0.455306
vt 0.995676 0.451595
vt 0.497185 0.465063
vt 0.627272 0.760358
vt 0.699845 0.297341
vt 0.603202 0.121968
vt 0.581353 0.926346
vt 0.526381 0.438160
vt 0.571155 0.090840
vt 0.539324 0.074234
vt 0.554748 0.079362
vt 0.567178 0.413323
vt 0.557684 0.415558
vt 0.913684 0.931112
vt 0.540883 0.421236
vt 0.541193 0.062090
vt 0.535260 0.064224
vt 0.560374 0.409072
vt 0.581567 0.403062
vt 0.908941 0.986421
vt 0.908941 0.996946
vt 0.904046 0.992065
vt 0.508262 0.064072
vt 0.999598 0.463837
vt 0.997834 0.461846
vt 0.999598 0.455354
vt 0.562595 0.399620
vt 0.538734 0.059718
vt 0.524304 0.048064
vt 0.577297 0.389410
vt 0.587782 0.387698
vt 0.547020 0.051703
vt 0.553485 0.392100
vt 0.521787 0.354754
vt 0.527366 0.375297
vt 0.906605 0.628809
vt 0.906605 0.618354
vt 0.912240 0.621007
vt 0.509245 0.918990
vt 0.511889 0.922574
vt 0.509705 0.951351
vt 0.221782 0.840500
vt 0.778894 0.230975
vt 0.512073 0.916686
vt 0.941380 0.114593
vt 0.937348 0.130544
vt 0.975533 0.745383
vt 0.968440 0.742609
vt 0.977416 0.737544
vt 0.192150 0.824939
vt 0.491297 0.669540
vt 0.488065 0.647103
vt 0.492653 0.648015
vt 0.204541 0.829319
vt 0.237487 0.810859
vt 0.936114 0.106274
vt 0.245517 0.778886
vt 0.716263 0.213405
vt 0.715676 0.201482
vt 0.755203 0.209599
vt 0.212498 0.800024
vt 0.239533 0.768447
vt 0.734686 0.198616
vt 0.923228 0.162200
vt 0.919598 0.166453
vt 0.911065 0.130228
vt 0.727412 0.196084
vt 0.421807 0.949613
vt 0.424947 0.943091
vt 0.423012 0.951623
vt 0.912944 0.101796
vt 0.925992 0.161537
vt 0.899135 0.067702
vt 0.886824 0.328288
vt 0.906802 0.274081
vt 0.891932 0.331470
vt 0.970065 0.737351
vt 0.971750 0.674033
vt 0.974112 0.732966
vt 0.901444 0.263597
vt 0.742968 0.169696
vt 0.748322 0.148711
vt 0.746934 0.171561
vt 0.583687 0.832358
vt 0.589369 0.829476
vt 0.584742 0.852056
vt 0.738961 0.169371
vt 0.755784 0.145824
vt 0.745680 0.140299
vt 0.577764 0.828512
vt 0.914669 0.223821
vt 0.025186 0.675832
vt 0.571666 0.796381
vt 0.581368 0.793912
vt 0.764107 0.116507
vt 0.757173 0.110765
vt 0.921414 0.220759
vt 0.364841 0.988548
vt 0.368814 0.974971
vt 0.367892 0.986076
vt 0.907318 0.042818
vt 0.910390 0.044552
vt 0.904385 0.054558
vt 0.910029 0.203362
vt 0.920293 0.197776
vt 0.925710 0.203342
vt 0.893019 0.055392
vt 0.889930 0.035929
vt 0.899316 0.044935
vt 0.902091 0.057629
vt 0.909295 0.038282
vt 0.647563 0.980845
vt 0.645796 0.984960
vt 0.642480 0.981998
vt 0.906161 0.211914
vt 0.913124 0.034056
vt 0.914800 0.035801
vt 0.905927 0.205343
vt 0.901957 0.202019
vt 0.915544 0.033470
vt 0.886824 0.038569
vt 0.246838 0.983987
vt 0.243664 0.982289
vt 0.246406 0.979582
vt 0.579232 0.770096
vt 0.239547 0.981512
vt 0.906501 0.197017
vt 0.915972 0.191296
vt 0.926897 0.202647
vt 0.898942 0.027434
vt 0.848088 0.962011
vt 0.845681 0.960160
vt 0.848088 0.945503
vt 0.888576 0.035214
vt 0.907100 0.030543
vt 0.308683 0.982726
vt 0.304086 0.978959
vt 0.908965 0.189383
vt 0.922862 0.198007
vt 0.761280 0.101297
vt 0.582646 0.759341
vt 0.778059 0.088952
vt 0.900922 0.022681
vt 0.917338 0.009135
vt 0.891918 0.173091
vt 0.023336 0.606832
vt 0.918886 0.947319
vt 0.919926 0.942991
vt 0.919926 0.960948
vt 0.324411 0.624994
vt 0.922024 0.011677
vt 0.930611 0.005344
vt 0.933363 0.001668
vt 0.934275 0.013547
vt 0.187468 0.959173
vt 0.184619 0.957697
vt 0.187468 0.952447
vt 0.901735 0.175772
vt 0.563317 0.765840
vt 0.561830 0.749238
vt 0.877754 0.969199
vt 0.886983 0.967733
vt 0.880244 0.972261
vt 0.115129 0.981669
vt 0.126676 0.978909
vt 0.124528 0.983304
vt 0.127801 0.980185
vt 0.570460 0.730529
vt 0.860369 0.954100
vt 0.859217 0.947637
vt 0.861918 0.949055
vt 0.564079 0.742659
vt 0.489591 0.728341
vt 0.492653 0.725332
vt 0.492653 0.729633
vt 0.583508 0.738461
vt 0.591126 0.747414
vt 0.081807 0.998359
vt 0.081807 0.992205
vt 0.084484 0.992536
vt 0.733246 0.989015
vt 0.777112 0.053397
vt 0.523433 0.981493
vt 0.525301 0.980274
vt 0.526793 0.983413
vt 0.969606 0.528690
vt 0.968926 0.520942
vt 0.972519 0.527112
vt 0.562553 0.735351
vt 0.995676 0.455086
vt 0.993929 0.453942
vt 0.766536 0.049776
vt 0.835035 0.330825
vt 0.829969 0.333029
vt 0.836316 0.328263
vt 0.993091 0.451675
vt 0.582955 0.729499
vt 0.604565 0.579300
vt 0.610338 0.570868
vt 0.609194 0.585016
vt 0.604542 0.367445
vt 0.613756 0.378166
vt 0.604461 0.371881
vt 0.611947 0.575921
vt 0.611845 0.580681
vt 0.629304 0.391512
vt 0.610363 0.363963
vt 0.614136 0.391355
vt 0.625040 0.406258
vt 0.622713 0.548027
vt 0.620040 0.555630
vt 0.623435 0.567297
vt 0.620419 0.360756
vt 0.622498 0.370089
vt 0.626611 0.545624
vt 0.620531 0.584436
vt 0.627080 0.590185
vt 0.645011 0.552113
vt 0.625272 0.582372
vt 0.637007 0.550881
vt 0.631923 0.557459
vt 0.633481 0.572239
vt 0.636990 0.529219
vt 0.656177 0.443317
vt 0.640409 0.427705
vt 0.638531 0.591259
vt 0.637499 0.388366
vt 0.646857 0.562037
vt 0.630539 0.592816
vt 0.623937 0.357209
vt 0.638653 0.360312
vt 0.651282 0.421650
vt 0.648377 0.540477
vt 0.640039 0.552143
vt 0.639920 0.357286
vt 0.652623 0.403324
vt 0.645060 0.558776
vt 0.649590 0.364334
vt 0.649125 0.411849
vt 0.651564 0.560388
vt 0.648613 0.585497
vt 0.645689 0.386966
vt 0.650671 0.391788
vt 0.649076 0.403511
vt 0.653402 0.530409
vt 0.653487 0.547116
vt 0.650049 0.545429
vt 0.653411 0.508952
vt 0.655193 0.517087
vt 0.657566 0.420230
vt 0.653430 0.540476
vt 0.657063 0.538904
vt 0.656749 0.533753
vt 0.663220 0.538615
vt 0.670436 0.550329
vt 0.658433 0.573707
vt 0.722981 0.673617
vt 0.721811 0.683444
vt 0.721811 0.651884
vt 0.659939 0.513707
vt 0.670604 0.416951
vt 0.664586 0.386460
vt 0.674070 0.428504
vt 0.661041 0.421746
vt 0.661790 0.527035
vt 0.667573 0.445206
vt 0.668198 0.505315
vt 0.671419 0.505228
vt 0.670979 0.431678
vt 0.673456 0.515359
vt 0.675008 0.526831
vt 0.671485 0.525179
vt 0.678046 0.528492
vt 0.667498 0.349899
vt 0.669259 0.344293
vt 0.672967 0.366341
vt 0.678144 0.423473
vt 0.668188 0.598920
vt 0.677258 0.604925
vt 0.669727 0.604301
vt 0.676214 0.539757
vt 0.682218 0.595377
vt 0.689994 0.344146
vt 0.689006 0.361472
vt 0.681173 0.450130
vt 0.685351 0.513120
vt 0.680310 0.568572
vt 0.682311 0.427213
vt 0.691844 0.604175
vt 0.961464 0.995714
vt 0.958768 0.991178
vt 0.961464 0.982664
vt 0.690580 0.374815
vt 0.681544 0.393016
vt 0.692152 0.581878
vt 0.690861 0.405240
vt 0.687035 0.593583
vt 0.683743 0.600425
vt 0.682137 0.607164
vt 0.692049 0.359840
vt 0.683251 0.521198
vt 0.686939 0.543513
vt 0.685321 0.425185
vt 0.689233 0.431646
vt 0.689886 0.515102
vt 0.692091 0.544997
vt 0.693702 0.588512
vt 0.695890 0.426576
vt 0.696718 0.518416
vt 0.697020 0.570193
vt 0.706613 0.593007
vt 0.697055 0.590158
vt 0.697427 0.389703
vt 0.699845 0.508393
vt 0.702314 0.384777
vt 0.702738 0.598860
vt 0.711091 0.365035
vt 0.705759 0.354038
vt 0.704885 0.509789
vt 0.710674 0.413134
vt 0.711613 0.538299
vt 0.716009 0.384812
vt 0.714593 0.574874
vt 0.716564 0.426494
vt 0.717220 0.521582
vt 0.721504 0.429903
vt 0.788394 0.238556
vt 0.817120 0.509695
vt 0.444389 0.955979
vt 0.875072 0.764707
vt 0.881437 0.477556
vt 0.887669 0.477258
vt 0.893704 0.479653
vt 0.355677 0.977054
vt 0.870721 0.767032
vt 0.376926 0.993357
vt 0.874675 0.477525
vt 0.874591 0.474866
vt 0.165882 0.956512
vt 0.890962 0.763590
vt 0.888855 0.762042
vt 0.890907 0.759845
vt 0.885974 0.751925
vt 0.892784 0.469009
vt 0.873367 0.474937
vt 0.878647 0.464400
vt 0.888223 0.752427
vt 0.787551 0.996621
vt 0.787551 0.986084
vt 0.789841 0.987109
vt 0.878837 0.741661
vt 0.876461 0.464961
vt 0.875681 0.459568
vt 0.752644 0.971208
vt 0.750573 0.969698
vt 0.755586 0.954915
vt 0.985758 0.314348
vt 0.887984 0.745699
vt 0.545587 0.337570
vt 0.485386 0.988460
vt 0.482410 0.987598
vt 0.482220 0.976300
vt 0.942823 0.530417
vt 0.940379 0.515565
vt 0.944918 0.534158
vt 0.572041 0.657784
vt 0.004612 0.986795
vt 0.876921 0.455503
vt 0.787265 0.073429
vt 0.919926 0.989621
vt 0.924311 0.990444
vt 0.922711 0.993192
vt 0.752660 0.942735
vt 0.979497 0.985359
vt 0.979904 0.981310
vt 0.984228 0.986137
vt 0.014493 0.993337
vt 0.014493 0.997707
vt 0.012322 0.997410
vt 0.986689 0.983610
vt 0.941868 0.508083
vt 0.755867 0.941093
vt 0.575515 0.658894
vt 0.756520 0.340605
vt 0.939557 0.504041
vt 0.540085 0.313096
vt 0.437351 0.992133
vt 0.542002 0.286607
vt 0.545091 0.295602
vt 0.945080 0.684252
vt 0.946742 0.666218
vt 0.946742 0.685193
vt 0.546278 0.589744
vt 0.599083 0.890426
vt 0.604427 0.881696
vt 0.604427 0.925182
vt 0.479076 0.730878
vt 0.474030 0.732054
vt 0.474030 0.725332
vt 0.947578 0.297539
vt 0.952612 0.296236
vt 0.918511 0.607074
vt 0.945992 0.811958
vt 0.949695 0.812680
vt 0.947571 0.917277
vt 0.997856 0.918010
vt 0.999323 0.912401
vt 0.999323 0.921288
vt 0.093692 0.890310
vt 0.615083 0.887205
vt 0.724896 0.997619
vt 0.723038 0.990080
vt 0.724896 0.988696
vt 0.501785 0.481068
vt 0.961314 0.567959
vt 0.962556 0.542648
vt 0.968366 0.542835
vt 0.497828 0.478396
vt 0.178683 0.972414
vt 0.184275 0.969110
vt 0.181415 0.973104
vt 0.180529 0.960285
vt 0.975629 0.958606
vt 0.979497 0.957525
vt 0.978486 0.963133
vt 0.830581 0.915365
vt 0.830068 0.908205
vt 0.834010 0.911322
vt 0.734356 0.316531
vt 0.692661 0.292268
vt 0.576847 0.928222
vt 0.182917 0.907304
vt 0.184275 0.927256
vt 0.948222 0.146977
vt 0.951339 0.156966
vt 0.587106 0.408180
vt 0.579149 0.983401
vt 0.576876 0.975728
vt 0.582074 0.978413
vt 0.516467 0.066438
vt 0.601938 0.404023
vt 0.558653 0.404460
vt 0.254535 0.997311
vt 0.254535 0.988153
vt 0.258707 0.993692
vt 0.675250 0.333144
vt 0.681745 0.340361
vt 0.675250 0.340810
vt 0.523209 0.044991
vt 0.562016 0.383249
vt 0.043831 0.775783
vt 0.773168 0.247084
vt 0.543176 0.958754
vt 0.539505 0.960938
vt 0.539505 0.938948
vt 0.986768 0.481344
vt 0.985975 0.502432
vt 0.979997 0.486158
vt 0.482851 0.656301
vt 0.999180 0.471668
vt 0.999180 0.482469
vt 0.997834 0.477483
vt 0.982869 0.765443
vt 0.987461 0.765356
vt 0.977438 0.735239
vt 0.945080 0.767643
vt 0.947974 0.761220
vt 0.952180 0.756351
vt 0.998279 0.904082
vt 0.991606 0.894649
vt 0.998279 0.878665
vt 0.951221 0.744318
vt 0.945710 0.746688
vt 0.946124 0.729484
vt 0.713333 0.207060
vt 0.894751 0.333430
vt 0.903526 0.299251
vt 0.243290 0.770615
vt 0.979399 0.115685
vt 0.977779 0.110197
vt 0.981369 0.110107
vt 0.297967 0.734396
vt 0.977233 0.105415
vt 0.430005 0.948227
vt 0.306205 0.719356
vt 0.483945 0.617034
vt 0.486352 0.651963
vt 0.481452 0.616506
vt 0.741948 0.177923
vt 0.591416 0.852115
vt 0.588576 0.857251
vt 0.911011 0.223917
vt 0.031931 0.963850
vt 0.031954 0.947620
vt 0.035503 0.949556
vt 0.759295 0.097820
vt 0.648003 0.984839
vt 0.960967 0.534712
vt 0.960967 0.530928
vt 0.963938 0.531655
vt 0.963513 0.313946
vt 0.962937 0.310130
vt 0.968269 0.316655
vt 0.320554 0.646218
vt 0.407320 0.978767
vt 0.402782 0.982749
vt 0.401632 0.980118
vt 0.457870 0.921830
vt 0.460607 0.928263
vt 0.459217 0.939999
vt 0.768778 0.111788
vt 0.928371 0.207413
vt 0.302935 0.982365
vt 0.581167 0.777243
vt 0.671830 0.973679
vt 0.671830 0.950094
vt 0.674796 0.969252
vt 0.886824 0.169284
vt 0.187135 0.974404
vt 0.916528 0.006570
vt 0.331361 0.619735
vt 0.301724 0.978926
vt 0.302935 0.980940
vt 0.296363 0.982527
vt 0.185609 0.952215
vt 0.977655 0.768763
vt 0.976866 0.769416
vt 0.975451 0.767643
vt 0.116614 0.980145
vt 0.889606 0.970371
vt 0.926018 0.000000
vt 0.928878 0.000578
vt 0.888894 0.166453
vt 0.152197 0.973445
vt 0.155031 0.978826
vt 0.146703 0.976499
vt 0.782121 0.057589
vt 0.156118 0.975970
vt 0.541125 0.983413
vt 0.543278 0.987165
vt 0.537526 0.988147
vt 0.579849 0.718554
vt 0.768094 0.034674
vt 0.770294 0.015572
vt 0.582311 0.694277
vt 0.602539 0.680554
vt 0.751455 0.001009
vt 0.752640 0.000000
vt 0.916302 0.520323
vt 0.918781 0.523820
vt 0.916277 0.524327
vt 0.604461 0.581992
vt 0.610881 0.361493
vt 0.987980 0.877309
vt 0.988970 0.842256
vt 0.989354 0.867189
vt 0.104469 0.972401
vt 0.104907 0.960266
vt 0.106947 0.971897
vt 0.107899 0.956707
vt 0.989052 0.818824
vt 0.986088 0.831680
vt 0.979911 0.968294
vt 0.982255 0.965257
vt 0.982200 0.974752
vt 0.988307 0.792881
vt 0.992852 0.195530
vt 0.992555 0.186284
vt 0.994892 0.183834
vt 0.979497 0.957312
vt 0.185397 0.803643
vt 0.187452 0.802260
vt 0.185819 0.811556
vt 0.185397 0.785008
vt 0.979516 0.941973
vt 0.983864 0.938789
vt 0.663604 0.382361
vt 0.986157 0.767643
vt 0.195031 0.991496
vt 0.196758 0.998502
vt 0.193855 0.998502
vt 0.981277 0.904733
vt 0.633331 0.987600
vt 0.630793 0.988061
vt 0.632501 0.982653
vt 0.828462 0.992852
vt 0.829980 0.994595
vt 0.828462 0.999605
vt 0.923941 0.407528
vt 0.919100 0.412589
vt 0.916277 0.400662
vt 0.920898 0.401867
vt 0.979723 0.916479
vt 0.989900 0.838559
vt 0.989354 0.821338
vt 0.992974 0.840810
vt 0.960527 0.971799
vt 0.961554 0.982252
vt 0.959404 0.982664
vt 0.993118 0.164053
vt 0.989174 0.132332
vt 0.994313 0.161544
vt 0.681567 0.422304
vt 0.630793 0.978801
vt 0.632747 0.974893
vt 0.681773 0.341421
vt 0.070035 0.993084
vt 0.073605 0.991608
vt 0.073605 0.997191
vt 0.985038 0.891495
vt 0.979497 0.895034
vt 0.683740 0.420285
vt 0.980449 0.878665
vt 0.683282 0.547256
vt 0.384958 0.959778
vt 0.384958 0.946233
vt 0.386710 0.953368
vt 0.723003 0.847337
vt 0.718140 0.873222
vt 0.718140 0.842370
vt 0.268141 0.963521
vt 0.268141 0.941580
vt 0.270700 0.960463
vt 0.960459 0.958416
vt 0.961554 0.963133
vt 0.694616 0.345375
vt 0.812516 0.604449
vt 0.811184 0.597434
vt 0.814225 0.591811
vt 0.958620 0.934607
vt 0.961044 0.935672
vt 0.960123 0.944817
vt 0.386774 0.940709
vt 0.384958 0.930399
vt 0.814597 0.581916
vt 0.812037 0.578555
vt 0.664434 0.937681
vt 0.663273 0.950269
vt 0.662015 0.938621
vt 0.717311 0.561557
vt 0.245386 0.530226
vt 0.227480 0.483010
vt 0.238022 0.491510
vt 0.192086 0.977520
vt 0.944906 0.186334
vt 0.940612 0.186572
vt 0.940612 0.182566
vt 0.346590 0.975749
vt 0.945099 0.181044
vt 0.897110 0.476560
vt 0.869878 0.763885
vt 0.833872 0.996300
vt 0.833872 0.988377
vt 0.837344 0.995089
vt 0.596554 0.993112
vt 0.600205 0.987759
vt 0.600205 0.998933
vt 0.482220 0.994764
vt 0.547707 0.340830
vt 0.545711 0.341421
vt 0.755954 0.972555
vt 0.755954 0.958789
vt 0.758277 0.967304
vt 0.695300 0.941738
vt 0.693545 0.965352
vt 0.692318 0.945311
vt 0.561534 0.990455
vt 0.744876 0.989381
vt 0.744876 0.975488
vt 0.747891 0.987965
vt 0.869146 0.321848
vt 0.587193 0.640558
vt 0.825855 0.377934
vt 0.971999 0.618281
vt 0.960751 0.599068
vt 0.479679 0.727688
vt 0.291516 0.892188
vt 0.694617 0.734426
vt 0.694627 0.737768
vt 0.690905 0.735436
vt 0.868812 0.622087
vt 0.873021 0.618107
vt 0.873021 0.624744
vt 0.911913 0.992670
vt 0.914739 0.993568
vt 0.910248 0.997835
vt 0.270739 0.995576
vt 0.270739 0.985026
vt 0.275067 0.996563
vt 0.625452 0.883312
vt 0.617587 0.882565
vt 0.619497 0.880603
vt 0.966093 0.567415
vt 0.945766 0.767643
vt 0.961104 0.538610
vt 0.591693 0.126217
vt 0.968467 0.538481
vt 0.960751 0.534848
vt 0.616427 0.750931
vt 0.997946 0.937266
vt 0.997946 0.956021
vt 0.991606 0.940604
vt 0.967218 0.906266
vt 0.971580 0.885777
vt 0.369191 0.937889
vt 0.368607 0.929897
vt 0.948097 0.105665
vt 0.583149 0.969254
vt 0.851145 0.981867
vt 0.853229 0.987638
vt 0.846452 0.981028
vt 0.847331 0.973132
vt 0.576650 0.386671
vt 0.978142 0.330188
vt 0.975168 0.331764
vt 0.976020 0.315577
vt 0.983699 0.318362
vt 0.359883 0.927317
vt 0.361533 0.916360
vt 0.486288 0.716992
vt 0.492653 0.715269
vt 0.490989 0.725332
vt 0.999357 0.270049
vt 0.999357 0.279600
vt 0.997687 0.275096
vt 0.517766 0.923773
vt 0.221596 0.843879
vt 0.775345 0.249763
vt 0.982275 0.507890
vt 0.483827 0.664974
vt 0.517933 0.919575
vt 0.984221 0.468793
vt 0.496140 0.955922
vt 0.494286 0.929500
vt 0.499513 0.929752
vt 0.985609 0.760567
vt 0.498526 0.923367
vt 0.930390 0.163053
vt 0.036274 0.753362
vt 0.037057 0.764415
vt 0.974835 0.118104
vt 0.977722 0.121738
vt 0.845381 0.942837
vt 0.839858 0.928875
vt 0.845639 0.925987
vt 0.590397 0.877924
vt 0.597944 0.878806
vt 0.594926 0.881696
vt 0.602539 0.879338
vt 0.597757 0.870198
vt 0.584785 0.860400
vt 0.471191 0.984655
vt 0.469547 0.977783
vt 0.474272 0.976329
vt 0.580957 0.853316
vt 0.469547 0.961125
vt 0.985514 0.728851
vt 0.980753 0.718678
vt 0.984519 0.692123
vt 0.938019 0.090020
vt 0.934841 0.032245
vt 0.939711 0.034270
vt 0.475706 0.545278
vt 0.974272 0.054981
vt 0.978274 0.047596
vt 0.977125 0.076414
vt 0.459849 0.987801
vt 0.457870 0.970503
vt 0.460181 0.962235
vt 0.980317 0.689840
vt 0.317659 0.681123
vt 0.588992 0.817930
vt 0.464750 0.939509
vt 0.028990 0.962046
vt 0.970484 0.312519
vt 0.967928 0.306111
vt 0.025381 0.638553
vt 0.243938 0.996037
vt 0.946035 0.014153
vt 0.933001 0.019657
vt 0.673994 0.937681
vt 0.828346 0.997121
vt 0.825412 0.994723
vt 0.828346 0.992852
vt 0.930390 0.002437
vt 0.476570 0.997468
vt 0.481393 0.984655
vt 0.481393 0.998528
vt 0.956874 0.530928
vt 0.970882 0.530928
vt 0.582483 0.716757
vt 0.775259 0.024296
vt 0.573756 0.708608
vt 0.725877 0.973791
vt 0.723021 0.977005
vt 0.723965 0.960760
vt 0.603412 0.724827
vt 0.603412 0.680554
vt 0.604461 0.703542
vt 0.526752 0.951093
vt 0.525056 0.941411
vt 0.526090 0.938389
vt 0.185570 0.859306
vt 0.185570 0.836288
vt 0.187391 0.836538
vt 0.187391 0.836288
vt 0.185397 0.812945
vt 0.187391 0.811556
vt 0.604461 0.873827
vt 0.602792 0.876694
vt 0.602792 0.852014
vt 0.587615 0.688134
vt 0.281996 0.977395
vt 0.289921 0.980228
vt 0.287277 0.982471
vt 0.923411 0.519796
vt 0.106527 0.977336
vt 0.289755 0.971470
vt 0.917978 0.498624
vt 0.985449 0.875287
vt 0.925560 0.469238
vt 0.917117 0.480515
vt 0.918600 0.454654
vt 0.985060 0.178413
vt 0.919901 0.389176
vt 0.987894 0.894951
vt 0.889349 0.895926
vt 0.888721 0.892674
vt 0.890931 0.889626
vt 0.684255 0.529171
vt 0.813837 0.566808
vt 0.670523 0.972242
vt 0.662015 0.981252
vt 0.813756 0.536768
vt 0.819515 0.541483
vt 0.079394 0.971576
vt 0.084345 0.970335
vt 0.084345 0.992205
vt 0.759546 0.973089
vt 0.767315 0.989955
vt 0.758331 0.991168
vt 0.820782 0.522707
vt 0.818562 0.531653
vt 0.766259 0.980788
vt 0.787104 0.236874
vt 0.250571 0.522712
vt 0.836342 0.998526
vt 0.967957 0.767643
vt 0.604447 0.966289
vt 0.744388 0.944577
vt 0.947449 0.508355
vt 0.104469 0.998251
vt 0.104469 0.982421
vt 0.111174 0.992720
vt 0.867933 0.329464
vt 0.852312 0.627457
vt 0.843884 0.616228
vt 0.910244 0.989381
vt 0.908941 0.998532
vt 0.024352 0.982583
vt 0.994282 0.224031
vt 0.857882 0.616763
vt 0.868812 0.583825
vt 0.717676 0.909275
vt 0.723004 0.917145
vt 0.717234 0.981072
vt 0.052360 0.886330
vt 0.061152 0.851091
vt 0.055263 0.923205
vt 0.617664 0.899808
vt 0.054215 0.846738
vt 0.232261 0.890521
vt 0.297915 0.846512
vt 0.991509 0.080777
vt 0.996843 0.052424
vt 0.996843 0.086086
vt 0.307361 0.799826
vt 0.839197 0.900779
vt 0.959115 0.194603
vt 0.997203 0.931111
vt 0.967256 0.942463
vt 0.589011 0.927333
vt 0.954807 0.145643
vt 0.599083 0.928052
vt 0.913712 0.942991
vt 0.894448 0.933755
vt 0.178732 0.915188
vt 0.843894 0.850636
vt 0.838431 0.833726
vt 0.965668 0.878665
vt 0.952363 0.106727
vt 0.179284 0.886651
vt 0.842625 0.831523
vt 0.842566 0.814479
vt 0.859218 0.996351
vt 0.862354 0.982828
vt 0.861636 0.992373
vt 0.513996 0.045513
vt 0.561830 0.944778
vt 0.560413 0.959368
vt 0.548606 0.946559
vt 0.401632 0.959723
vt 0.393707 0.923328
vt 0.400995 0.928683
vt 0.509245 0.985385
vt 0.517423 0.957447
vt 0.373642 0.888846
vt 0.886729 0.236637
vt 0.886729 0.257124
vt 0.885353 0.247961
vt 0.494836 0.989311
vt 0.500185 0.958563
vt 0.393215 0.896322
vt 0.394107 0.888846
vt 0.401632 0.893276
vt 0.944103 0.119126
vt 0.290888 0.763912
vt 0.295495 0.754590
vt 0.845639 0.967420
vt 0.840510 0.951401
vt 0.424449 0.958338
vt 0.428501 0.953221
vt 0.944460 0.087139
vt 0.586293 0.880265
vt 0.997562 0.996180
vt 0.997562 0.982672
vt 0.998749 0.989990
vt 0.731015 0.183212
vt 0.737685 0.176589
vt 0.695419 0.976769
vt 0.698450 0.979797
vt 0.695419 0.992405
vt 0.475342 0.982179
vt 0.591682 0.858134
vt 0.462689 0.992253
vt 0.462459 0.986913
vt 0.973606 0.083442
vt 0.264285 0.913800
vt 0.268859 0.910849
vt 0.263329 0.931418
vt 0.322093 0.694225
vt 0.977984 0.016138
vt 0.368814 0.989923
vt 0.924104 0.221703
vt 0.643063 0.986081
vt 0.329659 0.654904
vt 0.409519 0.979729
vt 0.410446 0.990720
vt 0.307049 0.994172
vt 0.304827 0.993232
vt 0.307106 0.984432
vt 0.936108 0.024386
vt 0.943847 0.023022
vt 0.056021 0.963130
vt 0.061878 0.931146
vt 0.065667 0.964664
vt 0.946457 0.017425
vt 0.871478 0.964591
vt 0.862437 0.963758
vt 0.022293 0.612174
vt 0.843884 0.628071
vt 0.831834 0.628071
vt 0.837863 0.615026
vt 0.101072 0.982839
vt 0.098742 0.989231
vt 0.095460 0.981508
vt 0.833590 0.615299
vt 0.093692 0.992145
vt 0.880150 0.981286
vt 0.877302 0.968774
vt 0.093692 0.982307
vt 0.904046 0.952432
vt 0.918805 0.949398
vt 0.918805 0.964144
vt 0.600182 0.975822
vt 0.600202 0.982096
vt 0.598703 0.974373
vt 0.588051 0.986086
vt 0.593381 0.971585
vt 0.588051 0.973486
vt 0.733346 0.976517
vt 0.834423 0.338794
vt 0.832140 0.336303
vt 0.843886 0.340190
vt 0.842885 0.331073
vt 0.844978 0.336671
vt 0.832591 0.333631
vt 0.533919 0.930001
vt 0.525655 0.916686
vt 0.959604 0.462818
vt 0.968107 0.462038
vt 0.968007 0.475284
vt 0.069925 0.996465
vt 0.068742 0.998618
vt 0.067243 0.997730
vt 0.984329 0.200056
vt 0.993091 0.210336
vt 0.926504 0.416980
vt 0.810322 0.986753
vt 0.801972 0.989056
vt 0.810418 0.939403
vt 0.998994 0.840655
vt 0.985620 0.142321
vt 0.641194 0.979476
vt 0.953222 0.979171
vt 0.987887 0.904317
vt 0.993177 0.767643
vt 0.998994 0.785796
vt 0.698450 0.976769
vt 0.706737 0.978769
vt 0.703439 0.983291
vt 0.698450 0.993620
vt 0.888721 0.873317
vt 0.888847 0.916136
vt 0.890931 0.932000
vt 0.888847 0.933460
vt 0.951617 0.954473
vt 0.717737 0.415462
vt 0.721294 0.420529
vt 0.768909 0.991168
vt 0.819404 0.506664
vt 0.784683 0.231813
vt 0.744636 0.969410
vt 0.920628 0.980187
vt 0.951731 0.531207
vt 0.986490 0.986884
vt 0.984053 0.997288
vt 0.989354 0.866934
vt 0.995791 0.866094
vt 0.995791 0.878529
vt 0.733246 0.991008
vt 0.730518 0.989656
vt 0.733235 0.982950
vt 0.729229 0.977005
vt 0.554022 0.981110
vt 0.558344 0.989065
vt 0.555528 0.986497
vt 0.725033 0.990219
vt 0.755867 0.974230
vt 0.755620 0.986107
vt 0.536893 0.988861
vt 0.537526 0.997794
vt 0.530863 0.997692
vt 0.768909 0.959400
vt 0.775849 0.961096
vt 0.768909 0.968319
vt 0.775653 0.940972
vt 0.964224 0.637536
vt 0.932422 0.695330
vt 0.938158 0.689736
vt 0.930874 0.716897
vt 0.940450 0.870391
vt 0.093692 0.962471
vt 0.712997 0.974713
vt 0.051064 0.931146
vt 0.049144 0.914503
vt 0.961769 0.101381
vt 0.963175 0.087526
vt 0.967284 0.100583
vt 0.960260 0.098621
vt 0.831834 0.341421
vt 0.957292 0.094595
vt 0.047551 0.930306
vt 0.044151 0.925411
vt 0.044504 0.882736
vt 0.948097 0.021338
vt 0.688419 0.728908
vt 0.958264 0.205012
vt 0.961605 0.210882
vt 0.956407 0.210882
vt 0.695351 0.728908
vt 0.276589 0.991919
vt 0.929423 0.649364
vt 0.938102 0.644794
vt 0.964086 0.005518
vt 0.967284 0.000000
vt 0.972962 0.564207
vt 0.937978 0.611527
vt 0.932183 0.609760
vt 0.715441 0.881565
vt 0.723004 0.876212
vt 0.720688 0.880783
vt 0.694603 0.293822
vt 0.619574 0.984148
vt 0.614522 0.994724
vt 0.614522 0.974652
vt 0.588051 0.971455
vt 0.969153 0.996759
vt 0.969153 0.988383
vt 0.973345 0.995268
vt 0.363497 0.925381
vt 0.485845 0.725258
vt 0.983042 0.331321
vt 0.548499 0.939557
vt 0.558614 0.922075
vt 0.948097 0.181044
vt 0.942920 0.179620
vt 0.975665 0.533848
vt 0.981296 0.531034
vt 0.982007 0.534467
vt 0.989078 0.767643
vt 0.294812 0.763183
vt 0.953467 0.734993
vt 0.945080 0.707487
vt 0.836024 0.929113
vt 0.988874 0.716987
vt 0.971729 0.113319
vt 0.829935 0.331974
vt 0.829935 0.341158
vt 0.827582 0.335141
vt 0.739206 0.196692
vt 0.745322 0.179412
vt 0.551335 0.975712
vt 0.553882 0.975239
vt 0.553882 0.992628
vt 0.022310 0.703730
vt 0.476180 0.618791
vt 0.465604 0.968369
vt 0.472583 0.938052
vt 0.908691 0.130863
vt 0.964401 0.637549
vt 0.968541 0.637536
vt 0.270520 0.884461
vt 0.799483 0.918035
vt 0.816647 0.868662
vt 0.820344 0.879995
vt 0.968434 0.012262
vt 0.024894 0.961687
vt 0.319991 0.663449
vt 0.416289 0.972987
vt 0.402664 0.969693
vt 0.412083 0.962901
vt 0.467889 0.935631
vt 0.417000 0.964961
vt 0.827552 0.851880
vt 0.408105 0.993677
vt 0.761537 0.941093
vt 0.768909 0.946916
vt 0.758277 0.973089
vt 0.239547 0.991290
vt 0.471161 0.921830
vt 0.480152 0.922968
vt 0.964093 0.780492
vt 0.976840 0.779423
vt 0.977655 0.785622
vt 0.889606 0.967733
vt 0.878964 0.954297
vt 0.889606 0.953034
vt 0.909524 0.963728
vt 0.961554 0.771370
vt 0.297732 0.987912
vt 0.821295 0.837747
vt 0.828196 0.832058
vt 0.966771 0.126575
vt 0.972369 0.131451
vt 0.968978 0.132332
vt 0.969399 0.123101
vt 0.888721 0.831227
vt 0.884250 0.836592
vt 0.867956 0.825516
vt 0.947533 0.705527
vt 0.945080 0.698419
vt 0.947241 0.698258
vt 0.875895 0.952899
vt 0.768947 0.983362
vt 0.781272 0.973066
vt 0.780674 0.983911
vt 0.476055 0.985526
vt 0.146703 0.989283
vt 0.955911 0.526362
vt 0.661710 0.987149
vt 0.659829 0.973493
vt 0.661921 0.974731
vt 0.543278 0.999979
vt 0.840313 0.322659
vt 0.959321 0.504300
vt 0.966803 0.499720
vt 0.733246 0.971238
vt 0.526805 0.973689
vt 0.536233 0.959616
vt 0.959368 0.489118
vt 0.968904 0.483110
vt 0.723021 0.941093
vt 0.730118 0.941127
vt 0.069166 0.989018
vt 0.926069 0.522591
vt 0.113664 0.980310
vt 0.104891 0.979596
vt 0.112784 0.974614
vt 0.282756 0.967094
vt 0.289026 0.959083
vt 0.980662 0.829597
vt 0.990836 0.968671
vt 0.981080 0.956129
vt 0.989701 0.961962
vt 0.988367 0.952207
vt 0.985155 0.131774
vt 0.991167 0.124706
vt 0.991128 0.131774
vt 0.990340 0.910343
vt 0.990744 0.936353
vt 0.983550 0.147541
vt 0.986961 0.134460
vt 0.680723 0.418954
vt 0.012937 0.977447
vt 0.012322 0.973669
vt 0.014507 0.974352
vt 0.950765 0.966788
vt 0.821409 0.600015
vt 0.671830 0.943847
vt 0.819293 0.577568
vt 0.822564 0.538399
vt 0.892705 0.334584
vt 0.892705 0.341381
vt 0.886149 0.340390
vt 0.857907 0.947678
vt 0.848088 0.954303
vt 0.853742 0.947637
vt 0.485386 0.970690
vt 0.481487 0.976300
vt 0.481487 0.960165
vt 0.257679 0.466877
vt 0.249433 0.411656
vt 0.263101 0.474053
vt 0.999604 0.122202
vt 0.997745 0.115576
vt 0.999604 0.114062
vt 0.999446 0.187300
vt 0.999446 0.195287
vt 0.998193 0.188487
vt 0.826814 0.435574
vt 0.018541 0.973368
vt 0.010525 0.973669
vt 0.011525 0.963768
vt 0.018810 0.963507
vt 0.683683 0.973234
vt 0.690573 0.974307
vt 0.612537 0.998596
vt 0.611562 0.992529
vt 0.614240 0.990695
vt 0.951891 0.533756
vt 0.010525 0.947729
vt 0.685488 0.960307
vt 0.008951 0.975435
vt 0.986689 0.992639
vt 0.843884 0.628622
vt 0.021205 0.981286
vt 0.997046 0.852944
vt 0.997046 0.840810
vt 0.998409 0.842232
vt 0.999319 0.222789
vt 0.829861 0.409359
vt 0.949695 0.954862
vt 0.939074 0.953986
vt 0.778055 0.968429
vt 0.929423 0.767643
vt 0.939763 0.754786
vt 0.932361 0.766314
vt 0.865355 0.577424
vt 0.782345 0.000000
vt 0.614195 0.924483
vt 0.616164 0.912499
vt 0.913451 0.987512
vt 0.910248 0.986421
vt 0.146703 0.999598
vt 0.146703 0.992351
vt 0.148850 0.994345
vt 0.614425 0.902174
vt 0.994282 0.285631
vt 0.994334 0.276687
vt 0.997687 0.285013
vt 0.935905 0.996287
vt 0.935905 0.981870
vt 0.942114 0.993171
vt 0.613831 0.873440
vt 0.941616 0.815571
vt 0.991397 0.053479
vt 0.839797 0.912177
vt 0.841709 0.910526
vt 0.167896 0.970162
vt 0.174561 0.961842
vt 0.174045 0.935714
vt 0.846288 0.669065
vt 0.839031 0.648287
vt 0.848088 0.647142
vt 0.728188 0.306918
vt 0.722925 0.315282
vt 0.958156 0.137007
vt 0.046148 0.997829
vt 0.046148 0.983638
vt 0.052588 0.986570
vt 0.847824 0.814602
vt 0.971503 0.204868
vt 0.971503 0.210665
vt 0.966470 0.206390
vt 0.587724 0.978346
vt 0.578340 0.964229
vt 0.866797 0.996351
vt 0.948159 0.101381
vt 0.955176 0.105396
vt 0.400193 0.971345
vt 0.394960 0.961959
vt 0.515308 0.994292
vt 0.514580 0.985228
vt 0.981086 0.340137
vt 0.975168 0.339765
vt 0.367917 0.925403
vt 0.363701 0.930857
vt 0.368820 0.932080
vt 0.554497 0.958948
vt 0.976641 0.508463
vt 0.992943 0.759917
vt 0.975558 0.471163
vt 0.034858 0.762925
vt 0.975074 0.462141
vt 0.983799 0.462038
vt 0.968929 0.121809
vt 0.424896 0.962224
vt 0.430448 0.964427
vt 0.953385 0.710652
vt 0.969918 0.105805
vt 0.974109 0.092423
vt 0.382112 0.963352
vt 0.379699 0.961918
vt 0.381768 0.946609
vt 0.430070 0.938165
vt 0.433461 0.933362
vt 0.436187 0.937342
vt 0.435263 0.926283
vt 0.384958 0.939981
vt 0.384136 0.947758
vt 0.379882 0.936921
vt 0.384866 0.920770
vt 0.896778 0.995714
vt 0.896928 0.991189
vt 0.900442 0.993822
vt 0.884312 0.947637
vt 0.883048 0.940304
vt 0.888721 0.944641
vt 0.020795 0.684638
vt 0.792258 0.933301
vt 0.796817 0.936471
vt 0.794299 0.939403
vt 0.880365 0.941732
vt 0.887286 0.925314
vt 0.792376 0.914308
vt 0.943749 0.034679
vt 0.477753 0.942277
vt 0.879842 0.912360
vt 0.486000 0.948839
vt 0.486711 0.912175
vt 0.488307 0.932577
vt 0.263329 0.858684
vt 0.021629 0.651509
vt 0.857953 0.855602
vt 0.856314 0.887009
vt 0.021205 0.947791
vt 0.758277 0.943760
vt 0.976864 0.003747
vt 0.119750 0.933036
vt 0.119750 0.887495
vt 0.121640 0.907827
vt 0.031498 0.945257
vt 0.469547 0.926469
vt 0.331757 0.645416
vt 0.311235 0.991235
vt 0.849920 0.848650
vt 0.993713 0.250322
vt 0.992262 0.229877
vt 0.994205 0.219407
vt 0.850577 0.867297
vt 0.886119 0.837971
vt 0.683683 0.969673
vt 0.682212 0.938896
vt 0.056003 0.932488
vt 0.999440 0.905590
vt 0.997856 0.912400
vt 0.997856 0.904082
vt 0.947577 0.005247
vt 0.888780 0.947637
vt 0.593623 0.969885
vt 0.598788 0.953164
vt 0.599083 0.971019
vt 0.789955 0.819962
vt 0.803354 0.814479
vt 0.791198 0.826261
vt 0.789955 0.974748
vt 0.789955 0.954066
vt 0.799933 0.952495
vt 0.810093 0.816150
vt 0.809299 0.825217
vt 0.792684 0.828978
vt 0.811320 0.827842
vt 0.829996 0.848344
vt 0.860204 0.843678
vt 0.070035 0.874561
vt 0.070035 0.892374
vt 0.068490 0.883016
vt 0.128660 0.980659
vt 0.128660 0.960259
vt 0.130409 0.978936
vt 0.889396 0.981148
vt 0.184619 0.974403
vt 0.186897 0.985508
vt 0.184619 0.994018
vt 0.815395 0.829222
vt 0.904115 0.945590
vt 0.782523 0.973307
vt 0.950012 0.706580
vt 0.790356 0.939403
vt 0.797745 0.940555
vt 0.866451 0.837027
vt 0.950070 0.698134
vt 0.597461 0.987759
vt 0.915863 0.942991
vt 0.823674 0.823043
vt 0.850398 0.837355
vt 0.743050 0.976129
vt 0.539275 0.999975
vt 0.210717 0.983626
vt 0.212537 0.980773
vt 0.222375 0.980845
vt 0.657885 0.987305
vt 0.657885 0.974492
vt 0.848434 0.321410
vt 0.213111 0.970763
vt 0.221365 0.966837
vt 0.537394 0.969864
vt 0.958737 0.516774
vt 0.698534 0.976769
vt 0.698527 0.963749
vt 0.706737 0.975492
vt 0.706737 0.938852
vt 0.535537 0.951650
vt 0.534531 0.939023
vt 0.959194 0.472353
vt 0.731089 0.962027
vt 0.366700 0.998450
vt 0.364841 0.998506
vt 0.364841 0.989923
vt 0.279896 0.982255
vt 0.107332 0.982422
vt 0.114732 0.965352
vt 0.281889 0.955685
vt 0.985776 0.207620
vt 0.984129 0.188383
vt 0.807972 0.988787
vt 0.640965 0.983331
vt 0.639367 0.988146
vt 0.801972 0.940380
vt 0.820203 0.629227
vt 0.811738 0.624253
vt 0.820438 0.625663
vt 0.676337 0.409086
vt 0.680826 0.413583
vt 0.682143 0.400878
vt 0.019173 0.986236
vt 0.820729 0.616735
vt 0.810911 0.615570
vt 0.822114 0.609340
vt 0.825826 0.528434
vt 0.281276 0.519441
vt 0.276234 0.523342
vt 0.275411 0.517902
vt 0.821389 0.498476
vt 0.855290 0.987814
vt 0.855290 0.997289
vt 0.850746 0.994889
vt 0.263278 0.998327
vt 0.263278 0.988210
vt 0.266785 0.990509
vt 0.252874 0.471997
vt 0.933391 0.981870
vt 0.933391 0.954862
vt 0.943523 0.976908
vt 0.226732 0.458006
vt 0.209267 0.427064
vt 0.614240 0.998709
vt 0.744388 0.971589
vt 0.018616 0.949092
vt 0.686791 0.942812
vt 0.009808 0.978806
vt 0.924312 0.980109
vt 0.927728 0.989787
vt 0.020354 0.945257
vt 0.000000 0.974406
vt 0.881530 0.340676
vt 0.867018 0.333686
vt 0.782345 0.133157
vt 0.941541 0.767026
vt 0.940940 0.716685
vt 0.938062 0.939704
vt 0.606401 0.929528
vt 0.232261 0.930097
vt 0.870643 0.629140
vt 0.896498 0.628476
vt 0.890317 0.624219
vt 0.896498 0.618906
vt 0.943523 0.985488
vt 0.044151 0.834325
vt 0.954612 0.016202
vt 0.178566 0.974022
vt 0.184227 0.989811
vt 0.181571 0.983501
vt 0.602574 0.801635
vt 0.602574 0.791283
vt 0.603480 0.796796
vt 0.065667 0.850042
vt 0.712486 0.876536
vt 0.720441 0.874234
vt 0.958389 0.203908
vt 0.965704 0.199360
vt 0.848537 0.031976
vt 0.831906 0.076679
vt 0.831301 0.054234
vt 0.954749 0.570914
vt 0.949551 0.578756
vt 0.955498 0.535666
vt 0.830814 0.645232
vt 0.718331 0.838606
vt 0.718331 0.795359
vt 0.722917 0.796341
vt 0.834343 0.019249
vt 0.965559 0.961531
vt 0.924409 0.607074
vt 0.912240 0.600832
vt 0.918654 0.596060
vt 0.842686 0.018706
vt 0.851909 0.030798
vt 0.819245 0.633466
vt 0.857470 0.008364
vt 0.961554 0.882269
vt 0.848088 0.835907
vt 0.770021 0.992606
vt 0.776198 0.983911
vt 0.776198 0.997486
vt 0.661921 0.973493
vt 0.658131 0.959791
vt 0.661921 0.954790
vt 0.859218 0.981609
vt 0.854985 0.973715
vt 0.858472 0.987814
vt 0.172792 0.894774
vt 0.174191 0.887367
vt 0.370702 0.906781
vt 0.479444 0.679694
vt 0.523433 0.925142
vt 0.494286 0.992476
vt 0.501518 0.989559
vt 0.963871 0.737656
vt 0.296772 0.766492
vt 0.955881 0.756127
vt 0.839178 0.965777
vt 0.500409 0.916686
vt 0.506268 0.917870
vt 0.373195 0.993357
vt 0.375202 0.996040
vt 0.373195 0.997680
vt 0.837375 0.926336
vt 0.881914 0.996574
vt 0.885004 0.985663
vt 0.885004 0.997839
vt 0.377196 0.962733
vt 0.015656 0.723279
vt 0.971956 0.083218
vt 0.970276 0.070659
vt 0.990317 0.318718
vt 0.992967 0.311649
vt 0.994281 0.315007
vt 0.797590 0.937572
vt 0.995906 0.982669
vt 0.992667 0.982672
vt 0.997088 0.975784
vt 0.789955 0.929977
vt 0.486980 0.967085
vt 0.490740 0.950416
vt 0.121690 0.942616
vt 0.125425 0.934247
vt 0.993198 0.295979
vt 0.990672 0.283957
vt 0.995729 0.585381
vt 0.996435 0.644859
vt 0.990492 0.629597
vt 0.972457 0.878665
vt 0.967218 0.808801
vt 0.974976 0.789299
vt 0.992013 0.598301
vt 0.401632 0.978767
vt 0.646219 0.995417
vt 0.642480 0.990208
vt 0.995638 0.407585
vt 0.998891 0.407128
vt 0.962963 0.305993
vt 0.992094 0.581124
vt 0.403043 0.989394
vt 0.970445 0.303078
vt 0.246324 0.993483
vt 0.964219 0.787841
vt 0.706737 0.991207
vt 0.713612 0.981651
vt 0.713612 0.998516
vt 0.122874 0.893649
vt 0.826205 0.870443
vt 0.995876 0.564978
vt 0.988369 0.243010
vt 0.861381 0.863373
vt 0.486701 0.884561
vt 0.488663 0.881202
vt 0.489793 0.903036
vt 0.874867 0.835283
vt 0.131966 0.979987
vt 0.879880 0.948643
vt 0.130046 0.971471
vt 0.588051 0.971585
vt 0.591329 0.954006
vt 0.796428 0.971776
vt 0.945080 0.628450
vt 0.945080 0.609760
vt 0.946921 0.616643
vt 0.117224 0.971270
vt 0.126898 0.972700
vt 0.569835 0.982812
vt 0.567156 0.979440
vt 0.569281 0.974403
vt 0.848088 0.850815
vt 0.822735 0.977980
vt 0.822635 0.970861
vt 0.825405 0.975095
vt 0.818535 0.848263
vt 0.945353 0.706580
vt 0.599083 0.945539
vt 0.590637 0.945331
vt 0.874927 0.947637
vt 0.487531 0.864825
vt 0.492498 0.871943
vt 0.021885 0.985493
vt 0.026419 0.997599
vt 0.021205 0.998559
vt 0.187103 0.976123
vt 0.994616 0.548810
vt 0.994631 0.537277
vt 0.996435 0.547515
vt 0.129993 0.956621
vt 0.130578 0.962488
vt 0.817518 0.971246
vt 0.816140 0.976910
vt 0.815673 0.967660
vt 0.026419 0.984885
vt 0.813644 0.815146
vt 0.864368 0.824661
vt 0.156337 0.988330
vt 0.659236 0.988574
vt 0.539079 0.978064
vt 0.699486 0.937681
vt 0.368166 0.991507
vt 0.494567 0.660531
vt 0.492917 0.609383
vt 0.979593 0.856786
vt 0.977655 0.773556
vt 0.930457 0.393705
vt 0.928665 0.385952
vt 0.983875 0.125119
vt 0.984745 0.120503
vt 0.679878 0.403809
vt 0.012511 0.987115
vt 0.021205 0.991963
vt 0.018169 0.991352
vt 0.950276 0.941271
vt 0.822706 0.595679
vt 0.951017 0.928914
vt 0.822514 0.564600
vt 0.421639 0.970610
vt 0.417000 0.969431
vt 0.421143 0.962901
vt 0.417753 0.964133
vt 0.825538 0.516011
vt 0.206876 0.986628
vt 0.198502 0.943921
vt 0.206876 0.940463
vt 0.981256 0.996100
vt 0.601018 0.967860
vt 0.033124 0.980498
vt 0.856080 0.626733
vt 0.853755 0.624032
vt 0.588051 0.985478
vt 0.583312 0.997717
vt 0.582905 0.985478
vt 0.734253 0.340961
vt 0.731696 0.336470
vt 0.735991 0.331310
vt 0.951315 0.982664
vt 0.957913 0.983789
vt 0.958768 0.987069
vt 0.933391 0.824091
vt 0.612354 0.896271
vt 0.611008 0.890431
vt 0.429060 0.996476
vt 0.421807 0.988368
vt 0.429060 0.983435
vt 0.607377 0.885098
vt 0.859217 0.982828
vt 0.860546 0.968537
vt 0.871956 0.972193
vt 0.866555 0.966222
vt 0.859217 0.964591
vt 0.974058 0.544008
vt 0.940709 0.611776
vt 0.837885 0.711587
vt 0.710654 0.880899
vt 0.847665 0.685394
vt 0.610008 0.762865
vt 0.937259 0.771154
vt 0.935331 0.768644
vt 0.849313 0.054339
vt 0.962709 0.960858
vt 0.171640 0.959384
vt 0.962007 0.193423
vt 0.827657 0.682134
vt 0.845095 0.883551
vt 0.868102 0.006271
vt 0.861450 0.030887
vt 0.872909 0.023962
vt 0.865025 0.029717
vt 0.173359 0.916787
vt 0.864429 0.000000
vt 0.584260 0.984640
vt 0.807886 0.635071
vt 0.811364 0.629227
vt 0.395381 0.974179
vt 0.374076 0.926090
vt 0.545435 0.961248
vt 0.687948 0.214802
vt 0.663234 0.184722
vt 0.692869 0.214769
vt 0.546183 0.916686
vt 0.374673 0.902529
vt 0.947747 0.116925
vt 0.046148 0.996304
vt 0.043566 0.989333
vt 0.493272 0.719433
vt 0.497007 0.694436
vt 0.497007 0.722814
vt 0.974161 0.482816
vt 0.633521 0.167776
vt 0.638501 0.161943
vt 0.640700 0.167439
vt 0.508015 0.931974
vt 0.476573 0.657068
vt 0.033421 0.765390
vt 0.508879 0.923564
vt 0.836442 0.951839
vt 0.435127 0.957105
vt 0.835077 0.925696
vt 0.434198 0.947790
vt 0.860755 0.513610
vt 0.851043 0.468861
vt 0.856131 0.474242
vt 0.970229 0.095259
vt 0.760298 0.768734
vt 0.764331 0.785509
vt 0.757833 0.768382
vt 0.960751 0.672114
vt 0.377196 0.938420
vt 0.638054 0.997361
vt 0.638054 0.988146
vt 0.642344 0.993577
vt 0.753906 0.762187
vt 0.468789 0.985187
vt 0.468114 0.976364
vt 0.124210 0.948527
vt 0.121845 0.960231
vt 0.990748 0.297445
vt 0.489349 0.968255
vt 0.481393 0.964453
vt 0.968814 0.049405
vt 0.876332 0.926561
vt 0.380627 0.888846
vt 0.468986 0.938969
vt 0.774362 0.456494
vt 0.784736 0.430308
vt 0.765880 0.494347
vt 0.989832 0.689167
vt 0.981624 0.690507
vt 0.490893 0.915666
vt 0.016184 0.634947
vt 0.992139 0.567855
vt 0.492230 0.897332
vt 0.098473 0.995210
vt 0.095003 0.996454
vt 0.329321 0.602567
vt 0.302935 0.993593
vt 0.115129 0.967807
vt 0.133463 0.968937
vt 0.989212 0.213280
vt 0.994281 0.210883
vt 0.813826 0.980971
vt 0.816678 0.991378
vt 0.827652 0.969594
vt 0.972369 0.123955
vt 0.132573 0.957730
vt 0.773495 0.971033
vt 0.770711 0.970701
vt 0.856919 0.828403
vt 0.131847 0.948771
vt 0.491253 0.854637
vt 0.487549 0.855546
vt 0.488825 0.847053
vt 0.491309 0.860236
vt 0.957964 0.522577
vt 0.846596 0.332081
vt 0.533144 0.916762
vt 0.067243 0.990372
vt 0.114732 0.976028
vt 0.979242 0.877672
vt 0.279896 0.972676
vt 0.989512 0.981310
vt 0.927581 0.462222
vt 0.978183 0.817937
vt 0.929952 0.410856
vt 0.928182 0.402044
vt 0.983703 0.172767
vt 0.043748 0.908308
vt 0.039258 0.877379
vt 0.040530 0.875665
vt 0.726974 0.874402
vt 0.723021 0.899511
vt 0.725790 0.872755
vt 0.012322 0.993337
vt 0.016761 0.993061
vt 0.955042 0.701810
vt 0.959954 0.698134
vt 0.959954 0.706470
vt 0.977578 0.123949
vt 0.980576 0.125847
vt 0.981235 0.132332
vt 0.981235 0.122231
vt 0.824214 0.548970
vt 0.827582 0.339247
vt 0.820873 0.341009
vt 0.820873 0.331974
vt 0.849708 0.962121
vt 0.856907 0.964516
vt 0.263329 0.941201
vt 0.268612 0.937935
vt 0.821777 0.515915
vt 0.068460 0.873934
vt 0.065667 0.866988
vt 0.068460 0.834325
vt 0.263242 0.516445
vt 0.244785 0.481950
vt 0.385444 0.959778
vt 0.386710 0.961821
vt 0.385444 0.963309
vt 0.278343 0.954651
vt 0.277058 0.955685
vt 0.276099 0.952362
vt 0.683683 0.937681
vt 0.021205 0.959274
vt 0.020487 0.947563
vt 0.922592 0.996285
vt 0.919926 0.997208
vt 0.919926 0.993192
vt 0.988792 0.677363
vt 0.996250 0.673247
vt 0.996250 0.689168
vt 0.917799 0.742663
vt 0.914836 0.740769
vt 0.919222 0.739960
vt 0.726214 0.993106
vt 0.530533 0.985769
vt 0.915957 0.715957
vt 0.919745 0.677225
vt 0.925032 0.668757
vt 0.899011 0.716127
vt 0.895717 0.718057
vt 0.907765 0.674280
vt 0.782601 0.070471
vt 0.945080 0.675816
vt 0.976098 0.595042
vt 0.710205 0.908707
vt 0.740276 0.336162
vt 0.740408 0.339012
vt 0.611969 0.906237
vt 0.551107 0.995840
vt 0.543915 0.983922
vt 0.551107 0.975239
vt 0.950089 0.985717
vt 0.950089 0.994495
vt 0.892631 0.629016
vt 0.740732 0.331310
vt 0.610815 0.896844
vt 0.996434 0.277838
vt 0.422509 0.984078
vt 0.175056 0.992125
vt 0.176992 0.991538
vt 0.845046 0.725788
vt 0.846623 0.722959
vt 0.607853 0.881656
vt 0.843744 0.770825
vt 0.607253 0.873226
vt 0.831067 0.092162
vt 0.846895 0.063853
vt 0.951840 0.839394
vt 0.952025 0.788849
vt 0.954219 0.803926
vt 0.064461 0.970500
vt 0.059750 0.975721
vt 0.052588 0.967057
vt 0.844594 0.075710
vt 0.838479 0.093182
vt 0.841976 0.091991
vt 0.166920 0.971288
vt 0.164851 0.964331
vt 0.166920 0.956512
vt 0.613877 0.780909
vt 0.623417 0.777773
vt 0.835724 0.720997
vt 0.976101 0.539896
vt 0.975941 0.536486
vt 0.170746 0.974022
vt 0.842414 0.914182
vt 0.845760 0.910592
vt 0.952516 0.767643
vt 0.957867 0.771101
vt 0.947144 0.691566
vt 0.945080 0.696778
vt 0.945080 0.685193
vt 0.749966 0.314408
vt 0.567577 0.938278
vt 0.816352 0.664512
vt 0.831581 0.711446
vt 0.863618 0.044993
vt 0.804371 0.640945
vt 0.873979 0.010154
vt 0.858186 0.974718
vt 0.998132 0.270049
vt 0.994282 0.261348
vt 0.998132 0.256200
vt 0.984648 0.341004
vt 0.371800 0.927942
vt 0.617719 0.642134
vt 0.609024 0.641366
vt 0.618583 0.639681
vt 0.711751 0.224838
vt 0.702942 0.220015
vt 0.713333 0.222654
vt 0.702920 0.222724
vt 0.679214 0.221032
vt 0.658933 0.199882
vt 0.687995 0.222545
vt 0.631928 0.637496
vt 0.633968 0.641058
vt 0.449252 0.998447
vt 0.449252 0.986208
vt 0.452728 0.987646
vt 0.688419 0.607164
vt 0.387364 0.927369
vt 0.068399 0.904792
vt 0.068399 0.892374
vt 0.070035 0.898625
vt 0.503772 0.965550
vt 0.386813 0.894883
vt 0.960751 0.743808
vt 0.972768 0.501553
vt 0.697941 0.993829
vt 0.695419 0.997976
vt 0.301419 0.764568
vt 0.300134 0.768226
vt 0.148850 0.997557
vt 0.148850 0.992351
vt 0.151699 0.992479
vt 0.029323 0.767032
vt 0.958089 0.740451
vt 0.967284 0.111785
vt 0.603412 0.710123
vt 0.602719 0.684548
vt 0.763461 0.788176
vt 0.766586 0.785587
vt 0.772706 0.775119
vt 0.765135 0.765551
vt 0.439859 0.924968
vt 0.751623 0.520156
vt 0.756735 0.511955
vt 0.747702 0.538400
vt 0.762833 0.758398
vt 0.747567 0.518753
vt 0.751227 0.511595
vt 0.968577 0.075912
vt 0.749464 0.737723
vt 0.757650 0.760248
vt 0.330599 0.705462
vt 0.317320 0.708850
vt 0.706737 0.993620
vt 0.706737 0.997774
vt 0.705217 0.996337
vt 0.120753 0.964556
vt 0.124976 0.965217
vt 0.126427 0.959552
vt 0.901386 0.990058
vt 0.896778 0.988593
vt 0.992464 0.978233
vt 0.759367 0.512231
vt 0.836774 0.396524
vt 0.997088 0.959777
vt 0.015663 0.677501
vt 0.737191 0.706758
vt 0.739602 0.703466
vt 0.840546 0.397143
vt 0.494286 0.951240
vt 0.854878 0.436591
vt 0.845691 0.401023
vt 0.848756 0.397817
vt 0.021205 0.965791
vt 0.021346 0.959183
vt 0.417000 0.977047
vt 0.997372 0.402901
vt 0.967591 0.300273
vt 0.467161 0.992253
vt 0.469547 0.995721
vt 0.467161 0.998950
vt 0.726359 0.679078
vt 0.127801 0.918792
vt 0.346220 0.990503
vt 0.340451 0.997226
vt 0.340451 0.984057
vt 0.100965 0.994971
vt 0.828414 0.992852
vt 0.824153 0.992159
vt 0.829980 0.979377
vt 0.889613 0.985096
vt 0.890962 0.980285
vt 0.890962 0.988593
vt 0.337224 0.605034
vt 0.572953 0.993810
vt 0.826818 0.982105
vt 0.943112 0.000000
vt 0.962931 0.768659
vt 0.052703 0.931146
vt 0.045124 0.940408
vt 0.050317 0.935542
vt 0.050213 0.941319
vt 0.046752 0.932025
vt 0.565747 0.971909
vt 0.992164 0.534848
vt 0.812803 0.960280
vt 0.810418 0.964275
vt 0.128825 0.941881
vt 0.131393 0.943129
vt 0.421788 0.993321
vt 0.419195 0.987136
vt 0.421788 0.978767
vt 0.004413 0.945257
vt 0.000000 0.941692
vt 0.009197 0.944292
vt 0.927543 0.519950
vt 0.977655 0.871192
vt 0.766247 0.904318
vt 0.763083 0.927977
vt 0.757744 0.920675
vt 0.768909 0.916770
vt 0.768909 0.889004
vt 0.991396 0.975083
vt 0.765260 0.877879
vt 0.754948 0.899618
vt 0.766611 0.877455
vt 0.000000 0.880563
vt 0.015835 0.900864
vt 0.004515 0.934785
vt 0.751300 0.868893
vt 0.003162 0.834325
vt 0.005206 0.838967
vt 0.762126 0.848377
vt 0.762473 0.832937
vt 0.044151 0.915471
vt 0.041117 0.925396
vt 0.642344 0.987275
vt 0.981898 0.130014
vt 0.030539 0.873205
vt 0.934427 0.398006
vt 0.914739 0.977954
vt 0.904046 0.973281
vt 0.914739 0.964144
vt 0.816741 0.337234
vt 0.811814 0.337998
vt 0.809372 0.335617
vt 0.981369 0.121058
vt 0.793277 0.341388
vt 0.793277 0.338550
vt 0.795519 0.341303
vt 0.817873 0.289786
vt 0.820873 0.279516
vt 0.820873 0.334298
vt 0.877118 0.592735
vt 0.873367 0.614937
vt 0.873367 0.559747
vt 0.805553 0.336859
vt 0.950089 0.976990
vt 0.818798 0.279008
vt 0.996040 0.026377
vt 0.992541 0.024845
vt 0.993660 0.023222
vt 0.892120 0.595060
vt 0.879388 0.611494
vt 0.879794 0.551589
vt 0.875464 0.559555
vt 0.795579 0.331500
vt 0.790348 0.325663
vt 0.804802 0.306510
vt 0.810515 0.270755
vt 0.822968 0.584914
vt 0.910200 0.571690
vt 0.902646 0.534849
vt 0.912240 0.574343
vt 0.069092 0.907272
vt 0.069092 0.933102
vt 0.065667 0.932448
vt 0.155830 0.946229
vt 0.156802 0.951364
vt 0.153769 0.954742
vt 0.826727 0.539452
vt 0.251765 0.535473
vt 0.235799 0.534275
vt 0.252808 0.531919
vt 0.273422 0.532883
vt 0.258617 0.534385
vt 0.831197 0.527665
vt 0.237470 0.455920
vt 0.886765 0.321574
vt 0.885353 0.319757
vt 0.886765 0.318106
vt 0.927468 0.767643
vt 0.919677 0.760894
vt 0.928034 0.765733
vt 0.917458 0.755323
vt 0.289204 0.920697
vt 0.284494 0.943136
vt 0.282077 0.930704
vt 0.279900 0.924026
vt 0.214566 0.409300
vt 0.195984 0.389372
vt 0.929423 0.764703
vt 0.328709 0.995209
vt 0.324852 0.996584
vt 0.324852 0.990898
vt 0.553882 0.992026
vt 0.559965 0.993397
vt 0.954077 0.208679
vt 0.951867 0.210376
vt 0.438236 0.997101
vt 0.438236 0.992133
vt 0.442118 0.993084
vt 0.023680 0.984885
vt 0.745709 0.972500
vt 0.898187 0.738321
vt 0.891154 0.733489
vt 0.890963 0.731104
vt 0.275911 0.915753
vt 0.270739 0.921934
vt 0.274314 0.913874
vt 0.224420 0.982175
vt 0.222417 0.982984
vt 0.222417 0.978532
vt 0.994819 0.227358
vt 0.895093 0.730888
vt 0.782523 0.964672
vt 0.779675 0.958194
vt 0.911732 0.715977
vt 0.165889 0.993346
vt 0.165889 0.980839
vt 0.166940 0.982592
vt 0.931605 0.328485
vt 0.936179 0.296200
vt 0.947578 0.333430
vt 0.928371 0.327802
vt 0.933835 0.291894
vt 0.939792 0.249250
vt 0.936782 0.210883
vt 0.944957 0.961423
vt 0.949286 0.984933
vt 0.943523 0.993654
vt 0.933866 0.850412
vt 0.924890 0.952017
vt 0.923169 0.975689
vt 0.919926 0.930767
vt 0.886313 0.280344
vt 0.886313 0.303945
vt 0.885353 0.283664
vt 0.978779 0.420734
vt 0.984849 0.380463
vt 0.980834 0.457370
vt 0.070035 0.867619
vt 0.069033 0.874561
vt 0.069033 0.834325
vt 0.933528 0.847037
vt 0.442118 0.992133
vt 0.434210 0.967504
vt 0.441650 0.979288
vt 0.999079 0.367280
vt 0.995335 0.365490
vt 0.999079 0.355967
vt 0.128260 0.277977
vt 0.135407 0.286457
vt 0.129422 0.286514
vt 0.846981 0.758818
vt 0.442118 0.964427
vt 0.653662 0.332622
vt 0.661568 0.334121
vt 0.656539 0.341149
vt 0.997946 0.945861
vt 0.999075 0.942355
vt 0.999075 0.953270
vt 0.955179 0.593411
vt 0.977358 0.380684
vt 0.970481 0.378666
vt 0.976650 0.341421
vt 0.054420 0.977233
vt 0.801972 0.997613
vt 0.805743 0.995189
vt 0.990962 0.332909
vt 0.989224 0.331532
vt 0.993516 0.321151
vt 0.611211 0.772115
vt 0.706737 0.876738
vt 0.829280 0.722436
vt 0.820398 0.701369
vt 0.858519 0.066249
vt 0.859577 0.072226
vt 0.850544 0.093524
vt 0.319139 0.789571
vt 0.862191 0.058029
vt 0.501255 0.994157
vt 0.499180 0.998352
vt 0.499180 0.992475
vt 0.947323 0.540060
vt 0.954485 0.534849
vt 0.860800 0.066344
vt 0.815703 0.686987
vt 0.731509 0.304384
vt 0.731632 0.301233
vt 0.564549 0.936487
vt 0.864904 0.060454
vt 0.962867 0.942546
vt 0.807536 0.697499
vt 0.687084 0.730758
vt 0.673272 0.703130
vt 0.688419 0.724918
vt 0.870372 0.047494
vt 0.966771 0.195450
vt 0.658689 0.686094
vt 0.803663 0.672814
vt 0.634322 0.274890
vt 0.671140 0.244764
vt 0.687485 0.243958
vt 0.627041 0.667245
vt 0.626616 0.660821
vt 0.659330 0.703243
vt 0.877709 0.029969
vt 0.645169 0.258054
vt 0.654851 0.247885
vt 0.875543 0.009897
vt 0.606175 0.659351
vt 0.334887 0.774074
vt 0.331258 0.776542
vt 0.330480 0.773677
vt 0.587536 0.983089
vt 0.858700 0.973132
vt 0.709312 0.242951
vt 0.684903 0.240557
vt 0.683067 0.232603
vt 0.245517 0.771596
vt 0.250351 0.770119
vt 0.249271 0.771388
vt 0.612321 0.655181
vt 0.916277 0.341421
vt 0.920256 0.333605
vt 0.920904 0.341421
vt 0.576687 0.990385
vt 0.573128 0.996563
vt 0.573128 0.980847
vt 0.550946 0.962047
vt 0.377196 0.910396
vt 0.841434 0.572392
vt 0.842380 0.562168
vt 0.855425 0.539947
vt 0.640638 0.169938
vt 0.494567 0.694436
vt 0.494567 0.630501
vt 0.497007 0.660180
vt 0.637295 0.171045
vt 0.850905 0.540039
vt 0.863251 0.512752
vt 0.867929 0.514551
vt 0.636118 0.997424
vt 0.634974 0.990087
vt 0.637814 0.992122
vt 0.474030 0.659822
vt 0.972519 0.529255
vt 0.901492 0.998500
vt 0.901492 0.988011
vt 0.904037 0.992954
vt 0.869498 0.509159
vt 0.640999 0.164152
vt 0.030002 0.768596
vt 0.835918 0.971260
vt 0.639646 0.128332
vt 0.992943 0.738665
vt 0.310160 0.752526
vt 0.646312 0.166307
vt 0.646415 0.127179
vt 0.651776 0.124412
vt 0.736568 0.543160
vt 0.749811 0.541377
vt 0.738790 0.538441
vt 0.436192 0.945985
vt 0.439859 0.951656
vt 0.776733 0.784895
vt 0.740624 0.526993
vt 0.735775 0.538161
vt 0.871572 0.506617
vt 0.651606 0.050655
vt 0.647605 0.051980
vt 0.643482 0.051300
vt 0.756992 0.740650
vt 0.764038 0.751915
vt 0.751118 0.496914
vt 0.758193 0.484027
vt 0.639191 0.091524
vt 0.752420 0.485546
vt 0.758561 0.730767
vt 0.494123 0.963870
vt 0.765782 0.454398
vt 0.779113 0.330975
vt 0.781993 0.302553
vt 0.781993 0.334033
vt 0.173561 0.691616
vt 0.175856 0.653139
vt 0.179907 0.664157
vt 0.632988 0.038826
vt 0.847635 0.394523
vt 0.853184 0.383765
vt 0.855313 0.385824
vt 0.013845 0.644625
vt 0.329837 0.659507
vt 0.653301 0.027850
vt 0.834818 0.376605
vt 0.643069 0.997081
vt 0.564977 0.997754
vt 0.561903 0.993332
vt 0.564977 0.990141
vt 0.995335 0.404424
vt 0.765049 0.447975
vt 0.768911 0.437842
vt 0.401632 0.992729
vt 0.771798 0.431217
vt 0.831834 0.379289
vt 0.767347 0.422751
vt 0.858831 0.374100
vt 0.852308 0.371778
vt 0.856628 0.370034
vt 0.493431 0.914602
vt 0.013801 0.627219
vt 0.014197 0.612045
vt 0.985758 0.223928
vt 0.723021 0.659858
vt 0.866968 0.892170
vt 0.629043 0.025419
vt 0.605547 0.004164
vt 0.632956 0.025802
vt 0.302278 0.995877
vt 0.296820 0.993541
vt 0.801972 0.972869
vt 0.564977 0.996298
vt 0.564977 0.984231
vt 0.334738 0.622854
vt 0.328946 0.619489
vt 0.876493 0.948573
vt 0.810418 0.995150
vt 0.136939 0.980690
vt 0.123461 0.965218
vt 0.637188 0.018133
vt 0.608236 0.000000
vt 0.620468 0.005049
vt 0.605729 0.000771
vt 0.989734 0.559092
vt 0.811178 0.978502
vt 0.136176 0.958409
vt 0.810854 0.970147
vt 0.134397 0.949358
vt 0.739767 0.973327
vt 0.539505 0.983413
vt 0.741142 0.638969
vt 0.745406 0.637507
vt 0.737880 0.640775
vt 0.738262 0.637466
vt 0.210393 0.983756
vt 0.782810 0.390656
vt 0.780032 0.362440
vt 0.783594 0.377255
vt 0.773992 0.392217
vt 0.773979 0.374374
vt 0.732337 0.944520
vt 0.769324 0.363518
vt 0.756682 0.342949
vt 0.760257 0.343602
vt 0.695931 0.972270
vt 0.729955 0.614375
vt 0.735438 0.602098
vt 0.741278 0.595170
vt 0.754452 0.589260
vt 0.752810 0.587850
vt 0.769246 0.348362
vt 0.759934 0.341421
vt 0.766785 0.938599
vt 0.763195 0.941093
vt 0.766125 0.932032
vt 0.998216 0.078927
vt 0.999416 0.073880
vt 0.999416 0.082147
vt 0.759009 0.937440
vt 0.741979 0.935718
vt 0.750274 0.940745
vt 0.758911 0.931239
vt 0.756311 0.935634
vt 0.027642 0.939568
vt 0.019507 0.936695
vt 0.020804 0.892322
vt 0.001283 0.938770
vt 0.747202 0.927726
vt 0.745625 0.914847
vt 0.493272 0.715654
vt 0.492667 0.702638
vt 0.493272 0.694436
vt 0.035913 0.931426
vt 0.755908 0.907739
vt 0.750861 0.894398
vt 0.034048 0.934703
vt 0.736986 0.915405
vt 0.731556 0.930878
vt 0.726936 0.922457
vt 0.024050 0.897834
vt 0.747683 0.896291
vt 0.744325 0.904228
vt 0.983550 0.196329
vt 0.726044 0.924973
vt 0.737378 0.899671
vt 0.746349 0.876314
vt 0.738710 0.888599
vt 0.019916 0.878838
vt 0.991511 0.959644
vt 0.724723 0.907319
vt 0.991606 0.944346
vt 0.748442 0.866983
vt 0.015954 0.853445
vt 0.749423 0.851909
vt 0.026829 0.870193
vt 0.738843 0.868706
vt 0.013213 0.845105
vt 0.937432 0.415131
vt 0.930614 0.429327
vt 0.938316 0.387670
vt 0.731138 0.873381
vt 0.279896 0.971014
vt 0.278754 0.975399
vt 0.277184 0.972094
vt 0.187482 0.754484
vt 0.185397 0.751682
vt 0.187482 0.723213
vt 0.494567 0.687451
vt 0.492715 0.669277
vt 0.932204 0.374758
vt 0.930408 0.364684
vt 0.933309 0.347633
vt 0.738417 0.866378
vt 0.278284 0.961746
vt 0.273651 0.976744
vt 0.509245 0.992476
vt 0.506846 0.997230
vt 0.506350 0.992476
vt 0.122794 0.987283
vt 0.127801 0.991380
vt 0.122794 0.996328
vt 0.123657 0.983304
vt 0.879123 0.618355
vt 0.875830 0.614136
vt 0.884847 0.616191
vt 0.818417 0.333635
vt 0.184513 0.930805
vt 0.184513 0.908146
vt 0.187336 0.929371
vt 0.184513 0.950213
vt 0.187468 0.930806
vt 0.187468 0.952215
vt 0.151699 0.992351
vt 0.153681 0.997801
vt 0.151699 0.999480
vt 0.817113 0.312226
vt 0.806930 0.321320
vt 0.994927 0.862504
vt 0.995367 0.864378
vt 0.991256 0.866094
vt 0.803977 0.325617
vt 0.894656 0.603036
vt 0.801471 0.310774
vt 0.911084 0.591960
vt 0.895856 0.613422
vt 0.989354 0.863627
vt 0.997046 0.854306
vt 0.991396 0.012556
vt 0.996839 0.014444
vt 0.905287 0.605565
vt 0.899940 0.597866
vt 0.992916 0.010790
vt 0.891605 0.554288
vt 0.888780 0.941028
vt 0.890931 0.933460
vt 0.890931 0.944598
vt 0.204729 0.996038
vt 0.202869 0.986628
vt 0.204641 0.990062
vt 0.202869 0.994712
vt 0.799416 0.290765
vt 0.199511 0.997892
vt 0.198502 0.986628
vt 0.801394 0.273424
vt 0.783921 0.313554
vt 0.784752 0.317988
vt 0.748190 0.997320
vt 0.748190 0.989381
vt 0.751860 0.996692
vt 0.896245 0.540090
vt 0.898239 0.543932
vt 0.782345 0.302482
vt 0.054460 0.988697
vt 0.052588 0.983696
vt 0.054701 0.982322
vt 0.052588 0.996402
vt 0.900746 0.537065
vt 0.797022 0.261481
vt 0.792592 0.258643
vt 0.798013 0.259429
vt 0.785111 0.279101
vt 0.271149 0.542434
vt 0.269031 0.544751
vt 0.848088 0.972451
vt 0.935580 0.186468
vt 0.930390 0.186468
vt 0.932860 0.181044
vt 0.417000 0.976747
vt 0.298751 0.513483
vt 0.282532 0.524997
vt 0.292314 0.513341
vt 0.966574 0.534428
vt 0.963938 0.534428
vt 0.965942 0.530928
vt 0.922899 0.975689
vt 0.919926 0.977345
vt 0.370883 0.997092
vt 0.370883 0.993357
vt 0.373195 0.994229
vt 0.909108 0.745350
vt 0.296126 0.926300
vt 0.293590 0.925738
vt 0.293616 0.916818
vt 0.902212 0.749930
vt 0.900560 0.739295
vt 0.293135 0.929005
vt 0.928260 0.979708
vt 0.902579 0.745931
vt 0.561830 0.994072
vt 0.725033 0.993357
vt 0.710855 0.732527
vt 0.715454 0.732527
vt 0.713965 0.737709
vt 0.956407 0.203990
vt 0.254535 0.996601
vt 0.252248 0.994222
vt 0.864984 0.325220
vt 0.749284 0.971589
vt 0.914834 0.729152
vt 0.918693 0.734529
vt 0.286103 0.896970
vt 0.533489 0.983413
vt 0.915144 0.725457
vt 0.934843 0.953984
vt 0.296126 0.908575
vt 0.288352 0.896296
vt 0.537526 0.985938
vt 0.244524 0.413167
vt 0.229997 0.381009
vt 0.223059 0.348258
vt 0.272801 0.902440
vt 0.723021 0.983501
vt 0.724896 0.977005
vt 0.177226 0.343003
vt 0.176937 0.323492
vt 0.927374 0.640033
vt 0.922410 0.629227
vt 0.160665 0.291505
vt 0.947149 0.954862
vt 0.831552 0.150001
vt 0.829969 0.145128
vt 0.834429 0.148092
vt 0.833617 0.143361
vt 0.984648 0.317259
vt 0.985740 0.314645
vt 0.985740 0.321152
vt 0.843880 0.777316
vt 0.835791 0.133582
vt 0.930995 0.966281
vt 0.930051 0.961499
vt 0.931390 0.947840
vt 0.604461 0.916034
vt 0.603412 0.724358
vt 0.602591 0.713046
vt 0.832467 0.118005
vt 0.158699 0.286750
vt 0.138428 0.284918
vt 0.135872 0.273155
vt 0.979760 0.386053
vt 0.606699 0.889979
vt 0.843322 0.109977
vt 0.841796 0.125224
vt 0.224574 0.997174
vt 0.224420 0.986062
vt 0.229241 0.993193
vt 0.122776 0.281932
vt 0.845641 0.112320
vt 0.830604 0.748079
vt 0.824769 0.715357
vt 0.182796 0.990986
vt 0.848135 0.091116
vt 0.184337 0.992125
vt 0.932794 0.531569
vt 0.938297 0.534827
vt 0.932981 0.534371
vt 0.997796 0.320312
vt 0.997669 0.313485
vt 0.999489 0.313786
vt 0.606310 0.883587
vt 0.997037 0.200470
vt 0.996894 0.192222
vt 0.998193 0.197899
vt 0.994892 0.190992
vt 0.060253 0.997765
vt 0.062252 0.988073
vt 0.067144 0.991490
vt 0.043517 0.951061
vt 0.045022 0.945257
vt 0.045022 0.961052
vt 0.931466 0.943048
vt 0.928392 0.928248
vt 0.932508 0.889571
vt 0.984849 0.346719
vt 0.060581 0.981315
vt 0.067154 0.980269
vt 0.065876 0.984203
vt 0.955729 0.608921
vt 0.060253 0.982322
vt 0.959489 0.819403
vt 0.961554 0.988383
vt 0.966469 0.982903
vt 0.969617 0.983745
vt 0.923688 0.893908
vt 0.823314 0.722158
vt 0.818228 0.703528
vt 0.963139 0.980066
vt 0.928717 0.891572
vt 0.858715 0.087539
vt 0.863673 0.073437
vt 0.860730 0.101722
vt 0.997669 0.317843
vt 0.994282 0.321062
vt 0.994282 0.313485
vt 0.978325 0.540529
vt 0.709466 0.873222
vt 0.816378 0.721267
vt 0.316297 0.796415
vt 0.996001 0.672816
vt 0.996001 0.660771
vt 0.999004 0.666168
vt 0.848088 0.923048
vt 0.843362 0.923538
vt 0.166993 0.964916
vt 0.873936 0.067591
vt 0.870676 0.073431
vt 0.999080 0.931111
vt 0.999080 0.942355
vt 0.997946 0.938099
vt 0.743050 0.973327
vt 0.744599 0.977203
vt 0.743050 0.985725
vt 0.676367 0.724952
vt 0.804559 0.697724
vt 0.631795 0.271338
vt 0.608332 0.283828
vt 0.638477 0.666738
vt 0.252858 0.768447
vt 0.251572 0.791810
vt 0.632765 0.660048
vt 0.687710 0.230961
vt 0.604461 0.658703
vt 0.608671 0.649122
vt 0.928833 0.340156
vt 0.926398 0.334056
vt 0.931118 0.336084
vt 0.709471 0.232493
vt 0.997834 0.529130
vt 0.997834 0.518136
vt 0.999064 0.524089
vt 0.837433 0.577424
vt 0.832679 0.569135
vt 0.239472 0.613319
vt 0.234648 0.619997
vt 0.225075 0.623496
vt 0.663259 0.192362
vt 0.644749 0.169380
vt 0.637814 0.988146
vt 0.728810 0.829399
vt 0.733923 0.827539
vt 0.729055 0.832936
vt 0.783951 0.587850
vt 0.779141 0.581878
vt 0.786645 0.583890
vt 0.760965 0.579652
vt 0.758406 0.821463
vt 0.741949 0.565466
vt 0.762678 0.575546
vt 0.873367 0.512866
vt 0.509245 0.942488
vt 0.038700 0.997604
vt 0.038700 0.993493
vt 0.040536 0.996087
vt 0.789163 0.574025
vt 0.785327 0.572187
vt 0.789955 0.572210
vt 0.027778 0.770431
vt 0.727639 0.819261
vt 0.723021 0.818948
vt 0.730422 0.815752
vt 0.302056 0.770446
vt 0.959785 0.760584
vt 0.737805 0.805146
vt 0.775393 0.556738
vt 0.972519 0.466868
vt 0.020104 0.744288
vt 0.723021 0.549559
vt 0.728601 0.545516
vt 0.726602 0.554322
vt 0.789495 0.796253
vt 0.779788 0.794167
vt 0.783956 0.787781
vt 0.437531 0.959083
vt 0.954095 0.706580
vt 0.830068 0.932870
vt 0.774663 0.788824
vt 0.747735 0.545415
vt 0.312744 0.735216
vt 0.317923 0.720477
vt 0.987030 0.312531
vt 0.930297 0.889433
vt 0.931847 0.882803
vt 0.933391 0.888879
vt 0.187030 0.722777
vt 0.185280 0.723213
vt 0.187481 0.718491
vt 0.926894 0.889571
vt 0.928027 0.885136
vt 0.180776 0.719622
vt 0.175315 0.709699
vt 0.175526 0.698123
vt 0.327319 0.680970
vt 0.991606 0.973328
vt 0.127299 0.940375
vt 0.987503 0.293965
vt 0.747121 0.694858
vt 0.782245 0.302553
vt 0.779113 0.271857
vt 0.782245 0.257461
vt 0.636626 0.037740
vt 0.837810 0.372690
vt 0.847018 0.364848
vt 0.637377 0.033107
vt 0.652037 0.028934
vt 0.988331 0.626258
vt 0.989637 0.581755
vt 0.386693 0.930399
vt 0.384958 0.911636
vt 0.386693 0.910169
vt 0.640396 0.020942
vt 0.633068 0.035765
vt 0.854682 0.379053
vt 0.970484 0.300122
vt 0.344683 0.633199
vt 0.344683 0.602567
vt 0.346652 0.620906
vt 0.742374 0.664570
vt 0.627641 0.032487
vt 0.625201 0.031435
vt 0.626094 0.029399
vt 0.948097 0.019009
vt 0.494220 0.901883
vt 0.646146 0.022489
vt 0.834605 0.374507
vt 0.724667 0.654121
vt 0.333978 0.640699
vt 0.840758 0.365570
vt 0.769383 0.422804
vt 0.631645 0.018976
vt 0.858998 0.357746
vt 0.136939 0.974620
vt 0.138421 0.977647
vt 0.136939 0.987378
vt 0.784293 0.396269
vt 0.787092 0.411007
vt 0.872440 0.586487
vt 0.872440 0.582263
vt 0.873276 0.585163
vt 0.839696 0.363319
vt 0.771146 0.417508
vt 0.641000 0.014691
vt 0.997896 0.305438
vt 0.997896 0.299612
vt 0.999024 0.302856
vt 0.844573 0.364776
vt 0.843011 0.360582
vt 0.729640 0.639377
vt 0.787439 0.427686
vt 0.789955 0.413902
vt 0.710097 0.981072
vt 0.052588 0.983638
vt 0.873367 0.342581
vt 0.875895 0.953585
vt 0.768056 0.417158
vt 0.947305 0.001141
vt 0.860844 0.349484
vt 0.870448 0.341421
vt 0.052588 0.931146
vt 0.126876 0.966714
vt 0.135077 0.616164
vt 0.143954 0.605295
vt 0.154320 0.603701
vt 0.789135 0.401021
vt 0.772358 0.400992
vt 0.765658 0.409097
vt 0.043517 0.993493
vt 0.043517 0.997652
vt 0.041645 0.997210
vt 0.745059 0.653429
vt 0.346517 0.999000
vt 0.346517 0.990173
vt 0.349139 0.995996
vt 0.779470 0.968429
vt 0.748983 0.654760
vt 0.742202 0.647709
vt 0.989049 0.540430
vt 0.444389 0.978151
vt 0.442412 0.971895
vt 0.444389 0.963600
vt 0.768474 0.403580
vt 0.769863 0.400774
vt 0.171243 0.604889
vt 0.174310 0.610398
vt 0.163621 0.602567
vt 0.895956 0.775029
vt 0.901363 0.771529
vt 0.892687 0.780538
vt 0.775682 0.396473
vt 0.769491 0.395501
vt 0.995435 0.234608
vt 0.997879 0.235397
vt 0.994282 0.239991
vt 0.152065 0.992351
vt 0.999473 0.227358
vt 0.848434 0.338005
vt 0.728654 0.624188
vt 0.736864 0.619844
vt 0.933749 0.454350
vt 0.929927 0.457945
vt 0.936688 0.443811
vt 0.939035 0.358649
vt 0.936825 0.351051
vt 0.936349 0.341421
vt 0.848088 0.970885
vt 0.845750 0.964461
vt 0.998718 0.022730
vt 0.995914 0.010208
vt 0.992336 0.850645
vt 0.995969 0.849901
vt 0.386187 0.997204
vt 0.382650 0.998189
vt 0.386187 0.989120
vt 0.207787 0.995765
vt 0.207894 0.989350
vt 0.152739 0.972708
vt 0.149903 0.969926
vt 0.156802 0.972626
vt 0.057826 0.993800
vt 0.054419 0.996587
vt 0.057687 0.996219
vt 0.153029 0.960303
vt 0.148924 0.962548
vt 0.758277 0.955701
vt 0.755867 0.958789
vt 0.997745 0.125599
vt 0.999473 0.122202
vt 0.999473 0.131142
vt 0.146703 0.953243
vt 0.831834 0.554818
vt 0.149123 0.941881
vt 0.240019 0.419894
vt 0.220073 0.425037
vt 0.225693 0.407214
vt 0.274058 0.924618
vt 0.272349 0.923527
vt 0.206044 0.389181
vt 0.918730 0.723171
vt 0.201714 0.318389
vt 0.196262 0.277677
vt 0.947578 0.243542
vt 0.842703 0.808116
vt 0.846099 0.789367
vt 0.845615 0.804808
vt 0.960751 0.676140
vt 0.956163 0.687040
vt 0.957810 0.674805
vt 0.830696 0.158427
vt 0.833239 0.168752
vt 0.831221 0.169978
vt 0.033198 0.979448
vt 0.034695 0.978840
vt 0.034695 0.991178
vt 0.842265 0.786242
vt 0.176354 0.307805
vt 0.943523 0.955141
vt 0.848088 0.788445
vt 0.929423 0.639246
vt 0.830145 0.159548
vt 0.956363 0.662075
vt 0.997087 0.970518
vt 0.998602 0.971245
vt 0.997087 0.981255
vt 0.998041 0.297497
vt 0.994281 0.299577
vt 0.996454 0.290836
vt 0.539505 0.930281
vt 0.543881 0.916686
vt 0.543881 0.938948
vt 0.931204 0.963858
vt 0.839155 0.772434
vt 0.836904 0.144941
vt 0.494286 0.992398
vt 0.488056 0.988613
vt 0.494286 0.976114
vt 0.994285 0.291586
vt 0.995828 0.287612
vt 0.932508 0.962529
vt 0.485508 0.986455
vt 0.487420 0.983851
vt 0.175056 0.992738
vt 0.178796 0.992125
vt 0.178796 0.997436
vt 0.021034 0.996303
vt 0.018755 0.997242
vt 0.018755 0.993337
vt 0.845740 0.927670
vt 0.848088 0.925696
vt 0.491465 0.997265
vt 0.488557 0.993821
vt 0.491465 0.992398
vt 0.704397 0.997459
vt 0.702943 0.994753
vt 0.704397 0.993620
vt 0.854024 0.118254
vt 0.487854 0.968255
vt 0.849434 0.139594
vt 0.069925 0.989018
vt 0.067158 0.972997
vt 0.318122 0.986964
vt 0.318122 0.994962
vt 0.317206 0.991636
vt 0.204404 0.276349
vt 0.198809 0.263852
vt 0.208940 0.246257
vt 0.928702 0.943883
vt 0.928159 0.949118
vt 0.998276 0.653006
vt 0.996871 0.654573
vt 0.996001 0.646532
vt 0.998214 0.647105
vt 0.314590 0.987107
vt 0.975866 0.398776
vt 0.975903 0.395923
vt 0.213945 0.260610
vt 0.489272 0.729074
vt 0.485535 0.729074
vt 0.486282 0.725332
vt 0.718378 0.841173
vt 0.720008 0.838606
vt 0.720008 0.842279
vt 0.969170 0.534516
vt 0.970200 0.532002
vt 0.971697 0.534343
vt 0.600002 0.969024
vt 0.599083 0.968226
vt 0.600210 0.966289
vt 0.975169 0.399678
vt 0.973287 0.396360
vt 0.977471 0.397747
vt 0.720943 0.785966
vt 0.720245 0.779187
vt 0.722917 0.782207
vt 0.998934 0.644859
vt 0.994282 0.270049
vt 0.998005 0.471668
vt 0.997834 0.466509
vt 0.999743 0.465384
vt 0.038700 0.997167
vt 0.036519 0.994620
vt 0.977710 0.395502
vt 0.926669 0.932250
vt 0.111174 0.997210
vt 0.111174 0.982421
vt 0.114820 0.994169
vt 0.999046 0.639494
vt 0.928981 0.945545
vt 0.602414 0.993808
vt 0.600242 0.982176
vt 0.604447 0.995016
vt 0.609415 0.886474
vt 0.998239 0.425343
vt 0.999304 0.419651
vt 0.999304 0.427619
vt 0.825782 0.759132
vt 0.822914 0.763458
vt 0.653662 0.341354
vt 0.858975 0.124086
vt 0.855996 0.125346
vt 0.858531 0.113543
vt 0.718084 0.777392
vt 0.722917 0.737783
vt 0.146703 0.993603
vt 0.146703 0.996736
vt 0.144736 0.994074
vt 0.851908 0.102778
vt 0.856369 0.104138
vt 0.067129 0.982322
vt 0.576876 0.997203
vt 0.578748 0.993393
vt 0.579770 0.996801
vt 0.058705 0.982322
vt 0.821058 0.762376
vt 0.809689 0.714125
vt 0.968497 0.980119
vt 0.821114 0.735365
vt 0.890317 0.629016
vt 0.883551 0.623505
vt 0.890317 0.618355
vt 0.898871 0.341381
vt 0.895370 0.334276
vt 0.808274 0.756839
vt 0.866958 0.093481
vt 0.868057 0.085254
vt 0.869498 0.100599
vt 0.872868 0.078223
vt 0.947492 0.574221
vt 0.606303 0.292268
vt 0.605547 0.286535
vt 0.607714 0.290871
vt 0.607152 0.755926
vt 0.175756 0.723213
vt 0.177529 0.757193
vt 0.174188 0.726412
vt 0.740070 0.313712
vt 0.746127 0.314523
vt 0.683273 0.735845
vt 0.722387 0.702653
vt 0.722952 0.698451
vt 0.722952 0.705793
vt 0.617218 0.282273
vt 0.879833 0.075899
vt 0.797434 0.699049
vt 0.324483 0.790333
vt 0.326502 0.773504
vt 0.327318 0.770446
vt 0.710663 0.737624
vt 0.707840 0.735524
vt 0.710663 0.728908
vt 0.997046 0.853890
vt 0.999188 0.852944
vt 0.999188 0.860575
vt 0.932260 0.334056
vt 0.465355 0.999373
vt 0.463140 0.992253
vt 0.465395 0.992253
vt 0.548461 0.969820
vt 0.546242 0.969066
vt 0.377018 0.932552
vt 0.374205 0.934358
vt 0.543960 0.957963
vt 0.919562 0.996263
vt 0.915313 0.990134
vt 0.919562 0.988654
vt 0.544072 0.939430
vt 0.543915 0.929486
vt 0.455339 0.593796
vt 0.433892 0.574252
vt 0.451704 0.574265
vt 0.260040 0.610429
vt 0.240486 0.627874
vt 0.265804 0.602567
vt 0.250645 0.607541
vt 0.243374 0.606430
vt 0.442614 0.569582
vt 0.427976 0.568336
vt 0.430151 0.564586
vt 0.427230 0.566402
vt 0.722916 0.838606
vt 0.722420 0.842103
vt 0.497185 0.729725
vt 0.492724 0.723584
vt 0.497185 0.723563
vt 0.701605 0.997439
vt 0.700040 0.994860
vt 0.701605 0.993620
vt 0.779434 0.577834
vt 0.781617 0.582160
vt 0.733940 0.824256
vt 0.081807 0.994531
vt 0.079394 0.999247
vt 0.079394 0.992205
vt 0.775419 0.802200
vt 0.775749 0.811650
vt 0.018755 0.997622
vt 0.016627 0.995561
vt 0.785623 0.337998
vt 0.785623 0.341395
vt 0.782345 0.341186
vt 0.417638 0.562928
vt 0.415350 0.564310
vt 0.419364 0.559665
vt 0.986650 0.459108
vt 0.984849 0.461606
vt 0.984849 0.454819
vt 0.781037 0.572039
vt 0.776796 0.567748
vt 0.542071 0.832084
vt 0.541679 0.836355
vt 0.538591 0.834936
vt 0.491465 0.998574
vt 0.493752 0.995244
vt 0.736349 0.814725
vt 0.732105 0.819148
vt 0.409454 0.554230
vt 0.024283 0.759655
vt 0.312337 0.759689
vt 0.543061 0.840384
vt 0.522389 0.838127
vt 0.786215 0.799550
vt 0.537718 0.843003
vt 0.519302 0.844201
vt 0.758040 0.803502
vt 0.727462 0.541799
vt 0.314361 0.746931
vt 0.185471 0.713918
vt 0.995781 0.956021
vt 0.928817 0.864329
vt 0.924416 0.872400
vt 0.902317 0.835150
vt 0.986231 0.257350
vt 0.187481 0.651617
vt 0.182254 0.696142
vt 0.846451 0.998049
vt 0.846451 0.987813
vt 0.850746 0.991637
vt 0.629072 0.030330
vt 0.858591 0.377297
vt 0.999013 0.600881
vt 0.996435 0.602736
vt 0.010738 0.623492
vt 0.183931 0.628987
vt 0.330367 0.629971
vt 0.929258 0.781643
vt 0.912557 0.776561
vt 0.931164 0.777870
vt 0.643068 0.013746
vt 0.166767 0.618361
vt 0.171357 0.618932
vt 0.640118 0.011969
vt 0.494286 0.876453
vt 0.894439 0.817677
vt 0.892755 0.796710
vt 0.898088 0.822297
vt 0.877302 0.983664
vt 0.886167 0.985663
vt 0.052585 0.944964
vt 0.162336 0.614602
vt 0.149149 0.614697
vt 0.160135 0.610543
vt 0.829980 0.960280
vt 0.746793 0.657351
vt 0.788707 0.407334
vt 0.909067 0.767707
vt 0.918010 0.767643
vt 0.933391 0.773834
vt 0.768947 0.969892
vt 0.890962 0.792180
vt 0.460798 0.997862
vt 0.457870 0.992253
vt 0.460876 0.992253
vt 0.745360 0.641992
vt 0.766709 0.395139
vt 0.954689 0.528654
vt 0.788962 0.398677
vt 0.746757 0.638303
vt 0.748414 0.640256
vt 0.767057 0.391784
vt 0.763456 0.392454
vt 0.935549 0.400225
vt 0.213797 0.601342
vt 0.211128 0.592628
vt 0.221382 0.602567
vt 0.928260 0.998733
vt 0.926267 0.996004
vt 0.928260 0.993192
vt 0.270739 0.966044
vt 0.275108 0.955685
vt 0.272422 0.955891
vt 0.272301 0.546011
vt 0.269839 0.547033
vt 0.995335 0.376144
vt 0.998697 0.367280
vt 0.998697 0.379711
vt 0.715322 0.737135
vt 0.210530 0.348878
vt 0.832225 0.177694
vt 0.837888 0.180541
vt 0.836197 0.182142
vt 0.831278 0.814479
vt 0.836043 0.808445
vt 0.838450 0.806388
vt 0.839114 0.174885
vt 0.950617 0.901912
vt 0.954180 0.905206
vt 0.953409 0.916868
vt 0.844273 0.153721
vt 0.843762 0.170061
vt 0.949695 0.891275
vt 0.828087 0.778877
vt 0.841382 0.777957
vt 0.833294 0.782567
vt 0.344696 0.724324
vt 0.346627 0.722589
vt 0.346627 0.746184
vt 0.848125 0.147803
vt 0.847327 0.792972
vt 0.846763 0.171230
vt 0.824339 0.770803
vt 0.994281 0.285631
vt 0.761397 0.997644
vt 0.764065 0.991168
vt 0.764065 0.998807
vt 0.998934 0.657535
vt 0.826954 0.773705
vt 0.718558 0.795359
vt 0.718247 0.786445
vt 0.720986 0.792288
vt 0.721469 0.785599
vt 0.313525 0.989206
vt 0.316241 0.996996
vt 0.998041 0.295509
vt 0.999620 0.291883
vt 0.999620 0.299577
vt 0.825265 0.766802
vt 0.150199 0.278466
vt 0.924222 0.995438
vt 0.926267 0.993192
vt 0.926267 0.998354
vt 0.721842 0.783231
vt 0.960967 0.534700
vt 0.958237 0.533101
vt 0.960967 0.531396
vt 0.966574 0.530928
vt 0.969170 0.533801
vt 0.966574 0.534444
vt 0.969170 0.530928
vt 0.791124 0.339497
vt 0.793277 0.337998
vt 0.719039 0.783005
vt 0.957914 0.530928
vt 0.600210 0.971369
vt 0.701605 0.994944
vt 0.702943 0.993620
vt 0.702943 0.997894
vt 0.600242 0.995620
vt 0.803359 0.340909
vt 0.801581 0.341190
vt 0.801581 0.338295
vt 0.852581 0.136655
vt 0.854021 0.139881
vt 0.231581 0.986561
vt 0.606522 0.887477
vt 0.218465 0.247068
vt 0.997834 0.463837
vt 0.231581 0.983845
vt 0.010493 0.996453
vt 0.007617 0.998449
vt 0.007617 0.990626
vt 0.075201 0.991608
vt 0.075201 0.999335
vt 0.073605 0.996066
vt 0.224915 0.978532
vt 0.122875 0.275099
vt 0.809691 0.989056
vt 0.809384 0.992033
vt 0.807182 0.998973
vt 0.607151 0.892255
vt 0.967134 0.993153
vt 0.965823 0.988383
vt 0.969153 0.991310
vt 0.791125 0.339385
vt 0.788659 0.341345
vt 0.788659 0.337998
vt 0.865735 0.108878
vt 0.810418 0.994141
vt 0.995987 0.187300
vt 0.948617 0.604108
vt 0.868208 0.128211
vt 0.863949 0.102889
vt 0.576876 0.987188
vt 0.581807 0.985478
vt 0.971458 0.979457
vt 0.961845 0.977066
vt 0.885022 0.627480
vt 0.801649 0.698838
vt 0.071339 0.773851
vt 0.070035 0.723213
vt 0.075972 0.734032
vt 0.873341 0.093525
vt 0.847558 0.925696
vt 0.972369 0.132332
vt 0.972369 0.126046
vt 0.977441 0.129994
vt 0.877597 0.082924
vt 0.882429 0.084392
vt 0.962483 0.973776
vt 0.961554 0.970140
vt 0.685159 0.737783
vt 0.688369 0.735862
vt 0.752545 0.317417
vt 0.610505 0.288415
vt 0.173132 0.736007
vt 0.166934 0.980839
vt 0.164756 0.977812
vt 0.166934 0.971360
vt 0.795330 0.742516
vt 0.566084 0.941835
vt 0.214552 0.763221
vt 0.213528 0.753793
vt 0.220707 0.765150
vt 0.468149 0.730316
vt 0.464091 0.729603
vt 0.469724 0.726201
vt 0.465548 0.719951
vt 0.470653 0.696859
vt 0.216824 0.732001
vt 0.219655 0.755548
vt 0.330507 0.827877
vt 0.217212 0.718211
vt 0.212295 0.740948
vt 0.224052 0.752540
vt 0.459551 0.696684
vt 0.468120 0.697718
vt 0.468654 0.662835
vt 0.474030 0.700166
vt 0.225996 0.760667
vt 0.448647 0.723932
vt 0.459018 0.724704
vt 0.462348 0.690891
vt 0.472748 0.666515
vt 0.458472 0.706678
vt 0.223915 0.730355
vt 0.227181 0.731073
vt 0.228808 0.739117
vt 0.242460 0.757762
vt 0.471082 0.632279
vt 0.218776 0.680236
vt 0.221386 0.689361
vt 0.224646 0.688313
vt 0.465036 0.652608
vt 0.227879 0.767417
vt 0.229888 0.714879
vt 0.467859 0.648710
vt 0.254770 0.792906
vt 0.458312 0.677189
vt 0.460658 0.674530
vt 0.231684 0.717620
vt 0.240178 0.741470
vt 0.231696 0.755604
vt 0.456123 0.681340
vt 0.458339 0.648956
vt 0.434058 0.712084
vt 0.225444 0.664147
vt 0.220219 0.663954
vt 0.224383 0.680386
vt 0.231404 0.680081
vt 0.244345 0.695714
vt 0.962937 0.307965
vt 0.957924 0.304383
vt 0.962538 0.304854
vt 0.215483 0.641078
vt 0.447161 0.708161
vt 0.442785 0.675748
vt 0.444856 0.674639
vt 0.453525 0.659401
vt 0.232750 0.700222
vt 0.473707 0.626097
vt 0.474030 0.592070
vt 0.210882 0.628478
vt 0.217104 0.629919
vt 0.223216 0.661736
vt 0.458881 0.626259
vt 0.547013 0.975239
vt 0.543915 0.972891
vt 0.217864 0.627109
vt 0.230606 0.675429
vt 0.245608 0.716009
vt 0.455004 0.644492
vt 0.455773 0.632346
vt 0.459648 0.619654
vt 0.544887 0.967955
vt 0.235169 0.682307
vt 0.237409 0.685159
vt 0.440105 0.681475
vt 0.257975 0.737017
vt 0.248179 0.755511
vt 0.462927 0.619095
vt 0.233488 0.636201
vt 0.232311 0.662389
vt 0.234315 0.670720
vt 0.452350 0.631442
vt 0.998216 0.080372
vt 0.996843 0.073880
vt 0.464973 0.587228
vt 0.334887 0.972788
vt 0.330240 0.963389
vt 0.334858 0.965078
vt 0.236120 0.659596
vt 0.444813 0.648198
vt 0.445767 0.618671
vt 0.225908 0.625779
vt 0.244394 0.671355
vt 0.248370 0.686053
vt 0.438026 0.649340
vt 0.457057 0.611729
vt 0.460081 0.596991
vt 0.889782 0.944598
vt 0.890931 0.954442
vt 0.889782 0.964197
vt 0.239402 0.664347
vt 0.242881 0.665035
vt 0.441659 0.647274
vt 0.443349 0.621012
vt 0.450690 0.620106
vt 0.451687 0.595902
vt 0.334887 0.955937
vt 0.249700 0.706214
vt 0.238507 0.647211
vt 0.235179 0.648125
vt 0.237035 0.635327
vt 0.245988 0.655692
vt 0.438938 0.626814
vt 0.447485 0.617800
vt 0.444138 0.586426
vt 0.239879 0.624732
vt 0.244629 0.650827
vt 0.253115 0.665683
vt 0.424142 0.667986
vt 0.421708 0.666898
vt 0.251176 0.655921
vt 0.244919 0.631833
vt 0.438342 0.615950
vt 0.250979 0.629971
vt 0.722970 0.651884
vt 0.721811 0.614271
vt 0.722970 0.607164
vt 0.419834 0.676207
vt 0.768954 0.995946
vt 0.768954 0.983911
vt 0.770020 0.986705
vt 0.254554 0.658419
vt 0.420295 0.646477
vt 0.260103 0.638158
vt 0.264564 0.726015
vt 0.266815 0.703701
vt 0.270739 0.700402
vt 0.262677 0.640916
vt 0.267535 0.686320
vt 0.266471 0.636490
vt 0.430418 0.606511
vt 0.426527 0.592944
vt 0.944025 0.410004
vt 0.939575 0.410114
vt 0.939708 0.366294
vt 0.267160 0.608236
vt 0.423716 0.572321
vt 0.270739 0.610714
vt 0.268356 0.607220
vt 0.421059 0.570217
vt 0.496971 0.997299
vt 0.494286 0.994229
vt 0.496971 0.992476
vt 0.682455 0.998308
vt 0.679285 0.995432
vt 0.682455 0.989933
vt 0.737483 0.555433
vt 0.782162 0.336165
vt 0.779113 0.341162
vt 0.779113 0.334033
vt 0.954658 0.529308
vt 0.952441 0.532816
vt 0.349139 0.992738
vt 0.351765 0.990173
vt 0.351765 0.999019
vt 0.756550 0.557972
vt 0.416511 0.567254
vt 0.413156 0.568591
vt 0.947996 0.181114
vt 0.947996 0.186573
vt 0.945099 0.182561
vt 0.538476 0.829574
vt 0.400058 0.554471
vt 0.732640 0.560923
vt 0.524396 0.831884
vt 0.009635 0.737737
vt 0.294519 0.997543
vt 0.290107 0.992880
vt 0.294519 0.987847
vt 0.909960 0.828392
vt 0.333040 0.650807
vt 0.334094 0.626910
vt 0.344683 0.618230
vt 0.899706 0.795328
vt 0.138769 0.620975
vt 0.999473 0.242917
vt 0.228243 0.598229
vt 0.998718 0.000000
vt 0.383288 0.990242
vt 0.150306 0.973445
vt 0.274183 0.551552
vt 0.060253 0.985179
vt 0.330279 0.955937
vt 0.330279 0.934483
vt 0.334887 0.939669
vt 0.859217 0.973132
vt 0.318367 0.519292
vt 0.300438 0.526997
vt 0.305286 0.516409
vt 0.245113 0.541137
vt 0.228850 0.543420
vt 0.840117 0.811994
vt 0.949639 0.689791
vt 0.852069 0.181163
vt 0.856610 0.183008
vt 0.853429 0.185873
vt 0.192892 0.302120
vt 0.817780 0.790970
vt 0.818824 0.809592
vt 0.951567 0.872963
vt 0.959726 0.886569
vt 0.950165 0.658766
vt 0.860890 0.156142
vt 0.190997 0.271890
vt 0.864513 0.138383
vt 0.866412 0.143092
vt 0.861691 0.166705
vt 0.204511 0.249534
vt 0.143614 0.274984
vt 0.220100 0.238204
vt 0.867512 0.133093
vt 0.121109 0.272650
vt 0.868396 0.150193
vt 0.872041 0.120695
vt 0.965823 0.998667
vt 0.344696 0.758391
vt 0.346628 0.746184
vt 0.346628 0.768274
vt 0.807182 0.990455
vt 0.807042 0.760173
vt 0.052837 0.980022
vt 0.886406 0.134996
vt 0.922878 0.339135
vt 0.920904 0.333605
vt 0.926398 0.333605
vt 0.988737 0.335270
vt 0.984648 0.334551
vt 0.884395 0.106639
vt 0.962950 0.975364
vt 0.961554 0.973776
vt 0.657160 0.928702
vt 0.655735 0.920645
vt 0.660300 0.928656
vt 0.609827 0.780273
vt 0.607859 0.777545
vt 0.886824 0.112713
vt 0.789955 0.763927
vt 0.792385 0.724154
vt 0.606701 0.765577
vt 0.607260 0.763011
vt 0.760376 0.320771
vt 0.754648 0.314640
vt 0.928819 0.591995
vt 0.919267 0.592873
vt 0.919648 0.587178
vt 0.733246 0.992155
vt 0.736097 0.994075
vt 0.733246 0.998482
vt 0.116565 0.935035
vt 0.119750 0.936053
vt 0.111954 0.947510
vt 0.775191 0.337733
vt 0.771313 0.331012
vt 0.779113 0.330921
vt 0.561830 0.944517
vt 0.044151 0.931146
vt 0.045098 0.934808
vt 0.044151 0.939546
vt 0.000432 0.974406
vt 0.000000 0.963542
vt 0.002317 0.965410
vt 0.462970 0.732068
vt 0.002872 0.955674
vt 0.000000 0.950162
vt 0.003246 0.947023
vt 0.221892 0.768447
vt 0.321712 0.803724
vt 0.257066 0.802655
vt 0.452169 0.729886
vt 0.217048 0.671890
vt 0.439655 0.720699
vt 0.200284 0.650252
vt 0.961783 0.327005
vt 0.954961 0.312622
vt 0.136939 0.941881
vt 0.138691 0.970823
vt 0.244131 0.759719
vt 0.979359 0.568663
vt 0.978325 0.534848
vt 0.982365 0.555756
vt 0.942522 0.486104
vt 0.939569 0.485112
vt 0.941380 0.480504
vt 0.955500 0.300122
vt 0.994135 0.407829
vt 0.992898 0.388480
vt 0.995335 0.397957
vt 0.257257 0.744699
vt 0.427851 0.704750
vt 0.939557 0.459567
vt 0.940587 0.446775
vt 0.942635 0.466742
vt 0.942644 0.451666
vt 0.942600 0.421185
vt 0.418992 0.642976
vt 0.423083 0.584293
vt 0.939557 0.341421
vt 0.941676 0.351028
vt 0.534371 0.823898
vt 0.406553 0.572143
vt 0.540419 0.963307
vt 0.539505 0.976895
vt 0.543788 0.961555
vt 0.065667 0.933102
vt 0.070031 0.933102
vt 0.067451 0.938232
vt 0.539720 0.978649
vt 0.541995 0.978643
vt 0.543788 0.982588
vt 0.397730 0.584010
vt 0.608156 0.995152
vt 0.604461 0.996774
vt 0.604461 0.990695
vt 0.540395 0.977086
vt 0.543788 0.976894
vt 0.760433 0.803800
vt 0.518716 0.839985
vt 0.513075 0.847053
vt 0.009590 0.649753
vt 0.333608 0.663128
vt 0.829980 0.947113
vt 0.821628 0.944375
vt 0.827142 0.939403
vt 0.830068 0.992716
vt 0.833811 0.988377
vt 0.833811 0.997668
vt 0.007031 0.627439
vt 0.340986 0.641265
vt 0.245517 0.941580
vt 0.254356 0.942258
vt 0.246307 0.944659
vt 0.337378 0.638987
vt 0.271276 0.976015
vt 0.911500 0.986421
vt 0.909402 0.985996
vt 0.238900 0.599007
vt 0.269690 0.586986
vt 0.268969 0.588644
vt 0.939557 0.406936
vt 0.231085 0.601937
vt 0.280407 0.578079
vt 0.278873 0.573869
vt 0.282813 0.575658
vt 0.272942 0.572400
vt 0.272466 0.555387
vt 0.217353 0.570828
vt 0.212568 0.583691
vt 0.210502 0.577554
vt 0.337709 0.536137
vt 0.337354 0.525082
vt 0.339230 0.528152
vt 0.204419 0.573558
vt 0.211733 0.564876
vt 0.215431 0.549616
vt 0.231286 0.555716
vt 0.214042 0.388126
vt 0.221544 0.385564
vt 0.201147 0.355541
vt 0.954452 0.920434
vt 0.952816 0.925510
vt 0.951698 0.920844
vt 0.842991 0.186274
vt 0.954133 0.694972
vt 0.352809 0.965942
vt 0.355698 0.953719
vt 0.356405 0.967031
vt 0.193205 0.317814
vt 0.818252 0.813802
vt 0.858659 0.184425
vt 0.196758 0.991496
vt 0.198448 0.995222
vt 0.196758 0.999467
vt 0.815185 0.810495
vt 0.176399 0.278804
vt 0.861064 0.178563
vt 0.809762 0.808694
vt 0.796982 0.793863
vt 0.875450 0.169010
vt 0.882904 0.155092
vt 0.961012 0.840603
vt 0.154629 0.275635
vt 0.998814 0.731766
vt 0.993979 0.729098
vt 0.997516 0.724301
vt 0.784887 0.976404
vt 0.789494 0.970745
vt 0.786331 0.986084
vt 0.992943 0.722165
vt 0.793007 0.785359
vt 0.134952 0.264801
vt 0.144687 0.997106
vt 0.999489 0.321020
vt 0.501656 0.992476
vt 0.503775 0.996306
vt 0.501656 0.998659
vt 0.998193 0.188887
vt 0.113205 0.272334
vt 0.115660 0.259653
vt 0.223916 0.225268
vt 0.225692 0.225835
vt 0.227619 0.232979
vt 0.226019 0.234947
vt 0.110950 0.270017
vt 0.111571 0.264895
vt 0.582362 0.992345
vt 0.114106 0.258602
vt 0.969846 0.976427
vt 0.081394 0.775164
vt 0.661973 0.925366
vt 0.661595 0.918730
vt 0.163427 0.749633
vt 0.079958 0.741383
vt 0.606229 0.772073
vt 0.606919 0.767836
vt 0.661973 0.916282
vt 0.085805 0.747126
vt 0.942767 0.341266
vt 0.939533 0.334736
vt 0.942767 0.334056
vt 0.975764 0.123019
vt 0.767404 0.323775
vt 0.762593 0.319847
vt 0.761101 0.313266
vt 0.779113 0.341071
vt 0.778106 0.337381
vt 0.268612 0.935360
vt 0.270566 0.931418
vt 0.270566 0.941516
vt 0.164110 0.745130
vt 0.929568 0.599495
vt 0.919341 0.581847
vt 0.249831 0.875059
vt 0.249443 0.846418
vt 0.257847 0.821131
vt 0.998943 0.561999
vt 0.999013 0.566517
vt 0.996435 0.563482
vt 0.323968 0.822954
vt 0.328914 0.849393
vt 0.980647 0.671718
vt 0.978325 0.667766
vt 0.980870 0.661133
vt 0.008201 0.961684
vt 0.473438 0.719101
vt 0.947578 0.323818
vt 0.215036 0.646384
vt 0.949686 0.320153
vt 0.987147 0.361043
vt 0.991340 0.355635
vt 0.993954 0.363758
vt 0.992402 0.341421
vt 0.994898 0.344680
vt 0.946449 0.357872
vt 0.185570 0.882515
vt 0.187093 0.859306
vt 0.187093 0.884774
vt 0.392747 0.682227
vt 0.380249 0.710940
vt 0.390649 0.677949
vt 0.550880 0.765532
vt 0.542654 0.797168
vt 0.558594 0.712533
vt 0.553261 0.693801
vt 0.558329 0.687613
vt 0.547157 0.685399
vt 0.558101 0.682603
vt 0.550074 0.692202
vt 0.373498 0.712183
vt 0.371422 0.708110
vt 0.377144 0.706759
vt 0.375465 0.694176
vt 0.380446 0.678246
vt 0.410849 0.575355
vt 0.544399 0.817789
vt 0.550784 0.829826
vt 0.545168 0.720215
vt 0.550477 0.687079
vt 0.372137 0.694776
vt 0.545972 0.708649
vt 0.541669 0.700320
vt 0.547134 0.690523
vt 0.385749 0.651871
vt 0.539075 0.748399
vt 0.372468 0.688147
vt 0.377327 0.673537
vt 0.541112 0.706670
vt 0.382511 0.650882
vt 0.410028 0.586055
vt 0.603480 0.780302
vt 0.602699 0.773319
vt 0.603480 0.756360
vt 0.540933 0.740138
vt 0.541719 0.693399
vt 0.536213 0.746757
vt 0.535114 0.731682
vt 0.539474 0.718564
vt 0.377466 0.656393
vt 0.533742 0.693474
vt 0.542960 0.683343
vt 0.382669 0.627861
vt 0.534658 0.738048
vt 0.536309 0.706697
vt 0.350475 0.659497
vt 0.363279 0.663658
vt 0.067833 0.951770
vt 0.529704 0.808068
vt 0.529932 0.801759
vt 0.528708 0.769822
vt 0.530807 0.714738
vt 0.368621 0.639409
vt 0.382033 0.615690
vt 0.394480 0.589571
vt 0.531477 0.737666
vt 0.440015 0.948364
vt 0.440015 0.924968
vt 0.440973 0.933476
vt 0.395946 0.589241
vt 0.524788 0.739783
vt 0.364723 0.705212
vt 0.355103 0.684986
vt 0.396458 0.545278
vt 0.519178 0.831231
vt 0.518745 0.789421
vt 0.523344 0.768115
vt 0.515235 0.774303
vt 0.523097 0.706251
vt 0.373954 0.614495
vt 0.394964 0.563235
vt 0.519653 0.776001
vt 0.525635 0.724605
vt 0.365821 0.643395
vt 0.514656 0.795931
vt 0.514478 0.716203
vt 0.519108 0.706933
vt 0.383305 0.573738
vt 0.394230 0.545300
vt 0.513550 0.841850
vt 0.348435 0.656882
vt 0.505584 0.803847
vt 0.513102 0.816107
vt 0.603020 0.740406
vt 0.604461 0.724826
vt 0.604461 0.756360
vt 0.368724 0.586616
vt 0.355205 0.612075
vt 0.506649 0.735463
vt 0.500344 0.768607
vt 0.501102 0.743868
vt 0.499315 0.788316
vt 0.346672 0.636959
vt 0.350450 0.619253
vt 0.012848 0.715001
vt 0.008851 0.691084
vt 0.335215 0.691260
vt 0.485535 0.731487
vt 0.479679 0.728450
vt 0.485535 0.725332
vt 0.854430 0.324514
vt 0.857102 0.321410
vt 0.863660 0.323376
vt 0.944826 0.208655
vt 0.934947 0.210883
vt 0.937300 0.204170
vt 0.932961 0.205956
vt 0.999191 0.541992
vt 0.996435 0.545928
vt 0.996435 0.534848
vt 0.344304 0.638338
vt 0.123344 0.616452
vt 0.938834 0.419017
vt 0.229210 0.564774
vt 0.343161 0.555317
vt 0.328317 0.532648
vt 0.346672 0.545990
vt 0.989354 0.840810
vt 0.286616 0.557252
vt 0.267588 0.557075
vt 0.204618 0.570891
vt 0.384958 0.910169
vt 0.384958 0.888846
vt 0.386679 0.902467
vt 0.283696 0.532770
vt 0.984849 0.444821
vt 0.993091 0.434088
vt 0.993091 0.454819
vt 0.255181 0.545898
vt 0.959342 0.928914
vt 0.258707 0.970940
vt 0.264396 0.967533
vt 0.260500 0.976123
vt 0.261090 0.962867
vt 0.348906 0.971981
vt 0.354914 0.975749
vt 0.959161 0.913844
vt 0.875046 0.173347
vt 0.245517 0.930541
vt 0.249004 0.924601
vt 0.248008 0.935078
vt 0.882500 0.162431
vt 0.203185 0.236746
vt 0.246608 0.917063
vt 0.249853 0.913017
vt 0.886824 0.150582
vt 0.332325 0.906109
vt 0.330006 0.893189
vt 0.331774 0.885096
vt 0.218000 0.231120
vt 0.071678 0.796075
vt 0.181100 0.786834
vt 0.170671 0.791777
vt 0.217535 0.222616
vt 0.924541 0.340156
vt 0.993516 0.341004
vt 0.247813 0.897202
vt 0.112008 0.255085
vt 0.104830 0.257717
vt 0.103264 0.255147
vt 0.141984 0.997748
vt 0.140385 0.995680
vt 0.141984 0.993603
vt 0.328895 0.879505
vt 0.608628 0.782193
vt 0.081050 0.793516
vt 0.977578 0.125499
vt 0.920696 0.569640
vt 0.918306 0.574940
vt 0.793956 0.991828
vt 0.789955 0.994435
vt 0.791986 0.987853
vt 0.793956 0.998362
vt 0.733235 0.296811
vt 0.758092 0.292643
vt 0.113422 0.934120
vt 0.563338 0.942206
vt 0.564690 0.945331
vt 0.986700 0.666941
vt 0.927359 0.532138
vt 0.927827 0.525212
vt 0.932795 0.527658
vt 0.008757 0.950776
vt 0.007702 0.945257
vt 0.994084 0.432910
vt 0.987262 0.420029
vt 0.992944 0.423313
vt 0.942485 0.504041
vt 0.941312 0.500379
vt 0.946902 0.502686
vt 0.948195 0.494589
vt 0.980193 0.608760
vt 0.987019 0.588400
vt 0.979956 0.642357
vt 0.962937 0.341004
vt 0.214825 0.652203
vt 0.142621 0.963968
vt 0.216116 0.654512
vt 0.988306 0.559946
vt 0.981644 0.547015
vt 0.987244 0.377108
vt 0.383246 0.710115
vt 0.175056 0.977364
vt 0.166993 0.983846
vt 0.166993 0.974022
vt 0.560158 0.714207
vt 0.561830 0.691133
vt 0.560756 0.686524
vt 0.722816 0.333362
vt 0.717210 0.331150
vt 0.720478 0.330921
vt 0.545579 0.812867
vt 0.556053 0.812088
vt 0.377940 0.712974
vt 0.552441 0.680554
vt 0.414025 0.586154
vt 0.337261 0.890859
vt 0.334887 0.894962
vt 0.334887 0.848788
vt 0.829855 0.323859
vt 0.827713 0.328094
vt 0.827707 0.316897
vt 0.294519 0.994293
vt 0.296351 0.987847
vt 0.296351 0.997711
vt 0.347491 0.661421
vt 0.502360 0.805015
vt 0.008882 0.731214
vt 0.508506 0.722859
vt 0.334887 0.941076
vt 0.338970 0.932401
vt 0.335646 0.984057
vt 0.826572 0.275245
vt 0.827778 0.258643
vt 0.829092 0.272991
vt 0.361488 0.591755
vt 0.328377 0.724858
vt 0.007268 0.696081
vt 0.332236 0.699131
vt 0.572953 0.951313
vt 0.572953 0.945331
vt 0.582364 0.946488
vt 0.829954 0.952030
vt 0.823771 0.952119
vt 0.932601 0.200100
vt 0.002351 0.623174
vt 0.076522 0.977124
vt 0.074193 0.970459
vt 0.079394 0.970335
vt 0.136231 0.630807
vt 0.297442 0.578673
vt 0.289467 0.575121
vt 0.301528 0.576077
vt 0.262968 0.572163
vt 0.337530 0.563674
vt 0.313692 0.535666
vt 0.284944 0.566537
vt 0.277694 0.545133
vt 0.328270 0.523223
vt 0.948537 0.697824
vt 0.264732 0.955284
vt 0.259023 0.953439
vt 0.266864 0.948368
vt 0.258707 0.949107
vt 0.868095 0.180118
vt 0.947433 0.655870
vt 0.947208 0.647773
vt 0.803488 0.803454
vt 0.961554 0.882982
vt 0.157055 0.267399
vt 0.184144 0.830029
vt 0.179633 0.801988
vt 0.196432 0.250408
vt 0.201052 0.255634
vt 0.998814 0.716786
vt 0.994150 0.711583
vt 0.084219 0.795030
vt 0.123419 0.252911
vt 0.169748 0.793118
vt 0.210804 0.217563
vt 0.973345 0.978860
vt 0.255519 0.879226
vt 0.160904 0.784745
vt 0.104268 0.251719
vt 0.224126 0.216014
vt 0.217028 0.218968
vt 0.215474 0.209884
vt 0.085161 0.786789
vt 0.091927 0.759402
vt 0.090767 0.782315
vt 0.095718 0.760693
vt 0.161032 0.755969
vt 0.157983 0.759568
vt 0.154204 0.761248
vt 0.086207 0.748716
vt 0.770095 0.322894
vt 0.779113 0.330896
vt 0.162135 0.750729
vt 0.915166 0.563502
vt 0.915614 0.558975
vt 0.604461 0.765439
vt 0.099952 0.240206
vt 0.099947 0.236054
vt 0.103330 0.230486
vt 0.258445 0.844904
vt 0.323698 0.870673
vt 0.100755 0.227801
vt 0.102395 0.228001
vt 0.986821 0.642575
vt 0.932795 0.533490
vt 0.987094 0.434088
vt 0.206918 0.659485
vt 0.195989 0.658750
vt 0.266828 0.768447
vt 0.270739 0.782726
vt 0.265007 0.790143
vt 0.949534 0.481639
vt 0.986032 0.396503
vt 0.948223 0.466549
vt 0.948261 0.442164
vt 0.948176 0.419786
vt 0.738719 0.941093
vt 0.733246 0.973327
vt 0.733246 0.941372
vt 0.948211 0.405972
vt 0.949977 0.370160
vt 0.988252 0.118094
vt 0.981369 0.120503
vt 0.981651 0.093788
vt 0.972269 0.204718
vt 0.976329 0.210665
vt 0.489464 0.835518
vt 0.486170 0.821837
vt 0.494883 0.818255
vt 0.493658 0.827773
vt 0.825204 0.292827
vt 0.829048 0.296398
vt 0.487928 0.801984
vt 0.486391 0.792106
vt 0.488985 0.783161
vt 0.323651 0.744102
vt 0.325214 0.737863
vt 0.486655 0.762920
vt 0.490259 0.772905
vt 0.337419 0.908876
vt 0.343632 0.924043
vt 0.497185 0.760136
vt 0.530533 0.997676
vt 0.523433 0.992750
vt 0.530533 0.983413
vt 0.332594 0.679927
vt 0.290107 0.987847
vt 0.290107 0.955685
vt 0.296126 0.985449
vt 0.864984 0.329962
vt 0.817890 0.949058
vt 0.815969 0.943313
vt 0.256731 0.950439
vt 0.125819 0.623079
vt 0.306120 0.548531
vt 0.327147 0.568557
vt 0.946776 0.637524
vt 0.945080 0.648324
vt 0.311587 0.529761
vt 0.238309 0.551561
vt 0.959984 0.922257
vt 0.265853 0.972797
vt 0.347594 0.963471
vt 0.261902 0.941580
vt 0.348772 0.954444
vt 0.356405 0.945243
vt 0.254148 0.930247
vt 0.181460 0.259011
vt 0.071670 0.841029
vt 0.078850 0.827188
vt 0.185331 0.838030
vt 0.165705 0.797356
vt 0.147267 0.274213
vt 0.138456 0.261144
vt 0.141214 0.267588
vt 0.783295 0.961813
vt 0.788191 0.958342
vt 0.085017 0.819720
vt 0.130275 0.256244
vt 0.324049 0.889891
vt 0.107133 0.245838
vt 0.222391 0.211250
vt 0.098247 0.765044
vt 0.817518 0.997507
vt 0.817518 0.991181
vt 0.822392 0.993872
vt 0.998750 0.073880
vt 0.996843 0.071592
vt 0.998750 0.067627
vt 0.151722 0.765835
vt 0.154857 0.774464
vt 0.938031 0.336868
vt 0.403517 0.952455
vt 0.407698 0.956276
vt 0.405895 0.957170
vt 0.102763 0.241337
vt 0.110897 0.239864
vt 0.820729 0.984911
vt 0.999013 0.556627
vt 0.485508 0.997153
vt 0.486788 0.992650
vt 0.488557 0.992398
vt 0.105864 0.227283
vt 0.259774 0.822367
vt 0.986306 0.670738
vt 0.269136 0.854913
vt 0.263923 0.843092
vt 0.270662 0.844538
vt 0.261066 0.809546
vt 0.264102 0.818870
vt 0.143893 0.966643
vt 0.950203 0.372456
vt 0.722816 0.340829
vt 0.718267 0.337330
vt 0.337727 0.779049
vt 0.337680 0.774424
vt 0.343257 0.773897
vt 0.338901 0.770446
vt 0.546316 0.805900
vt 0.557344 0.806699
vt 0.337147 0.804548
vt 0.343497 0.824890
vt 0.827719 0.331974
vt 0.820873 0.330864
vt 0.981369 0.000000
vt 0.991011 0.013271
vt 0.989254 0.005753
vt 0.342971 0.884741
vt 0.820952 0.304263
vt 0.322498 0.749996
vt 0.315308 0.751316
vt 0.342937 0.940214
vt 0.922256 0.524327
vt 0.918681 0.533995
vt 0.338990 0.896713
vt 0.345989 0.894962
vt 0.488671 0.748495
vt 0.493063 0.754942
vt 0.070035 0.661025
vt 0.085093 0.636900
vt 0.073538 0.664352
vt 0.080188 0.633120
vt 0.942530 0.202890
vt 0.253074 0.950097
vt 0.248735 0.954051
vt 0.928371 0.194419
vt 0.935067 0.192464
vt 0.266853 0.965051
vt 0.947208 0.687904
vt 0.961554 0.910258
vt 0.070035 0.845651
vt 0.073596 0.869279
vt 0.349664 0.944142
vt 0.248838 0.941580
vt 0.173101 0.825021
vt 0.168347 0.812323
vt 0.160672 0.821423
vt 0.146032 0.263012
vt 0.098627 0.778608
vt 0.096685 0.806950
vt 0.139957 0.251002
vt 0.145965 0.255682
vt 0.156331 0.788532
vt 0.204387 0.228489
vt 0.191604 0.242145
vt 0.192228 0.237750
vt 0.158271 0.786039
vt 0.101206 0.793061
vt 0.154546 0.785087
vt 0.213615 0.206017
vt 0.152507 0.779371
vt 0.150929 0.773601
vt 0.146901 0.772582
vt 0.104933 0.768925
vt 0.630793 0.984628
vt 0.627188 0.996443
vt 0.627188 0.981353
vt 0.998252 0.344805
vt 0.999491 0.341421
vt 0.999491 0.347811
vt 0.494567 0.694250
vt 0.492693 0.693273
vt 0.109360 0.956707
vt 0.095072 0.952354
vt 0.145162 0.770445
vt 0.319139 0.823036
vt 0.109887 0.933238
vt 0.735493 0.291822
vt 0.761397 0.991168
vt 0.759625 0.998086
vt 0.488557 0.996936
vt 0.800624 0.341253
vt 0.799827 0.338295
vt 0.890930 0.916136
vt 0.888773 0.900519
vt 0.890931 0.895926
vt 0.260406 0.817115
vt 0.043517 0.961052
vt 0.045095 0.968491
vt 0.043517 0.973269
vt 0.601703 0.952376
vt 0.599083 0.954191
vt 0.604447 0.946966
vt 0.713862 0.981071
vt 0.723004 0.981071
vt 0.715373 0.994067
vt 0.599083 0.925182
vt 0.986925 0.341750
vt 0.744388 0.964015
vt 0.171712 0.987129
vt 0.174091 0.992400
vt 0.344363 0.788227
vt 0.338826 0.783746
vt 0.951020 0.362668
vt 0.344573 0.777601
vt 0.713333 0.337038
vt 0.422614 0.594776
vt 0.411597 0.591600
vt 0.820949 0.321874
vt 0.321570 0.752949
vt 0.494784 0.807873
vt 0.988331 0.665797
vt 0.996001 0.646945
vt 0.820873 0.260518
vt 0.210393 0.997834
vt 0.216470 0.989180
vt 0.345727 0.902878
vt 0.492848 0.735669
vt 0.487247 0.729725
vt 0.345262 0.913576
vt 0.006547 0.690501
vt 0.991606 0.904082
vt 0.997856 0.904651
vt 0.991606 0.931111
vt 0.583759 0.957068
vt 0.810418 0.948786
vt 0.258707 0.948337
vt 0.238345 0.566658
vt 0.244472 0.559466
vt 0.075206 0.881593
vt 0.071939 0.873969
vt 0.176163 0.881622
vt 0.178111 0.868393
vt 0.185331 0.870012
vt 0.089307 0.842470
vt 0.328036 0.934483
vt 0.332973 0.926872
vt 0.334887 0.933963
vt 0.323956 0.903732
vt 0.333194 0.915446
vt 0.091773 0.843011
vt 0.200525 0.233605
vt 0.201398 0.241533
vt 0.188158 0.248712
vt 0.782523 0.954162
vt 0.152937 0.816087
vt 0.145024 0.825089
vt 0.147198 0.794030
vt 0.789494 0.950261
vt 0.154555 0.811197
vt 0.255905 0.907315
vt 0.143815 0.789698
vt 0.123442 0.240802
vt 0.146045 0.782396
vt 0.140863 0.791107
vt 0.965823 0.997058
vt 0.964764 0.990706
vt 0.109235 0.774969
vt 0.143976 0.784928
vt 0.142074 0.779116
vt 0.937301 0.567661
vt 0.138821 0.776773
vt 0.139303 0.795955
vt 0.132912 0.775184
vt 0.185397 0.754483
vt 0.187475 0.769640
vt 0.113461 0.773000
vt 0.112092 0.774598
vt 0.137476 0.774454
vt 0.700040 0.997585
vt 0.698450 0.996418
vt 0.700040 0.993620
vt 0.904752 0.341381
vt 0.898871 0.334293
vt 0.904993 0.334293
vt 0.091169 0.992928
vt 0.088667 0.993731
vt 0.090715 0.990535
vt 0.117527 0.770293
vt 0.116028 0.772326
vt 0.115908 0.770008
vt 0.133207 0.772732
vt 0.128707 0.786430
vt 0.130779 0.763794
vt 0.922925 0.998666
vt 0.922925 0.993192
vt 0.924223 0.997185
vt 0.732723 0.290338
vt 0.732566 0.285633
vt 0.111603 0.931378
vt 0.108057 0.921814
vt 0.118962 0.764443
vt 0.259235 0.980509
vt 0.265789 0.976123
vt 0.263195 0.979627
vt 0.345887 0.792501
vt 0.345887 0.783315
vt 0.346657 0.791301
vt 0.682903 0.993978
vt 0.686707 0.992357
vt 0.685911 0.997415
vt 0.323818 0.972684
vt 0.330166 0.964920
vt 0.322464 0.976277
vt 0.601961 0.966289
vt 0.263088 0.818202
vt 0.380560 0.989120
vt 0.382623 0.992851
vt 0.380560 0.997914
vt 0.883450 0.311115
vt 0.879398 0.314884
vt 0.885353 0.292762
vt 0.010525 0.956306
vt 0.988331 0.656917
vt 0.722970 0.686996
vt 0.722970 0.698451
vt 0.722387 0.694199
vt 0.870475 0.321410
vt 0.860159 0.316989
vt 0.857908 0.312519
vt 0.325739 0.949054
vt 0.329230 0.935638
vt 0.757819 0.987032
vt 0.755954 0.973041
vt 0.757819 0.972555
vt 0.662015 0.757825
vt 0.664631 0.764886
vt 0.664898 0.786902
vt 0.263329 0.770190
vt 0.217317 0.653540
vt 0.004728 0.990626
vt 0.007015 0.990626
vt 0.004262 0.997334
vt 0.146703 0.964176
vt 0.145971 0.960506
vt 0.808446 0.339182
vt 0.809918 0.338188
vt 0.809918 0.340709
vt 0.984849 0.384475
vt 0.708382 0.840313
vt 0.717632 0.814811
vt 0.713265 0.834732
vt 0.170111 0.988999
vt 0.988623 0.086012
vt 0.561830 0.800608
vt 0.555936 0.799949
vt 0.423154 0.602944
vt 0.413014 0.595347
vt 0.547077 0.798852
vt 0.343905 0.876766
vt 0.489440 0.844114
vt 0.495015 0.839992
vt 0.252178 0.996864
vt 0.247887 0.991727
vt 0.252178 0.988153
vt 0.820915 0.281550
vt 0.344144 0.972907
vt 0.342450 0.982046
vt 0.989634 0.671047
vt 0.494589 0.778652
vt 0.005532 0.720306
vt 0.494235 0.746178
vt 0.187482 0.977520
vt 0.190079 0.961031
vt 0.190991 0.964225
vt 0.120254 0.685674
vt 0.112653 0.683637
vt 0.113599 0.681903
vt 0.129977 0.992062
vt 0.128290 0.986039
vt 0.136939 0.994321
vt 0.135589 0.988485
vt 0.604461 0.850837
vt 0.602808 0.852014
vt 0.602808 0.826618
vt 0.123697 0.685076
vt 0.145463 0.698123
vt 0.336793 0.677657
vt 0.604461 0.974975
vt 0.614240 0.977562
vt 0.605012 0.981832
vt 0.574459 0.954795
vt 0.573392 0.961475
vt 0.578742 0.959594
vt 0.858421 0.335146
vt 0.824471 0.959221
vt 0.947119 0.200890
vt 0.940721 0.197339
vt 0.133906 0.631894
vt 0.103417 0.624212
vt 0.102772 0.617231
vt 0.070035 0.979276
vt 0.305554 0.536721
vt 0.081010 0.886562
vt 0.080630 0.883188
vt 0.089216 0.887495
vt 0.184420 0.880145
vt 0.178324 0.885077
vt 0.268141 0.958437
vt 0.172048 0.862946
vt 0.346180 0.685214
vt 0.344683 0.698667
vt 0.344683 0.663488
vt 0.267517 0.944132
vt 0.164216 0.849366
vt 0.325344 0.920751
vt 0.085300 0.867000
vt 0.086882 0.876351
vt 0.096605 0.838659
vt 0.164485 0.843373
vt 0.156426 0.829902
vt 0.158105 0.825094
vt 0.153749 0.850424
vt 0.168755 0.261721
vt 0.101375 0.812822
vt 0.162202 0.257538
vt 0.103530 0.849528
vt 0.153019 0.255380
vt 0.110222 0.799920
vt 0.131685 0.253698
vt 0.885219 0.990744
vt 0.889606 0.994806
vt 0.885219 0.998620
vt 0.889328 0.985663
vt 0.992942 0.740526
vt 0.998324 0.739721
vt 0.996777 0.751804
vt 0.135712 0.238183
vt 0.147986 0.250998
vt 0.108090 0.850467
vt 0.788742 0.941503
vt 0.992942 0.731766
vt 0.141841 0.828925
vt 0.125312 0.815273
vt 0.129007 0.815863
vt 0.200020 0.217734
vt 0.201212 0.203559
vt 0.132863 0.235261
vt 0.259148 0.874520
vt 0.140621 0.234524
vt 0.258707 0.974054
vt 0.252288 0.979741
vt 0.252426 0.968029
vt 0.916967 0.545644
vt 0.913476 0.537682
vt 0.918430 0.535114
vt 0.111959 0.219726
vt 0.210335 0.200607
vt 0.204797 0.193226
vt 0.194235 0.191890
vt 0.996845 0.382850
vt 0.999044 0.385993
vt 0.995335 0.390845
vt 0.995335 0.379711
vt 0.104904 0.922192
vt 0.121661 0.231163
vt 0.119351 0.215239
vt 0.124615 0.217679
vt 0.114101 0.221315
vt 0.264490 0.984526
vt 0.258707 0.981825
vt 0.090234 0.984879
vt 0.093063 0.984674
vt 0.722387 0.709325
vt 0.722703 0.705793
vt 0.722703 0.712979
vt 0.368814 0.998294
vt 0.368814 0.993357
vt 0.370583 0.993697
vt 0.111302 0.220242
vt 0.189647 0.188575
vt 0.196216 0.190642
vt 0.186858 0.192233
vt 0.115947 0.213542
vt 0.265944 0.983577
vt 0.093692 0.980906
vt 0.270533 0.979633
vt 0.323543 0.959760
vt 0.321189 0.969476
vt 0.664372 0.866008
vt 0.664200 0.855850
vt 0.666481 0.870114
vt 0.927581 0.534827
vt 0.671640 0.870536
vt 0.187482 0.666420
vt 0.197583 0.668755
vt 0.188561 0.671780
vt 0.877205 0.320211
vt 0.874866 0.318407
vt 0.670323 0.860944
vt 0.881216 0.290786
vt 0.876637 0.308847
vt 0.876405 0.298162
vt 0.662015 0.841143
vt 0.665636 0.834330
vt 0.884553 0.266094
vt 0.881410 0.268094
vt 0.872901 0.303945
vt 0.879222 0.286517
vt 0.671173 0.873222
vt 0.688781 0.865207
vt 0.674189 0.826671
vt 0.319139 0.954216
vt 0.204538 0.670148
vt 0.997715 0.154964
vt 0.997715 0.144879
vt 0.999288 0.147529
vt 0.871405 0.292912
vt 0.870750 0.311736
vt 0.869151 0.300793
vt 0.686403 0.869584
vt 0.689786 0.844737
vt 0.674172 0.849415
vt 0.679113 0.840467
vt 0.345887 0.770446
vt 0.346653 0.776121
vt 0.874472 0.292450
vt 0.873448 0.279791
vt 0.668661 0.791613
vt 0.880031 0.241140
vt 0.677597 0.827266
vt 0.871845 0.263410
vt 0.868381 0.282747
vt 0.690618 0.823427
vt 0.884176 0.234222
vt 0.869140 0.269084
vt 0.857144 0.294774
vt 0.863495 0.311447
vt 0.215757 0.657495
vt 0.213472 0.664744
vt 0.679098 0.790313
vt 0.885353 0.211218
vt 0.871415 0.254426
vt 0.984849 0.415452
vt 0.681200 0.818846
vt 0.667151 0.774672
vt 0.865587 0.259025
vt 0.695357 0.835655
vt 0.007617 0.996580
vt 0.324459 0.938180
vt 0.328848 0.934483
vt 0.330166 0.935658
vt 0.218117 0.657541
vt 0.874506 0.236006
vt 0.877402 0.233586
vt 0.858304 0.283462
vt 0.682575 0.787187
vt 0.677771 0.780394
vt 0.877981 0.218047
vt 0.867790 0.240582
vt 0.849602 0.307396
vt 0.678049 0.765239
vt 0.671651 0.770132
vt 0.937723 0.340073
vt 0.938031 0.335875
vt 0.999269 0.059735
vt 0.996843 0.057868
vt 0.999269 0.052424
vt 0.871895 0.238180
vt 0.387290 0.996624
vt 0.389308 0.990552
vt 0.394037 0.983864
vt 0.670222 0.765757
vt 0.879745 0.213866
vt 0.871497 0.213051
vt 0.886448 0.215479
vt 0.885353 0.207454
vt 0.886448 0.186274
vt 0.872782 0.230316
vt 0.843183 0.287144
vt 0.684233 0.788224
vt 0.678677 0.784941
vt 0.864593 0.241071
vt 0.852033 0.273723
vt 0.854264 0.276431
vt 0.998041 0.288573
vt 0.999568 0.283962
vt 0.999568 0.291884
vt 0.876262 0.213266
vt 0.866707 0.224258
vt 0.856158 0.258080
vt 0.703331 0.853108
vt 0.694375 0.820315
vt 0.696855 0.787995
vt 0.681428 0.764140
vt 0.852767 0.260097
vt 0.714963 0.814374
vt 0.976450 0.207294
vt 0.977849 0.204026
vt 0.979556 0.203908
vt 0.603480 0.802236
vt 0.604461 0.772942
vt 0.840133 0.295048
vt 0.858158 0.223127
vt 0.864809 0.218408
vt 0.868518 0.212270
vt 0.851958 0.236846
vt 0.698787 0.801484
vt 0.613253 0.972809
vt 0.610254 0.968133
vt 0.612565 0.968547
vt 0.863065 0.208729
vt 0.859386 0.213096
vt 0.850426 0.257452
vt 0.835797 0.272291
vt 0.694503 0.762366
vt 0.687842 0.763183
vt 0.685413 0.772666
vt 0.685135 0.763126
vt 0.852969 0.225335
vt 0.832211 0.271918
vt 0.692890 0.758417
vt 0.864975 0.204025
vt 0.865197 0.209061
vt 0.998945 0.160747
vt 0.997715 0.156575
vt 0.998945 0.155079
vt 0.684189 0.744841
vt 0.697782 0.761478
vt 0.690647 0.759160
vt 0.860166 0.204539
vt 0.865336 0.190687
vt 0.856122 0.206798
vt 0.855086 0.209599
vt 0.848191 0.226775
vt 0.836300 0.249545
vt 0.687964 0.747239
vt 0.862216 0.190732
vt 0.851207 0.206371
vt 0.696801 0.758950
vt 0.706326 0.751346
vt 0.832966 0.241098
vt 0.701377 0.756421
vt 0.848155 0.205617
vt 0.851086 0.202975
vt 0.829969 0.248550
vt 0.998850 0.576981
vt 0.996435 0.576181
vt 0.998850 0.566517
vt 0.997547 0.767551
vt 0.996404 0.757245
vt 0.998264 0.761546
vt 0.715250 0.786170
vt 0.844016 0.202145
vt 0.845272 0.200618
vt 0.718084 0.785091
vt 0.998264 0.754496
vt 0.839189 0.204658
vt 0.712402 0.749815
vt 0.996689 0.751804
vt 0.954860 0.699991
vt 0.951013 0.700464
vt 0.830839 0.233162
vt 0.708127 0.749259
vt 0.838053 0.196504
vt 0.844202 0.196885
vt 0.950606 0.383056
vt 0.951779 0.375124
vt 0.836956 0.194093
vt 0.170215 0.990934
vt 0.954689 0.370716
vt 0.423378 0.604762
vt 0.417429 0.604890
vt 0.465493 0.999533
vt 0.465493 0.992253
vt 0.467161 0.994345
vt 0.557321 0.796521
vt 0.991397 0.052526
vt 0.411254 0.600386
vt 0.409310 0.599389
vt 0.345887 0.878515
vt 0.493742 0.847053
vt 0.497185 0.842192
vt 0.993091 0.444546
vt 0.999137 0.448807
vt 0.997364 0.451594
vt 0.326204 0.743686
vt 0.992537 0.990313
vt 0.997562 0.992284
vt 0.993612 0.997198
vt 0.996635 0.999815
vt 0.999137 0.441931
vt 0.006072 0.736876
vt 0.991606 0.984928
vt 0.996896 0.987538
vt 0.990524 0.644859
vt 0.196073 0.969590
vt 0.496833 0.764827
vt 0.997411 0.123740
vt 0.991397 0.120545
vt 0.997745 0.113982
vt 0.004748 0.710610
vt 0.192131 0.957415
vt 0.192947 0.955180
vt 0.346179 0.667664
vt 0.346589 0.663488
vt 0.346589 0.677220
vt 0.000000 0.705609
vt 0.000500 0.700028
vt 0.004047 0.690653
vt 0.612812 0.981601
vt 0.604461 0.988224
vt 0.991397 0.046083
vt 0.995244 0.039265
vt 0.994709 0.052424
vt 0.996545 0.548460
vt 0.998882 0.547945
vt 0.996435 0.556627
vt 0.602601 0.787243
vt 0.603480 0.791283
vt 0.339053 0.695884
vt 0.991397 0.026377
vt 0.996049 0.029357
vt 0.082605 0.669297
vt 0.084243 0.667251
vt 0.340410 0.675425
vt 0.339396 0.688423
vt 0.127927 0.990083
vt 0.611694 0.974652
vt 0.864505 0.337846
vt 0.862171 0.340676
vt 0.853372 0.332947
vt 0.829703 0.960279
vt 0.077337 0.985746
vt 0.074714 0.982247
vt 0.255948 0.957800
vt 0.932956 0.186595
vt 0.171515 0.885922
vt 0.094371 0.885482
vt 0.346672 0.958117
vt 0.161779 0.882742
vt 0.160554 0.873576
vt 0.347139 0.948211
vt 0.102168 0.872766
vt 0.154161 0.860973
vt 0.991593 0.991963
vt 0.986689 0.994110
vt 0.986689 0.981310
vt 0.868813 0.602129
vt 0.871358 0.604587
vt 0.872441 0.618107
vt 0.157113 0.878468
vt 0.145509 0.840381
vt 0.151168 0.851741
vt 0.139359 0.860065
vt 0.872441 0.577424
vt 0.106565 0.845926
vt 0.126051 0.844737
vt 0.104240 0.881483
vt 0.172736 0.248305
vt 0.165150 0.250965
vt 0.258568 0.897038
vt 0.184292 0.237012
vt 0.262709 0.995524
vt 0.258707 0.997270
vt 0.258707 0.988210
vt 0.129646 0.838330
vt 0.127938 0.241159
vt 0.873367 0.628999
vt 0.873367 0.618355
vt 0.883551 0.628552
vt 0.142511 0.239787
vt 0.128660 0.841019
vt 0.128461 0.820210
vt 0.784762 0.940972
vt 0.188075 0.220147
vt 0.187961 0.211399
vt 0.184540 0.228445
vt 0.180370 0.220560
vt 0.115777 0.231189
vt 0.194092 0.204396
vt 0.765508 0.300154
vt 0.408325 0.962901
vt 0.417141 0.962644
vt 0.401632 0.924968
vt 0.922904 0.546043
vt 0.196904 0.217390
vt 0.183835 0.195541
vt 0.084739 0.991766
vt 0.912240 0.534849
vt 0.201397 0.191460
vt 0.997782 0.672970
vt 0.997782 0.677444
vt 0.996250 0.675751
vt 0.036520 0.996012
vt 0.034695 0.997965
vt 0.687118 0.981390
vt 0.691657 0.974307
vt 0.695300 0.977116
vt 0.107509 0.914492
vt 0.107993 0.922562
vt 0.682903 0.988514
vt 0.095898 0.971587
vt 0.093692 0.975561
vt 0.094568 0.968120
vt 0.320663 0.946794
vt 0.208203 0.666216
vt 0.319491 0.943989
vt 0.321110 0.938069
vt 0.217782 0.660356
vt 0.933498 0.340073
vt 0.744757 0.996406
vt 0.743050 0.988249
vt 0.744757 0.985725
vt 0.220933 0.993213
vt 0.216470 0.994833
vt 0.221589 0.986039
vt 0.322525 0.990898
vt 0.324819 0.992930
vt 0.322525 0.998472
vt 0.144687 0.995965
vt 0.143212 0.997938
vt 0.143212 0.993603
vt 0.218898 0.987937
vt 0.220133 0.983756
vt 0.857723 0.989743
vt 0.855290 0.989612
vt 0.859050 0.987814
vt 0.351765 0.995795
vt 0.351765 0.990707
vt 0.355552 0.993073
vt 0.386912 0.979602
vt 0.356405 0.990173
vt 0.979556 0.210789
vt 0.334887 0.993692
vt 0.340451 0.995004
vt 0.339532 0.998457
vt 0.616946 0.966735
vt 0.610777 0.964171
vt 0.688166 0.741975
vt 0.684309 0.741066
vt 0.686849 0.740916
vt 0.999407 0.960641
vt 0.998227 0.964333
vt 0.683709 0.737783
vt 0.606021 0.952981
vt 0.604461 0.949008
vt 0.610239 0.947965
vt 0.864815 0.186274
vt 0.999205 0.067209
vt 0.997238 0.063268
vt 0.999205 0.059735
vt 0.030574 0.996226
vt 0.028902 0.996710
vt 0.027344 0.992509
vt 0.645727 0.953077
vt 0.643378 0.951244
vt 0.645876 0.946849
vt 0.657111 0.933826
vt 0.658999 0.929528
vt 0.661921 0.931829
vt 0.656396 0.933639
vt 0.652873 0.932516
vt 0.653604 0.929528
vt 0.180085 0.998748
vt 0.178796 0.994242
vt 0.180085 0.992125
vt 0.998789 0.866643
vt 0.997046 0.864760
vt 0.998789 0.860575
vt 0.742452 0.334397
vt 0.748589 0.331310
vt 0.745097 0.340604
vt 0.720188 0.737653
vt 0.720188 0.732527
vt 0.722921 0.734801
vt 0.916277 0.335817
vt 0.911167 0.338013
vt 0.910949 0.333460
vt 0.611016 0.996174
vt 0.608156 0.992413
vt 0.611016 0.990695
vt 0.992942 0.758709
vt 0.955042 0.706376
vt 0.950070 0.703733
vt 0.672032 0.996513
vt 0.675914 0.989933
vt 0.676052 0.992506
vt 0.672032 0.990124
vt 0.503775 0.997769
vt 0.503775 0.992475
vt 0.506350 0.994659
vt 0.171792 0.994899
vt 0.954352 0.375292
vt 0.715705 0.340532
vt 0.398720 0.838575
vt 0.401632 0.834109
vt 0.398750 0.875632
vt 0.396254 0.992139
vt 0.401632 0.989294
vt 0.394037 0.995691
vt 0.415299 0.600955
vt 0.311235 0.983641
vt 0.313848 0.978166
vt 0.314545 0.981446
vt 0.395626 0.886224
vt 0.392898 0.888846
vt 0.387191 0.886779
vt 0.496360 0.830224
vt 0.329904 0.010371
vt 0.298925 0.004166
vt 0.304652 0.002490
vt 0.997124 0.436290
vt 0.993418 0.434088
vt 0.632874 0.995448
vt 0.630793 0.997943
vt 0.630793 0.992000
vt 0.475234 0.990701
vt 0.469547 0.997303
vt 0.471324 0.989353
vt 0.668710 0.340810
vt 0.674161 0.332622
vt 0.670567 0.334204
vt 0.707286 0.735769
vt 0.702452 0.733851
vt 0.707840 0.728908
vt 0.275892 0.000000
vt 0.345989 0.941926
vt 0.701307 0.728908
vt 0.277154 0.002770
vt 0.003787 0.728017
vt 0.592408 0.998533
vt 0.592408 0.988376
vt 0.594020 0.991892
vt 0.248382 0.005888
vt 0.220808 0.022817
vt 0.236294 0.011174
vt 0.996017 0.131142
vt 0.993563 0.127445
vt 0.262506 0.001551
vt 0.351276 0.789723
vt 0.350913 0.783057
vt 0.359573 0.760868
vt 0.993238 0.122778
vt 0.496102 0.741439
vt 0.350621 0.818207
vt 0.346672 0.808984
vt 0.347969 0.797607
vt 0.197750 0.964027
vt 0.991397 0.113858
vt 0.198502 0.956638
vt 0.000882 0.708745
vt 0.333420 0.989220
vt 0.328709 0.992753
vt 0.094320 0.689103
vt 0.091594 0.687696
vt 0.094715 0.687152
vt 0.089640 0.677549
vt 0.333843 0.984766
vt 0.564488 0.969819
vt 0.562334 0.968650
vt 0.564269 0.961257
vt 0.927359 0.534827
vt 0.922256 0.528204
vt 0.927359 0.526781
vt 0.998697 0.043883
vt 0.996855 0.050928
vt 0.014493 0.997337
vt 0.016627 0.993337
vt 0.016627 0.997713
vt 0.014620 0.994806
vt 0.947578 0.341392
vt 0.943449 0.341392
vt 0.945277 0.340222
vt 0.944791 0.333430
vt 0.344683 0.679913
vt 0.657885 0.992124
vt 0.661674 0.988574
vt 0.661674 0.997138
vt 0.998821 0.135960
vt 0.994892 0.144879
vt 0.994892 0.132332
vt 0.975059 0.315202
vt 0.973801 0.318494
vt 0.973801 0.314471
vt 0.995808 0.338920
vt 0.997943 0.333206
vt 0.999339 0.339027
vt 0.993594 0.107751
vt 0.991397 0.105828
vt 0.993883 0.105777
vt 0.998698 0.397738
vt 0.995335 0.402901
vt 0.681887 0.333144
vt 0.687247 0.334963
vt 0.681745 0.336833
vt 0.687247 0.341091
vt 0.121028 0.661013
vt 0.089786 0.636444
vt 0.136065 0.658088
vt 0.588051 0.951201
vt 0.814424 0.954081
vt 0.248595 0.957496
vt 0.940451 0.191196
vt 0.160590 0.886651
vt 0.098320 0.886622
vt 0.154424 0.883522
vt 0.112580 0.873450
vt 0.108648 0.881173
vt 0.142547 0.872211
vt 0.118273 0.870072
vt 0.133422 0.854544
vt 0.125939 0.854774
vt 0.346627 0.704761
vt 0.344683 0.722589
vt 0.322085 0.894571
vt 0.128660 0.848843
vt 0.994282 0.311315
vt 0.997896 0.299577
vt 0.997896 0.313485
vt 0.279852 0.997015
vt 0.276589 0.995281
vt 0.279852 0.985026
vt 0.923601 0.540732
vt 0.247887 0.969055
vt 0.130652 0.220602
vt 0.095829 0.925996
vt 0.261128 0.987455
vt 0.259085 0.988210
vt 0.085361 0.986891
vt 0.178327 0.194966
vt 0.129218 0.211846
vt 0.722488 0.279140
vt 0.720793 0.268971
vt 0.728133 0.282824
vt 0.694595 0.985873
vt 0.084739 0.970335
vt 0.779739 0.983911
vt 0.782523 0.988787
vt 0.776198 0.985810
vt 0.994892 0.160747
vt 0.998303 0.170354
vt 0.994892 0.173747
vt 0.998668 0.248500
vt 0.994281 0.243969
vt 0.995085 0.242917
vt 0.933302 0.981341
vt 0.928260 0.979344
vt 0.929007 0.977441
vt 0.859050 0.997651
vt 0.855442 0.999038
vt 0.223398 0.986080
vt 0.386912 0.986606
vt 0.998132 0.264495
vt 0.999410 0.261774
vt 0.391558 0.974179
vt 0.619574 0.974652
vt 0.784438 0.988238
vt 0.782969 0.995227
vt 0.782523 0.989388
vt 0.737694 0.997393
vt 0.736097 0.992155
vt 0.737831 0.993878
vt 0.607103 0.944797
vt 0.657111 0.943573
vt 0.027344 0.987489
vt 0.996843 0.067229
vt 0.645321 0.956310
vt 0.649231 0.954313
vt 0.740742 0.339492
vt 0.911843 0.341116
vt 0.343725 0.037371
vt 0.310580 0.047837
vt 0.346672 0.031265
vt 0.394389 0.881771
vt 0.301085 0.046398
vt 0.276562 0.051836
vt 0.314005 0.986964
vt 0.101209 0.997421
vt 0.101209 0.981508
vt 0.104190 0.993411
vt 0.997715 0.160747
vt 0.994892 0.156979
vt 0.385541 0.873763
vt 0.401632 0.772835
vt 0.321761 0.029564
vt 0.298027 0.032304
vt 0.386002 0.843706
vt 0.236102 0.063751
vt 0.233125 0.062275
vt 0.384744 0.880610
vt 0.104469 0.984153
vt 0.233458 0.056766
vt 0.311866 0.978086
vt 0.313004 0.972351
vt 0.398737 0.787958
vt 0.398043 0.768380
vt 0.384111 0.846671
vt 0.327710 0.012107
vt 0.340820 0.019836
vt 0.275358 0.038005
vt 0.390161 0.769302
vt 0.387230 0.823702
vt 0.379527 0.867506
vt 0.229170 0.049906
vt 0.382541 0.887232
vt 0.375277 0.880321
vt 0.310506 0.017717
vt 0.890948 0.873317
vt 0.888721 0.848452
vt 0.890948 0.824661
vt 0.231684 0.051700
vt 0.375466 0.872601
vt 0.306940 0.028245
vt 0.292460 0.031020
vt 0.384137 0.797502
vt 0.381982 0.865044
vt 0.372951 0.854919
vt 0.945080 0.662713
vt 0.946890 0.648324
vt 0.946890 0.666218
vt 0.389264 0.766635
vt 0.381445 0.832863
vt 0.382219 0.815918
vt 0.378165 0.835371
vt 0.259370 0.037952
vt 0.277139 0.034093
vt 0.977647 0.462038
vt 0.974487 0.457888
vt 0.977647 0.457454
vt 0.386520 0.765710
vt 0.381050 0.800534
vt 0.374246 0.861799
vt 0.369318 0.868346
vt 0.344961 0.020528
vt 0.254870 0.031503
vt 0.369612 0.820677
vt 0.370663 0.847980
vt 0.291577 0.013774
vt 0.279282 0.019267
vt 0.275615 0.022263
vt 0.383678 0.761407
vt 0.373367 0.831412
vt 0.885353 0.274658
vt 0.886543 0.257124
vt 0.886543 0.280344
vt 0.225086 0.047726
vt 0.254189 0.037393
vt 0.380395 0.794177
vt 0.374118 0.797781
vt 0.217705 0.042896
vt 0.375089 0.790124
vt 0.247396 0.028927
vt 0.364259 0.947046
vt 0.367205 0.947906
vt 0.367205 0.956431
vt 0.370859 0.788994
vt 0.366285 0.823820
vt 0.365719 0.838787
vt 0.360220 0.853301
vt 0.366882 0.871531
vt 0.377767 0.759533
vt 0.376331 0.754135
vt 0.361558 0.862606
vt 0.371563 0.772334
vt 0.215578 0.039766
vt 0.237910 0.027046
vt 0.209908 0.038126
vt 0.206805 0.043760
vt 0.203536 0.042431
vt 0.368964 0.793776
vt 0.977700 0.997327
vt 0.975678 0.990449
vt 0.978953 0.993352
vt 0.375719 0.746074
vt 0.356471 0.842920
vt 0.201745 0.040232
vt 0.370307 0.753364
vt 0.374102 0.742171
vt 0.494567 0.575278
vt 0.497185 0.545278
vt 0.497185 0.630501
vt 0.976251 0.986214
vt 0.973345 0.977861
vt 0.976050 0.980926
vt 0.350466 0.834904
vt 0.497185 0.799386
vt 0.231399 0.018179
vt 0.192206 0.042329
vt 0.197384 0.042538
vt 0.373739 0.732068
vt 0.360001 0.768978
vt 0.746229 0.997513
vt 0.748190 0.994366
vt 0.748190 0.998669
vt 0.469547 0.984861
vt 0.472612 0.987130
vt 0.602625 0.880403
vt 0.604461 0.876694
vt 0.604461 0.881525
vt 0.196929 0.959236
vt 0.996699 0.111623
vt 0.331892 0.992895
vt 0.329648 0.997180
vt 0.569364 0.971748
vt 0.563751 0.971882
vt 0.569218 0.969364
vt 0.380550 0.984648
vt 0.385923 0.975206
vt 0.386187 0.985377
vt 0.101617 0.684141
vt 0.381796 0.968338
vt 0.383027 0.965120
vt 0.105519 0.659121
vt 0.108563 0.679538
vt 0.087371 0.667297
vt 0.755954 0.996739
vt 0.755954 0.987032
vt 0.758321 0.994737
vt 0.444390 0.983238
vt 0.442205 0.988044
vt 0.442205 0.978151
vt 0.923007 0.524327
vt 0.380560 0.993805
vt 0.377196 0.996881
vt 0.377196 0.989120
vt 0.380124 0.998562
vt 0.993516 0.335336
vt 0.998489 0.105471
vt 0.998187 0.111623
vt 0.938734 0.184697
vt 0.940612 0.181044
vt 0.940612 0.186349
vt 0.994630 0.102577
vt 0.949834 0.208442
vt 0.947118 0.208441
vt 0.951867 0.203990
vt 0.999339 0.321152
vt 0.992444 0.091866
vt 0.129566 0.653504
vt 0.856650 0.339732
vt 0.898796 0.624920
vt 0.896498 0.627905
vt 0.079394 0.991608
vt 0.077209 0.996445
vt 0.075224 0.991608
vt 0.577715 0.964229
vt 0.586165 0.957406
vt 0.127295 0.642266
vt 0.012319 0.988936
vt 0.012319 0.998290
vt 0.010570 0.993392
vt 0.110099 0.631929
vt 0.939544 0.186675
vt 0.166354 0.244865
vt 0.140292 0.229087
vt 0.421807 0.926802
vt 0.179271 0.217203
vt 0.180173 0.210369
vt 0.728995 0.266711
vt 0.995036 0.180419
vt 0.998100 0.187300
vt 0.994892 0.183670
vt 0.102824 0.910378
vt 0.099588 0.966208
vt 0.994281 0.256199
vt 0.442238 0.997277
vt 0.444389 0.988044
vt 0.444389 0.998045
vt 0.213440 0.664792
vt 0.423760 0.979902
vt 0.425673 0.981222
vt 0.421807 0.983070
vt 0.426968 0.974982
vt 0.224107 0.994833
vt 0.619574 0.946385
vt 0.156802 0.967215
vt 0.164756 0.955663
vt 0.164756 0.980839
vt 0.787551 0.994413
vt 0.610707 0.941796
vt 0.033124 0.988582
vt 0.425729 0.607861
vt 0.317100 0.977402
vt 0.431210 0.993399
vt 0.429155 0.983435
vt 0.433929 0.992391
vt 0.434210 0.989097
vt 0.365206 0.972585
vt 0.360182 0.965830
vt 0.365385 0.960730
vt 0.361683 0.962044
vt 0.314927 0.965985
vt 0.318122 0.969696
vt 0.312061 0.948502
vt 0.317450 0.955259
vt 0.311235 0.958654
vt 0.366738 0.944142
vt 0.216037 0.043345
vt 0.004453 0.120721
vt 0.004682 0.112905
vt 0.009208 0.111078
vt 0.978090 0.984841
vt 0.978953 0.976129
vt 0.025178 0.100425
vt 0.024012 0.096685
vt 0.030139 0.093601
vt 0.744876 0.993928
vt 0.474599 0.984655
vt 0.730806 0.998348
vt 0.729150 0.995166
vt 0.730806 0.993357
vt 0.747316 0.989562
vt 0.745138 0.989381
vt 0.964496 0.210882
vt 0.961605 0.209423
vt 0.963671 0.204868
vt 0.978674 0.461940
vt 0.980816 0.457567
vt 0.980816 0.461591
vt 0.594599 0.987759
vt 0.995335 0.433694
vt 0.997373 0.429439
vt 0.998437 0.434010
vt 0.843728 0.992448
vt 0.843728 0.998945
vt 0.841598 0.996967
vt 0.334332 0.987457
vt 0.002102 0.688043
vt 0.379345 0.963352
vt 0.112397 0.679197
vt 0.099468 0.661250
vt 0.994713 0.089095
vt 0.112436 0.676389
vt 0.110652 0.664280
vt 0.114507 0.642064
vt 0.991397 0.086086
vt 0.108704 0.660117
vt 0.602734 0.826618
vt 0.602734 0.802236
vt 0.604461 0.820940
vt 0.096449 0.660338
vt 0.676053 0.992973
vt 0.679286 0.989933
vt 0.679221 0.993937
vt 0.104511 0.656559
vt 0.107313 0.656127
vt 0.101550 0.657197
vt 0.085229 0.634578
vt 0.095884 0.633966
vt 0.583735 0.961090
vt 0.070968 0.988156
vt 0.118386 0.636991
vt 0.811113 0.956151
vt 0.147042 0.636541
vt 0.139166 0.631966
vt 0.144785 0.630477
vt 0.148639 0.632755
vt 0.160647 0.233406
vt 0.153071 0.230491
vt 0.944698 0.588859
vt 0.947208 0.596475
vt 0.146703 0.974620
vt 0.138681 0.980431
vt 0.247887 0.979333
vt 0.031260 0.260833
vt 0.024327 0.259787
vt 0.023228 0.256712
vt 0.267856 0.988210
vt 0.782460 0.993420
vt 0.776198 0.997246
vt 0.998100 0.173747
vt 0.099788 0.906916
vt 0.100799 0.905236
vt 0.731696 0.340961
vt 0.722816 0.335819
vt 0.731696 0.330921
vt 0.096760 0.976893
vt 0.933302 0.975689
vt 0.043517 0.967982
vt 0.042142 0.969279
vt 0.042476 0.960412
vt 0.040366 0.957762
vt 0.042716 0.957802
vt 0.042672 0.951712
vt 0.430779 0.975720
vt 0.881530 0.334630
vt 0.883995 0.333224
vt 0.886149 0.341381
vt 0.763946 0.333790
vt 0.771313 0.330921
vt 0.771313 0.341068
vt 0.564976 0.974193
vt 0.561898 0.982625
vt 0.561883 0.971909
vt 0.564703 0.981703
vt 0.739519 0.992155
vt 0.804980 0.341190
vt 0.803359 0.338891
vt 0.804980 0.338188
vt 0.795775 0.341006
vt 0.795519 0.338550
vt 0.797778 0.338550
vt 0.657190 0.995154
vt 0.654659 0.997530
vt 0.346180 0.695508
vt 0.346180 0.687195
vt 0.346574 0.691317
vt 0.650988 0.962002
vt 0.837344 0.996757
vt 0.837344 0.988377
vt 0.841598 0.994399
vt 0.231581 0.972071
vt 0.222375 0.978532
vt 0.229073 0.968445
vt 0.127346 0.124972
vt 0.123324 0.123539
vt 0.126936 0.122143
vt 0.125191 0.134292
vt 0.008167 0.168050
vt 0.004534 0.163100
vt 0.010890 0.170142
vt 0.999498 0.313485
vt 0.997895 0.308369
vt 0.999498 0.305438
vt 0.429155 0.996209
vt 0.904993 0.341381
vt 0.904993 0.334005
vt 0.910366 0.335283
vt 0.209005 0.046743
vt 0.998972 0.867079
vt 0.998972 0.878529
vt 0.995791 0.873044
vt 0.999325 0.682612
vt 0.998420 0.679394
vt 0.996250 0.677443
vt 0.484457 0.947925
vt 0.481393 0.940782
vt 0.485386 0.943893
vt 0.975802 0.973776
vt 0.631916 0.988146
vt 0.634974 0.993200
vt 0.650413 0.998910
vt 0.650413 0.993104
vt 0.652503 0.996019
vt 0.177192 0.042094
vt 0.175898 0.039330
vt 0.181121 0.041854
vt 0.966470 0.205086
vt 0.596554 0.990679
vt 0.890498 0.997400
vt 0.889611 0.993351
vt 0.892775 0.997575
vt 0.892775 0.991908
vt 0.799827 0.341253
vt 0.797777 0.339057
vt 0.799827 0.338550
vt 0.890005 0.988593
vt 0.846444 0.998877
vt 0.844445 0.999278
vt 0.844445 0.992448
vt 0.806719 0.338188
vt 0.808446 0.338188
vt 0.807247 0.340473
vt 0.333434 0.994684
vt 0.566057 0.953285
vt 0.572953 0.950441
vt 0.568698 0.949727
vt 0.496971 0.998268
vt 0.499180 0.997141
vt 0.042211 0.040920
vt 0.036660 0.045250
vt 0.038363 0.041313
vt 0.569581 0.945331
vt 0.935580 0.184504
vt 0.679286 0.998116
vt 0.903046 0.621019
vt 0.903090 0.626344
vt 0.849699 0.340676
vt 0.848435 0.331262
vt 0.101111 0.629979
vt 0.098634 0.621823
vt 0.817592 0.960279
vt 0.252574 0.963630
vt 0.245517 0.968029
vt 0.140312 0.637249
vt 0.099889 0.614555
vt 0.094905 0.615394
vt 0.761930 0.292722
vt 0.156633 0.221693
vt 0.927937 0.543988
vt 0.250405 0.988153
vt 0.140084 0.218967
vt 0.093692 0.940294
vt 0.285090 0.164645
vt 0.289338 0.167279
vt 0.282181 0.173180
vt 0.135551 0.209631
vt 0.122982 0.206887
vt 0.695300 0.993983
vt 0.093692 0.905742
vt 0.039037 0.950024
vt 0.261798 0.126257
vt 0.256445 0.124611
vt 0.264595 0.118513
vt 0.259633 0.114404
vt 0.886149 0.321848
vt 0.247933 0.108894
vt 0.257460 0.107140
vt 0.964725 0.988669
vt 0.961554 0.999152
vt 0.156802 0.980839
vt 0.159932 0.987465
vt 0.613008 0.944669
vt 0.786167 0.997167
vt 0.730976 0.997075
vt 0.730976 0.993357
vt 0.733246 0.995977
vt 0.613458 0.945487
vt 0.954689 0.534839
vt 0.954846 0.530928
vt 0.957914 0.534839
vt 0.031712 0.984885
vt 0.375202 0.996738
vt 0.377087 0.993357
vt 0.377087 0.998034
vt 0.949286 0.993654
vt 0.949286 0.997783
vt 0.947965 0.994934
vt 0.321346 0.990898
vt 0.322525 0.997173
vt 0.319139 0.997173
vt 0.007556 0.176461
vt 0.015929 0.181413
vt 0.007120 0.182419
vt 0.609140 0.998535
vt 0.004281 0.171527
vt 0.132152 0.131947
vt 0.284760 0.989647
vt 0.279896 0.987157
vt 0.280083 0.984751
vt 0.136939 0.992627
vt 0.138651 0.987378
vt 0.138651 0.997909
vt 0.886602 0.303945
vt 0.886602 0.318106
vt 0.885353 0.309170
vt 0.034426 0.091317
vt 0.037007 0.092855
vt 0.138681 0.993603
vt 0.140385 0.995427
vt 0.138681 0.997555
vt 0.966470 0.210802
vt 0.982587 0.210740
vt 0.979555 0.203908
vt 0.983550 0.203908
vt 0.553882 0.997683
vt 0.551378 0.995493
vt 0.331843 0.997750
vt 0.822635 0.997433
vt 0.822635 0.992852
vt 0.825412 0.995147
vt 0.727113 0.993889
vt 0.725033 0.997492
vt 0.334797 0.990299
vt 0.805347 0.340642
vt 0.819300 0.337998
vt 0.820873 0.338043
vt 0.819300 0.341331
vt 0.146317 0.006207
vt 0.137246 0.011460
vt 0.142317 0.005511
vt 0.270533 0.988210
vt 0.270533 0.997865
vt 0.266785 0.994929
vt 0.377196 0.965745
vt 0.951867 0.210883
vt 0.183799 0.996855
vt 0.180159 0.992125
vt 0.997834 0.483786
vt 0.999708 0.482469
vt 0.999708 0.490215
vt 0.091608 0.627041
vt 0.132299 0.645377
vt 0.079134 0.625387
vt 0.079631 0.617462
vt 0.087068 0.618725
vt 0.947119 0.190941
vt 0.133739 0.636203
vt 0.750514 0.283190
vt 0.035898 0.259399
vt 0.028986 0.253778
vt 0.169169 0.197877
vt 0.153500 0.212601
vt 0.156890 0.202476
vt 0.165584 0.192033
vt 0.138479 0.199685
vt 0.104469 0.981508
vt 0.104469 0.965999
vt 0.094095 0.899686
vt 0.098255 0.898201
vt 0.009808 0.985733
vt 0.012319 0.974406
vt 0.434210 0.983435
vt 0.160029 0.957076
vt 0.996435 0.604074
vt 0.998922 0.602736
vt 0.998922 0.610554
vt 0.997834 0.515662
vt 0.999703 0.510876
vt 0.999703 0.518137
vt 0.254320 0.096858
vt 0.238185 0.096682
vt 0.248552 0.091721
vt 0.222375 0.940463
vt 0.001864 0.155504
vt 0.002392 0.144947
vt 0.994892 0.204474
vt 0.998410 0.200470
vt 0.998410 0.210805
vt 0.872063 0.994805
vt 0.872063 0.967733
vt 0.877302 0.987712
vt 0.394037 0.974179
vt 0.237756 0.069680
vt 0.222102 0.065312
vt 0.230561 0.060704
vt 0.356405 0.952173
vt 0.215580 0.050923
vt 0.481393 0.960165
vt 0.171402 0.037243
vt 0.163187 0.038185
vt 0.171494 0.032180
vt 0.004262 0.995981
vt 0.000000 0.995981
vt 0.004181 0.990626
vt 0.421788 0.995720
vt 0.419466 0.997804
vt 0.419466 0.993321
vt 0.974487 0.462038
vt 0.970481 0.462038
vt 0.971519 0.457642
vt 0.572953 0.971909
vt 0.604547 0.990695
vt 0.152523 0.016417
vt 0.144348 0.018856
vt 0.132559 0.024549
vt 0.130053 0.010204
vt 0.439917 0.953620
vt 0.048914 0.041644
vt 0.051666 0.049024
vt 0.901492 0.967035
vt 0.904046 0.970475
vt 0.841598 0.975838
vt 0.846444 0.971260
vt 0.846444 0.992448
vt 0.069018 0.033648
vt 0.061436 0.045701
vt 0.061373 0.033168
vt 0.058259 0.038413
vt 0.115004 0.019166
vt 0.106020 0.021649
vt 0.109199 0.017855
vt 0.081045 0.629391
vt 0.137005 0.653462
vt 0.139058 0.648213
vt 0.140676 0.656370
vt 0.143186 0.649967
vt 0.135327 0.641729
vt 0.150660 0.649902
vt 0.148781 0.644148
vt 0.089855 0.612102
vt 0.944561 0.576874
vt 0.274936 0.153128
vt 0.719417 0.264992
vt 0.182256 0.187668
vt 0.126043 0.200641
vt 0.713333 0.257461
vt 0.723702 0.261215
vt 0.169876 0.181673
vt 0.035503 0.978840
vt 0.035503 0.945257
vt 0.434210 0.964427
vt 0.449252 0.997318
vt 0.444390 0.992408
vt 0.448435 0.992885
vt 0.564404 0.986437
vt 0.785623 0.341362
vt 0.788659 0.340101
vt 0.233105 0.106449
vt 0.136570 0.140918
vt 0.127465 0.139041
vt 0.288694 0.982471
vt 0.000000 0.134799
vt 0.009707 0.131649
vt 0.173465 0.061385
vt 0.188411 0.040212
vt 0.036339 0.083638
vt 0.043130 0.079494
vt 0.034622 0.089213
vt 0.167665 0.050706
vt 0.168774 0.026468
vt 0.155516 0.019800
vt 0.288694 0.996467
vt 0.289926 0.989271
vt 0.032209 0.069190
vt 0.031874 0.066977
vt 0.035969 0.065357
vt 0.034558 0.059297
vt 0.036478 0.057481
vt 0.695351 0.736459
vt 0.699609 0.728908
vt 0.701307 0.736459
vt 0.120820 0.012529
vt 0.090637 0.621751
vt 0.776317 0.299892
vt 0.093302 0.245054
vt 0.084871 0.249329
vt 0.073289 0.251170
vt 0.421807 0.954475
vt 0.041432 0.240005
vt 0.270135 0.154598
vt 0.094855 0.956707
vt 0.026217 0.235235
vt 0.018262 0.217283
vt 0.025635 0.218129
vt 0.011348 0.191916
vt 0.032251 0.182570
vt 0.229922 0.112942
vt 0.163858 0.994176
vt 0.615272 0.941216
vt 0.561883 0.988742
vt 0.161106 0.950491
vt 0.973801 0.318483
vt 0.970646 0.318483
vt 0.971619 0.314471
vt 0.764542 0.995964
vt 0.767394 0.993385
vt 0.768909 0.995251
vt 0.612527 0.938361
vt 0.614089 0.936253
vt 0.614604 0.938942
vt 0.617043 0.936791
vt 0.981999 0.457370
vt 0.984849 0.457370
vt 0.982759 0.460329
vt 0.984499 0.461999
vt 0.346180 0.677220
vt 0.346660 0.680798
vt 0.654578 0.964488
vt 0.973222 0.315814
vt 0.998537 0.610554
vt 0.998315 0.612981
vt 0.996435 0.611144
vt 0.761846 0.335733
vt 0.759004 0.335778
vt 0.756925 0.333161
vt 0.758785 0.332408
vt 0.715453 0.737287
vt 0.715453 0.732527
vt 0.718224 0.735137
vt 0.720188 0.736284
vt 0.413392 0.993488
vt 0.418692 0.988634
vt 0.419195 0.993776
vt 0.288694 0.994405
vt 0.890963 0.945457
vt 0.893409 0.942991
vt 0.904046 0.951923
vt 0.229280 0.051709
vt 0.231211 0.055116
vt 0.057440 0.086410
vt 0.050244 0.107248
vt 0.033130 0.080395
vt 0.047661 0.062310
vt 0.032567 0.073662
vt 0.052446 0.036629
vt 0.125592 0.014010
vt 0.769111 0.294033
vt 0.100474 0.235175
vt 0.213947 0.196198
vt 0.235586 0.194334
vt 0.228586 0.199215
vt 0.187278 0.190126
vt 0.035811 0.233431
vt 0.127354 0.189452
vt 0.096498 0.887495
vt 0.152961 0.180884
vt 0.159214 0.171563
vt 0.180044 0.186478
vt 0.128650 0.173150
vt 0.267671 0.131399
vt 0.255693 0.137129
vt 0.196026 0.991496
vt 0.193855 0.985508
vt 0.198034 0.981180
vt 0.153494 0.164750
vt 0.146471 0.155409
vt 0.193855 0.977520
vt 0.128058 0.161878
vt 0.661561 0.901036
vt 0.655735 0.895205
vt 0.658929 0.891139
vt 0.127074 0.149210
vt 0.564790 0.990141
vt 0.764542 0.991168
vt 0.659290 0.880155
vt 0.655863 0.873016
vt 0.661667 0.870824
vt 0.460876 0.994718
vt 0.463140 0.996523
vt 0.460876 0.999365
vt 0.462866 0.992253
vt 0.998602 0.617330
vt 0.996435 0.619233
vt 0.158034 0.950902
vt 0.159377 0.941881
vt 0.035787 0.172788
vt 0.410446 0.985720
vt 0.419195 0.978767
vt 0.894608 0.954637
vt 0.901250 0.954544
vt 0.975168 0.318565
vt 0.972953 0.331336
vt 0.962937 0.325896
vt 0.218014 0.058274
vt 0.098793 0.042159
vt 0.109054 0.036052
vt 0.103295 0.055794
vt 0.076299 0.031003
vt 0.245109 0.192019
vt 0.253622 0.170374
vt 0.273877 0.178804
vt 0.265709 0.161128
vt 0.150795 0.156745
vt 0.123169 0.201041
vt 0.125802 0.165302
vt 0.661667 0.916283
vt 0.805765 0.998502
vt 0.805765 0.989056
vt 0.807182 0.995153
vt 0.617214 0.929528
vt 0.763946 0.341125
vt 0.657111 0.964585
vt 0.133776 0.126682
vt 0.130794 0.124489
vt 0.029145 0.158202
vt 0.893453 0.957925
vt 0.014830 0.126587
vt 0.154027 0.050661
vt 0.056458 0.082911
vt 0.141250 0.029949
vt 0.184665 0.153799
vt 0.037516 0.218972
vt 0.055162 0.188286
vt 0.046159 0.171222
vt 0.113342 0.136949
vt 0.123732 0.139673
vt 0.763946 0.330921
vt 0.650413 0.998157
vt 0.648003 0.998157
vt 0.648732 0.993104
vt 0.120703 0.131254
vt 0.216430 0.098864
vt 0.031327 0.134372
vt 0.196415 0.065731
vt 0.057345 0.055444
vt 0.123870 0.034226
vt 0.068024 0.051762
vt 0.049438 0.233882
vt 0.072738 0.224239
vt 0.232098 0.174608
vt 0.202656 0.175695
vt 0.121029 0.206744
vt 0.097229 0.183867
vt 0.220160 0.145300
vt 0.219865 0.111447
vt 0.146089 0.119595
vt 0.218423 0.109685
vt 0.687118 0.974307
vt 0.687118 0.988514
vt 0.682903 0.981341
vt 0.897627 0.961574
vt 0.890963 0.967016
vt 0.968394 0.334665
vt 0.187500 0.091431
vt 0.147218 0.056808
vt 0.060879 0.080309
vt 0.064244 0.070579
vt 0.917420 0.980434
vt 0.914739 0.980017
vt 0.919562 0.964145
vt 0.152480 0.048713
vt 0.074181 0.054685
vt 0.251617 0.164299
vt 0.097575 0.204885
vt 0.249229 0.142611
vt 0.065185 0.196889
vt 0.088048 0.187032
vt 0.076798 0.189227
vt 0.170224 0.137666
vt 0.052632 0.155307
vt 0.928371 0.185377
vt 0.928371 0.166453
vt 0.930292 0.183179
vt 0.202263 0.103797
vt 0.896150 0.967035
vt 0.975168 0.340497
vt 0.970242 0.341004
vt 0.206159 0.069049
vt 0.122617 0.120282
vt 0.113759 0.093652
vt 0.126423 0.120708
vt 0.116194 0.110710
vt 0.055603 0.138578
vt 0.036897 0.125650
vt 0.123077 0.102982
vt 0.098177 0.077912
vt 0.114301 0.077549
vt 0.070776 0.121042
vt 0.070099 0.083249
vt 0.125886 0.060586
vt 0.164765 0.086883
vt 0.919562 0.988653
vt 0.914774 0.986023
vt 0.992943 0.710161
vt 0.993845 0.692183
vt 0.997149 0.711583
vt 0.576876 0.977713
vt 0.573539 0.972357
vt 0.877302 0.998157
vt 0.877302 0.985663
vt 0.881914 0.993696
vt 0.129134 0.058878
vt 0.573128 0.964229
vt 0.064957 0.082967
vt 0.086841 0.072173
vt 0.123532 0.056451
vt 0.122276 0.058288
vt 0.132702 0.045089
vt 0.194844 0.148540
vt 0.801862 0.996067
vt 0.797328 0.994514
vt 0.797598 0.997021
vt 0.588051 0.994219
vt 0.592408 0.996817
vt 0.590942 0.998075
vt 0.592408 0.987759
vt 0.901785 0.958993
vt 0.963752 0.331818
vt 0.129304 0.120157
vt 0.139655 0.100717
vt 0.106087 0.131656
vt 0.084551 0.074678
vt 0.998267 0.701478
vt 0.481393 0.931717
vt 0.485990 0.932360
vt 0.992943 0.689168
vt 0.998587 0.694264
vt 0.131826 0.056713
vt 0.183357 0.115478
vt 0.083480 0.163919
vt 0.120480 0.130556
vt 0.115805 0.134929
vt 0.114142 0.133763
vt 0.133544 0.126062
vt 0.138478 0.126443
vt 0.120592 0.124827
vt 0.075664 0.145637
vt 0.175060 0.111404
vt 0.140541 0.124686
vt 0.482104 0.921830
vt 0.035503 0.968200
vt 0.033213 0.976432
vt 0.033213 0.965791
vt 0.149293 0.053636
vt 0.145495 0.052639
vt 0.043546 0.973269
vt 0.045095 0.975203
vt 0.043546 0.983632
vt 0.076385 0.077202
vt 0.084050 0.068929
vt 0.187336 0.908147
vt 0.184275 0.903999
vt 0.187336 0.886651
vt 0.138974 0.057143
s 1
usemtl Material.004
f 1/1/1 2/2/2 3/3/3
f 1/1/1 4/4/4 2/2/2
f 3/3/3 2/2/2 5/5/5
f 6/6/6 7/7/7 8/8/8
f 7/7/7 3/3/3 8/8/8
f 7/7/7 9/9/9 3/3/3
f 10/10/10 11/11/11 9/9/9
f 11/11/11 1/1/1 9/9/9
f 9/9/9 1/1/1 3/3/3
f 3/3/3 5/5/5 12/12/12
f 2/2/2 4/4/4 13/13/13
f 2/14/2 13/15/13 14/16/14
f 7/17/7 6/18/6 15/19/15
f 3/20/3 16/21/16 8/22/8
f 3/3/3 12/12/12 16/23/16
f 1/24/1 17/25/17 4/26/4
f 5/27/5 2/14/2 14/16/14
f 7/28/7 15/29/15 18/30/18
f 7/28/7 18/30/18 9/31/9
f 11/32/11 19/33/19 1/24/1
f 13/15/13 20/34/20 14/16/14
f 6/18/6 8/22/8 21/35/21
f 8/22/8 22/36/22 21/35/21
f 9/31/9 18/30/18 23/37/23
f 9/31/9 23/37/23 10/38/10
f 1/24/1 19/33/19 17/25/17
f 12/39/12 24/40/24 25/41/25
f 5/27/5 24/40/24 12/39/12
f 4/26/4 20/42/20 13/43/13
f 20/34/20 26/44/26 14/16/14
f 18/30/18 15/29/15 27/45/27
f 8/22/8 16/21/16 28/46/28
f 16/47/16 12/48/12 29/49/29
f 30/50/30 19/33/19 11/32/11
f 14/16/14 24/40/24 5/27/5
f 8/22/8 28/46/28 22/36/22
f 10/51/10 30/50/30 11/32/11
f 12/52/12 25/53/25 29/54/29
f 4/26/4 31/55/31 20/42/20
f 14/16/14 26/44/26 32/56/32
f 6/18/6 33/57/33 15/19/15
f 18/30/18 27/45/27 23/37/23
f 10/38/10 23/37/23 34/58/34
f 16/21/16 29/59/29 28/46/28
f 14/16/14 32/56/32 24/40/24
f 35/60/35 36/61/36 37/62/37
f 38/63/38 39/64/39 40/65/40
f 40/65/40 39/64/39 41/66/41
f 37/62/37 36/61/36 42/67/42
f 36/61/36 43/68/43 42/67/42
f 6/18/6 21/35/21 33/57/33
f 10/38/10 34/58/34 30/69/30
f 25/41/25 44/70/44 29/71/29
f 4/26/4 17/25/17 31/55/31
f 20/34/20 45/72/45 26/44/26
f 46/73/46 47/74/47 48/75/48
f 49/76/49 50/77/50 51/78/51
f 51/78/51 50/77/50 52/79/52
f 52/79/52 50/77/50 53/80/53
f 48/75/48 54/81/54 49/76/49
f 49/76/49 55/82/55 50/77/50
f 47/74/47 56/83/56 48/75/48
f 54/81/54 57/84/57 58/85/58
f 57/84/57 59/86/59 58/85/58
f 38/63/38 60/87/60 61/88/61
f 62/89/62 59/86/59 57/84/57
f 35/60/35 59/86/59 62/89/62
f 40/65/40 60/87/60 38/63/38
f 35/60/35 37/62/37 59/86/59
f 59/86/59 37/62/37 63/90/63
f 35/60/35 64/91/64 36/61/36
f 40/65/40 41/66/41 65/92/65
f 38/63/38 66/93/66 39/64/39
f 37/62/37 42/67/42 66/93/66
f 39/64/39 67/94/67 41/66/41
f 39/64/39 68/95/68 67/94/67
f 66/93/66 69/96/69 39/64/39
f 70/97/70 66/93/66 42/67/42
f 71/98/71 70/97/70 42/67/42
f 27/45/27 72/99/72 23/37/23
f 23/37/23 72/99/72 34/58/34
f 28/46/28 29/59/29 73/100/73
f 30/50/30 74/101/74 19/33/19
f 19/33/19 75/102/75 17/25/17
f 20/42/20 31/55/31 45/103/45
f 46/73/46 48/75/48 76/104/76
f 77/105/77 47/74/47 46/73/46
f 48/75/48 49/76/49 76/104/76
f 76/104/76 49/76/49 51/78/51
f 50/77/50 78/106/78 53/80/53
f 56/83/56 54/81/54 48/75/48
f 57/84/57 54/81/54 56/83/56
f 55/82/55 61/88/61 50/77/50
f 50/77/50 61/88/61 78/106/78
f 61/88/61 79/107/79 78/106/78
f 55/82/55 80/108/80 61/88/61
f 79/107/79 61/88/61 60/87/60
f 61/88/61 80/108/80 38/63/38
f 57/84/57 81/109/81 62/89/62
f 80/108/80 63/90/63 38/63/38
f 59/86/59 63/90/63 58/85/58
f 40/65/40 82/110/82 60/87/60
f 64/91/64 35/60/35 62/89/62
f 65/92/65 83/111/83 40/65/40
f 37/62/37 66/93/66 63/90/63
f 63/90/63 66/93/66 38/63/38
f 36/61/36 64/91/64 43/68/43
f 41/66/41 67/94/67 65/92/65
f 39/64/39 84/112/84 68/95/68
f 85/113/85 71/98/71 42/67/42
f 39/64/39 86/114/86 84/112/84
f 70/97/70 69/96/69 66/93/66
f 39/64/39 69/96/69 86/114/86
f 69/96/69 87/115/87 86/114/86
f 15/19/15 33/57/33 27/116/27
f 21/35/21 88/117/88 33/57/33
f 22/36/22 88/117/88 21/35/21
f 89/118/89 46/73/46 76/104/76
f 90/119/90 46/73/46 89/118/89
f 77/105/77 46/73/46 90/119/90
f 52/79/52 53/80/53 91/120/91
f 77/105/77 92/121/92 47/74/47
f 92/121/92 56/83/56 47/74/47
f 54/81/54 55/82/55 49/76/49
f 58/85/58 80/108/80 54/81/54
f 54/81/54 80/108/80 55/82/55
f 56/83/56 81/109/81 57/84/57
f 80/108/80 58/85/58 63/90/63
f 79/107/79 60/87/60 82/110/82
f 40/65/40 83/111/83 82/110/82
f 64/91/64 93/122/93 43/68/43
f 93/122/93 85/113/85 43/68/43
f 85/113/85 42/67/42 43/68/43
f 67/94/67 68/95/68 94/123/94
f 86/114/86 95/124/95 84/112/84
f 85/113/85 96/125/96 71/98/71
f 71/98/71 97/126/97 70/97/70
f 86/114/86 87/115/87 95/124/95
f 70/97/70 97/126/97 69/96/69
f 98/127/98 99/128/99 69/96/69
f 100/129/100 69/96/69 99/128/99
f 97/126/97 101/130/101 98/127/98
f 102/131/102 101/130/101 97/126/97
f 100/129/100 103/132/103 87/115/87
f 98/127/98 104/133/104 99/128/99
f 100/129/100 99/128/99 103/132/103
f 101/130/101 104/133/104 98/127/98
f 103/132/103 99/128/99 105/134/105
f 101/130/101 106/135/106 104/133/104
f 99/128/99 107/136/107 105/134/105
f 22/36/22 28/46/28 73/100/73
f 108/137/108 74/101/74 30/50/30
f 19/33/19 74/101/74 75/102/75
f 17/25/17 75/102/75 109/138/109
f 17/25/17 109/138/109 31/55/31
f 51/78/51 110/139/110 76/104/76
f 52/79/52 110/139/110 51/78/51
f 53/80/53 111/140/111 91/120/91
f 53/80/53 78/106/78 111/140/111
f 67/94/67 94/123/94 65/92/65
f 84/112/84 95/124/95 94/123/94
f 96/125/96 112/141/112 71/98/71
f 112/141/112 97/126/97 71/98/71
f 97/126/97 98/127/98 69/96/69
f 87/115/87 69/96/69 100/129/100
f 97/126/97 113/142/113 102/131/102
f 104/133/104 107/136/107 99/128/99
f 106/135/106 107/136/107 104/133/104
f 107/136/107 114/143/114 115/144/115
f 106/135/106 116/145/116 117/146/117
f 117/146/117 118/147/118 114/143/114
f 114/143/114 119/148/119 115/144/115
f 115/144/115 119/148/119 120/149/120
f 116/145/116 118/147/118 117/146/117
f 118/147/118 121/150/121 122/151/122
f 123/152/123 27/116/27 33/57/33
f 123/152/123 33/57/33 88/117/88
f 88/117/88 22/36/22 73/100/73
f 29/71/29 44/70/44 124/153/124
f 25/41/25 24/40/24 125/154/125
f 126/155/126 32/56/32 26/44/26
f 110/139/110 52/79/52 127/156/127
f 127/156/127 52/79/52 91/120/91
f 128/157/128 62/89/62 81/109/81
f 129/158/129 79/107/79 82/110/82
f 82/110/82 83/111/83 129/158/129
f 84/112/84 94/123/94 68/95/68
f 112/141/112 113/142/113 97/126/97
f 87/115/87 103/132/103 130/159/130
f 131/160/131 103/132/103 105/134/105
f 107/136/107 132/161/132 105/134/105
f 107/136/107 106/135/106 117/146/117
f 115/144/115 132/161/132 107/136/107
f 117/146/117 114/143/114 107/136/107
f 133/162/133 115/144/115 120/149/120
f 118/147/118 134/163/134 114/143/114
f 114/143/114 134/163/134 119/148/119
f 135/164/135 120/149/120 119/148/119
f 135/164/135 119/148/119 136/165/136
f 118/147/118 122/151/122 134/163/134
f 124/166/124 73/100/73 29/59/29
f 137/167/137 109/138/109 75/102/75
f 24/40/24 32/56/32 126/155/126
f 109/138/109 138/168/138 31/55/31
f 138/168/138 45/103/45 31/55/31
f 89/118/89 76/104/76 139/169/139
f 139/169/139 76/104/76 110/139/110
f 140/170/140 77/105/77 90/119/90
f 91/120/91 111/140/111 141/171/141
f 140/172/140 92/173/92 77/174/77
f 78/106/78 79/107/79 142/175/142
f 128/157/128 64/91/64 62/89/62
f 129/158/129 83/111/83 143/176/143
f 64/91/64 144/177/144 93/122/93
f 83/111/83 65/92/65 143/176/143
f 65/92/65 145/178/145 143/176/143
f 87/115/87 130/159/130 95/124/95
f 102/131/102 146/179/146 101/130/101
f 106/135/106 147/180/147 116/145/116
f 115/144/115 133/162/133 132/161/132
f 148/181/148 149/182/149 116/145/116
f 149/182/149 118/147/118 116/145/116
f 120/149/120 135/164/135 150/183/150
f 136/165/136 119/148/119 151/184/151
f 152/185/152 119/148/119 134/163/134
f 27/45/27 123/186/123 72/99/72
f 44/70/44 25/41/25 125/154/125
f 74/101/74 137/167/137 75/102/75
f 24/40/24 153/187/153 125/154/125
f 126/155/126 153/187/153 24/40/24
f 45/72/45 138/188/138 26/44/26
f 89/118/89 139/169/139 110/139/110
f 154/189/154 89/118/89 155/190/155
f 154/189/154 90/119/90 89/118/89
f 127/156/127 91/120/91 141/171/141
f 79/107/79 129/158/129 142/175/142
f 128/157/128 144/177/144 64/91/64
f 93/122/93 144/177/144 156/191/156
f 157/192/157 158/193/158 93/122/93
f 93/122/93 158/193/158 85/113/85
f 158/193/158 96/125/96 85/113/85
f 103/132/103 159/194/159 130/159/130
f 102/131/102 113/142/113 146/179/146
f 103/132/103 131/160/131 159/194/159
f 132/161/132 133/162/133 160/195/160
f 147/180/147 148/181/148 116/145/116
f 133/162/133 120/149/120 150/183/150
f 149/182/149 121/150/121 118/147/118
f 119/148/119 161/196/161 151/184/151
f 119/148/119 152/185/152 161/196/161
f 152/185/152 162/197/162 161/196/161
f 30/69/30 34/58/34 108/198/108
f 138/188/138 163/199/163 26/44/26
f 26/44/26 163/199/163 126/155/126
f 110/139/110 164/200/164 165/201/165
f 110/139/110 127/156/127 164/200/164
f 154/189/154 140/170/140 90/119/90
f 141/171/141 111/140/111 142/175/142
f 78/106/78 142/175/142 111/140/111
f 56/83/56 92/121/92 81/109/81
f 81/109/81 92/121/92 128/157/128
f 166/202/166 144/177/144 128/157/128
f 130/159/130 159/194/159 167/203/167
f 113/142/113 168/204/168 146/179/146
f 132/161/132 160/195/160 105/134/105
f 134/163/134 122/151/122 152/185/152
f 169/205/169 122/151/122 121/150/121
f 122/151/122 169/205/169 170/206/170
f 122/207/122 170/208/170 152/209/152
f 161/196/161 162/197/162 171/210/171
f 170/206/170 172/211/172 173/212/173
f 162/197/162 174/213/174 171/210/171
f 175/214/175 174/213/174 162/197/162
f 174/213/174 176/215/176 171/210/171
f 174/213/174 177/216/177 176/215/176
f 44/70/44 125/154/125 124/153/124
f 153/187/153 126/155/126 163/199/163
f 178/217/178 179/218/179 180/219/180
f 178/217/178 180/219/180 181/220/181
f 155/190/155 89/118/89 182/221/182
f 182/221/182 89/118/89 110/139/110
f 154/189/154 155/190/155 183/222/183
f 164/200/164 127/156/127 184/223/184
f 154/189/154 185/224/185 140/170/140
f 186/225/186 92/121/92 140/170/140
f 128/157/128 92/121/92 186/225/186
f 186/225/186 166/202/166 128/157/128
f 142/175/142 129/158/129 187/226/187
f 129/158/129 143/176/143 187/226/187
f 65/92/65 188/227/188 145/178/145
f 156/191/156 157/192/157 93/122/93
f 65/92/65 94/123/94 188/227/188
f 105/134/105 160/195/160 131/160/131
f 101/130/101 147/180/147 106/135/106
f 189/228/189 149/182/149 148/181/148
f 135/164/135 136/165/136 150/183/150
f 190/229/190 170/206/170 169/205/169
f 152/185/152 170/206/170 175/214/175
f 152/185/152 175/214/175 162/197/162
f 161/196/161 171/210/171 151/184/151
f 170/206/170 191/230/191 172/211/172
f 173/212/173 175/214/175 170/206/170
f 173/212/173 192/231/192 175/214/175
f 173/212/173 172/211/172 192/231/192
f 192/231/192 177/216/177 174/213/174
f 177/216/177 193/232/193 176/215/176
f 123/152/123 88/117/88 194/233/194
f 73/100/73 195/234/195 88/117/88
f 72/99/72 196/235/196 34/58/34
f 197/236/197 196/235/196 72/99/72
f 34/58/34 196/235/196 108/198/108
f 73/100/73 124/166/124 198/237/198
f 125/154/125 199/238/199 200/239/200
f 125/154/125 153/187/153 199/238/199
f 137/167/137 201/240/201 109/138/109
f 163/199/163 199/238/199 153/187/153
f 202/241/202 179/218/179 178/217/178
f 182/221/182 110/139/110 165/201/165
f 156/191/156 203/242/203 157/192/157
f 94/123/94 95/124/95 167/203/167
f 95/124/95 130/159/130 167/203/167
f 133/162/133 204/243/204 160/195/160
f 133/162/133 150/183/150 204/243/204
f 121/150/121 149/182/149 189/228/189
f 151/184/151 205/244/205 136/165/136
f 206/245/206 151/184/151 171/210/171
f 191/230/191 170/206/170 190/229/190
f 171/210/171 176/215/176 206/245/206
f 175/214/175 192/231/192 174/213/174
f 191/230/191 207/246/207 172/211/172
f 208/247/208 176/215/176 193/232/193
f 172/211/172 209/248/209 192/231/192
f 194/249/194 72/99/72 123/186/123
f 210/250/210 163/251/163 138/252/138
f 211/253/211 212/254/212 213/255/213
f 211/253/211 178/217/178 212/254/212
f 181/220/181 212/254/212 178/217/178
f 179/218/179 182/221/182 180/219/180
f 214/256/214 183/222/183 155/190/155
f 165/201/165 164/200/164 184/223/184
f 183/222/183 185/224/185 154/189/154
f 184/223/184 127/156/127 141/171/141
f 186/225/186 140/170/140 215/257/215
f 142/175/142 187/226/187 216/258/216
f 217/259/217 156/191/156 144/177/144
f 218/260/218 203/242/203 156/191/156
f 219/261/219 188/227/188 94/123/94
f 168/204/168 96/125/96 158/193/158
f 112/141/112 96/125/96 168/204/168
f 112/141/112 168/204/168 113/142/113
f 146/179/146 147/180/147 101/130/101
f 160/195/160 204/243/204 131/160/131
f 146/179/146 148/181/148 147/180/147
f 189/228/189 220/262/220 121/150/121
f 220/262/220 169/205/169 121/150/121
f 151/184/151 206/245/206 205/244/205
f 176/215/176 208/247/208 206/245/206
f 207/246/207 209/248/209 172/211/172
f 207/246/207 221/263/221 209/248/209
f 192/231/192 222/264/222 177/216/177
f 177/216/177 222/264/222 193/232/193
f 125/154/125 200/239/200 124/153/124
f 223/265/223 201/240/201 137/167/137
f 109/138/109 201/240/201 138/168/138
f 210/250/210 224/266/224 163/251/163
f 138/252/138 225/267/225 210/250/210
f 225/267/225 226/268/226 210/250/210
f 210/250/210 226/268/226 224/266/224
f 226/268/226 213/255/213 212/254/212
f 212/254/212 227/269/227 226/268/226
f 212/254/212 228/270/228 227/269/227
f 212/254/212 181/220/181 228/270/228
f 211/253/211 229/271/229 178/217/178
f 229/271/229 202/241/202 178/217/178
f 202/241/202 182/221/182 179/218/179
f 202/241/202 230/272/230 182/221/182
f 180/219/180 182/221/182 165/201/165
f 214/256/214 155/190/155 182/221/182
f 231/273/231 165/274/165 184/275/184
f 141/171/141 142/175/142 232/276/232
f 142/175/142 216/258/216 232/276/232
f 156/191/156 217/259/217 218/260/218
f 145/178/145 188/227/188 233/277/233
f 203/242/203 234/278/234 157/192/157
f 234/278/234 168/204/168 158/193/158
f 190/229/190 235/279/235 191/230/191
f 236/280/236 222/281/222 192/282/192
f 72/99/72 194/249/194 197/236/197
f 88/117/88 195/234/195 194/233/194
f 74/101/74 223/265/223 137/167/137
f 163/199/163 237/283/237 199/238/199
f 201/284/201 223/285/223 138/286/138
f 163/199/163 224/287/224 237/283/237
f 213/255/213 225/267/225 138/252/138
f 224/266/224 227/269/227 237/288/237
f 224/266/224 226/268/226 227/269/227
f 225/267/225 213/255/213 226/268/226
f 181/220/181 180/219/180 228/270/228
f 184/223/184 141/171/141 238/289/238
f 140/170/140 185/224/185 215/257/215
f 141/171/141 232/276/232 238/289/238
f 166/290/166 186/291/186 239/292/239
f 166/293/166 217/294/217 144/295/144
f 143/176/143 145/178/145 240/296/240
f 157/192/157 234/278/234 158/193/158
f 131/160/131 167/203/167 159/194/159
f 189/228/189 148/181/148 146/179/146
f 191/230/191 235/279/235 207/246/207
f 235/279/235 221/263/221 207/246/207
f 241/297/241 242/298/242 243/299/243
f 243/299/243 242/298/242 244/300/244
f 244/300/244 242/298/242 245/301/245
f 241/297/241 246/302/246 242/298/242
f 73/100/73 198/237/198 247/303/247
f 199/238/199 237/283/237 200/239/200
f 248/304/248 185/224/185 183/222/183
f 232/305/232 216/306/216 249/307/249
f 186/291/186 250/308/250 239/292/239
f 239/309/239 217/294/217 166/293/166
f 218/310/218 251/311/251 203/312/203
f 131/160/131 204/243/204 167/203/167
f 252/313/252 167/203/167 204/243/204
f 150/183/150 136/165/136 252/313/252
f 136/165/136 205/244/205 253/314/253
f 254/315/254 169/316/169 220/317/220
f 254/315/254 190/318/190 169/316/169
f 255/319/255 206/320/206 208/321/208
f 193/322/193 255/319/255 208/321/208
f 256/323/256 192/324/192 257/325/257
f 256/326/256 236/327/236 192/328/192
f 257/325/257 192/324/192 209/329/209
f 257/325/257 209/329/209 221/330/221
f 258/331/258 222/332/222 236/333/236
f 258/331/258 193/322/193 222/332/222
f 257/334/257 243/299/243 236/327/236
f 259/335/259 241/297/241 257/334/257
f 243/299/243 244/300/244 236/327/236
f 241/297/241 243/299/243 257/334/257
f 245/301/245 260/336/260 244/300/244
f 73/100/73 247/303/247 195/234/195
f 198/337/198 124/153/124 200/239/200
f 261/338/261 223/265/223 74/101/74
f 262/339/262 237/340/237 227/341/227
f 263/342/263 213/255/213 138/252/138
f 263/342/263 211/253/211 213/255/213
f 227/269/227 228/270/228 264/343/264
f 265/344/265 228/270/228 180/219/180
f 266/345/266 230/272/230 202/241/202
f 230/272/230 214/256/214 182/221/182
f 231/346/231 267/347/267 165/201/165
f 183/348/183 214/349/214 248/350/248
f 231/273/231 184/275/184 238/351/238
f 215/352/215 250/308/250 186/291/186
f 187/353/187 143/354/143 268/355/268
f 251/311/251 234/356/234 203/312/203
f 233/277/233 188/227/188 219/261/219
f 269/357/269 168/204/168 234/278/234
f 270/358/270 220/262/220 189/228/189
f 254/359/254 235/279/235 190/229/190
f 206/320/206 255/319/255 271/360/271
f 257/334/257 236/327/236 256/326/256
f 258/331/258 255/319/255 193/322/193
f 257/334/257 221/361/221 259/335/259
f 244/300/244 258/362/258 236/327/236
f 258/362/258 244/300/244 272/363/272
f 272/363/272 244/300/244 260/336/260
f 259/335/259 273/364/273 241/297/241
f 273/364/273 246/302/246 241/297/241
f 260/336/260 245/301/245 274/365/274
f 275/366/275 242/298/242 246/302/246
f 108/137/108 261/338/261 74/101/74
f 138/252/138 223/367/223 263/342/263
f 263/342/263 229/271/229 211/253/211
f 229/368/229 276/369/276 202/370/202
f 165/201/165 265/344/265 180/219/180
f 215/352/215 277/371/277 250/308/250
f 219/261/219 94/123/94 167/203/167
f 168/204/168 270/358/270 146/179/146
f 146/179/146 270/358/270 189/228/189
f 252/313/252 136/165/136 278/372/278
f 136/165/136 253/314/253 278/372/278
f 205/244/205 206/245/206 271/373/271
f 273/364/273 279/374/279 246/302/246
f 275/366/275 280/375/280 242/298/242
f 280/375/280 245/301/245 242/298/242
f 281/376/281 274/365/274 245/301/245
f 247/377/247 198/378/198 282/379/282
f 200/380/200 237/381/237 262/382/262
f 227/269/227 283/383/283 262/384/262
f 228/270/228 284/385/284 264/343/264
f 202/241/202 276/386/276 266/345/266
f 165/201/165 267/347/267 265/344/265
f 230/387/230 285/388/285 214/389/214
f 250/308/250 277/371/277 239/292/239
f 216/390/216 187/391/187 249/392/249
f 240/296/240 286/393/286 143/176/143
f 145/178/145 233/277/233 240/296/240
f 287/394/287 279/395/279 273/396/273
f 279/374/279 275/366/275 246/302/246
f 280/375/280 281/376/281 245/301/245
f 196/235/196 197/236/197 288/397/288
f 247/377/247 282/379/282 195/398/195
f 108/198/108 196/235/196 261/399/261
f 227/269/227 264/343/264 289/400/289
f 284/401/284 289/402/289 264/403/264
f 276/369/276 290/404/290 266/405/266
f 284/385/284 228/270/228 265/344/265
f 291/406/291 292/407/292 293/408/293
f 294/409/294 295/410/295 296/411/296
f 291/406/291 297/412/297 292/407/292
f 298/413/298 299/414/299 291/406/291
f 291/406/291 299/414/299 297/412/297
f 295/410/295 300/415/300 296/411/296
f 214/349/214 285/416/285 248/350/248
f 248/304/248 301/417/301 185/224/185
f 238/351/238 302/418/302 231/273/231
f 185/419/185 301/420/301 303/421/303
f 185/419/185 303/421/303 215/422/215
f 215/422/215 303/421/303 277/423/277
f 143/354/143 286/424/286 268/355/268
f 218/310/218 304/425/304 251/311/251
f 252/313/252 305/426/305 167/203/167
f 269/357/269 270/358/270 168/204/168
f 204/243/204 150/183/150 252/313/252
f 254/315/254 306/427/306 235/428/235
f 258/362/258 272/363/272 307/429/307
f 221/361/221 308/430/308 259/335/259
f 308/430/308 273/364/273 259/335/259
f 260/336/260 274/365/274 309/431/309
f 274/365/274 281/376/281 310/432/310
f 197/433/197 194/434/194 311/435/311
f 311/435/311 288/436/288 197/433/197
f 198/378/198 200/437/200 282/379/282
f 312/438/312 283/383/283 227/269/227
f 263/439/263 276/369/276 229/368/229
f 290/404/290 285/388/285 266/405/266
f 265/440/265 267/441/267 313/442/313
f 285/388/285 230/387/230 266/405/266
f 294/409/294 314/443/314 315/444/315
f 294/409/294 315/444/315 295/410/295
f 291/406/291 293/408/293 298/413/298
f 316/445/316 292/407/292 317/446/317
f 317/446/317 292/407/292 297/412/297
f 318/447/318 294/409/294 296/411/296
f 298/413/298 319/448/319 299/414/299
f 313/449/313 267/450/267 231/451/231
f 302/418/302 238/351/238 232/452/232
f 249/392/249 187/391/187 320/453/320
f 320/454/320 187/353/187 268/355/268
f 321/455/321 217/294/217 239/309/239
f 322/456/322 240/296/240 233/277/233
f 251/457/251 269/357/269 234/278/234
f 219/261/219 167/203/167 305/426/305
f 323/458/323 254/315/254 220/317/220
f 253/459/253 205/460/205 271/360/271
f 307/461/307 255/319/255 258/331/258
f 272/363/272 260/336/260 309/431/309
f 279/395/279 324/462/324 275/463/275
f 325/464/325 281/376/281 280/375/280
f 195/398/195 282/379/282 194/434/194
f 288/397/288 261/399/261 196/235/196
f 326/465/326 223/466/223 261/399/261
f 227/269/227 289/400/289 312/438/312
f 327/467/327 328/468/328 329/469/329
f 328/468/328 330/470/330 329/469/329
f 331/471/331 332/472/332 333/473/333
f 332/472/332 334/474/334 333/473/333
f 331/471/331 335/475/335 332/472/332
f 292/476/292 336/477/336 293/478/293
f 294/479/294 318/480/318 314/481/314
f 337/482/337 338/483/338 315/484/315
f 293/485/293 339/486/339 298/487/298
f 315/444/315 338/488/338 295/410/295
f 298/487/298 339/486/339 319/489/319
f 340/490/340 317/446/317 297/412/297
f 341/491/341 300/415/300 295/410/295
f 299/414/299 340/490/340 297/412/297
f 319/492/319 340/493/340 299/494/299
f 301/420/301 248/350/248 285/416/285
f 300/415/300 341/491/341 342/495/342
f 343/496/343 302/418/302 232/452/232
f 232/497/232 249/498/249 344/499/344
f 344/499/344 249/498/249 345/500/345
f 346/501/346 239/292/239 277/371/277
f 304/425/304 218/310/218 217/502/217
f 233/277/233 219/261/219 347/503/347
f 235/428/235 308/504/308 221/505/221
f 308/430/308 348/506/348 273/364/273
f 272/363/272 349/507/349 307/429/307
f 272/363/272 309/431/309 349/507/349
f 274/508/274 310/509/310 309/510/309
f 350/511/350 280/375/280 275/366/275
f 350/511/350 325/464/325 280/375/280
f 281/512/281 351/513/351 310/509/310
f 223/514/223 326/515/326 352/516/352
f 352/516/352 263/439/263 223/514/223
f 262/517/262 283/518/283 353/519/353
f 283/518/283 312/520/312 353/519/353
f 354/521/354 355/522/355 356/523/356
f 357/524/357 358/525/358 359/526/359
f 360/527/360 358/525/358 357/524/357
f 354/521/354 361/528/361 355/522/355
f 358/525/358 362/529/362 335/475/335
f 335/475/335 331/471/331 358/525/358
f 361/528/361 363/530/363 355/522/355
f 327/531/327 329/532/329 364/533/364
f 330/534/330 365/535/365 329/536/329
f 330/470/330 363/530/363 361/528/361
f 364/537/364 366/538/366 327/539/327
f 367/540/367 335/475/335 362/529/362
f 332/541/332 368/542/368 334/543/334
f 328/468/328 369/544/369 330/470/330
f 330/470/330 369/544/369 363/530/363
f 332/541/332 370/545/370 368/542/368
f 328/468/328 327/467/327 369/544/369
f 363/530/363 371/546/371 372/547/372
f 373/548/373 374/549/374 367/550/367
f 367/540/367 374/551/374 335/475/335
f 332/472/332 335/475/335 370/552/370
f 369/544/369 371/546/371 363/530/363
f 375/553/375 370/554/370 335/555/335
f 369/544/369 376/556/376 377/557/377
f 369/544/369 378/558/378 371/546/371
f 378/558/378 379/559/379 371/546/371
f 335/475/335 374/551/374 375/560/375
f 379/559/379 378/558/378 380/561/380
f 369/544/369 380/561/380 378/558/378
f 265/440/265 313/442/313 381/562/381
f 382/563/382 383/564/383 384/565/384
f 385/566/385 386/567/386 387/568/387
f 290/404/290 388/569/388 285/388/285
f 314/443/314 337/570/337 315/444/315
f 314/481/314 318/480/318 389/571/389
f 338/572/338 390/573/390 295/574/295
f 318/447/318 296/411/296 391/575/391
f 300/415/300 391/575/391 296/411/296
f 300/415/300 342/495/342 391/575/391
f 342/495/342 392/576/392 391/575/391
f 341/491/341 393/577/393 342/495/342
f 319/578/319 344/499/344 340/579/340
f 345/500/345 340/579/340 344/499/344
f 342/495/342 394/580/394 392/576/392
f 392/576/392 277/581/277 303/582/303
f 232/452/232 344/583/344 343/496/343
f 394/580/394 277/581/277 392/576/392
f 394/580/394 395/584/395 277/581/277
f 345/585/345 249/392/249 396/586/396
f 320/453/320 397/587/397 249/392/249
f 346/501/346 398/588/398 239/292/239
f 398/588/398 399/589/399 239/292/239
f 305/426/305 347/503/347 219/261/219
f 252/590/252 278/591/278 400/592/400
f 348/593/348 287/394/287 273/396/273
f 324/462/324 350/594/350 275/463/275
f 351/595/351 281/376/281 325/464/325
f 311/435/311 194/434/194 282/379/282
f 282/596/282 200/597/200 401/598/401
f 401/598/401 200/597/200 402/599/402
f 200/597/200 262/600/262 402/599/402
f 403/601/403 263/439/263 352/516/352
f 404/602/404 405/603/405 359/526/359
f 406/604/406 354/521/354 407/605/407
f 405/603/405 357/524/357 359/526/359
f 407/605/407 354/521/354 356/523/356
f 360/527/360 357/524/357 405/603/405
f 354/521/354 406/604/406 361/528/361
f 356/523/356 355/522/355 408/606/408
f 360/527/360 409/607/409 410/608/410
f 360/527/360 410/608/410 358/525/358
f 359/526/359 358/525/358 411/609/411
f 408/606/408 355/522/355 412/610/412
f 358/525/358 410/608/410 362/529/362
f 355/522/355 363/530/363 412/610/412
f 358/525/358 331/471/331 411/609/411
f 361/528/361 365/611/365 330/470/330
f 413/612/413 363/613/363 372/614/372
f 413/612/413 372/614/372 414/615/414
f 367/616/367 415/617/415 373/618/373
f 416/619/416 372/547/372 371/546/371
f 417/620/417 369/621/369 327/539/327
f 415/622/415 374/623/374 373/624/373
f 417/625/417 376/556/376 369/544/369
f 415/626/415 418/627/418 374/551/374
f 370/554/370 375/553/375 419/628/419
f 418/627/418 420/629/420 421/630/421
f 418/627/418 421/630/421 374/551/374
f 376/556/376 422/631/422 377/557/377
f 377/557/377 422/631/422 423/632/423
f 424/633/424 421/634/421 420/635/420
f 377/557/377 423/632/423 369/544/369
f 421/630/421 424/636/424 374/551/374
f 423/632/423 380/561/380 369/544/369
f 374/551/374 424/636/424 375/560/375
f 424/636/424 425/637/425 375/560/375
f 425/637/425 385/566/385 375/560/375
f 424/636/424 426/638/426 425/637/425
f 427/639/427 382/563/382 422/631/422
f 426/638/426 428/640/428 425/637/425
f 382/563/382 423/632/423 422/631/422
f 384/565/384 423/632/423 382/563/382
f 425/637/425 428/640/428 385/566/385
f 265/440/265 381/562/381 284/401/284
f 428/640/428 386/567/386 385/566/385
f 385/566/385 387/568/387 429/641/429
f 383/564/383 430/642/430 384/565/384
f 389/643/389 383/564/383 431/644/431
f 389/643/389 430/642/430 383/564/383
f 432/645/432 387/568/387 386/567/386
f 387/568/387 432/645/432 336/646/336
f 431/647/431 337/648/337 314/481/314
f 431/647/431 314/481/314 389/571/389
f 389/571/389 318/480/318 433/649/433
f 336/650/336 432/651/432 293/485/293
f 292/476/292 316/652/316 434/653/434
f 432/651/432 339/486/339 293/485/293
f 316/654/316 317/655/317 435/656/435
f 390/573/390 341/657/341 295/574/295
f 436/658/436 231/273/231 302/418/302
f 319/578/319 343/659/343 344/499/344
f 340/579/340 345/500/345 396/660/396
f 393/577/393 395/584/395 342/495/342
f 342/495/342 395/584/395 394/580/394
f 346/661/346 277/581/277 395/584/395
f 321/455/321 239/309/239 399/662/399
f 437/663/437 217/294/217 321/455/321
f 438/664/438 270/358/270 269/357/269
f 282/596/282 439/665/439 311/666/311
f 288/397/288 440/667/440 261/399/261
f 326/465/326 261/399/261 440/667/440
f 441/668/441 406/604/406 407/605/407
f 442/669/442 405/603/405 404/602/404
f 404/602/404 359/526/359 443/670/443
f 356/523/356 444/671/444 407/605/407
f 405/672/405 442/673/442 360/674/360
f 442/673/442 445/675/445 360/674/360
f 406/676/406 446/677/446 361/678/361
f 356/679/356 408/680/408 444/681/444
f 445/675/445 409/682/409 360/674/360
f 361/528/361 446/683/446 365/611/365
f 411/684/411 331/685/331 447/686/447
f 331/687/331 333/688/333 447/689/447
f 333/690/333 334/691/334 448/692/448
f 362/693/362 449/694/449 367/695/367
f 334/696/334 368/697/368 448/698/448
f 372/614/372 416/699/416 414/615/414
f 417/620/417 327/539/327 366/538/366
f 284/401/284 450/700/450 289/402/289
f 376/701/376 427/702/427 422/703/422
f 382/563/382 451/704/451 383/564/383
f 451/704/451 431/644/431 383/564/383
f 452/705/452 432/645/432 386/567/386
f 429/641/429 387/568/387 336/646/336
f 430/642/430 389/643/389 433/706/433
f 292/476/292 434/653/434 336/477/336
f 337/482/337 453/707/453 338/483/338
f 339/486/339 432/651/432 454/708/454
f 313/709/313 231/710/231 436/711/436
f 340/490/340 455/712/455 317/446/317
f 456/713/456 303/421/303 301/420/301
f 392/714/392 303/715/303 457/716/457
f 249/392/249 397/587/397 396/586/396
f 268/355/268 286/424/286 458/717/458
f 437/663/437 304/718/304 217/294/217
f 459/719/459 438/720/438 251/721/251
f 251/457/251 438/664/438 269/357/269
f 305/722/305 252/723/252 347/724/347
f 270/725/270 460/726/460 461/727/461
f 270/725/270 461/727/461 220/317/220
f 278/591/278 253/459/253 400/592/400
f 220/317/220 461/727/461 323/458/323
f 306/427/306 308/504/308 235/428/235
f 309/510/309 462/728/462 349/729/349
f 279/395/279 287/394/287 324/462/324
f 325/730/325 463/731/463 351/513/351
f 311/732/311 464/733/464 440/667/440
f 311/666/311 439/665/439 464/734/464
f 311/732/311 440/667/440 288/397/288
f 282/596/282 465/735/465 439/665/439
f 326/515/326 466/736/466 352/516/352
f 359/526/359 411/609/411 443/670/443
f 408/680/408 412/737/412 467/738/467
f 410/739/410 449/740/449 362/741/362
f 329/532/329 365/742/365 468/743/468
f 412/744/412 363/745/363 469/746/469
f 329/532/329 468/743/468 364/533/364
f 363/613/363 413/612/413 469/747/469
f 413/612/413 414/615/414 469/747/469
f 263/439/263 470/748/470 276/369/276
f 375/749/375 385/750/385 419/751/419
f 420/629/420 426/638/426 424/636/424
f 380/561/380 423/632/423 471/752/471
f 380/753/380 471/754/471 472/755/472
f 423/632/423 384/565/384 471/752/471
f 450/700/450 284/401/284 381/562/381
f 385/756/385 429/757/429 473/758/473
f 428/759/428 426/760/426 386/761/386
f 384/762/384 430/763/430 471/754/471
f 426/760/426 452/764/452 386/761/386
f 429/757/429 474/765/474 473/758/473
f 429/641/429 336/646/336 474/766/474
f 337/767/337 431/768/431 475/769/475
f 432/645/432 452/705/452 476/770/476
f 337/767/337 475/769/475 477/771/477
f 337/772/337 477/773/477 453/774/453
f 432/651/432 476/775/476 454/708/454
f 316/652/316 435/776/435 434/653/434
f 338/572/338 453/777/453 390/573/390
f 285/416/285 456/713/456 301/420/301
f 390/573/390 393/778/393 341/657/341
f 391/575/391 392/576/392 457/779/457
f 455/712/455 340/490/340 478/780/478
f 340/781/340 396/586/396 478/782/478
f 395/783/395 393/778/393 479/784/479
f 480/785/480 320/454/320 268/355/268
f 481/786/481 286/424/286 240/787/240
f 482/788/482 251/311/251 304/425/304
f 459/789/459 251/790/251 482/791/482
f 322/456/322 233/277/233 347/503/347
f 270/725/270 438/720/438 460/726/460
f 483/792/483 253/459/253 271/360/271
f 309/510/309 310/509/310 484/793/484
f 485/794/485 325/795/325 350/594/350
f 310/509/310 351/513/351 486/796/486
f 485/797/485 463/731/463 325/730/325
f 486/796/486 351/513/351 463/731/463
f 401/598/401 465/735/465 282/596/282
f 487/798/487 445/675/445 442/673/442
f 488/799/488 263/439/263 403/601/403
f 444/681/444 408/680/408 489/800/489
f 489/800/489 408/680/408 490/801/490
f 467/802/467 412/744/412 469/746/469
f 491/803/491 367/695/367 449/694/449
f 492/804/492 414/805/414 416/806/416
f 493/807/493 418/808/418 415/809/415
f 371/810/371 379/811/379 494/812/494
f 418/813/418 495/814/495 420/815/420
f 289/402/289 450/700/450 496/816/496
f 497/817/497 379/818/379 380/753/380
f 419/751/419 385/750/385 498/819/498
f 498/820/498 385/756/385 499/821/499
f 500/822/500 426/760/426 420/823/420
f 501/824/501 382/825/382 427/826/427
f 501/824/501 451/827/451 382/825/382
f 475/828/475 431/829/431 451/830/451
f 430/763/430 433/831/433 502/832/502
f 434/653/434 474/765/474 336/477/336
f 433/649/433 318/480/318 502/833/502
f 503/834/503 390/573/390 453/777/453
f 504/835/504 318/480/318 391/836/391
f 317/655/317 455/837/455 435/656/435
f 436/658/436 302/418/302 505/838/505
f 506/839/506 319/489/319 339/486/339
f 479/784/479 393/778/393 390/573/390
f 391/836/391 457/840/457 507/841/507
f 319/489/319 506/839/506 343/842/343
f 395/783/395 479/784/479 508/843/508
f 395/783/395 508/843/508 346/501/346
f 286/424/286 481/786/481 458/717/458
f 240/787/240 322/844/322 481/786/481
f 252/845/252 509/846/509 347/847/347
f 252/590/252 400/592/400 509/848/509
f 255/319/255 307/461/307 510/849/510
f 307/461/307 349/729/349 511/850/511
f 348/593/348 512/851/512 287/394/287
f 309/510/309 484/793/484 513/852/513
f 324/462/324 514/853/514 350/594/350
f 439/665/439 465/735/465 464/734/464
f 466/736/466 403/601/403 352/516/352
f 515/854/515 262/517/262 353/519/353
f 404/855/404 443/856/443 516/857/516
f 517/858/517 406/859/406 441/860/441
f 516/861/516 487/798/487 442/673/442
f 407/862/407 444/681/444 518/863/518
f 519/864/519 446/677/446 406/676/406
f 263/439/263 488/799/488 470/748/470
f 408/680/408 467/738/467 490/801/490
f 409/682/409 520/865/520 410/866/410
f 447/689/447 333/688/333 521/867/521
f 333/688/333 448/868/448 522/869/522
f 523/870/523 376/871/376 417/872/417
f 418/813/418 524/873/524 495/814/495
f 495/874/495 500/822/500 420/823/420
f 500/822/500 525/875/525 426/760/426
f 385/756/385 473/758/473 499/821/499
f 526/876/526 381/562/381 313/442/313
f 426/760/426 527/877/527 452/764/452
f 390/573/390 503/834/503 479/784/479
f 302/418/302 528/878/528 505/838/505
f 302/418/302 343/496/343 528/878/528
f 303/715/303 529/879/529 457/716/457
f 397/587/397 478/782/478 396/586/396
f 397/587/397 320/453/320 530/880/530
f 321/455/321 399/662/399 531/881/531
f 322/882/322 347/883/347 481/884/481
f 532/885/532 533/886/533 459/719/459
f 459/719/459 533/886/533 438/720/438
f 347/883/347 534/887/534 535/888/535
f 347/847/347 509/846/509 534/889/534
f 438/720/438 533/886/533 460/726/460
f 323/458/323 306/427/306 254/315/254
f 271/360/271 255/319/255 483/792/483
f 308/504/308 512/851/512 348/593/348
f 349/729/349 462/728/462 511/850/511
f 462/728/462 309/510/309 513/852/513
f 287/394/287 514/853/514 324/462/324
f 486/796/486 484/793/484 310/509/310
f 262/517/262 515/854/515 402/890/402
f 404/855/404 516/857/516 442/891/442
f 407/862/407 517/892/517 441/893/441
f 443/856/443 536/894/536 516/857/516
f 517/895/517 519/896/519 406/897/406
f 411/684/411 536/898/536 443/899/443
f 411/684/411 537/900/537 536/898/536
f 312/520/312 538/901/538 353/519/353
f 490/801/490 467/738/467 539/902/539
f 411/684/411 447/686/447 537/900/537
f 289/402/289 496/816/496 312/520/312
f 410/739/410 520/903/520 449/740/449
f 446/904/446 540/905/540 365/906/365
f 365/907/365 540/908/540 468/909/468
f 333/688/333 522/869/522 521/867/521
f 367/695/367 541/910/541 415/911/415
f 371/912/371 542/913/542 416/914/416
f 371/912/371 494/915/494 542/913/542
f 370/554/370 419/628/419 543/916/543
f 523/917/523 427/702/427 376/701/376
f 494/812/494 379/811/379 497/918/497
f 523/917/523 501/919/501 427/702/427
f 426/760/426 525/875/525 527/877/527
f 501/824/501 544/920/544 451/827/451
f 430/763/430 502/832/502 471/754/471
f 381/562/381 526/876/526 450/700/450
f 451/830/451 544/921/544 475/828/475
f 473/758/473 474/765/474 545/922/545
f 452/764/452 527/877/527 546/923/546
f 452/764/452 546/923/546 476/924/476
f 477/771/477 475/769/475 547/925/547
f 434/653/434 548/926/548 474/765/474
f 477/771/477 549/927/549 453/928/453
f 454/708/454 476/775/476 546/929/546
f 434/930/434 435/656/435 548/931/548
f 318/480/318 550/932/550 502/833/502
f 453/777/453 549/933/549 503/834/503
f 435/656/435 551/934/551 552/935/552
f 435/656/435 455/837/455 551/934/551
f 454/708/454 506/839/506 339/486/339
f 456/713/456 553/936/553 303/421/303
f 553/936/553 529/937/529 303/421/303
f 507/938/507 457/939/457 529/940/529
f 528/878/528 343/496/343 554/941/554
f 554/942/554 343/842/343 506/839/506
f 398/588/398 508/843/508 479/784/479
f 398/588/398 346/501/346 508/843/508
f 530/880/530 320/453/320 555/943/555
f 556/944/556 557/945/557 304/718/304
f 304/718/304 437/663/437 556/944/556
f 482/946/482 532/885/532 459/719/459
f 558/947/558 559/948/559 560/949/560
f 558/947/558 560/949/560 561/950/561
f 562/951/562 563/952/563 564/953/564
f 307/461/307 511/850/511 510/849/510
f 565/954/565 514/853/514 287/394/287
f 566/955/566 350/594/350 514/853/514
f 485/794/485 350/594/350 566/955/566
f 464/956/464 567/957/567 440/958/440
f 440/667/440 466/959/466 326/465/326
f 568/960/568 488/799/488 403/601/403
f 517/892/517 407/862/407 518/863/518
f 489/800/489 518/863/518 444/681/444
f 519/864/519 569/961/569 446/677/446
f 570/962/570 409/682/409 445/675/445
f 569/961/569 571/963/571 446/677/446
f 538/901/538 312/520/312 496/816/496
f 571/964/571 540/965/540 446/966/446
f 572/967/572 537/900/537 447/686/447
f 520/903/520 491/968/491 449/740/449
f 572/969/572 447/689/447 521/867/521
f 541/970/541 493/807/493 415/809/415
f 499/821/499 473/758/473 498/820/498
f 276/369/276 388/569/388 290/404/290
f 471/754/471 502/832/502 472/755/472
f 547/925/547 475/769/475 544/971/544
f 545/922/545 474/765/474 548/926/548
f 547/925/547 573/972/573 477/771/477
f 549/927/549 477/771/477 573/972/573
f 388/569/388 574/973/574 285/388/285
f 574/974/574 456/713/456 285/416/285
f 504/835/504 391/836/391 507/841/507
f 505/838/505 528/878/528 554/941/554
f 529/937/529 553/936/553 456/713/456
f 320/454/320 480/785/480 555/975/555
f 268/355/268 458/717/458 480/785/480
f 481/884/481 347/883/347 575/976/575
f 575/976/575 347/883/347 535/888/535
f 576/977/576 577/978/577 578/979/578
f 579/980/579 535/981/535 580/982/580
f 579/980/579 580/982/580 581/983/581
f 581/983/581 580/982/580 582/984/582
f 577/978/577 583/985/583 578/979/578
f 578/979/578 583/985/583 532/986/532
f 580/987/580 535/888/535 534/887/534
f 558/947/558 561/950/561 584/988/584
f 585/989/585 586/990/586 563/952/563
f 587/991/587 460/726/460 533/886/533
f 586/990/586 588/992/588 563/952/563
f 588/992/588 564/953/564 563/952/563
f 560/993/560 589/994/589 590/995/590
f 559/948/559 589/996/589 560/949/560
f 509/848/509 400/592/400 591/997/591
f 253/459/253 483/792/483 400/592/400
f 592/998/592 306/427/306 323/458/323
f 255/319/255 510/849/510 483/792/483
f 592/998/592 308/504/308 306/427/306
f 593/999/593 287/394/287 512/851/512
f 593/999/593 565/954/565 287/394/287
f 567/957/567 464/956/464 594/1000/594
f 464/956/464 465/1001/465 594/1000/594
f 465/1001/465 595/1002/595 594/1000/594
f 567/957/567 596/1003/596 440/958/440
f 465/1001/465 401/1004/401 597/1005/597
f 596/1003/596 598/1006/598 440/958/440
f 599/1007/599 401/1004/401 402/1008/402
f 487/798/487 600/1009/600 445/675/445
f 600/1009/600 570/962/570 445/675/445
f 409/682/409 570/962/570 520/865/520
f 467/879/467 469/1010/469 601/1011/601
f 414/615/414 492/1012/492 469/747/469
f 367/695/367 491/803/491 541/910/541
f 364/537/364 602/1013/602 366/538/366
f 366/538/366 602/1013/602 417/620/417
f 492/1014/492 416/1015/416 542/1016/542
f 602/1013/602 603/1017/603 417/620/417
f 417/872/417 603/1018/603 523/870/523
f 380/753/380 472/755/472 497/817/497
f 604/1019/604 605/1020/605 606/1021/606
f 473/758/473 607/1022/607 498/820/498
f 525/875/525 608/1023/608 527/877/527
f 276/369/276 609/1024/609 388/569/388
f 473/758/473 545/922/545 607/1022/607
f 435/656/435 552/935/552 548/931/548
f 318/480/318 504/835/504 550/932/550
f 610/1025/610 611/1026/611 612/1027/612
f 313/1028/313 436/658/436 526/1029/526
f 505/838/505 613/1030/613 436/658/436
f 611/1026/611 614/1031/614 612/1027/612
f 615/1032/615 614/1031/614 611/1026/611
f 437/1033/437 321/1034/321 531/1035/531
f 575/1036/575 535/981/535 616/1037/616
f 576/1038/576 578/1039/578 532/1040/532
f 616/1037/616 581/983/581 617/1041/617
f 576/977/576 618/1042/618 577/978/577
f 535/981/535 579/980/579 616/1037/616
f 579/980/579 581/983/581 616/1037/616
f 617/1041/617 581/983/581 582/984/582
f 577/978/577 619/1043/619 583/985/583
f 533/886/533 532/885/532 583/1044/583
f 509/846/509 620/1045/620 534/889/534
f 621/1046/621 587/1047/587 533/1048/533
f 622/1049/622 586/990/586 585/989/585
f 561/950/561 560/949/560 590/1050/590
f 559/1051/559 558/1052/558 623/1053/623
f 559/948/559 623/1054/623 624/1055/624
f 563/952/563 562/951/562 585/989/585
f 559/948/559 624/1055/624 625/1056/625
f 559/948/559 625/1056/625 589/996/589
f 626/1057/626 627/1058/627 628/1059/628
f 626/1057/626 629/1060/629 627/1058/627
f 630/1061/630 631/1062/631 460/726/460
f 632/1063/632 633/1064/633 634/1065/634
f 632/1063/632 634/1065/634 635/1066/635
f 626/1057/626 636/1067/636 629/1060/629
f 637/1068/637 635/1066/635 638/1069/638
f 636/1067/636 639/1070/639 629/1060/629
f 638/1069/638 635/1066/635 634/1065/634
f 461/727/461 640/1071/640 323/458/323
f 308/504/308 641/1072/641 512/851/512
f 511/850/511 462/728/462 642/1073/642
f 486/796/486 643/1074/643 484/793/484
f 465/1001/465 644/1075/644 595/1002/595
f 597/1005/597 401/1004/401 599/1007/599
f 440/958/440 598/1006/598 466/1076/466
f 353/519/353 645/1077/645 515/854/515
f 353/519/353 538/901/538 645/1077/645
f 516/1078/516 536/1079/536 646/1080/646
f 520/865/520 570/962/570 491/1081/491
f 364/533/364 468/743/468 602/1082/602
f 469/747/469 492/1012/492 601/1083/601
f 488/799/488 647/1084/647 470/748/470
f 496/816/496 648/1085/648 538/901/538
f 418/808/418 493/807/493 524/1086/524
f 543/916/543 419/628/419 649/1087/649
f 524/873/524 650/1088/650 495/814/495
f 498/819/498 649/1089/649 419/751/419
f 500/822/500 495/874/495 651/1090/651
f 500/822/500 651/1090/651 525/875/525
f 652/1091/652 653/1092/653 654/1093/654
f 655/1094/655 653/1095/653 652/1096/652
f 450/700/450 648/1085/648 496/816/496
f 656/1097/656 657/1098/657 658/1099/658
f 658/1099/658 657/1098/657 659/1100/659
f 655/1094/655 660/1101/660 653/1095/653
f 661/1102/661 662/1103/662 663/1104/663
f 604/1105/604 606/1106/606 664/1107/664
f 662/1103/662 665/1108/665 663/1104/663
f 604/1109/604 666/1110/666 605/1111/605
f 665/1108/665 667/1112/667 663/1104/663
f 667/1113/667 668/1114/668 663/1115/663
f 608/1116/608 525/1117/525 669/1118/669
f 670/1119/670 671/1120/671 672/1121/672
f 657/1122/657 672/1121/672 671/1120/671
f 665/1108/665 673/1123/673 674/1124/674
f 501/824/501 675/1125/675 544/920/544
f 676/1126/676 472/755/472 502/832/502
f 544/1127/544 677/1128/677 547/1129/547
f 545/1130/545 678/1131/678 607/1132/607
f 527/877/527 679/1133/679 546/923/546
f 502/1134/502 680/1135/680 676/1136/676
f 681/1137/681 682/1138/682 683/1139/683
f 545/1130/545 548/1140/548 678/1131/678
f 502/833/502 684/1141/684 680/1142/680
f 502/833/502 550/932/550 684/1141/684
f 681/1137/681 683/1139/683 685/1143/685
f 454/708/454 546/929/546 686/1144/686
f 552/935/552 687/1145/687 548/931/548
f 688/1146/688 685/1143/685 683/1139/683
f 689/1147/689 611/1026/611 610/1025/610
f 551/934/551 687/1145/687 552/935/552
f 574/974/574 690/1148/690 456/713/456
f 682/1138/682 691/1149/691 683/1139/683
f 504/835/504 507/841/507 550/932/550
f 505/838/505 692/1150/692 613/1030/613
f 554/941/554 692/1150/692 505/838/505
f 612/1027/612 614/1031/614 693/1151/693
f 506/839/506 454/708/454 694/1152/694
f 688/1146/688 683/1139/683 695/1153/695
f 615/1032/615 696/1154/696 614/1031/614
f 455/837/455 478/782/478 551/934/551
f 683/1139/683 691/1149/691 697/1155/697
f 683/1139/683 697/1155/697 695/1153/695
f 698/1156/698 699/1157/699 700/1158/700
f 697/1155/697 701/1159/701 702/1160/702
f 701/1159/701 703/1161/703 702/1160/702
f 700/1158/700 704/1162/704 696/1154/696
f 705/1163/705 701/1159/701 697/1155/697
f 701/1164/701 706/1165/706 703/1166/703
f 531/1035/531 707/1167/707 437/1033/437
f 708/1168/708 531/881/531 399/662/399
f 705/1163/705 709/1169/709 701/1159/701
f 556/944/556 710/1170/710 557/945/557
f 711/1171/711 576/977/576 712/1172/712
f 482/1173/482 576/1174/576 532/1175/532
f 616/1037/616 617/1041/617 713/1176/713
f 711/1171/711 618/1042/618 576/977/576
f 577/978/577 618/1042/618 619/1043/619
f 582/984/582 580/982/580 714/1177/714
f 715/1178/715 584/988/584 716/1179/716
f 714/1180/714 580/987/580 534/887/534
f 715/1178/715 717/1181/717 584/988/584
f 619/1043/619 718/1182/718 583/985/583
f 583/1044/583 718/1183/718 533/886/533
f 719/1184/719 586/990/586 622/1049/622
f 716/1179/716 584/988/584 561/950/561
f 719/1184/719 720/1185/720 586/990/586
f 718/1183/718 621/1186/621 533/886/533
f 720/1185/720 588/992/588 586/990/586
f 623/1054/623 584/988/584 717/1181/717
f 623/1054/623 558/947/558 584/988/584
f 621/1046/621 721/1187/721 587/1047/587
f 722/1188/722 632/1063/632 635/1066/635
f 585/989/585 562/951/562 723/1189/723
f 724/1190/724 626/1057/626 628/1059/628
f 725/1191/725 590/995/590 589/994/589
f 587/991/587 630/1061/630 460/726/460
f 726/1192/726 727/1193/727 564/1194/564
f 725/1191/725 589/994/589 625/1195/625
f 722/1188/722 635/1066/635 728/1196/728
f 727/1193/727 562/1197/562 564/1194/564
f 627/1058/627 629/1060/629 729/1198/729
f 724/1190/724 636/1067/636 626/1057/626
f 730/1199/730 634/1065/634 633/1064/633
f 637/1068/637 638/1069/638 731/1200/731
f 634/1065/634 730/1199/730 638/1069/638
f 732/1201/732 483/792/483 510/849/510
f 641/1072/641 593/999/593 512/851/512
f 462/728/462 513/852/513 642/1073/642
f 733/1202/733 566/955/566 514/853/514
f 734/1203/734 735/1204/735 736/1205/736
f 735/1204/735 737/1206/737 736/1205/736
f 738/1207/738 739/1208/739 740/1209/740
f 741/1210/741 742/1211/742 743/1212/743
f 744/1213/744 745/1214/745 746/1215/746
f 747/1216/747 748/1217/748 749/1218/749
f 747/1216/747 749/1218/749 750/1219/750
f 750/1219/750 749/1218/749 751/1220/751
f 752/1221/752 753/1222/753 754/1223/754
f 755/1224/755 754/1223/754 753/1222/753
f 756/1225/756 746/1226/746 745/1227/745
f 757/1228/757 741/1229/741 743/1230/743
f 752/1221/752 758/1231/758 753/1222/753
f 759/1232/759 760/1233/760 746/1215/746
f 761/1234/761 762/1235/762 763/1236/763
f 751/1220/751 764/1237/764 752/1221/752
f 765/1238/765 766/1239/766 764/1240/764
f 752/1221/752 764/1237/764 766/1241/766
f 767/1242/767 762/1235/762 761/1234/761
f 763/1236/763 762/1235/762 768/1243/768
f 769/1244/769 768/1243/768 762/1235/762
f 567/957/567 594/1000/594 770/1245/770
f 644/1075/644 465/1001/465 597/1005/597
f 402/1008/402 771/1246/771 599/1007/599
f 598/1006/598 772/1247/772 466/1076/466
f 402/1008/402 515/1248/515 771/1246/771
f 772/1247/772 773/1249/773 466/1076/466
f 773/1249/773 403/1250/403 466/1076/466
f 771/1246/771 515/1248/515 774/1251/774
f 775/1252/775 568/960/568 403/601/403
f 516/1078/516 646/1080/646 487/1253/487
f 517/1254/517 776/1255/776 519/1256/519
f 518/1257/518 776/1255/776 517/1254/517
f 487/1253/487 646/1080/646 600/1258/600
f 518/1257/518 489/1259/489 776/1255/776
f 519/1256/519 776/1255/776 569/1260/569
f 489/1259/489 490/1261/490 777/1262/777
f 536/1079/536 537/1263/537 646/1080/646
f 490/1261/490 539/1264/539 777/1262/777
f 646/1080/646 537/1263/537 778/1265/778
f 569/1260/569 779/1266/779 571/1267/571
f 570/1268/570 780/1269/780 491/1270/491
f 539/1271/539 467/1272/467 601/1273/601
f 537/1263/537 572/1274/572 778/1265/778
f 571/1275/571 779/1276/779 540/1277/540
f 448/1278/448 368/542/368 781/1279/781
f 781/1279/781 370/545/370 543/1280/543
f 781/1279/781 368/542/368 370/545/370
f 782/1281/782 542/913/542 494/915/494
f 783/1282/783 543/1283/543 649/1284/649
f 650/1088/650 524/873/524 784/1285/784
f 494/812/494 497/918/497 785/1286/785
f 650/1287/650 651/1090/651 495/874/495
f 523/917/523 786/1288/786 501/919/501
f 497/817/497 472/755/472 787/1289/787
f 783/1282/783 498/1290/498 669/1118/669
f 788/1291/788 655/1094/655 789/1292/789
f 789/1292/789 655/1094/655 790/1293/790
f 472/755/472 791/1294/791 787/1289/787
f 792/1295/792 793/1296/793 794/1297/794
f 795/1298/795 656/1299/656 658/1300/658
f 786/1288/786 796/1301/796 501/919/501
f 669/1118/669 525/1117/525 651/1302/651
f 788/1291/788 605/1111/605 655/1094/655
f 786/1303/786 791/1304/791 796/1305/796
f 793/1296/793 662/1103/662 794/1297/794
f 797/1306/797 655/1307/655 652/1308/652
f 654/1309/654 653/1095/653 660/1101/660
f 659/1310/659 657/1311/657 793/1312/793
f 793/1296/793 657/1122/657 662/1103/662
f 661/1313/661 663/1314/663 668/1315/668
f 501/1316/501 796/1305/796 675/1317/675
f 798/1318/798 672/1319/672 657/1320/657
f 605/1111/605 666/1110/666 655/1094/655
f 660/1101/660 799/1321/799 800/1322/800
f 800/1323/800 799/1324/799 801/1325/801
f 798/1318/798 670/1326/670 672/1319/672
f 657/1122/657 665/1108/665 662/1103/662
f 664/1107/664 802/1327/802 604/1105/604
f 666/1110/666 803/1328/803 655/1094/655
f 669/1118/669 498/1290/498 607/1132/607
f 802/1329/802 666/1330/666 604/1331/604
f 655/1094/655 799/1321/799 660/1101/660
f 802/1332/802 804/1333/804 666/1110/666
f 671/1120/671 665/1108/665 657/1122/657
f 665/1108/665 674/1124/674 667/1112/667
f 667/1334/667 674/1335/674 805/1336/805
f 804/1333/804 803/1328/803 666/1110/666
f 655/1094/655 803/1328/803 799/1321/799
f 802/1332/802 806/1337/806 804/1333/804
f 470/748/470 609/1024/609 276/369/276
f 806/1338/806 807/1339/807 804/1340/804
f 804/1333/804 808/1341/808 803/1328/803
f 804/1333/804 807/1342/807 808/1341/808
f 671/1120/671 673/1123/673 665/1108/665
f 674/1343/674 673/1344/673 805/1345/805
f 791/1304/791 472/1346/472 676/1136/676
f 608/1023/608 679/1133/679 527/877/527
f 671/1120/671 682/1138/682 673/1123/673
f 677/1128/677 544/1127/544 675/1317/675
f 673/1123/673 682/1138/682 681/1137/681
f 808/1341/808 610/1025/610 803/1328/803
f 610/1025/610 612/1027/612 803/1328/803
f 612/1027/612 809/1347/809 803/1328/803
f 669/1118/669 607/1132/607 678/1131/678
f 678/1131/678 546/1348/546 679/1349/679
f 809/1347/809 612/1027/612 810/1350/810
f 573/972/573 547/925/547 811/1351/811
f 684/1352/684 547/1129/547 677/1128/677
f 811/1353/811 547/1354/547 684/1141/684
f 684/1352/684 677/1128/677 680/1135/680
f 812/1355/812 503/834/503 549/933/549
f 612/1027/612 693/1151/693 810/1350/810
f 813/1356/813 436/658/436 613/1030/613
f 814/1357/814 456/713/456 690/1148/690
f 529/937/529 456/713/456 814/1357/814
f 812/1355/812 479/784/479 503/834/503
f 694/1358/694 554/1359/554 506/1360/506
f 611/1026/611 689/1147/689 615/1032/615
f 696/1154/696 815/1361/815 614/1031/614
f 614/1031/614 815/1361/815 693/1151/693
f 479/784/479 816/1362/816 398/588/398
f 478/782/478 530/880/530 551/934/551
f 397/587/397 530/880/530 478/782/478
f 817/1363/817 698/1364/698 615/1365/615
f 697/1155/697 702/1160/702 695/1153/695
f 698/1156/698 700/1158/700 615/1032/615
f 615/1032/615 700/1158/700 696/1154/696
f 698/1366/698 817/1367/817 699/1368/699
f 699/1157/699 818/1369/818 700/1158/700
f 398/588/398 819/1370/819 399/589/399
f 437/663/437 820/1371/820 556/944/556
f 709/1169/709 706/1372/706 701/1159/701
f 481/786/481 821/1373/821 458/717/458
f 818/1369/818 822/1374/822 700/1158/700
f 709/1169/709 823/1375/823 706/1372/706
f 700/1158/700 822/1374/822 704/1162/704
f 705/1163/705 824/1376/824 709/1169/709
f 709/1169/709 825/1377/825 823/1375/823
f 826/1378/826 704/1162/704 822/1374/822
f 824/1376/824 825/1377/825 709/1169/709
f 826/1378/826 822/1374/822 827/1379/827
f 557/1380/557 482/788/482 304/425/304
f 822/1374/822 828/1381/828 827/1379/827
f 829/1382/829 823/1375/823 825/1377/825
f 824/1376/824 830/1383/830 825/1377/825
f 825/1377/825 830/1383/830 829/1382/829
f 827/1379/827 831/1384/831 826/1378/826
f 828/1381/828 831/1384/831 827/1379/827
f 831/1384/831 832/1385/832 826/1378/826
f 712/1172/712 832/1385/832 711/1171/711
f 616/1386/616 833/1387/833 834/1388/834
f 713/1176/713 833/1389/833 616/1037/616
f 575/1390/575 616/1391/616 834/1392/834
f 831/1384/831 835/1393/835 832/1385/832
f 713/1176/713 836/1394/836 830/1383/830
f 617/1041/617 837/1395/837 713/1176/713
f 713/1176/713 719/1184/719 836/1394/836
f 835/1393/835 716/1179/716 832/1385/832
f 838/1396/838 832/1385/832 716/1179/716
f 832/1385/832 838/1396/838 711/1171/711
f 839/1397/839 618/1042/618 711/1171/711
f 837/1395/837 719/1184/719 713/1176/713
f 835/1393/835 715/1178/715 716/1179/716
f 836/1394/836 719/1184/719 840/1398/840
f 619/1043/619 618/1042/618 839/1397/839
f 720/1185/720 719/1184/719 837/1395/837
f 841/1399/841 717/1181/717 715/1178/715
f 719/1184/719 622/1049/622 840/1398/840
f 561/950/561 842/1400/842 716/1179/716
f 843/1401/843 623/1054/623 717/1181/717
f 534/1402/534 620/1403/620 844/1404/844
f 585/1405/585 845/1406/845 622/1407/622
f 590/1050/590 842/1400/842 561/950/561
f 628/1059/628 627/1058/627 721/1187/721
f 846/1408/846 620/1045/620 722/1188/722
f 632/1063/632 722/1188/722 620/1045/620
f 627/1058/627 847/1409/847 721/1187/721
f 585/1405/585 723/1410/723 845/1406/845
f 848/1411/848 842/1412/842 590/995/590
f 623/1413/623 849/1414/849 624/1415/624
f 590/995/590 725/1191/725 848/1411/848
f 509/846/509 591/1416/591 620/1045/620
f 588/1417/588 726/1418/726 564/1419/564
f 627/1058/627 729/1198/729 847/1409/847
f 850/1420/850 633/1064/633 620/1045/620
f 620/1045/620 633/1064/633 632/1063/632
f 722/1188/722 728/1196/728 851/1421/851
f 625/1195/625 852/1422/852 725/1191/725
f 728/1196/728 637/1068/637 853/1423/853
f 728/1196/728 635/1066/635 637/1068/637
f 724/1190/724 854/1424/854 636/1067/636
f 854/1424/854 855/1425/855 636/1067/636
f 729/1198/729 629/1060/629 856/1426/856
f 633/1064/633 857/1427/857 730/1199/730
f 731/1200/731 858/1428/858 637/1068/637
f 629/1060/629 859/1429/859 856/1426/856
f 855/1425/855 639/1070/639 636/1067/636
f 639/1070/639 859/1429/859 629/1060/629
f 726/1430/726 860/1431/860 861/1432/861
f 639/1070/639 862/1433/862 859/1429/859
f 638/1434/638 730/1435/730 731/1436/731
f 726/1430/726 863/1437/863 727/1438/727
f 631/1062/631 461/727/461 460/726/460
f 726/1430/726 864/1439/864 863/1437/863
f 852/1440/852 865/1441/865 725/1442/725
f 866/1443/866 867/1444/867 852/1445/852
f 861/1432/861 864/1439/864 726/1430/726
f 852/1440/852 867/1446/867 865/1441/865
f 640/1071/640 592/998/592 323/458/323
f 868/1447/868 869/1448/869 870/1449/870
f 871/1450/871 872/1451/872 873/1452/873
f 874/1453/874 869/1448/869 868/1447/868
f 870/1449/870 869/1448/869 875/1454/875
f 869/1448/869 874/1453/874 876/1455/876
f 873/1452/873 877/1456/877 871/1450/871
f 878/1457/878 865/1441/865 867/1446/867
f 592/998/592 879/1458/879 308/504/308
f 877/1456/877 880/1459/880 871/1450/871
f 871/1450/871 881/1460/881 872/1451/872
f 879/1458/879 641/1072/641 308/504/308
f 869/1448/869 882/1461/882 875/1454/875
f 869/1448/869 883/1462/883 882/1461/882
f 878/1457/878 884/1463/884 865/1441/865
f 885/1464/885 886/1465/886 887/1466/887
f 886/1467/886 888/1468/888 887/1469/887
f 878/1457/878 889/1470/889 890/1471/890
f 878/1457/878 890/1471/890 891/1472/891
f 892/1473/892 893/1474/893 894/1475/894
f 885/1476/885 894/1475/894 886/1467/886
f 886/1467/886 895/1477/895 888/1468/888
f 896/1478/896 897/1479/897 898/1480/898
f 896/1481/896 889/1470/889 878/1457/878
f 895/1477/895 899/1482/899 900/1483/900
f 898/1484/898 901/1485/901 889/1470/889
f 898/1484/898 889/1470/889 896/1481/896
f 900/1483/900 899/1482/899 902/1486/902
f 903/1487/903 893/1474/893 892/1473/892
f 894/1475/894 895/1477/895 886/1467/886
f 904/1488/904 905/1489/905 901/1490/901
f 744/1213/744 906/1491/906 881/1460/881
f 905/1489/905 907/1492/907 901/1490/901
f 907/1493/907 889/1470/889 901/1485/901
f 889/1470/889 908/1494/908 890/1471/890
f 891/1472/891 909/1495/909 884/1463/884
f 894/1475/894 910/1496/910 895/1477/895
f 889/1470/889 907/1493/907 908/1494/908
f 911/1497/911 912/1498/912 913/1499/913
f 893/1474/893 903/1487/903 914/1500/914
f 894/1475/894 893/1474/893 734/1203/734
f 894/1475/894 734/1203/734 910/1496/910
f 895/1477/895 915/1501/915 899/1482/899
f 915/579/915 916/1502/916 899/1503/899
f 895/1477/895 910/1496/910 915/1501/915
f 907/1493/907 917/1504/917 908/1494/908
f 890/1471/890 918/1505/918 891/1472/891
f 891/1472/891 918/1505/918 909/1495/909
f 733/1202/733 514/853/514 565/954/565
f 513/852/513 484/793/484 643/1074/643
f 914/1500/914 734/1203/734 893/1474/893
f 908/1494/908 740/1209/740 890/1471/890
f 911/1506/911 752/1221/752 882/1461/882
f 744/1213/744 919/1507/919 906/1491/906
f 734/1203/734 736/1205/736 910/1496/910
f 882/1461/882 754/1223/754 920/1508/920
f 910/1496/910 736/1205/736 921/1509/921
f 915/1501/915 910/1496/910 922/1510/922
f 907/1493/907 923/1511/923 917/1504/917
f 908/1494/908 738/1207/738 740/1209/740
f 890/1471/890 740/1209/740 918/1505/918
f 882/1461/882 752/1221/752 754/1223/754
f 566/955/566 924/1512/924 485/794/485
f 736/1205/736 737/1206/737 921/1509/921
f 913/1513/913 750/1514/750 911/1515/911
f 463/731/463 925/1516/925 486/796/486
f 915/1501/915 922/1510/922 926/1517/926
f 923/1511/923 908/1494/908 917/1504/917
f 740/1518/740 739/1519/739 918/1520/918
f 913/1521/913 927/1522/927 750/1523/750
f 750/1219/750 752/1221/752 911/1506/911
f 744/1213/744 742/1211/742 919/1507/919
f 923/1511/923 928/1524/928 908/1494/908
f 744/1213/744 761/1234/761 742/1211/742
f 929/1525/929 756/1526/756 744/1213/744
f 742/1527/742 741/1528/741 930/1529/930
f 750/1530/750 931/1531/931 747/1532/747
f 744/1213/744 756/1526/756 745/1214/745
f 931/1531/931 748/1533/748 747/1532/747
f 744/1213/744 932/1534/932 761/1234/761
f 761/1234/761 743/1212/743 742/1211/742
f 755/1535/755 753/1536/753 933/1537/933
f 756/1526/756 934/1538/934 746/1215/746
f 750/1219/750 751/1220/751 752/1221/752
f 753/1539/753 758/1540/758 933/1541/933
f 934/1538/934 759/1232/759 746/1215/746
f 935/1542/935 757/1543/757 743/1212/743
f 746/1215/746 932/1534/932 744/1213/744
f 743/1212/743 761/1234/761 935/1542/935
f 933/1544/933 758/1545/758 936/1546/936
f 746/1215/746 760/1233/760 932/1534/932
f 935/1542/935 761/1234/761 763/1236/763
f 751/1547/751 765/1238/765 764/1240/764
f 937/1548/937 758/1231/758 752/1221/752
f 758/1549/758 938/1550/938 936/1551/936
f 939/1552/939 932/1553/932 760/1554/760
f 759/1232/759 939/1555/939 760/1233/760
f 765/1556/765 940/1557/940 766/1368/766
f 761/1234/761 932/1534/932 767/1242/767
f 752/1221/752 766/1241/766 941/1558/941
f 942/1559/942 762/1560/762 767/1561/767
f 940/1557/940 943/1562/943 766/1368/766
f 762/1235/762 942/1563/942 769/1244/769
f 944/1564/944 945/1565/945 946/1566/946
f 947/1567/947 948/1568/948 949/1569/949
f 946/1566/946 945/1565/945 950/1570/950
f 946/1566/946 950/1570/950 951/1571/951
f 947/1567/947 952/1572/952 948/1568/948
f 947/1567/947 953/1573/953 952/1572/952
f 949/1569/949 948/1568/948 954/1574/954
f 954/1574/954 948/1568/948 955/1575/955
f 956/1576/956 957/1577/957 945/1565/945
f 945/1565/945 957/1577/957 950/1570/950
f 950/1570/950 958/1578/958 951/1571/951
f 959/1579/959 960/1580/960 953/1573/953
f 957/1577/957 961/1581/961 950/1570/950
f 962/1582/962 963/1583/963 946/1566/946
f 951/1571/951 958/1578/958 964/1584/964
f 951/1571/951 964/1584/964 946/1566/946
f 962/1582/962 965/1585/965 963/1583/963
f 961/1581/961 966/1586/966 950/1570/950
f 950/1570/950 966/1586/966 967/1587/967
f 950/1570/950 967/1587/967 958/1578/958
f 956/1576/956 961/1581/961 957/1577/957
f 962/1582/962 968/1588/968 965/1585/965
f 969/1589/969 961/1581/961 956/1576/956
f 967/1587/967 964/1584/964 958/1578/958
f 955/1575/955 970/1590/970 971/1591/971
f 965/1585/965 972/1592/972 963/1583/963
f 960/1580/960 959/1579/959 973/1593/973
f 953/1573/953 973/1593/973 952/1572/952
f 964/1584/964 968/1588/968 962/1582/962
f 968/1588/968 974/1594/974 965/1585/965
f 963/1583/963 972/1592/972 975/1595/975
f 959/1579/959 976/1596/976 977/1597/977
f 952/1572/952 955/1575/955 948/1568/948
f 952/1572/952 978/1598/978 955/1575/955
f 969/1589/969 979/1599/979 961/1581/961
f 961/1581/961 979/1599/979 966/1586/966
f 966/1586/966 980/1600/980 967/1587/967
f 976/1596/976 981/1601/981 977/1597/977
f 959/1579/959 982/1602/982 973/1593/973
f 967/1587/967 980/1600/980 964/1584/964
f 968/1588/968 964/1584/964 983/1603/983
f 981/1601/981 984/1604/984 977/1597/977
f 973/1593/973 985/1605/985 952/1572/952
f 952/1572/952 985/1605/985 978/1598/978
f 979/1599/979 980/1600/980 966/1586/966
f 986/1606/986 987/1607/987 972/1592/972
f 983/1603/983 974/1594/974 968/1588/968
f 988/1608/988 977/1597/977 989/1609/989
f 959/1579/959 988/1608/988 982/1602/982
f 985/1605/985 973/1593/973 990/1610/990
f 974/1594/974 986/1606/986 972/1592/972
f 991/1611/991 979/1599/979 969/1589/969
f 964/1584/964 992/1612/992 983/1603/983
f 973/1593/973 982/1602/982 990/1610/990
f 979/1599/979 993/1613/993 980/1600/980
f 980/1600/980 993/1613/993 964/1584/964
f 964/1584/964 993/1613/993 992/1612/992
f 983/1603/983 992/1612/992 974/1594/974
f 994/1614/994 995/1615/995 969/1589/969
f 969/1589/969 995/1615/995 991/1611/991
f 992/1612/992 986/1606/986 974/1594/974
f 988/1608/988 989/1609/989 982/1602/982
f 985/1605/985 990/1610/990 996/1616/996
f 955/1575/955 978/1598/978 970/1590/970
f 979/1599/979 997/1617/997 993/1613/993
f 993/1613/993 997/1617/997 992/1612/992
f 991/1611/991 997/1617/997 979/1599/979
f 990/1610/990 982/1602/982 996/1616/996
f 997/1617/997 998/1618/998 992/1612/992
f 991/1611/991 999/1619/999 997/1617/997
f 997/1617/997 999/1619/999 998/1618/998
f 992/1612/992 1000/1620/1000 986/1606/986
f 1001/1621/1001 1002/1622/1002 987/1607/987
f 978/1623/978 985/1624/985 970/1625/970
f 995/1615/995 1003/1626/1003 991/1611/991
f 1004/1627/1004 989/1609/989 1005/1628/1005
f 989/1609/989 1006/1629/1006 982/1602/982
f 982/1602/982 1006/1629/1006 1007/1630/1007
f 982/1602/982 1007/1630/1007 996/1616/996
f 995/1615/995 994/1614/994 1003/1626/1003
f 1003/1626/1003 1008/1631/1008 991/1611/991
f 991/1611/991 1008/1631/1008 999/1619/999
f 999/1619/999 1008/1631/1008 998/1618/998
f 970/1590/970 567/957/567 770/1245/770
f 998/1618/998 1008/1631/1008 1000/1620/1000
f 998/1618/998 1000/1620/1000 992/1612/992
f 989/1609/989 1004/1627/1004 1006/1629/1006
f 970/1590/970 985/1605/985 567/957/567
f 595/1002/595 644/1075/644 994/1614/994
f 994/1614/994 644/1075/644 1003/1626/1003
f 996/1616/996 1009/1632/1009 985/1605/985
f 644/1075/644 1010/1633/1010 1003/1626/1003
f 996/1616/996 1007/1630/1007 1009/1632/1009
f 1010/1633/1010 1011/1634/1011 1003/1626/1003
f 1003/1626/1003 1011/1634/1011 1008/1631/1008
f 1007/1630/1007 1006/1629/1006 1012/1635/1012
f 1013/1636/1013 1000/1620/1000 1008/1631/1008
f 1000/1620/1000 1014/1637/1014 1001/1621/1001
f 1009/1632/1009 1007/1630/1007 596/1003/596
f 985/1605/985 1009/1632/1009 567/957/567
f 1011/1634/1011 1013/1636/1013 1008/1631/1008
f 1013/1636/1013 1015/1638/1015 1000/1620/1000
f 1000/1620/1000 1015/1638/1015 1014/1637/1014
f 1007/1630/1007 1012/1635/1012 596/1003/596
f 1010/1633/1010 644/1075/644 1011/1634/1011
f 1014/1637/1014 1016/1639/1016 1001/1621/1001
f 1017/1640/1017 1018/1641/1018 1019/1642/1019
f 1004/1627/1004 1005/1628/1005 1020/1643/1020
f 1009/1632/1009 596/1003/596 567/957/567
f 1021/1644/1021 1022/1645/1022 1023/1646/1023
f 1004/1627/1004 1020/1643/1020 1006/1629/1006
f 1011/1634/1011 644/1075/644 1013/1636/1013
f 1001/1621/1001 1016/1639/1016 1024/1647/1024
f 1021/1644/1021 1025/1648/1025 1022/1645/1022
f 1026/1649/1026 1027/1650/1027 1018/1641/1018
f 1012/1635/1012 1006/1629/1006 1028/1651/1028
f 1012/1635/1012 1028/1651/1028 596/1003/596
f 644/1075/644 597/1005/597 1013/1636/1013
f 1015/1638/1015 1029/1652/1029 1014/1637/1014
f 1014/1637/1014 1029/1652/1029 1016/1639/1016
f 1030/1653/1030 1025/1648/1025 1021/1644/1021
f 1013/1636/1013 597/1005/597 1015/1638/1015
f 1006/1629/1006 1031/1654/1031 1028/1651/1028
f 1006/1629/1006 1020/1643/1020 1031/1654/1031
f 597/1005/597 1029/1652/1029 1015/1638/1015
f 1025/1648/1025 1032/1655/1032 1022/1645/1022
f 1025/1656/1025 1033/1657/1033 1032/1658/1032
f 1027/1650/1027 1034/1659/1034 1018/1641/1018
f 1019/1642/1019 1018/1641/1018 1035/1660/1035
f 1030/1653/1030 1036/1661/1036 1025/1648/1025
f 1018/1641/1018 1037/1662/1037 1035/1660/1035
f 1025/1648/1025 1038/1663/1038 1033/1664/1033
f 1022/1645/1022 1032/1655/1032 1039/1665/1039
f 1026/1649/1026 1040/1666/1040 1027/1650/1027
f 596/1003/596 1028/1651/1028 598/1006/598
f 597/1005/597 599/1007/599 1029/1652/1029
f 1041/1667/1041 1029/1652/1029 1042/1668/1042
f 1036/1661/1036 1038/1663/1038 1025/1648/1025
f 1018/1641/1018 1034/1659/1034 1037/1662/1037
f 1031/1654/1031 1043/1669/1043 1044/1670/1044
f 1031/1654/1031 1044/1670/1044 1028/1651/1028
f 1029/1652/1029 1045/1671/1045 1042/1668/1042
f 1042/1668/1042 1046/1672/1046 1030/1653/1030
f 1035/1660/1035 1037/1662/1037 1043/1669/1043
f 1029/1652/1029 599/1007/599 1045/1671/1045
f 1046/1672/1046 1036/1661/1036 1030/1653/1030
f 1038/1663/1038 1036/1661/1036 1047/1673/1047
f 1038/1663/1038 1047/1673/1047 1033/1664/1033
f 1043/1669/1043 1037/1662/1037 1048/1674/1048
f 1043/1669/1043 1048/1674/1048 1044/1670/1044
f 1028/1651/1028 1044/1670/1044 598/1006/598
f 1045/1671/1045 1049/1675/1049 1042/1668/1042
f 1036/1661/1036 1046/1672/1046 1050/1676/1050
f 1033/1664/1033 1051/1677/1051 1032/1655/1032
f 1027/1650/1027 1040/1666/1040 1034/1659/1034
f 1037/1662/1037 1034/1659/1034 1048/1674/1048
f 1044/1670/1044 1048/1674/1048 598/1006/598
f 1045/1671/1045 599/1007/599 1049/1675/1049
f 1047/1673/1047 1052/1678/1052 1033/1664/1033
f 1033/1664/1033 1052/1678/1052 1051/1677/1051
f 1042/1668/1042 1049/1675/1049 1046/1672/1046
f 1036/1661/1036 1050/1676/1050 1047/1673/1047
f 1034/1659/1034 1053/1679/1053 1048/1674/1048
f 599/1007/599 1054/1680/1054 1049/1675/1049
f 1046/1672/1046 1049/1675/1049 1050/1676/1050
f 1026/1649/1026 1055/1681/1055 1040/1666/1040
f 1040/1666/1040 1055/1681/1055 1034/1659/1034
f 1034/1659/1034 1055/1681/1055 1053/1679/1053
f 1048/1674/1048 1055/1681/1055 598/1006/598
f 1050/1676/1050 1052/1678/1052 1047/1673/1047
f 1053/1679/1053 1055/1681/1055 1048/1674/1048
f 1032/1655/1032 1051/1677/1051 1056/1682/1056
f 1026/1649/1026 1057/1683/1057 1055/1681/1055
f 1049/1675/1049 1054/1680/1054 1050/1676/1050
f 1026/1649/1026 1058/1684/1058 1057/1683/1057
f 1052/1678/1052 1050/1676/1050 1051/1677/1051
f 1055/1681/1055 772/1247/772 598/1006/598
f 771/1246/771 1059/1685/1059 599/1007/599
f 599/1007/599 1059/1685/1059 1054/1680/1054
f 1054/1680/1054 1051/1677/1051 1050/1676/1050
f 1055/1681/1055 1060/1686/1060 772/1247/772
f 1054/1680/1054 1059/1685/1059 1061/1687/1061
f 1054/1680/1054 1061/1687/1061 1051/1677/1051
f 1057/1683/1057 1060/1686/1060 1055/1681/1055
f 1059/1685/1059 771/1246/771 1061/1687/1061
f 1057/1683/1057 1062/1688/1062 1060/1686/1060
f 1061/1687/1061 1063/1689/1063 1051/1677/1051
f 1060/1686/1060 1062/1688/1062 1064/1690/1064
f 1060/1686/1060 1064/1690/1064 772/1247/772
f 1061/1687/1061 771/1246/771 1065/1691/1065
f 1061/1687/1061 1065/1691/1065 1063/1689/1063
f 1064/1690/1064 773/1249/773 772/1247/772
f 1064/1690/1064 1066/1692/1066 773/1249/773
f 1065/1691/1065 771/1246/771 774/1251/774
f 403/601/403 1067/1693/1067 775/1252/775
f 515/854/515 645/1077/645 1068/1694/1068
f 776/1255/776 489/1259/489 779/1266/779
f 600/1258/600 646/1080/646 780/1269/780
f 489/1259/489 777/1262/777 779/1266/779
f 600/1009/600 780/1695/780 570/962/570
f 776/1255/776 779/1266/779 569/1260/569
f 646/1080/646 778/1265/778 780/1269/780
f 780/1269/780 778/1265/778 1069/1696/1069
f 777/1262/777 539/1264/539 601/1697/601
f 568/960/568 647/1084/647 488/799/488
f 777/1262/777 601/1697/601 779/1266/779
f 601/1697/601 1070/1698/1070 779/1266/779
f 780/1269/780 1069/1696/1069 491/1270/491
f 779/1266/779 1070/1698/1070 540/1699/540
f 572/1274/572 1069/1696/1069 778/1265/778
f 468/909/468 540/908/540 1071/1700/1071
f 521/1701/521 1069/1696/1069 572/1274/572
f 448/868/448 781/1702/781 522/869/522
f 492/1703/492 1072/1704/1072 601/1697/601
f 1072/1705/1072 492/1014/492 542/1016/542
f 541/1706/541 491/1270/491 1073/1707/1073
f 491/1270/491 1069/1696/1069 1073/1707/1073
f 601/1697/601 1072/1704/1072 1070/1698/1070
f 541/1706/541 1073/1707/1073 493/1708/493
f 1073/1707/1073 1069/1696/1069 784/1709/784
f 1070/1698/1070 786/1303/786 603/1710/603
f 1072/1704/1072 542/1711/542 782/1712/782
f 493/1708/493 1073/1707/1073 524/1713/524
f 1073/1714/1073 784/1715/784 524/1716/524
f 1069/1696/1069 1074/1717/1074 784/1709/784
f 1072/1704/1072 782/1712/782 1070/1698/1070
f 1070/1698/1070 782/1712/782 786/1303/786
f 782/1712/782 494/1718/494 785/1719/785
f 789/1720/789 1075/1721/1075 788/1722/788
f 785/1723/785 497/817/497 787/1289/787
f 650/1724/650 784/1709/784 1074/1717/1074
f 792/1295/792 794/1297/794 1076/1725/1076
f 649/1284/649 498/1290/498 783/1282/783
f 523/1726/523 1077/1727/1077 786/1728/786
f 1076/1729/1076 794/1730/794 1078/1731/1078
f 783/1282/783 669/1118/669 1074/1717/1074
f 650/1724/650 669/1118/669 651/1302/651
f 1074/1717/1074 669/1118/669 650/1724/650
f 790/1293/790 655/1094/655 1079/1732/1079
f 652/1091/652 654/1093/654 1080/1733/1080
f 786/1303/786 787/1734/787 791/1304/791
f 647/1084/647 1081/1735/1081 470/748/470
f 1080/1736/1080 797/1737/797 652/1738/652
f 1075/1721/1075 1082/1739/1082 788/1722/788
f 795/1740/795 658/1741/658 1083/1742/1083
f 793/1743/793 1084/1744/1084 1083/1745/1083
f 1083/1742/1083 658/1741/658 793/1746/793
f 794/1730/794 1085/1747/1085 1078/1731/1078
f 1082/1739/1082 605/1748/605 788/1722/788
f 1079/1732/1079 655/1094/655 797/1749/797
f 658/1099/658 659/1100/659 793/1750/793
f 794/1730/794 662/1751/662 1085/1747/1085
f 662/1103/662 661/1102/661 1085/1752/1085
f 1082/1753/1082 606/1021/606 605/1020/605
f 796/1305/796 791/1304/791 676/1136/676
f 796/1305/796 676/1136/676 675/1317/675
f 669/1118/669 679/1349/679 608/1116/608
f 670/1119/670 682/1138/682 671/1120/671
f 673/1123/673 1086/1754/1086 805/1755/805
f 799/1756/799 803/1757/803 801/1758/801
f 807/1342/807 1087/1759/1087 808/1341/808
f 1087/1760/1087 610/1761/610 808/1762/808
f 673/1123/673 681/1137/681 1086/1754/1086
f 675/1317/675 676/1136/676 677/1128/677
f 681/1137/681 685/1143/685 1086/1754/1086
f 676/1136/676 680/1135/680 677/1128/677
f 669/1118/669 678/1131/678 679/1349/679
f 1088/1763/1088 678/1764/678 548/1765/548
f 686/1144/686 546/929/546 1088/1766/1088
f 1088/1766/1088 546/929/546 678/1767/678
f 812/1768/812 549/927/549 573/972/573
f 686/1144/686 694/1152/694 454/708/454
f 1089/1769/1089 691/1770/691 682/1771/682
f 1090/1772/1090 814/1773/814 690/1774/690
f 550/932/550 507/841/507 1091/1775/1091
f 814/1357/814 1092/1776/1092 529/937/529
f 1093/1777/1093 507/1778/507 529/1779/529
f 812/1355/812 816/1362/816 479/784/479
f 689/1147/689 1094/1780/1094 615/1032/615
f 688/1781/688 695/1782/695 1095/1783/1095
f 817/1784/817 615/1032/615 1094/1780/1094
f 1096/1785/1096 699/1786/699 817/1787/817
f 1096/1785/1096 818/1788/818 699/1786/699
f 1097/1789/1097 705/1790/705 697/1791/697
f 696/1792/696 704/1793/704 815/1794/815
f 820/1795/820 437/1033/437 707/1167/707
f 1098/1796/1098 708/1168/708 399/662/399
f 1099/1797/1099 458/717/458 821/1373/821
f 818/1788/818 828/1798/828 822/1799/822
f 706/1165/706 823/1800/823 1100/1801/1100
f 832/1385/832 712/1172/712 1101/1802/1101
f 1101/1803/1101 712/1804/712 1102/1805/1102
f 833/1389/833 713/1176/713 1103/1806/1103
f 712/1172/712 576/977/576 1104/1807/1104
f 824/1376/824 1103/1806/1103 830/1383/830
f 1105/1808/1105 831/1384/831 828/1381/828
f 1104/1809/1104 576/1810/576 482/1811/482
f 1103/1806/1103 713/1176/713 830/1383/830
f 835/1812/835 831/1813/831 1105/1814/1105
f 830/1383/830 836/1394/836 829/1382/829
f 829/1382/829 836/1394/836 840/1398/840
f 841/1399/841 715/1178/715 835/1393/835
f 838/1396/838 839/1397/839 711/1171/711
f 582/984/582 1106/1815/1106 617/1041/617
f 837/1395/837 617/1041/617 1106/1815/1106
f 843/1401/843 717/1181/717 841/1399/841
f 1107/1816/1107 716/1179/716 842/1400/842
f 721/1817/721 621/1186/621 718/1183/718
f 1108/1818/1108 628/1059/628 721/1187/721
f 1109/1819/1109 628/1820/628 1108/1821/1108
f 846/1408/846 722/1188/722 851/1421/851
f 724/1822/724 628/1823/628 1110/1824/1110
f 588/1417/588 1111/1825/1111 726/1418/726
f 721/1187/721 847/1409/847 587/1047/587
f 591/1416/591 850/1420/850 620/1045/620
f 726/1826/726 1111/1827/1111 860/1828/860
f 723/1829/723 562/1197/562 1112/1830/1112
f 624/1415/624 866/1443/866 625/1831/625
f 587/1832/587 847/1833/847 1113/1834/1113
f 625/1831/625 866/1443/866 852/1445/852
f 587/1835/587 1113/1836/1113 630/1837/630
f 1114/1838/1114 729/1839/729 856/1840/856
f 857/1427/857 633/1064/633 850/1420/850
f 1115/1841/1115 855/1425/855 854/1424/854
f 848/1842/848 725/1442/725 1116/1843/1116
f 637/1068/637 1117/1844/1117 853/1423/853
f 637/1068/637 858/1428/858 1117/1844/1117
f 855/1845/855 1118/1846/1118 639/1847/639
f 400/592/400 1119/1848/1119 591/997/591
f 639/1847/639 1118/1846/1118 862/1849/862
f 730/1435/730 1120/1850/1120 731/1436/731
f 631/1062/631 640/1071/640 461/727/461
f 400/592/400 1121/1851/1121 1119/1848/1119
f 861/1852/861 860/1853/860 1122/1854/1122
f 725/1442/725 865/1441/865 1116/1843/1116
f 874/1453/874 868/1447/868 1123/1855/1123
f 1123/1855/1123 868/1447/868 870/1449/870
f 1124/1856/1124 1125/1857/1125 873/1452/873
f 1124/1856/1124 873/1452/873 872/1451/872
f 1116/1843/1116 865/1441/865 884/1463/884
f 878/1457/878 867/1446/867 1126/1858/1126
f 869/1448/869 876/1455/876 883/1462/883
f 861/1432/861 892/1473/892 864/1439/864
f 864/1439/864 885/1476/885 863/1437/863
f 871/1450/871 880/1459/880 881/1460/881
f 864/1439/864 894/1475/894 885/1476/885
f 878/1859/878 1127/1860/1127 896/1861/896
f 878/1457/878 891/1472/891 884/1463/884
f 894/1475/894 864/1439/864 892/1473/892
f 880/1459/880 744/1213/744 881/1460/881
f 912/1862/912 911/1506/911 883/1462/883
f 896/1478/896 1127/1863/1127 897/1479/897
f 883/1462/883 911/1506/911 882/1461/882
f 888/1864/888 895/1865/895 1128/1866/1128
f 898/1867/898 1129/1868/1129 901/1869/901
f 513/852/513 1130/1870/1130 642/1073/642
f 900/1871/900 1128/1872/1128 895/1873/895
f 906/1874/906 1131/1875/1131 881/1876/881
f 920/1508/920 1132/1877/1132 882/1461/882
f 880/1459/880 929/1525/929 744/1213/744
f 884/1463/884 909/1495/909 1133/1878/1133
f 899/1503/899 916/1502/916 902/1879/902
f 906/1491/906 919/1507/919 1131/1880/1131
f 915/1881/915 926/1882/926 916/1883/916
f 923/1511/923 907/1493/907 1134/1884/1134
f 733/1202/733 924/1512/924 566/955/566
f 912/1885/912 927/1522/927 913/1521/913
f 486/796/486 925/1516/925 643/1074/643
f 910/1496/910 921/1509/921 1135/1886/1135
f 920/1508/920 754/1223/754 755/1224/755
f 485/797/485 1136/1887/1136 463/731/463
f 910/1496/910 1135/1886/1135 922/1510/922
f 737/1888/737 1137/1889/1137 921/1890/921
f 927/1522/927 1138/1891/1138 750/1523/750
f 737/1892/737 735/1893/735 1137/1894/1137
f 750/1530/750 1138/1895/1138 931/1531/931
f 930/1529/930 741/1528/741 757/1896/757
f 1135/1886/1135 1139/1897/1139 922/1510/922
f 922/1510/922 1140/1898/1140 926/1517/926
f 1134/1884/1134 1141/1899/1141 923/1511/923
f 923/1511/923 1141/1899/1141 928/1524/928
f 922/1510/922 1139/1897/1139 1140/1898/1140
f 763/1900/763 1142/1901/1142 935/1902/935
f 758/1231/758 937/1548/937 938/1903/938
f 763/1900/763 768/1904/768 1142/1901/1142
f 766/1905/766 943/1906/943 941/1907/941
f 752/1221/752 941/1558/941 937/1548/937
f 767/1242/767 932/1534/932 1143/1908/1143
f 941/1558/941 1144/1909/1144 937/1548/937
f 1144/1909/1144 1145/1910/1145 937/1548/937
f 932/1534/932 1146/1911/1146 1143/1908/1143
f 1146/1911/1146 1147/1912/1147 1143/1908/1143
f 1148/1913/1148 1149/1914/1149 1144/1909/1144
f 1144/1909/1144 1149/1914/1149 1145/1910/1145
f 949/1915/949 1150/1916/1150 947/1917/947
f 1151/1918/1151 944/1564/944 946/1566/946
f 947/1567/947 1152/1919/1152 953/1573/953
f 944/1920/944 956/1921/956 945/1922/945
f 1152/1919/1152 959/1579/959 953/1573/953
f 946/1923/946 963/1924/963 1153/1925/1153
f 959/1579/959 1152/1919/1152 976/1596/976
f 963/1924/963 975/1926/975 1153/1925/1153
f 964/1584/964 962/1582/962 946/1566/946
f 969/1927/969 956/1921/956 1154/1928/1154
f 974/1594/974 972/1592/972 965/1585/965
f 973/1593/973 953/1573/953 960/1580/960
f 972/1929/972 1155/1930/1155 975/1931/975
f 977/1597/977 988/1608/988 959/1579/959
f 969/1927/969 1154/1928/1154 994/1932/994
f 981/1933/981 1156/1934/1156 984/1935/984
f 972/1929/972 987/1936/987 1155/1930/1155
f 987/1937/987 1157/1938/1157 1155/1939/1155
f 984/1604/984 1005/1628/1005 977/1597/977
f 977/1597/977 1005/1628/1005 989/1609/989
f 986/1606/986 1001/1621/1001 987/1607/987
f 970/1590/970 770/1245/770 971/1591/971
f 987/1937/987 1158/1940/1158 1157/1938/1157
f 1000/1620/1000 1001/1621/1001 986/1606/986
f 1002/1941/1002 1158/1942/1158 987/1936/987
f 1159/1943/1159 1005/1628/1005 984/1604/984
f 1154/1928/1154 595/1944/595 994/1932/994
f 1160/1945/1160 1017/1946/1017 1161/1947/1161
f 1158/1942/1158 1002/1941/1002 1024/1948/1024
f 1162/1949/1162 1021/1950/1021 1023/1951/1023
f 1160/1952/1160 1018/1953/1018 1017/1954/1017
f 1163/1955/1163 770/1956/770 594/1957/594
f 1163/1955/1163 594/1957/594 1164/1958/1164
f 1024/1948/1024 1002/1941/1002 1001/1959/1001
f 1017/1960/1017 1019/1961/1019 1161/1962/1161
f 1165/1963/1165 1018/1964/1018 1160/1965/1160
f 1159/1966/1159 1166/1967/1166 1005/1968/1005
f 1166/1969/1166 1020/1643/1020 1005/1628/1005
f 1023/1951/1023 1022/1970/1022 1039/1971/1039
f 1165/1972/1165 1026/1649/1026 1018/1641/1018
f 1166/1973/1166 1031/1974/1031 1020/1975/1020
f 1167/1976/1167 1024/1948/1024 1016/1977/1016
f 1019/1642/1019 1035/1660/1035 1168/1978/1168
f 1029/1979/1029 1167/1976/1167 1016/1977/1016
f 1169/1980/1169 1042/1668/1042 1030/1653/1030
f 1167/1981/1167 1029/1982/1029 1041/1983/1041
f 1168/1984/1168 1035/1985/1035 1043/1986/1043
f 1041/1987/1041 1042/1988/1042 1170/1989/1170
f 1165/1963/1165 1171/1990/1171 1026/1991/1026
f 1171/1992/1171 1058/1684/1058 1026/1649/1026
f 1056/1993/1056 1051/1994/1051 1172/1995/1172
f 1173/1996/1173 1057/1997/1057 1058/1998/1058
f 1172/1999/1172 1051/1982/1051 1174/2000/1174
f 1174/2001/1174 1051/1994/1051 1063/2002/1063
f 1173/2003/1173 1062/2004/1062 1057/2005/1057
f 1065/1691/1065 1175/2006/1175 1063/1689/1063
f 1066/1692/1066 403/1250/403 773/1249/773
f 645/2007/645 538/2008/538 1176/2009/1176
f 468/743/468 1071/2010/1071 602/1082/602
f 521/2011/521 522/2012/522 1177/2013/1177
f 540/908/540 1070/2014/1070 1071/1700/1071
f 521/2011/521 1177/2013/1177 1069/2015/1069
f 1071/2016/1071 1070/1698/1070 603/1710/603
f 1069/1696/1069 1177/2017/1177 1074/1717/1074
f 1177/2017/1177 783/1282/783 1074/1717/1074
f 781/2018/781 543/2019/543 1177/2020/1177
f 543/2021/543 783/2022/783 1177/2023/1177
f 523/1726/523 603/2024/603 1077/1727/1077
f 1076/1725/1076 1078/2025/1078 1178/2026/1178
f 1178/2026/1178 792/1295/792 1076/1725/1076
f 603/2027/603 786/2028/786 1077/2029/1077
f 782/1712/782 787/1734/787 786/1303/786
f 782/1712/782 785/1719/785 787/1734/787
f 793/2030/793 792/2031/792 1084/2032/1084
f 668/1315/668 1179/2033/1179 661/1313/661
f 606/2034/606 1180/2035/1180 664/2036/664
f 798/1318/798 1181/2037/1181 670/1326/670
f 1081/1735/1081 609/1024/609 470/748/470
f 803/1328/803 809/1347/809 801/2038/801
f 450/700/450 526/876/526 1182/2039/1182
f 574/973/574 388/569/388 609/1024/609
f 1183/2040/1183 685/2041/685 688/1781/688
f 811/1351/811 812/1768/812 573/972/573
f 811/1353/811 684/1141/684 550/932/550
f 1088/1763/1088 548/1765/548 1184/2042/1184
f 689/1147/689 610/1025/610 1087/1759/1087
f 1184/2043/1184 548/931/548 687/1145/687
f 1090/2044/1090 690/2045/690 1185/2046/1185
f 813/2047/813 613/2048/613 1186/2049/1186
f 1187/2050/1187 1186/2051/1186 613/2052/613
f 613/2053/613 692/2054/692 1187/2055/1187
f 507/2056/507 1093/2057/1093 1091/2058/1091
f 1188/2059/1188 688/1781/688 1095/1783/1095
f 1089/1769/1089 1097/2060/1097 691/1770/691
f 1095/1783/1095 695/1782/695 702/2061/702
f 1097/2062/1097 697/1155/697 691/1149/691
f 1095/1783/1095 702/2061/702 1189/2063/1189
f 702/2061/702 703/2064/703 1189/2063/1189
f 819/1370/819 1098/2065/1098 399/589/399
f 480/2066/480 458/2067/458 1099/2068/1099
f 1097/1789/1097 1190/2069/1190 705/1790/705
f 1190/2069/1190 824/2070/824 705/1790/705
f 481/884/481 575/976/575 1191/2071/1191
f 1191/2071/1191 575/976/575 1192/2072/1192
f 1100/1801/1100 823/1800/823 829/2073/829
f 826/1378/826 832/1385/832 1101/1802/1101
f 1102/1805/1102 712/1804/712 1104/2074/1104
f 1193/2075/1193 834/2076/834 833/2077/833
f 1193/2075/1193 833/2077/833 1103/2078/1103
f 1105/1808/1105 841/1399/841 835/1393/835
f 1194/2079/1194 839/1397/839 838/1396/838
f 1106/1815/1106 720/1185/720 837/1395/837
f 1194/2080/1194 838/2081/838 716/2082/716
f 1194/2080/1194 716/2082/716 1195/2083/1195
f 582/2084/582 714/1180/714 1196/2085/1196
f 1197/2086/1197 720/2087/720 1106/2088/1106
f 1195/2089/1195 716/2090/716 1107/2091/1107
f 1197/2086/1197 588/1417/588 720/2087/720
f 622/1407/622 845/1406/845 1198/2092/1198
f 844/2093/844 620/1045/620 846/1408/846
f 1108/1818/1108 721/1187/721 718/2094/718
f 1110/1824/1110 628/1823/628 1109/2095/1109
f 1199/2096/1199 1111/1825/1111 588/1417/588
f 1198/2092/1198 723/1410/723 1200/2097/1200
f 1198/2092/1198 845/1406/845 723/1410/723
f 1110/1824/1110 854/2098/854 724/1822/724
f 851/2099/851 728/2100/728 1201/2101/1201
f 1112/1830/1112 562/1197/562 1202/2102/1202
f 1202/2102/1202 562/1197/562 727/1193/727
f 728/2100/728 853/2103/853 1201/2101/1201
f 847/1833/847 729/1839/729 1114/1838/1114
f 1113/1834/1113 847/1833/847 1114/1838/1114
f 1202/2104/1202 727/1438/727 863/1437/863
f 1203/2105/1203 630/1061/630 1113/2106/1113
f 1204/2107/1204 855/1845/855 1115/2108/1115
f 1204/2107/1204 1118/1846/1118 855/1845/855
f 857/2109/857 1205/2110/1205 730/2111/730
f 1206/2112/1206 1207/2113/1207 730/2114/730
f 1207/2113/1207 1120/2115/1120 730/2114/730
f 859/1429/859 862/1433/862 1123/1855/1123
f 1206/2112/1206 1208/2116/1208 1207/2113/1207
f 1206/2112/1206 1125/1857/1125 1208/2116/1208
f 1206/2112/1206 1209/2117/1209 1125/1857/1125
f 1209/2117/1209 873/1452/873 1125/1857/1125
f 1121/1851/1121 400/592/400 483/792/483
f 1123/2118/1123 870/2119/870 1210/2120/1210
f 1211/2121/1211 873/1452/873 1209/2117/1209
f 1210/2120/1210 870/2119/870 875/2122/875
f 1211/2121/1211 877/1456/877 873/1452/873
f 1212/2123/1212 863/2124/863 1213/2125/1213
f 1116/2126/1116 884/2127/884 1214/2128/1214
f 892/2129/892 861/1852/861 1122/1854/1122
f 1215/2130/1215 876/2131/876 874/2132/874
f 1124/2133/1124 872/2134/872 1216/2135/1216
f 863/2124/863 885/2136/885 1213/2125/1213
f 510/849/510 511/850/511 1217/2137/1217
f 872/1451/872 881/1460/881 1216/2138/1216
f 1132/1877/1132 875/1454/875 882/1461/882
f 1216/2135/1216 881/1876/881 1218/2139/1218
f 1126/2140/1126 1127/1860/1127 878/1859/878
f 1218/2139/1218 881/1876/881 1131/1875/1131
f 1129/1868/1129 904/2141/904 901/1869/901
f 1129/1868/1129 1219/2142/1219 904/2141/904
f 1220/2143/1220 565/954/565 593/999/593
f 1221/2144/1221 905/1489/905 904/1488/904
f 1222/2145/1222 909/2146/909 918/1520/918
f 1223/2147/1223 916/1883/916 926/1882/926
f 919/2148/919 742/2149/742 930/2150/930
f 926/1517/926 1140/1898/1140 1223/2151/1223
f 934/2152/934 1224/2153/1224 759/2154/759
f 1224/2155/1224 939/1552/939 759/2156/759
f 767/1242/767 1143/1908/1143 1225/2157/1225
f 937/1548/937 1145/1910/1145 1226/2158/1226
f 1227/2159/1227 1146/1911/1146 932/1534/932
f 1225/2160/1225 1143/2161/1143 1228/2162/1228
f 1143/2163/1143 1147/2164/1147 1228/2165/1228
f 1226/2166/1226 1145/2167/1145 1229/2168/1229
f 1228/2169/1228 1147/2170/1147 1230/2171/1230
f 1145/2172/1145 1149/2173/1149 1231/2174/1231
f 1229/2175/1229 1145/2176/1145 1231/2177/1231
f 1232/2178/1232 1147/1912/1147 1146/1911/1146
f 1233/2179/1233 947/2180/947 1150/2181/1150
f 1234/2182/1234 1150/1916/1150 949/1915/949
f 1151/2183/1151 946/1923/946 1153/1925/1153
f 1233/2179/1233 1152/2184/1152 947/2180/947
f 949/1915/949 954/2185/954 1234/2182/1234
f 1235/2186/1235 956/1921/956 944/1920/944
f 1235/2186/1235 1154/1928/1154 956/1921/956
f 1236/2187/1236 955/2188/955 971/2189/971
f 984/1935/984 1237/2190/1237 1159/1966/1159
f 1164/1958/1164 594/1957/594 595/2191/595
f 1021/1644/1021 1169/1980/1169 1030/1653/1030
f 1167/1976/1167 1238/2192/1238 1024/1948/1024
f 1166/1969/1166 1168/1978/1168 1043/1669/1043
f 1166/1969/1166 1043/1669/1043 1031/1654/1031
f 1041/2193/1041 1170/2194/1170 1167/2195/1167
f 1239/2196/1239 1042/1668/1042 1169/1980/1169
f 1175/2197/1175 1174/2001/1174 1063/2002/1063
f 1062/2004/1062 1240/2198/1240 1064/2199/1064
f 1065/2200/1065 1241/2201/1241 1175/2197/1175
f 1066/2202/1066 1242/2203/1242 403/2204/403
f 1242/2205/1242 1067/2206/1067 403/2207/403
f 1068/1694/1068 1243/2208/1243 515/854/515
f 774/2209/774 515/854/515 1243/2208/1243
f 1242/2205/1242 1244/2210/1244 1067/2206/1067
f 1067/1693/1067 1245/2211/1245 775/1252/775
f 1246/2212/1246 645/2007/645 1176/2009/1176
f 522/2213/522 781/2018/781 1177/2020/1177
f 1071/2214/1071 603/1017/603 602/1013/602
f 795/1298/795 1247/2215/1247 656/1299/656
f 1248/2216/1248 1082/1739/1082 1075/1721/1075
f 1078/1731/1078 1085/1747/1085 1249/2217/1249
f 656/2218/656 1250/2219/1250 657/2220/657
f 1250/2221/1250 798/1318/798 657/1320/657
f 800/1323/800 1251/2222/1251 660/2223/660
f 800/1323/800 801/1325/801 1251/2222/1251
f 801/1386/801 1252/2224/1252 1253/2225/1253
f 668/1114/668 667/1113/667 1254/2226/1254
f 1255/2227/1255 667/1334/667 805/1336/805
f 1256/2228/1256 1087/2229/1087 807/1339/807
f 1257/2230/1257 689/2231/689 1087/2232/1087
f 1258/2233/1258 694/2234/694 686/2235/686
f 1259/2236/1259 1092/1776/1092 814/1357/814
f 1258/2233/1258 1260/2237/1260 694/2234/694
f 554/941/554 1261/2238/1261 692/1150/692
f 1092/1776/1092 1093/2057/1093 529/937/529
f 1262/2239/1262 687/1145/687 551/934/551
f 1257/2240/1257 1094/2241/1094 689/2242/689
f 1262/2239/1262 551/934/551 1263/2243/1263
f 1263/2243/1263 551/934/551 530/880/530
f 816/1362/816 819/1370/819 398/588/398
f 1264/2244/1264 815/1794/815 704/1793/704
f 1265/2245/1265 703/1166/703 706/1165/706
f 480/2066/480 1099/2068/1099 1266/2246/1266
f 1267/2247/1267 1190/2069/1190 1097/1789/1097
f 1268/2248/1268 821/1373/821 481/786/481
f 1269/2249/1269 706/1165/706 1100/1801/1100
f 1268/2248/1268 481/786/481 1191/2250/1191
f 710/2251/710 1270/2252/1270 557/1380/557
f 818/1788/818 1271/2253/1271 828/1798/828
f 1272/2254/1272 704/1793/704 826/2255/826
f 1273/2256/1273 824/2070/824 1190/2069/1190
f 1100/1801/1100 829/2073/829 1269/2249/1269
f 1269/2249/1269 829/2073/829 1274/2257/1274
f 1271/2253/1271 1105/2258/1105 828/1798/828
f 1275/2259/1275 826/2255/826 1101/2260/1101
f 1192/2261/1192 575/2262/575 834/2263/834
f 1276/2264/1276 1106/1815/1106 582/984/582
f 619/2265/619 839/2266/839 1277/2267/1277
f 841/2268/841 1278/2269/1278 843/2270/843
f 840/2271/840 622/1407/622 1279/2272/1279
f 714/1180/714 534/887/534 1280/2273/1280
f 1279/2272/1279 622/1407/622 1198/2092/1198
f 1280/2274/1280 534/2275/534 844/2276/844
f 1199/2096/1199 588/1417/588 1197/2086/1197
f 846/2277/846 851/2099/851 1281/2278/1281
f 1282/2279/1282 849/2280/849 623/2281/623
f 1283/2282/1283 842/1412/842 848/1411/848
f 849/1414/849 866/1443/866 624/1415/624
f 1122/1854/1122 860/1853/860 1111/1825/1111
f 850/2283/850 591/997/591 1284/2284/1284
f 850/2285/850 1285/2286/1285 857/2109/857
f 1202/2102/1202 863/2124/863 1212/2123/1212
f 858/2287/858 731/1436/731 1286/2288/1286
f 848/1411/848 1116/2126/1116 1287/2289/1287
f 1205/2290/1205 1206/2112/1206 730/2114/730
f 1286/2288/1286 731/1436/731 1120/1850/1120
f 1207/2113/1207 1208/2116/1208 1120/2115/1120
f 1209/2117/1209 1206/2112/1206 1205/2290/1205
f 1208/2291/1208 1288/2292/1288 1289/2293/1289
f 862/1433/862 1290/2294/1290 1123/1855/1123
f 1290/2294/1290 1291/2295/1291 1123/1855/1123
f 1125/2296/1125 1288/2297/1288 1208/2298/1208
f 1291/2295/1291 874/1453/874 1123/1855/1123
f 1292/2299/1292 1123/2118/1123 1210/2120/1210
f 1125/1857/1125 1124/1856/1124 1288/2300/1288
f 1287/2289/1287 1116/2126/1116 1214/2128/1214
f 1288/2301/1288 1124/2133/1124 1293/2302/1293
f 1291/2303/1291 1215/2130/1215 874/2132/874
f 1294/2304/1294 877/2305/877 1211/2306/1211
f 732/1201/732 510/849/510 1295/2307/1295
f 1217/2137/1217 1295/2307/1295 510/849/510
f 1215/2130/1215 883/2308/883 876/2131/876
f 1213/2309/1213 885/1464/885 887/1466/887
f 884/1463/884 1133/1878/1133 1214/2310/1214
f 897/1479/897 1129/2311/1129 898/1480/898
f 642/1073/642 1130/1870/1130 1296/2312/1296
f 900/1871/900 902/2313/902 1297/2314/1297
f 1220/2143/1220 733/1202/733 565/954/565
f 902/1879/902 1298/2315/1298 1297/2316/1297
f 1298/2315/1298 902/1879/902 1299/2317/1299
f 1133/2318/1133 909/2146/909 1300/2319/1300
f 1299/2317/1299 902/1879/902 916/1502/916
f 1301/2320/1301 1134/2321/1134 907/2322/907
f 909/2146/909 1222/2145/1222 1302/2323/1302
f 1303/2324/1303 920/2325/920 755/1535/755
f 1304/2326/1304 924/1512/924 733/1202/733
f 1131/2327/1131 919/2328/919 1305/2329/1305
f 908/2330/908 1306/2331/1306 738/2332/738
f 1305/2329/1305 919/2328/919 1307/2333/1307
f 1306/2331/1306 1308/2334/1308 738/2332/738
f 1307/2335/1307 919/2336/919 930/1529/930
f 1308/2334/1308 739/2337/739 738/2332/738
f 1309/2338/1309 756/2339/756 929/2340/929
f 931/2341/931 1310/2342/1310 748/2343/748
f 1311/2344/1311 749/2345/749 748/2343/748
f 749/2345/749 1311/2344/1311 751/2346/751
f 1311/2347/1311 765/1238/765 751/1547/751
f 1142/2348/1142 768/2349/768 1312/2350/1312
f 1313/2351/1313 942/1559/942 767/1561/767
f 1314/2352/1314 769/2353/769 942/1559/942
f 768/2349/768 769/2353/769 1314/2352/1314
f 1315/2354/1315 1229/2168/1229 1231/2355/1231
f 1316/2356/1316 1147/2357/1147 1232/2358/1232
f 1231/2359/1231 1149/2360/1149 1148/2361/1148
f 1236/2187/1236 954/2185/954 955/2188/955
f 1317/2362/1317 981/1933/981 976/2363/976
f 1156/1934/1156 1237/2190/1237 984/1935/984
f 770/1956/770 1163/1955/1163 1318/2364/1318
f 1021/2365/1021 1319/2366/1319 1169/2367/1169
f 1019/1961/1019 1320/2368/1320 1161/1962/1161
f 1159/1966/1159 1321/2369/1321 1166/1967/1166
f 1023/1951/1023 1039/1971/1039 1322/2370/1322
f 1160/1965/1160 1323/2371/1323 1165/1963/1165
f 1024/1948/1024 1238/2192/1238 1324/2372/1324
f 1168/2373/1168 1325/2374/1325 1019/1961/1019
f 1169/2375/1169 1326/2376/1326 1327/2377/1327
f 1169/2375/1169 1327/2377/1327 1239/2378/1239
f 1042/2379/1042 1167/2195/1167 1170/2194/1170
f 1042/2380/1042 1239/2381/1239 1167/2382/1167
f 1171/1990/1171 1328/2383/1328 1058/1998/1058
f 1065/2200/1065 774/2209/774 1241/2201/1241
f 1064/1690/1064 1240/2384/1240 1329/2385/1329
f 1064/1690/1064 1329/2385/1329 1066/1692/1066
f 1244/2210/1244 1245/2386/1245 1067/2206/1067
f 1068/1694/1068 645/1077/645 1330/2387/1330
f 1245/2211/1245 1331/2388/1331 775/1252/775
f 1075/1721/1075 1332/2389/1332 1248/2216/1248
f 1080/1736/1080 1333/2390/1333 797/1737/797
f 1078/1731/1078 1249/2217/1249 1334/2391/1334
f 1083/1742/1083 1084/2392/1084 1335/2393/1335
f 654/2394/654 660/2395/660 1336/2396/1336
f 1248/2397/1248 1337/2398/1337 1082/2399/1082
f 606/2400/606 1082/2399/1082 1337/2398/1337
f 1085/2401/1085 1338/2402/1338 1249/2403/1249
f 661/1313/661 1338/2402/1338 1085/2401/1085
f 1337/2398/1337 1180/2404/1180 606/2400/606
f 1339/2405/1339 802/2406/802 664/2036/664
f 1340/2407/1340 806/2408/806 802/2409/802
f 1086/2410/1086 1341/2411/1341 805/2412/805
f 1256/2228/1256 807/1339/807 806/1338/806
f 1341/2411/1341 1086/2410/1086 1183/2413/1183
f 1086/2414/1086 685/2041/685 1183/2040/1183
f 810/2415/810 1342/2416/1342 809/2417/809
f 1343/2418/1343 1089/1769/1089 682/1771/682
f 811/1353/811 550/932/550 1344/2419/1344
f 1345/2420/1345 1257/2230/1257 1087/2232/1087
f 686/2235/686 1088/2421/1088 1346/2422/1346
f 811/2423/811 1347/2424/1347 812/2425/812
f 811/2423/811 1344/2426/1344 1347/2424/1347
f 1182/2039/1182 526/876/526 1348/2427/1348
f 1344/2426/1344 550/2428/550 1347/2424/1347
f 686/2235/686 1346/2422/1346 1258/2233/1258
f 526/1029/526 436/658/436 813/1356/813
f 1184/2429/1184 687/2430/687 1262/2431/1262
f 550/2428/550 1091/2432/1091 1347/2424/1347
f 1090/2044/1090 1185/2046/1185 1349/2433/1349
f 690/2434/690 1350/2435/1350 1185/2436/1185
f 1349/2433/1349 814/2437/814 1090/2044/1090
f 1187/2055/1187 692/2054/692 1351/2438/1351
f 693/2439/693 1352/2440/1352 810/2415/810
f 812/2425/812 1353/2441/1353 816/2442/816
f 1354/2443/1354 1188/2059/1188 1095/1783/1095
f 1352/2440/1352 693/2439/693 1355/2444/1355
f 693/2439/693 815/2445/815 1355/2444/1355
f 1356/2446/1356 817/2447/817 1094/2448/1094
f 707/2449/707 531/881/531 708/1168/708
f 1264/2244/1264 704/1793/704 1272/2254/1272
f 1270/2252/1270 482/788/482 557/1380/557
f 1272/2254/1272 826/2255/826 1275/2259/1275
f 1273/2450/1273 1103/2451/1103 824/2452/824
f 1357/2453/1357 1102/1805/1102 1104/2074/1104
f 829/2454/829 840/2455/840 1274/2456/1274
f 1276/2457/1276 582/2084/582 1196/2085/1196
f 1358/2458/1358 1197/2086/1197 1106/2088/1106
f 1359/2459/1359 1194/2080/1194 1195/2083/1195
f 1360/2460/1360 718/2461/718 619/2265/619
f 1278/2269/1278 1282/2279/1282 843/2270/843
f 1283/2282/1283 1195/2462/1195 1107/2463/1107
f 1282/2279/1282 623/2281/623 843/2270/843
f 1283/2282/1283 1107/2463/1107 842/1412/842
f 1361/2464/1361 1108/2465/1108 718/2466/718
f 1109/2095/1109 1108/2465/1108 1361/2464/1361
f 723/1829/723 1112/1830/1112 1200/2467/1200
f 1281/2278/1281 851/2099/851 1201/2101/1201
f 850/2283/850 1284/2284/1284 1362/2468/1362
f 1114/1838/1114 856/1840/856 1363/2469/1363
f 1363/2469/1363 856/1840/856 859/2470/859
f 1285/2286/1285 1364/2471/1364 857/2109/857
f 1202/2102/1202 1212/2123/1212 1365/2472/1365
f 1366/2473/1366 1118/1846/1118 1204/2107/1204
f 1364/2471/1364 1205/2110/1205 857/2109/857
f 1366/2473/1366 862/1849/862 1118/1846/1118
f 1367/2474/1367 859/2475/859 1368/2476/1368
f 1368/2477/1368 859/1429/859 1123/1855/1123
f 1368/2477/1368 1123/1855/1123 1292/2478/1292
f 1369/2479/1369 1209/2480/1209 1205/2481/1205
f 1370/2482/1370 592/998/592 640/1071/640
f 1371/2483/1371 892/2129/892 1122/1854/1122
f 1124/2133/1124 1216/2135/1216 1293/2302/1293
f 1293/2302/1293 1216/2135/1216 1372/2484/1372
f 1210/2120/1210 875/2122/875 1132/2485/1132
f 1371/2486/1371 903/1487/903 892/1473/892
f 1373/2487/1373 1126/2488/1126 867/1444/867
f 1294/2304/1294 880/2489/880 877/2305/877
f 1374/2490/1374 1375/2491/1375 1376/2492/1376
f 1377/2493/1377 883/2308/883 1215/2130/1215
f 1373/2494/1373 1127/1860/1127 1126/2140/1126
f 511/850/511 642/1073/642 1378/2495/1378
f 1379/2496/1379 887/2497/887 888/2498/888
f 1218/2139/1218 1131/1875/1131 1380/2499/1380
f 888/2498/888 1128/2500/1128 1379/2496/1379
f 1375/2491/1375 1381/2501/1381 1376/2492/1376
f 1382/2502/1382 1128/1872/1128 900/1871/900
f 1383/2503/1383 929/2504/929 880/2505/880
f 905/1489/905 1301/2506/1301 907/1492/907
f 1300/2319/1300 909/2146/909 1302/2323/1302
f 1132/2485/1132 920/2507/920 1303/2508/1303
f 1384/2509/1384 734/2510/734 914/2511/914
f 912/2512/912 1385/2513/1385 927/2514/927
f 929/2340/929 1383/2515/1383 1309/2338/1309
f 1136/1887/1136 925/1516/925 463/731/463
f 734/2510/734 1386/2516/1386 735/1893/735
f 921/1890/921 1137/1889/1137 1387/2517/1387
f 1388/2518/1388 1389/2519/1389 1381/2501/1381
f 1390/2520/1390 1141/2521/1141 1134/2522/1134
f 1390/2520/1390 1391/2523/1391 1141/2521/1141
f 924/2524/924 1392/2525/1392 1393/2526/1393
f 1394/2527/1394 1223/2528/1223 1140/2529/1140
f 933/1537/933 1395/2530/1395 755/1535/755
f 935/2531/935 1396/2532/1396 757/2533/757
f 1397/2534/1397 1224/2153/1224 934/2152/934
f 1398/2535/1398 935/1902/935 1142/1901/1142
f 1224/2155/1224 1399/2536/1399 939/1552/939
f 1400/2537/1400 940/2538/940 765/2539/765
f 1313/2351/1313 1314/2352/1314 942/1559/942
f 1312/2350/1312 768/2349/768 1314/2352/1314
f 941/1907/941 943/1906/943 1401/2540/1401
f 767/1561/767 1225/2541/1225 1313/2351/1313
f 1402/2542/1402 1227/2543/1227 932/1553/932
f 1403/2544/1403 1225/2160/1225 1228/2162/1228
f 937/2545/937 1226/2166/1226 1404/2546/1404
f 1227/2543/1227 1405/2547/1405 1146/2548/1146
f 1228/2162/1228 1230/2549/1230 1406/2550/1406
f 1148/2361/1148 1407/2551/1407 1231/2359/1231
f 1408/2552/1408 1150/1916/1150 1234/2182/1234
f 1409/2553/1409 944/2554/944 1151/2183/1151
f 1410/2555/1410 1151/2183/1151 1153/1925/1153
f 1233/2179/1233 1411/2556/1411 1152/2184/1152
f 1234/2182/1234 954/2185/954 1236/2187/1236
f 1411/2556/1411 976/2557/976 1152/2184/1152
f 1412/2558/1412 1154/1928/1154 1235/2186/1235
f 975/1931/975 1155/1930/1155 1413/2559/1413
f 595/1944/595 1154/1928/1154 1412/2558/1412
f 1155/1930/1155 1157/2560/1157 1414/2561/1414
f 1157/2560/1157 1158/1942/1158 1415/2562/1415
f 1236/2187/1236 971/2189/971 770/1956/770
f 1320/2563/1320 1160/2564/1160 1161/2565/1161
f 1416/2566/1416 1417/2567/1417 1024/1948/1024
f 1416/2566/1416 1024/1948/1024 1324/2372/1324
f 1418/2568/1418 1321/2369/1321 1159/1966/1159
f 1325/2374/1325 1320/2368/1320 1019/1961/1019
f 1321/2369/1321 1419/2569/1419 1166/1967/1166
f 1419/2570/1419 1168/1978/1168 1166/1969/1166
f 1238/2571/1238 1167/2572/1167 1239/2573/1239
f 1165/1963/1165 1420/2574/1420 1171/1990/1171
f 1421/2575/1421 1056/1993/1056 1172/1995/1172
f 1422/2576/1422 1062/2004/1062 1173/2003/1173
f 1172/1995/1172 1174/2001/1174 1423/2577/1423
f 1174/2001/1174 1175/2197/1175 1423/2577/1423
f 1424/2578/1424 1241/2201/1241 774/2209/774
f 1242/2579/1242 1066/2580/1066 1329/2581/1329
f 1425/2582/1425 1245/2583/1245 1244/2584/1244
f 1426/2585/1426 1243/2586/1243 1068/2587/1068
f 568/960/568 775/1252/775 1331/2388/1331
f 1427/2588/1427 647/2589/647 568/2590/568
f 1428/2591/1428 1178/2592/1178 1078/2593/1078
f 1428/2594/1428 1078/2595/1078 1429/2596/1429
f 538/901/538 648/1085/648 1430/2597/1430
f 1431/2598/1431 789/2599/789 790/2600/790
f 1431/2598/1431 790/2600/790 1432/2601/1432
f 1428/2602/1428 792/2031/792 1178/2603/1178
f 1433/2604/1433 1075/2605/1075 789/2606/789
f 1078/1731/1078 1334/2391/1334 1429/2607/1429
f 1432/2601/1432 790/2600/790 1079/2608/1079
f 1434/2609/1434 1084/2032/1084 792/2031/792
f 1435/2610/1435 1080/1733/1080 654/1093/654
f 795/1740/795 1083/1742/1083 1335/2393/1335
f 1436/2611/1436 1335/2393/1335 1084/2392/1084
f 1338/2402/1338 661/1313/661 1179/2033/1179
f 1251/2222/1251 1336/2612/1336 660/2223/660
f 668/1114/668 1254/2226/1254 1179/2613/1179
f 664/2036/664 1180/2035/1180 1339/2405/1339
f 801/2614/801 1253/2615/1253 1251/2616/1251
f 805/1336/805 1437/2617/1437 1255/2227/1255
f 648/1085/648 450/700/450 1438/2618/1438
f 670/2619/670 1181/2620/1181 682/1771/682
f 805/2412/805 1341/2411/1341 1437/2621/1437
f 801/2622/801 1439/2623/1439 1252/2624/1252
f 801/2622/801 809/2417/809 1439/2623/1439
f 809/2417/809 1342/2416/1342 1439/2623/1439
f 1256/2228/1256 1345/2625/1345 1087/2229/1087
f 609/1024/609 1081/1735/1081 574/973/574
f 1440/2626/1440 574/973/574 1081/1735/1081
f 688/1781/688 1188/2059/1188 1183/2040/1183
f 1088/2421/1088 1184/2429/1184 1346/2422/1346
f 812/2425/812 1347/2424/1347 1353/2441/1353
f 1184/2429/1184 1262/2431/1262 1346/2422/1346
f 574/974/574 1441/2627/1441 690/1148/690
f 690/1148/690 1441/2627/1441 1350/2628/1350
f 1186/2051/1186 1187/2050/1187 1442/2629/1442
f 1187/2050/1187 1351/2630/1351 1442/2629/1442
f 1346/2422/1346 1262/2431/1262 1258/2233/1258
f 810/2415/810 1352/2440/1352 1342/2416/1342
f 1351/2631/1351 692/2632/692 1443/2633/1443
f 814/1357/814 1444/2634/1444 1259/2236/1259
f 692/2635/692 1445/2636/1445 1443/2637/1443
f 692/2638/692 1261/2639/1261 1445/2640/1445
f 1091/2058/1091 1093/2057/1093 1446/2641/1446
f 1447/2642/1447 1097/2060/1097 1089/1769/1089
f 1257/2240/1257 1356/2643/1356 1094/2241/1094
f 816/1362/816 1098/2065/1098 819/1370/819
f 1355/2644/1355 815/1794/815 1448/2645/1448
f 1263/2243/1263 530/880/530 555/943/555
f 1449/2646/1449 818/1788/818 1096/1785/1096
f 1449/2646/1449 1450/2647/1450 818/1788/818
f 815/1794/815 1264/2244/1264 1448/2645/1448
f 1450/2647/1450 1451/2648/1451 818/1788/818
f 1452/2649/1452 710/2650/710 820/2651/820
f 1098/2652/1098 707/1167/707 708/2653/708
f 710/1170/710 556/944/556 820/1371/820
f 1265/2245/1265 706/1165/706 1453/2654/1453
f 706/1165/706 1269/2249/1269 1453/2654/1453
f 818/1788/818 1451/2648/1451 1271/2253/1271
f 1269/2249/1269 1274/2257/1274 1453/2654/1453
f 1273/2655/1273 1454/2656/1454 1103/2657/1103
f 1275/2259/1275 1101/2260/1101 1455/2658/1455
f 1101/2659/1101 1102/2660/1102 1455/2661/1455
f 1102/1805/1102 1357/2453/1357 1456/2662/1456
f 1357/2453/1357 1104/2074/1104 482/2663/482
f 1192/2261/1192 834/2263/834 1193/2664/1193
f 1274/2257/1274 840/2665/840 1457/2666/1457
f 1105/2667/1105 1458/2668/1458 841/2268/841
f 1457/2669/1457 840/2271/840 1459/2670/1459
f 1194/2080/1194 1460/2671/1460 839/2672/839
f 1276/2457/1276 1196/2085/1196 1461/2673/1461
f 1276/2457/1276 1461/2673/1461 1106/2674/1106
f 1106/2674/1106 1461/2673/1461 1358/2675/1358
f 1460/2676/1460 1277/2267/1277 839/2266/839
f 1458/2668/1458 1278/2269/1278 841/2268/841
f 840/2271/840 1279/2272/1279 1459/2670/1459
f 1361/2464/1361 1462/2677/1462 1109/2095/1109
f 1462/2677/1462 1110/1824/1110 1109/2095/1109
f 1112/1830/1112 1202/2102/1202 1463/2678/1463
f 1110/1824/1110 1464/2679/1464 854/2098/854
f 1465/2680/1465 1203/2105/1203 1113/2106/1113
f 1466/2681/1466 1115/2682/1115 854/2098/854
f 1283/2282/1283 848/1411/848 1287/2289/1287
f 1115/2108/1115 1466/2683/1466 1204/2107/1204
f 1284/2284/1284 591/997/591 1119/1848/1119
f 1117/2684/1117 858/2287/858 1467/2685/1467
f 859/2470/859 1367/2686/1367 1363/2469/1363
f 1111/1825/1111 1371/2483/1371 1122/1854/1122
f 1366/2473/1366 1468/2687/1468 862/1849/862
f 862/1849/862 1468/2687/1468 1290/2688/1290
f 1205/2689/1205 1469/2690/1469 1369/2691/1369
f 866/1443/866 1373/2487/1373 867/1444/867
f 1208/2692/1208 1289/2693/1289 1120/1850/1120
f 1120/1850/1120 1289/2693/1289 1470/2694/1470
f 1289/2693/1289 1288/2695/1288 1470/2694/1470
f 1369/2691/1369 1211/2696/1211 1209/2697/1209
f 1211/2696/1211 1471/2698/1471 1294/2699/1294
f 1472/2700/1472 1473/2701/1473 1474/2702/1474
f 1475/2703/1475 1476/2704/1476 1477/2705/1477
f 1370/2482/1370 1478/2706/1478 592/998/592
f 1472/2707/1472 1479/2708/1479 1473/2709/1473
f 1475/2703/1475 1480/2710/1480 1476/2704/1476
f 1472/2707/1472 1374/2490/1374 1479/2708/1479
f 1477/2705/1477 1476/2704/1476 1481/2711/1481
f 1212/2123/1212 1213/2125/1213 1365/2472/1365
f 1472/2707/1472 1482/2712/1482 1374/2490/1374
f 1287/2289/1287 1214/2128/1214 1483/2713/1483
f 1210/2120/1210 1132/2485/1132 1484/2714/1484
f 1476/2704/1476 1485/2715/1485 1481/2711/1481
f 1482/2712/1482 1375/2491/1375 1374/2490/1374
f 1374/2716/1374 1376/2717/1376 1486/2718/1486
f 1372/2484/1372 1216/2135/1216 1218/2139/1218
f 1294/2304/1294 1487/2719/1487 880/2489/880
f 641/1072/641 1488/2720/1488 593/999/593
f 1476/2704/1476 1489/2721/1489 1485/2715/1485
f 1476/2704/1476 1490/2722/1490 1489/2721/1489
f 1373/2494/1373 1491/2723/1491 1127/1860/1127
f 1487/2724/1487 1383/2503/1383 880/2505/880
f 883/2308/883 1377/2493/1377 912/2725/912
f 1485/2726/1485 1489/2727/1489 1492/2728/1492
f 1127/1860/1127 1491/2723/1491 897/2729/897
f 1380/2499/1380 1131/1875/1131 1493/2730/1493
f 905/1489/905 1221/2144/1221 1301/2506/1301
f 513/852/513 1494/2731/1494 1130/1870/1130
f 1299/2317/1299 916/1502/916 1495/2732/1495
f 1494/2731/1494 513/852/513 643/1074/643
f 1489/2721/1489 1490/2722/1490 1496/2733/1496
f 1375/2491/1375 1388/2518/1388 1381/2501/1381
f 1375/2734/1375 1497/2735/1497 1388/2736/1388
f 1490/2722/1490 1498/2737/1498 1496/2733/1496
f 1392/2525/1392 924/2524/924 1304/2738/1304
f 916/1883/916 1223/2147/1223 1495/2739/1495
f 1223/2147/1223 1499/2740/1499 1495/2739/1495
f 1390/2741/1390 1134/2321/1134 1301/2320/1301
f 1500/2742/1500 925/2743/925 1136/2744/1136
f 918/1520/918 739/1519/739 1501/2745/1501
f 927/2514/927 1385/2513/1385 1138/2746/1138
f 1387/2747/1387 1135/2748/1135 921/2749/921
f 1500/2750/1500 1502/2751/1502 925/2752/925
f 908/2753/908 928/2754/928 1503/2755/1503
f 925/2752/925 1502/2751/1502 1504/2756/1504
f 925/2752/925 1505/2757/1505 643/2758/643
f 643/2758/643 1505/2757/1505 1506/2759/1506
f 1389/2519/1389 1507/2760/1507 1381/2501/1381
f 1489/2721/1489 1496/2733/1496 1508/2761/1508
f 1509/2762/1509 1392/2763/1392 1510/2764/1510
f 924/2765/924 1393/2766/1393 1511/2767/1511
f 925/2752/925 1504/2756/1504 1505/2757/1505
f 757/1896/757 1512/2768/1512 930/1529/930
f 1393/2769/1393 1513/2770/1513 1511/2771/1511
f 1505/2757/1505 1504/2756/1504 1514/2772/1514
f 1514/2772/1514 1389/2519/1389 1388/2518/1388
f 756/2339/756 1309/2338/1309 1397/2773/1397
f 757/2533/757 1396/2532/1396 1512/2774/1512
f 1394/2527/1394 1140/2529/1140 1515/2775/1515
f 1141/2776/1141 1516/2777/1516 928/2754/928
f 1508/2761/1508 1496/2733/1496 1509/2778/1509
f 1509/2778/1509 1496/2733/1496 1393/2526/1393
f 1509/2778/1509 1393/2526/1393 1392/2525/1392
f 1514/2772/1514 1504/2756/1504 1389/2519/1389
f 1515/2775/1515 1140/2529/1140 1139/2779/1139
f 1310/2342/1310 1517/2780/1517 748/2343/748
f 756/2339/756 1397/2773/1397 934/2781/934
f 1504/2756/1504 1518/2782/1518 1389/2519/1389
f 1496/2733/1496 1519/2783/1519 1393/2526/1393
f 1311/2347/1311 1400/2784/1400 765/1238/765
f 1399/2536/1399 932/1553/932 939/1552/939
f 941/1907/941 1401/2540/1401 1520/2785/1520
f 1520/2786/1520 1521/2787/1521 941/2788/941
f 940/2538/940 1401/2789/1401 943/2790/943
f 1313/2351/1313 1225/2541/1225 1403/2791/1403
f 941/2788/941 1522/2792/1522 1144/2793/1144
f 1523/2794/1523 937/2545/937 1404/2546/1404
f 1524/2795/1524 1402/2542/1402 932/1553/932
f 1522/2796/1522 1525/2797/1525 1144/2798/1144
f 1144/2798/1144 1525/2797/1525 1148/2799/1148
f 1526/2800/1526 1226/2166/1226 1527/2801/1527
f 1226/2166/1226 1229/2168/1229 1527/2801/1527
f 1528/2802/1528 1232/2358/1232 1146/2548/1146
f 1228/2162/1228 1406/2550/1406 1529/2803/1529
f 1230/2804/1230 1147/2805/1147 1316/2806/1316
f 1150/2181/1150 1408/2807/1408 1233/2179/1233
f 944/2554/944 1409/2553/1409 1235/2808/1235
f 1153/1925/1153 975/1926/975 1530/2809/1530
f 1411/2556/1411 1531/2810/1531 976/2557/976
f 976/2363/976 1531/2811/1531 1317/2362/1317
f 1317/2362/1317 1532/2812/1532 981/1933/981
f 1155/1930/1155 1414/2561/1414 1413/2559/1413
f 981/1933/981 1532/2812/1532 1156/1934/1156
f 1414/2561/1414 1157/2560/1157 1415/2562/1415
f 1236/2187/1236 770/1956/770 1318/2364/1318
f 1237/2190/1237 1418/2568/1418 1159/1966/1159
f 1319/2366/1319 1021/2365/1021 1162/2813/1162
f 1162/1949/1162 1533/2814/1533 1319/2815/1319
f 1162/1949/1162 1023/1951/1023 1533/2814/1533
f 1417/2567/1417 1158/1942/1158 1024/1948/1024
f 1169/2367/1169 1319/2366/1319 1326/2816/1326
f 1322/2817/1322 1039/2818/1039 1534/2819/1534
f 1321/2820/1321 1535/2821/1535 1419/2570/1419
f 1323/2371/1323 1420/2574/1420 1165/1963/1165
f 1535/2821/1535 1325/2822/1325 1168/1978/1168
f 1535/2821/1535 1168/1978/1168 1419/2570/1419
f 1238/2571/1238 1239/2573/1239 1327/2823/1327
f 1534/2819/1534 1039/2818/1039 1536/2824/1536
f 1039/2818/1039 1032/2825/1032 1536/2824/1536
f 1536/2824/1536 1032/2825/1032 1056/1993/1056
f 1328/2383/1328 1171/1990/1171 1420/2574/1420
f 1537/2826/1537 1056/1993/1056 1421/2575/1421
f 1062/2004/1062 1422/2576/1422 1240/2198/1240
f 1175/2197/1175 1241/2201/1241 1423/2577/1423
f 1243/2208/1243 1538/2827/1538 774/2209/774
f 1245/2828/1245 1539/2829/1539 1331/2830/1331
f 1246/2831/1246 1330/2387/1330 645/1077/645
f 1246/2832/1246 1540/2833/1540 1330/2834/1330
f 1068/2835/1068 1541/2836/1541 1426/2837/1426
f 1331/2830/1331 1542/2838/1542 568/2590/568
f 538/2839/538 1543/2840/1543 1176/2841/1176
f 1543/2842/1543 538/2008/538 1430/2843/1430
f 1431/2844/1431 1433/2604/1433 789/2606/789
f 1433/2845/1433 1332/2389/1332 1075/1721/1075
f 792/2031/792 1428/2602/1428 1434/2609/1434
f 1432/2601/1432 1079/2608/1079 1544/2846/1544
f 1436/2847/1436 1084/2032/1084 1434/2609/1434
f 1080/1733/1080 1435/2610/1435 1333/2848/1333
f 797/1737/797 1545/2849/1545 1079/2850/1079
f 1079/2608/1079 1545/2851/1545 1544/2846/1544
f 1333/2390/1333 1545/2849/1545 797/1737/797
f 1435/2610/1435 654/1093/654 1336/2852/1336
f 656/2853/656 1546/2854/1546 1250/2221/1250
f 1547/2855/1547 1081/1735/1081 647/1084/647
f 1250/2221/1250 1181/2037/1181 798/1318/798
f 1253/2856/1253 1252/2624/1252 1439/2623/1439
f 1438/2618/1438 450/700/450 1182/2039/1182
f 1439/2623/1439 1342/2416/1342 1548/2857/1548
f 1549/2858/1549 1343/2418/1343 682/1771/682
f 1440/2859/1440 1441/2627/1441 574/974/574
f 526/1029/526 813/1356/813 1348/2860/1348
f 1186/2049/1186 1442/2861/1442 813/2047/813
f 1089/1769/1089 1343/2418/1343 1447/2642/1447
f 1349/2862/1349 1444/2863/1444 814/2864/814
f 1445/2640/1445 1261/2639/1261 1550/2865/1550
f 1258/2233/1258 1263/2866/1263 1260/2237/1260
f 1258/2233/1258 1262/2431/1262 1263/2866/1263
f 1347/2424/1347 1446/2867/1446 1353/2441/1353
f 1091/2432/1091 1446/2867/1446 1347/2424/1347
f 554/2868/554 1551/2869/1551 1261/2870/1261
f 1260/2871/1260 1263/2872/1263 1552/2873/1552
f 694/2234/694 1260/2237/1260 554/2874/554
f 1356/2446/1356 1553/2875/1553 817/2447/817
f 817/2447/817 1553/2875/1553 1096/2876/1096
f 1189/2877/1189 703/1166/703 1554/2878/1554
f 1555/2879/1555 1556/2880/1556 1557/2881/1557
f 1557/2882/1557 1558/2883/1558 821/2884/821
f 1559/2885/1559 710/2650/710 1452/2649/1452
f 1558/2886/1558 1099/2887/1099 821/2888/821
f 821/2889/821 1555/2879/1555 1557/2881/1557
f 1097/1789/1097 1560/2890/1560 1267/2247/1267
f 1266/2891/1266 1099/2892/1099 1561/2893/1561
f 821/2889/821 1268/2894/1268 1555/2879/1555
f 1268/2894/1268 1562/2895/1562 1555/2879/1555
f 710/2650/710 1559/2885/1559 1270/2896/1270
f 1268/2894/1268 1191/2897/1191 1562/2895/1562
f 1190/2069/1190 1563/2898/1563 1273/2256/1273
f 1275/2259/1275 1564/2899/1564 1272/2254/1272
f 1357/2900/1357 482/2901/482 1270/2902/1270
f 1454/2903/1454 1273/2904/1273 1563/2905/1563
f 1565/2906/1565 1193/2075/1193 1103/2078/1103
f 1565/2906/1565 1103/2078/1103 1454/2907/1454
f 1565/2906/1565 1192/2908/1192 1193/2075/1193
f 1271/2253/1271 1566/2909/1566 1105/2258/1105
f 1566/2909/1566 1567/2910/1567 1105/2258/1105
f 1359/2459/1359 1460/2671/1460 1194/2080/1194
f 1196/2085/1196 714/1180/714 1568/2911/1568
f 1277/2267/1277 1360/2460/1360 619/2265/619
f 1569/2912/1569 1199/2096/1199 1197/2086/1197
f 1570/2913/1570 1279/2272/1279 1198/2092/1198
f 844/2914/844 846/2277/846 1571/2915/1571
f 1571/2915/1571 846/2277/846 1281/2278/1281
f 1569/2912/1569 1111/1825/1111 1199/2096/1199
f 1570/2913/1570 1198/2092/1198 1200/2097/1200
f 1112/1830/1112 1463/2678/1463 1200/2467/1200
f 849/1414/849 1572/2916/1572 866/1443/866
f 850/2283/850 1362/2468/1362 1573/2917/1573
f 1202/2102/1202 1365/2472/1365 1463/2678/1463
f 854/2098/854 1464/2679/1464 1466/2681/1466
f 1114/1838/1114 1574/2918/1574 1113/1834/1113
f 850/2285/850 1573/2919/1573 1285/2286/1285
f 1117/2920/1117 1467/2921/1467 853/2103/853
f 1203/2105/1203 631/1062/631 630/1061/630
f 866/1443/866 1572/2916/1572 1373/2487/1373
f 1466/2683/1466 1366/2473/1366 1204/2107/1204
f 1368/2922/1368 1575/2923/1575 1367/2924/1367
f 1364/2471/1364 1469/2925/1469 1205/2110/1205
f 1368/2926/1368 1292/2927/1292 1575/2928/1575
f 1576/2929/1576 1369/2691/1369 1469/2690/1469
f 631/1062/631 1577/2930/1577 640/1071/640
f 1290/2688/1290 1578/2931/1578 1291/2303/1291
f 1211/2696/1211 1369/2691/1369 1471/2698/1471
f 640/1071/640 1577/2930/1577 1370/2482/1370
f 1578/2931/1578 1579/2932/1579 1291/2303/1291
f 1291/2303/1291 1579/2932/1579 1215/2130/1215
f 1474/2933/1474 1580/2934/1580 1472/2935/1472
f 1473/2709/1473 1479/2708/1479 1581/2936/1581
f 1475/2937/1475 1582/2938/1582 1480/2939/1480
f 1472/2707/1472 1580/2940/1580 1482/2712/1482
f 1479/2941/1479 1374/2716/1374 1583/2942/1583
f 1481/2943/1481 1485/2726/1485 1584/2944/1584
f 1482/2945/1482 1585/2946/1585 1375/2734/1375
f 1374/2716/1374 1486/2718/1486 1583/2942/1583
f 1490/2947/1490 1476/2948/1476 1586/2949/1586
f 511/850/511 1378/2495/1378 1217/2137/1217
f 1371/2950/1371 1587/2951/1587 903/2952/903
f 1490/2947/1490 1586/2949/1586 1588/2953/1588
f 887/2497/887 1379/2496/1379 1589/2954/1589
f 593/999/593 1488/2720/1488 1220/2143/1220
f 642/1073/642 1296/2312/1296 1378/2495/1378
f 1491/2955/1491 1590/2956/1590 897/1479/897
f 1128/52/1128 1591/2957/1591 1379/2958/1379
f 1129/1868/1129 1590/2959/1590 1219/2142/1219
f 897/1479/897 1590/2956/1590 1129/2311/1129
f 1490/2947/1490 1588/2953/1588 1592/2960/1592
f 1128/1872/1128 1382/2502/1382 1591/2961/1591
f 900/1871/900 1297/2314/1297 1382/2502/1382
f 1219/2142/1219 1593/2962/1593 904/2141/904
f 1133/2318/1133 1483/2713/1483 1214/2128/1214
f 1377/2493/1377 1594/2442/1594 912/2725/912
f 1593/2963/1593 1221/2144/1221 904/1488/904
f 1587/2951/1587 1595/2964/1595 903/2952/903
f 1594/2965/1594 1385/2966/1385 912/2967/912
f 1484/2714/1484 1132/2485/1132 1303/2508/1303
f 1489/2727/1489 1596/2968/1596 1492/2728/1492
f 1381/2501/1381 1597/2969/1597 1376/2492/1376
f 914/2511/914 903/2952/903 1595/2964/1595
f 1490/2947/1490 1592/2960/1592 1498/2970/1498
f 1375/2734/1375 1598/2971/1598 1497/2735/1497
f 755/1535/755 1395/2530/1395 1303/2324/1303
f 1489/2721/1489 1508/2761/1508 1596/2972/1596
f 1381/2973/1381 1507/2974/1507 1597/2975/1597
f 1304/2738/1304 1510/2976/1510 1392/2525/1392
f 924/2765/924 1511/2767/1511 1599/2977/1599
f 1385/2513/1385 1600/2978/1600 1138/2746/1138
f 1511/2767/1511 1513/2979/1513 1599/2977/1599
f 1135/2748/1135 1601/2980/1601 1602/2981/1602
f 908/2753/908 1503/2755/1503 1306/2982/1306
f 643/2983/643 1506/2984/1506 1603/2985/1603
f 1138/1895/1138 1600/2986/1600 931/1531/931
f 931/1531/931 1600/2986/1600 1310/2987/1310
f 1510/2988/1510 1604/2989/1604 1509/2990/1509
f 1498/2737/1498 1605/2991/1605 1496/2733/1496
f 1505/2992/1505 1514/2993/1514 1506/2994/1506
f 1497/2995/1497 1514/2772/1514 1388/2518/1388
f 1223/2528/1223 1394/2527/1394 1499/2996/1499
f 1135/2748/1135 1602/2981/1602 1139/2997/1139
f 1139/2997/1139 1602/2981/1602 1515/2998/1515
f 1606/2999/1606 1395/2530/1395 933/1537/933
f 1507/2974/1507 1389/3000/1389 1607/3001/1607
f 748/2343/748 1517/2780/1517 1311/2344/1311
f 933/3002/933 1608/3003/1608 1606/3004/1606
f 1513/2770/1513 1393/2769/1393 1609/3005/1609
f 1605/3006/1605 1519/3007/1519 1496/3008/1496
f 1393/2766/1393 1610/3009/1610 1609/3010/1609
f 1504/3011/1504 1502/3012/1502 1611/3013/1611
f 933/3002/933 936/3014/936 1608/3003/1608
f 1504/2756/1504 1611/3015/1611 1518/2782/1518
f 1393/2526/1393 1519/2783/1519 1610/3016/1610
f 1142/1901/1142 1312/3017/1312 1398/2535/1398
f 940/2538/940 1400/2537/1400 1612/3018/1612
f 937/2545/937 1523/2794/1523 1613/3019/1613
f 1521/2787/1521 1522/2792/1522 941/2788/941
f 1226/2166/1226 1526/2800/1526 1404/2546/1404
f 1402/2542/1402 1405/2547/1405 1227/2543/1227
f 1148/2799/1148 1525/2797/1525 1614/3020/1614
f 1230/2804/1230 1316/2806/1316 1406/3021/1406
f 1151/2183/1151 1410/2555/1410 1409/2553/1409
f 1410/2555/1410 1153/1925/1153 1530/2809/1530
f 1234/3022/1234 1236/3023/1236 1615/724/1615
f 1235/2186/1235 1616/3024/1616 1412/2558/1412
f 1412/2558/1412 1617/3025/1617 595/1944/595
f 1415/2562/1415 1158/1942/1158 1417/2567/1417
f 595/2191/595 1618/3026/1618 1164/1958/1164
f 595/2191/595 1617/3027/1617 1618/3026/1618
f 1160/2564/1160 1320/2563/1320 1619/3028/1619
f 1023/1951/1023 1322/2370/1322 1533/2814/1533
f 1619/3028/1619 1323/3029/1323 1160/2564/1160
f 1620/3030/1620 1535/2821/1535 1321/2820/1321
f 1324/3031/1324 1238/2571/1238 1327/2823/1327
f 1326/3032/1326 1621/3033/1621 1327/2823/1327
f 1324/3031/1324 1327/2823/1327 1621/3033/1621
f 1325/2822/1325 1535/2821/1535 1620/3030/1620
f 1056/1993/1056 1537/2826/1537 1536/2824/1536
f 1328/2383/1328 1622/3034/1622 1058/1998/1058
f 1172/1995/1172 1623/3035/1623 1421/2575/1421
f 1058/1998/1058 1622/3034/1622 1173/1996/1173
f 1173/1996/1173 1622/3034/1622 1422/3036/1422
f 1423/2577/1423 1241/2201/1241 1624/3037/1624
f 774/2209/774 1538/2827/1538 1424/2578/1424
f 1242/3038/1242 1625/3039/1625 1244/3040/1244
f 1244/3040/1244 1625/3039/1625 1425/3041/1425
f 1330/2387/1330 1541/3042/1541 1068/1694/1068
f 1542/2838/1542 1427/2588/1427 568/2590/568
f 1427/3043/1427 1547/3044/1547 647/3045/647
f 648/1085/648 1438/2618/1438 1430/2597/1430
f 795/1740/795 1335/2393/1335 1626/3046/1626
f 795/1298/795 1626/3047/1626 1247/2215/1247
f 667/1113/667 1255/3048/1255 1254/2226/1254
f 1340/3049/1340 1627/3050/1627 806/1338/806
f 806/1338/806 1627/3050/1627 1256/2228/1256
f 682/1771/682 1181/2620/1181 1549/2858/1549
f 1348/3051/1348 813/3052/813 1628/3053/1628
f 1185/3054/1185 1350/3055/1350 1629/3056/1629
f 1351/3057/1351 1443/3058/1443 1630/3059/1630
f 1343/2418/1343 1631/3060/1631 1447/2642/1447
f 1632/3061/1632 1259/2236/1259 1444/2634/1444
f 1632/3061/1632 1633/3062/1633 1259/2236/1259
f 1259/3063/1259 1633/3064/1633 1092/3065/1092
f 1634/3066/1634 1446/2641/1446 1093/2057/1093
f 554/3067/554 1260/3068/1260 1551/3069/1551
f 1260/3068/1260 1635/3070/1635 1551/3069/1551
f 1635/3070/1635 1260/3068/1260 1552/3071/1552
f 1354/2443/1354 1095/1783/1095 1636/3072/1636
f 1355/2444/1355 1637/3073/1637 1352/2440/1352
f 1638/3074/1638 1559/2885/1559 1452/2649/1452
f 1356/2446/1356 1639/3075/1639 1553/2875/1553
f 1095/1783/1095 1189/2063/1189 1636/3072/1636
f 1452/2649/1452 820/2651/820 1640/3076/1640
f 1641/3077/1641 1098/2065/1098 816/1362/816
f 1447/2642/1447 1642/3078/1642 1097/2060/1097
f 703/1166/703 1265/2245/1265 1554/2878/1554
f 1642/3078/1642 1560/3079/1560 1097/2060/1097
f 1556/2880/1556 1555/2879/1555 1643/3080/1643
f 1555/2879/1555 1562/2895/1562 1643/3080/1643
f 1267/2247/1267 1560/2890/1560 1644/3081/1644
f 1450/2647/1450 1645/3082/1645 1451/2648/1451
f 1453/2654/1453 1646/3083/1646 1265/2245/1265
f 1559/2885/1559 1647/3084/1647 1270/2896/1270
f 1264/2244/1264 1272/2254/1272 1648/3085/1648
f 1191/2897/1191 1565/3086/1565 1649/3087/1649
f 1565/3086/1565 1650/3088/1650 1649/3087/1649
f 1649/3087/1649 1650/3088/1650 1651/3089/1651
f 1451/2648/1451 1652/3090/1652 1271/2253/1271
f 1271/2253/1271 1652/3090/1652 1566/2909/1566
f 1191/2897/1191 1192/3091/1192 1565/3086/1565
f 1456/2662/1456 1455/3092/1455 1102/1805/1102
f 1456/3093/1456 1357/3094/1357 1270/2896/1270
f 1567/3095/1567 1458/2668/1458 1105/2667/1105
f 1461/2673/1461 1196/2085/1196 1653/3096/1653
f 1654/3097/1654 1277/2267/1277 1460/2676/1460
f 1655/3098/1655 1569/3099/1569 1197/3100/1197
f 1360/2460/1360 1656/3101/1656 718/2461/718
f 1657/3102/1657 714/1180/714 1280/2273/1280
f 1195/2462/1195 1283/2282/1283 1658/3103/1658
f 1280/2656/1280 844/3104/844 1571/3105/1571
f 1659/3106/1659 1462/3107/1462 1361/3108/1361
f 1660/3109/1660 1110/1824/1110 1462/2677/1462
f 1200/3110/1200 1463/3111/1463 1661/3112/1661
f 1662/3113/1662 1281/2278/1281 1201/2101/1201
f 1371/2483/1371 1111/1825/1111 1663/3114/1663
f 1574/3115/1574 1465/2680/1465 1113/2106/1113
f 1664/3116/1664 1201/2101/1201 853/2103/853
f 1664/3116/1664 853/2103/853 1467/2921/1467
f 1574/2918/1574 1114/1838/1114 1363/2469/1363
f 1665/3117/1665 1285/2286/1285 1573/2919/1573
f 1467/2685/1467 858/2287/858 1666/3118/1666
f 1665/3117/1665 1364/2471/1364 1285/2286/1285
f 1666/3118/1666 858/2287/858 1286/2288/1286
f 1576/3119/1576 1469/2925/1469 1364/2471/1364
f 1667/3120/1667 1666/3118/1666 1120/1850/1120
f 1666/3118/1666 1286/2288/1286 1120/1850/1120
f 1283/3121/1283 1287/3122/1287 1668/3123/1668
f 1669/3124/1669 1290/2688/1290 1468/2687/1468
f 1670/3125/1670 1575/3126/1575 1292/3127/1292
f 1667/3120/1667 1120/1850/1120 1470/2694/1470
f 1669/3124/1669 1578/2931/1578 1290/2688/1290
f 1572/2916/1572 1671/3128/1671 1373/2487/1373
f 1576/2929/1576 1672/3129/1672 1369/2691/1369
f 1672/3129/1672 1471/2698/1471 1369/2691/1369
f 1670/3130/1670 1210/3131/1210 1673/3132/1673
f 1670/3125/1670 1292/3127/1292 1210/3133/1210
f 1288/2301/1288 1293/2302/1293 1674/3134/1674
f 1674/3134/1674 1293/2302/1293 1675/3135/1675
f 1675/3135/1675 1293/2302/1293 1372/2484/1372
f 1676/3136/1676 1477/3137/1477 1481/2943/1481
f 1580/2934/1580 1677/3138/1677 1482/2945/1482
f 1478/2706/1478 879/1458/879 592/998/592
f 1479/2941/1479 1583/2942/1583 1581/3139/1581
f 1210/2120/1210 1484/2714/1484 1678/3140/1678
f 1679/3141/1679 1215/2130/1215 1579/2932/1579
f 1586/3142/1586 1476/2704/1476 1480/2710/1480
f 1471/2698/1471 1680/3143/1680 1294/2699/1294
f 1679/3141/1679 1377/2493/1377 1215/2130/1215
f 1584/2944/1584 1485/2726/1485 1492/2728/1492
f 1372/2484/1372 1218/2139/1218 1681/3144/1681
f 1680/3145/1680 1487/3146/1487 1294/3147/1294
f 1365/2472/1365 1213/2125/1213 1589/3148/1589
f 1213/2125/1213 887/3149/887 1589/3148/1589
f 1598/2971/1598 1375/2734/1375 1585/2946/1585
f 1486/2718/1486 1376/2717/1376 1682/3150/1682
f 1681/3144/1681 1218/2139/1218 1380/2499/1380
f 1483/2713/1483 1133/2318/1133 1300/2319/1300
f 1683/3151/1683 733/1202/733 1220/2143/1220
f 1595/2964/1595 1384/2509/1384 914/2511/914
f 1222/2145/1222 918/1520/918 1501/2745/1501
f 1684/3152/1684 1498/2970/1498 1592/2960/1592
f 1685/3153/1685 1597/2975/1597 1507/2974/1507
f 1384/2509/1384 1386/2516/1386 734/2510/734
f 1686/3154/1686 1308/2334/1308 1306/2331/1306
f 1686/3154/1686 1687/3155/1687 1308/2334/1308
f 1136/1887/1136 485/797/485 924/3156/924
f 1601/2980/1601 1135/2748/1135 1387/2747/1387
f 1387/2517/1387 1137/1889/1137 1688/3157/1688
f 1689/3158/1689 1310/2987/1310 1600/2986/1600
f 1684/3152/1684 1605/3006/1605 1498/2970/1498
f 1599/2977/1599 1513/2979/1513 1690/3159/1690
f 1691/3160/1691 1514/3161/1514 1497/2735/1497
f 1512/2768/1512 1307/2335/1307 930/1529/930
f 1692/3162/1692 1502/3012/1502 1500/3163/1500
f 1506/2994/1506 1514/2993/1514 1691/3164/1691
f 1516/2777/1516 1503/2755/1503 928/2754/928
f 1513/2979/1513 1609/3010/1609 1690/3159/1690
f 1391/2523/1391 1516/3165/1516 1141/2521/1141
f 1690/3159/1690 1609/3010/1609 1693/3166/1693
f 1396/2532/1396 935/2531/935 1694/3167/1694
f 1693/3166/1693 1609/3010/1609 1610/3009/1610
f 935/2531/935 1398/3168/1398 1694/3167/1694
f 1695/3169/1695 1610/3016/1610 1519/2783/1519
f 1695/3170/1695 1693/3166/1693 1610/3009/1610
f 1696/3171/1696 1518/3172/1518 1611/3173/1611
f 1389/3000/1389 1518/3172/1518 1697/3174/1697
f 1698/3175/1698 932/1553/932 1399/2536/1399
f 1612/3018/1612 1401/2789/1401 940/2538/940
f 1698/3175/1698 1524/2795/1524 932/1553/932
f 1313/2351/1313 1403/2791/1403 1699/3176/1699
f 1529/2803/1529 1403/2544/1403 1228/2162/1228
f 1405/2547/1405 1528/2802/1528 1146/2548/1146
f 1527/2801/1527 1229/2168/1229 1315/2354/1315
f 1316/2356/1316 1232/2358/1232 1528/2802/1528
f 1315/2354/1315 1231/2355/1231 1407/3177/1407
f 1614/3178/1614 1407/2551/1407 1148/2361/1148
f 1700/3179/1700 1409/2553/1409 1410/2555/1410
f 1616/3024/1616 1235/2186/1235 1409/3180/1409
f 1701/3181/1701 1411/2556/1411 1233/2179/1233
f 1413/2559/1413 1530/3182/1530 975/1931/975
f 1236/2187/1236 1318/2364/1318 1615/3183/1615
f 1702/3184/1702 1617/3025/1617 1412/2558/1412
f 1532/2812/1532 1237/2190/1237 1156/1934/1156
f 1703/3185/1703 1318/2364/1318 1163/1955/1163
f 1703/3185/1703 1163/1955/1163 1704/3186/1704
f 1705/3187/1705 1418/2568/1418 1237/2190/1237
f 1704/3186/1704 1163/1955/1163 1164/1958/1164
f 1705/3188/1705 1706/3189/1706 1418/3190/1418
f 1707/3191/1707 1417/3192/1417 1416/3193/1416
f 1416/3194/1416 1324/3031/1324 1708/3195/1708
f 1418/3196/1418 1709/3197/1709 1321/3198/1321
f 1324/3031/1324 1621/3033/1621 1708/3195/1708
f 1709/3199/1709 1620/3200/1620 1321/3201/1321
f 1709/3199/1709 1325/3202/1325 1620/3200/1620
f 1623/3035/1623 1172/1995/1172 1423/2577/1423
f 1710/3203/1710 1241/2201/1241 1424/2578/1424
f 1710/3203/1710 1624/3037/1624 1241/2201/1241
f 1711/3204/1711 1242/3205/1242 1329/3206/1329
f 1539/3207/1539 1245/2583/1245 1712/3208/1712
f 1540/3209/1540 1541/2306/1541 1330/3210/1330
f 1712/3208/1712 1245/2583/1245 1425/2582/1425
f 1538/2827/1538 1243/2208/1243 1426/3211/1426
f 1540/3212/1540 1246/3213/1246 1713/3214/1713
f 1714/3215/1714 1542/2838/1542 1331/2830/1331
f 1246/2212/1246 1176/2009/1176 1713/3216/1713
f 1176/2009/1176 1543/2842/1543 1713/3216/1713
f 1332/3217/1332 1433/3218/1433 1431/3219/1431
f 1428/3220/1428 1429/3221/1429 1334/3222/1334
f 1715/3223/1715 1436/2847/1436 1434/2609/1434
f 1432/2601/1432 1544/2846/1544 1716/3224/1716
f 1716/3224/1716 1544/2846/1544 1717/3225/1717
f 1717/3226/1717 1544/3227/1544 1545/3228/1545
f 1718/633/1718 1334/2391/1334 1249/2217/1249
f 1247/3229/1247 1546/3230/1546 656/3231/656
f 1248/3232/1248 1719/3233/1719 1337/3234/1337
f 1720/3235/1720 1180/2404/1180 1337/2398/1337
f 1339/3236/1339 1340/2407/1340 802/2409/802
f 1256/3237/1256 1721/3238/1721 1345/3239/1345
f 1722/3240/1722 1439/3241/1439 1548/3242/1548
f 1723/3243/1723 1440/2626/1440 1081/1735/1081
f 1548/2857/1548 1342/2416/1342 1724/3244/1724
f 1725/3245/1725 1188/2059/1188 1354/2443/1354
f 1345/2420/1345 1726/3246/1726 1257/2230/1257
f 1724/3244/1724 1342/2416/1342 1352/2440/1352
f 1727/3247/1727 1349/3248/1349 1185/3054/1185
f 1629/3056/1629 1727/3247/1727 1185/3054/1185
f 1629/3249/1629 1350/2628/1350 1441/2627/1441
f 1628/3250/1628 813/3251/813 1630/3252/1630
f 1442/3253/1442 1630/3059/1630 813/3254/813
f 1727/3255/1727 1444/2863/1444 1349/2862/1349
f 1727/3247/1727 1629/3056/1629 1444/3256/1444
f 1632/3061/1632 1444/2634/1444 1728/3257/1728
f 1729/3258/1729 1443/2637/1443 1445/2636/1445
f 1633/3064/1633 1730/3259/1730 1092/3065/1092
f 1550/3260/1550 1261/2870/1261 1731/3261/1731
f 1731/3261/1731 1261/2870/1261 1551/2869/1551
f 1634/3066/1634 1093/2057/1093 1092/1776/1092
f 1732/3262/1732 1638/3074/1638 1733/3263/1733
f 1734/3264/1734 1446/2641/1446 1634/3066/1634
f 1732/3262/1732 1735/3265/1735 1638/3074/1638
f 1631/3060/1631 1642/3078/1642 1447/2642/1447
f 1733/3263/1733 1638/3074/1638 1452/2649/1452
f 1726/3246/1726 1639/3075/1639 1356/2446/1356
f 1734/3264/1734 1736/3266/1736 1446/2641/1446
f 1737/3267/1737 1556/2880/1556 1738/3268/1738
f 1733/3269/1733 1452/3270/1452 1640/3271/1640
f 1446/3272/1446 1736/3273/1736 1353/3274/1353
f 1738/3268/1738 1739/3275/1739 1740/3276/1740
f 1740/3276/1740 1739/3275/1739 1741/3277/1741
f 1635/3278/1635 1552/3279/1552 1263/3280/1263
f 1742/3281/1742 816/1362/816 1353/3282/1353
f 1647/3084/1647 1638/3074/1638 1743/3283/1743
f 1744/3284/1744 1636/3072/1636 1189/2063/1189
f 1556/2880/1556 1643/3080/1643 1738/3268/1738
f 1744/3284/1744 1189/2063/1189 1554/3285/1554
f 1553/3286/1553 1449/2646/1449 1096/1785/1096
f 1647/3084/1647 1559/2885/1559 1638/3074/1638
f 1637/3287/1637 1355/2644/1355 1745/3288/1745
f 1745/3288/1745 1355/2644/1355 1448/2645/1448
f 1640/3271/1640 820/3289/820 1746/3290/1746
f 1745/3288/1745 1448/2645/1448 1648/3085/1648
f 1746/3291/1746 820/3292/820 1747/3293/1747
f 1747/3294/1747 820/1795/820 707/1167/707
f 555/975/555 480/785/480 1266/3295/1266
f 1648/3085/1648 1448/2645/1448 1264/2244/1264
f 1748/3296/1748 1647/3084/1647 1749/3297/1749
f 1649/3087/1649 1643/3080/1643 1562/2895/1562
f 1748/3296/1748 1270/2896/1270 1647/3084/1647
f 1191/2897/1191 1649/3087/1649 1562/2895/1562
f 1649/3087/1649 1651/3089/1651 1750/3298/1750
f 1267/2247/1267 1563/2898/1563 1190/2069/1190
f 1751/3299/1751 1270/2896/1270 1748/3296/1748
f 1751/3299/1751 1456/3093/1456 1270/2896/1270
f 1648/3085/1648 1272/2254/1272 1564/2899/1564
f 1650/3088/1650 1565/3086/1565 1752/3300/1752
f 1455/2658/1455 1564/2899/1564 1275/2259/1275
f 1751/3051/1751 1455/3092/1455 1456/2662/1456
f 1752/3301/1752 1565/2906/1565 1454/2907/1454
f 1453/2654/1453 1274/2257/1274 1457/2666/1457
f 1567/3302/1567 1753/3303/1753 1458/3304/1458
f 1754/3305/1754 1460/2671/1460 1359/2459/1359
f 1653/3096/1653 1755/3306/1755 1461/2673/1461
f 1756/3307/1756 1754/3308/1754 1359/3309/1359
f 1755/3310/1755 1358/3311/1358 1461/3312/1461
f 1757/3313/1757 1197/3100/1197 1358/3311/1358
f 1459/3314/1459 1279/3315/1279 1758/3316/1758
f 1359/3309/1359 1195/3317/1195 1759/3318/1759
f 1757/3319/1757 1655/3320/1655 1197/3321/1197
f 1759/3318/1759 1195/3317/1195 1658/3322/1658
f 1760/3323/1760 1278/2269/1278 1458/2668/1458
f 718/3324/718 1656/3325/1656 1361/3326/1361
f 1571/2915/1571 1281/2278/1281 1761/3327/1761
f 1278/2269/1278 1762/3328/1762 1282/2279/1282
f 1762/3328/1762 849/2280/849 1282/2279/1282
f 1762/3329/1762 1572/2916/1572 849/1414/849
f 1462/2677/1462 1763/3330/1763 1660/3109/1660
f 1281/2278/1281 1662/3113/1662 1761/3327/1761
f 1110/1824/1110 1660/3109/1660 1464/2679/1464
f 1574/3331/1574 1764/3332/1764 1465/2298/1465
f 1362/2468/1362 1765/3333/1765 1766/3334/1766
f 1766/3335/1766 1573/3336/1573 1362/3337/1362
f 1362/2468/1362 1284/2284/1284 1765/3333/1765
f 1201/2101/1201 1664/3116/1664 1662/3113/1662
f 1767/3338/1767 1203/2105/1203 1465/2680/1465
f 1768/3339/1768 1574/2918/1574 1363/2469/1363
f 1466/2683/1466 1769/3340/1769 1366/2473/1366
f 1363/3341/1363 1367/3342/1367 1770/2164/1770
f 1769/3340/1769 1468/2687/1468 1366/2473/1366
f 1367/3343/1367 1575/3126/1575 1770/3344/1770
f 1575/3126/1575 1670/3125/1670 1770/3344/1770
f 1669/3345/1669 1670/3125/1670 1578/3346/1578
f 1470/2694/1470 1288/2695/1288 1771/3347/1771
f 1771/3348/1771 1672/3349/1672 1576/3350/1576
f 1670/3125/1670 1772/3351/1772 1578/3346/1578
f 1771/3348/1771 1288/3352/1288 1674/3353/1674
f 1578/2931/1578 1772/3354/1772 1579/2932/1579
f 1210/3133/1210 1678/3355/1678 1673/3356/1673
f 483/792/483 732/1201/732 1773/3357/1773
f 1774/3358/1774 483/792/483 1773/3357/1773
f 1475/3359/1475 1775/3360/1775 1582/3361/1582
f 1475/3362/1475 1477/3137/1477 1775/3363/1775
f 1477/3137/1477 1676/3136/1676 1776/3364/1776
f 1777/3365/1777 1473/2701/1473 1581/3366/1581
f 1778/3367/1778 1480/2939/1480 1582/2938/1582
f 1471/3368/1471 1672/3349/1672 1680/3145/1680
f 1287/3122/1287 1483/3369/1483 1668/3123/1668
f 1480/2939/1480 1778/3367/1778 1586/3370/1586
f 1481/2943/1481 1584/2944/1584 1676/3136/1676
f 879/1458/879 1779/3371/1779 641/1072/641
f 1482/2945/1482 1677/3138/1677 1585/2946/1585
f 1484/3372/1484 1780/3373/1780 1678/3355/1678
f 1668/3123/1668 1483/3369/1483 1781/3374/1781
f 1583/2942/1583 1486/2718/1486 1782/3375/1782
f 1671/3376/1671 1783/3377/1783 1373/3378/1373
f 1783/3379/1783 1784/3380/1784 1373/2494/1373
f 1373/2494/1373 1784/3380/1784 1491/2723/1491
f 1782/3375/1782 1486/2718/1486 1682/3150/1682
f 1589/2954/1589 1379/2496/1379 1785/3381/1785
f 1591/2957/1591 1785/3382/1785 1379/2958/1379
f 1590/2959/1590 1786/3383/1786 1219/2142/1219
f 1590/3384/1590 1787/3385/1787 1786/3386/1786
f 1130/1870/1130 1494/2731/1494 1296/2312/1296
f 1484/3372/1484 1303/3387/1303 1780/3373/1780
f 1492/2728/1492 1596/2968/1596 1788/3388/1788
f 1376/2717/1376 1597/2975/1597 1682/3150/1682
f 1299/2317/1299 1495/2732/1495 1298/2315/1298
f 1493/3389/1493 1131/3390/1131 1305/3391/1305
f 1789/3392/1789 1686/3154/1686 1306/2331/1306
f 1790/3393/1790 643/3394/643 1791/3395/1791
f 1599/3396/1599 1792/3397/1792 924/3398/924
f 924/3156/924 1792/3399/1792 1136/1887/1136
f 1304/3400/1304 1604/2989/1604 1510/2988/1510
f 643/3394/643 1603/3401/1603 1791/3395/1791
f 1301/2320/1301 1793/3274/1793 1390/2741/1390
f 739/1519/739 1308/3402/1308 1501/2745/1501
f 1685/3153/1685 1507/2974/1507 1607/3001/1607
f 1386/2516/1386 1137/1894/1137 735/1893/735
f 1386/2516/1386 1688/3403/1688 1137/1894/1137
f 1793/3274/1793 1391/3404/1391 1390/2741/1390
f 1508/3405/1508 1794/3406/1794 1795/3407/1795
f 1509/3408/1509 1794/3406/1794 1508/3405/1508
f 1509/2990/1509 1604/2989/1604 1794/3409/1794
f 1519/3007/1519 1605/3006/1605 1796/3410/1796
f 1389/3000/1389 1697/3174/1697 1607/3001/1607
f 1696/3411/1696 1611/3013/1611 1797/3412/1797
f 938/1550/938 1613/3019/1613 936/1551/936
f 1519/3413/1519 1796/3414/1796 1695/3170/1695
f 1518/3172/1518 1696/3171/1696 1697/3174/1697
f 938/1550/938 937/2545/937 1613/3019/1613
f 1313/2351/1313 1699/3176/1699 1314/2352/1314
f 1521/2787/1521 1798/1011/1798 1522/2792/1522
f 1522/3415/1522 1798/3416/1798 1525/3417/1525
f 1233/3418/1233 1408/3419/1408 1701/3420/1701
f 1408/2552/1408 1234/2182/1234 1799/3421/1799
f 1616/3024/1616 1409/3180/1409 1800/3422/1800
f 1700/3179/1700 1410/2555/1410 1530/2809/1530
f 1234/2182/1234 1615/3183/1615 1799/3421/1799
f 1801/3423/1801 1802/3424/1802 1803/3425/1803
f 1531/2810/1531 1411/2556/1411 1701/3181/1701
f 1616/3426/1616 1801/3423/1801 1412/3427/1412
f 1530/3182/1530 1413/2559/1413 1804/3428/1804
f 1801/3423/1801 1805/3429/1805 1412/3427/1412
f 1801/3423/1801 1803/3425/1803 1806/3430/1806
f 1412/3427/1412 1805/3429/1805 1702/3431/1702
f 1615/3432/1615 1807/3433/1807 1808/3434/1808
f 1801/3423/1801 1809/3435/1809 1805/3429/1805
f 1806/3430/1806 1809/3435/1809 1801/3423/1801
f 1615/3432/1615 1318/3436/1318 1810/3437/1810
f 1615/3432/1615 1810/3437/1810 1807/3433/1807
f 1702/3431/1702 1805/3429/1805 1811/3438/1811
f 1702/3431/1702 1811/3438/1811 1617/3439/1617
f 1237/3440/1237 1532/3441/1532 1705/3188/1705
f 1805/3429/1805 1809/3435/1809 1811/3438/1811
f 1812/3442/1812 1319/2815/1319 1533/2814/1533
f 1320/2563/1320 1813/3443/1813 1619/3028/1619
f 1705/3188/1705 1814/3444/1814 1706/3189/1706
f 1164/1958/1164 1815/3445/1815 1704/3186/1704
f 1618/3446/1618 1815/3447/1815 1164/3448/1164
f 1533/3449/1533 1322/3450/1322 1816/3451/1816
f 1619/3028/1619 1817/3452/1817 1323/3029/1323
f 1416/3453/1416 1708/3454/1708 1707/3455/1707
f 1818/3456/1818 1326/3457/1326 1319/3458/1319
f 1819/3459/1819 1320/3460/1320 1325/3461/1325
f 1816/3451/1816 1322/3450/1322 1534/3462/1534
f 1817/3463/1817 1420/2574/1420 1323/2371/1323
f 1621/3033/1621 1326/3032/1326 1708/3195/1708
f 1818/3456/1818 1820/3464/1820 1326/3457/1326
f 1708/3465/1708 1326/3466/1326 1820/3467/1820
f 1819/3459/1819 1821/3468/1821 1822/3469/1822
f 1819/3459/1819 1823/3470/1823 1821/3468/1821
f 1824/3471/1824 1823/3470/1823 1819/3459/1819
f 1534/3462/1534 1536/3472/1536 1537/3473/1537
f 1818/3456/1818 1825/3474/1825 1826/3475/1826
f 1623/3035/1623 1423/2577/1423 1827/3476/1827
f 1827/3476/1827 1423/2577/1423 1624/3037/1624
f 1828/3477/1828 1240/3478/1240 1422/3479/1422
f 1828/3480/1828 1829/3481/1829 1240/3482/1240
f 1329/3483/1329 1240/3484/1240 1829/3485/1829
f 1830/3486/1830 1710/3203/1710 1424/2578/1424
f 1831/3487/1831 1541/3488/1541 1540/3489/1540
f 1832/3490/1832 1714/3215/1714 1539/2829/1539
f 1833/3491/1833 1714/3215/1714 1832/3490/1832
f 1426/3211/1426 1834/3492/1834 1538/2827/1538
f 1539/2829/1539 1714/3215/1714 1331/2830/1331
f 1833/3491/1833 1540/3489/1540 1714/3215/1714
f 1540/3489/1540 1713/3216/1713 1714/3215/1714
f 1714/3215/1714 1713/3216/1713 1542/2838/1542
f 1713/3216/1713 1543/2842/1543 1835/3493/1835
f 1431/3494/1431 1836/3495/1836 1332/3496/1332
f 1431/3497/1431 1432/3498/1432 1836/3499/1836
f 1716/3500/1716 1836/3499/1836 1432/3498/1432
f 1428/3220/1428 1715/3501/1715 1434/3502/1434
f 1428/3220/1428 1334/3222/1334 1837/3503/1837
f 1334/3222/1334 1718/3504/1718 1837/3503/1837
f 1838/3505/1838 1430/2843/1430 1438/3506/1438
f 1719/3233/1719 1248/3232/1248 1332/3507/1332
f 1335/3508/1335 1436/3509/1436 1715/3510/1715
f 1249/2403/1249 1338/2402/1338 1718/3511/1718
f 1718/3511/1718 1338/2402/1338 1839/3512/1839
f 1839/3512/1839 1338/2402/1338 1179/2033/1179
f 1840/3513/1840 1337/2436/1337 1719/3514/1719
f 1720/3515/1720 1337/3516/1337 1840/3517/1840
f 1841/3518/1841 1179/2613/1179 1254/2226/1254
f 1842/3519/1842 1339/2405/1339 1180/2035/1180
f 1336/3520/1336 1251/3521/1251 1253/3522/1253
f 1843/3523/1843 1254/3524/1254 1255/3525/1255
f 1843/3526/1843 1255/3527/1255 1844/3528/1844
f 1844/3529/1844 1255/2227/1255 1437/2617/1437
f 1845/3530/1845 1253/3522/1253 1439/3241/1439
f 1844/3531/1844 1437/2621/1437 1846/3532/1846
f 1845/3530/1845 1439/3241/1439 1722/3240/1722
f 1437/2621/1437 1341/2411/1341 1846/3532/1846
f 1847/3533/1847 1721/3238/1721 1256/3237/1256
f 1846/3534/1846 1549/3535/1549 1848/3536/1848
f 1846/3537/1846 1849/3538/1849 1549/3539/1549
f 1722/3240/1722 1548/3242/1548 1721/3238/1721
f 1846/3537/1846 1341/3540/1341 1849/3538/1849
f 1341/3540/1341 1183/3541/1183 1849/3538/1849
f 1725/3542/1725 1183/3541/1183 1188/3543/1188
f 1850/3544/1850 1345/3545/1345 1721/3546/1721
f 1851/3547/1851 1343/2418/1343 1549/2858/1549
f 1852/3548/1852 1725/3549/1725 1354/3550/1354
f 1853/3551/1853 1343/3552/1343 1851/3553/1851
f 1854/3554/1854 1726/3555/1726 1345/3556/1345
f 1855/3557/1855 1724/3558/1724 1352/3559/1352
f 1853/3560/1853 1631/3060/1631 1343/2418/1343
f 1442/3253/1442 1351/3057/1351 1630/3059/1630
f 1855/3561/1855 1352/3562/1352 1856/3563/1856
f 1630/3564/1630 1443/3565/1443 1857/3566/1857
f 1857/3567/1857 1443/3568/1443 1729/3569/1729
f 1732/3262/1732 1733/3263/1733 1858/3570/1858
f 1856/3563/1856 1352/3562/1352 1859/3571/1859
f 1726/3246/1726 1356/2446/1356 1257/2230/1257
f 1634/3572/1634 1092/3573/1092 1730/3574/1730
f 1638/3074/1638 1735/3265/1735 1743/3283/1743
f 1740/3575/1740 1741/3576/1741 1737/3577/1737
f 1737/3267/1737 1738/3268/1738 1740/3276/1740
f 1558/2883/1558 1557/2882/1557 1556/3578/1556
f 1859/3579/1859 1352/3580/1352 1637/3581/1637
f 1736/3273/1736 1860/3582/1860 1353/3274/1353
f 1635/3583/1635 1263/2366/1263 1861/3584/1861
f 1860/3585/1860 1742/3586/1742 1353/3587/1353
f 1742/3281/1742 1862/3588/1862 816/1362/816
f 1639/3075/1639 1863/3589/1863 1553/2875/1553
f 1864/3590/1864 1865/3591/1865 1749/3297/1749
f 1749/3297/1749 1647/3084/1647 1743/3283/1743
f 1866/3592/1866 1867/3593/1867 1868/3594/1868
f 555/943/555 1869/3595/1869 1263/2243/1263
f 1738/3268/1738 1870/3596/1870 1866/3592/1866
f 1642/3597/1642 1871/3598/1871 1560/3599/1560
f 1865/3591/1865 1748/3296/1748 1749/3297/1749
f 1738/3268/1738 1643/3080/1643 1870/3596/1870
f 1558/2883/1558 1561/3600/1561 1099/3601/1099
f 1265/2245/1265 1646/3083/1646 1554/2878/1554
f 1866/3592/1866 1870/3596/1870 1872/3602/1872
f 1865/3591/1865 1873/3603/1873 1748/3296/1748
f 1747/3294/1747 707/1167/707 1874/3604/1874
f 1643/3080/1643 1750/3298/1750 1870/3596/1870
f 707/1167/707 1098/2652/1098 1874/3604/1874
f 1874/3604/1874 1098/2652/1098 1875/3605/1875
f 555/975/555 1266/3295/1266 1876/3606/1876
f 1750/3298/1750 1877/3607/1877 1870/3596/1870
f 1267/2247/1267 1644/3081/1644 1878/3608/1878
f 1873/3603/1873 1879/3609/1879 1748/3296/1748
f 1643/3080/1643 1649/3087/1649 1750/3298/1750
f 1748/3296/1748 1879/3609/1879 1751/3299/1751
f 1880/3610/1880 1451/3611/1451 1645/3612/1645
f 1750/3298/1750 1881/3613/1881 1877/3607/1877
f 1750/3298/1750 1651/3089/1651 1881/3613/1881
f 1646/3083/1646 1453/2654/1453 1882/3614/1882
f 1651/3089/1651 1650/3088/1650 1881/3613/1881
f 1880/3610/1880 1652/3615/1652 1451/3611/1451
f 1883/3616/1883 1751/3299/1751 1879/3609/1879
f 1267/3617/1267 1884/3618/1884 1563/3619/1563
f 1564/3620/1564 1885/3621/1885 1648/3622/1648
f 1650/3088/1650 1752/3300/1752 1886/3623/1886
f 1884/3618/1884 1887/3624/1887 1453/3625/1453
f 1752/3300/1752 1888/3626/1888 1886/3623/1886
f 1564/3620/1564 1455/3627/1455 1885/3621/1885
f 1455/3628/1455 1751/3629/1751 1889/3630/1889
f 1890/3631/1890 1751/3051/1891 1455/3092/1892
f 1752/3301/1752 1454/2907/1454 1888/3632/1888
f 1454/3633/1454 1563/3619/1563 1891/3634/1893
f 1457/3635/1457 1884/3618/1884 1453/3625/1453
f 1454/3636/1454 1892/3637/1894 1888/3638/1888
f 1455/3627/1455 1893/3639/1895 1885/3621/1885
f 1889/3640/1889 1893/3641/1895 1455/3642/1455
f 1457/3635/1457 1459/3314/1459 1758/3316/1758
f 1458/3643/1458 1753/3644/1753 1894/3645/1896
f 1754/3646/1754 1654/3097/1654 1460/2676/1460
f 1757/3313/1757 1358/3311/1358 1755/3310/1755
f 1756/3307/1756 1359/3309/1359 1759/3318/1759
f 1196/2085/1196 1895/3647/1897 1653/3096/1653
f 1458/3648/1458 1894/3649/1896 1760/3650/1760
f 1196/2085/1196 1568/2911/1568 1895/3647/1897
f 1279/3315/1279 1896/3651/1898 1758/3316/1758
f 1759/3652/1759 1658/3653/1658 1897/3654/1899
f 714/1180/714 1657/3102/1657 1568/2911/1568
f 1278/2269/1278 1760/3323/1760 1762/3328/1762
f 1279/3315/1279 1570/3655/1570 1896/3651/1898
f 1897/3656/1899 1658/3657/1658 1898/3658/1900
f 1361/3659/1361 1656/3660/1656 1659/3661/1659
f 1569/2912/1569 1899/3662/1901 1111/1825/1111
f 1462/2677/1462 1659/3663/1659 1763/3330/1763
f 1111/1825/1111 1899/3662/1901 1663/3114/1663
f 1200/3664/1200 1661/3665/1661 1570/3666/1570
f 1898/3658/1900 1658/3657/1658 1900/3667/1902
f 1661/3112/1661 1463/3111/1463 1901/3668/1903
f 1900/3667/1902 1658/3657/1658 1668/3123/1668
f 1465/2680/1465 1764/3669/1764 1767/3338/1767
f 1573/2919/1573 1766/3670/1766 1665/3117/1665
f 1658/3657/1658 1283/3121/1283 1668/3123/1668
f 1463/3111/1463 1902/3671/1904 1901/3668/1903
f 1463/2678/1463 1365/2472/1365 1902/3672/1904
f 1119/1848/1119 1903/3673/1905 1284/2284/1284
f 1663/3674/1663 1904/3675/1906 1371/3676/1371
f 1905/3677/1907 1576/3350/1576 1364/3678/1364
f 1576/3350/1576 1905/3677/1907 1906/3679/1908
f 1906/3680/1908 1905/3681/1907 1667/3120/1667
f 1667/3120/1667 1905/3681/1907 1666/3118/1666
f 1770/3344/1770 1670/3125/1670 1468/3682/1468
f 1576/3350/1576 1906/3679/1908 1771/3348/1771
f 1468/3682/1468 1670/3125/1670 1669/3345/1669
f 1906/3679/1908 1470/3683/1470 1771/3348/1771
f 1667/3684/1667 1470/3683/1470 1906/3679/1908
f 1900/3667/1902 1671/3376/1671 1572/3685/1572
f 1670/3125/1670 1673/3356/1673 1772/3351/1772
f 1904/3675/1906 1587/3686/1587 1371/3676/1371
f 1674/3353/1674 1672/3349/1672 1771/3348/1771
f 483/792/483 1774/3358/1774 1121/1851/1121
f 1477/3137/1477 1776/3364/1776 1775/3363/1775
f 1473/2701/1473 1777/3365/1777 1474/2702/1474
f 1907/3687/1909 1902/3671/1904 1589/3688/1589
f 1580/2934/1580 1474/2933/1474 1677/3138/1677
f 1772/3351/1772 1908/3689/1910 1579/3690/1579
f 732/1201/732 1295/2307/1295 1773/3357/1773
f 1674/3353/1674 1675/3691/1675 1909/3692/1911
f 1902/3671/1904 1365/3693/1365 1589/3688/1589
f 1675/3691/1675 1372/3694/1372 1909/3692/1911
f 1579/3690/1579 1908/3689/1910 1679/3695/1679
f 1581/3139/1581 1583/2942/1583 1910/3696/1912
f 1372/3694/1372 1681/3697/1681 1909/3692/1911
f 1779/3371/1779 1488/2720/1488 641/1072/641
f 1911/3698/1913 1588/3699/1588 1586/3700/1586
f 1584/3701/1584 1492/3702/1492 1788/3703/1788
f 1589/3688/1589 1785/3704/1785 1907/3687/1909
f 1784/3705/1784 1912/3706/1914 1491/3707/1491
f 1488/2720/1488 1913/3708/1915 1220/2143/1220
f 1378/2495/1378 1296/2312/1296 1914/3709/1916
f 1587/3686/1587 1907/3687/1909 1595/3710/1595
f 1781/3374/1781 1483/3369/1483 1915/3711/1917
f 1912/3712/1914 1590/2956/1590 1491/2955/1491
f 1912/3713/1914 1787/3714/1787 1590/3715/1590
f 1785/3382/1785 1591/2957/1591 1916/3716/1918
f 1380/3717/1380 1493/3718/1493 1681/3697/1681
f 1916/3719/1918 1591/2961/1591 1382/2502/1382
f 1681/3697/1681 1493/3718/1493 1917/3720/1919
f 1483/3369/1483 1300/3721/1300 1915/3711/1917
f 1917/3720/1919 1493/3718/1493 1305/3722/1305
f 1221/3723/1221 1793/3724/1793 1301/3725/1301
f 1682/3150/1682 1597/2975/1597 1918/3726/1920
f 1919/3727/1921 1304/2326/1304 733/1202/733
f 1918/3726/1920 1597/2975/1597 1685/3153/1685
f 1919/3727/1921 1920/3728/1922 1304/2326/1304
f 1921/3729/1923 1497/2735/1497 1598/2971/1598
f 1780/3373/1780 1303/3387/1303 1395/3730/1395
f 1788/3731/1788 1596/2972/1596 1508/2761/1508
f 1495/3732/1495 1499/3733/1499 1922/3734/1924
f 1923/3735/1925 1601/3736/1601 1387/2517/1387
f 1387/2517/1387 1688/3157/1688 1923/3735/1925
f 1306/2982/1306 1503/2755/1503 1789/3737/1789
f 1304/3400/1304 1920/3738/1922 1924/3739/1926
f 1136/1887/1136 1925/3740/1927 1500/3741/1500
f 1385/2513/1385 1689/3742/1689 1600/2978/1600
f 1304/3400/1304 1924/3739/1926 1604/2989/1604
f 1500/3163/1500 1925/3743/1927 1692/3162/1692
f 1599/2977/1599 1690/3159/1690 1792/3744/1792
f 1310/2987/1310 1689/3158/1689 1926/3745/1928
f 1497/2735/1497 1921/3729/1923 1691/3160/1691
f 1601/3746/1601 1515/3747/1515 1602/3748/1602
f 1499/3733/1499 1394/3749/1394 1515/3747/1515
f 1684/3152/1684 1927/3750/1929 1605/3006/1605
f 1692/3162/1692 1928/3751/1930 1502/3012/1502
f 1502/3012/1502 1928/3751/1930 1611/3013/1611
f 1690/3159/1690 1693/3166/1693 1929/3752/1931
f 1611/3013/1611 1928/3751/1930 1930/3753/1932
f 1930/3753/1932 1797/3412/1797 1611/3013/1611
f 1931/3754/1933 1695/3170/1695 1796/3414/1796
f 1695/3170/1695 1931/3754/1933 1693/3166/1693
f 1932/3755/1934 1400/2784/1400 1311/2347/1311
f 1613/3019/1613 1608/3756/1608 936/1551/936
f 1520/3757/1520 1401/3758/1401 1933/3759/1935
f 1521/3760/1521 1520/3757/1520 1933/3759/1935
f 1933/3761/1935 1798/1011/1798 1521/2787/1521
f 1524/3762/1524 1405/3763/1405 1402/3764/1402
f 1699/3765/1699 1403/3766/1403 1405/3763/1405
f 1934/3767/1936 1403/2544/1403 1529/2803/1529
f 1529/3768/1529 1406/3769/1406 1934/3770/1936
f 1525/2797/1525 1798/3771/1798 1614/3020/1614
f 1526/3772/1526 1527/3773/1527 1315/3774/1315
f 1614/3775/1614 1315/3774/1315 1407/3776/1407
f 1528/3777/1528 1934/3770/1936 1316/3778/1316
f 1934/3770/1936 1406/3769/1406 1316/3778/1316
f 1409/3779/1409 1700/3780/1700 1800/3781/1800
f 1799/3782/1799 1808/3783/1808 1408/3784/1408
f 1700/3780/1700 1935/3785/1937 1800/3781/1800
f 1700/3780/1700 1804/3786/1804 1935/3785/1937
f 1808/3434/1808 1701/3420/1701 1408/3419/1408
f 1800/3781/1800 1935/3785/1937 1802/3424/1802
f 1700/3780/1700 1530/3787/1530 1804/3786/1804
f 1802/3424/1802 1935/3785/1937 1936/3788/1938
f 1935/3785/1937 1804/3786/1804 1937/3789/1939
f 1800/3781/1800 1801/3423/1801 1616/3426/1616
f 1935/3785/1937 1937/3789/1939 1936/3788/1938
f 1802/3424/1802 1801/3423/1801 1800/3781/1800
f 1802/3424/1802 1936/3788/1938 1803/3425/1803
f 1531/3790/1531 1701/3420/1701 1938/3791/1940
f 1701/3420/1701 1939/3792/1941 1938/3791/1940
f 1615/3432/1615 1808/3434/1808 1799/3793/1799
f 1936/3788/1938 1937/3789/1939 1803/3425/1803
f 1804/3786/1804 1940/3794/1942 1937/3789/1939
f 1937/3789/1939 1940/3794/1942 1941/3795/1943
f 1701/3420/1701 1807/3433/1807 1939/3792/1941
f 1808/3434/1808 1807/3433/1807 1701/3420/1701
f 1937/3789/1939 1941/3795/1943 1803/3425/1803
f 1803/3796/1803 1942/3797/1944 1806/3798/1806
f 1938/3791/1940 1943/3799/1945 1531/3790/1531
f 1806/3430/1806 1942/3800/1944 1944/3801/1946
f 1531/3790/1531 1943/3799/1945 1317/3802/1317
f 1803/3425/1803 1941/3795/1943 1942/3800/1944
f 1940/3794/1942 1945/3803/1947 1941/3795/1943
f 1940/3794/1942 1804/3786/1804 1945/3803/1947
f 1804/3786/1804 1413/3804/1413 1946/3805/1948
f 1804/3786/1804 1946/3805/1948 1945/3803/1947
f 1939/3792/1941 1947/3806/1949 1938/3791/1940
f 1942/3800/1944 1941/3795/1943 1948/3807/1950
f 1944/3801/1946 1942/3800/1944 1948/3807/1950
f 1941/3795/1943 1949/3808/1951 1948/3807/1950
f 1532/2812/1532 1317/2362/1317 1943/3809/1945
f 1941/3795/1943 1945/3803/1947 1949/3808/1951
f 1947/3806/1949 1943/3799/1945 1938/3791/1940
f 1413/3804/1413 1414/3810/1414 1946/3805/1948
f 1945/3803/1947 1950/3811/1952 1949/3808/1951
f 1944/3801/1946 1809/3435/1809 1806/3430/1806
f 1944/3801/1946 1948/3807/1950 1809/3435/1809
f 1945/3803/1947 1946/3805/1948 1950/3811/1952
f 1943/3799/1945 1705/3188/1705 1532/3441/1532
f 1948/3807/1950 1951/3812/1953 1809/3435/1809
f 1948/3807/1950 1952/3813/1954 1951/3812/1953
f 1948/3807/1950 1949/3808/1951 1952/3813/1954
f 1953/3814/1955 1939/3792/1941 1807/3433/1807
f 1950/3811/1952 1952/3813/1954 1949/3808/1951
f 1939/3792/1941 1953/3814/1955 1947/3806/1949
f 1950/3811/1952 1946/3805/1948 1952/3813/1954
f 1414/2561/1414 1415/2562/1415 1946/3815/1948
f 1943/3799/1945 1947/3806/1949 1705/3188/1705
f 1946/3805/1948 1954/3816/1956 1952/3813/1954
f 1946/3815/1948 1415/2562/1415 1954/3817/1956
f 1955/3818/1957 1809/3435/1809 1951/3812/1953
f 1415/2562/1415 1417/2567/1417 1954/3817/1956
f 1951/3812/1953 1952/3813/1954 1955/3818/1957
f 1807/3433/1807 1956/3819/1958 1953/3814/1955
f 1809/3435/1809 1955/3818/1957 1957/3820/1959
f 1954/3816/1956 1417/3192/1417 1952/3813/1954
f 1953/3814/1955 1958/3821/1960 1947/3806/1949
f 1953/3814/1955 1956/3819/1958 1958/3821/1960
f 1811/3438/1811 1957/3820/1959 1617/3439/1617
f 1809/3435/1809 1957/3820/1959 1811/3438/1811
f 1952/3813/1954 1959/3822/1961 1955/3818/1957
f 1958/3821/1960 1814/3444/1814 1947/3806/1949
f 1810/3437/1810 1956/3819/1958 1807/3433/1807
f 1814/3444/1814 1705/3188/1705 1947/3806/1949
f 1810/3437/1810 1960/3823/1962 1956/3819/1958
f 1318/3436/1318 1960/3823/1962 1810/3437/1810
f 1318/2364/1318 1961/3824/1963 1960/3825/1962
f 1318/2364/1318 1703/3185/1703 1961/3824/1963
f 1703/3185/1703 1704/3186/1704 1961/3824/1963
f 1617/3027/1617 1962/3826/1964 1618/3026/1618
f 1959/3822/1961 1957/3820/1959 1955/3818/1957
f 1952/3813/1954 1417/3192/1417 1963/3827/1965
f 1814/3828/1814 1958/3829/1960 1964/3830/1966
f 1964/3831/1966 1958/3832/1960 1960/3833/1962
f 1960/3022/1962 1958/3834/1960 1956/3835/1958
f 1965/3836/1967 1617/3027/1617 1957/3837/1959
f 1965/3836/1967 1957/3837/1959 1966/3838/1968
f 1966/3839/1968 1957/3820/1959 1959/3822/1961
f 1952/3813/1954 1963/3827/1965 1959/3822/1961
f 1814/3828/1814 1964/3830/1966 1706/3840/1706
f 1706/3840/1706 1964/3830/1966 1967/3841/1969
f 1959/3842/1961 1968/3843/1970 1966/3844/1968
f 1963/3845/1965 1968/3846/1970 1959/3847/1961
f 1707/3848/1707 1968/3846/1970 1963/3845/1965
f 1619/3849/1619 1813/3850/1813 1817/3851/1817
f 1963/3827/1965 1417/3192/1417 1707/3191/1707
f 1533/3449/1533 1816/3451/1816 1812/3852/1812
f 1822/3469/1822 1817/3851/1817 1813/3850/1813
f 1320/3853/1320 1819/3854/1819 1813/3855/1813
f 1812/3856/1812 1969/3857/1971 1319/3858/1319
f 1819/3459/1819 1822/3469/1822 1813/3850/1813
f 1709/3859/1709 1418/3860/1418 1706/3861/1706
f 1319/3458/1319 1969/3862/1971 1818/3456/1818
f 1812/3852/1812 1970/3863/1972 1969/3862/1971
f 1812/3852/1812 1816/3451/1816 1970/3863/1972
f 1816/3451/1816 1534/3462/1534 1537/3473/1537
f 1969/3862/1971 1970/3863/1972 1818/3456/1818
f 1325/3461/1325 1824/3471/1824 1819/3459/1819
f 1824/3864/1824 1325/3865/1325 1709/3866/1709
f 1816/3451/1816 1971/3867/1973 1970/3863/1972
f 1816/3451/1816 1537/3473/1537 1971/3867/1973
f 1970/3863/1972 1825/3474/1825 1818/3456/1818
f 1821/3468/1821 1972/3868/1974 1817/3851/1817
f 1822/3469/1822 1821/3468/1821 1817/3851/1817
f 1820/3464/1820 1818/3456/1818 1826/3475/1826
f 1970/3863/1972 1971/3867/1973 1825/3474/1825
f 1971/3867/1973 1537/3473/1537 1973/3869/1975
f 1817/3851/1817 1622/3870/1622 1420/3871/1420
f 1824/3864/1824 1974/3872/1976 1823/3873/1823
f 1826/3874/1826 1975/3875/1977 1820/3467/1820
f 1971/3867/1973 1973/3869/1975 1825/3474/1825
f 1420/3871/1420 1622/3870/1622 1328/3876/1328
f 1817/3851/1817 1972/3868/1974 1622/3870/1622
f 1972/3868/1974 1976/3877/1978 1622/3870/1622
f 1826/3874/1826 1977/3878/1979 1975/3875/1977
f 1821/3468/1821 1978/3879/1980 1972/3868/1974
f 1823/3470/1823 1978/3879/1980 1821/3468/1821
f 1979/3880/1981 1980/3881/1982 1823/3882/1823
f 1977/3883/1979 1981/3884/1983 1982/3885/1984
f 1826/3886/1826 1981/3884/1983 1977/3883/1979
f 1825/3474/1825 1983/3887/1985 1826/3475/1826
f 1825/3474/1825 1973/3869/1975 1983/3887/1985
f 1973/3869/1975 1537/3473/1537 1983/3887/1985
f 1823/3888/1823 1980/3889/1982 1978/3884/1980
f 1826/3475/1826 1983/3887/1985 1981/3890/1983
f 1972/3868/1974 1978/3879/1980 1976/3877/1978
f 1537/3473/1537 1981/3890/1983 1983/3887/1985
f 1537/3473/1537 1623/3891/1623 1981/3890/1983
f 1976/3877/1978 1978/3879/1980 1622/3870/1622
f 1537/3473/1537 1421/3892/1421 1623/3891/1623
f 1981/3893/1983 1984/3894/1986 1982/3895/1984
f 1985/3896/1987 1986/3897/1988 1978/3879/1980
f 1623/3891/1623 1827/3898/1827 1981/3890/1983
f 1984/3899/1986 1987/3900/1989 1988/3901/1990
f 1981/3902/1983 1987/3900/1989 1984/3899/1986
f 1985/3896/1987 1829/3903/1829 1986/3897/1988
f 1981/3890/1983 1827/3898/1827 1987/3904/1989
f 1622/3870/1622 1828/3477/1828 1422/3479/1422
f 1978/3879/1980 1828/3477/1828 1622/3870/1622
f 1986/3897/1988 1828/3477/1828 1978/3879/1980
f 1987/3904/1989 1827/3898/1827 1710/3905/1710
f 1986/3897/1988 1829/3903/1829 1828/3477/1828
f 1987/3904/1989 1710/3905/1710 1988/3906/1990
f 1827/3898/1827 1624/3907/1624 1710/3905/1710
f 1989/3908/1991 1833/3491/1833 1832/3490/1832
f 1990/3909/1992 1833/3491/1833 1989/3908/1991
f 1832/3910/1832 1539/3207/1539 1712/3208/1712
f 1833/3911/1833 1831/3912/1831 1540/3913/1540
f 1538/2827/1538 1834/3492/1834 1424/2578/1424
f 1424/2578/1424 1834/3492/1834 1830/3486/1830
f 1711/3914/1711 1625/3039/1625 1242/3038/1242
f 1625/3915/1625 1712/3916/1712 1425/3917/1425
f 1426/3211/1426 1541/3042/1541 1834/3492/1834
f 1716/3500/1716 1719/3233/1719 1836/3499/1836
f 1836/3499/1836 1719/3233/1719 1332/3507/1332
f 1428/3220/1428 1837/3503/1837 1715/3501/1715
f 1626/3918/1626 1335/3919/1335 1247/3920/1247
f 1333/2390/1333 1991/3921/1993 1545/2849/1545
f 1435/3922/1435 1991/3921/1993 1333/2390/1333
f 1335/3923/1335 1992/3924/1994 1247/3925/1247
f 1717/3926/1717 1719/3233/1719 1716/3500/1716
f 1247/3927/1247 1992/3928/1994 1546/3929/1546
f 1435/3930/1435 1336/3520/1336 1993/3931/1995
f 1335/3932/1335 1715/3501/1715 1992/3928/1994
f 1991/3921/1993 1717/3933/1717 1545/2849/1545
f 1991/3934/1993 1993/3931/1995 1717/3926/1717
f 1837/3503/1837 1718/3504/1718 1715/3501/1715
f 1715/3501/1715 1546/3929/1546 1992/3928/1994
f 1179/2033/1179 1841/3935/1841 1839/3512/1839
f 1720/3235/1720 1842/3936/1842 1180/2404/1180
f 1840/3937/1840 1994/3938/1996 1720/3939/1720
f 1840/3513/1840 1719/3514/1719 1994/3940/1996
f 1993/3941/1995 1336/3942/1336 1845/1810/1845
f 1250/2221/1250 1546/2854/1546 1995/3943/1997
f 1842/3519/1842 1994/3944/1996 1339/2405/1339
f 1719/3233/1719 1339/3945/1339 1994/3946/1996
f 1717/3926/1717 1339/3945/1339 1719/3233/1719
f 1717/3926/1717 1722/3240/1722 1339/3945/1339
f 1336/3520/1336 1253/3522/1253 1845/3530/1845
f 1250/2221/1250 1995/3943/1997 1181/2037/1181
f 1715/3501/1715 1848/3947/1848 1546/3929/1546
f 1718/3504/1718 1843/3523/1843 1715/3501/1715
f 1340/2407/1340 1339/3236/1339 1996/3948/1998
f 1339/3945/1339 1722/3240/1722 1996/3949/1998
f 1181/2620/1181 1995/3950/1997 1549/2858/1549
f 1995/3951/1997 1848/3947/1848 1549/3952/1549
f 1546/3929/1546 1848/3947/1848 1995/3951/1997
f 1996/3948/1998 1627/3953/1627 1340/2407/1340
f 1717/3926/1717 1993/3931/1995 1722/3240/1722
f 1547/3954/1547 1997/3955/1999 1723/3956/1723
f 1993/3931/1995 1845/3530/1845 1722/3240/1722
f 1843/3523/1843 1846/3957/1846 1715/3501/1715
f 1843/1779/1843 1844/3958/1844 1846/3959/1846
f 1715/3501/1715 1846/3957/1846 1848/3947/1848
f 1722/3240/1722 1847/3533/1847 1996/3949/1998
f 1847/3533/1847 1722/3240/1722 1721/3238/1721
f 1723/3243/1723 1081/1735/1081 1547/2855/1547
f 1438/3506/1438 1182/3960/1182 1998/3961/2000
f 1548/3242/1548 1850/3962/1850 1721/3238/1721
f 1548/3242/1548 1724/3963/1724 1850/3962/1850
f 1183/3541/1183 1725/3542/1725 1849/3538/1849
f 1998/3961/2000 1182/3960/1182 1348/3964/1348
f 1854/3965/1854 1345/3545/1345 1850/3544/1850
f 1851/3966/1851 1999/3967/2001 1853/3968/1853
f 1999/3967/2001 2000/3969/2002 1853/3968/1853
f 2001/3970/2003 1735/3971/2004 1724/3972/2005
f 1724/3973/1724 1735/3265/1735 1858/3570/1858
f 1999/3967/2001 2002/3974/2006 2000/3969/2002
f 1853/3975/1853 2003/3976/2007 2004/3977/2008
f 1440/2859/1440 2005/3978/2009 1441/2627/1441
f 1853/3979/1853 2004/3980/2008 1631/3341/1631
f 2006/3981/2010 2002/3974/2006 1999/3967/2001
f 1628/3982/1628 1630/3983/1630 2007/3984/2011
f 1999/3967/2001 1737/3267/1737 2006/3981/2010
f 1854/3554/1854 2008/3985/2012 1726/3555/1726
f 1632/3061/1632 2009/3986/2013 1633/3062/1633
f 1632/3061/1632 1728/3257/1728 2009/3986/2013
f 2006/3981/2010 2010/3987/2014 2002/3974/2006
f 2002/3974/2006 2010/3987/2014 2011/3988/2015
f 1858/3570/1858 1735/3265/1735 1732/3262/1732
f 1444/3989/1444 2012/3990/2016 1728/3991/1728
f 2013/3992/2017 1857/3567/1857 1729/3569/1729
f 2011/3988/2015 2010/3987/2014 2014/3993/2018
f 1735/3265/1735 2015/3994/2019 2016/3995/2020
f 2017/3996/2021 1731/3261/1731 1551/2869/1551
f 2006/3981/2010 2018/3997/2022 2010/3987/2014
f 2006/3981/2010 1737/3267/1737 2018/3997/2022
f 1551/2869/1551 2019/3998/2023 2017/3996/2021
f 2016/3995/2020 1864/3590/1864 1735/3265/1735
f 2020/3999/2024 1734/4000/1734 2021/4001/2025
f 2021/4002/2025 1734/4003/1734 2022/4004/2026
f 1634/3066/1634 2022/4005/2026 1734/3264/1734
f 1551/4006/1551 2023/4007/2027 2019/4008/2023
f 1735/3265/1735 1864/3590/1864 1743/3283/1743
f 1551/4006/1551 2024/4009/2028 2023/4007/2027
f 1551/4010/1551 1635/4011/1635 2024/4012/2028
f 2018/3997/2022 1868/3594/1868 2010/3987/2014
f 2010/3987/2014 1868/3594/1868 2014/3993/2018
f 1736/1051/1736 1734/4000/1734 2020/3999/2024
f 1741/4013/1741 2018/4014/2022 1737/4015/1737
f 1631/4016/1631 2025/4017/2029 1642/4018/1642
f 1726/3555/1726 2008/3985/2012 1639/4019/1639
f 1864/3590/1864 1749/3297/1749 1743/3283/1743
f 2026/4020/2030 1736/3273/1736 2020/4021/2024
f 1635/4011/1635 2027/4022/2031 2024/4012/2028
f 1556/3578/1556 1737/4023/1737 1558/2883/1558
f 1741/3277/1741 1739/3275/1739 2018/3997/2022
f 1635/4011/1635 1861/4024/1861 2027/4022/2031
f 1733/3269/1733 1640/3271/1640 2028/4025/2032
f 1263/4026/1263 2029/4027/2033 1861/4028/1861
f 1739/3275/1739 1738/3268/1738 2018/3997/2022
f 1354/3550/1354 1636/4029/1636 2025/4017/2029
f 2016/3995/2020 1865/3591/1865 1864/3590/1864
f 1859/3579/1859 1637/3581/1637 1639/4019/1639
f 2030/4030/2034 2031/4031/2035 2016/3995/2020
f 2016/3995/2020 2031/4031/2035 1865/3591/1865
f 2029/4027/2033 1263/4026/1263 2032/4032/2036
f 2018/3997/2022 1866/3592/1866 1868/3594/1868
f 1636/4029/1636 1871/4033/1871 2025/4017/2029
f 1866/3592/1866 2018/3997/2022 1738/3268/1738
f 2033/4034/2037 1868/3594/1868 1867/3593/1867
f 2033/4034/2037 2034/4035/2038 2035/4036/2039
f 2025/4017/2029 1871/4033/1871 1642/4018/1642
f 1636/4037/1636 2036/4038/2040 1871/4039/1871
f 1636/3072/1636 1744/3284/1744 2036/4040/2040
f 816/1362/816 1862/3588/1862 1641/3077/1641
f 1553/2875/1553 1863/3589/1863 1449/4041/1449
f 2037/4042/2041 1873/3603/1873 2031/4031/2035
f 1263/2243/1263 1869/3595/1869 2032/4043/2036
f 2036/4044/2040 1560/4045/1560 1871/4046/1871
f 1637/3287/1637 2038/4047/2042 1639/4048/1639
f 2037/4042/2041 1879/3609/1879 1873/3603/1873
f 1865/3591/1865 2031/4031/2035 1873/3603/1873
f 1745/3288/1745 2038/4047/2042 1637/3287/1637
f 1866/3592/1866 2034/4035/2038 1867/3593/1867
f 1866/3592/1866 1872/3602/1872 2034/4035/2038
f 1450/2647/1450 1449/2646/1449 1880/4049/1880
f 2034/4035/2038 2039/4050/2043 2040/4051/2044
f 1646/3083/1646 1882/3614/1882 1554/2878/1554
f 1098/4052/1098 2041/4053/2045 1875/4054/1875
f 1872/3602/1872 1877/3607/1877 2034/4035/2038
f 1450/2647/1450 1880/4049/1880 1645/3082/1645
f 1877/3607/1877 1872/3602/1872 1870/3596/1870
f 555/4055/555 1876/4056/1876 1869/4057/1869
f 1877/3607/1877 2039/4050/2043 2034/4035/2038
f 1877/3607/1877 1881/3613/1881 2039/4050/2043
f 1745/4058/1745 1648/3622/1648 1880/3610/1880
f 2042/4059/2046 1883/3616/1883 1879/3609/1879
f 1878/4060/1878 1882/4061/1882 1887/3624/1887
f 1453/3625/1453 1887/3624/1887 1882/4061/1882
f 1878/4060/1878 1884/3618/1884 1267/3617/1267
f 1878/4060/1878 1887/3624/1887 1884/3618/1884
f 1648/3622/1648 1885/3621/1885 1880/3610/1880
f 1881/3613/1881 1650/3088/1650 1886/3623/1886
f 1880/3610/1880 1566/4062/1566 1652/3615/1652
f 1880/3610/1880 1885/3621/1885 1566/4062/1566
f 1884/3618/1884 1891/3634/1893 1563/3619/1563
f 1888/3638/1888 2043/4063/2047 1886/4064/1886
f 1884/3618/1884 1457/3635/1457 1891/3634/1893
f 1885/3621/1885 1567/4065/1567 1566/4062/1566
f 1457/3635/1457 2044/4066/2048 1891/3634/1893
f 1889/4067/1889 2045/4068/2049 1893/3639/1895
f 1454/4069/1454 2046/4070/2050 1892/4071/1894
f 1891/3634/1893 2044/4066/2048 1757/3313/1757
f 1885/3621/1885 1759/3318/1759 1567/4065/1567
f 1454/3633/1454 1757/3313/1757 2046/4072/2050
f 1891/3634/1893 1757/3313/1757 1454/3633/1454
f 1567/4073/1567 1759/4074/1759 1753/4075/1753
f 1885/3621/1885 1893/3639/1895 1759/3318/1759
f 2044/4066/2048 1457/3635/1457 1758/3316/1758
f 2045/4068/2049 1756/3307/1756 1893/3639/1895
f 2045/4068/2049 1754/3308/1754 1756/3307/1756
f 2044/4066/2048 1758/3316/1758 1757/3313/1757
f 1756/3307/1756 1759/3318/1759 1893/3639/1895
f 1757/3313/1757 1755/3310/1755 2046/4072/2050
f 1753/4076/1753 1759/4077/1759 1894/3649/1896
f 1757/3313/1757 1758/3316/1758 1655/3098/1655
f 1895/4078/1897 2047/4079/2051 1653/4080/1653
f 1758/3316/1758 2048/4081/2052 1655/3098/1655
f 1894/3649/1896 1759/4077/1759 1897/3656/1899
f 1894/3649/1896 1897/3656/1899 1760/3650/1760
f 2048/4081/2052 1569/3099/1569 1655/3098/1655
f 2048/4081/2052 1899/4082/1901 1569/3099/1569
f 1760/3650/1760 1897/3656/1899 1898/3658/1900
f 1659/3661/1659 1656/3660/1656 2049/4083/2053
f 2049/4084/2053 2050/4085/2054 1659/4086/1659
f 1571/4087/1571 2051/4088/2055 1280/4089/1280
f 1571/4087/1571 1761/4090/1761 2051/4088/2055
f 2050/4085/2054 1763/4091/1763 1659/4086/1659
f 1761/4090/1761 2052/4092/2056 2053/4093/2057
f 1896/3651/1898 1570/3655/1570 1661/3112/1661
f 1572/3685/1572 1762/4094/1762 1900/3667/1902
f 1898/3658/1900 1900/3667/1902 1762/4094/1762
f 1663/3674/1663 1899/4082/1901 1901/3668/1903
f 1899/4082/1901 1661/3112/1661 1901/3668/1903
f 1761/3327/1761 1662/3113/1662 2052/4095/2056
f 1764/4096/1764 2054/4097/2058 2055/4098/2059
f 2056/4099/2060 2057/4100/2061 1766/4101/1766
f 1764/3669/1764 2055/4102/2059 1767/3338/1767
f 2054/4103/2058 1764/4104/1764 2058/4105/2062
f 1766/3334/1766 1765/3333/1765 2056/4106/2060
f 1574/2918/1574 1768/3339/1768 1764/4107/1764
f 1764/4104/1764 1768/4108/1768 2058/4105/2062
f 1766/4101/1766 2057/4100/2061 1665/4109/1665
f 1464/2679/1464 2059/4110/2063 1466/2681/1466
f 1767/3338/1767 2060/4111/2064 1203/2105/1203
f 1203/2105/1203 2060/4111/2064 631/1062/631
f 1284/2284/1284 1903/3673/1905 1765/3333/1765
f 1467/4112/1467 2061/4113/2065 1664/4114/1664
f 1466/4115/1466 2062/4116/2066 1769/4117/1769
f 1467/2685/1467 1666/3118/1666 2061/4118/2065
f 1770/4119/1770 1768/3339/1768 1363/2469/1363
f 1665/3117/1665 2063/4120/2067 1364/2471/1364
f 1769/4117/1769 2064/4121/2068 1468/3682/1468
f 1364/3678/1364 2063/4122/2067 1905/3677/1907
f 1901/3668/1903 1904/3675/1906 1663/3674/1663
f 1468/3682/1468 2064/4121/2068 1770/3344/1770
f 1119/1848/1119 2065/4123/2069 1903/3673/1905
f 1901/3668/1903 1907/3687/1909 1904/3675/1906
f 1900/3667/1902 1668/3123/1668 1781/3374/1781
f 1121/1851/1121 2066/4124/2070 1119/1848/1119
f 1900/3667/1902 1781/3374/1781 1671/3376/1671
f 1904/3675/1906 1907/3687/1909 1587/3686/1587
f 1121/1851/1121 1774/3358/1774 2066/4124/2070
f 1772/3351/1772 1673/3356/1673 1908/3689/1910
f 1902/3671/1904 1907/3687/1909 1901/3668/1903
f 1674/3353/1674 1909/3692/1911 1672/3349/1672
f 1474/2933/1474 2067/4125/2071 1677/3138/1677
f 1777/4126/1777 2067/4127/2071 1474/4128/1474
f 1673/3356/1673 1678/3355/1678 1908/3689/1910
f 1582/4129/1582 1775/4130/1775 1778/4131/1778
f 1777/4126/1777 1581/4132/1581 1910/4133/1912
f 1776/4134/1776 1676/4135/1676 2068/4136/2072
f 1671/3376/1671 1781/3374/1781 1783/3377/1783
f 1217/2137/1217 2069/4137/2073 1295/2307/1295
f 2070/4138/2074 1586/3370/1586 1778/3367/1778
f 1583/2942/1583 1782/3375/1782 1910/3696/1912
f 2068/4139/2072 1676/3136/1676 1584/2944/1584
f 1672/3349/1672 1909/3692/1911 1680/3145/1680
f 1678/3355/1678 1780/3373/1780 1908/3689/1910
f 1677/3138/1677 2071/4140/2075 1585/2946/1585
f 1679/3695/1679 1908/3689/1910 1377/4141/1377
f 1908/3689/1910 1780/3373/1780 1377/4141/1377
f 1680/3145/1680 1909/3692/1911 1681/3697/1681
f 1782/3375/1782 1682/3150/1682 1918/3726/1920
f 1781/3374/1781 1915/3711/1917 1783/3377/1783
f 1915/3711/1917 1784/3705/1784 1783/3377/1783
f 1585/4142/1585 2072/4143/2076 1598/4144/1598
f 1907/3687/1909 1785/3704/1785 2073/4145/2077
f 1784/3705/1784 1222/4146/1222 1789/4147/1789
f 1784/3705/1784 1915/3711/1917 1222/4146/1222
f 1784/3705/1784 1789/4147/1789 1912/3706/1914
f 1913/3708/1915 1683/3151/1683 1220/2143/1220
f 1907/3687/1909 2074/4148/2078 2075/4149/2079
f 2073/4145/2077 2074/4148/2078 1907/3687/1909
f 1911/4150/1913 2076/4151/2080 1588/2953/1588
f 1907/4152/1909 2075/4153/2079 1595/4154/1595
f 1681/3697/1681 1917/3720/1919 1680/3145/1680
f 1680/3145/1680 1917/3720/1919 1487/3146/1487
f 2074/4148/2078 2077/4155/2081 2075/4149/2079
f 1916/4156/1918 2074/4148/2078 1785/3704/1785
f 1219/2142/1219 1786/3383/1786 1593/2962/1593
f 1912/3706/1914 1789/4147/1789 1787/4157/1787
f 1786/3383/1786 1221/4158/1221 1593/2962/1593
f 1377/4159/1377 1689/4160/1689 1594/4161/1594
f 1780/3373/1780 1689/4162/1689 1377/4141/1377
f 1382/4163/1382 1297/4164/1297 1298/4165/1298
f 1787/4157/1787 1789/4147/1789 1793/3724/1793
f 2076/4151/2080 1592/2960/1592 1588/2953/1588
f 1919/3727/1921 733/1202/733 1683/3151/1683
f 1298/4165/1298 1495/3732/1495 1922/3734/1924
f 1300/2319/1300 1302/2323/1302 1915/4166/1917
f 1780/3373/1780 1395/3730/1395 1689/4162/1689
f 1918/3726/1920 1685/3153/1685 2078/4167/2082
f 2075/4149/2079 1384/4168/1384 1595/3710/1595
f 2077/4155/2081 1384/4168/1384 2075/4149/2079
f 1915/3711/1917 1302/4169/1302 1222/4146/1222
f 1395/3730/1395 1606/4170/1606 1689/4162/1689
f 2076/4151/2080 1684/3152/1684 1592/2960/1592
f 1494/2731/1494 643/1074/643 2079/4171/2083
f 1922/3734/1924 2074/4148/2078 1916/4156/1918
f 1789/4147/1789 1222/4146/1222 2080/4172/2084
f 1305/3722/1305 2081/4173/2085 1917/3720/1919
f 1922/3734/1924 2082/4174/2086 2074/4148/2078
f 1793/3724/1793 1789/4147/1789 2083/4175/2087
f 1689/4176/1689 2084/4177/2088 1594/4178/1594
f 1487/3146/1487 1698/4179/1698 2085/4180/2089
f 1487/3146/1487 1917/3720/1919 1698/4179/1698
f 1789/4181/1789 2080/4182/2084 2086/4183/2090
f 1222/4146/1222 1501/4184/1501 2080/4172/2084
f 1917/3720/1919 2081/4173/2085 2087/4185/2091
f 2074/4148/2078 1601/3746/1601 2077/4155/2081
f 2077/4155/2081 1601/3746/1601 1923/4186/1925
f 2082/4174/2086 1601/3746/1601 2074/4148/2078
f 1789/4187/1789 1687/4188/1687 1686/4189/1686
f 1789/4147/1789 2086/4190/2090 1687/4191/1687
f 2086/4190/2090 2080/4172/2084 1687/4191/1687
f 1606/4170/1606 1523/4192/1523 1689/4162/1689
f 1383/4193/1383 1487/3146/1487 2085/4180/2089
f 1383/4193/1383 2085/4180/2089 1309/4194/1309
f 1594/2965/1594 2084/4195/2088 1385/2966/1385
f 1788/4196/1788 1508/3405/1508 1795/3407/1795
f 1922/3734/1924 1515/3747/1515 2082/4174/2086
f 1793/3724/1793 2083/4175/2087 1391/4197/1391
f 1385/2513/1385 2084/4198/2088 1689/3742/1689
f 1305/3722/1305 1307/4199/1307 2081/4173/2085
f 1501/2745/1501 1308/3402/1308 1687/4200/1687
f 2081/4173/2085 1307/4199/1307 2087/4185/2091
f 2082/4174/2086 1515/3747/1515 1601/3746/1601
f 1922/3734/1924 1499/3733/1499 1515/3747/1515
f 1789/4147/1789 1503/4201/1503 2083/4175/2087
f 1928/3751/1930 1692/3162/1692 1925/3743/1927
f 1603/3401/1603 1506/2994/1506 1791/3395/1791
f 2083/4175/2087 1503/4201/1503 1516/4202/1516
f 1795/3407/1795 1794/3406/1794 2088/4203/2092
f 1506/2994/1506 1691/3164/1691 1791/3395/1791
f 2083/4175/2087 1516/4202/1516 1391/4197/1391
f 1926/3745/1928 1517/4204/1517 1310/2987/1310
f 1792/4205/1792 1690/4206/1690 1929/4207/1931
f 2085/4180/2089 1698/4179/1698 2089/4208/2093
f 1917/3720/1919 2090/4209/2094 1698/4179/1698
f 2087/4185/2091 2090/4209/2094 1917/3720/1919
f 2087/4185/2091 2091/4210/2095 2090/4209/2094
f 2091/4211/2095 1512/4212/1512 1396/4213/1396
f 1689/4162/1689 1523/4192/1523 2092/4214/2096
f 2085/4215/2089 2089/4216/2093 1397/4217/1397
f 2091/4218/2095 1396/2532/1396 1694/3167/1694
f 1517/4219/1517 2092/4214/2096 1311/4220/1311
f 2092/4214/2096 1523/4192/1523 1311/4220/1311
f 1605/3006/1605 2093/4221/2097 1796/3410/1796
f 1927/3750/1929 2093/4221/2097 1605/3006/1605
f 1606/4222/1606 2094/4223/2098 1523/4224/1523
f 2090/4209/2094 1694/4225/1694 1398/4226/1398
f 1931/3754/1933 1929/3752/1931 1693/3166/1693
f 1311/4220/1311 1523/4192/1523 1933/3759/1935
f 1796/4227/1796 2093/4228/2097 1931/4229/1933
f 1696/4230/1696 1797/4231/1797 1697/4232/1697
f 2090/4209/2094 2095/4233/2099 1698/4179/1698
f 2090/4209/2094 2096/4234/2100 2095/4233/2099
f 1613/4235/1613 2094/4236/2098 1608/4237/1608
f 1398/2535/1398 1312/3017/1312 2097/4238/2101
f 1523/4239/1523 2094/4236/2098 1613/4235/1613
f 2096/4234/2100 1699/3765/1699 2095/4233/2099
f 2095/4233/2099 1699/3765/1699 1698/4179/1698
f 1699/3765/1699 1524/3762/1524 1698/4179/1698
f 1314/2352/1314 1699/3176/1699 2098/4240/2102
f 1314/2352/1314 2098/4240/2102 1312/2350/1312
f 1699/3765/1699 1405/3763/1405 1524/3762/1524
f 1523/4192/1523 1526/3772/1526 1933/3759/1935
f 1523/4192/1523 1404/4241/1404 1526/3772/1526
f 1933/3759/1935 1526/3772/1526 1798/4242/1798
f 1405/3763/1405 1403/3766/1403 1934/3770/1936
f 1405/3763/1405 1934/3770/1936 1528/3777/1528
f 1526/3772/1526 1315/3774/1315 1798/4242/1798
f 1798/4242/1798 1315/3774/1315 1614/3775/1614
f 1967/4243/1969 1964/4244/1966 1960/3825/1962
f 1960/3825/1962 1961/3824/1963 2099/4245/2103
f 1962/3826/1964 1617/3027/1617 1965/3836/1967
f 2100/4246/2104 1965/3836/1967 1966/3838/1968
f 2100/4246/2104 1966/3838/1968 2101/4247/2105
f 1966/3838/1968 1968/4248/1970 2101/4247/2105
f 1704/4249/1704 1815/4250/1815 2102/1497/2106
f 1708/3465/1708 1820/3467/1820 2103/4251/2107
f 1820/3467/1820 1975/3875/1977 2103/4251/2107
f 1977/3878/1979 2104/4252/2108 1975/3875/1977
f 1823/3873/1823 2105/4253/2109 1979/4254/1981
f 1979/4255/1981 2105/4256/2109 1980/4257/1982
f 1977/3883/1979 1982/3885/1984 2104/4258/2108
f 1982/3885/1984 2106/4259/2110 2104/4258/2108
f 1980/4260/1982 2107/4261/2111 1978/4262/1980
f 1984/3899/1986 2108/4263/2112 1982/4264/1984
f 1982/4264/1984 2108/4263/2112 2106/4265/2110
f 1978/4262/1980 2107/4261/2111 1985/4266/1987
f 1985/4266/1987 2109/4267/2113 1829/3485/1829
f 1990/4268/1992 2110/4269/2114 1833/1748/1833
f 1988/4270/1990 1710/4271/1710 2111/4272/2115
f 1329/3483/1329 1829/3485/1829 2112/4273/2116
f 1710/3203/1710 1830/3486/1830 2111/4274/2115
f 1329/3483/1329 2112/4273/2116 1711/4275/1711
f 1713/3216/1713 1835/3493/1835 1542/2838/1542
f 1547/3954/1547 1427/2588/1427 2113/4276/2117
f 1543/2842/1543 1430/2843/1430 2114/4277/2118
f 1547/3954/1547 2115/4278/2119 1997/3955/1999
f 1435/3930/1435 1993/3931/1995 1991/3934/1993
f 1839/4279/1839 1841/4280/1841 1718/3504/1718
f 1838/3505/1838 1438/3506/1438 2116/4281/2120
f 1718/3504/1718 1841/4280/1841 1843/3523/1843
f 1843/3523/1843 1841/4280/1841 1254/3524/1254
f 1627/4282/1627 1996/3949/1998 1256/3237/1256
f 1256/3237/1256 1996/3949/1998 1847/3533/1847
f 1723/3956/1723 2117/4283/2121 1440/4284/1440
f 1849/3538/1849 1725/3542/1725 1549/3539/1549
f 1549/3539/1549 1725/3542/1725 1851/4285/1851
f 2118/4286/2122 2119/4287/2123 2120/4288/2124
f 1725/4289/1725 2121/4290/2125 2122/4291/2126
f 2123/4292/2127 2124/4293/2128 2121/4294/2125
f 1725/4295/1725 2123/4296/2127 2121/4297/2125
f 2118/4286/2122 2125/4298/2129 2119/4287/2123
f 1998/3961/2000 1348/3964/1348 2126/4299/2130
f 1850/3544/1850 2125/4300/2129 1854/3965/1854
f 2119/4287/2123 2125/4298/2129 1850/4301/1850
f 1850/3962/1850 1724/3963/1724 2119/4302/2123
f 1725/4303/1725 1999/3967/2001 1851/3966/1851
f 2122/4291/2126 1999/4304/2001 1725/4289/1725
f 2123/4305/2127 1725/4306/1725 2124/4307/2128
f 1854/4308/1854 2125/4309/2129 2127/4310/2131
f 1725/4311/1725 2128/4312/2132 2124/4313/2128
f 1725/3549/1725 2003/3976/2007 2128/4314/2132
f 1725/3549/1725 1852/3548/1852 2003/3976/2007
f 1724/3973/1724 2129/4315/2133 1735/3265/1735
f 1853/3968/1853 2000/3969/2002 2130/4316/2134
f 1854/4317/1854 2127/4318/2131 2131/4319/2135
f 2127/4310/2131 2132/4320/2136 2133/4321/2137
f 2128/4314/2132 2003/3976/2007 2130/4322/2134
f 2133/4323/2137 1855/4324/1855 2127/4318/2131
f 1855/4325/1855 2129/4326/2133 1724/4327/1724
f 2133/4328/2137 2129/4329/2133 1855/4330/1855
f 1348/4331/1348 1628/4332/1628 2126/1499/2130
f 1853/4333/1853 2130/4334/2134 2003/4335/2007
f 2127/4318/2131 1855/4324/1855 2131/4319/2135
f 2002/3974/2006 2130/4316/2134 2000/3969/2002
f 2003/4336/2138 2130/4337/2139 2134/4338/2140
f 2002/3974/2006 2135/4339/2141 2130/4316/2134
f 1852/3548/1852 2004/3977/2008 2003/3976/2007
f 1856/4340/1856 2131/4319/2135 1855/4324/1855
f 2130/4316/2134 2135/4339/2141 2136/4341/2142
f 1854/4342/1854 2131/4343/2135 2137/1271/2143
f 2004/4344/2008 1852/4345/1852 2138/4346/2144
f 1441/4347/1441 2005/4348/2009 2139/4349/2145
f 1852/3548/1852 2140/4350/2146 2141/4351/2147
f 2142/4352/2148 2131/4353/2135 1856/4354/1856
f 2142/4352/2148 1856/4354/1856 2143/4355/2149
f 2011/3988/2015 2135/4339/2141 2002/3974/2006
f 2004/4344/2008 2138/4346/2144 2144/4356/2150
f 2137/4357/2143 2145/4358/2151 2008/3985/2012
f 1854/3554/1854 2137/4357/2143 2008/3985/2012
f 1441/4347/1441 2139/4349/2145 1629/4359/1629
f 2004/4360/2008 2144/4361/2150 1631/4362/1631
f 2146/4363/2152 2147/4364/2153 2148/4365/2154
f 2148/4366/2154 2149/4367/2155 2146/4368/2152
f 2129/4315/2133 2015/3994/2019 1735/3265/1735
f 1857/3567/1857 2007/3984/2011 1630/3983/1630
f 2144/4369/2150 2147/4370/2153 1631/4371/1631
f 2150/4372/2156 1856/4373/1856 2151/4374/2157
f 2150/4375/2156 2152/4376/2158 1856/4377/1856
f 1856/4354/1856 2152/4378/2158 2143/4355/2149
f 1729/3258/1729 1445/2636/1445 2013/4379/2017
f 1445/4380/1445 2153/4381/2159 2013/4382/2017
f 2146/4383/2152 1631/4384/1631 2147/4097/2153
f 2151/4374/2157 2145/4358/2151 2154/4385/2160
f 2151/4374/2157 1856/4373/1856 2145/4358/2151
f 2140/4350/2146 1852/3548/1852 2155/4386/2161
f 1852/3548/1852 1354/3550/1354 2155/4386/2161
f 1629/4387/1629 2012/4388/2016 1444/4389/1444
f 1550/897/1550 2153/4390/2159 1445/2948/1445
f 2146/4391/2152 2155/4386/2161 1631/4016/1631
f 2140/4392/2146 2155/4393/2161 2146/4394/2152
f 1633/3062/1633 2009/3986/2013 1730/4395/1730
f 2155/4386/2161 2025/4017/2029 1631/4016/1631
f 1731/4396/1731 2017/4397/2021 1550/4398/1550
f 2014/3993/2018 2135/4339/2141 2011/3988/2015
f 2156/4399/2162 2152/4400/2158 2037/4042/2041
f 1730/3574/1730 2157/4401/2163 1634/3572/1634
f 2158/4402/2164 2159/4403/2165 2160/4404/2166
f 1354/3550/1354 2025/4017/2029 2155/4386/2161
f 2015/3994/2019 2030/4030/2034 2016/3995/2020
f 2152/4376/2158 2161/4405/2167 2037/4406/2041
f 2020/4407/2024 2021/4408/2025 2162/4409/2168
f 2014/3993/2018 2163/4410/2169 2135/4339/2141
f 2164/4411/2170 2135/4339/2141 2163/4410/2169
f 2162/4412/2168 2026/4020/2030 2020/4021/2024
f 1868/3594/1868 2163/4410/2169 2014/3993/2018
f 2135/4339/2141 2164/4411/2170 2160/4404/2166
f 2024/4413/2028 2027/4414/2031 2165/4415/2171
f 2164/4411/2170 2035/4036/2039 2160/4404/2166
f 2008/3985/2012 1859/3579/1859 1639/4019/1639
f 2166/4416/2172 1736/3273/1736 2026/4020/2030
f 1736/3273/1736 2166/4416/2172 1860/3582/1860
f 2033/4034/2037 2163/4410/2169 1868/3594/1868
f 2163/4410/2169 2033/4034/2037 2164/4411/2170
f 2161/4417/2167 2167/4418/2173 2037/4042/2041
f 1861/4028/1861 2029/4027/2033 2168/4419/2174
f 2033/4034/2037 2035/4036/2039 2164/4411/2170
f 2037/4042/2041 2031/4031/2035 2169/4420/2175
f 2169/4420/2175 2031/4031/2035 2030/4030/2034
f 1742/4421/1742 2170/4422/2176 1862/4423/1862
f 2171/4424/2177 2029/2580/2033 2032/4425/2036
f 2167/4418/2173 2172/4426/2178 2042/4059/2046
f 2173/4427/2179 2035/4036/2039 2174/4428/2180
f 1640/3271/1640 1746/3290/1746 2028/4025/2032
f 2034/4035/2038 2033/4034/2037 1867/3593/1867
f 2035/4036/2039 2034/4035/2038 2174/4428/2180
f 2175/4429/2181 2174/4428/2180 2176/4430/2182
f 1561/3600/1561 1558/2883/1558 2177/4431/2183
f 2037/4042/2041 2167/4418/2173 1879/3609/1879
f 2034/4035/2038 2040/4051/2044 2174/4428/2180
f 1744/4432/1744 1554/4433/1554 2036/4434/2040
f 2040/4051/2044 2176/4430/2182 2174/4428/2180
f 2036/4434/2040 1554/4433/1554 1882/4061/1882
f 2167/4418/2173 2042/4059/2046 1879/3609/1879
f 1641/3077/1641 2041/4435/2045 1098/2065/1098
f 1561/4436/1561 2177/4437/2183 2178/4438/2184
f 2040/4051/2044 2039/4050/2043 2176/4430/2182
f 1746/4439/1746 1747/3294/1747 2179/4440/2185
f 2038/4441/2042 1745/4058/1745 1880/3610/1880
f 2180/4442/2186 2181/4443/2187 2042/4444/2046
f 1878/4060/1878 1644/4445/1644 1882/4061/1882
f 2039/4050/2043 1881/3613/1881 2182/4446/2188
f 2181/4447/2187 1883/3616/1883 2042/4059/2046
f 1881/3613/1881 1886/3623/1886 2182/4446/2188
f 1883/3616/1883 2181/4447/2187 1751/3299/1751
f 1751/3629/1751 2183/4448/2189 2184/4449/2190
f 1751/3629/1751 2184/4449/2190 1889/3630/1889
f 1888/3638/1888 1892/3637/1894 2043/4063/2047
f 1889/3630/1889 2184/4449/2190 2185/4450/2191
f 1889/4451/1889 2185/4452/2191 2045/4453/2049
f 2186/4454/2192 2045/4455/2049 2185/4456/2191
f 2043/4457/2047 1892/4071/1894 2046/4070/2050
f 2043/4458/2047 2046/4459/2050 2187/4460/2193
f 2045/4461/2049 2186/4462/2192 1754/3646/1754
f 2187/4463/2193 2046/4464/2050 1755/3306/1755
f 1755/3306/1755 1653/3096/1653 2187/4463/2193
f 1754/3646/1754 2186/4462/2192 1654/3097/1654
f 2188/4465/2194 1277/2267/1277 1654/3097/1654
f 1277/4466/1277 2189/4467/2195 1360/4468/1360
f 1568/2911/1568 1657/3102/1657 1895/3647/1897
f 2189/4469/2195 2190/4470/2196 1360/2460/1360
f 2191/4471/2197 2192/4472/2198 2189/4473/2195
f 1895/4078/1897 2193/4474/2199 2194/4475/2200
f 1758/3316/1758 1896/3651/1898 2048/4081/2052
f 1360/2460/1360 2190/4470/2196 1656/3101/1656
f 1280/4476/1280 2195/4477/2201 1657/4478/1657
f 2195/4477/2201 1895/4078/1897 1657/4478/1657
f 1896/3651/1898 1899/4082/1901 2048/4081/2052
f 1762/4094/1762 1760/3650/1760 1898/3658/1900
f 2190/4479/2196 2196/4480/2202 1656/4481/1656
f 1656/4481/1656 2196/4480/2202 2049/4482/2053
f 2049/4364/2053 2196/4483/2202 2050/4484/2054
f 1280/4485/1280 2051/4486/2055 2197/4487/2203
f 2051/4488/2055 2198/4489/2204 2197/4490/2203
f 2051/4088/2055 2199/4491/2205 2198/4492/2204
f 2051/4088/2055 1761/4090/1761 2053/4093/2057
f 2051/4088/2055 2053/4093/2057 2199/4491/2205
f 2050/4085/2054 2200/4493/2206 1763/4091/1763
f 2050/4494/2054 2196/4495/2202 2200/4496/2206
f 1896/3651/1898 1661/3112/1661 1899/4082/1901
f 2200/4493/2206 2201/4497/2207 1763/4091/1763
f 1763/4091/1763 2201/4497/2207 1660/4498/1660
f 2202/4499/2208 2203/4500/2209 2058/4330/2062
f 2058/4501/2062 2203/4502/2209 2054/4503/2058
f 2054/4504/2058 2203/4505/2209 2055/4506/2059
f 2057/4507/2061 2056/4508/2060 2204/4509/2210
f 2205/4510/2211 2206/4511/2212 2057/4100/2061
f 2205/4512/2211 2057/4513/2061 2204/4514/2210
f 2202/4515/2208 2207/4335/2213 2208/4516/2214
f 2058/4105/2062 2207/4517/2213 2202/4518/2208
f 2058/4105/2062 1768/4108/1768 2207/4517/2213
f 2203/4505/2209 2209/4519/2215 2055/4506/2059
f 2055/4102/2059 2209/4520/2215 1767/3338/1767
f 1765/3333/1765 2210/4521/2216 2056/4106/2060
f 2056/4522/2060 2210/4523/2216 2204/4514/2210
f 1464/2679/1464 1660/3109/1660 2059/4110/2063
f 2057/4100/2061 2206/4511/2212 1665/4109/1665
f 1660/4498/1660 2201/4497/2207 2059/4524/2063
f 1765/4525/1765 1903/4526/1905 2210/4523/2216
f 2063/4122/2067 1665/4109/1665 2206/4511/2212
f 2059/4524/2063 2062/4116/2066 1466/4115/1466
f 1770/3344/1770 2211/4527/2217 1768/4108/1768
f 1905/3677/1907 2061/4113/2065 1666/4528/1666
f 1903/3673/1905 2065/4123/2069 2212/4529/2218
f 1775/4130/1775 1776/4134/1776 2070/4530/2074
f 1777/4126/1777 1910/4133/1912 2067/4127/2071
f 1778/4131/1778 1775/4130/1775 2070/4530/2074
f 2067/4125/2071 2071/4140/2075 1677/3138/1677
f 1776/4134/1776 2068/4136/2072 2070/4530/2074
f 1779/3371/1779 879/1458/879 1478/2706/1478
f 1586/3370/1586 2070/4138/2074 1911/4531/1913
f 2071/4532/2075 1782/4533/1782 1918/4534/1920
f 2068/4136/2072 1584/3701/1584 1788/3703/1788
f 2071/4140/2075 2072/4535/2076 1585/2946/1585
f 1788/3703/1788 2076/4536/2080 1911/4537/1913
f 1296/4538/1296 1494/4539/1494 2213/4540/2219
f 1785/3704/1785 2074/4148/2078 2073/4145/2077
f 1916/4156/1918 1382/4163/1382 2214/4541/2220
f 2214/4541/2220 1382/4163/1382 1298/4165/1298
f 1786/4542/1786 1793/3724/1793 1221/3723/1221
f 1787/4157/1787 1793/3724/1793 1786/4542/1786
f 1916/4156/1918 2214/4541/2220 1922/3734/1924
f 1922/938/1924 2214/4543/2220 1298/4544/1298
f 1919/3727/1921 2215/4545/2221 1920/3728/1922
f 1788/3703/1788 1927/4546/1929 2076/4536/2080
f 2076/4151/2080 1927/3750/1929 1684/3152/1684
f 1790/4547/1790 2079/4171/2083 643/1074/643
f 2077/4155/2081 1923/4186/1925 1384/4168/1384
f 1598/2971/1598 2072/4535/2076 1921/3729/1923
f 1687/4191/1687 2080/4172/2084 1501/4184/1501
f 1790/4548/1790 1791/4549/1791 2216/4550/2222
f 1386/4551/1386 1384/4168/1384 1923/4186/1925
f 1788/3703/1788 1795/4552/1795 2217/4553/2223
f 1386/4551/1386 1923/4186/1925 1688/4554/1688
f 1685/3153/1685 1607/3001/1607 2218/4555/2224
f 1685/4556/1685 2218/4557/2224 2078/4558/2082
f 2087/4559/2091 1307/2335/1307 2091/4560/2095
f 1795/3407/1795 2088/4203/2092 2217/4561/2223
f 1604/2989/1604 1924/3739/1926 1794/3409/1794
f 1307/2335/1307 1512/2768/1512 2091/4560/2095
f 1794/4562/1794 1924/4563/1926 2088/4564/2092
f 1691/3164/1691 1921/4565/1923 1791/3395/1791
f 1689/4162/1689 2092/4214/2096 1926/4566/1928
f 1309/4194/1309 2085/4180/2089 1397/4567/1397
f 1930/4568/1932 1928/4569/1930 1925/4570/1927
f 1694/3167/1694 2090/4571/2094 2091/4218/2095
f 1929/4207/1931 1931/4229/1933 2093/4228/2097
f 1607/4572/1607 1697/4232/1697 2218/4557/2224
f 1397/4573/1397 2089/4574/2093 1224/4575/1224
f 2218/4557/2224 1697/4232/1697 1797/4231/1797
f 1311/4220/1311 1933/3759/1935 1932/4576/1934
f 2090/4209/2094 1398/4226/1398 2096/4234/2100
f 2097/4577/2101 2096/4234/2100 1398/4226/1398
f 1224/2155/1224 2089/4578/2093 1399/2536/1399
f 1399/4579/1399 2089/4208/2093 1698/4179/1698
f 1932/4576/1934 1612/4580/1612 1400/4581/1400
f 2096/4234/2100 2098/4582/2102 1699/3765/1699
f 1312/4583/1312 2098/4582/2102 2097/4577/2101
f 1401/3758/1401 1612/4580/1612 1933/3759/1935
f 1704/3186/1704 2102/4584/2106 1961/3824/1963
f 1707/4585/1707 2103/4586/2107 1968/4587/1970
f 1707/4588/1707 1708/4589/1708 2103/4590/2107
f 1706/3840/1706 2219/4591/2225 1709/4592/1709
f 2219/4591/2225 1974/4593/1976 1709/4592/1709
f 1709/3866/1709 1974/3872/1976 1824/3864/1824
f 1974/3872/1976 2105/4253/2109 1823/3873/1823
f 1989/3908/1991 2220/4594/2226 1990/3909/1992
f 1990/3909/1992 2220/4594/2226 2110/4595/2114
f 1989/4596/1991 1832/4597/1832 2220/4598/2226
f 1988/3901/1990 2108/4263/2112 1984/3899/1986
f 1829/3485/1829 2109/4267/2113 2112/4273/2116
f 1427/2588/1427 1542/2838/1542 2113/4276/2117
f 1542/2838/1542 1835/3493/1835 2113/4276/2117
f 1543/2842/1543 2114/4277/2118 1835/3493/1835
f 2114/4277/2118 1430/2843/1430 1838/3505/1838
f 2113/4276/2117 2115/4278/2119 1547/3954/1547
f 1720/3939/1720 1994/3938/1996 1842/4599/1842
f 1997/3955/1999 2221/4600/2227 1723/3956/1723
f 1438/3506/1438 1998/3961/2000 2116/4281/2120
f 2222/4601/2228 2223/4602/2229 2224/4603/2230
f 2223/4602/2229 2222/4601/2228 2124/4293/2128
f 2225/4604/2231 2226/4605/2232 2118/4286/2122
f 2226/4605/2232 2227/4606/2233 2118/4286/2122
f 2124/4293/2128 2222/4601/2228 2121/4294/2125
f 2223/4602/2229 2124/4293/2128 2228/4607/2234
f 2119/4608/2123 2229/4609/2235 2120/4610/2124
f 2124/4293/2128 2130/4316/2134 2228/4607/2234
f 2121/4290/2125 1999/4304/2001 2122/4291/2126
f 2130/4316/2134 2230/4611/2236 2228/4607/2234
f 2118/4286/2122 2227/4606/2233 2125/4298/2129
f 2230/4611/2236 2231/4612/2237 2228/4607/2234
f 2119/4608/2123 1724/4613/1724 2229/4609/2235
f 2226/4605/2232 2232/4614/2238 2227/4606/2233
f 2227/4606/2233 2132/4615/2136 2125/4298/2129
f 2125/4309/2129 2132/4320/2136 2127/4310/2131
f 2227/4606/2233 2232/4614/2238 2233/4616/2239
f 2227/4606/2233 2233/4616/2239 2132/4615/2136
f 2128/4617/2132 2130/4618/2134 2124/4619/2128
f 2230/4611/2236 2234/4620/2240 2231/4612/2237
f 1724/3973/1724 1858/3570/1858 2229/4621/2235
f 2231/4612/2237 2234/4620/2240 2235/4622/2241
f 2236/4623/2242 2232/4614/2238 2226/4605/2232
f 2132/4615/2136 2233/4616/2239 2156/4399/2162
f 2130/4316/2134 2234/4620/2240 2230/4611/2236
f 2133/4321/2137 2132/4320/2136 2129/4624/2133
f 2132/4615/2136 2156/4399/2162 2129/4315/2133
f 2130/4316/2134 2136/4341/2142 2234/4620/2240
f 1852/4625/1852 2237/4626/2243 2234/4627/2240
f 2131/4353/2135 2142/4352/2148 2232/4628/2238
f 2232/4614/2238 2142/4629/2148 2233/4616/2239
f 2233/4616/2239 2142/4629/2148 2156/4399/2162
f 2232/4630/2238 2236/4631/2242 2131/4632/2135
f 2131/4632/2135 2236/4631/2242 2137/4633/2143
f 1852/4345/1852 2136/4634/2142 2138/4346/2144
f 2234/4635/2240 2136/4634/2142 1852/4345/1852
f 2141/4636/2147 2237/4637/2243 1852/4638/1852
f 2142/4629/2148 2143/4639/2149 2156/4399/2162
f 1628/3982/1628 2007/3984/2011 2238/4640/2244
f 2136/4641/2142 2144/4642/2150 2138/4643/2144
f 2137/4633/2143 2236/4631/2242 2145/4644/2151
f 2150/4645/2156 2151/4646/2157 2239/4647/2245
f 2147/4648/2153 2237/4649/2243 2148/4650/2154
f 2148/4366/2154 2237/4651/2243 2149/4367/2155
f 2140/4652/2146 2237/4653/2243 2141/3453/2147
f 2236/4631/2242 2239/4654/2245 2145/4644/2151
f 2151/4646/2157 2154/4655/2160 2239/4647/2245
f 2144/4369/2150 2136/4656/2142 2147/4370/2153
f 2149/4657/2155 2237/4658/2243 2146/4659/2152
f 2150/4375/2156 2239/4654/2245 2152/4376/2158
f 2015/3994/2019 2129/4315/2133 2156/4399/2162
f 2146/4394/2152 2237/4660/2243 2140/4392/2146
f 2154/4661/2160 2145/4662/2151 2239/4663/2245
f 2239/4654/2245 2161/4405/2167 2152/4376/2158
f 2136/4341/2142 2135/4339/2141 2147/4664/2153
f 2237/4665/2243 2147/4664/2153 2158/4402/2164
f 2143/4639/2149 2152/4400/2158 2156/4399/2162
f 1728/3991/1728 2012/3990/2016 2009/4666/2013
f 2135/4339/2141 2159/4403/2165 2147/4664/2153
f 2009/3986/2013 2157/4667/2163 1730/4395/1730
f 2139/4349/2145 2012/4668/2016 1629/4359/1629
f 2153/4381/2159 1550/4669/1550 2013/4382/2017
f 2145/4358/2151 1859/3579/1859 2008/3985/2012
f 2156/4399/2162 2169/4420/2175 2015/3994/2019
f 2009/4666/2013 2012/3990/2016 2157/4670/2163
f 2147/4664/2153 2159/4403/2165 2158/4402/2164
f 2145/4358/2151 1856/4373/1856 1859/3579/1859
f 2013/4671/2017 1550/4672/1550 2017/4673/2021
f 2172/4674/2246 2008/4675/2247 1859/4676/2248
f 2037/4042/2041 2169/4420/2175 2156/4399/2162
f 2012/3990/2016 1634/4677/1634 2157/4670/2163
f 2013/3992/2017 2017/4678/2021 1857/3567/1857
f 2159/4403/2165 2135/4339/2141 2160/4404/2166
f 2172/4679/2246 2240/4680/2249 2008/4681/2247
f 2169/4420/2175 2030/4030/2034 2015/3994/2019
f 2022/4005/2026 1634/3066/1634 2012/4682/2016
f 2241/4683/2250 2242/4684/2251 2025/4685/2252
f 2241/4686/2253 2155/4687/2254 2025/4688/2255
f 2160/4404/2166 2243/4689/2256 2158/4402/2164
f 2240/4680/2249 1859/4690/2248 2008/4681/2247
f 2240/4680/2249 2172/4679/2246 1859/4690/2248
f 2023/4007/2027 2024/4009/2028 2165/4691/2171
f 2244/4692/2257 1558/2883/1558 1737/4023/1737
f 2242/4693/2258 2243/4689/2256 2175/4429/2181
f 2161/4417/2167 2172/4426/2178 2167/4418/2173
f 2160/4404/2166 2035/4036/2039 2245/4694/2259
f 2160/4404/2166 2245/4694/2259 2243/4689/2256
f 2027/4414/2031 1861/4695/1861 2246/4696/2260
f 2243/4689/2256 2245/4694/2259 2175/4429/2181
f 2246/4697/2260 1861/4028/1861 2168/4419/2174
f 2029/4027/2033 2171/4698/2177 2168/4419/2174
f 2245/4694/2259 2035/4036/2039 2173/4427/2179
f 2247/4699/2261 2170/4422/2176 1742/4421/1742
f 2173/4427/2179 2175/4429/2181 2245/4694/2259
f 2180/4700/2186 2042/4059/2046 2172/4426/2178
f 2028/4701/2032 1746/4702/1746 2248/4703/2262
f 2173/4427/2179 2174/4428/2180 2175/4429/2181
f 2176/4430/2182 2249/4704/2263 2175/4429/2181
f 1863/4705/1863 1639/4048/1639 2038/4047/2042
f 2032/4706/2036 1869/4707/1869 2250/4708/2264
f 2176/4430/2182 2251/4709/2265 2249/4704/2263
f 2249/4704/2263 2251/4709/2265 2252/4710/2266
f 2036/4711/2040 2253/4712/2267 1560/2890/1560
f 1863/4713/1863 1880/3610/1880 1449/4714/1449
f 1746/4439/1746 2179/4440/2185 2248/4715/2262
f 2253/4712/2267 1644/3081/1644 1560/2890/1560
f 2036/4434/2040 1882/4061/1882 2253/4716/2267
f 2177/4437/2183 2254/4717/2268 2178/4438/2184
f 2251/4709/2265 2182/4446/2188 2252/4710/2266
f 1747/3294/1747 2248/4715/2262 2179/4440/2185
f 2254/4718/2268 2255/4719/2269 2178/4720/2184
f 2176/4430/2182 2039/4050/2043 2251/4709/2265
f 2253/4716/2267 1882/4061/1882 1644/4445/1644
f 2256/4721/2270 2181/4447/2187 2180/4700/2186
f 2039/4050/2043 2182/4446/2188 2251/4709/2265
f 1876/3606/1876 1266/3295/1266 2257/4722/2271
f 2252/4710/2266 2182/4446/2188 1886/3623/1886
f 2258/4723/2272 2259/4724/2273 2260/4725/2274
f 2261/4726/2275 2262/4727/2276 2263/4728/2277
f 2262/4727/2276 2264/4729/2278 2263/4728/2277
f 2265/4730/2279 2263/4728/2277 2264/4729/2278
f 2266/4731/2280 2267/4732/2281 2259/4724/2273
f 2259/4724/2273 2267/4732/2281 2260/4725/2274
f 2181/4733/2187 2183/4448/2189 1751/3629/1751
f 2268/4734/2282 2266/4731/2280 2269/4735/2283
f 2267/4732/2281 2270/4736/2284 2260/4725/2274
f 2262/4727/2276 2271/4737/2285 2264/4729/2278
f 2264/4729/2278 2272/4738/2286 2265/4730/2279
f 2265/4730/2279 2273/4739/2287 2274/4740/2288
f 2270/4736/2284 2275/4741/2289 2260/4725/2274
f 2262/4727/2276 2276/4742/2290 2277/4743/2291
f 2262/4727/2276 2277/4743/2291 2271/4737/2285
f 2264/4729/2278 2271/4737/2285 2278/4744/2292
f 2273/4739/2287 2279/4745/2293 2274/4740/2288
f 2280/4746/2294 2271/4737/2285 2277/4743/2291
f 2272/4738/2286 2273/4739/2287 2265/4730/2279
f 2281/4747/2295 2282/4748/2296 2267/4732/2281
f 2267/4732/2281 2282/4748/2296 2270/4736/2284
f 2275/4741/2289 2270/4736/2284 2283/4749/2297
f 2275/4741/2289 2284/4750/2298 2260/4725/2274
f 2279/4745/2293 2273/4739/2287 2285/4751/2299
f 2268/4734/2282 2286/4752/2300 2287/4753/2301
f 2287/4753/2301 2288/4754/2302 2268/4734/2282
f 2283/4749/2297 2270/4736/2284 2282/4748/2296
f 2289/4755/2303 2273/4739/2287 2272/4738/2286
f 2284/4750/2298 2290/4756/2304 2260/4725/2274
f 2291/4757/2305 2282/4748/2296 2281/4747/2295
f 2273/4739/2287 2292/4758/2306 2285/4751/2299
f 2293/4759/2307 1886/4064/1886 2043/4063/2047
f 2271/4737/2285 2294/4760/2308 2278/4744/2292
f 2295/4761/2309 2278/4744/2292 2294/4760/2308
f 2289/4755/2303 2292/4758/2306 2273/4739/2287
f 2283/4749/2297 2282/4748/2296 2296/4762/2310
f 2275/4741/2289 2297/4763/2311 2298/4764/2312
f 2280/4746/2294 2299/4765/2313 2271/4737/2285
f 2271/4737/2285 2299/4765/2313 2294/4760/2308
f 2295/4761/2309 2294/4760/2308 2300/4766/2314
f 2291/4757/2305 2296/4762/2310 2282/4748/2296
f 2277/4743/2291 2276/4742/2290 2301/4767/2315
f 2286/4752/2300 2302/4768/2316 2287/4753/2301
f 2286/4752/2300 2303/4769/2317 2302/4768/2316
f 2287/4753/2301 2302/4768/2316 2304/4770/2318
f 2287/4753/2301 2304/4770/2318 2305/4771/2319
f 2287/4753/2301 2305/4771/2319 2288/4754/2302
f 2306/4772/2320 2297/4763/2311 2275/4741/2289
f 2300/4766/2314 2292/4758/2306 2289/4755/2303
f 2184/4773/2190 2307/4774/2321 2185/4775/2191
f 2308/4776/2322 2303/4769/2317 2286/4752/2300
f 2309/4777/2323 2310/4778/2324 2311/4779/2325
f 2294/4760/2308 2299/4765/2313 2312/4780/2326
f 2291/4757/2305 2313/4781/2327 2296/4762/2310
f 2314/4782/2328 2285/4751/2299 2315/4783/2329
f 2043/4784/2047 2316/4785/2330 2308/4776/2322
f 2308/4776/2322 2316/4785/2330 2303/4769/2317
f 2303/4769/2317 2317/4786/2331 2302/4768/2316
f 2292/4758/2306 2318/4787/2332 2285/4751/2299
f 2185/4788/2191 2307/4789/2321 2186/4462/2192
f 2043/4784/2047 2187/4790/2193 2316/4785/2330
f 2303/4769/2317 2316/4785/2330 2317/4786/2331
f 2302/4768/2316 2319/4791/2333 2304/4770/2318
f 2304/4770/2318 2319/4791/2333 2305/4771/2319
f 2306/4772/2320 2320/4792/2334 2297/4763/2311
f 2300/4766/2314 2321/4793/69 2292/4758/2306
f 2292/4758/2306 2322/4794/2335 2318/4787/2332
f 2285/4751/2299 2318/4787/2332 2323/4795/2336
f 2307/4789/2321 2315/4796/2329 2186/4462/2192
f 2305/4771/2319 2324/4797/2337 2313/4781/2327
f 2296/4762/2310 2313/4781/2327 2325/4798/2338
f 2326/4799/2339 2310/4778/2324 2309/4777/2323
f 2294/4760/2308 2321/4793/69 2300/4766/2314
f 2324/4797/2337 2325/4798/2338 2313/4781/2327
f 2284/4750/2298 2327/4800/2340 2328/4801/2341
f 2294/4760/2308 2312/4780/2326 2321/4793/69
f 2321/4793/69 2322/4794/2335 2292/4758/2306
f 2323/4795/2336 2329/4802/2342 2285/4751/2299
f 2285/4751/2299 2329/4802/2342 2315/4783/2329
f 2316/4785/2330 2330/4803/2343 2317/4786/2331
f 2319/4791/2333 2302/4768/2316 2331/4804/2344
f 2331/4804/2344 2332/4805/2345 2319/4791/2333
f 2319/4791/2333 2332/4805/2345 2305/4771/2319
f 2305/4771/2319 2332/4805/2345 2324/4797/2337
f 2187/4790/2193 1653/4080/1653 2316/4785/2330
f 2317/4786/2331 2330/4803/2343 2302/4768/2316
f 2321/4793/69 2333/4806/2346 2322/4794/2335
f 2318/4807/2332 2322/2242/2335 2323/4808/2336
f 2315/4783/2329 2329/4802/2342 2188/4809/2194
f 2186/4462/2192 2315/4796/2329 1654/3097/1654
f 2316/4810/2330 1653/4811/1653 2334/4812/2347
f 2302/4768/2316 2335/4813/2348 2331/4804/2344
f 2331/4804/2344 2335/4813/2348 2332/4805/2345
f 2311/4779/2325 2310/4778/2324 2336/4814/2349
f 2321/4793/69 2337/4815/2350 2333/4806/2346
f 2334/4816/2347 2330/4803/2343 2316/4785/2330
f 2330/4803/2343 2335/4813/2348 2302/4768/2316
f 2325/4798/2338 2324/4797/2337 2338/4817/2351
f 2306/4772/2320 2339/4818/2352 2320/4792/2334
f 2340/4819/2353 2310/4778/2324 2326/4799/2339
f 2322/4794/2335 2341/4820/2354 2323/4795/2336
f 2323/4795/2336 2341/4820/2354 2342/4821/2355
f 2323/4795/2336 2342/4821/2355 2329/4802/2342
f 2315/4796/2329 2188/4465/2194 1654/3097/1654
f 2330/4822/2343 2343/4823/2356 2335/4824/2348
f 2335/4813/2348 2344/4825/2357 2332/4805/2345
f 2332/4805/2345 2344/4825/2357 2345/4826/2358
f 2332/4805/2345 2345/4826/2358 2324/4797/2337
f 2336/4814/2349 2310/4778/2324 2346/4827/2359
f 2347/4828/2360 2337/4815/2350 2321/4793/69
f 2333/4806/2346 2348/4829/2361 2322/4794/2335
f 2341/4820/2354 2322/4794/2335 2349/4830/2362
f 2329/4802/2342 2342/4821/2355 2188/4809/2194
f 1653/4811/1653 2047/4831/2051 2334/4812/2347
f 2338/4817/2351 2324/4797/2337 2345/4826/2358
f 2350/4832/2363 2320/4792/2334 2339/4818/2352
f 2334/4816/2347 2047/4079/2051 2330/4803/2343
f 2330/4803/2343 2351/4833/2364 2343/4834/2356
f 2330/4803/2343 2352/4835/2365 2351/4833/2364
f 2343/4834/2356 2351/4833/2364 2335/4813/2348
f 2340/4819/2353 2346/4827/2359 2310/4778/2324
f 2341/4820/2354 2349/4830/2362 2191/4471/2197
f 2341/4820/2354 2191/4471/2197 2342/4821/2355
f 2306/4772/2320 2338/4817/2351 2339/4818/2352
f 2322/4794/2335 2348/4829/2361 2349/4830/2362
f 2342/4821/2355 2191/4471/2197 2188/4809/2194
f 2344/4825/2357 2335/4813/2348 2351/4833/2364
f 2344/4825/2357 2353/4836/2366 2345/4826/2358
f 2336/4814/2349 2346/4827/2359 2354/4837/2367
f 2333/4806/2346 2337/4815/2350 2348/4829/2361
f 2348/4829/2361 2337/4815/2350 2355/4838/2368
f 2348/4829/2361 2355/4838/2368 2356/4839/2369
f 2348/4829/2361 2356/4839/2369 2349/4830/2362
f 2047/4079/2051 2357/4840/2370 2330/4803/2343
f 2330/4803/2343 2357/4840/2370 2352/4835/2365
f 2351/4833/2364 2358/4841/2371 2344/4825/2357
f 2344/4825/2357 2358/4841/2371 2353/4836/2366
f 2353/4836/2366 2338/4817/2351 2345/4826/2358
f 2359/4842/2372 2339/4818/2352 2338/4817/2351
f 2360/4843/2373 2301/4767/2315 2361/4844/2374
f 2188/4809/2194 2191/4471/2197 2189/4473/2195
f 2047/4079/2051 1895/4078/1897 2357/4840/2370
f 2357/4840/2370 2194/4475/2200 2352/4835/2365
f 2362/4845/2375 2338/4817/2351 2353/4836/2366
f 2350/4832/2363 2339/4818/2352 2359/4842/2372
f 2340/4819/2353 2354/4837/2367 2346/4827/2359
f 2336/4814/2349 2354/4837/2367 2347/4828/2360
f 2352/4835/2365 2194/4475/2200 2363/4846/2376
f 2352/4835/2365 2363/4846/2376 2351/4833/2364
f 2351/4833/2364 2363/4846/2376 2358/4841/2371
f 2362/4845/2375 2359/4842/2372 2338/4817/2351
f 2347/4828/2360 2354/4837/2367 2364/4847/2377
f 2347/4828/2360 2364/4847/2377 2337/4815/2350
f 2365/4848/2378 2358/4841/2371 2363/4846/2376
f 2350/4849/2363 2359/4850/2372 2366/4851/2379
f 2367/4852/2380 2361/4844/2374 2301/4767/2315
f 2340/4819/2353 2364/4847/2377 2354/4837/2367
f 2188/4465/2194 2189/4469/2195 1277/2267/1277
f 1895/4853/1897 2194/4854/2200 2357/4855/2370
f 2362/4845/2375 2366/4856/2379 2359/4842/2372
f 2337/4815/2350 2364/4847/2377 2355/4838/2368
f 2361/4844/2374 2368/4857/2381 2360/4843/2373
f 2349/4830/2362 2356/4839/2369 2191/4471/2197
f 2194/4475/2200 2365/4848/2378 2363/4846/2376
f 2358/4841/2371 2369/4858/2382 2353/4836/2366
f 2353/4836/2366 2369/4858/2382 2362/4845/2375
f 2362/4845/2375 2369/4858/2382 2366/4856/2379
f 2370/4859/2383 2371/4860/2384 2372/4861/2385
f 2365/4848/2378 2369/4858/2382 2358/4841/2371
f 2373/4862/2386 2374/4863/2387 2371/4860/2384
f 2371/4860/2384 2374/4863/2387 2372/4861/2385
f 2191/4471/2197 2356/4839/2369 2192/4472/2198
f 2366/4856/2379 2369/4858/2382 2373/4862/2386
f 2367/4852/2380 2368/4857/2381 2361/4844/2374
f 2189/4473/2195 2192/4472/2198 2190/4479/2196
f 1895/4078/1897 2195/4477/2201 2193/4474/2199
f 2194/4475/2200 2193/4474/2199 2365/4848/2378
f 2373/4862/2386 2375/4864/2388 2374/4863/2387
f 2376/4865/2389 2368/4857/2381 2377/4866/2390
f 2356/4839/2369 2364/4847/2377 2192/4472/2198
f 2376/4865/2389 2377/4866/2390 2364/4847/2377
f 2369/4858/2382 2365/4848/2378 2375/4864/2388
f 2378/4867/2391 2374/4868/2387 2375/4869/2388
f 2375/4864/2388 2373/4862/2386 2369/4858/2382
f 2193/4474/2199 2197/4870/2203 2365/4848/2378
f 2195/4477/2201 1280/4476/1280 2193/4474/2199
f 2365/4848/2378 2197/4870/2203 2375/4864/2388
f 2377/4866/2390 2196/4480/2202 2364/4847/2377
f 2364/4847/2377 2196/4480/2202 2192/4472/2198
f 2196/4480/2202 2190/4479/2196 2192/4472/2198
f 1280/4476/1280 2197/4870/2203 2193/4474/2199
f 2379/4871/2392 2196/4480/2202 2377/4866/2390
f 2380/4872/2393 2375/4864/2388 2197/4870/2203
f 2198/4873/2204 2380/4872/2393 2197/4870/2203
f 2379/4871/2392 2200/4874/2206 2196/4480/2202
f 2198/4875/2204 2199/4876/2205 2380/4877/2393
f 2380/4878/2393 2199/4879/2205 2381/4880/2394
f 2053/4093/2057 2382/4881/2395 2199/4491/2205
f 2381/4882/2394 2199/4883/2205 2206/4884/2212
f 2200/4493/2206 2207/4517/2213 2211/4527/2217
f 2208/635/2214 2200/4885/2206 2379/4886/2392
f 2208/4887/2214 2207/4888/2213 2200/4889/2206
f 2199/4491/2205 2383/4890/2396 2206/4511/2212
f 2202/4891/2208 2208/4892/2214 2203/4505/2209
f 2383/4890/2396 2199/4491/2205 2382/4881/2395
f 2211/4527/2217 2201/4497/2207 2200/4493/2206
f 2206/4893/2212 2205/4894/2211 2381/4895/2394
f 2052/4092/2056 2382/4881/2395 2053/4093/2057
f 2205/4512/2211 2204/4514/2210 2381/4896/2394
f 2384/4897/2397 2209/4519/2215 2208/4892/2214
f 2208/4892/2214 2209/4519/2215 2203/4505/2209
f 2383/4890/2396 2063/4122/2067 2206/4511/2212
f 1662/4898/1662 2382/4881/2395 2052/4092/2056
f 1662/4898/1662 1664/4114/1664 2382/4881/2395
f 1768/4108/1768 2211/4527/2217 2207/4517/2213
f 2385/4899/2398 2204/4514/2210 2210/4523/2216
f 2059/4524/2063 2201/4497/2207 2062/4116/2066
f 2209/4520/2215 2060/4111/2064 1767/3338/1767
f 2382/4881/2395 1664/4114/1664 2061/4113/2065
f 2382/4881/2395 2061/4113/2065 1905/3677/1907
f 1769/4117/1769 2062/4116/2066 2064/4121/2068
f 2064/4121/2068 2211/4527/2217 1770/3344/1770
f 2060/4111/2064 2386/4900/2399 631/1062/631
f 1910/4133/1912 1782/4533/1782 2067/4127/2071
f 2071/4532/2075 2067/4127/2071 1782/4533/1782
f 2070/4530/2074 2068/4136/2072 1911/4537/1913
f 1217/2137/1217 1378/2495/1378 2069/4137/2073
f 2068/4136/2072 1788/3703/1788 1911/4537/1913
f 1913/4901/1915 2387/4902/2400 1683/4903/1683
f 2071/4532/2075 1918/4534/1920 2072/4904/2076
f 1494/2731/1494 2079/4171/2083 2213/4905/2219
f 2072/4904/2076 1918/4534/1920 2078/4558/2082
f 2217/4553/2223 2093/4228/2097 1788/3703/1788
f 2079/4171/2083 1790/4547/1790 2216/4906/2222
f 1788/3703/1788 2093/4228/2097 1927/4546/1929
f 1136/1887/1136 2388/4907/2401 1925/3740/1927
f 2072/4904/2076 2078/4558/2082 1921/4908/1923
f 2216/4550/2222 1791/4549/1791 1925/4570/1927
f 2078/4558/2082 2218/4557/2224 1921/4908/1923
f 1792/4205/1792 1929/4207/1931 1920/4909/1922
f 1920/4909/1922 1929/4207/1931 1924/4563/1926
f 2217/4553/2223 2088/4564/2092 1929/4207/1931
f 1791/4549/1791 1797/4231/1797 1925/4570/1927
f 1921/4908/1923 2218/4557/2224 1791/4549/1791
f 1926/4566/1928 2092/4214/2096 1517/4219/1517
f 2217/4553/2223 1929/4207/1931 2093/4228/2097
f 1924/4563/1926 1929/4207/1931 2088/4564/2092
f 1925/4570/1927 1797/4231/1797 1930/4568/1932
f 1791/4549/1791 2218/4557/2224 1797/4231/1797
f 1608/4237/1608 2094/4236/2098 1606/4910/1606
f 1932/4576/1934 1933/3759/1935 1612/4580/1612
f 2097/4577/2101 2098/4582/2102 2096/4234/2100
f 1960/3825/1962 2099/4245/2103 1967/4243/1969
f 1965/3836/1967 2100/4246/2104 1962/3826/1964
f 1967/3841/1969 2219/4591/2225 1706/3840/1706
f 1968/4587/1970 2103/4586/2107 2389/4911/2402
f 2103/4251/2107 1975/3875/1977 2390/4912/2403
f 2391/4913/2404 1980/4257/1982 2105/4256/2109
f 2391/4914/2404 2107/4261/2111 1980/4260/1982
f 2392/4915/2405 2220/4594/2226 1832/3490/1832
f 2392/4915/2405 2110/4595/2114 2220/4594/2226
f 2107/4261/2111 2109/4267/2113 1985/4266/1987
f 2108/4263/2112 1988/3901/1990 2111/4916/2115
f 2110/4917/2114 1831/4918/1831 1833/4919/1833
f 2393/4920/2406 1832/3910/1832 1712/3208/1712
f 2112/4921/2116 2394/4922/2407 1711/4923/1711
f 1831/3487/1831 2395/4924/2408 1541/3488/1541
f 2394/4922/2407 1625/3915/1625 1711/4923/1711
f 2395/4924/2408 1834/4925/1834 1541/3488/1541
f 2114/4277/2118 1838/3505/1838 2115/4278/2119
f 2396/4926/2409 2225/4604/2231 2118/4286/2122
f 2228/4607/2234 2231/4612/2237 2223/4602/2229
f 2397/4927/2410 1999/4304/2001 2121/4290/2125
f 2231/4612/2237 2235/4622/2241 2223/4602/2229
f 2223/4602/2229 2235/4622/2241 2398/4928/2411
f 2223/4602/2229 2399/4929/2412 2400/4930/2413
f 2398/4928/2411 2399/4929/2412 2223/4602/2229
f 2401/4931/2414 1440/4284/1440 2117/4283/2121
f 2226/4605/2232 2225/4604/2231 2236/4623/2242
f 2402/4932/2415 2403/4933/2416 2172/4426/2178
f 2229/4609/2235 1858/4934/1858 2404/4935/2417
f 2225/4604/2231 2402/4932/2415 2236/4623/2242
f 2234/4620/2240 2237/4665/2243 2235/4622/2241
f 2405/4936/2418 1737/4023/1737 1999/4304/2001
f 2235/4622/2241 2237/4665/2243 2406/4937/2419
f 2404/4935/2417 1858/4934/1858 1733/3269/1733
f 1440/4284/1440 2407/4938/2420 2005/4348/2009
f 2237/4665/2243 2158/4402/2164 2408/4939/2421
f 2237/4665/2243 2408/4939/2421 2406/4937/2419
f 2402/4932/2415 2161/4417/2167 2236/4623/2242
f 2408/4939/2421 2409/4940/2422 2406/4937/2419
f 2406/4937/2419 2409/4940/2422 2410/4941/2423
f 2236/4631/2242 2161/4405/2167 2239/4654/2245
f 2139/4349/2145 2005/4348/2009 2411/4942/2424
f 2238/4640/2244 2007/3984/2011 2412/4943/2425
f 2402/4932/2415 2172/4426/2178 2161/4417/2167
f 2012/4668/2016 2139/4349/2145 2022/4944/2026
f 1857/3567/1857 2017/4678/2021 2007/3984/2011
f 2408/4939/2421 2241/4945/2426 2409/4940/2422
f 2007/3984/2011 2017/4678/2021 2019/4946/2023
f 2413/4947/2427 2409/4940/2422 2414/4948/2428
f 2158/4402/2164 2243/4689/2256 2408/4939/2421
f 2408/4949/2421 2242/4684/2258 2241/4683/2426
f 2241/4950/2426 2414/4951/2428 2409/4952/2422
f 2415/4953/2429 2172/4679/2430 2240/4680/2431
f 2414/4948/2428 2241/4945/2426 2242/4693/2258
f 2243/4689/2256 2242/4693/2258 2408/4939/2421
f 2242/4693/2258 2175/4429/2181 2249/4704/2263
f 2242/4693/2258 2249/4704/2263 2414/4948/2428
f 2256/4721/2270 2180/4700/2186 2415/4954/2432
f 2415/4954/2432 2180/4700/2186 2172/4426/2178
f 2244/4692/2257 2177/4431/2183 1558/2883/1558
f 2416/4955/2433 1860/3582/1860 2166/4416/2172
f 2249/4704/2263 2417/4956/2434 2414/4948/2428
f 2247/4957/2261 1742/4958/1742 2418/4959/2435
f 2416/4960/2433 1742/3586/1742 1860/3585/1860
f 2418/4961/2435 1742/3586/1742 2416/4960/2433
f 2249/4704/2263 2419/4962/2436 2417/4956/2434
f 2420/4963/2437 2168/4419/2174 2171/4698/2177
f 2420/4963/2437 2171/4698/2177 2421/4964/2438
f 2171/4965/2177 2032/4966/2036 2421/4967/2438
f 2170/4968/2176 2422/4969/2439 1862/3588/1862
f 2249/4704/2263 2252/4710/2266 2419/4962/2436
f 2423/4970/2440 2419/4962/2436 2252/4710/2266
f 2424/4971/2441 2181/4447/2187 2256/4721/2270
f 2424/4971/2441 2425/4972/2442 2181/4447/2187
f 1863/4713/1863 2038/4441/2042 1880/3610/1880
f 2426/4973/2443 2427/4974/2444 1641/3077/1641
f 2428/4975/2445 2248/4715/2262 2429/4976/2446
f 2041/4435/2045 1641/3077/1641 2427/4974/2444
f 2430/4977/2447 2178/4978/2184 2255/4979/2269
f 2255/4980/2269 2254/4981/2268 2431/4982/2448
f 2429/4976/2446 2248/4715/2262 1747/3294/1747
f 2429/4976/2446 1747/3294/1747 1874/3604/1874
f 2430/4977/2447 1266/2891/1266 1561/2893/1561
f 2430/4977/2447 1561/2893/1561 2178/4978/2184
f 2257/4983/2271 1266/4984/1266 2432/4985/2449
f 1869/4986/1869 1876/4987/1876 2433/4988/2450
f 2433/4989/2450 1876/3606/1876 2257/4722/2271
f 1874/4990/1874 1875/4991/1875 2434/4992/2451
f 2263/4728/2277 2265/4730/2279 2274/4740/2288
f 2266/4731/2280 2259/4724/2273 2269/4735/2283
f 2269/4993/2283 2259/4994/2273 2435/4995/2452
f 2261/4726/2275 2436/4996/2453 2262/4727/2276
f 2258/4997/2272 2260/4998/2274 2437/4999/2454
f 2260/4725/2274 2290/4756/2304 2437/5000/2454
f 2438/5001/2455 2183/4448/2189 2181/4733/2187
f 2264/4729/2278 2278/4744/2292 2272/4738/2286
f 2439/5002/2456 1886/4064/1886 2293/4759/2307
f 2266/4731/2280 2281/4747/2295 2267/4732/2281
f 2440/5003/2457 2262/4727/2276 2436/4996/2453
f 2441/5004/2458 2268/4734/2282 2269/4735/2283
f 2266/4731/2280 2268/4734/2282 2281/4747/2295
f 2262/4727/2276 2440/5003/2457 2276/4742/2290
f 2441/5004/2458 2286/4752/2300 2268/4734/2282
f 2268/4734/2282 2288/4754/2302 2281/4747/2295
f 2275/4741/2289 2298/4764/2312 2284/4750/2298
f 2279/4745/2293 2285/4751/2299 2314/4782/2328
f 2288/4754/2302 2313/4781/2327 2281/4747/2295
f 2309/4777/2323 2311/4779/2325 2277/4743/2291
f 2277/4743/2291 2311/4779/2325 2280/4746/2294
f 2278/4744/2292 2295/4761/2309 2272/4738/2286
f 2272/4738/2286 2295/4761/2309 2289/4755/2303
f 2281/4747/2295 2313/4781/2327 2291/4757/2305
f 2442/5005/2459 2276/4742/2290 2440/5003/2457
f 2289/4755/2303 2295/4761/2309 2300/4766/2314
f 2043/4784/2047 2308/4776/2322 2293/5006/2307
f 2296/4762/2310 2306/4772/2320 2283/4749/2297
f 2283/4749/2297 2306/4772/2320 2275/4741/2289
f 2277/4743/2291 2301/4767/2315 2309/4777/2323
f 2183/5007/2189 2443/5008/2460 2184/4773/2190
f 2308/4176/2322 2286/5009/2300 2444/5010/2461
f 2297/4763/2311 2284/4750/2298 2298/4764/2312
f 2290/4756/2304 2284/4750/2298 2445/5011/2462
f 2314/5012/2328 2315/5013/2329 2446/5014/2463
f 2443/5008/2460 2307/4774/2321 2184/4773/2190
f 2445/5015/2462 2284/5016/2298 2328/5017/2341
f 2280/4746/2294 2311/4779/2325 2299/4765/2313
f 2288/4754/2302 2305/4771/2319 2313/4781/2327
f 2442/5005/2459 2301/4767/2315 2276/4742/2290
f 2443/5008/2460 2315/5018/2329 2307/4774/2321
f 2309/4777/2323 2301/4767/2315 2326/4799/2339
f 2299/4765/2313 2311/4779/2325 2312/4780/2326
f 2296/4762/2310 2325/4798/2338 2306/4772/2320
f 2297/4763/2311 2370/4859/2383 2284/4750/2298
f 2442/5019/2459 2447/5020/2464 2301/5021/2315
f 2297/4763/2311 2350/4832/2363 2370/4859/2383
f 2370/4859/2383 2327/4800/2340 2284/4750/2298
f 2301/4767/2315 2360/4843/2373 2326/4799/2339
f 2311/4779/2325 2336/4814/2349 2312/4780/2326
f 2320/4792/2334 2350/4832/2363 2297/4763/2311
f 2312/4780/2326 2347/4828/2360 2321/4793/69
f 2328/4801/2341 2327/4800/2340 2448/5022/2465
f 2312/4780/2326 2336/4814/2349 2347/4828/2360
f 2325/4798/2338 2338/4817/2351 2306/4772/2320
f 2360/4843/2373 2340/4819/2353 2326/4799/2339
f 2301/4767/2315 2447/5023/2464 2367/4852/2380
f 2350/4832/2363 2371/4860/2384 2370/4859/2383
f 2327/5024/2340 2370/5025/2383 2448/5026/2465
f 2448/5026/2465 2370/5025/2383 2449/5027/2466
f 2350/4832/2363 2366/4856/2379 2373/4862/2386
f 2350/4832/2363 2373/4862/2386 2371/4860/2384
f 2360/4843/2373 2376/4865/2389 2340/4819/2353
f 2355/4838/2368 2364/4847/2377 2356/4839/2369
f 2360/4843/2373 2368/4857/2381 2376/4865/2389
f 2340/4819/2353 2376/4865/2389 2364/4847/2377
f 2374/4868/2387 2378/4867/2391 2372/5028/2385
f 2450/5029/2467 2377/4866/2390 2368/4857/2381
f 2451/5030/2468 2379/4871/2392 2377/4866/2390
f 2380/5031/2393 2452/5032/2469 2375/4869/2388
f 2385/4899/2398 2453/5033/2470 2204/4514/2210
f 2204/4514/2210 2453/5033/2470 2381/4896/2394
f 2454/5034/2471 2384/4897/2397 2208/4892/2214
f 2211/1820/2217 2455/5035/2472 2201/5036/2207
f 2456/5037/2473 2455/5035/2474 2211/1820/2475
f 2456/5038/2473 2211/5039/2475 2457/5040/2476
f 2211/5041/2475 2458/5042/2477 2457/5043/2476
f 2454/5034/2471 2457/5044/2476 2384/4897/2397
f 2459/5045/2478 2383/5046/2479 2460/5047/2480
f 2458/5042/2477 2455/5048/2474 2456/5049/2473
f 2458/5042/2477 2211/5041/2475 2455/5048/2474
f 2201/4497/2207 2455/5050/2472 2062/4116/2066
f 2382/4881/2395 2063/4122/2067 2383/4890/2396
f 1903/4526/1905 2461/5051/2481 2210/4523/2216
f 2455/5050/2472 2064/4121/2068 2062/4116/2066
f 2211/4527/2217 2064/4121/2068 2455/5050/2472
f 2382/4881/2395 1905/3677/1907 2063/4122/2067
f 2461/5051/2481 1903/4526/1905 2212/5052/2218
f 631/1062/631 2386/4900/2399 1577/2930/1577
f 1119/1848/1119 2066/4124/2070 2065/4123/2069
f 1488/2720/1488 2462/5053/2482 1913/3708/1915
f 1378/2495/1378 1914/3709/1916 2463/5054/2483
f 2387/5055/2400 2464/5056/2484 1683/5057/1683
f 2464/5058/2484 2465/5059/2485 1683/5060/1683
f 1683/3151/1683 2465/5061/2485 1919/3727/1921
f 2079/4171/2083 2466/5062/2486 2213/4905/2219
f 1919/5063/1921 2465/5064/2485 2215/5065/2221
f 2216/4906/2222 2467/5066/2487 2079/4171/2083
f 2099/2054/2103 2468/5067/2488 1967/3841/1969
f 1962/5068/1964 2469/5069/2489 1618/3446/1618
f 2100/5070/2104 2469/5071/2489 1962/5072/1964
f 2102/4584/2106 2470/5073/2490 1961/3824/1963
f 1618/3446/1618 2469/5069/2489 1815/3447/1815
f 2101/5074/2105 1968/4587/1970 2389/4911/2402
f 1967/3841/1969 2468/5067/2488 2219/4591/2225
f 1815/5075/1815 2471/5076/2491 2102/5077/2106
f 1815/5075/1815 2472/5078/2492 2471/5076/2491
f 2102/5077/2106 2471/5076/2491 2392/4915/2405
f 2471/5076/2491 2473/5079/2493 2392/4915/2405
f 2390/5080/2403 1975/5081/1977 2104/5082/2108
f 2105/5083/2109 2107/5084/2111 2391/5085/2404
f 2104/5082/2108 2106/5086/2110 2390/5080/2403
f 2473/5079/2493 2110/4595/2114 2392/4915/2405
f 2111/5087/2115 1830/5088/1830 2474/5089/2494
f 2474/5089/2494 1830/5088/1830 1834/4925/1834
f 1835/3493/1835 2115/4278/2119 2113/4276/2117
f 2114/4277/2118 2115/4278/2119 1835/3493/1835
f 2115/4278/2119 1838/3505/1838 2475/5090/2495
f 1838/3505/1838 2116/4281/2120 2475/5090/2495
f 2115/4278/2119 2476/5091/2496 1997/3955/1999
f 2476/5091/2496 2221/4600/2227 1997/3955/1999
f 2475/5090/2495 2116/4281/2120 2477/5092/2497
f 2116/4281/2120 1998/3961/2000 2477/5092/2497
f 2221/4600/2227 2117/4283/2121 1723/3956/1723
f 2477/5092/2497 1998/3961/2000 2126/4299/2130
f 2478/5093/2498 2396/5094/2409 2118/5095/2122
f 2118/5095/2122 2120/4610/2124 2478/5093/2498
f 2224/4603/2230 2223/4602/2229 2479/5096/2499
f 2222/5097/2228 2397/4927/2410 2121/4290/2125
f 2479/5096/2499 2223/4602/2229 2400/4930/2413
f 2480/5098/2500 2481/5099/2501 2225/5100/2231
f 2482/5101/2502 2126/4299/2130 2401/4931/2414
f 2481/5102/2501 2403/4933/2416 2225/4604/2231
f 2400/4930/2413 2399/4929/2412 2483/5103/2503
f 2403/4933/2416 2402/4932/2415 2225/4604/2231
f 2484/5104/2504 2485/5105/2505 2481/5106/2501
f 2481/5102/2501 2485/5107/2505 2403/4933/2416
f 2126/4299/2130 2486/5108/2506 2401/4931/2414
f 2235/4622/2241 2406/4937/2419 2398/4928/2411
f 2398/4928/2411 2410/4941/2423 2399/4929/2412
f 2399/4929/2412 2487/5109/2507 2483/5103/2503
f 2406/4937/2419 2410/4941/2423 2398/4928/2411
f 2399/4929/2412 2410/4941/2423 2487/5109/2507
f 2403/4933/2416 2485/5107/2505 2172/4426/2178
f 2484/5110/2504 2488/5111/2508 2485/5107/2505
f 2401/4931/2414 2486/5108/2506 1440/4284/1440
f 2487/5109/2507 2489/5112/2509 2483/5103/2503
f 1628/3982/1628 2486/5108/2506 2126/4299/2130
f 2487/5109/2507 2490/5113/2510 2489/5112/2509
f 1440/4284/1440 2486/5108/2506 2407/4938/2420
f 2405/4936/2418 2244/4692/2257 1737/4023/1737
f 2485/5107/2505 2415/4954/2432 2172/4426/2178
f 2410/4941/2423 2413/4947/2427 2487/5109/2507
f 2413/4947/2427 2490/5113/2510 2487/5109/2507
f 2491/5114/2511 2404/4935/2417 1733/3269/1733
f 2410/4941/2423 2409/4940/2422 2413/4947/2427
f 2485/5107/2505 2488/5111/2508 2415/4954/2432
f 1628/3982/1628 2238/4640/2244 2492/5115/2512
f 1733/3269/1733 2028/4025/2032 2491/5114/2511
f 2492/5116/2512 2238/5117/2244 2493/5118/2513
f 2494/5119/2514 2411/5120/2424 2005/5121/2009
f 2493/5118/2513 2238/5117/2244 2412/5122/2425
f 2495/5123/2515 2424/4971/2441 2488/5111/2508
f 2412/4943/2425 2007/3984/2011 2496/5124/2516
f 2413/4947/2427 2417/4956/2434 2490/5113/2510
f 2488/5111/2508 2256/4721/2270 2415/4954/2432
f 2424/4971/2441 2256/4721/2270 2488/5111/2508
f 2162/4409/2168 2021/4408/2025 2497/5125/2517
f 2021/4002/2025 2022/4004/2026 2497/5126/2517
f 2019/5127/2023 2023/5128/2027 2498/5129/2518
f 2414/4948/2428 2417/4956/2434 2413/4947/2427
f 2023/4007/2027 2165/4691/2171 2498/5130/2518
f 2019/4946/2023 2498/5131/2518 2499/5132/2519
f 2166/5133/2172 2026/5134/2030 2162/5135/2168
f 2166/5133/2172 2162/5135/2168 2497/5136/2517
f 2498/5131/2518 2165/5137/2171 2500/5138/2520
f 2500/5139/2520 2165/4415/2171 2027/4414/2031
f 2500/5138/2520 2246/5140/2260 2499/5132/2519
f 2027/4414/2031 2246/4696/2260 2500/5139/2520
f 2246/4697/2260 2168/4419/2174 2501/5141/2521
f 2501/5141/2521 2168/4419/2174 2420/4963/2437
f 2419/4962/2436 2423/4970/2440 2417/4956/2434
f 2028/4701/2032 2248/4703/2262 2502/5142/2522
f 2421/4967/2438 2032/4966/2036 2503/5143/2523
f 2503/5143/2523 2032/4966/2036 2504/5144/2524
f 2505/5145/2525 2254/4717/2268 2177/4437/2183
f 2248/4703/2262 2428/5146/2445 2502/5142/2522
f 2422/4969/2439 2506/5147/2526 1862/3588/1862
f 2506/5147/2526 2507/5148/2527 1862/3588/1862
f 2032/4966/2036 2250/5149/2264 2504/5144/2524
f 2502/5142/2522 2428/5146/2445 2508/5150/2528
f 2507/5148/2527 1641/3077/1641 1862/3588/1862
f 2507/5151/2527 2426/5152/2443 1641/5153/1641
f 2509/5154/2529 2250/4708/2264 1869/4707/1869
f 2508/5155/2528 2428/4975/2445 2510/5156/2530
f 2511/5157/2531 2429/4976/2446 1874/3604/1874
f 2509/5158/2529 1869/4986/1869 2512/5159/2532
f 2431/5160/2448 2254/5161/2268 2513/5162/2533
f 2505/5145/2525 2513/5163/2533 2254/4717/2268
f 2510/5156/2530 2428/4975/2445 2429/4976/2446
f 2510/5156/2530 2429/4976/2446 2511/5157/2531
f 1266/2891/1266 2430/4977/2447 2432/5164/2449
f 2430/4977/2447 2255/4979/2269 2431/5165/2448
f 2512/5159/2532 1869/4986/1869 2433/4988/2450
f 2423/5166/2440 2252/5167/2266 2514/5168/2534
f 2434/5169/2451 1875/5170/1875 2041/5171/2045
f 2515/5172/2535 2181/4733/2187 2425/5173/2442
f 2261/5174/2275 2263/5175/2277 2516/5176/2536
f 2435/4995/2452 2259/4994/2273 2517/5177/2537
f 2517/5177/2537 2259/4994/2273 2258/4997/2272
f 2516/5178/2536 2263/4728/2277 2274/4740/2288
f 2514/5168/2534 1886/4064/1886 2439/5002/2456
f 2518/5179/2538 2443/5008/2460 2183/5007/2189
f 2293/5006/2307 2308/4776/2322 2444/5180/2461
f 2446/5181/2463 2315/5018/2329 2443/5008/2460
f 2449/5027/2466 2370/5025/2383 2372/5028/2385
f 2519/5182/2539 2520/5183/2540 2367/5184/2380
f 2450/5185/2467 2368/5186/2381 2367/5184/2380
f 2375/4869/2388 2452/5032/2469 2521/5187/2541
f 2522/5188/2542 2523/5189/2543 2524/5190/2544
f 2525/5191/2545 2526/5192/2546 2527/5193/2547
f 2528/5194/2548 2529/5195/2549 2522/5196/2542
f 2522/5196/2542 2530/5197/2550 2523/5198/2543
f 2523/5198/2543 2531/5199/2551 2532/5200/2552
f 2530/5197/2550 2533/5201/2553 2523/5198/2543
f 2534/5202/2554 2535/5203/2555 2526/5192/2546
f 2526/5192/2546 2535/5203/2555 2536/5204/2556
f 2526/5192/2546 2536/5204/2556 2537/5205/2557
f 2526/5192/2546 2537/5205/2557 2538/5206/2558
f 2526/5192/2546 2538/5206/2558 2527/5193/2547
f 2379/4871/2392 2539/5207/2559 2208/4892/2214
f 2381/4896/2394 2540/5208/2560 2380/5209/2393
f 2522/5196/2542 2541/5210/2561 2530/5197/2550
f 2523/5198/2543 2542/5211/2562 2531/5199/2551
f 2381/4896/2394 2453/5033/2470 2540/5208/2560
f 2529/5195/2549 2541/5210/2561 2522/5196/2542
f 2523/5198/2543 2533/5201/2553 2542/5211/2562
f 2536/5204/2556 2543/5212/2563 2537/5205/2557
f 2530/5197/2550 2541/5210/2561 2544/5213/2564
f 2530/5197/2550 2544/5213/2564 2545/5214/2565
f 2530/5197/2550 2545/5214/2565 2533/5201/2553
f 2533/5201/2553 2531/5199/2551 2542/5211/2562
f 2533/5201/2553 2546/5215/2566 2531/5199/2551
f 2527/5193/2547 2538/5206/2558 2547/5216/2567
f 2540/5208/2560 2453/5033/2470 2529/5195/2549
f 2540/5208/2560 2529/5195/2549 2528/5194/2548
f 2529/5195/2549 2548/5217/2568 2541/5210/2561
f 2537/5205/2557 2543/5212/2563 2549/5218/2569
f 2537/5205/2557 2549/5218/2569 2550/5219/2570
f 2537/5205/2557 2550/5219/2570 2538/5206/2558
f 2544/5213/2564 2551/5220/2571 2545/5214/2565
f 2533/5201/2553 2545/5214/2565 2546/5215/2566
f 2538/5206/2558 2550/5219/2570 2552/5221/2572
f 2538/5206/2558 2552/5221/2572 2547/5216/2567
f 2527/5193/2547 2547/5216/2567 2553/5222/2573
f 2548/5223/2568 2554/5224/2574 2541/5225/2561
f 2541/5210/2561 2554/5226/2574 2544/5213/2564
f 2545/5214/2565 2555/5227/2575 2546/5215/2566
f 2539/5207/2559 2553/5222/2573 2454/5034/2471
f 2539/5207/2559 2454/5034/2471 2208/4892/2214
f 2548/5217/2568 2556/5228/2576 2554/5226/2574
f 2554/5226/2574 2557/5229/2577 2544/5213/2564
f 2544/5213/2564 2558/5230/2578 2551/5220/2571
f 2555/5227/2575 2531/5199/2551 2546/5215/2566
f 2550/5219/2570 2559/5231/2579 2552/5221/2572
f 2453/5033/2470 2548/5217/2568 2529/5195/2549
f 2557/5229/2577 2558/5230/2578 2544/5213/2564
f 2531/5199/2551 2560/5232/2580 2561/5233/2581
f 2547/5216/2567 2552/5221/2572 2562/5234/2582
f 2553/5222/2573 2547/5216/2567 2454/5034/2471
f 2556/5228/2576 2563/5235/2583 2554/5226/2574
f 2554/5226/2574 2563/5235/2583 2557/5229/2577
f 2551/5220/2571 2564/5236/2584 2545/5214/2565
f 2545/5214/2565 2564/5236/2584 2555/5227/2575
f 2555/5227/2575 2560/5232/2580 2531/5199/2551
f 2535/5203/2555 2565/5237/2585 2536/5204/2556
f 2536/5204/2556 2565/5237/2585 2543/5212/2563
f 2550/5219/2570 2549/5218/2569 2566/5238/2586
f 2547/5216/2567 2562/5234/2582 2454/5034/2471
f 2454/5239/2471 2456/5038/2473 2457/5040/2476
f 2453/5033/2470 2459/5240/2587 2460/5241/2588
f 2453/5033/2470 2460/5241/2588 2548/5217/2568
f 2548/5217/2568 2460/5241/2588 2567/5242/2589
f 2548/5217/2568 2567/5242/2589 2556/5228/2576
f 2558/5230/2578 2568/5243/2590 2551/5220/2571
f 2551/5220/2571 2568/5243/2590 2564/5236/2584
f 2550/5219/2570 2569/5244/2591 2559/5231/2579
f 2552/5221/2572 2559/5231/2579 2570/5245/2592
f 2454/5034/2471 2562/5234/2582 2456/5246/2473
f 2563/5235/2583 2571/5247/2593 2557/5229/2577
f 2543/5212/2563 2566/5238/2586 2549/5218/2569
f 2552/5248/2572 2570/5249/2592 2562/5250/2582
f 2453/5033/2470 2385/4899/2398 2459/5240/2587
f 2556/5228/2576 2567/5242/2589 2563/5235/2583
f 2557/5229/2577 2568/5243/2590 2558/5230/2578
f 2564/5236/2584 2560/5232/2580 2555/5227/2575
f 2550/5219/2570 2566/5238/2586 2569/5244/2591
f 2562/5234/2582 2570/5245/2592 2456/5246/2473
f 2456/5246/2473 2570/5245/2592 2384/4897/2397
f 2456/5246/2473 2384/4897/2397 2458/5251/2477
f 2458/5251/2477 2384/4897/2397 2457/5044/2476
f 2459/5240/2587 2385/4899/2398 2460/5241/2588
f 2571/5247/2593 2572/5252/2594 2557/5229/2577
f 2568/5243/2590 2560/5232/2580 2564/5236/2584
f 2573/5253/2595 2574/5254/2596 2535/5203/2555
f 2543/5212/2563 2565/5237/2585 2566/5238/2586
f 2559/5231/2579 2569/5244/2591 2570/5245/2592
f 2384/4897/2397 2060/5255/2064 2209/4519/2215
f 2210/4523/2216 2575/5256/2597 2385/4899/2398
f 2567/5242/2589 2460/5241/2588 2576/5257/2598
f 2567/5242/2589 2577/5258/2599 2563/5235/2583
f 2563/5235/2583 2578/5259/2600 2571/5247/2593
f 2557/5229/2577 2572/5252/2594 2568/5243/2590
f 2568/5243/2590 2579/5260/2601 2560/5232/2580
f 2535/5203/2555 2574/5254/2596 2565/5237/2585
f 2580/5261/2602 2581/5262/2603 2570/5245/2592
f 2570/5245/2592 2581/5262/2603 2384/4897/2397
f 2385/4899/2398 2576/5257/2598 2460/5241/2588
f 2567/5242/2589 2582/5263/2604 2577/5258/2599
f 2578/5259/2600 2572/5252/2594 2571/5247/2593
f 2572/5252/2594 2583/5264/2605 2568/5243/2590
f 2566/5238/2586 2584/5265/2606 2569/5244/2591
f 2570/5245/2592 2569/5244/2591 2580/5261/2602
f 2576/5257/2598 2582/5263/2604 2567/5242/2589
f 2577/5258/2599 2582/5263/2604 2578/5259/2600
f 2577/5258/2599 2578/5259/2600 2563/5235/2583
f 2568/5243/2590 2583/5264/2605 2579/5260/2601
f 2384/4897/2397 2581/5262/2603 2060/5255/2064
f 2385/4899/2398 2575/5256/2597 2576/5257/2598
f 2572/5252/2594 2578/5259/2600 2583/5264/2605
f 2584/5265/2606 2580/5261/2602 2569/5244/2591
f 2210/4523/2216 2461/5051/2481 2575/5256/2597
f 2576/5257/2598 2575/5256/2597 2585/5266/2607
f 2576/5257/2598 2585/5266/2607 2582/5263/2604
f 2583/5264/2605 2586/5267/2608 2579/5260/2601
f 2587/5268/2609 2560/5232/2580 2579/5260/2601
f 2580/5261/2602 2588/5269/2610 2581/5262/2603
f 2581/5262/2603 2588/5269/2610 2589/5270/2611
f 2581/5262/2603 2589/5270/2611 2060/5255/2064
f 2590/5271/2612 2461/5051/2481 2212/5052/2218
f 2566/5238/2586 2565/5237/2585 2591/5272/2613
f 2590/5271/2612 2592/5273/2614 2461/5051/2481
f 2575/5256/2597 2461/5051/2481 2593/5274/2615
f 2593/5274/2615 2585/5266/2607 2575/5256/2597
f 2585/5266/2607 2578/5259/2600 2582/5263/2604
f 2585/5275/2607 2593/5276/2615 2578/5277/2600
f 2587/5268/2609 2579/5260/2601 2586/5267/2608
f 2584/5265/2606 2566/5238/2586 2591/5272/2613
f 2588/5269/2610 2594/5278/2616 2589/5270/2611
f 2578/5259/2600 2586/5267/2608 2583/5264/2605
f 2580/5261/2602 2595/5279/2617 2588/5269/2610
f 2461/5051/2481 2592/5273/2614 2593/5274/2615
f 2578/5259/2600 2596/5280/2618 2586/5267/2608
f 2584/5265/2606 2591/5272/2613 2580/5261/2602
f 2588/5269/2610 2595/5279/2617 2594/5278/2616
f 2580/5261/2602 2591/5272/2613 2595/5279/2617
f 2593/5274/2615 2597/5281/2619 2578/5259/2600
f 2578/5259/2600 2597/5281/2619 2596/5280/2618
f 2593/5274/2615 2592/5273/2614 2597/5281/2619
f 2598/5282/2620 2586/5267/2608 2596/5280/2618
f 2592/5273/2614 2599/5283/2621 2597/5281/2619
f 2600/5284/2622 2601/5285/2623 2591/5272/2613
f 2591/5272/2613 2601/5285/2623 2595/5279/2617
f 2595/5279/2617 2601/5285/2623 2594/5278/2616
f 2597/5281/2619 2598/5282/2620 2596/5280/2618
f 1577/2930/1577 2602/5286/2624 1370/2482/1370
f 2603/5287/2625 1478/2706/1478 1370/2482/1370
f 2603/5287/2625 1779/3371/1779 1478/2706/1478
f 2604/5288/2626 1295/2307/1295 2069/4137/2073
f 2462/5053/2482 1488/2720/1488 1779/3371/1779
f 2069/4137/2073 1378/2495/1378 2463/5054/2483
f 2605/5289/2627 1914/5290/1916 1296/5291/1296
f 2606/5292/2628 2387/5293/2400 1913/5294/1915
f 2605/5295/2627 1296/5296/1296 2607/5297/2629
f 2607/5297/2629 1296/5296/1296 2213/5298/2219
f 2608/5299/2630 2213/5300/2219 2466/5301/2486
f 2467/5066/2487 2216/4906/2222 2609/5302/2631
f 1920/4909/1922 2388/5303/2401 1792/4205/1792
f 2388/4907/2401 1136/1887/1136 1792/3399/1792
f 2099/4245/2103 1961/3824/1963 2610/5304/2632
f 2101/5074/2105 2389/4911/2402 2100/5070/2104
f 2389/4911/2402 2103/4586/2107 2611/5305/2633
f 2219/5306/2225 2612/5307/2634 1974/5308/1976
f 2105/4253/2109 1974/3872/1976 2612/5309/2634
f 2392/4915/2405 2613/5310/2635 2102/5077/2106
f 2612/5307/2634 2107/5084/2111 2105/5083/2109
f 2473/5079/2493 2614/5311/2636 2110/4595/2114
f 2106/5086/2110 2108/5312/2112 2390/5080/2403
f 2390/5080/2403 2108/5312/2112 2111/5087/2115
f 2392/5313/2405 2393/5314/2406 2615/5315/2637
f 2392/4915/2405 1832/3490/1832 2393/5316/2406
f 2616/5317/2638 1831/5318/1831 2110/5319/2114
f 2616/5320/2638 2395/4924/2408 1831/3487/1831
f 2115/4278/2119 2475/5090/2495 2476/5091/2496
f 2476/5091/2496 2475/5090/2495 2221/4600/2227
f 2475/5090/2495 2477/5092/2497 2221/4600/2227
f 2482/5101/2502 2117/4283/2121 2221/4600/2227
f 2221/4600/2227 2477/5092/2497 2482/5101/2502
f 2482/5101/2502 2401/4931/2414 2117/4283/2121
f 2396/5094/2409 2478/5093/2498 2617/5321/2639
f 2477/5092/2497 2126/4299/2130 2482/5101/2502
f 2224/5322/2230 2618/5323/2640 2222/5324/2228
f 2479/5325/2499 2618/5323/2640 2224/5322/2230
f 2617/5326/2639 2225/5100/2231 2396/5327/2409
f 2478/5093/2498 2120/4610/2124 2619/5328/2641
f 2120/4610/2124 2229/4609/2235 2619/5328/2641
f 2397/4927/2410 2405/4936/2418 1999/4304/2001
f 2483/5103/2503 2489/5112/2509 2620/5329/2642
f 2489/5330/2509 2621/5331/2643 2620/5332/2642
f 2489/5112/2509 2490/5113/2510 2621/5333/2643
f 2139/4349/2145 2411/4942/2424 2622/5334/2644
f 2490/5335/2510 2623/5336/2645 2621/5331/2643
f 2490/5113/2510 2417/4956/2434 2623/5337/2645
f 2495/5338/2515 2624/5339/2646 2424/5340/2441
f 2022/4944/2026 2625/5341/2647 2497/5136/2517
f 2498/5131/2518 2500/5138/2520 2499/5132/2519
f 2491/5342/2511 2028/4701/2032 2502/5142/2522
f 2497/5136/2517 2625/5341/2647 2166/5133/2172
f 2244/5343/2257 2626/5344/2648 2177/4437/2183
f 2166/5133/2172 2625/5341/2647 2416/5345/2433
f 2177/4437/2183 2626/5344/2648 2505/5145/2525
f 2247/4957/2261 2418/4959/2435 2627/5346/2649
f 2625/5347/2647 2418/4961/2435 2416/4960/2433
f 2417/5348/2434 2423/5166/2440 2623/5336/2645
f 2501/5349/2521 2420/5350/2437 2421/5351/2438
f 2247/5352/2261 2627/5353/2649 2170/5354/2176
f 2628/5355/2650 2425/5173/2442 2424/5340/2441
f 2627/5356/2649 2422/4969/2439 2170/4968/2176
f 2629/5357/2651 2502/5142/2522 2508/5150/2528
f 2509/5154/2529 2630/5358/2652 2250/4708/2264
f 2430/4977/2447 2431/5165/2448 2631/5359/2653
f 2431/5165/2448 2513/5360/2533 2631/5359/2653
f 2505/5361/2525 2631/5362/2653 2513/5363/2533
f 2632/5364/2654 2631/5362/2653 2505/5361/2525
f 1874/3604/1874 2434/5365/2451 2633/5366/2655
f 2634/5367/2656 2257/4983/2271 2432/4985/2449
f 2433/4989/2657 2635/5368/2658 2634/5369/2659
f 2433/4989/2450 2257/4722/2271 2634/5369/2656
f 2514/5168/2534 2252/5167/2266 1886/4064/1886
f 2261/5174/2275 2516/5176/2536 2636/5370/2660
f 2515/5172/2535 2438/5001/2455 2181/4733/2187
f 2637/5371/2661 2436/5372/2453 2261/5373/2275
f 2258/4997/2272 2437/4999/2454 2638/5374/2662
f 2638/5374/2662 2437/4999/2454 2639/5375/2663
f 2436/5376/2453 2640/5377/2664 2440/5378/2457
f 2437/5379/2454 2290/5380/2304 2639/5381/2663
f 2639/5381/2663 2290/5380/2304 2641/5382/2665
f 2279/5383/2293 2642/5384/2666 2274/5385/2288
f 2518/5179/2538 2183/5007/2189 2438/5386/2455
f 2440/5378/2457 2640/5377/2664 2442/5019/2459
f 2446/5014/2463 2642/5384/2666 2314/5012/2328
f 2293/5006/2307 2444/5180/2461 2643/5387/2667
f 2286/5009/2300 2644/5388/2668 2444/5010/2461
f 2286/4752/2300 2441/5004/2458 2644/5389/2668
f 2518/5390/2538 2446/5014/2463 2443/5391/2460
f 2645/5392/2669 2367/5184/2380 2447/5020/2464
f 2645/5392/2669 2519/5182/2539 2367/5184/2380
f 2367/5184/2380 2520/5183/2540 2450/5185/2467
f 2526/5192/2546 2525/5191/2545 2646/5393/2670
f 2377/5394/2390 2647/5395/2671 2451/5396/2468
f 2522/5196/2542 2524/5397/2544 2528/5194/2548
f 2524/5397/2544 2523/5198/2543 2648/5398/2672
f 2648/5398/2672 2523/5198/2543 2649/5399/2673
f 2646/5400/2670 2650/5401/2674 2526/5402/2546
f 2523/5198/2543 2532/5200/2552 2649/5399/2673
f 2527/5193/2547 2553/5222/2573 2525/5191/2545
f 2452/5032/2469 2380/5031/2393 2521/5187/2541
f 2380/5209/2393 2651/5403/2675 2521/5404/2541
f 2650/5405/2674 2534/5202/2554 2526/5192/2546
f 2379/4871/2392 2451/5030/2468 2539/5207/2559
f 2540/5208/2560 2651/5403/2675 2380/5209/2393
f 2531/5199/2551 2652/5406/2676 2532/5200/2552
f 2451/5030/2468 2653/5407/2677 2539/5207/2559
f 2653/5407/2677 2553/5222/2573 2539/5207/2559
f 2651/5408/2675 2540/5409/2560 2528/5410/2548
f 2531/5199/2551 2561/5233/2581 2652/5406/2676
f 2535/5411/2555 2534/5412/2554 2573/5413/2595
f 2589/5414/2611 2386/5415/2399 2060/5416/2064
f 2574/5254/2596 2654/5417/2678 2565/5237/2585
f 2654/5417/2678 2591/5272/2613 2565/5237/2585
f 2655/5418/2679 2592/5273/2614 2590/5271/2612
f 2386/4900/2399 2656/5419/2680 1577/2930/1577
f 2598/5282/2620 2657/5420/2681 2586/5267/2608
f 2594/5421/2616 2658/5422/2682 2589/5423/2611
f 2654/5424/2678 2600/5425/2622 2591/5426/2613
f 2592/5273/2614 2655/5418/2679 2599/5283/2621
f 2601/5285/2623 2658/5427/2682 2594/5278/2616
f 2066/4124/2070 1774/3358/1774 2659/5428/2683
f 2602/5286/2624 2660/5429/2684 1370/2482/1370
f 1295/2307/1295 2604/5288/2626 2661/5430/2685
f 2463/5431/2483 1914/5432/1916 2605/5433/2627
f 2606/5434/2628 2662/5435/2686 2387/5055/2400
f 2387/5055/2400 2662/5435/2686 2464/5056/2484
f 2607/5297/2629 2213/5298/2219 2608/5436/2630
f 2215/4545/2221 2663/5437/2687 1920/3728/1922
f 2609/5438/2631 2466/5439/2486 2467/5440/2487
f 2467/5066/2487 2466/5062/2486 2079/4171/2083
f 2663/5441/2687 2388/5303/2401 1920/4909/1922
f 2388/4907/2401 2216/4906/2222 1925/3740/1927
f 1961/5442/1963 2470/5443/2490 2610/5444/2632
f 1815/5075/1815 2469/5071/2489 2472/5078/2492
f 2100/5070/2104 2664/5445/2688 2469/5071/2489
f 2100/5070/2104 2389/4911/2402 2664/5445/2688
f 2468/5446/2488 2665/5447/2689 2219/5306/2225
f 2102/5077/2106 2666/5448/2690 2470/5443/2490
f 2103/4586/2107 2390/5080/2403 2611/5305/2633
f 2613/5310/2635 2392/4915/2405 2615/5449/2637
f 2107/5084/2111 2612/5307/2634 2109/5450/2113
f 2614/5311/2636 2616/5320/2638 2110/4595/2114
f 2480/5098/2500 2225/5100/2231 2617/5326/2639
f 2397/4927/2410 2222/5097/2228 2667/5451/2691
f 2668/5452/2692 2479/5325/2499 2400/5453/2413
f 2619/5328/2641 2229/4609/2235 2404/4935/2417
f 2668/5452/2692 2400/5453/2413 2669/5454/2693
f 2669/5454/2693 2400/5453/2413 2483/5455/2503
f 2483/5103/2503 2620/5329/2642 2670/5456/2694
f 2671/5457/2695 2672/5458/2696 2405/4936/2418
f 2673/5459/2697 2488/5111/2508 2484/5110/2504
f 2672/5458/2696 2244/4692/2257 2405/4936/2418
f 2491/5114/2511 2674/5460/2698 2404/4935/2417
f 1628/3982/1628 2492/5115/2512 2675/5461/2699
f 2672/5462/2696 2676/5463/2700 2244/5343/2257
f 2677/5464/2701 2494/5465/2514 2005/4348/2009
f 2678/5466/2702 2493/5118/2513 2412/5122/2425
f 2412/5122/2425 2496/5467/2516 2678/5466/2702
f 2679/5468/2703 2491/5342/2511 2629/5357/2651
f 2019/4946/2023 2680/5469/2704 2007/3984/2011
f 2626/5344/2648 2676/5463/2700 2681/5470/2705
f 2629/5357/2651 2491/5342/2511 2502/5142/2522
f 2682/5471/2706 2625/5341/2647 2022/4944/2026
f 2019/4946/2023 2499/5132/2519 2680/5469/2704
f 2244/5343/2257 2676/5463/2700 2626/5344/2648
f 2624/5339/2646 2628/5355/2650 2424/5340/2441
f 2499/5472/2519 2246/4697/2260 2501/5141/2521
f 2683/5473/2707 2623/5336/2645 2423/5166/2440
f 2684/5474/2708 2626/5344/2648 2681/5470/2705
f 2421/5351/2438 2503/5475/2523 2501/5349/2521
f 2627/5476/2649 2418/5477/2435 2506/5478/2526
f 2685/5479/2709 2686/5480/2710 2687/5481/2711
f 2687/5481/2711 2686/5480/2710 2688/5482/2712
f 2629/5357/2651 2686/5480/2710 2685/5479/2709
f 2505/5145/2525 2626/5344/2648 2632/5483/2654
f 2684/5474/2708 2689/5484/2713 2626/5344/2648
f 2508/5150/2528 2686/5480/2710 2629/5357/2651
f 2626/5344/2648 2689/5484/2713 2632/5483/2654
f 2690/5485/2714 2689/5484/2713 2684/5474/2708
f 2688/5482/2712 2686/5480/2710 2691/5486/2715
f 2691/5487/2715 2686/5488/2710 2508/5155/2528
f 2508/5155/2528 2510/5156/2530 2511/5157/2531
f 2631/5489/2653 2632/5483/2654 2689/5484/2713
f 2631/5359/2653 2689/5490/2713 2690/5491/2714
f 2692/5492/2716 2427/4974/2444 2426/4973/2443
f 2509/5493/2529 2512/5494/2532 2433/5495/2450
f 2683/5473/2707 2423/5166/2440 2693/5496/2717
f 2692/5492/2716 2041/4435/2045 2427/4974/2444
f 2694/5497/2718 2515/5172/2535 2425/5173/2442
f 2693/5496/2717 2423/5166/2440 2514/5168/2534
f 2433/5495/2450 2634/5498/2656 2695/5499/2719
f 2517/5177/2537 2258/4997/2272 2638/5374/2662
f 2696/5500/2720 2516/5176/2536 2274/5385/2288
f 2637/5371/2661 2261/5373/2275 2697/5501/2721
f 2637/5502/2661 2640/5377/2664 2436/5376/2453
f 2642/5384/2666 2279/5383/2293 2314/5012/2328
f 2698/5503/2722 2439/5504/2456 2293/5006/2307
f 2698/5503/2722 2293/5006/2307 2643/5387/2667
f 2290/5380/2304 2445/5015/2462 2641/5382/2665
f 2644/5505/2668 2441/5506/2458 2699/5507/2723
f 2700/5508/2724 2445/5015/2462 2328/5017/2341
f 2701/5509/2725 2447/5020/2464 2442/5019/2459
f 2700/5508/2724 2328/5017/2341 2702/5510/2726
f 2702/5510/2726 2328/5017/2341 2448/5026/2465
f 2703/5511/2727 2449/5027/2466 2372/5028/2385
f 2704/5512/2728 2372/5028/2385 2378/4867/2391
f 2705/5513/2729 2377/5514/2390 2450/5515/2467
f 2706/5516/2730 2378/4867/2391 2375/4869/2388
f 2521/5187/2541 2707/5517/2731 2375/4869/2388
f 2708/5518/2732 2646/5519/2670 2525/5520/2545
f 2709/5521/2733 2553/5522/2573 2653/2660/2677
f 2561/5523/2581 2560/5524/2580 2710/5525/2734
f 2711/5526/2735 2561/5523/2581 2710/5525/2734
f 2573/5413/2595 2712/5527/2736 2574/5528/2596
f 2710/5525/2734 2560/5524/2580 2587/5529/2609
f 2654/5424/2678 2574/5528/2596 2712/5527/2736
f 2587/5529/2609 2586/5530/2608 2657/5531/2681
f 2713/5532/2737 2212/4529/2218 2065/4123/2069
f 2065/4123/2069 2066/4124/2070 2714/5533/2738
f 2598/5534/2620 2715/5535/2739 2657/5531/2681
f 2656/5419/2680 2602/5286/2624 1577/2930/1577
f 2658/5422/2682 2601/5536/2623 2716/5537/2740
f 2599/5283/2621 2717/5538/2741 2597/5281/2619
f 2717/5538/2741 2598/5282/2620 2597/5281/2619
f 2660/5429/2684 2603/5287/2625 1370/2482/1370
f 2718/5539/2742 1779/5540/1779 2603/5541/2625
f 2719/5542/2743 2604/5288/2626 2069/4137/2073
f 2718/5543/2742 2462/5544/2482 1779/5545/1779
f 2462/5546/2482 2606/5292/2628 1913/5294/1915
f 2720/5547/2744 2464/5056/2484 2662/5435/2686
f 2720/5547/2744 2465/5548/2485 2464/5056/2484
f 2721/5549/2745 2215/5065/2221 2465/5064/2485
f 2722/5550/2746 2388/5303/2401 2663/5441/2687
f 2610/5444/2632 2470/5443/2490 2723/5551/2747
f 2723/5551/2747 2099/5552/2103 2610/5444/2632
f 2666/5553/2690 2102/5554/2106 2613/2983/2635
f 2471/5076/2491 2472/5078/2492 2473/5079/2493
f 2665/5447/2689 2612/5307/2634 2219/5306/2225
f 2473/5079/2493 2472/5078/2492 2614/5311/2636
f 2612/5307/2634 2724/5555/2748 2109/5450/2113
f 2109/5450/2113 2724/5555/2748 2112/4921/2116
f 2724/5555/2748 2394/4922/2407 2112/4921/2116
f 1625/3915/1625 2394/4922/2407 1712/3916/1712
f 2393/5316/2406 1712/3916/1712 2394/4922/2407
f 2395/4924/2408 2725/5556/2749 1834/4925/1834
f 2478/5093/2498 2726/5557/2750 2617/5321/2639
f 2478/5093/2498 2619/5328/2641 2726/5557/2750
f 2222/5324/2228 2618/5323/2640 2667/5558/2691
f 2479/5325/2499 2668/5452/2692 2618/5323/2640
f 2480/5098/2500 2727/5559/2751 2481/5099/2501
f 2669/5454/2693 2483/5455/2503 2670/5560/2694
f 2728/5561/2752 2484/5562/2504 2481/5099/2501
f 2397/4927/2410 2671/5457/2695 2405/4936/2418
f 2620/5332/2642 2621/5331/2643 2729/5563/2753
f 2486/5108/2506 2730/5564/2754 2407/4938/2420
f 2674/5565/2698 2491/5342/2511 2731/5566/2755
f 2671/5567/2695 2732/5568/2756 2672/5462/2696
f 2672/5462/2696 2732/5568/2756 2676/5463/2700
f 2407/4938/2420 2677/5464/2701 2005/4348/2009
f 2493/5569/2513 2733/5570/2757 2492/5115/2512
f 2493/5569/2513 2678/5571/2702 2733/5570/2757
f 2494/5119/2514 2734/5572/2758 2411/5120/2424
f 2411/5120/2424 2734/5572/2758 2622/5573/2644
f 2491/5342/2511 2679/5468/2703 2731/5566/2755
f 2731/5566/2755 2687/5481/2711 2735/5574/2759
f 2731/5566/2755 2679/5468/2703 2687/5481/2711
f 2007/3984/2011 2736/5575/2760 2496/5124/2516
f 2732/5568/2756 2681/5470/2705 2676/5463/2700
f 2496/5124/2516 2736/5575/2760 2678/5571/2702
f 2022/4944/2026 2139/4349/2145 2682/5471/2706
f 2624/5339/2646 2737/5576/2761 2628/5355/2650
f 2679/5468/2703 2685/5479/2709 2687/5481/2711
f 2732/5568/2756 2684/5474/2708 2681/5470/2705
f 2679/5468/2703 2629/5357/2651 2685/5479/2709
f 2680/5469/2704 2499/5132/2519 2501/5349/2521
f 2625/5341/2647 2682/5471/2706 2418/5477/2435
f 2418/5477/2435 2682/5471/2706 2506/5478/2526
f 2501/5349/2521 2503/5475/2523 2504/5577/2524
f 2627/5476/2649 2506/5478/2526 2422/5578/2439
f 2738/5579/2762 2687/5481/2711 2688/5482/2712
f 2507/5580/2527 2739/5581/2763 2692/5582/2716
f 2504/5583/2524 2250/5584/2264 2630/5585/2652
f 2684/5474/2708 2740/5586/2764 2690/5485/2714
f 2741/5587/2765 2740/5586/2764 2684/5474/2708
f 2628/5355/2650 2694/5497/2718 2425/5173/2442
f 2507/5151/2527 2692/5588/2716 2426/5152/2443
f 2688/5589/2712 2742/5590/2766 2738/5591/2762
f 2508/5155/2528 2511/5157/2531 2691/5487/2715
f 2511/5157/2531 1874/3604/1874 2633/5366/2655
f 2630/5592/2652 2509/5493/2529 2433/5495/2450
f 2630/5592/2652 2433/5495/2450 2743/5593/2767
f 2692/5582/2716 2739/5581/2763 2041/5594/2045
f 2041/5171/2045 2744/5595/2768 2434/5169/2451
f 2745/5596/2769 2695/5597/2719 2634/5598/2656
f 2433/5495/2450 2695/5499/2719 2745/5599/2769
f 2693/5496/2717 2514/5168/2534 2746/5600/2770
f 2261/5174/2275 2636/5370/2660 2697/5601/2721
f 2516/5176/2536 2696/5500/2720 2636/5370/2660
f 2435/5602/2452 2517/2719/2537 2747/5603/2771
f 2435/5602/2452 2747/5603/2771 2269/5604/2283
f 2514/5168/2534 2439/5002/2456 2748/5605/2772
f 2269/5604/2283 2747/5603/2771 2749/5606/2773
f 2274/5385/2288 2642/5384/2666 2696/5500/2720
f 2269/5604/2283 2749/5606/2773 2699/5507/2723
f 2699/5507/2723 2441/5506/2458 2269/5604/2283
f 2446/5014/2463 2518/5390/2538 2642/5384/2666
f 2644/5388/2668 2643/5607/2667 2444/5010/2461
f 2641/5382/2665 2445/5015/2462 2700/5508/2724
f 2447/5020/2464 2701/5509/2725 2645/5392/2669
f 2449/5027/2466 2702/5510/2726 2448/5026/2465
f 2703/5511/2727 2372/5028/2385 2704/5512/2728
f 2375/4869/2388 2750/5608/2774 2706/5516/2730
f 2375/4869/2388 2707/5517/2731 2750/5608/2774
f 2646/5400/2670 2708/5609/2732 2751/5610/2775
f 2649/5611/2673 2532/5612/2552 2752/5613/2776
f 2751/5610/2775 2650/5401/2674 2646/5400/2670
f 2532/5612/2552 2652/5614/2676 2752/5613/2776
f 2521/5404/2541 2753/5615/2777 2754/5616/2778
f 2528/5410/2548 2524/5617/2544 2755/5618/2779
f 2650/5619/2674 2756/5620/2780 2534/5412/2554
f 2553/5621/2573 2757/5622/2781 2525/5520/2545
f 2553/5621/2573 2709/5623/2733 2757/5622/2781
f 2521/5404/2541 2651/5403/2675 2753/5615/2777
f 2528/5410/2548 2753/5624/2777 2651/5408/2675
f 2758/5625/2782 2712/5527/2736 2573/5413/2595
f 2212/4529/2218 2759/5626/2783 2590/5627/2612
f 2713/5532/2737 2065/4123/2069 2714/5533/2738
f 2658/5422/2682 2760/5628/2784 2589/5423/2611
f 2655/1917/2679 2761/5629/2785 2599/5630/2621
f 2600/5631/2622 2762/5632/2786 2601/5536/2623
f 2066/4124/2070 2659/5428/2683 2714/5533/2738
f 2717/5633/2741 2763/5634/2787 2598/5534/2620
f 2661/5430/2685 1773/3357/1773 1295/2307/1295
f 2069/5635/2073 2764/5636/2788 2719/5637/2743
f 2069/5635/2073 2463/5638/2483 2764/5636/2788
f 2605/5295/2627 2607/5297/2629 2765/5639/2789
f 2607/5297/2629 2608/5436/2630 2765/5639/2789
f 2215/5065/2221 2721/5549/2745 2766/5640/2790
f 2663/5641/2687 2215/5065/2221 2766/5640/2790
f 2608/5436/2630 2466/5642/2486 2767/5643/2791
f 2099/5552/2103 2723/5551/2747 2468/5446/2488
f 2469/5071/2489 2664/5445/2688 2472/5078/2492
f 2470/5443/2490 2613/5310/2635 2723/5551/2747
f 2470/5443/2490 2666/5448/2690 2613/5310/2635
f 2468/5446/2488 2723/5551/2747 2665/5447/2689
f 2614/5311/2636 2472/5078/2492 2664/5445/2688
f 2390/5080/2403 2111/5087/2115 2611/5305/2633
f 2612/5307/2634 2665/5447/2689 2724/5555/2748
f 2615/5449/2637 2393/5316/2406 2613/5310/2635
f 2395/4924/2408 2616/5320/2638 2725/5556/2749
f 2725/5556/2749 2474/5089/2494 1834/4925/1834
f 2618/5323/2640 2768/5644/2792 2667/5558/2691
f 2668/5452/2692 2768/5644/2792 2618/5323/2640
f 2480/5098/2500 2617/5326/2639 2727/5559/2751
f 2667/5451/2691 2769/5645/2793 2397/4927/2410
f 2619/5328/2641 2404/4935/2417 2770/5646/2794
f 2481/5099/2501 2727/5559/2751 2728/5561/2752
f 2397/4927/2410 2769/5645/2793 2671/5457/2695
f 2404/5647/2417 2674/5565/2698 2770/5648/2794
f 2728/5561/2752 2771/5649/2795 2484/5562/2504
f 2729/5563/2753 2670/5650/2694 2620/5332/2642
f 2674/5565/2698 2731/5566/2755 2735/5574/2759
f 2671/5567/2695 2772/5651/2796 2732/5568/2756
f 2486/5108/2506 1628/3982/1628 2675/5461/2699
f 2772/5651/2796 2773/5652/2797 2732/5568/2756
f 2729/5563/2753 2621/5331/2643 2623/5336/2645
f 2774/5653/2798 2773/5652/2797 2772/5651/2796
f 2733/5570/2757 2775/5654/2799 2492/5115/2512
f 2735/5574/2759 2776/5655/2800 2777/5656/2801
f 2775/5654/2799 2778/5657/2802 2779/5658/2803
f 2773/5652/2797 2774/5653/2798 2780/5659/2804
f 2139/4349/2145 2622/5334/2644 2781/5660/2805
f 2782/5661/2806 2783/5662/2807 2677/5464/2701
f 2007/3984/2011 2680/5469/2704 2736/5575/2760
f 2732/5568/2756 2773/5652/2797 2784/5663/2808
f 2732/5568/2756 2784/5663/2808 2684/5474/2708
f 2694/5497/2718 2628/5355/2650 2737/5576/2761
f 2139/4349/2145 2781/5660/2805 2682/5471/2706
f 2773/5652/2797 2780/5659/2804 2784/5663/2808
f 2735/5574/2759 2738/5579/2762 2776/5655/2800
f 2687/5481/2711 2738/5579/2762 2735/5574/2759
f 2785/5664/2809 2777/5656/2801 2776/5655/2800
f 2774/5653/2798 2786/5665/2810 2780/5659/2804
f 2684/5474/2708 2784/5663/2808 2741/5587/2765
f 2784/5663/2808 2780/5659/2804 2786/5665/2810
f 2501/5349/2521 2504/5577/2524 2743/5593/2767
f 2784/5663/2808 2786/5665/2810 2741/5587/2765
f 2682/5471/2706 2507/5666/2527 2506/5478/2526
f 2741/5587/2765 2786/5665/2810 2787/5667/2811
f 2741/5587/2765 2787/5667/2811 2788/5668/2812
f 2789/5669/2813 2787/5667/2811 2786/5665/2810
f 2787/5667/2811 2789/5669/2813 2788/5668/2812
f 2776/5655/2800 2738/5579/2762 2790/5670/2814
f 2507/5671/2527 2682/5672/2706 2739/5673/2763
f 2504/5577/2524 2630/5592/2652 2743/5593/2767
f 2741/5587/2765 2789/5669/2813 2740/5586/2764
f 2788/5674/2812 2789/5675/2813 2741/5676/2765
f 2790/3834/2814 2738/5677/2762 2742/5678/2766
f 2430/5679/2447 2791/5680/2815 2432/4985/2449
f 2690/5485/2714 2740/5586/2764 2792/5681/2816
f 2792/5681/2816 2740/5586/2764 2789/5669/2813
f 2743/5593/2767 2433/5495/2450 2745/5599/2769
f 2793/5682/2817 2515/5172/2535 2694/5497/2718
f 2794/5683/2818 2634/5367/2656 2432/4985/2449
f 2633/5366/2655 2434/5365/2451 2744/5684/2768
f 2744/5685/2768 2041/5686/2045 2795/2207/2819
f 2794/5687/2818 2745/5596/2769 2634/5598/2656
f 2744/5688/2768 2795/5689/2819 2796/4663/2820
f 2515/5172/2535 2793/5682/2817 2438/5001/2455
f 2793/5690/2817 2797/5691/2821 2438/5692/2455
f 2746/5600/2770 2514/5168/2534 2798/5693/2822
f 2748/5694/2772 2798/5695/2822 2514/5696/2534
f 2797/5697/2821 2799/5698/2823 2438/5699/2455
f 2439/5700/2456 2698/5701/2722 2800/5702/2824
f 2799/5698/2823 2518/5703/2538 2438/5699/2455
f 2640/5377/2664 2701/5509/2725 2442/5019/2459
f 2702/5510/2726 2449/5027/2466 2703/5511/2727
f 2519/5182/2539 2705/5704/2729 2520/5183/2540
f 2705/5704/2729 2450/5185/2467 2520/5183/2540
f 2704/5512/2728 2378/4867/2391 2706/5516/2730
f 2801/5705/2825 2377/5514/2390 2705/5513/2729
f 2802/5706/2826 2647/5395/2671 2377/5394/2390
f 2801/5707/2825 2802/5706/2826 2377/5394/2390
f 2803/5708/2827 2524/5617/2544 2648/5709/2672
f 2707/5517/2731 2521/5187/2541 2754/5710/2778
f 2648/5709/2672 2649/5611/2673 2804/5711/2828
f 2804/5711/2828 2649/5611/2673 2752/5613/2776
f 2751/5610/2775 2756/5712/2780 2650/5401/2674
f 2647/5713/2671 2653/5407/2677 2451/5030/2468
f 2709/5714/2733 2653/5407/2677 2647/5713/2671
f 2805/5715/2829 2573/5413/2595 2534/5412/2554
f 2805/5715/2829 2758/5625/2782 2573/5413/2595
f 2806/5716/2830 2590/5627/2612 2759/5626/2783
f 2759/5626/2783 2212/4529/2218 2713/5532/2737
f 2807/5717/2831 2587/5529/2609 2657/5531/2681
f 2808/5718/2832 2655/5719/2679 2590/4044/2612
f 2762/5720/2786 2600/5425/2622 2654/5424/2678
f 2760/5628/2784 2658/5422/2682 2716/5537/2740
f 2761/5721/2785 2809/3761/2833 2599/5722/2621
f 2810/5723/2834 2601/5536/2623 2762/5632/2786
f 2809/5724/2833 2717/5633/2741 2599/5725/2621
f 2763/5634/2787 2715/5535/2739 2598/5534/2620
f 2716/5537/2740 2601/5536/2623 2811/5726/2835
f 2659/5428/2683 1774/3358/1774 1773/3357/1773
f 2660/5429/2684 2812/5727/2836 2603/5287/2625
f 2813/5728/2837 2462/5729/2482 2718/5730/2742
f 2814/5731/2838 2463/5431/2483 2605/5433/2627
f 2815/5732/2839 2465/5548/2485 2720/5547/2744
f 2815/5733/2839 2721/5549/2745 2465/5064/2485
f 2388/4907/2401 2609/5302/2631 2216/4906/2222
f 2389/4911/2402 2816/5734/2840 2664/5445/2688
f 2817/5735/2841 2614/5311/2636 2664/5445/2688
f 2389/4911/2402 2611/5305/2633 2816/5734/2840
f 2111/5087/2115 2474/5089/2494 2611/5305/2633
f 2725/5556/2749 2616/5320/2638 2614/5311/2636
f 2726/5736/2750 2619/5737/2641 2770/5648/2794
f 2818/5738/2842 2819/5739/2843 2769/5740/2793
f 2770/5648/2794 2674/5565/2698 2820/5741/2844
f 2771/5742/2795 2673/5743/2697 2484/5744/2504
f 2769/5740/2793 2772/5651/2796 2671/5567/2695
f 2819/5739/2843 2772/5651/2796 2769/5740/2793
f 2819/5739/2843 2774/5653/2798 2772/5651/2796
f 2674/5565/2698 2777/5656/2801 2820/5741/2844
f 2674/5565/2698 2735/5574/2759 2777/5656/2801
f 2673/5743/2697 2821/5745/2845 2488/5746/2508
f 2730/5564/2754 2677/5464/2701 2407/4938/2420
f 2821/5745/2845 2495/5338/2515 2488/5746/2508
f 2675/5461/2699 2492/5115/2512 2775/5654/2799
f 2777/5656/2801 2785/5664/2809 2822/5747/2846
f 2494/5465/2514 2823/5748/2847 2734/5749/2758
f 2494/5465/2514 2677/5464/2701 2823/5748/2847
f 2495/5338/2515 2737/5576/2761 2624/5339/2646
f 2677/5464/2701 2824/5750/2848 2782/5661/2806
f 2775/5654/2799 2733/5570/2757 2778/5657/2802
f 2823/5751/2847 2622/5573/2644 2734/5572/2758
f 2825/5752/2849 2826/5753/2850 2827/5754/2851
f 2823/5751/2847 2781/5755/2805 2622/5573/2644
f 2827/5754/2851 2828/5756/2852 2825/5752/2849
f 2623/5336/2645 2683/5473/2707 2829/5757/2853
f 2826/5753/2850 2830/5758/2854 2827/5754/2851
f 2774/5653/2798 2828/5756/2852 2786/5665/2810
f 2680/5469/2704 2831/5759/2855 2736/5575/2760
f 2680/5469/2704 2501/5349/2521 2743/5593/2767
f 2828/5756/2852 2827/5754/2851 2786/5665/2810
f 2827/5754/2851 2832/5760/2856 2786/5665/2810
f 2827/5754/2851 2830/5758/2854 2832/5760/2856
f 2776/5655/2800 2790/5670/2814 2785/5664/2809
f 2830/5758/2854 2833/5761/2857 2832/5760/2856
f 2832/4684/2856 2833/5762/2857 2834/5763/2858
f 2786/5665/2810 2832/5760/2856 2789/5669/2813
f 2785/5664/2809 2790/5670/2814 2835/5764/2859
f 2834/5765/2858 2833/5761/2857 2836/5766/2860
f 2832/5760/2856 2834/5765/2858 2836/5766/2860
f 2631/5359/2653 2837/5767/2861 2430/4977/2447
f 2631/5359/2653 2690/5491/2714 2837/5767/2861
f 2836/5766/2860 2833/5761/2857 2838/5768/2862
f 2839/5769/2863 2840/5770/2864 2838/5768/2862
f 2688/5771/2712 2691/5772/2715 2511/1940/2531
f 2832/5760/2856 2836/5766/2860 2789/5669/2813
f 2835/5764/2859 2841/5773/2865 2842/5774/2866
f 2790/5670/2814 2841/5773/2865 2835/5764/2859
f 2789/5669/2813 2836/5766/2860 2792/5681/2816
f 2792/5681/2816 2836/5766/2860 2843/5775/2867
f 2838/5768/2862 2843/5775/2867 2836/5766/2860
f 2842/5776/2866 2841/5777/2865 2844/5778/2868
f 2739/5779/2763 2795/5780/2819 2041/5781/2045
f 2844/5782/2868 2841/5783/2865 2845/5784/2869
f 2846/5785/2870 2844/5786/2868 2845/5787/2869
f 2838/5768/2862 2847/5788/2871 2843/5775/2867
f 2838/5768/2862 2840/5770/2864 2847/5788/2871
f 2693/5789/2717 2746/5790/2770 2840/5770/2864
f 2795/5791/2819 2848/5792/2872 2796/5793/2820
f 2744/5684/2768 2796/5794/2820 2848/5795/2872
f 2745/5796/2769 2794/5683/2818 2849/5797/2873
f 2840/5770/2864 2746/5790/2770 2847/5788/2871
f 2846/5785/2870 2845/5787/2869 2793/5798/2817
f 2850/5799/2874 2746/5800/2770 2851/5801/2875
f 2847/5802/2871 2746/5803/2770 2850/5804/2874
f 2852/5805/2876 2853/5806/2877 2746/5807/2770
f 2854/5808/2878 2799/5809/2823 2793/5810/2817
f 2793/5811/2817 2799/5698/2823 2797/5697/2821
f 2798/5693/2822 2852/5812/2876 2746/5600/2770
f 2798/5693/2822 2748/5605/2772 2852/5812/2876
f 2748/5813/2772 2800/5814/2824 2852/5815/2876
f 2517/5816/2537 2855/5817/2879 2747/5818/2771
f 2638/5374/2662 2855/5819/2879 2517/5177/2537
f 2696/5500/2720 2856/5820/2880 2636/5370/2660
f 2439/5821/2456 2800/5822/2824 2748/5823/2772
f 2639/5824/2663 2641/5825/2665 2857/5826/2881
f 2799/5809/2823 2858/5827/2882 2518/5828/2538
f 2858/5829/2882 2859/5830/2883 2518/5831/2538
f 2518/5832/2538 2860/5833/2884 2642/5834/2666
f 2699/5507/2723 2861/5835/2885 2644/5505/2668
f 2643/5387/2667 2862/5836/2886 2698/5503/2722
f 2518/5837/2538 2863/5838/2887 2860/5839/2884
f 2643/5607/2667 2644/5388/2668 2862/5840/2886
f 2644/5388/2668 2861/5841/2885 2862/5840/2886
f 2859/5842/2883 2863/5843/2887 2518/5844/2538
f 2701/5509/2725 2864/5845/2888 2645/5392/2669
f 2864/5846/2888 2519/5847/2539 2645/5848/2669
f 2865/5849/2889 2647/5395/2671 2802/5706/2826
f 2525/5520/2545 2866/5850/2890 2708/5518/2732
f 2707/5851/2731 2754/5616/2778 2867/5852/2891
f 2865/5853/2889 2868/5854/2892 2647/5713/2671
f 2647/5713/2671 2868/5854/2892 2709/5714/2733
f 2753/5615/2777 2869/5855/2893 2867/5852/2891
f 2754/5616/2778 2753/5615/2777 2867/5852/2891
f 2528/5410/2548 2870/5856/2894 2753/5624/2777
f 2528/5410/2548 2755/5618/2779 2870/5856/2894
f 2534/5412/2554 2756/5620/2780 2805/5715/2829
f 2652/5857/2676 2561/5523/2581 2871/5858/2895
f 2561/5523/2581 2711/5526/2735 2871/5858/2895
f 2710/5525/2734 2587/5529/2609 2807/5717/2831
f 2589/5859/2611 2872/5860/2896 2386/5861/2399
f 2712/5527/2736 2873/5862/2897 2654/5424/2678
f 2589/5423/2611 2874/5863/2898 2872/5864/2896
f 2590/4044/2612 2806/5865/2830 2808/5718/2832
f 2807/5717/2831 2657/5531/2681 2875/5866/2899
f 2589/5423/2611 2760/5628/2784 2874/5863/2898
f 2875/5866/2899 2657/5531/2681 2715/5535/2739
f 2656/5419/2680 2876/5867/2900 2602/5286/2624
f 2715/5535/2739 2763/5634/2787 2875/5866/2899
f 2809/5724/2833 2877/5868/2901 2717/5633/2741
f 2811/5726/2835 2601/5536/2623 2810/5723/2834
f 2714/5869/2738 2659/5870/2683 2878/5871/2902
f 2879/5872/2903 2880/5873/2904 2881/5874/2905
f 2882/5875/2906 2883/5876/2907 2660/5877/2684
f 2660/5877/2684 2883/5876/2907 2812/5878/2836
f 2603/5879/2625 2812/5880/2836 2718/5881/2742
f 2718/5882/2742 2812/5883/2836 2879/5872/2903
f 2879/5872/2903 2881/5874/2905 2718/5882/2742
f 2719/5542/2743 2884/5884/2908 2604/5288/2626
f 2661/5885/2685 2885/5886/2909 1773/5887/1773
f 2463/5431/2483 2886/5888/2910 2764/5889/2788
f 2886/5888/2910 2887/5890/2911 2764/5889/2788
f 2462/5546/2482 2888/5891/2912 2606/5292/2628
f 2606/5434/2628 2889/5892/2913 2662/5435/2686
f 2605/5295/2627 2765/5639/2789 2890/5893/2914
f 2891/5894/2915 2765/5639/2789 2608/5436/2630
f 2892/5895/2916 2722/5550/2746 2663/5441/2687
f 2608/5436/2630 2767/5643/2791 2891/5894/2915
f 2893/5896/2917 2609/5897/2631 2388/5303/2401
f 2609/5438/2631 2894/5898/2918 2466/5439/2486
f 2816/5734/2840 2817/5735/2841 2664/5445/2688
f 2723/5551/2747 2895/5899/2919 2665/5447/2689
f 2723/5551/2747 2613/5310/2635 2895/5899/2919
f 2816/5734/2840 2474/5089/2494 2817/5735/2841
f 2816/5734/2840 2611/5305/2633 2474/5089/2494
f 2665/5447/2689 2895/5899/2919 2724/5555/2748
f 2613/5310/2635 2393/5316/2406 2895/5899/2919
f 2614/5311/2636 2817/5735/2841 2725/5556/2749
f 2474/5089/2494 2725/5556/2749 2817/5735/2841
f 2895/5899/2919 2394/4922/2407 2724/5555/2748
f 2895/5899/2919 2393/5316/2406 2394/4922/2407
f 2617/5900/2639 2896/5901/2920 2727/5902/2751
f 2726/5736/2750 2896/5901/2920 2617/5900/2639
f 2726/5736/2750 2770/5648/2794 2896/5901/2920
f 2667/5903/2691 2818/5738/2842 2769/5740/2793
f 2768/5904/2792 2818/5738/2842 2667/5903/2691
f 2768/5644/2792 2668/5452/2692 2897/5905/2921
f 2668/5452/2692 2669/5454/2693 2897/5905/2921
f 2818/5738/2842 2898/5906/2922 2819/5739/2843
f 2899/5907/2923 2896/5908/2920 2820/5909/2844
f 2770/5648/2794 2820/5741/2844 2896/5901/2920
f 2669/5454/2693 2670/5560/2694 2900/5910/2924
f 2818/5738/2842 2901/5911/2925 2898/5906/2922
f 2771/5742/2795 2902/5912/2926 2673/5743/2697
f 2899/5913/2923 2822/5747/2846 2903/5914/2927
f 2899/5913/2923 2820/5741/2844 2822/5747/2846
f 2903/5914/2927 2822/5747/2846 2904/5915/2928
f 2819/5739/2843 2905/5916/2929 2774/5653/2798
f 2901/5911/2925 2906/5917/2930 2905/5916/2929
f 2673/5743/2697 2902/5912/2926 2821/5745/2845
f 2905/5916/2929 2907/5918/2931 2774/5653/2798
f 2901/5911/2925 2908/5919/2932 2906/5917/2930
f 2820/5741/2844 2777/5656/2801 2822/5747/2846
f 2909/5920/2933 2730/5564/2754 2486/5108/2506
f 2486/5108/2506 2675/5461/2699 2909/5920/2933
f 2822/5747/2846 2910/5921/2934 2904/5915/2928
f 2908/5919/2932 2826/5753/2850 2906/5917/2930
f 2623/5336/2645 2829/5757/2853 2729/5563/2753
f 2675/5461/2699 2775/5654/2799 2911/5922/2935
f 2907/5918/2931 2906/5917/2930 2825/5752/2849
f 2821/5745/2845 2737/5576/2761 2495/5338/2515
f 2822/5747/2846 2785/5664/2809 2910/5921/2934
f 2774/5653/2798 2907/5918/2931 2828/5756/2852
f 2904/5915/2928 2910/5921/2934 2912/5923/2936
f 2907/5918/2931 2825/5752/2849 2828/5756/2852
f 2906/5917/2930 2826/5753/2850 2825/5752/2849
f 2775/5654/2799 2913/5924/2937 2911/5922/2935
f 2779/5658/2803 2913/5924/2937 2775/5654/2799
f 2912/5923/2936 2910/5921/2934 2914/5925/2938
f 2677/5464/2701 2783/5662/2807 2823/5748/2847
f 2678/5571/2702 2915/5926/2939 2733/5570/2757
f 2779/5927/2803 2916/5928/2940 2913/5929/2937
f 2779/5927/2803 2778/5930/2802 2916/5928/2940
f 2736/5931/2760 2915/5932/2939 2678/5933/2702
f 2910/5921/2934 2835/5764/2859 2914/5925/2938
f 2778/5657/2802 2917/5934/2941 2916/5935/2940
f 2918/5936/2942 2914/5925/2938 2844/5786/2868
f 2781/5755/2805 2823/5751/2847 2919/5937/2943
f 2831/5938/2855 2915/5932/2939 2736/5931/2760
f 2826/5753/2850 2920/5939/2944 2839/5769/2863
f 2910/5921/2934 2785/5664/2809 2835/5764/2859
f 2830/5758/2854 2826/5753/2850 2833/5761/2857
f 2918/5936/2942 2844/5786/2868 2921/5940/2945
f 2920/5939/2944 2922/5941/2946 2839/5769/2863
f 2781/5660/2805 2919/5942/2943 2923/5943/2947
f 2778/5657/2802 2924/5944/2948 2917/5934/2941
f 2839/5769/2863 2833/5761/2857 2826/5753/2850
f 2781/5660/2805 2923/5943/2947 2682/5471/2706
f 2693/5496/2717 2922/5945/2946 2683/5473/2707
f 2914/5925/2938 2842/5774/2866 2844/5786/2868
f 2835/5764/2859 2842/5774/2866 2914/5925/2938
f 2917/5934/2941 2924/5944/2948 2925/5946/2949
f 2844/5786/2868 2846/5785/2870 2921/5940/2945
f 2839/5769/2863 2838/5768/2862 2833/5761/2857
f 2839/5769/2863 2922/5941/2946 2840/5770/2864
f 2790/5947/2814 2926/5948/2950 2841/5949/2865
f 2792/5950/2816 2843/5951/2867 2927/5952/2951
f 2743/5593/2767 2745/5599/2769 2849/5953/2873
f 2739/5954/2763 2923/5943/2947 2795/5955/2819
f 2923/5943/2947 2928/5956/2952 2795/5955/2819
f 2929/5957/2953 2848/5958/2872 2795/5959/2819
f 2795/5959/2819 2928/5960/2952 2929/5957/2953
f 2794/5683/2818 2930/5961/2954 2849/5797/2873
f 2931/5962/2955 2932/5963/2956 2933/5964/2957
f 2931/5962/2955 2934/5965/2958 2932/5963/2956
f 2850/5799/2874 2935/5966/2959 2847/5967/2871
f 2845/5784/2869 2936/5968/2960 2793/5969/2817
f 2929/5970/2953 2928/5971/2952 2848/5972/2872
f 2851/5973/2875 2937/5974/2961 2935/5975/2959
f 2850/5799/2874 2851/5801/2875 2935/5966/2959
f 2934/5965/2958 2938/5976/2962 2932/5963/2956
f 2928/5956/2952 2939/5977/2963 2940/5978/2964
f 2928/5956/2952 2941/5979/2965 2939/5977/2963
f 2932/5963/2956 2938/5976/2962 2942/5980/2966
f 2851/5801/2875 2746/5800/2770 2937/5981/2961
f 2793/5969/2817 2936/5968/2960 2854/5982/2878
f 2853/5983/2877 2937/5981/2961 2746/5800/2770
f 2854/5808/2878 2943/5984/2967 2799/5809/2823
f 2944/5985/2968 2943/5984/2967 2854/5808/2878
f 2636/5986/2660 2856/5987/2880 2697/5988/2721
f 2697/5501/2721 2945/5989/2969 2637/5371/2661
f 2856/5987/2880 2945/5990/2969 2697/5988/2721
f 2800/5991/2824 2946/5992/2970 2852/5993/2876
f 2638/5994/2662 2947/5995/2971 2855/5817/2879
f 2856/5987/2880 2948/5996/2972 2945/5990/2969
f 2855/5817/2879 2949/5997/2973 2747/5818/2771
f 2638/5994/2662 2639/5824/2663 2947/5995/2971
f 2949/5997/2973 2950/5998/2974 2951/5999/2975
f 2855/5817/2879 2950/5998/2974 2949/5997/2973
f 2855/5817/2879 2947/5995/2971 2950/5998/2974
f 2696/6000/2720 2952/6001/2976 2856/5987/2880
f 2943/5984/2967 2858/5827/2882 2799/5809/2823
f 2749/6002/2773 2747/5818/2771 2953/6003/2977
f 2747/5818/2771 2949/5997/2973 2953/6003/2977
f 2950/5998/2974 2954/6004/2978 2951/5999/2975
f 2947/5995/2971 2954/6004/2978 2950/5998/2974
f 2947/5995/2971 2639/5824/2663 2857/5826/2881
f 2949/5997/2973 2951/5999/2975 2955/6005/2979
f 2637/6006/2661 2945/5990/2969 2956/6007/2980
f 2856/5987/2880 2952/6001/2976 2948/5996/2972
f 2696/6000/2720 2642/5834/2666 2952/6001/2976
f 2949/5997/2973 2955/6005/2979 2953/6003/2977
f 2952/6001/2976 2957/6008/2981 2948/5996/2972
f 2943/5984/2967 2958/6009/2982 2858/5827/2882
f 2800/5991/2824 2698/5503/2722 2946/5992/2970
f 2698/5503/2722 2959/6010/2983 2946/5992/2970
f 2955/6011/2979 2960/6012/2984 2961/6013/2985
f 2955/6005/2979 2951/5999/2975 2960/6014/2984
f 2951/5999/2975 2954/6004/2978 2960/6014/2984
f 2954/6004/2978 2962/6015/2986 2963/6016/2987
f 2637/6006/2661 2956/6007/2980 2640/6017/2664
f 2945/5990/2969 2964/6018/2988 2956/6007/2980
f 2965/6019/2989 2966/6020/2990 2945/5990/2969
f 2957/6008/2981 2965/6019/2989 2948/5996/2972
f 2947/5995/2971 2857/5826/2881 2962/6015/2986
f 2962/5803/2986 2857/6021/2881 2967/6022/2991
f 2961/6023/2985 2968/6024/2992 2955/6005/2979
f 2961/6023/2985 2960/6014/2984 2968/6024/2992
f 2642/5834/2666 2969/6025/2993 2952/6001/2976
f 2749/6002/2773 2953/6003/2977 2970/6026/2994
f 2955/6005/2979 2968/6024/2992 2953/6003/2977
f 2965/6019/2989 2971/6027/2995 2966/6020/2990
f 2953/6003/2977 2968/6024/2992 2972/6028/2996
f 2963/6016/2987 2973/6029/2997 2960/6014/2984
f 2966/6020/2990 2974/6030/2998 2945/5990/2969
f 2749/6002/2773 2970/6026/2994 2699/6031/2723
f 2968/6024/2992 2975/6032/2999 2972/6028/2996
f 2960/6014/2984 2975/6032/2999 2968/6024/2992
f 2973/6029/2997 2963/6016/2987 2976/6033/3000
f 2962/6015/2986 2976/6033/3000 2963/6016/2987
f 2962/6015/2986 2967/6034/2991 2976/6033/3000
f 2945/5990/2969 2974/6030/2998 2964/6018/2988
f 2977/6035/3001 2978/6036/3002 2698/5503/2722
f 2952/6001/2976 2979/6037/3003 2957/6008/2981
f 2952/6001/2976 2969/6025/2993 2979/6037/3003
f 2642/5834/2666 2860/5833/2884 2969/6025/2993
f 2698/5503/2722 2862/5836/2886 2977/6035/3001
f 2699/6031/2723 2970/6026/2994 2861/6038/2885
f 2953/6003/2977 2980/6039/3004 2970/6026/2994
f 2953/6003/2977 2972/6028/2996 2980/6039/3004
f 2960/6014/2984 2973/6029/2997 2975/6032/2999
f 2640/5377/2664 2956/6040/2980 2701/5509/2725
f 2966/6020/2990 2971/6027/2995 2981/6041/3005
f 2957/6008/2981 2979/6037/3003 2971/6027/2995
f 2860/5833/2884 2982/6042/3006 2969/6025/2993
f 2975/6032/2999 2973/6029/2997 2983/6043/3007
f 2964/6018/2988 2984/6044/3008 2956/6007/2980
f 2863/5838/2887 2985/6045/3009 2860/5839/2884
f 2985/6046/3009 2863/6047/2887 2858/5827/2882
f 2858/5827/2882 2863/6047/2887 2859/6048/2883
f 2861/6049/2885 2977/6035/3001 2862/5836/2886
f 2970/6026/2994 2986/6050/3010 2987/6051/3011
f 2980/6039/3004 2972/6028/2996 2975/6032/2999
f 2976/6033/3000 2988/6052/3012 2973/6029/2997
f 2971/6027/2995 2979/6037/3003 2989/6053/3013
f 2982/6042/3006 2990/6054/3014 2969/6025/2993
f 2861/6038/2885 2970/6026/2994 2991/6055/3015
f 2975/6032/2999 2992/6056/3016 2980/6039/3004
f 2973/6029/2997 2988/6052/3012 2983/6043/3007
f 2700/6057/2724 2857/5826/2881 2641/5825/2665
f 2982/6042/3006 2993/6058/3017 2990/6054/3014
f 2860/5833/2884 2994/6059/3018 2982/6042/3006
f 2985/6060/3009 2995/4457/3019 2860/6061/2884
f 2977/6062/3001 2861/6063/2885 2996/6064/3020
f 2970/6026/2994 2997/6065/3021 2986/6050/3010
f 2970/6026/2994 2980/6039/3004 2997/6065/3021
f 2982/6066/3006 2994/6067/3018 2993/6068/3017
f 2860/5833/2884 2995/6069/3019 2994/6059/3018
f 2991/6055/3015 2996/6070/3020 2861/6038/2885
f 2970/6026/2994 2998/6071/3022 2991/6055/3015
f 2970/6072/2994 2987/6073/3011 2998/6074/3022
f 2987/6051/3011 2986/6050/3010 2999/6075/3023
f 2967/6034/2991 3000/6076/3024 2976/6033/3000
f 2967/6034/2991 2857/5826/2881 3000/6076/3024
f 2981/6041/3005 2974/6030/2998 2966/6020/2990
f 2989/6053/3013 3001/6077/3025 2981/6041/3005
f 2969/6025/2993 3002/6078/3026 2979/6037/3003
f 2990/6054/3014 3002/6078/3026 2969/6025/2993
f 2987/6051/3011 2999/6075/3023 2998/6071/3022
f 2980/6039/3004 2992/6056/3016 2997/6065/3021
f 2992/6056/3016 2983/6043/3007 3003/6079/3027
f 2976/6033/3000 3004/6080/3028 3005/6081/3029
f 2979/6037/3003 3002/6078/3026 2989/6053/3013
f 2997/6082/3021 2992/6083/3016 2986/6084/3010
f 2981/6041/3005 3001/6077/3025 2974/6030/2998
f 2991/6055/3015 2998/6071/3022 3006/6085/3030
f 2986/6050/3010 3007/6086/3031 2999/6075/3023
f 2983/6043/3007 2988/6052/3012 3008/6087/3032
f 2976/6033/3000 3000/6076/3024 3004/6080/3028
f 2956/6007/2980 2864/5846/2888 2701/6088/2725
f 2964/6018/2988 3009/6089/3033 2984/6044/3008
f 2974/6030/2998 3009/6089/3033 2964/6018/2988
f 3001/6077/3025 3010/6090/3034 2974/6030/2998
f 2990/6054/3014 3011/6091/3035 3002/6078/3026
f 2999/6075/3023 3007/6086/3031 2998/6071/3022
f 2983/6043/3007 3008/6087/3032 3003/6079/3027
f 3005/6081/3029 3012/6092/3036 2988/6052/3012
f 2956/6007/2980 3013/6093/3037 2864/5846/2888
f 2984/6044/3008 3013/6093/3037 2956/6007/2980
f 3006/6094/3030 2998/6095/3022 3014/6096/3038
f 3008/6087/3032 2988/6052/3012 3012/6092/3036
f 3012/6092/3036 3005/6081/3029 3004/6080/3028
f 2974/6030/2998 3010/6090/3034 3009/6089/3033
f 2993/6058/3017 3011/6091/3035 2990/6054/3014
f 2857/6097/2881 3015/5225/3039 3000/6098/3024
f 2700/6057/2724 2702/6099/2726 2857/5826/2881
f 3003/6079/3027 3016/6100/3040 2992/6056/3016
f 3007/6086/3031 3017/6101/3041 3014/6102/3038
f 3003/6079/3027 3018/6103/3042 3016/6100/3040
f 3008/6087/3032 3018/6103/3042 3003/6079/3027
f 3008/6087/3032 3012/6092/3036 3018/6103/3042
f 3009/6089/3033 3019/6104/3043 2984/6044/3008
f 3014/6105/3038 3020/6106/3044 3021/6107/3045
f 3014/6102/3038 3017/6101/3041 3020/6108/3044
f 3022/6109/3046 3017/6101/3041 3007/6086/3031
f 2992/6056/3016 3016/6100/3040 3022/6109/3046
f 3012/6092/3036 3004/6080/3028 3023/6110/3047
f 3000/6076/3024 3015/6111/3039 3004/6080/3028
f 3024/6112/3048 3010/6090/3034 3001/6077/3025
f 3025/6113/3049 3026/6114/3050 3011/6091/3035
f 3025/6113/3049 3011/6091/3035 3027/6115/3051
f 3022/6109/3046 3020/6108/3044 3017/6101/3041
f 3028/6116/3052 3016/6100/3040 3018/6103/3042
f 2703/6117/2727 3015/6111/3039 2702/6099/2726
f 3024/6112/3048 3001/6077/3025 3029/6118/3053
f 3029/6118/3053 3026/6114/3050 3025/6113/3049
f 3020/6108/3044 3030/6119/3054 3021/6120/3045
f 3025/6121/3049 3031/6122/3055 3029/6123/3053
f 3027/6115/3051 3032/6124/3056 3025/6113/3049
f 3012/6092/3036 3023/6110/3047 3018/6103/3042
f 3024/6112/3048 3033/6125/3057 3010/6090/3034
f 3032/6124/3056 3031/6126/3055 3025/6113/3049
f 3020/6108/3044 3034/6127/3058 3030/6119/3054
f 3030/6119/3054 3034/6127/3058 3035/6128/3059
f 3020/6108/3044 3036/6129/3060 3034/6127/3058
f 3020/6108/3044 3022/6109/3046 3036/6129/3060
f 3022/6109/3046 3016/6100/3040 3037/6130/3061
f 3023/6110/3047 3038/6131/3062 3018/6103/3042
f 3023/6110/3047 3015/6111/3039 3039/6132/3063
f 3004/6080/3028 3015/6111/3039 3023/6110/3047
f 3031/6126/3055 3040/6133/3064 3029/6118/3053
f 3032/6124/3056 3040/6133/3064 3031/6126/3055
f 3034/6127/3058 3041/6134/3065 3035/6128/3059
f 3034/6127/3058 3036/6129/3060 3041/6134/3065
f 3037/6130/3061 3036/6129/3060 3022/6109/3046
f 3016/6100/3040 3028/6116/3052 3037/6130/3061
f 3028/6116/3052 3042/6135/3066 3037/6130/3061
f 3018/6103/3042 3042/6135/3066 3028/6116/3052
f 3010/6090/3034 3033/6125/3057 3019/6104/3043
f 3029/6118/3053 3043/6136/3067 3024/6112/3048
f 3024/6112/3048 3043/6136/3067 3033/6125/3057
f 3037/6130/3061 3042/6135/3066 3036/6129/3060
f 3023/6110/3047 3039/6132/3063 3038/6131/3062
f 2864/5846/2888 3013/6093/3037 2519/5847/2539
f 2984/6044/3008 3019/6104/3043 3013/6093/3037
f 3044/6137/3068 3013/6093/3037 3019/6104/3043
f 3015/6111/3039 3045/6138/3069 3039/6132/3063
f 3033/6125/3057 3046/6139/3070 3019/6104/3043
f 3038/6131/3062 3047/6140/3071 3042/6135/3066
f 3048/6141/3072 3042/6135/3066 3047/6140/3071
f 3038/6131/3062 3039/6132/3063 3047/6140/3071
f 3015/6111/3039 2703/6117/2727 3045/6138/3069
f 3045/6138/3069 2703/6117/2727 2704/6142/2728
f 3019/6104/3043 3046/6139/3070 3044/6137/3068
f 3033/6143/3057 3049/6144/3073 3050/6145/3074
f 3033/6146/3057 3050/6147/3074 3046/6148/3070
f 3013/6093/3037 3044/6137/3068 3051/6149/3075
f 3048/6141/3072 3052/6150/3076 3053/6151/3077
f 3048/6141/3072 3047/6140/3071 3052/6150/3076
f 2519/5847/2539 3013/6093/3037 2705/6152/2729
f 2705/6152/2729 3013/6093/3037 3051/6149/3075
f 3039/6132/3063 3052/6150/3076 3047/6140/3071
f 3050/6147/3074 3044/6153/3068 3046/6148/3070
f 3039/6132/3063 3054/6154/3078 3052/6150/3076
f 3039/6132/3063 3045/6138/3069 3054/6154/3078
f 3044/6137/3068 2801/6155/2825 3051/6149/3075
f 3050/6147/3074 3055/6156/3079 3044/6153/3068
f 3052/2779/3076 3056/6157/3080 3053/6158/3077
f 2706/6159/2730 3045/6138/3069 2704/6142/2728
f 3044/6137/3068 3055/6160/3079 2801/6155/2825
f 3052/6150/3076 3057/6161/3081 3056/6162/3080
f 3045/6138/3069 2706/6159/2730 3054/6154/3078
f 3054/6154/3078 3057/6161/3081 3052/6150/3076
f 3054/6163/3078 2750/5608/2774 3057/6164/3081
f 2750/6165/2774 3054/6154/3078 2706/6159/2730
f 3051/6149/3075 2801/6155/2825 2705/6152/2729
f 2802/5706/2826 3058/6166/3082 2865/5849/2889
f 2801/5707/2825 3058/6166/3082 2802/5706/2826
f 2707/5517/2731 3059/6167/3083 2750/5608/2774
f 3058/6168/3082 3060/6169/3084 2865/5853/2889
f 2707/6170/2731 3061/6171/3085 3059/6172/3083
f 2867/5852/2891 3061/6173/3085 2707/5851/2731
f 2524/5617/2544 2803/5708/2827 2755/5618/2779
f 2648/5709/2672 2804/5711/2828 2803/5708/2827
f 2865/5853/2889 3060/6169/3084 2868/5854/2892
f 2525/5520/2545 3062/6174/3086 2866/5850/2890
f 2757/5622/2781 3062/6174/3086 2525/5520/2545
f 3063/6175/3087 2757/6176/2781 2868/5854/2892
f 2757/6176/2781 2709/5714/2733 2868/5854/2892
f 2753/5624/2777 2870/5856/2894 2869/6177/2893
f 2752/6178/2776 2652/5857/2676 3064/6179/3088
f 2652/5857/2676 2871/5858/2895 3064/6179/3088
f 2712/5527/2736 2758/5625/2782 2873/5862/2897
f 2872/6180/2896 3065/6181/3089 2386/6182/2399
f 2713/5532/2737 3066/6183/3090 2759/5626/2783
f 3066/6184/3090 3067/6185/3091 2759/6186/2783
f 2759/6186/2783 3067/6185/3091 2806/6187/2830
f 2872/6180/2896 3068/6188/3092 3065/6181/3089
f 2386/4900/2399 3065/6189/3089 2656/5419/2680
f 2713/5532/2737 2714/5533/2738 3066/6183/3090
f 2714/6190/2738 3069/2292/3093 3066/6184/3090
f 3066/6184/3090 3069/2292/3093 3070/6191/3094
f 2654/5424/2678 2873/5862/2897 2762/5720/2786
f 2808/5718/2832 2761/6192/2785 2655/5719/2679
f 2878/5871/2902 3071/6193/3095 2714/5869/2738
f 2763/5634/2787 3072/6194/3096 2875/5866/2899
f 2717/5633/2741 2877/5868/2901 2763/5634/2787
f 2876/6195/2900 3073/6196/3097 3074/6197/3098
f 2876/5867/2900 3074/6198/3098 2602/5286/2624
f 2659/5870/2683 3075/6199/3099 2878/5871/2902
f 2659/5870/2683 3076/6200/3100 3075/6199/3099
f 3074/6201/3098 3077/6202/3101 2602/6203/2624
f 2659/5870/2683 1773/274/1773 3076/6200/3100
f 2602/5286/2624 3078/6204/3102 3079/6205/3103
f 2602/5286/2624 3079/6205/3103 2660/5429/2684
f 3079/6205/3103 2882/6206/2906 2660/5429/2684
f 1773/5887/1773 3080/6207/3104 3081/6208/3105
f 2879/6209/2903 3082/6210/3106 2880/6211/2904
f 3083/6212/3107 3084/6213/3108 2719/6214/2743
f 2884/6215/2908 2719/5223/2743 3084/6216/3108
f 2604/5288/2626 3085/6217/3109 2661/5430/2685
f 2812/6218/2836 3086/6219/3110 3082/6210/3106
f 2812/6218/2836 3082/6210/3106 2879/6209/2903
f 3083/6212/3107 3087/5300/3111 3084/6213/3108
f 3083/6220/3107 2719/5637/2743 3087/6221/3111
f 2884/5884/2908 3084/6222/3108 3088/6223/3112
f 2884/5884/2908 3088/6223/3112 2604/5288/2626
f 2882/5875/2906 3089/6224/3113 2883/5876/2907
f 2812/5878/2836 2883/5876/2907 3086/3744/3110
f 2661/5885/2685 3090/6225/3114 2885/5886/2909
f 1773/5887/1773 2885/5886/2909 3080/6207/3104
f 2813/6226/2837 2888/5891/2912 2462/5546/2482
f 2813/6226/2837 3091/6227/3115 2888/5891/2912
f 2886/5888/2910 2463/5431/2483 2887/5890/2911
f 2463/5431/2483 2814/5731/2838 2887/5890/2911
f 2888/5891/2912 3092/6228/3116 2606/5292/2628
f 3092/6229/3116 2889/5892/2913 2606/5434/2628
f 2662/5435/2686 2889/5892/2913 2720/5547/2744
f 2609/5438/2631 2893/6230/2917 3093/6231/3117
f 2766/5640/2790 3094/6232/3118 2663/5641/2687
f 2893/5896/2917 2388/5303/2401 2722/5550/2746
f 2894/6233/2918 2767/5643/2791 2466/5642/2486
f 2768/5904/2792 2897/6234/2921 2818/5738/2842
f 2727/5902/2751 2896/5901/2920 3095/6235/3119
f 2727/5559/2751 3095/6236/3119 2728/5561/2752
f 3095/6235/3119 2896/5901/2920 2903/5914/2927
f 2897/6234/2921 3096/6237/3120 2818/5738/2842
f 2818/5738/2842 3096/6237/3120 3097/6238/3121
f 2728/5561/2752 3098/6239/3122 2771/5649/2795
f 2896/5901/2920 2899/5913/2923 2903/5914/2927
f 2818/5738/2842 3097/6238/3121 2901/5911/2925
f 3099/6240/3123 3095/6235/3119 2912/5923/2936
f 3095/6235/3119 2903/5914/2927 2912/5923/2936
f 2898/5906/2922 2905/5916/2929 2819/5739/2843
f 2901/5911/2925 2905/5916/2929 2898/5906/2922
f 3097/6238/3121 2908/5919/2932 2901/5911/2925
f 3097/6238/3121 3100/6241/3124 2908/5919/2932
f 2900/6242/2924 2670/6243/2694 3101/6244/3125
f 2729/6245/2753 3101/6246/3125 2670/6247/2694
f 2903/5914/2927 2904/5915/2928 2912/5923/2936
f 3102/6248/3126 3103/6249/3127 3100/6241/3124
f 2908/5919/2932 3100/6241/3124 3104/6250/3128
f 3102/6248/3126 3105/6251/3129 3103/6249/3127
f 2905/5916/2929 2906/5917/2930 2907/5918/2931
f 2908/5919/2932 3104/6250/3128 2826/5753/2850
f 2729/6245/2753 2829/6252/2853 3101/6246/3125
f 2730/5564/2754 2824/5750/2848 2677/5464/2701
f 2675/5461/2699 2911/5922/2935 2909/5920/2933
f 2912/5923/2936 2914/5925/2938 3106/6253/3130
f 2826/5753/2850 3103/6249/3127 2920/5939/2944
f 2918/5936/2942 3107/6254/3131 3098/6255/3122
f 3106/6253/3130 2914/5925/2938 2918/5936/2942
f 3103/6249/3127 3105/6251/3129 2920/5939/2944
f 2824/5750/2848 3108/6256/3132 2782/5661/2806
f 2911/5922/2935 2913/5924/2937 3109/6257/3133
f 2916/5935/2940 3109/6257/3133 2913/5924/2937
f 2829/5757/2853 2683/5473/2707 3110/6258/3134
f 3111/6259/3135 2782/5661/2806 3108/6256/3132
f 2783/6260/2807 2782/6261/2806 3111/6262/3135
f 3105/6251/3129 2922/5941/2946 2920/5939/2944
f 3110/6263/3134 2922/5941/2946 3105/6251/3129
f 2733/5570/2757 3112/6264/3136 2778/5657/2802
f 2918/5936/2942 2921/5940/2945 3107/6254/3131
f 3110/6258/3134 2683/5473/2707 2922/5945/2946
f 3113/6265/3137 3114/6266/3138 2783/6267/2807
f 2916/5935/2940 2917/5934/2941 3115/6268/3139
f 2737/6269/2761 2921/5940/2945 2694/6270/2718
f 2778/5657/2802 3112/6264/3136 2924/5944/2948
f 2823/5751/2847 3116/6271/3140 2919/5937/2943
f 2783/5662/2807 3114/6272/3138 3117/6273/3141
f 3113/6274/3137 3118/6275/3142 3114/6272/3138
f 2915/5926/2939 2831/5759/2855 3112/6264/3136
f 3118/6275/3142 3117/6273/3141 3114/6272/3138
f 2846/5785/2870 2793/5798/2817 2921/5940/2945
f 2694/6270/2718 2921/5940/2945 2793/5798/2817
f 2682/5471/2706 2923/5943/2947 2739/5954/2763
f 3112/6264/3136 2831/5759/2855 2931/5962/2955
f 2680/5469/2704 3119/6276/3143 2831/5759/2855
f 2919/5942/2943 3120/6277/3144 2923/5943/2947
f 2831/5759/2855 3119/6276/3143 2931/5962/2955
f 2680/5469/2704 2743/5593/2767 3119/6276/3143
f 2633/5366/2655 3121/6278/3145 2511/5157/2531
f 2922/5941/2946 2693/5789/2717 2840/5770/2864
f 2790/6279/2814 2742/5590/2766 2926/6280/2950
f 2926/6280/2950 2742/5590/2766 2688/5589/2712
f 2926/6280/2950 2688/5589/2712 2511/6281/2531
f 3122/6282/3146 2837/5767/2861 2690/5491/2714
f 3122/6282/3146 2690/5491/2714 2792/5950/2816
f 2743/5593/2767 2849/5953/2873 3119/6276/3143
f 3116/6283/3140 2941/5979/2965 3120/6277/3144
f 3123/6284/3147 2941/5979/2965 3116/6283/3140
f 3124/6285/3148 2845/5784/2869 2841/5783/2865
f 3120/6277/3144 2941/5979/2965 2923/5943/2947
f 3119/6276/3143 2934/5965/2958 2931/5962/2955
f 2849/5953/2873 2934/5965/2958 3119/6276/3143
f 2927/5952/2951 2843/5951/2867 2847/6286/2871
f 2744/5684/2768 2848/5795/2872 2633/5366/2655
f 2928/5956/2952 2923/5943/2947 2941/5979/2965
f 2848/6287/2872 2928/5956/2952 2940/5978/2964
f 2930/6288/2954 2934/6289/2958 2849/6290/2873
f 2930/1083/2954 2938/6291/2962 2934/6292/2958
f 3125/6293/3149 2939/6294/2963 2941/6295/2965
f 2942/6296/2966 2938/6297/2962 2930/5961/2954
f 2852/5805/2876 3126/6298/3150 2853/5806/2877
f 3126/6299/3150 2852/6300/2876 2946/6301/2970
f 2948/5996/2972 2965/6019/2989 2945/5990/2969
f 2954/6004/2978 2947/5995/2971 2962/6015/2986
f 2963/6016/2987 2960/6014/2984 2954/6004/2978
f 2965/6019/2989 2957/6008/2981 2971/6027/2995
f 2958/6009/2982 3127/6302/3151 2858/5827/2882
f 2698/5503/2722 3128/6303/3152 2959/6010/2983
f 2978/6036/3002 3128/6303/3152 2698/5503/2722
f 3127/6302/3151 3129/6304/3153 2858/5827/2882
f 2858/5827/2882 3129/6304/3153 2985/6046/3009
f 3130/6305/3154 2985/6046/3009 3129/6304/3153
f 3131/6306/3155 2978/6036/3002 2977/6035/3001
f 3130/6307/3154 2995/4457/3019 2985/6060/3009
f 2977/6308/3001 2996/6309/3020 3132/6310/3156
f 3131/6311/3155 2977/6312/3001 3132/6313/3156
f 2983/6043/3007 2992/6056/3016 2975/6032/2999
f 2981/6041/3005 2971/6027/2995 2989/6053/3013
f 3133/6314/3157 2995/6315/3019 3130/6316/3154
f 3133/6317/3157 2994/6318/3018 2995/6319/3019
f 3132/6313/3156 2996/6320/3020 2991/6321/3015
f 2988/6052/3012 2976/6033/3000 3005/6081/3029
f 3133/6322/3157 3134/6323/3158 2994/6324/3018
f 2991/6325/3015 3006/6326/3030 3135/6327/3159
f 3136/6328/3160 2993/6068/3017 2994/6067/3018
f 3137/6329/3161 3135/6327/3159 3006/6326/3030
f 3026/6114/3050 2989/6053/3013 3002/6078/3026
f 3002/6078/3026 3011/6091/3035 3026/6114/3050
f 3006/6094/3030 3014/6096/3038 3137/6330/3161
f 3007/6086/3031 2986/6050/3010 2992/6056/3016
f 2998/6071/3022 3007/6086/3031 3014/6102/3038
f 2702/6099/2726 3015/6111/3039 2857/5826/2881
f 3001/6077/3025 2989/6053/3013 3029/6118/3053
f 3026/6114/3050 3029/6118/3053 2989/6053/3013
f 2992/6056/3016 3022/6109/3046 3007/6086/3031
f 3138/6331/3162 3027/6332/3051 3011/6333/3035
f 3019/6104/3043 3009/6089/3033 3010/6090/3034
f 3139/6334/3163 3021/6107/3045 3030/6335/3054
f 3138/6331/3162 3032/3391/3056 3027/6332/3051
f 3029/6118/3053 3040/6133/3064 3140/6336/3164
f 3140/6336/3164 3040/6133/3064 3032/6124/3056
f 3141/6337/3165 3142/6338/3166 3032/6124/3167
f 3140/6336/3168 3032/6124/3167 3142/6338/3166
f 3143/6339/3169 3144/6340/3170 3142/691/3166
f 3141/6337/3165 3143/6341/3169 3142/6338/3166
f 3035/6342/3059 3145/6343/3171 3146/6344/3172
f 3035/6128/3059 3041/6134/3065 3145/6345/3171
f 3144/6346/3170 3147/6347/3173 3142/6348/3166
f 3140/6349/3168 3142/6350/3166 3147/6351/3173
f 3148/6352/3174 3145/6353/3171 3041/6354/3065
f 3149/6355/3175 3043/6356/3067 3029/6357/3053
f 3150/6358/3176 3036/6359/3060 3042/6360/3066
f 3018/6103/3042 3038/6131/3062 3042/6135/3066
f 3149/6361/3175 3049/6362/3073 3033/6363/3057
f 3033/6364/3057 3043/6365/3067 3149/6366/3175
f 3151/6367/3177 3050/6368/3074 3049/6369/3073
f 3152/6370/3178 3053/6371/3077 3153/6372/3179
f 3152/6373/3178 3048/6374/3072 3053/6375/3077
f 3151/6376/3177 3154/6377/3180 3050/6378/3074
f 3154/6379/3180 3055/6156/3079 3050/6147/3074
f 3155/6380/3181 3053/6158/3077 3056/6157/3080
f 3155/6380/3181 3153/6381/3179 3053/6158/3077
f 3155/6382/3181 3057/6383/3081 3156/6384/3182
f 3155/6382/3181 3056/6385/3080 3057/6383/3081
f 3055/6386/3079 3157/6387/3183 2801/6388/2825
f 3157/6389/3183 3058/6166/3082 2801/5707/2825
f 3156/6390/3182 3057/6164/3081 2750/5608/2774
f 3156/6390/3182 2750/5608/2774 3059/6167/3083
f 3158/6391/3184 2751/5610/2775 2708/5609/2732
f 3159/6392/3185 2755/6393/2779 2803/6394/2827
f 3160/6395/3186 2868/6396/2892 3060/6397/3084
f 3160/6398/3186 3063/6175/3087 2868/5854/2892
f 2867/6399/2891 2869/6400/2893 3161/6401/3187
f 2804/6402/2828 2752/6403/2776 3064/6404/3088
f 3162/6405/3188 2871/5858/2895 2711/5526/2735
f 3162/6405/3188 2711/5526/2735 2710/5525/2734
f 2758/6406/2782 3163/6407/3189 2873/6408/2897
f 3164/6409/3190 2872/6180/2896 2874/6410/2898
f 3164/6409/3190 3068/6188/3092 2872/6180/2896
f 3165/6411/3191 3065/6412/3089 3068/6413/3092
f 3066/6184/3090 3070/6191/3094 3067/6185/3091
f 3166/6414/3192 2806/6415/2830 3067/6416/3091
f 3166/6417/3192 2808/6418/2832 2806/1814/2830
f 3167/6419/3193 2808/6418/2832 3166/6417/3192
f 3065/6420/3089 3168/6421/3194 2656/6422/2680
f 3163/6407/3189 2762/6423/2786 2873/6408/2897
f 3169/6424/3195 2874/5863/2898 2760/5628/2784
f 3168/6421/3194 3170/6425/3196 2656/6422/2680
f 3163/6407/3189 3171/6426/3197 2762/6423/2786
f 2656/5419/2680 3170/6427/3196 2876/5867/2900
f 2714/6428/2738 3071/6429/3095 3069/6430/3093
f 2811/6431/2835 3169/6432/3195 2716/6433/2740
f 3169/6424/3195 2760/5628/2784 2716/5537/2740
f 3170/6434/3196 3172/6435/3198 2876/6195/2900
f 3171/6426/3197 2810/6436/2834 2762/6423/2786
f 3173/6437/3199 2809/6438/2833 2761/6439/2785
f 3174/6440/3200 2876/6195/2900 3172/6435/3198
f 2809/5724/2833 3173/6441/3199 2877/5868/2901
f 3072/6442/3096 2763/6443/2787 2877/6444/2901
f 3174/6440/3200 3073/6196/3097 2876/6195/2900
f 3175/6445/3201 3071/6193/3095 2878/5871/2902
f 3175/6445/3201 2878/5871/2902 3075/6199/3099
f 3073/6196/3097 3176/6446/3202 3074/6197/3098
f 3075/6199/3099 3076/6200/3100 3177/6447/3203
f 3078/6204/3102 2602/5286/2624 3077/6448/3101
f 3178/6449/3204 3076/6450/3100 1773/451/1773
f 3179/6451/3205 3180/6452/3206 3181/6453/3207
f 3182/6454/3208 3181/6453/3207 3180/6452/3206
f 3081/6455/3105 3178/6449/3204 1773/451/1773
f 3179/6456/3205 3181/6457/3207 3183/6458/3209
f 3184/6459/3210 3082/6460/3106 3185/6461/3211
f 3184/6462/3210 2880/6211/2904 3082/6210/3106
f 3184/6462/3210 3186/6463/3212 2880/6211/2904
f 2880/6464/2904 3187/6465/3213 2881/6466/2905
f 3186/6467/3212 3187/6465/3213 2880/6464/2904
f 3084/6468/3108 3087/6469/3111 3188/6470/3214
f 3084/6468/3108 3188/6470/3214 3189/6471/3215
f 3189/6472/3215 3088/6223/3112 3084/6222/3108
f 3085/6473/3109 3090/6474/3114 2661/6475/2685
f 3190/6476/3216 3082/6477/3106 3086/6478/3110
f 3186/6479/3212 2881/6480/2905 3187/6481/3213
f 3186/6482/3212 3191/6483/3217 2881/6484/2905
f 3188/6485/3214 3087/6486/3111 3192/6487/3218
f 3193/6488/3219 3088/6489/3112 3189/5959/3215
f 3088/6490/3112 3194/6491/3220 2604/6492/2626
f 2604/6492/2626 3194/6491/3220 3085/6493/3109
f 2764/5636/2788 3087/6221/3111 2719/5637/2743
f 3195/6494/3221 2718/5882/2742 2881/5874/2905
f 3087/6221/3111 2764/5636/2788 3196/6495/3222
f 2718/5882/2742 3195/6494/3221 2813/6496/2837
f 2890/6497/2914 2814/5731/2838 2605/5433/2627
f 2889/5892/2913 3197/6498/3223 2720/5547/2744
f 2892/6499/2916 2663/5641/2687 3094/6232/3118
f 3197/6498/3223 2815/5732/2839 2720/5547/2744
f 2894/5898/2918 2609/5438/2631 3093/6231/3117
f 3198/6500/3224 2891/5894/2915 2767/5643/2791
f 2897/6234/2921 2669/6501/2693 3096/6237/3120
f 2728/6502/2752 3095/6235/3119 3098/6255/3122
f 2669/6501/2693 2900/6503/2924 3096/6237/3120
f 3096/6237/3120 2900/6503/2924 3102/6248/3126
f 3095/6235/3119 3099/6240/3123 3098/6255/3122
f 3098/6255/3122 3199/6504/3225 2771/6505/2795
f 3096/6237/3120 3100/6241/3124 3097/6238/3121
f 3102/6248/3126 3100/6241/3124 3096/6237/3120
f 3102/6248/3126 2900/6503/2924 3101/6506/3125
f 3199/6504/3225 2902/6507/2926 2771/6505/2795
f 3098/6255/3122 3099/6240/3123 2918/5936/2942
f 2918/5936/2942 3099/6240/3123 3106/6253/3130
f 3101/6506/3125 3105/6251/3129 3102/6248/3126
f 3099/6240/3123 2912/5923/2936 3106/6253/3130
f 3200/6508/3226 3105/6251/3129 3101/6506/3125
f 3199/6504/3225 2821/6509/2845 2902/6507/2926
f 3103/6249/3127 3104/6250/3128 3100/6241/3124
f 3199/6504/3225 3107/6254/3131 2821/6509/2845
f 3098/6255/3122 3107/6254/3131 3199/6504/3225
f 2826/5753/2850 3104/6250/3128 3103/6249/3127
f 2829/5908/2853 3200/6510/3226 3101/6511/3125
f 3108/6256/3132 2824/5750/2848 2730/5564/2754
f 2821/5745/2845 3107/6512/3131 2737/5576/2761
f 3200/6508/3226 2829/6513/2853 3110/6263/3134
f 3200/6508/3226 3110/6263/3134 3105/6251/3129
f 2733/5570/2757 2915/5926/2939 3112/6264/3136
f 3107/6254/3131 2921/5940/2945 2737/6269/2761
f 2783/5662/2807 3111/6259/3135 3113/6274/3137
f 2823/5748/2847 2783/5662/2807 3116/6283/3140
f 3115/6268/3139 2917/5934/2941 2925/5946/2949
f 2783/5662/2807 3117/6273/3141 3116/6283/3140
f 3116/6514/3140 3120/6515/3144 2919/6516/2943
f 3118/6517/3142 3201/6518/3227 3117/6519/3141
f 3122/6282/3146 2792/5950/2816 3202/6520/3228
f 2792/5950/2816 2927/5952/2951 3202/6520/3228
f 2926/5948/2950 3124/6521/3148 2841/5949/2865
f 3117/6273/3141 3123/6284/3147 3116/6283/3140
f 3112/6264/3136 2933/5964/2957 2924/5944/2948
f 3112/6264/3136 2931/5962/2955 2933/5964/2957
f 2924/5944/2948 2933/5964/2957 3203/6522/3229
f 3204/6523/3230 2930/5961/2954 2794/5683/2818
f 2847/5967/2871 3205/6524/3231 2927/6525/2951
f 3124/6285/3148 3206/6526/3232 2845/5784/2869
f 2845/5784/2869 3206/6526/3232 2936/5968/2960
f 2847/5967/2871 2935/5966/2959 3205/6524/3231
f 3207/6527/3233 2941/5979/2965 3123/6284/3147
f 2933/5964/2957 2932/5963/2956 3208/6528/3234
f 2939/6529/2963 3125/6530/3149 2940/6531/2964
f 2941/6295/2965 3207/6532/3233 3125/6293/3149
f 3204/6523/3230 2942/6296/2966 2930/5961/2954
f 2936/5968/2960 3209/6533/3235 2854/5982/2878
f 2942/6534/2966 3210/6535/3236 2932/6536/2956
f 3209/6537/3235 2944/6538/2968 2854/6539/2878
f 2943/6540/2967 3211/6541/3237 2958/6542/2982
f 2946/6543/2970 2959/6544/2983 3212/6545/3238
f 3130/6546/3154 3213/6547/3239 3133/6322/3157
f 3132/6313/3156 2991/6321/3015 3135/6548/3159
f 3134/6549/3158 3136/6328/3160 2994/6067/3018
f 2993/6550/3017 3138/3304/3162 3011/6551/3035
f 2993/6068/3017 3136/6328/3160 3138/6552/3162
f 3014/6105/3038 3139/6334/3163 3137/6553/3161
f 3014/6105/3038 3021/6107/3045 3139/6334/3163
f 3146/6344/3172 3030/6335/3054 3035/6342/3059
f 3032/6124/3240 3141/6337/3241 3140/6336/3242
f 3141/6554/3165 3214/6555/3243 3143/6556/3169
f 3143/6557/3169 3214/6558/3243 3144/6559/3170
f 3215/6560/3244 3146/6344/3172 3145/6343/3171
f 3036/6359/3060 3216/6561/3245 3041/6354/3065
f 3147/6351/3173 3217/6562/3246 3140/6349/3168
f 3144/6346/3170 3217/6563/3246 3147/6347/3173
f 3145/6353/3171 3148/6352/3174 3215/6564/3244
f 3148/6352/3174 3218/6565/3247 3215/6564/3244
f 3041/6354/3065 3218/6565/3247 3148/6352/3174
f 3149/6566/3175 3151/6367/3177 3049/6369/3073
f 3042/6567/3066 3048/6374/3072 3150/3640/3176
f 3048/6374/3072 3152/6373/3178 3150/3640/3176
f 2708/6568/2732 2866/6569/2890 3158/6570/3184
f 2803/6394/2827 3219/6571/3248 3159/6392/3185
f 2804/6402/2828 3219/6571/3248 2803/6394/2827
f 2866/6569/2890 3220/6572/3249 3158/6570/3184
f 3062/6573/3086 3220/6572/3249 2866/6569/2890
f 3061/6574/3085 2867/6399/2891 3161/6401/3187
f 2804/6402/2828 3064/6404/3088 3219/6571/3248
f 2751/6575/2775 3221/6576/3250 2756/6577/2780
f 2751/6578/2775 3158/6579/3184 3221/6012/3250
f 3219/6571/3248 3064/6404/3088 3222/6580/3251
f 2755/6393/2779 3159/6392/3185 2870/6581/2894
f 3220/6572/3249 3223/6582/3252 3158/6570/3184
f 3220/6572/3249 3224/6583/3253 3223/6582/3252
f 3159/6392/3185 3219/6571/3248 3225/6584/3254
f 3062/6573/3086 2757/6585/2781 3226/6586/3255
f 3219/6571/3248 3222/6580/3251 3225/6584/3254
f 3222/6580/3251 3064/6404/3088 3227/6587/3256
f 2756/6577/2780 3221/6576/3250 2805/6588/2829
f 3062/6573/3086 3228/6589/3257 3220/6572/3249
f 2870/6590/2894 3229/6591/3258 2869/6400/2893
f 3230/6592/3259 3229/6593/3258 2870/6581/2894
f 3222/6580/3251 3231/6594/3260 3225/6584/3254
f 3158/6570/3184 3232/6595/3261 3221/6596/3250
f 3220/6572/3249 3233/6597/3262 3224/6583/3253
f 3062/6573/3086 3226/6586/3255 3228/6589/3257
f 3230/6592/3259 3159/6392/3185 3234/6598/3263
f 3159/6392/3185 3225/6584/3254 3235/6599/3264
f 3230/6592/3259 3234/6598/3263 3229/6593/3258
f 3222/6580/3251 3227/6587/3256 3236/6600/3265
f 3226/6586/3255 3237/6601/3266 3228/6589/3257
f 3159/6392/3185 3235/6599/3264 3234/6598/3263
f 3225/6584/3254 3231/6594/3260 3235/6599/3264
f 3064/6404/3088 2871/6602/2895 3162/6603/3188
f 3158/6570/3184 3238/6604/3267 3232/6595/3261
f 3158/6605/3184 3223/6606/3252 3224/6607/3253
f 3228/6589/3257 3233/6597/3262 3220/6572/3249
f 3228/6589/3257 3237/6601/3266 3239/6608/3268
f 3227/6587/3256 3240/6609/3269 3236/6600/3265
f 3224/6583/3253 3241/6610/3270 3158/6570/3184
f 3224/6583/3253 3233/6597/3262 3242/6611/3271
f 3228/6589/3257 3239/6608/3268 3233/6597/3262
f 3235/6599/3264 3243/6612/3272 3234/6598/3263
f 3244/6613/3273 3236/6600/3265 3245/6614/3274
f 3227/6587/3256 3064/6404/3088 3240/6609/3269
f 3221/6615/3250 3232/6616/3261 2805/6617/2829
f 3229/6593/3258 3234/6598/3263 3246/6618/3275
f 3231/6594/3260 3247/6619/3276 3248/6620/3277
f 3231/6594/3260 3249/6621/3278 3247/6619/3276
f 3231/6594/3260 3244/6613/3273 3249/6621/3278
f 3241/6610/3270 3238/6604/3267 3158/6570/3184
f 3233/6597/3262 3250/6622/3279 3251/6623/3280
f 3239/6608/3268 3250/6622/3279 3233/6597/3262
f 3239/6608/3268 3237/6601/3266 3250/6622/3279
f 3234/6624/3263 3252/6625/3281 3246/6626/3275
f 3243/6612/3272 3252/6627/3281 3234/6598/3263
f 3243/6612/3272 3253/6628/3282 3252/6627/3281
f 3235/6599/3264 3253/6628/3282 3243/6612/3272
f 3235/6599/3264 3248/6620/3277 3253/6628/3282
f 3236/6600/3265 3240/6609/3269 3254/6629/3283
f 3064/6404/3088 3255/6630/3284 3240/6609/3269
f 2805/6631/2829 3232/6595/3261 2758/6406/2782
f 3251/6623/3280 3256/6632/3285 3242/6611/3271
f 3249/6621/3278 3257/6633/3286 3247/6619/3276
f 3244/6613/3273 3245/6614/3274 3249/6621/3278
f 3254/6629/3283 3245/6614/3274 3236/6600/3265
f 3240/6609/3269 3255/6630/3284 3254/6629/3283
f 3245/6614/3274 3258/6634/3287 3249/6621/3278
f 3238/6604/3267 3259/6635/3288 3232/6595/3261
f 3224/6583/3253 3260/6636/3289 3241/6610/3270
f 3242/6611/3271 3256/6632/3285 3261/6637/3290
f 3251/6623/3280 3250/6622/3279 3256/6632/3285
f 3246/6618/3275 3252/6627/3281 3262/6638/3291
f 3249/6621/3278 3258/6634/3287 3263/6639/3292
f 3241/6610/3270 3260/6636/3289 3238/6604/3267
f 3242/6640/3271 3261/6641/3290 3224/6642/3253
f 3250/6622/3279 3264/6643/3293 3265/6644/3294
f 3252/6627/3281 3266/6645/3295 3262/6638/3291
f 3248/6620/3277 3267/6646/3296 3253/6628/3282
f 3224/6583/3253 3261/6637/3290 3260/6636/3289
f 3264/6643/3293 3268/6647/3297 3265/6644/3294
f 3266/6645/3295 3253/6628/3282 3269/6648/3298
f 3248/6620/3277 3247/6619/3276 3267/6646/3296
f 3245/6614/3274 3254/6629/3283 3258/6634/3287
f 3259/6635/3288 3163/6407/3189 3232/6595/3261
f 3265/6644/3294 3270/6649/3299 3250/6622/3279
f 3271/6650/3300 3268/6651/3297 3264/6652/3293
f 3266/6645/3295 3269/6648/3298 3262/6638/3291
f 3269/6648/3298 3253/6628/3282 3272/6653/3301
f 3267/6646/3296 3272/6653/3301 3253/6628/3282
f 3247/6619/3276 3257/6633/3286 3267/6646/3296
f 3263/6639/3292 3258/6634/3287 3273/6654/3302
f 3258/6634/3287 3254/6629/3283 3274/6655/3303
f 3255/6630/3284 3275/6656/3304 3254/6629/3283
f 2710/6657/2734 3275/6656/3304 3255/6630/3284
f 3265/6644/3294 3268/6647/3297 3270/6649/3299
f 3276/6658/3305 3277/6659/3306 3262/6638/3291
f 3262/6638/3291 3269/6648/3298 3276/6658/3305
f 3267/6646/3296 3273/6654/3302 3272/6653/3301
f 3257/6633/3286 3273/6654/3302 3267/6646/3296
f 3254/6629/3283 3275/6656/3304 3274/6655/3303
f 3275/6656/3304 2710/6657/2734 2807/6660/2831
f 3256/6632/3285 3260/6636/3289 3261/6637/3290
f 3276/6658/3305 3278/6661/3307 3277/6659/3306
f 3269/6648/3298 3278/6661/3307 3276/6658/3305
f 3269/6648/3298 3272/6653/3301 3278/6661/3307
f 3263/6639/3292 3273/6654/3302 3257/6633/3286
f 3258/6634/3287 3274/6655/3303 3273/6654/3302
f 3260/6636/3289 3259/6635/3288 3238/6604/3267
f 3268/6647/3297 3279/6662/3308 3270/6649/3299
f 3232/6595/3261 3163/6407/3189 2758/6406/2782
f 3260/6636/3289 3270/6649/3299 3280/6663/3309
f 3281/6664/3310 3282/6665/3311 3283/6666/3312
f 3284/6667/3313 3272/6653/3301 3273/6654/3302
f 3280/6663/3309 3259/6635/3288 3260/6636/3289
f 3277/6668/3306 3285/6669/3314 3286/6670/3315
f 3285/6671/3314 3277/6659/3306 3278/6661/3307
f 3278/6661/3307 3272/6653/3301 3284/6667/3313
f 3274/6655/3303 3275/6656/3304 3273/6654/3302
f 3273/6654/3302 3275/6656/3304 3287/6672/3316
f 3279/6662/3308 3280/6663/3309 3270/6649/3299
f 3279/6662/3308 3281/6664/3310 3280/6663/3309
f 3283/6666/3312 3288/6673/3317 3281/6664/3310
f 3285/6671/3314 3289/6674/3318 3290/6675/3319
f 3278/6661/3307 3289/6674/3318 3285/6671/3314
f 3284/6667/3313 3289/6674/3318 3278/6661/3307
f 3280/6676/3309 3281/6677/3310 3259/6678/3288
f 3290/6679/3319 2808/6680/2832 3291/6681/3320
f 3273/6654/3302 3287/6672/3316 3284/6667/3313
f 3275/6656/3304 2875/6682/2899 3287/6672/3316
f 3275/6683/3304 2807/5717/2831 2875/5866/2899
f 3259/6635/3288 3281/6664/3310 3163/6407/3189
f 3288/6673/3317 3292/6684/3321 3281/6664/3310
f 3288/6673/3317 2874/6685/2898 3169/6432/3195
f 3293/6686/3322 2874/6685/2898 3288/6673/3317
f 3290/6675/3319 2761/6439/2785 2808/6687/2832
f 3289/6674/3318 3294/6688/3323 3290/6675/3319
f 3284/6667/3313 3287/6672/3316 3173/6437/3199
f 3284/6667/3313 3173/6437/3199 3289/6674/3318
f 3165/6689/3191 3168/6690/3194 3065/6691/3089
f 3067/6416/3091 3070/6692/3094 3295/6693/3324
f 3296/6694/3325 3070/6695/3326 3067/6696/3327
f 3287/6672/3316 3072/6442/3096 3173/6437/3199
f 3281/6664/3310 3171/6426/3197 3163/6407/3189
f 3289/6674/3318 3173/6437/3199 3294/6688/3323
f 3287/6672/3316 2875/6682/2899 3072/6442/3096
f 3281/6664/3310 3292/6684/3321 3171/6426/3197
f 3294/6688/3323 3173/6437/3199 2761/6439/2785
f 3292/6684/3321 3169/6432/3195 2811/6431/2835
f 3292/6684/3321 2811/6431/2835 3171/6426/3197
f 2811/6431/2835 2810/6436/2834 3171/6426/3197
f 3072/6442/3096 2877/6444/2901 3173/6437/3199
f 3175/6445/3201 3075/6199/3099 3297/6697/3328
f 3075/6199/3099 3177/6447/3203 3297/6697/3328
f 3176/6446/3202 3077/6698/3101 3074/6197/3098
f 3076/6450/3100 3298/6699/3329 3177/6700/3203
f 3076/6450/3100 3178/6449/3204 3298/6699/3329
f 3179/6456/3205 3299/6701/3330 3180/6702/3206
f 3179/6456/3205 3300/6703/3331 3299/6701/3330
f 3299/6704/3330 3182/6705/3208 3180/6706/3206
f 3183/6707/3209 3181/6453/3207 3182/6454/3208
f 3182/6705/3208 3301/6708/3332 3302/6709/3333
f 3183/6707/3209 3303/6710/3334 3304/6711/3335
f 3183/6707/3209 3182/6454/3208 3303/6710/3334
f 3182/6454/3208 3302/6712/3333 3303/6710/3334
f 3086/6713/3110 2883/6714/2907 3305/6715/3336
f 3306/6716/3337 3082/6717/3106 3190/6718/3216
f 3306/6719/3337 3185/6461/3211 3082/6460/3106
f 3307/6720/3338 3186/6721/3212 3184/6722/3210
f 3308/6723/3339 3186/6721/3212 3307/6720/3338
f 3308/6724/3339 3191/6483/3217 3186/6482/3212
f 3309/6725/3340 3188/6485/3214 3192/6487/3218
f 3309/6725/3340 3189/6726/3215 3188/6485/3214
f 3310/6727/3341 3194/6728/3220 3088/6729/3112
f 3302/6730/3333 3309/6725/3340 3192/6487/3218
f 3192/6487/3218 3087/6486/3111 3302/6730/3333
f 3310/6731/3341 3088/6732/3112 3193/6733/3219
f 3308/6724/3339 3311/6734/3342 3191/6483/3217
f 3302/6730/3333 3087/6486/3111 3312/6735/3343
f 3313/6736/3344 2813/6496/2837 3195/6494/3221
f 3314/6737/3345 2888/5891/2912 3091/6227/3115
f 3313/2864/3344 3091/6738/3115 2813/6739/2837
f 3196/6740/3222 2764/6741/2788 3315/6742/3346
f 2764/5889/2788 2887/5890/2911 3315/6743/3346
f 3314/6737/3345 3092/6228/3116 2888/5891/2912
f 2814/5731/2838 2890/6497/2914 3316/6744/3347
f 2890/5893/2914 2765/5639/2789 3198/6500/3224
f 3317/6745/3348 2722/5550/2746 2892/5895/2916
f 3198/6746/3224 2765/6747/2789 2891/6748/2915
f 2893/5896/2917 2722/5550/2746 3318/6749/3349
f 2721/5549/2745 3094/6232/3118 2766/5640/2790
f 3319/6750/3350 2767/5643/2791 2894/6233/2918
f 3198/6500/3224 2767/5643/2791 3319/6750/3350
f 2909/5920/2933 3108/6256/3132 2730/5564/2754
f 2909/5920/2933 2911/5922/2935 3108/6256/3132
f 2911/5922/2935 3109/6257/3133 3108/6256/3132
f 3109/6257/3133 3320/6751/3351 3108/6256/3132
f 3108/6256/3132 3320/6751/3351 3111/6259/3135
f 3111/6259/3135 3320/6751/3351 3113/6274/3137
f 2925/5946/2949 2924/5944/2948 3321/6752/3352
f 2511/6281/2531 3322/6753/3353 2926/6280/2950
f 3117/6273/3141 3201/6754/3227 3323/6755/3354
f 3117/6273/3141 3323/6755/3354 3123/6284/3147
f 3207/6527/3233 3123/6284/3147 3323/6755/3354
f 3203/6522/3229 2933/5964/2957 3208/6528/3234
f 2848/5795/2872 2940/6531/2964 3324/6756/3355
f 2937/6757/2961 3325/6758/3356 2935/6759/2959
f 2936/5968/2960 3206/6526/3232 3209/6533/3235
f 3204/6523/3230 3210/6760/3236 2942/6296/2966
f 3126/6299/3150 2946/6301/2970 3326/6761/3357
f 2943/6540/2967 3209/6762/3235 3211/6541/3237
f 2959/6763/2983 3327/6764/3358 3212/6765/3238
f 2959/6010/2983 3128/6303/3152 3327/6766/3358
f 2978/6767/3002 3327/6768/3358 3128/6769/3152
f 2978/6767/3002 3131/6770/3155 3327/6768/3358
f 3131/6311/3155 3132/6313/3156 3328/6771/3359
f 3133/6322/3157 3213/6547/3239 3134/6323/3158
f 3132/6313/3156 3135/6548/3159 3328/6771/3359
f 3030/6335/3054 3146/6344/3172 3329/6772/3360
f 3029/6357/3053 3330/2905/3361 3149/6355/3175
f 3140/6773/3164 3330/6774/3361 3029/6775/3053
f 3141/6554/3165 3140/1715/3168 3331/6776/3362
f 3215/6560/3244 3332/6777/3363 3146/6344/3172
f 3140/6349/3168 3217/6562/3246 3331/6778/3362
f 3036/6359/3060 3150/6358/3176 3216/6561/3245
f 3058/6168/3082 3157/6779/3183 3060/6169/3084
f 2869/6400/2893 3333/6780/3364 3161/6401/3187
f 2870/6581/2894 3159/6392/3185 3230/6592/3259
f 3063/6781/3087 3334/6782/3365 2757/6783/2781
f 2757/6783/2781 3334/6782/3365 3226/6784/3255
f 3222/6580/3251 3244/6613/3273 3231/6594/3260
f 3244/6613/3273 3222/6580/3251 3236/6600/3265
f 3226/6785/3255 3335/6786/3366 3237/6787/3266
f 3231/6594/3260 3248/6620/3277 3235/6599/3264
f 3335/6786/3366 3336/6788/3367 3237/6787/3266
f 3229/6591/3258 3246/6789/3275 3337/6790/3368
f 3251/6623/3280 3242/6611/3271 3233/6597/3262
f 3162/6603/3188 3255/6630/3284 3064/6404/3088
f 3336/6788/3367 3264/6652/3293 3237/6787/3266
f 3237/6601/3266 3264/6643/3293 3250/6622/3279
f 2710/6657/2734 3255/6630/3284 3162/6603/3188
f 3266/6645/3295 3252/6627/3281 3253/6628/3282
f 3249/6621/3278 3263/6639/3292 3257/6633/3286
f 3277/6791/3306 3338/6792/3369 3262/6793/3291
f 3250/6622/3279 3270/6649/3299 3256/6632/3285
f 3256/6632/3285 3270/6649/3299 3260/6636/3289
f 3271/6650/3300 3279/6794/3308 3268/6651/3297
f 3271/6795/3300 3281/6664/3310 3279/6662/3308
f 3338/6796/3369 3277/6797/3306 3286/6798/3315
f 3290/6679/3319 3291/6681/3320 3339/6799/3370
f 3291/6681/3320 2808/6680/2832 3340/6800/3371
f 3292/6684/3321 3288/6673/3317 3169/6432/3195
f 3340/6801/3371 3167/6802/3193 3166/6803/3192
f 3290/6675/3319 3294/6688/3323 2761/6439/2785
f 3341/6804/3372 3168/6690/3194 3165/6689/3191
f 3342/6805/3373 3295/6693/3324 3070/6692/3094
f 3295/6693/3324 3166/6414/3192 3067/6416/3091
f 3070/6806/3094 3343/6807/3374 3342/6808/3373
f 3341/6804/3372 3170/6809/3196 3168/6690/3194
f 3344/6810/3375 3170/6809/3196 3341/6804/3372
f 3343/6811/3374 3070/6812/3094 3069/6813/3093
f 3344/6814/3375 3172/6815/3198 3170/6816/3196
f 3069/6430/3093 3071/6429/3095 3345/6817/3376
f 3346/6818/3377 3174/6819/3200 3172/6820/3198
f 3079/6821/3103 3078/6822/3102 3347/6823/3378
f 3300/6703/3331 3179/6456/3205 3183/6458/3209
f 3348/6824/3379 3178/6449/3204 3081/6455/3105
f 3089/6825/3113 2882/6206/2906 3079/6205/3103
f 3309/6826/3340 3302/6709/3333 3301/6708/3332
f 3308/6827/3339 3304/6711/3335 3303/6710/3334
f 3349/6828/3380 3303/6710/3334 3302/6712/3333
f 3312/6735/3343 3349/6829/3380 3302/6730/3333
f 2881/5874/2905 3191/6830/3217 3195/6494/3221
f 3311/6831/3342 3350/6832/3381 3191/6830/3217
f 3349/6829/3380 3312/6735/3343 3351/6833/3382
f 3191/6830/3217 3350/6832/3381 3195/6494/3221
f 3311/6831/3342 3352/6834/3383 3350/6832/3381
f 3312/6835/3343 3350/6836/3381 3351/6837/3382
f 3087/6221/3111 3350/6832/3381 3312/6838/3343
f 3303/6839/3334 3353/6840/3384 3352/6841/3383
f 3303/6710/3334 3354/6842/3385 3353/6843/3384
f 3303/6710/3334 3351/6844/3382 3354/6842/3385
f 3352/6834/3383 3353/6843/3384 3350/6832/3381
f 3351/6844/3382 3350/6832/3381 3354/6842/3385
f 3354/6842/3385 3350/6832/3381 3353/6843/3384
f 3196/6495/3222 3315/6845/3346 3355/6846/3386
f 3315/6743/3346 2887/5890/2911 3356/6847/3387
f 2887/5890/2911 2814/5731/2838 3356/6847/3387
f 3357/6740/3388 3358/6848/3389 2893/6230/2917
f 3359/6849/3390 2722/5550/2746 3317/6745/3348
f 3318/6749/3349 2722/5550/2746 3359/6849/3390
f 3358/6848/3389 3093/6231/3117 2893/6230/2917
f 3093/6231/3117 3358/6848/3389 2894/5898/2918
f 3197/6498/3223 3360/6850/3391 2815/5732/2839
f 3360/6851/3391 3094/6852/3118 2721/6853/2745
f 3360/6851/3391 2721/6853/2745 2815/6854/2839
f 3109/6257/3133 2916/5935/2940 3320/6751/3351
f 3320/6751/3351 2916/5935/2940 3361/6855/3392
f 2916/5935/2940 3115/6268/3139 3361/6855/3392
f 3115/6268/3139 2925/5946/2949 3361/6855/3392
f 3361/6855/3392 3118/6275/3142 3113/6274/3137
f 3361/6855/3392 2925/5946/2949 3362/6856/3393
f 3361/6855/3392 3362/6856/3393 3118/6275/3142
f 3362/6856/3393 2925/5946/2949 3321/6752/3352
f 2430/4977/2447 3363/6857/3394 2791/6858/2815
f 2430/4977/2447 2837/5767/2861 3363/6857/3394
f 3322/6859/3353 2511/4407/2531 3121/6860/3145
f 2924/5944/2948 3203/6522/3229 3321/6752/3352
f 2926/5948/2950 3364/6861/3395 3124/6521/3148
f 3204/6523/3230 2794/5683/2818 2791/5680/2815
f 2432/4985/2449 2791/5680/2815 2794/5683/2818
f 3202/6862/3228 2927/6863/2951 3205/6864/3231
f 2848/5795/2872 3324/6756/3355 2633/5366/2655
f 3205/6524/3231 2935/5966/2959 3325/6865/3356
f 2940/6531/2964 3125/6530/3149 3324/6756/3355
f 3365/6866/3396 3208/6867/3234 2932/6536/2956
f 3365/6866/3396 2932/6536/2956 3210/6535/3236
f 2937/6757/2961 2853/6868/2877 3325/6758/3356
f 3210/6760/3236 3366/6869/3397 3365/6870/3396
f 2944/6871/2968 3209/6872/3235 2943/6873/2967
f 3126/6299/3150 3326/6761/3357 2853/6874/2877
f 2946/6543/2970 3212/6545/3238 3326/6875/3357
f 2958/6876/2982 3211/6877/3237 3127/6878/3151
f 3127/6878/3151 3367/6879/3398 3129/6880/3153
f 3367/6879/3398 3130/6881/3154 3129/6880/3153
f 3327/6768/3358 3131/6770/3155 3328/6882/3359
f 3135/6883/3159 3137/6884/3161 3328/6885/3359
f 3138/6886/3162 3368/6887/3399 3032/6888/3056
f 3139/6334/3163 3030/6335/3054 3329/6772/3360
f 3141/6889/3400 3369/6890/3401 3140/6891/3164
f 3141/6889/3400 3370/6892/3402 3369/6890/3401
f 3331/6776/3362 3214/6555/3243 3141/6554/3165
f 3144/6559/3170 3214/6558/3243 3217/6893/3246
f 3214/6894/3243 3371/6895/3403 3217/6896/3246
f 3215/6897/3244 3372/6898/3404 3332/6899/3363
f 3373/1365/3405 3218/6900/3247 3146/6901/3172
f 3041/6354/3065 3216/6561/3245 3218/6565/3247
f 3215/6902/3244 3374/6903/3406 3372/6904/3404
f 3215/6564/3244 3218/6565/3247 3374/6905/3406
f 3375/6906/3407 3055/6907/3079 3154/6908/3180
f 3055/6909/3079 3375/6910/3407 3157/6911/3183
f 3376/6912/3408 3377/6913/3409 3378/6914/3410
f 3379/6915/3411 3377/6913/3409 3376/6912/3408
f 3155/6916/3181 3156/6917/3182 3380/6918/3412
f 3156/6919/3182 3059/6920/3083 3061/6921/3085
f 3160/6922/3186 3334/6782/3365 3063/6781/3087
f 2869/6400/2893 3229/6591/3258 3333/6780/3364
f 3226/6923/3255 3334/6924/3365 3335/6925/3366
f 3336/6788/3367 3271/6650/3300 3264/6652/3293
f 3338/6792/3369 3246/6789/3275 3262/6793/3291
f 3381/6926/3413 3281/6664/3310 3271/6795/3300
f 3281/6927/3310 3381/6928/3413 3282/6929/3311
f 3290/6679/3319 3286/6670/3315 3285/6669/3314
f 3282/6930/3311 3381/3231/3413 3283/6931/3312
f 3381/3231/3413 3288/6932/3317 3283/6931/3312
f 3293/6933/3322 3164/6934/3190 2874/6935/2898
f 3167/6936/3193 3340/6800/3371 2808/6680/2832
f 3164/6937/3190 3382/6938/3414 3068/6413/3092
f 3068/6413/3092 3382/6938/3414 3165/6411/3191
f 3382/6939/3414 3341/6940/3372 3165/6941/3191
f 3383/6942/3415 3341/6943/3372 3382/6944/3414
f 3343/6811/3374 3069/6813/3093 3384/6945/3416
f 3344/6814/3375 3346/6626/3377 3172/6815/3198
f 3345/6817/3376 3384/6946/3416 3069/6430/3093
f 3071/6947/3095 3175/6948/3201 3345/6949/3376
f 3345/6949/3376 3175/6948/3201 3385/6950/3417
f 3174/6951/3200 3386/6952/3418 3073/6953/3097
f 3175/6948/3201 3297/6954/3328 3385/6950/3417
f 3073/6955/3097 3386/6956/3418 3176/6957/3202
f 3297/6958/3328 3177/6959/3203 3387/6960/3419
f 3388/6961/3420 3177/6700/3203 3298/6699/3329
f 3182/6705/3208 3299/6704/3330 3301/6708/3332
f 3183/6458/3209 3304/6962/3335 3389/6963/3421
f 3304/6962/3335 3308/6964/3339 3389/6963/3421
f 3305/6965/3336 3190/4877/3216 3086/6966/3110
f 3090/6967/3114 3080/6968/3104 2885/6969/2909
f 3307/6970/3338 3389/6963/3421 3308/6964/3339
f 3310/6727/3341 3390/6971/3422 3194/6728/3220
f 3308/6827/3339 3303/6710/3334 3311/6831/3342
f 3311/6972/3342 3303/6839/3334 3352/6841/3383
f 3351/6844/3382 3303/6710/3334 3349/6828/3380
f 3196/6495/3222 3355/6846/3386 3087/6221/3111
f 3195/6494/3221 3359/6849/3390 3313/6736/3344
f 3087/6221/3111 3355/6846/3386 3350/6832/3381
f 3195/6494/3221 3350/6832/3381 3359/6849/3390
f 3091/6738/3115 3391/6973/3423 3314/6974/3345
f 3313/2864/3344 3391/6973/3423 3091/6738/3115
f 3092/6228/3116 3314/6737/3345 3392/6975/3424
f 2814/5731/2838 3316/6744/3347 3356/6847/3387
f 3359/6849/3390 3317/6745/3348 3313/6736/3344
f 3092/6228/3116 3392/6975/3424 2889/6976/2913
f 3355/6846/3386 3357/6977/3388 3318/6749/3349
f 3357/6977/3388 3355/6846/3386 3358/6978/3389
f 2893/5896/2917 3318/6749/3349 3357/6977/3388
f 3197/6498/3223 3393/6979/3425 3360/6850/3391
f 2889/5892/2913 3393/6979/3425 3197/6498/3223
f 2892/6499/2916 3394/6980/3426 3317/6981/3348
f 2892/6499/2916 3094/6232/3118 3394/6980/3426
f 3360/6851/3391 3395/6982/3427 3094/6852/3118
f 2894/6983/2918 3358/6978/3389 3319/6984/3350
f 3320/6751/3351 3361/6855/3392 3113/6274/3137
f 2633/5366/2655 3396/6985/3428 3121/6278/3145
f 3118/6275/3142 3397/6986/3429 3201/6754/3227
f 3122/6282/3146 3398/6987/3430 2837/5767/2861
f 3122/6282/3146 3202/6520/3228 3398/6987/3430
f 3399/6988/3431 3364/6861/3395 2926/5948/2950
f 3321/6752/3352 3203/6522/3229 3400/6989/3432
f 3204/6523/3230 2791/5680/2815 3401/6990/3433
f 3206/6991/3232 3124/6992/3148 3364/6993/3395
f 3400/6989/3432 3208/6528/3234 3402/6994/3434
f 3203/6522/3229 3208/6528/3234 3400/6989/3432
f 3208/6528/3234 3365/6995/3396 3402/6994/3434
f 3207/6532/3233 3403/6996/3435 3125/6293/3149
f 3210/6760/3236 3404/6997/3436 3366/6869/3397
f 3211/6877/3237 3367/6879/3398 3127/6878/3151
f 3130/6881/3154 3367/6879/3398 3213/6998/3239
f 3213/6999/3239 3405/7000/3437 3134/7001/3158
f 3134/7001/3158 3405/7000/3437 3136/7002/3160
f 3137/6884/3161 3139/7003/3163 3328/6885/3359
f 3136/7002/3160 3368/7004/3399 3138/7005/3162
f 3032/7006/3056 3368/7007/3399 3141/4026/3400
f 3141/7008/3400 3368/3535/3399 3370/7009/3402
f 3146/6344/3172 3406/7010/3438 3329/6772/3360
f 3331/6776/3362 3407/7011/3439 3214/6555/3243
f 3214/7012/3243 3407/7013/3439 3371/7014/3403
f 3332/6777/3363 3373/7015/3405 3146/6344/3172
f 3146/7016/3172 3218/7017/3247 3406/7018/3438
f 3331/6778/3362 3217/6562/3246 3407/7019/3439
f 3371/7020/3403 3407/7021/3439 3217/7022/3246
f 3372/7023/3404 3374/7024/3406 3332/7025/3363
f 3374/7026/3406 3218/7027/3247 3373/7028/3405
f 3152/7029/3178 3216/7030/3245 3150/7031/3176
f 3149/6566/3175 3375/3256/3407 3151/6367/3177
f 3151/6376/3177 3375/7032/3407 3154/6377/3180
f 3216/7030/3245 3153/7033/3179 3380/6918/3412
f 3152/7029/3178 3153/7033/3179 3216/7030/3245
f 3408/7034/3440 3379/6915/3411 3376/6912/3408
f 3153/7033/3179 3155/6916/3181 3380/6918/3412
f 3408/7035/3440 3376/7036/3408 3378/7037/3410
f 3161/7038/3187 3333/7039/3364 3061/7040/3085
f 3229/6591/3258 3337/6790/3368 3333/6780/3364
f 3246/6789/3275 3338/6792/3369 3337/6790/3368
f 3290/6679/3319 3339/6799/3370 3286/6670/3315
f 3340/6800/3371 3286/6670/3315 3291/6681/3320
f 3291/7041/3320 3286/7042/3315 3339/7043/3370
f 3295/7044/3324 3409/7045/3441 3166/6803/3192
f 3295/7046/3324 3342/7047/3373 3409/7048/3441
f 3343/6811/3374 3384/6945/3416 3342/7049/3373
f 3346/6818/3377 3386/54/3418 3174/6819/3200
f 3386/7050/3418 3410/7051/3442 3176/7052/3202
f 3176/2481/3202 3410/7053/3442 3077/7054/3101
f 3177/6700/3203 3388/6961/3420 3387/7055/3419
f 3077/7056/3101 3411/7057/3443 3078/7058/3102
f 3078/7059/3102 3411/7060/3443 3412/3936/3444
f 3298/6699/3329 3413/7061/3445 3388/6961/3420
f 3178/6449/3204 3413/7061/3445 3298/6699/3329
f 3078/7062/3102 3412/6896/3444 3347/6958/3378
f 3347/7063/3378 3412/7064/3444 3079/7065/3103
f 3178/6449/3204 3348/6824/3379 3413/7061/3445
f 3183/6458/3209 3389/6963/3421 3300/6703/3331
f 3089/7066/3113 3305/7067/3336 2883/7068/2907
f 3185/7069/3211 3414/7070/3446 3184/7071/3210
f 3301/6708/3332 3415/7072/3447 3309/6826/3340
f 3310/6731/3341 3193/6733/3219 3390/7073/3422
f 3184/3998/3210 3414/7074/3446 3307/7075/3338
f 3309/7076/3340 3415/7077/3447 3189/7078/3215
f 3315/6845/3346 3416/7079/3448 3355/6846/3386
f 3313/6736/3344 3317/6745/3348 3417/7080/3449
f 3350/6832/3381 3355/6846/3386 3359/6849/3390
f 3355/6846/3386 3318/6749/3349 3359/6849/3390
f 3316/7081/3347 2890/7082/2914 3418/7083/3450
f 2890/5893/2914 3198/6500/3224 3418/7084/3450
f 3094/6852/3118 3395/6982/3427 3394/7085/3426
f 3362/6856/3393 3397/6986/3429 3118/6275/3142
f 3362/6856/3393 3321/6752/3352 3397/6986/3429
f 2633/5366/2655 3419/7086/3451 3396/6985/3428
f 3397/6986/3429 3323/6755/3354 3201/6754/3227
f 3321/6752/3352 3400/6989/3432 3397/6986/3429
f 3205/6864/3231 3398/7087/3430 3202/6862/3228
f 3398/7087/3430 3205/6864/3231 3325/7088/3356
f 3323/6755/3354 3403/7089/3435 3207/6527/3233
f 3323/6755/3354 3420/7090/3452 3403/7089/3435
f 3421/7091/3453 3422/7092/3454 3403/7089/3435
f 3204/6523/3230 3404/6997/3436 3210/6760/3236
f 3402/6994/3434 3365/6995/3396 3423/7093/3455
f 3325/7094/3356 2853/6874/2877 3424/7095/3456
f 3365/6870/3396 3366/6869/3397 3425/7096/3457
f 3365/6870/3396 3425/7096/3457 3426/7097/3458
f 3212/7098/3238 3327/7099/3358 3326/6746/3357
f 3328/6882/3359 3427/7100/3459 3327/6768/3358
f 3140/6773/3164 3369/7101/3401 3330/6774/3361
f 3332/7102/3363 3374/7103/3406 3373/7104/3405
f 3406/7105/3438 3218/7106/3247 3428/7107/3460
f 3149/7108/3175 3429/7109/3461 3375/7110/3407
f 3375/6910/3407 3430/7111/3462 3157/6911/3183
f 3380/6918/3412 3061/7112/3085 3333/7113/3364
f 3156/7114/3182 3061/7115/3085 3380/7116/3412
f 3157/7117/3183 3430/7118/3462 3060/7119/3084
f 3060/6397/3084 3430/7120/3462 3160/6395/3186
f 3160/7121/3186 3430/7122/3462 3334/7123/3365
f 3336/6788/3367 3431/7124/3463 3271/6650/3300
f 3271/6795/3300 3431/7125/3463 3381/6926/3413
f 3288/6673/3317 3381/6926/3413 3293/6686/3322
f 3293/6933/3322 3381/7126/3413 3164/6934/3190
f 3166/6803/3192 3409/7045/3441 3340/6801/3371
f 3383/6942/3415 3344/7127/3375 3341/6943/3372
f 3344/7127/3375 3432/7128/3464 3346/7129/3377
f 3077/7130/3101 3410/7131/3442 3411/7132/3443
f 3300/7133/3331 3433/7134/3465 3299/7135/3330
f 3412/7136/3444 3411/7137/3443 3079/7138/3103
f 3300/6703/3331 3389/6963/3421 3433/7139/3465
f 3081/6208/3105 3080/6207/3104 3348/7140/3379
f 3079/7141/3103 3434/7142/3466 3089/7066/3113
f 3299/6704/3330 3415/7072/3447 3301/6708/3332
f 3299/6704/3330 3433/6722/3465 3415/7072/3447
f 3305/7067/3336 3435/7143/3467 3190/7144/3216
f 3194/711/3220 3436/4224/3468 3085/7145/3109
f 3085/7146/3109 3436/7147/3468 3090/6967/3114
f 3185/7148/3211 3306/7149/3337 3435/3665/3467
f 3189/7150/3215 3415/7151/3447 3437/7152/3469
f 3189/7153/3215 3437/7154/3469 3193/7155/3219
f 3193/7155/3219 3437/7154/3469 3390/7156/3422
f 3414/7157/3446 3389/7158/3421 3307/7159/3338
f 3315/6845/3346 3356/7160/3387 3416/7079/3448
f 3391/7161/3423 3438/7162/3470 3314/7163/3345
f 3314/7163/3345 3438/7162/3470 3392/7164/3424
f 3391/7161/3423 3313/6736/3344 3438/7162/3470
f 3438/7162/3470 3313/6736/3344 3417/7080/3449
f 3316/7081/3347 3418/7083/3450 3356/7160/3387
f 3417/7080/3449 3317/6745/3348 3439/7165/3471
f 3355/6846/3386 3416/7079/3448 3358/6978/3389
f 2889/7166/2913 3392/7164/3424 3393/7167/3425
f 3317/6745/3348 3394/7085/3426 3439/7165/3471
f 3395/6982/3427 3360/6851/3391 3393/7167/3425
f 3198/7168/3224 3319/6984/3350 3418/7083/3450
f 2837/5767/2861 3440/7169/3472 3363/6857/3394
f 3397/6986/3429 3420/7090/3452 3323/6755/3354
f 3400/6989/3432 3420/7090/3452 3397/6986/3429
f 3420/7090/3452 3400/6989/3432 3421/7091/3453
f 3420/7090/3452 3421/7091/3453 3403/7089/3435
f 3400/6989/3432 3402/6994/3434 3421/7091/3453
f 3206/6991/3232 3364/6993/3395 3209/7170/3235
f 3125/6530/3149 3441/7171/3473 3324/6756/3355
f 3421/7091/3453 3423/7093/3455 3422/7092/3454
f 3402/6994/3434 3423/7093/3455 3421/7091/3453
f 3403/7089/3435 3422/7092/3454 3125/7172/3149
f 3365/6995/3396 3426/7173/3458 3423/7093/3455
f 3366/6869/3397 3404/6997/3436 3425/7096/3457
f 3441/7171/3473 3442/7174/3474 3443/7175/3475
f 3125/6530/3149 3442/7174/3474 3441/7171/3473
f 3125/7172/3149 3422/7092/3454 3442/7176/3474
f 3209/7177/3235 3367/6879/3398 3211/6877/3237
f 3367/6879/3398 3405/7178/3437 3213/6998/3239
f 3139/7179/3163 3427/7100/3459 3328/6882/3359
f 3136/7002/3160 3405/7000/3437 3368/7004/3399
f 3370/7180/3402 3444/7181/3476 3445/7182/3477
f 3370/6892/3402 3445/7183/3477 3369/6890/3401
f 3406/7184/3438 3428/4501/3460 3446/7185/3478
f 3330/7186/3361 3429/7109/3461 3149/7108/3175
f 3447/7187/3479 3379/6915/3411 3408/7034/3440
f 3448/7188/3480 3379/6915/3411 3447/7187/3479
f 3408/7035/3440 3378/7037/3410 3449/7189/3481
f 3337/7190/3368 3338/6796/3369 3450/7191/3482
f 3451/7192/3483 3382/6944/3414 3164/7193/3190
f 3451/7192/3483 3383/6942/3415 3382/6944/3414
f 3409/7045/3441 3384/7194/3416 3452/7195/3484
f 3409/7045/3441 3342/7196/3373 3384/7194/3416
f 3453/7197/3485 3344/7127/3375 3383/6942/3415
f 3432/7128/3464 3386/7198/3418 3346/7129/3377
f 3432/7128/3464 3411/7199/3443 3386/7198/3418
f 3386/7200/3418 3411/7189/3443 3410/7201/3442
f 3297/7202/3328 3387/7203/3419 3388/7204/3420
f 3413/7205/3445 3348/7206/3379 3388/7204/3420
f 3411/7207/3443 3434/7208/3466 3079/7209/3103
f 3348/7206/3379 3080/6968/3104 3436/7147/3468
f 3089/7066/3113 3435/7143/3467 3305/7067/3336
f 3436/7147/3468 3080/6968/3104 3090/6967/3114
f 3435/7143/3467 3414/7157/3446 3185/7210/3211
f 3417/7080/3449 3439/7165/3471 3438/7162/3470
f 3356/7160/3387 3418/7083/3450 3416/7079/3448
f 3418/7083/3450 3454/7211/3486 3416/7079/3448
f 3392/7164/3424 3395/6982/3427 3393/7167/3425
f 3438/7162/3470 3395/6982/3427 3392/7164/3424
f 3438/7162/3470 3439/7165/3471 3395/6982/3427
f 3416/7079/3448 3454/7211/3486 3358/6978/3389
f 3454/7211/3486 3319/6984/3350 3358/6978/3389
f 3394/7085/3426 3395/6982/3427 3439/7165/3471
f 3418/7083/3450 3319/6984/3350 3454/7211/3486
f 3322/7212/3353 3121/6278/3145 3396/6985/3428
f 2791/7213/2815 3363/7214/3394 3440/7215/3472
f 2837/5767/2861 3398/6987/3430 3440/7169/3472
f 3399/7216/3431 2926/6280/2950 3322/6753/3353
f 3398/7087/3430 3325/7088/3356 3455/7217/3487
f 3209/7170/3235 3364/6993/3395 3456/7218/3488
f 3324/6756/3355 3441/7171/3473 3443/7175/3475
f 2853/6874/2877 3326/6761/3357 3424/7095/3456
f 3326/6761/3357 3327/7219/3358 3424/7095/3456
f 3424/7220/3456 3327/7221/3358 3427/7222/3459
f 3139/7223/3163 3329/7224/3360 3427/7222/3459
f 3405/7000/3437 3444/7225/3476 3368/7004/3399
f 3444/7226/3476 3370/7009/3402 3368/3535/3399
f 3329/6772/3360 3406/7010/3438 3446/7227/3478
f 3457/7228/3489 3369/6890/3401 3445/7183/3477
f 3330/6774/3361 3369/7101/3401 3457/7229/3489
f 3457/7230/3489 3458/7231/3490 3459/7232/3491
f 3458/7233/3490 3460/7234/3492 3459/7235/3491
f 3461/7236/3493 3462/7237/3494 3463/7238/3495
f 3464/7239/3496 3463/7238/3495 3462/7237/3494
f 3464/7240/3496 3465/7241/3497 3463/7242/3495
f 3465/7241/3497 3461/7243/3493 3463/7242/3495
f 3465/7244/3497 3428/7245/3460 3218/6903/3247
f 3465/7246/3497 3218/6565/3247 3216/6561/3245
f 3457/7230/3489 3459/7232/3491 3466/7247/3498
f 3459/7248/3491 3460/7249/3492 3466/7250/3498
f 3467/7251/3499 3462/7252/3494 3461/7253/3493
f 3461/7253/3493 3468/7254/3500 3467/7251/3499
f 3465/7255/3497 3467/7256/3499 3468/7257/3500
f 3465/7255/3497 3468/7257/3500 3461/7258/3493
f 3469/7259/3501 3379/7260/3411 3448/7261/3480
f 3408/7035/3440 3449/7189/3481 3447/7262/3479
f 3429/7109/3461 3430/7122/3462 3375/7110/3407
f 3378/7263/3410 3377/7264/3409 3470/7265/3502
f 3450/7191/3482 3333/7113/3364 3337/7190/3368
f 3334/7123/3365 3336/7266/3367 3335/7267/3366
f 3383/6942/3415 3451/7192/3483 3453/7197/3485
f 3471/7268/3503 3409/7045/3441 3452/7195/3484
f 3472/7269/3504 3409/7045/3441 3471/7268/3503
f 3453/7197/3485 3432/7128/3464 3344/7127/3375
f 3384/7194/3416 3345/7270/3376 3452/7195/3484
f 3473/7271/3505 3385/7272/3417 3297/7202/3328
f 3297/7202/3328 3388/7204/3420 3473/7271/3505
f 3434/7142/3466 3435/7143/3467 3089/7066/3113
f 3436/7147/3468 3194/7273/3220 3390/7156/3422
f 3435/7143/3467 3306/7274/3337 3190/7144/3216
f 3322/7212/3353 3396/6985/3428 3474/7275/3506
f 2791/7213/2815 3440/7215/3472 3401/7276/3433
f 3419/7277/3451 3474/7278/3506 3396/7279/3428
f 3419/7086/3451 2633/5366/2655 3324/6756/3355
f 3419/7277/3451 3324/7280/3355 3474/7278/3506
f 3455/7217/3487 3325/7088/3356 3475/7281/3507
f 3426/7173/3458 3476/7282/3508 3423/7093/3455
f 3426/7097/3458 3425/7096/3457 3476/7283/3508
f 3422/7092/3454 3477/7284/3509 3442/7176/3474
f 3442/7176/3474 3477/7284/3509 3478/7285/3510
f 3442/7176/3474 3478/7285/3510 3443/7286/3475
f 3423/7093/3455 3476/7282/3508 3479/7287/3511
f 3367/7288/3398 3480/7289/3512 3405/7000/3437
f 3478/7290/3510 3481/7291/3513 3482/7292/3514
f 3477/7284/3509 3481/7293/3513 3478/7285/3510
f 3477/7284/3509 3479/7287/3511 3481/7293/3513
f 3479/7287/3511 3483/7294/3515 3481/7293/3513
f 3481/7291/3513 3483/7295/3515 3482/7292/3514
f 3479/7287/3511 3484/7296/3516 3483/7294/3515
f 3479/7297/3511 3485/7298/3517 3484/7299/3516
f 3483/7294/3515 3448/7188/3480 3447/7187/3479
f 3486/7300/3518 3448/7188/3480 3483/7294/3515
f 3458/7301/3490 3457/7228/3489 3445/7183/3477
f 3460/7234/3492 3458/7233/3490 3487/7302/3519
f 3486/7303/3518 3469/7304/3501 3448/7305/3480
f 3446/7306/3478 3465/7307/3497 3464/7308/3496
f 3446/7306/3478 3428/7309/3460 3465/7307/3497
f 3487/7310/3519 3466/7250/3498 3460/7249/3492
f 3487/7310/3519 3488/7311/3520 3466/7250/3498
f 3466/7312/3498 3488/7313/3520 3457/7229/3489
f 3489/7314/3521 3216/7030/3245 3380/6918/3412
f 3490/7315/3522 3379/7260/3411 3469/7259/3501
f 3379/7260/3411 3490/7315/3522 3377/7316/3409
f 3449/7317/3481 3378/7263/3410 3491/7318/3523
f 3377/7319/3409 3490/7320/3522 3470/7321/3502
f 3378/7263/3410 3470/7265/3502 3491/7318/3523
f 3333/7113/3364 3450/7191/3482 3380/6918/3412
f 3430/7122/3462 3492/7322/3524 3334/7123/3365
f 3334/7123/3365 3492/7322/3524 3336/7266/3367
f 3492/7322/3524 3431/7125/3463 3336/7266/3367
f 3431/7125/3463 3492/7322/3524 3381/6926/3413
f 3286/6798/3315 3340/6801/3371 3472/7269/3504
f 3286/6798/3315 3472/7269/3504 3338/6796/3369
f 3409/7045/3441 3472/7269/3504 3340/6801/3371
f 3385/7272/3417 3473/7271/3505 3452/7195/3484
f 3345/7270/3376 3385/7272/3417 3452/7195/3484
f 3433/7323/3465 3493/7324/3525 3494/7325/3526
f 3432/7128/3464 3434/7142/3466 3411/7199/3443
f 3433/7323/3465 3389/7158/3421 3493/7324/3525
f 3348/7206/3379 3436/7147/3468 3473/7271/3505
f 3388/7204/3420 3348/7206/3379 3473/7271/3505
f 3494/7325/3526 3415/7326/3447 3433/7323/3465
f 3436/7147/3468 3390/7156/3422 3437/7154/3469
f 3435/7143/3467 3389/7158/3421 3414/7157/3446
f 3322/7327/3353 3495/7328/3527 3399/7329/3431
f 3399/7329/3431 3496/7330/3528 3364/6993/3395
f 3399/7329/3431 3495/7328/3527 3496/7330/3528
f 3204/6523/3230 3401/6990/3433 3404/6997/3436
f 3364/6993/3395 3496/7330/3528 3456/7218/3488
f 3325/7088/3356 3424/7220/3456 3475/7281/3507
f 3209/7170/3235 3480/7289/3512 3367/7288/3398
f 3427/7222/3459 3475/7281/3507 3424/7220/3456
f 3422/7092/3454 3423/7093/3455 3477/7284/3509
f 3478/7285/3510 3482/7331/3514 3443/7286/3475
f 3423/7093/3455 3479/7287/3511 3477/7284/3509
f 3425/7332/3457 3485/7333/3517 3476/7282/3508
f 3476/7334/3508 3485/7298/3517 3479/7297/3511
f 3484/7296/3516 3486/7300/3518 3483/7294/3515
f 3484/7299/3516 3485/7298/3517 3486/7303/3518
f 3483/7294/3515 3447/7187/3479 3482/7331/3514
f 3485/7298/3517 3469/7304/3501 3486/7303/3518
f 3444/7181/3476 3487/3320/3519 3445/7182/3477
f 3445/7335/3477 3487/7336/3519 3458/7337/3490
f 3464/7239/3496 3329/6772/3360 3446/7227/3478
f 3462/7237/3494 3497/7338/3529 3464/7239/3496
f 3462/7252/3494 3467/7251/3499 3497/7339/3529
f 3465/7246/3497 3216/6561/3245 3489/7340/3521
f 3447/7187/3479 3498/7341/3530 3482/7331/3514
f 3498/7341/3530 3447/7187/3479 3449/7342/3481
f 3380/6918/3412 3499/7343/3531 3489/7314/3521
f 3449/7317/3481 3491/7318/3523 3498/7344/3530
f 3380/6918/3412 3450/7191/3482 3499/7343/3531
f 3338/6796/3369 3500/7345/3532 3450/7191/3482
f 3492/7322/3524 3164/7193/3190 3381/6926/3413
f 3472/7269/3504 3500/7345/3532 3338/6796/3369
f 3432/7128/3464 3453/7197/3485 3501/7346/3533
f 3471/7268/3503 3452/7195/3484 3502/7347/3534
f 3434/7142/3466 3432/7128/3464 3503/7348/3535
f 3322/7327/3353 3474/7278/3506 3495/7328/3527
f 3440/7215/3472 3398/7087/3430 3455/7217/3487
f 3209/7170/3235 3456/7218/3488 3480/7289/3512
f 3443/7286/3475 3482/7331/3514 3504/7349/3536
f 3427/7222/3459 3329/7224/3360 3505/7350/3537
f 3405/7000/3437 3480/7289/3512 3444/7225/3476
f 3505/7350/3537 3329/7224/3360 3506/7351/3538
f 3506/7351/3538 3329/7224/3360 3497/7352/3529
f 3464/7239/3496 3497/7338/3529 3329/6772/3360
f 3457/7229/3489 3488/7313/3520 3330/6774/3361
f 3485/7333/3517 3507/7353/3539 3469/7354/3501
f 3497/7339/3529 3467/7251/3499 3489/7355/3521
f 3465/7356/3497 3489/7357/3521 3467/7358/3499
f 3469/7354/3501 3507/7353/3539 3490/7359/3522
f 3429/7109/3461 3508/7360/3540 3430/7122/3462
f 3499/7343/3531 3450/7191/3482 3509/7361/3541
f 3510/7362/3542 3164/7193/3190 3492/7322/3524
f 3451/7192/3483 3164/7193/3190 3510/7362/3542
f 3473/7271/3505 3436/7147/3468 3511/7363/3543
f 3435/7143/3467 3434/7142/3466 3503/7348/3535
f 3389/7158/3421 3512/7364/3544 3493/7324/3525
f 3415/7326/3447 3513/7365/3545 3437/7154/3469
f 3437/7154/3469 3511/7363/3543 3436/7147/3468
f 3389/7158/3421 3435/7143/3467 3512/7364/3544
f 3440/7215/3472 3514/7366/3546 3515/7367/3547
f 3474/7278/3506 3516/7368/3548 3495/7328/3527
f 3474/7278/3506 3324/7280/3355 3517/7369/3549
f 3324/7280/3355 3443/7286/3475 3517/7369/3549
f 3456/7218/3488 3496/7330/3528 3480/7289/3512
f 3404/7370/3436 3518/7371/3550 3425/7332/3457
f 3444/7225/3476 3519/7372/3551 3487/7373/3519
f 3482/7331/3514 3498/7341/3530 3520/7374/3552
f 3488/7375/3520 3508/7360/3540 3330/7186/3361
f 3330/7186/3361 3508/7360/3540 3429/7109/3461
f 3520/7376/3552 3498/7377/3530 3521/7378/3553
f 3498/7344/3530 3522/7379/3554 3521/7380/3553
f 3498/7344/3530 3491/7318/3523 3522/7379/3554
f 3490/7320/3522 3523/7381/3555 3470/7321/3502
f 3509/7361/3541 3450/7191/3482 3500/7345/3532
f 3510/7362/3542 3524/7382/3556 3451/7192/3483
f 3524/7382/3556 3525/7383/3557 3451/7192/3483
f 3453/7197/3485 3451/7192/3483 3525/7383/3557
f 3525/7383/3557 3501/7346/3533 3453/7197/3485
f 3526/7384/3558 3452/7195/3484 3527/7385/3559
f 3502/7347/3534 3452/7195/3484 3526/7384/3558
f 3501/7386/3533 3528/7387/3560 3432/7388/3464
f 3452/7195/3484 3511/7363/3543 3527/7385/3559
f 3452/7195/3484 3473/7271/3505 3511/7363/3543
f 3432/7128/3464 3528/7389/3560 3503/7348/3535
f 3415/7326/3447 3494/7325/3526 3529/7390/3561
f 3529/7390/3561 3513/7365/3545 3415/7326/3447
f 3437/7154/3469 3513/7365/3545 3511/7363/3543
f 3455/7217/3487 3514/7366/3546 3440/7215/3472
f 3495/7328/3527 3530/7391/3562 3496/7330/3528
f 3516/7368/3548 3530/7391/3562 3495/7328/3527
f 3516/7368/3548 3474/7278/3506 3517/7369/3549
f 3440/7215/3472 3531/7392/3563 3401/7276/3433
f 3440/7215/3472 3515/7367/3547 3531/7392/3563
f 3475/7281/3507 3505/7350/3537 3455/7217/3487
f 3401/7276/3433 3531/7392/3563 3404/7370/3436
f 3496/7330/3528 3530/7391/3562 3532/7393/3564
f 3443/7286/3475 3504/7349/3536 3517/7369/3549
f 3496/7330/3528 3532/7393/3564 3480/7289/3512
f 3515/7367/3547 3533/7394/3565 3534/7395/3566
f 3475/7281/3507 3427/7222/3459 3505/7350/3537
f 3516/7368/3548 3519/7372/3551 3530/7391/3562
f 3515/7367/3547 3505/7350/3537 3533/7394/3565
f 3505/7350/3537 3506/7351/3538 3533/7394/3565
f 3480/7289/3512 3532/7393/3564 3444/7225/3476
f 3532/7393/3564 3519/7372/3551 3444/7225/3476
f 3518/7371/3550 3485/7333/3517 3425/7332/3457
f 3506/7351/3538 3497/7352/3529 3535/7396/3567
f 3504/7349/3536 3482/7331/3514 3536/7397/3568
f 3497/7352/3529 3489/7314/3521 3537/7398/3569
f 3487/7399/3519 3538/7400/3570 3488/7401/3520
f 3489/7314/3521 3499/7343/3531 3537/7398/3569
f 3538/7402/3570 3508/7360/3540 3488/7375/3520
f 3522/7379/3554 3539/7403/3571 3521/7380/3553
f 3507/7404/3539 3540/7405/3572 3523/7381/3555
f 3507/7404/3539 3523/7381/3555 3490/7320/3522
f 3508/7360/3540 3541/7406/3573 3430/7122/3462
f 3470/7407/3502 3542/7408/3574 3491/7409/3523
f 3543/7410/3575 3542/7408/3574 3470/7407/3502
f 3544/7411/3576 3545/7412/3577 3472/7269/3504
f 3542/7408/3574 3546/7413/3578 3491/7409/3523
f 3543/7410/3575 3547/7414/3579 3542/7408/3574
f 3430/7122/3462 3541/7406/3573 3492/7322/3524
f 3524/7382/3556 3510/7362/3542 3541/7406/3573
f 3541/7406/3573 3510/7362/3542 3492/7322/3524
f 3472/7269/3504 3545/7412/3577 3500/7345/3532
f 3546/7413/3578 3542/7408/3574 3548/7415/3580
f 3549/7416/3581 3472/7269/3504 3550/7417/3582
f 3551/7418/3583 3524/7382/3556 3552/7419/3584
f 3551/7418/3583 3525/7383/3557 3524/7382/3556
f 3550/7417/3582 3472/7269/3504 3471/7268/3503
f 3525/7420/3557 3553/7421/3585 3501/7386/3533
f 3525/7422/3557 3554/7423/3586 3553/7424/3585
f 3550/7425/3582 3555/3645/3587 3556/7426/3588
f 3550/7427/3582 3471/7428/3503 3555/7429/3587
f 3551/7418/3583 3554/7430/3586 3525/7383/3557
f 3550/7425/3582 3556/7426/3588 3557/7431/3589
f 3502/7347/3534 3555/7432/3587 3471/7268/3503
f 3494/7325/3526 3493/7324/3525 3548/7415/3580
f 3558/7433/3590 3494/7325/3526 3548/7415/3580
f 3493/7324/3525 3559/7434/3591 3560/7435/3592
f 3528/7389/3560 3435/7143/3467 3503/7348/3535
f 3528/7389/3560 3561/7436/3593 3435/7143/3467
f 3511/7363/3543 3513/7365/3545 3527/7385/3559
f 3493/7324/3525 3512/7364/3544 3559/7434/3591
f 3455/7217/3487 3505/7350/3537 3514/7366/3546
f 3516/7368/3548 3517/7369/3549 3562/7437/3594
f 3515/7367/3547 3534/7395/3566 3531/7392/3563
f 3504/7349/3536 3562/7437/3594 3517/7369/3549
f 3404/7370/3436 3531/7392/3563 3518/7371/3550
f 3530/7391/3562 3519/7372/3551 3532/7393/3564
f 3516/7368/3548 3562/7437/3594 3519/7372/3551
f 3515/7367/3547 3514/7366/3546 3505/7350/3537
f 3533/7394/3565 3506/7351/3538 3535/7396/3567
f 3497/7352/3529 3537/7398/3569 3535/7396/3567
f 3482/7331/3514 3520/7374/3552 3536/7397/3568
f 3520/808/3552 3521/7438/3553 3563/7439/3595
f 3521/7438/3553 3539/7440/3571 3563/7439/3595
f 3507/7441/3539 3564/7442/3596 3540/7443/3572
f 3564/7442/3596 3507/7441/3539 3565/7444/3597
f 3522/7379/3554 3491/7318/3523 3566/7445/3598
f 3523/7381/3555 3567/7446/3599 3470/7321/3502
f 3508/7360/3540 3538/7402/3570 3541/7406/3573
f 3499/7343/3531 3509/7361/3541 3537/7398/3569
f 3538/7402/3570 3524/7382/3556 3541/7406/3573
f 3566/7447/3598 3491/7409/3523 3546/7413/3578
f 3520/7374/3552 3546/7413/3578 3568/7448/3600
f 3549/7416/3581 3543/7410/3575 3565/7449/3597
f 3537/7398/3569 3545/7412/3577 3544/7411/3576
f 3537/7398/3569 3509/7361/3541 3545/7412/3577
f 3544/7411/3576 3472/7269/3504 3549/7416/3581
f 3568/7448/3600 3548/7415/3580 3552/7419/3584
f 3568/7448/3600 3546/7413/3578 3548/7415/3580
f 3509/7361/3541 3500/7345/3532 3545/7412/3577
f 3549/7416/3581 3547/7414/3579 3543/7410/3575
f 3548/7415/3580 3551/7418/3583 3552/7419/3584
f 3549/7416/3581 3550/7417/3582 3547/7414/3579
f 3542/7408/3574 3547/7414/3579 3548/7415/3580
f 3550/7417/3582 3557/7450/3589 3547/7414/3579
f 3553/7424/3585 3554/7423/3586 3569/7451/3601
f 3547/7414/3579 3558/7433/3590 3548/7415/3580
f 3557/7450/3589 3558/7433/3590 3547/7414/3579
f 3551/7418/3583 3548/7415/3580 3560/7435/3592
f 3557/6934/3589 3556/7452/3588 3570/7453/3602
f 3501/7386/3533 3553/7421/3585 3528/7387/3560
f 3551/7454/3583 3571/7455/3603 3554/7423/3586
f 3551/7418/3583 3560/7435/3592 3571/7456/3603
f 3526/7384/3558 3555/7432/3587 3502/7347/3534
f 3548/7415/3580 3493/7324/3525 3560/7435/3592
f 3558/7433/3590 3529/7390/3561 3494/7325/3526
f 3559/7434/3591 3512/7364/3544 3561/7436/3593
f 3527/7385/3559 3513/7365/3545 3529/7390/3561
f 3435/7143/3467 3561/7436/3593 3512/7364/3544
f 3531/7392/3563 3534/7395/3566 3518/7371/3550
f 3533/7394/3565 3535/7396/3567 3534/7395/3566
f 3519/7372/3551 3562/7437/3594 3572/7457/3604
f 3504/7349/3536 3536/7397/3568 3562/7437/3594
f 3518/7371/3550 3573/7458/3605 3485/7333/3517
f 3519/7372/3551 3572/7457/3604 3487/7373/3519
f 3487/7373/3519 3572/7457/3604 3538/7402/3570
f 3485/7333/3517 3565/7449/3597 3507/7353/3539
f 3485/7333/3517 3573/7458/3605 3565/7449/3597
f 3523/7459/3555 3540/7460/3572 3564/7461/3596
f 3522/7462/3554 3566/7447/3598 3539/7463/3571
f 3523/7459/3555 3564/7461/3596 3567/7464/3599
f 3573/7458/3605 3574/7465/3606 3565/7449/3597
f 3537/7398/3569 3544/7411/3576 3574/7465/3606
f 3572/7457/3604 3524/7382/3556 3538/7402/3570
f 3520/7374/3552 3568/7448/3600 3575/7466/3607
f 3563/7467/3595 3546/7413/3578 3520/7374/3552
f 3564/7461/3596 3565/7449/3597 3543/7410/3575
f 3567/7464/3599 3543/7410/3575 3470/7407/3502
f 3574/7465/3606 3549/7416/3581 3565/7449/3597
f 3555/7468/3587 3570/7453/3602 3556/7452/3588
f 3557/7469/3589 3570/7470/3602 3558/7471/3590
f 3553/7472/3585 3576/7473/3608 3528/7389/3560
f 3560/7474/3592 3559/7475/3591 3571/7476/3603
f 3570/7477/3602 3577/7478/3609 3558/7433/3590
f 3576/7473/3608 3561/7436/3593 3528/7389/3560
f 3558/7479/3590 3577/7480/3609 3529/7481/3561
f 3577/7478/3609 3527/7385/3559 3529/7390/3561
f 3562/7437/3594 3536/7397/3568 3575/7466/3607
f 3562/7437/3594 3575/7466/3607 3572/7457/3604
f 3534/7395/3566 3535/7396/3567 3518/7371/3550
f 3518/7371/3550 3535/7396/3567 3573/7458/3605
f 3537/7398/3569 3574/7465/3606 3535/7396/3567
f 3539/7463/3571 3566/7447/3598 3563/7467/3595
f 3536/7397/3568 3520/7374/3552 3575/7466/3607
f 3575/7466/3607 3524/7382/3556 3572/7457/3604
f 3563/7467/3595 3566/7447/3598 3546/7413/3578
f 3567/7464/3599 3564/7461/3596 3543/7410/3575
f 3524/7382/3556 3575/7466/3607 3552/7419/3584
f 3574/7465/3606 3544/7411/3576 3549/7416/3581
f 3568/7448/3600 3552/7419/3584 3575/7466/3607
f 3553/7472/3585 3569/7482/3601 3576/7473/3608
f 3554/7423/3586 3571/7455/3603 3569/7451/3601
f 3577/7478/3609 3570/7477/3602 3527/7385/3559
f 3535/7396/3567 3574/7465/3606 3573/7458/3605
f 3569/7482/3601 3571/7456/3603 3576/7473/3608
f 3555/7432/3587 3526/7384/3558 3570/7477/3602
f 3571/7456/3603 3559/7434/3591 3576/7473/3608
f 3561/7436/3593 3576/7473/3608 3559/7434/3591
f 3527/7385/3559 3570/7477/3602 3526/7384/3558
